<doc>
  <metad>
    <type>P</type>
    <ID>bpt6k643808h</ID>
    <titre>Ouest Eclair (Éd. de Rennes)</titre>
    <dateEdition>1913-11-13</dateEdition>
    <nbPage>6</nbPage>
    <suppl>FALSE</suppl>
  </metad>
  <contenus>
    <nbArticle>88</nbArticle>
    <largeur>412</largeur>
    <hauteur>566</hauteur>
    <pages>
      <page ordre="1">
        <nbMot>4972</nbMot>
        <blocTexte>45</blocTexte>
        <blocTab>0</blocTab>
        <blocPub>0</blocPub>
        <blocIllustration>4</blocIllustration>
        <ills>
          <ill couleur="gris" edit="1" h="767" n="1-1" pub="1" taille="1" une="true" w="743" x="1672" y="3487">
            <titraille>L'Ouest-Eclair</titraille>
            <txt>Les cuirassés américains en France</txt>
            <index>L'Ouest-EclairLes cuirassés américains en France</index>
            <genre source="hm" time="2019-09-29T14:07:12.956+02:00">publicite</genre>
            <genre source="final">publicite</genre>
          </ill>
        </ills>
      </page>
      <page ordre="2">
        <nbMot>8402</nbMot>
        <blocTexte>57</blocTexte>
        <blocTab>7</blocTab>
        <blocPub>0</blocPub>
        <blocIllustration>0</blocIllustration>
      </page>
      <page ordre="3">
        <nbMot>7366</nbMot>
        <blocTexte>89</blocTexte>
        <blocTab>5</blocTab>
        <blocPub>4</blocPub>
        <blocIllustration>1</blocIllustration>
        <ills/>
      </page>
      <page ordre="4">
        <nbMot>6945</nbMot>
        <blocTexte>63</blocTexte>
        <blocTab>0</blocTab>
        <blocPub>9</blocPub>
        <blocIllustration>0</blocIllustration>
      </page>
      <page ordre="5">
        <nbMot>5983</nbMot>
        <blocTexte>69</blocTexte>
        <blocTab>0</blocTab>
        <blocPub>7</blocPub>
        <blocIllustration>0</blocIllustration>
      </page>
      <page ordre="6">
        <nbMot>4065</nbMot>
        <blocTexte>17</blocTexte>
        <blocTab>0</blocTab>
        <blocPub>15</blocPub>
        <blocIllustration>0</blocIllustration>
      </page>
    </pages>
  </contenus>
</doc>