<analyseAlto>
  <metad>
    <type>P</type>
    <ID>bpt6k46146655</ID>
    <titre>L'OEuvre</titre>
    <dateEdition>1919-11-22</dateEdition>
    <notice>cb34429265b</notice>
    <nbPage>4</nbPage>
  </metad>
  <contenus>
    <largeurPx>6032</largeurPx>
    <hauteurPx>8718</hauteurPx>
    <nbArticle>74</nbArticle>
    <pages>
      <page ordre="1">
        <nbMot>3727</nbMot>
        <blocTexte>119</blocTexte>
        <blocTab>0</blocTab>
        <blocPub>0</blocPub>
        <blocIll ocr="1">0</blocIll>
        <ills/>
      </page>
      <page ordre="2">
        <nbMot>4334</nbMot>
        <blocTexte>159</blocTexte>
        <blocTab>0</blocTab>
        <blocPub>7</blocPub>
        <blocIll ocr="0">0</blocIll>
      </page>
      <page ordre="3">
        <nbMot>3976</nbMot>
        <blocTexte>160</blocTexte>
        <blocTab>0</blocTab>
        <blocPub>4</blocPub>
        <blocIll ocr="1">0</blocIll>
        <ills/>
      </page>
      <page ordre="4">
        <nbMot>2899</nbMot>
        <blocTexte>141</blocTexte>
        <blocTab>0</blocTab>
        <blocPub>51</blocPub>
        <blocIll ocr="3">1</blocIll>
        <ills>
          <ill classif="DFdnn" couleur="mono" derniere="true" edit="1" h="790" n="4-2" pub="1" taille="0.874185093555094" w="1056" x="3720" y="6028">
            <tech source="final">imp photoméca</tech>
            <tech source="md">imp photoméca</tech>
            <index/>
          </ill>
        </ills>
      </page>
    </pages>
  </contenus>
</analyseAlto>