<analyseAlto>
  <metad>
    <type>P</type>
    <ID>bpt6k4615289h</ID>
    <titre>L'OEuvre</titre>
    <dateEdition>1916-08-06</dateEdition>
    <notice>cb34429265b</notice>
    <nbPage>4</nbPage>
  </metad>
  <contenus>
    <largeurPx>5893</largeurPx>
    <hauteurPx>8464</hauteurPx>
    <nbArticle>52</nbArticle>
    <pages>
      <page ordre="1">
        <nbMot>2767</nbMot>
        <blocTexte>94</blocTexte>
        <blocTab>0</blocTab>
        <blocPub>0</blocPub>
        <blocIll ocr="1">0</blocIll>
        <ills/>
      </page>
      <page ordre="2">
        <nbMot>3817</nbMot>
        <blocTexte>134</blocTexte>
        <blocTab>0</blocTab>
        <blocPub>0</blocPub>
        <blocIll ocr="1">0</blocIll>
        <ills/>
      </page>
      <page ordre="3">
        <nbMot>3876</nbMot>
        <blocTexte>125</blocTexte>
        <blocTab>0</blocTab>
        <blocPub>2</blocPub>
        <blocIll ocr="3">0</blocIll>
        <ills/>
      </page>
      <page ordre="4">
        <nbMot>3401</nbMot>
        <blocTexte>161</blocTexte>
        <blocTab>0</blocTab>
        <blocPub>23</blocPub>
        <blocIll ocr="3">1</blocIll>
        <ills>
          <ill couleur="mono" derniere="true" edit="1" h="650" n="4-2" pub="1" taille="0.334431545608108" w="491" x="2632" y="7482">
            <tech source="final">imp photoméca</tech>
            <tech source="md">imp photoméca</tech>
            <index/>
          </ill>
        </ills>
      </page>
    </pages>
  </contenus>
</analyseAlto>