<analyseAlto>
  <metad>
    <type>P</type>
    <ID>bpt6k46156071</ID>
    <titre>L'OEuvre</titre>
    <dateEdition>1919-06-21</dateEdition>
    <notice>cb34429265b</notice>
    <nbPage>6</nbPage>
  </metad>
  <contenus>
    <largeurPx>5864</largeurPx>
    <hauteurPx>8674</hauteurPx>
    <nbArticle>88</nbArticle>
    <pages>
      <page ordre="1">
        <nbMot>3559</nbMot>
        <blocTexte>99</blocTexte>
        <blocTab>0</blocTab>
        <blocPub>0</blocPub>
        <blocIll ocr="0">0</blocIll>
      </page>
      <page ordre="2">
        <nbMot>3514</nbMot>
        <blocTexte>127</blocTexte>
        <blocTab>0</blocTab>
        <blocPub>6</blocPub>
        <blocIll ocr="2">0</blocIll>
        <ills/>
      </page>
      <page ordre="3">
        <nbMot>3746</nbMot>
        <blocTexte>153</blocTexte>
        <blocTab>0</blocTab>
        <blocPub>23</blocPub>
        <blocIll ocr="1">0</blocIll>
        <ills/>
      </page>
      <page ordre="4">
        <nbMot>3056</nbMot>
        <blocTexte>126</blocTexte>
        <blocTab>0</blocTab>
        <blocPub>3</blocPub>
        <blocIll ocr="5">0</blocIll>
        <ills/>
      </page>
      <page ordre="5">
        <nbMot>3453</nbMot>
        <blocTexte>205</blocTexte>
        <blocTab>0</blocTab>
        <blocPub>48</blocPub>
        <blocIll ocr="6">2</blocIll>
        <ills>
          <ill classif="DFdnn" couleur="mono" edit="1" h="458" n="5-1" pub="1" taille="0.268280849662162" w="559" x="1225" y="1112">
            <tech source="final">imp photoméca</tech>
            <tech source="md">imp photoméca</tech>
            <index/>
          </ill>
          <ill couleur="mono" edit="1" h="571" n="5-3" pub="1" taille="0.497221064773908" w="831" x="4505" y="6021">
            <tech source="final">imp photoméca</tech>
            <tech source="md">imp photoméca</tech>
            <index/>
          </ill>
        </ills>
      </page>
      <page ordre="6">
        <nbMot>3555</nbMot>
        <blocTexte>130</blocTexte>
        <blocTab>0</blocTab>
        <blocPub>0</blocPub>
        <blocIll ocr="1">0</blocIll>
        <ills/>
      </page>
    </pages>
  </contenus>
</analyseAlto>