<analyseAlto>
  <metad>
    <type>P</type>
    <ID>bpt6k46151665</ID>
    <titre>L'OEuvre</titre>
    <dateEdition>1918-10-06</dateEdition>
    <notice>cb34429265b</notice>
    <nbPage>4</nbPage>
  </metad>
  <contenus>
    <largeurPx>6077</largeurPx>
    <hauteurPx>8718</hauteurPx>
    <nbArticle>57</nbArticle>
    <pages>
      <page ordre="1">
        <nbMot>2689</nbMot>
        <blocTexte>99</blocTexte>
        <blocTab>0</blocTab>
        <blocPub>0</blocPub>
        <blocIll ocr="0">0</blocIll>
      </page>
      <page ordre="2">
        <nbMot>3751</nbMot>
        <blocTexte>112</blocTexte>
        <blocTab>0</blocTab>
        <blocPub>1</blocPub>
        <blocIll ocr="3">0</blocIll>
        <ills/>
      </page>
      <page ordre="3">
        <nbMot>4440</nbMot>
        <blocTexte>98</blocTexte>
        <blocTab>0</blocTab>
        <blocPub>14</blocPub>
        <blocIll ocr="1">0</blocIll>
        <ills/>
      </page>
      <page ordre="4">
        <nbMot>3600</nbMot>
        <blocTexte>164</blocTexte>
        <blocTab>0</blocTab>
        <blocPub>16</blocPub>
        <blocIll ocr="4">1</blocIll>
        <ills>
          <ill classif="DFdnn" couleur="mono" derniere="true" edit="1" h="1013" n="4-1" pub="1" taille="1.02010580801715" w="961" x="2014" y="6362">
            <tech source="final">imp photoméca</tech>
            <tech source="md">imp photoméca</tech>
            <titraille>L'AFFAIRE MAUNOURY</titraille>
            <index>L'AFFAIRE MAUNOURY</index>
          </ill>
        </ills>
      </page>
    </pages>
  </contenus>
</analyseAlto>