<analyseAlto>
  <metad>
    <type>P</type>
    <ID>bpt6k4615893g</ID>
    <titre>L'OEuvre</titre>
    <dateEdition>1918-04-06</dateEdition>
    <notice>cb34429265b</notice>
    <nbPage>4</nbPage>
  </metad>
  <contenus>
    <largeurPx>6114</largeurPx>
    <hauteurPx>8690</hauteurPx>
    <nbArticle>60</nbArticle>
    <pages>
      <page ordre="1">
        <nbMot>3327</nbMot>
        <blocTexte>108</blocTexte>
        <blocTab>0</blocTab>
        <blocPub>0</blocPub>
        <blocIll ocr="1">0</blocIll>
        <ills/>
      </page>
      <page ordre="2">
        <nbMot>3325</nbMot>
        <blocTexte>124</blocTexte>
        <blocTab>0</blocTab>
        <blocPub>0</blocPub>
        <blocIll ocr="3">0</blocIll>
        <ills/>
      </page>
      <page ordre="3">
        <nbMot>4060</nbMot>
        <blocTexte>110</blocTexte>
        <blocTab>0</blocTab>
        <blocPub>3</blocPub>
        <blocIll ocr="4">1</blocIll>
        <ills>
          <ill couleur="mono" edit="1" h="1357" n="3-1" pub="1" taille="1.01386881425416" w="713" x="4741" y="4459">
            <tech source="final">imp photoméca</tech>
            <tech source="md">imp photoméca</tech>
            <index/>
          </ill>
        </ills>
      </page>
      <page ordre="4">
        <nbMot>4320</nbMot>
        <blocTexte>190</blocTexte>
        <blocTab>0</blocTab>
        <blocPub>12</blocPub>
        <blocIll ocr="2">0</blocIll>
        <ills/>
      </page>
    </pages>
  </contenus>
</analyseAlto>