<analyseAlto>
  <metad>
    <type>P</type>
    <ID>bpt6k4615202k</ID>
    <titre>L'OEuvre</titre>
    <dateEdition>1918-11-11</dateEdition>
    <notice>cb34429265b</notice>
    <nbPage>4</nbPage>
  </metad>
  <contenus>
    <largeurPx>6124</largeurPx>
    <hauteurPx>8718</hauteurPx>
    <nbArticle>53</nbArticle>
    <pages>
      <page ordre="1">
        <nbMot>3612</nbMot>
        <blocTexte>125</blocTexte>
        <blocTab>0</blocTab>
        <blocPub>0</blocPub>
        <blocIll ocr="1">0</blocIll>
        <ills/>
      </page>
      <page ordre="2">
        <nbMot>3632</nbMot>
        <blocTexte>98</blocTexte>
        <blocTab>0</blocTab>
        <blocPub>2</blocPub>
        <blocIll ocr="2">0</blocIll>
        <ills/>
      </page>
      <page ordre="3">
        <nbMot>4181</nbMot>
        <blocTexte>153</blocTexte>
        <blocTab>0</blocTab>
        <blocPub>0</blocPub>
        <blocIll ocr="1">0</blocIll>
        <ills/>
      </page>
      <page ordre="4">
        <nbMot>4227</nbMot>
        <blocTexte>174</blocTexte>
        <blocTab>0</blocTab>
        <blocPub>28</blocPub>
        <blocIll ocr="3">1</blocIll>
        <ills>
          <ill couleur="mono" derniere="true" edit="1" h="488" n="4-2" pub="1" taille="0.209660233887734" w="410" x="3730" y="7600">
            <tech source="final">imp photoméca</tech>
            <tech source="md">imp photoméca</tech>
            <index/>
          </ill>
        </ills>
      </page>
    </pages>
  </contenus>
</analyseAlto>