<analyseAlto>
  <metad>
    <type>P</type>
    <ID>bpt6k4615997g</ID>
    <titre>L'OEuvre</titre>
    <dateEdition>1920-07-19</dateEdition>
    <notice>cb34429265b</notice>
    <nbPage>4</nbPage>
  </metad>
  <contenus>
    <largeurPx>5996</largeurPx>
    <hauteurPx>8573</hauteurPx>
    <nbArticle>61</nbArticle>
    <pages>
      <page ordre="1">
        <nbMot>3865</nbMot>
        <blocTexte>110</blocTexte>
        <blocTab>0</blocTab>
        <blocPub>0</blocPub>
        <blocIll ocr="2">0</blocIll>
        <ills/>
      </page>
      <page ordre="2">
        <nbMot>4309</nbMot>
        <blocTexte>140</blocTexte>
        <blocTab>0</blocTab>
        <blocPub>5</blocPub>
        <blocIll ocr="2">0</blocIll>
        <ills/>
      </page>
      <page ordre="3">
        <nbMot>4579</nbMot>
        <blocTexte>180</blocTexte>
        <blocTab>0</blocTab>
        <blocPub>13</blocPub>
        <blocIll ocr="5">0</blocIll>
        <ills/>
      </page>
      <page ordre="4">
        <nbMot>3018</nbMot>
        <blocTexte>185</blocTexte>
        <blocTab>0</blocTab>
        <blocPub>77</blocPub>
        <blocIll ocr="4">2</blocIll>
        <ills>
          <ill couleur="mono" derniere="true" edit="1" h="438" n="4-3" pub="1" taille="0.483756828742204" w="1054" x="2711" y="5344">
            <tech source="final">imp photoméca</tech>
            <tech source="md">imp photoméca</tech>
            <index/>
          </ill>
          <ill couleur="mono" derniere="true" edit="1" h="449" n="4-4" pub="1" taille="0.502022460174116" w="1067" x="4692" y="5344">
            <tech source="final">imp photoméca</tech>
            <tech source="md">imp photoméca</tech>
            <index/>
          </ill>
        </ills>
      </page>
    </pages>
  </contenus>
</analyseAlto>