<analyseAlto>
  <metad>
    <type>P</type>
    <ID>bpt6k4615552h</ID>
    <titre>L'OEuvre</titre>
    <dateEdition>1919-04-26</dateEdition>
    <notice>cb34429265b</notice>
    <nbPage>6</nbPage>
  </metad>
  <contenus>
    <largeurPx>5864</largeurPx>
    <hauteurPx>8674</hauteurPx>
    <nbArticle>100</nbArticle>
    <pages>
      <page ordre="1">
        <nbMot>3504</nbMot>
        <blocTexte>104</blocTexte>
        <blocTab>0</blocTab>
        <blocPub>0</blocPub>
        <blocIll ocr="3">0</blocIll>
        <ills/>
      </page>
      <page ordre="2">
        <nbMot>3670</nbMot>
        <blocTexte>149</blocTexte>
        <blocTab>0</blocTab>
        <blocPub>9</blocPub>
        <blocIll ocr="3">0</blocIll>
        <ills/>
      </page>
      <page ordre="3">
        <nbMot>4158</nbMot>
        <blocTexte>179</blocTexte>
        <blocTab>0</blocTab>
        <blocPub>0</blocPub>
        <blocIll ocr="2">0</blocIll>
        <ills/>
      </page>
      <page ordre="4">
        <nbMot>4500</nbMot>
        <blocTexte>122</blocTexte>
        <blocTab>0</blocTab>
        <blocPub>11</blocPub>
        <blocIll ocr="3">0</blocIll>
        <ills/>
      </page>
      <page ordre="5">
        <nbMot>3857</nbMot>
        <blocTexte>199</blocTexte>
        <blocTab>0</blocTab>
        <blocPub>35</blocPub>
        <blocIll ocr="3">1</blocIll>
        <ills>
          <ill classif="DFdnn" couleur="mono" edit="1" h="1200" n="5-2" pub="1" taille="1.30398438149688" w="1037" x="4426" y="5321">
            <tech source="final">imp photoméca</tech>
            <tech source="md">imp photoméca</tech>
            <contenuImg CS="1.00" h="622" sexe="P" source="dnn" w="542" x="235" y="317">face</contenuImg>
            <titraille>De la Jugeote S. V. P.</titraille>
            <leg>- Mine F. J3HACHET -, ..</leg>
            <index>De la Jugeote S. V. P.- Mine F. J3HACHET -, ..</index>
          </ill>
        </ills>
      </page>
      <page ordre="6">
        <nbMot>4069</nbMot>
        <blocTexte>151</blocTexte>
        <blocTab>0</blocTab>
        <blocPub>0</blocPub>
        <blocIll ocr="0">0</blocIll>
      </page>
    </pages>
  </contenus>
</analyseAlto>