<analyseAlto>
  <metad>
    <type>P</type>
    <ID>bpt6k4615455d</ID>
    <titre>L'OEuvre</titre>
    <dateEdition>1919-01-19</dateEdition>
    <notice>cb34429265b</notice>
    <nbPage>4</nbPage>
  </metad>
  <contenus>
    <largeurPx>5904</largeurPx>
    <hauteurPx>8675</hauteurPx>
    <nbArticle>59</nbArticle>
    <pages>
      <page ordre="1">
        <nbMot>3743</nbMot>
        <blocTexte>99</blocTexte>
        <blocTab>0</blocTab>
        <blocPub>0</blocPub>
        <blocIll ocr="0">0</blocIll>
      </page>
      <page ordre="2">
        <nbMot>4566</nbMot>
        <blocTexte>138</blocTexte>
        <blocTab>0</blocTab>
        <blocPub>0</blocPub>
        <blocIll ocr="2">0</blocIll>
        <ills/>
      </page>
      <page ordre="3">
        <nbMot>2966</nbMot>
        <blocTexte>81</blocTexte>
        <blocTab>0</blocTab>
        <blocPub>30</blocPub>
        <blocIll ocr="4">0</blocIll>
        <ills/>
      </page>
      <page ordre="4">
        <nbMot>3214</nbMot>
        <blocTexte>164</blocTexte>
        <blocTab>0</blocTab>
        <blocPub>23</blocPub>
        <blocIll ocr="2">1</blocIll>
        <ills>
          <ill classif="DFdnn" couleur="mono" derniere="true" edit="1" h="976" n="4-1" pub="1" taille="0.993073595634096" w="971" x="2668" y="6442">
            <tech source="final">imp photoméca</tech>
            <tech source="md">imp photoméca</tech>
            <index/>
          </ill>
        </ills>
      </page>
    </pages>
  </contenus>
</analyseAlto>