<analyseAlto>
  <metad>
    <type>P</type>
    <ID>bpt6k46164920</ID>
    <titre>L'OEuvre</titre>
    <dateEdition>1916-05-21</dateEdition>
    <notice>cb34429265b</notice>
    <nbPage>4</nbPage>
  </metad>
  <contenus>
    <largeurPx>6056</largeurPx>
    <hauteurPx>8583</hauteurPx>
    <nbArticle>58</nbArticle>
    <pages>
      <page ordre="1">
        <nbMot>3506</nbMot>
        <blocTexte>100</blocTexte>
        <blocTab>0</blocTab>
        <blocPub>0</blocPub>
        <blocIll ocr="0">0</blocIll>
      </page>
      <page ordre="2">
        <nbMot>3741</nbMot>
        <blocTexte>118</blocTexte>
        <blocTab>0</blocTab>
        <blocPub>0</blocPub>
        <blocIll ocr="1">1</blocIll>
        <ills>
          <ill couleur="mono" edit="1" h="1535" n="2-1" pub="1" taille="3.24112527449324" w="2015" x="1561" y="6639">
            <tech source="final">imp photoméca</tech>
            <tech source="md">imp photoméca</tech>
            <titraille>LE BŒUF DE  ” L'ŒUVRE  ”</titraille>
            <index>LE BŒUF DE  ” L'ŒUVRE  ”</index>
          </ill>
        </ills>
      </page>
      <page ordre="3">
        <nbMot>3973</nbMot>
        <blocTexte>82</blocTexte>
        <blocTab>0</blocTab>
        <blocPub>8</blocPub>
        <blocIll ocr="0">0</blocIll>
      </page>
      <page ordre="4">
        <nbMot>3867</nbMot>
        <blocTexte>145</blocTexte>
        <blocTab>0</blocTab>
        <blocPub>10</blocPub>
        <blocIll ocr="0">0</blocIll>
      </page>
    </pages>
  </contenus>
</analyseAlto>