<analyseAlto>
  <metad>
    <type>P</type>
    <ID>bpt6k4616778r</ID>
    <titre>L'OEuvre</titre>
    <dateEdition>1920-03-04</dateEdition>
    <notice>cb34429265b</notice>
    <nbPage>6</nbPage>
  </metad>
  <contenus>
    <largeurPx>5979</largeurPx>
    <hauteurPx>8742</hauteurPx>
    <nbArticle>107</nbArticle>
    <pages>
      <page ordre="1">
        <nbMot>3197</nbMot>
        <blocTexte>130</blocTexte>
        <blocTab>0</blocTab>
        <blocPub>0</blocPub>
        <blocIll ocr="1">0</blocIll>
        <ills/>
      </page>
      <page ordre="2">
        <nbMot>3370</nbMot>
        <blocTexte>126</blocTexte>
        <blocTab>0</blocTab>
        <blocPub>2</blocPub>
        <blocIll ocr="3">0</blocIll>
        <ills/>
      </page>
      <page ordre="3">
        <nbMot>4460</nbMot>
        <blocTexte>147</blocTexte>
        <blocTab>0</blocTab>
        <blocPub>0</blocPub>
        <blocIll ocr="3">0</blocIll>
        <ills/>
      </page>
      <page ordre="4">
        <nbMot>4095</nbMot>
        <blocTexte>160</blocTexte>
        <blocTab>0</blocTab>
        <blocPub>41</blocPub>
        <blocIll ocr="4">0</blocIll>
        <ills/>
      </page>
      <page ordre="5">
        <nbMot>3484</nbMot>
        <blocTexte>170</blocTexte>
        <blocTab>0</blocTab>
        <blocPub>42</blocPub>
        <blocIll ocr="3">1</blocIll>
        <ills>
          <ill classif="DFdnn" couleur="mono" edit="1" h="485" n="5-2" pub="1" taille="0.197190437889813" w="388" x="1325" y="3453">
            <tech source="final">imp photoméca</tech>
            <tech source="md">imp photoméca</tech>
            <index/>
          </ill>
        </ills>
      </page>
      <page ordre="6">
        <nbMot>4032</nbMot>
        <blocTexte>132</blocTexte>
        <blocTab>0</blocTab>
        <blocPub>0</blocPub>
        <blocIll ocr="1">0</blocIll>
        <ills/>
      </page>
    </pages>
  </contenus>
</analyseAlto>