<analyseAlto>
  <metad>
    <type>P</type>
    <ID>bpt6k46167795</ID>
    <titre>L'OEuvre</titre>
    <dateEdition>1920-03-05</dateEdition>
    <notice>cb34429265b</notice>
    <nbPage>6</nbPage>
  </metad>
  <contenus>
    <largeurPx>6086</largeurPx>
    <hauteurPx>8742</hauteurPx>
    <nbArticle>108</nbArticle>
    <pages>
      <page ordre="1">
        <nbMot>3599</nbMot>
        <blocTexte>145</blocTexte>
        <blocTab>0</blocTab>
        <blocPub>2</blocPub>
        <blocIll ocr="2">0</blocIll>
        <ills/>
      </page>
      <page ordre="2">
        <nbMot>3754</nbMot>
        <blocTexte>124</blocTexte>
        <blocTab>0</blocTab>
        <blocPub>0</blocPub>
        <blocIll ocr="2">0</blocIll>
        <ills/>
      </page>
      <page ordre="3">
        <nbMot>4275</nbMot>
        <blocTexte>151</blocTexte>
        <blocTab>0</blocTab>
        <blocPub>0</blocPub>
        <blocIll ocr="1">0</blocIll>
        <ills/>
      </page>
      <page ordre="4">
        <nbMot>4818</nbMot>
        <blocTexte>177</blocTexte>
        <blocTab>0</blocTab>
        <blocPub>15</blocPub>
        <blocIll ocr="1">0</blocIll>
        <ills/>
      </page>
      <page ordre="5">
        <nbMot>3505</nbMot>
        <blocTexte>216</blocTexte>
        <blocTab>0</blocTab>
        <blocPub>36</blocPub>
        <blocIll ocr="3">1</blocIll>
        <ills>
          <ill classif="DFdnn" couleur="mono" edit="1" h="1204" n="5-2" pub="1" taille="1.27805139734927" w="1013" x="2497" y="4322">
            <tech source="final">imp photoméca</tech>
            <tech source="md">imp photoméca</tech>
            <contenuImg CS="1.00" h="780" sexe="P" source="dnn" w="547" x="230" y="230">face</contenuImg>
            <titraille>Convalescents ! Donnez-vous du sang.</titraille>
            <leg>M. LII'SPACXOL (Cl. Ahircp.)</leg>
            <index>Convalescents ! Donnez-vous du sang.M. LII'SPACXOL (Cl. Ahircp.)</index>
          </ill>
        </ills>
      </page>
      <page ordre="6">
        <nbMot>3819</nbMot>
        <blocTexte>126</blocTexte>
        <blocTab>0</blocTab>
        <blocPub>0</blocPub>
        <blocIll ocr="1">0</blocIll>
        <ills/>
      </page>
    </pages>
  </contenus>
</analyseAlto>