<analyseAlto>
  <metad>
    <type>P</type>
    <ID>bpt6k2537391</ID>
    <notice>cb327877302</notice>
    <titre>L'Humanité</titre>
    <dateEdition>1914-02-17</dateEdition>
    <nbPage>6</nbPage>
    <suppl>FALSE</suppl>
  </metad>
  <contenus>
    <largeur>425</largeur>
    <hauteur>586</hauteur>
    <pages>
      <page ordre="1">
        <nbMot>647</nbMot>
        <blocTexte>40</blocTexte>
        <blocTab>0</blocTab>
        <blocPub>0</blocPub>
        <blocIll ocr="7">0</blocIll>
        <ills/>
      </page>
      <page ordre="2">
        <nbMot>1036</nbMot>
        <blocTexte>38</blocTexte>
        <blocTab>0</blocTab>
        <blocPub>0</blocPub>
        <blocIll ocr="0">0</blocIll>
      </page>
      <page ordre="3">
        <nbMot>934</nbMot>
        <blocTexte>42</blocTexte>
        <blocTab>0</blocTab>
        <blocPub>0</blocPub>
        <blocIll ocr="3">0</blocIll>
        <ills/>
      </page>
      <page ordre="4">
        <nbMot>657</nbMot>
        <blocTexte>51</blocTexte>
        <blocTab>0</blocTab>
        <blocPub>0</blocPub>
        <blocIll ocr="8">1</blocIll>
        <ills>
          <ill classif="DFdnn" couleur="gris" edit="1" h="854" n="4-2" pub="1" taille="1" w="736" x="4212" y="1176">
            <tech source="final">imp photoméca</tech>
            <tech source="md">imp photoméca</tech>
            <contenuImg CS="0.99" h="512" sexe="P" source="dnn" w="365" x="180" y="125">face</contenuImg>
            <theme source="md">13</theme>
            <leg>« J ai le plaisir de vous annoncer mou complet rétablis,seinent, grâce-à-vos Pilu les Punk. Je so-uil-ratis d anemie et. de ter ribles maux d'estomac. J a-vais inutilement esaaiyé, beaucoup de remedes et j'en étais, arrivée à ne plus rien-manger pour ne pas ' a.vor.ir a trop. .sounrir. Des que j'ai eu pria vos Pilules Pmk tout a change, mes maux d estomac ont disparu, mon appétit est revenu et mes forces aussi. » Voilà donc une. malade a qua les PiAuler Pink ont rendu la santé en quelques. jours, et pour quelle depense ? Quelques irancs. Les sens f oirtunés qui veulent jouirde l'existence dépenseraient des sommes .considérables pour retrouver un bon esto mac, et ils négligent un remède très bon ■ marché, qu on peut se procurer en quelcrues minutes chez le premier bon pharrna^ ciMi venu, re-mede qui. est vendu avec la recommandation de tous ceux qu'il a gué ris. Toutefois, entendons-nous bien, nos giens guéris parlent des vraies Pilule-s Pink et ne parlent pas de ce qu'on pourra vous proposer die tout aussi bon, non pas dans l'intérêt de votre santé, mais dans un but die lucre. Les Pilules Pmk sont en vente dans touces les bonnes pharmacies et au dé-pôt, Pharmacie Gablm, 23, rue Ballu, Paris. 3 fr. 50 la boîte ; Les 6 boîtes, 17 fr. f,0 franco. . Toute demande de changement d'adres'.e  doit être accompagnée de la dernière bande du journal et de 0 fr, 50 en timbres-poste pour frais de TéimpTesssion.</leg>
            <txt>Agression nocturne Pour des motifs inconnus, des malandrins ont attaqué à Aubervilliers. alors qu il rega gnait son domicile, un chauffeur de la Com pagnie du rvora, âce de 26 ans, et l'ont blesse grièvement, . Le malheureux a dû être conduit à l'hô pital isai-ni-DeiLis ou il a et-e admis d'urgence. Le commissaire de police a ouvert une en quêteet recherche les dangereux malandrins 1. 1 1 ■ .1 1 est»qp ilBin Un nouveau Bureau de poste Le bureau 121, boulevard de Strasbourg, 33, a été ouvert au public ces jours der niers. Ge bureau effectue les opérations d'épar gne de toute nature ; des remboursements a vue y sont effectués et des livrets y sont délivrés immédiatement à tous les nou veaux déposants. Des malades refusent de guérii Vraiment, des malades existent qui ve» fusent la guériso.n ? C'est a croire, puis que malgxe tous les bons exemples, tout ai les preuves, il en est encore qui passe ni leur eustence à scuifrir, alors que les au tres, mieux avises, guérissent et trouvée^ enfin, la vie agréable. . Prenons, paj? exemple, ceux qui souf frent de l'estomac, maladie déprimante d crueile s'il en est. On sait combien tes Pi lules Pink guérissent vite et facilement cette maladie.. Il y„a cependant beaucoup, de dyspeptiques qui souffrent encore la martyre et ne sont pas encore décidés a taure l'essai des Pilules Pinls, et cela mal gré les attestations toujours plus nombr«uses quie nous publions, d e malades guéris pris das s toutes les çlasses de la société. Ah ! nous comprendrions le doute, si noua n'apportions pas d-e preuves, mais nous en apportons touiours. Demandes donc, par exemple, a Mlle Marie-THérèse Decr-and, ■ demeurant a. Paris. 18. rue Oli vier, ce quelle pense, des Pilules Pink.. Elle ne pourra que vous répeter ce qu elle nous a écrit : '</txt>
            <index>« J ai le plaisir de vous annoncer mou complet rétablis,seinent, grâce-à-vos Pilu les Punk. Je so-uil-ratis d anemie et. de ter ribles maux d'estomac. J a-vais inutilement esaaiyé, beaucoup de remedes et j'en étais, arrivée à ne plus rien-manger pour ne pas ' a.vor.ir a trop. .sounrir. Des que j'ai eu pria vos Pilules Pmk tout a change, mes maux d estomac ont disparu, mon appétit est revenu et mes forces aussi. » Voilà donc une. malade a qua les PiAuler Pink ont rendu la santé en quelques. jours, et pour quelle depense ? Quelques irancs. Les sens f oirtunés qui veulent jouirde l'existence dépenseraient des sommes .considérables pour retrouver un bon esto mac, et ils négligent un remède très bon ■ marché, qu on peut se procurer en quelcrues minutes chez le premier bon pharrna^ ciMi venu, re-mede qui. est vendu avec la recommandation de tous ceux qu'il a gué ris. Toutefois, entendons-nous bien, nos giens guéris parlent des vraies Pilule-s Pink et ne parlent pas de ce qu'on pourra vous proposer die tout aussi bon, non pas dans l'intérêt de votre santé, mais dans un but die lucre. Les Pilules Pmk sont en vente dans touces les bonnes pharmacies et au dé-pôt, Pharmacie Gablm, 23, rue Ballu, Paris. 3 fr. 50 la boîte ; Les 6 boîtes, 17 fr. f,0 franco. . Toute demande de changement d'adres'.e  doit être accompagnée de la dernière bande du journal et de 0 fr, 50 en timbres-poste pour frais de TéimpTesssion.Agression nocturne Pour des motifs inconnus, des malandrins ont attaqué à Aubervilliers. alors qu il rega gnait son domicile, un chauffeur de la Com pagnie du rvora, âce de 26 ans, et l'ont blesse grièvement, . Le malheureux a dû être conduit à l'hô pital isai-ni-DeiLis ou il a et-e admis d'urgence. Le commissaire de police a ouvert une en quêteet recherche les dangereux malandrins 1. 1 1 ■ .1 1 est»qp ilBin Un nouveau Bureau de poste Le bureau 121, boulevard de Strasbourg, 33, a été ouvert au public ces jours der niers. Ge bureau effectue les opérations d'épar gne de toute nature ; des remboursements a vue y sont effectués et des livrets y sont délivrés immédiatement à tous les nou veaux déposants. Des malades refusent de guérii Vraiment, des malades existent qui ve» fusent la guériso.n ? C'est a croire, puis que malgxe tous les bons exemples, tout ai les preuves, il en est encore qui passe ni leur eustence à scuifrir, alors que les au tres, mieux avises, guérissent et trouvée^ enfin, la vie agréable. . Prenons, paj? exemple, ceux qui souf frent de l'estomac, maladie déprimante d crueile s'il en est. On sait combien tes Pi lules Pink guérissent vite et facilement cette maladie.. Il y„a cependant beaucoup, de dyspeptiques qui souffrent encore la martyre et ne sont pas encore décidés a taure l'essai des Pilules Pinls, et cela mal gré les attestations toujours plus nombr«uses quie nous publions, d e malades guéris pris das s toutes les çlasses de la société. Ah ! nous comprendrions le doute, si noua n'apportions pas d-e preuves, mais nous en apportons touiours. Demandes donc, par exemple, a Mlle Marie-THérèse Decr-and, ■ demeurant a. Paris. 18. rue Oli vier, ce quelle pense, des Pilules Pink.. Elle ne pourra que vous répeter ce qu elle nous a écrit : '</index>
          </ill>
        </ills>
      </page>
      <page ordre="5">
        <nbMot>1260</nbMot>
        <blocTexte>386</blocTexte>
        <blocTab>0</blocTab>
        <blocPub>0</blocPub>
        <blocIll ocr="11">0</blocIll>
        <ills/>
      </page>
      <page ordre="6">
        <nbMot>933</nbMot>
        <blocTexte>45</blocTexte>
        <blocTab>0</blocTab>
        <blocPub>0</blocPub>
        <blocIll ocr="6">0</blocIll>
        <ills/>
      </page>
    </pages>
  </contenus>
</analyseAlto>