<analyseAlto>
  <metad>
    <type>P</type>
    <ID>bpt6k253419d</ID>
    <notice>cb327877302</notice>
    <titre>L'Humanité</titre>
    <dateEdition>1913-03-27</dateEdition>
    <nbPage>6</nbPage>
    <suppl>FALSE</suppl>
  </metad>
  <contenus>
    <largeur>424</largeur>
    <hauteur>586</hauteur>
    <pages>
      <page ordre="1">
        <nbMot>692</nbMot>
        <blocTexte>35</blocTexte>
        <blocTab>0</blocTab>
        <blocPub>0</blocPub>
        <blocIll ocr="7">0</blocIll>
        <ills/>
      </page>
      <page ordre="2">
        <nbMot>1041</nbMot>
        <blocTexte>33</blocTexte>
        <blocTab>0</blocTab>
        <blocPub>0</blocPub>
        <blocIll ocr="0">0</blocIll>
      </page>
      <page ordre="3">
        <nbMot>948</nbMot>
        <blocTexte>35</blocTexte>
        <blocTab>0</blocTab>
        <blocPub>0</blocPub>
        <blocIll ocr="3">0</blocIll>
        <ills/>
      </page>
      <page ordre="4">
        <nbMot>756</nbMot>
        <blocTexte>37</blocTexte>
        <blocTab>0</blocTab>
        <blocPub>0</blocPub>
        <blocIll ocr="10">0</blocIll>
        <ills/>
      </page>
      <page ordre="5">
        <nbMot>1091</nbMot>
        <blocTexte>352</blocTexte>
        <blocTab>0</blocTab>
        <blocPub>0</blocPub>
        <blocIll ocr="9">1</blocIll>
        <ills>
          <ill classif="DFdnn" couleur="gris" edit="1" h="1353" n="5-4" pub="1" taille="3" w="1549" x="3406" y="2872">
            <tech source="final">imp photoméca</tech>
            <tech source="md">imp photoméca</tech>
            <theme source="md">13</theme>
            <leg>■ r. y* ■■ ;.mAM Àrtô Jt-.-3TÛ£Jir'fS' PARIS SÏOU£N etc. j|| il. P'JRRErtfTE-STAfHS GAREaeGÏ? CBNTURÇ Jl k|| (15Minutes Ha Paris) Aucune obligation de constmire — Anotme solidarité entre les aoquéîvars — Pas de sol de routes à payer — Entrée en possession après un premier versement de SO trafics* CQ$SD!Ti®ff£S DE IfEPITIE Les prix sont de 2.90 et 3.90 le mètre. L'Acquéreur choisit le lot et la contenance. Il paia 5 francs par semaine. Il a la faculté de se libérer par anticipation. , Pierrefltte et Stains sont deux , jolies villes de 4.000 habitants. Belles promenades, nombreux fournisseurs. Chemin de fer du Nord, 50 trains par jour. Abonnement a la aôniaine 1.40. Tram ways, Métro Porte-Clignancourt, Pierrefltte. r Pour renseignements complémentaires s'adresser les jeudis et dimanches, de 10 heures du matin à 6 heures du soir, à MM. PERR1N père et fils, Propriétaires-Vendeurs, Bureau à {a Gare de PiERREFiTTE-STAlNS</leg>
            <txt>SAMS «UCVd _ Vertement d'avant HABiLLgKenrs, NOUHAUTÊ», CHAUSSURES. MeuBLes,uteniE, I SUSPEHSlOttSfiarn.da CHEMINÉES,BIJ0UT£R1E,BICYCLETTES,etc. [ G d3 Mag ^GALERIES VOLTAIRE]  S  , Place Voltaire, PARI3, ' Fermés â 7 h.: Dlm. el Fttea k Midi. TERRAINS MAGNIFIQUES Admirablement bien sftués à FXERREBTrTE-STAXXTS GUir* Pa»d 9 oetsfaË-^tSmSauîe3S i ap!s-SSoi'd 200.000 terrain à semaine Imiil   La # l EPI-d OR   A vendre par ! q! s individuels, depuis 300 mètres. Contenance an gré des acquéreurs. LONG CRÉDIT On traite directement avec MH. f®EMHI7¥ père et fils, propiiétaires-vendeara</txt>
            <index>■ r. y* ■■ ;.mAM Àrtô Jt-.-3TÛ£Jir'fS' PARIS SÏOU£N etc. j|| il. P'JRRErtfTE-STAfHS GAREaeGÏ? CBNTURÇ Jl k|| (15Minutes Ha Paris) Aucune obligation de constmire — Anotme solidarité entre les aoquéîvars — Pas de sol de routes à payer — Entrée en possession après un premier versement de SO trafics* CQ$SD!Ti®ff£S DE IfEPITIE Les prix sont de 2.90 et 3.90 le mètre. L'Acquéreur choisit le lot et la contenance. Il paia 5 francs par semaine. Il a la faculté de se libérer par anticipation. , Pierrefltte et Stains sont deux , jolies villes de 4.000 habitants. Belles promenades, nombreux fournisseurs. Chemin de fer du Nord, 50 trains par jour. Abonnement a la aôniaine 1.40. Tram ways, Métro Porte-Clignancourt, Pierrefltte. r Pour renseignements complémentaires s'adresser les jeudis et dimanches, de 10 heures du matin à 6 heures du soir, à MM. PERR1N père et fils, Propriétaires-Vendeurs, Bureau à {a Gare de PiERREFiTTE-STAlNSSAMS «UCVd _ Vertement d'avant HABiLLgKenrs, NOUHAUTÊ», CHAUSSURES. MeuBLes,uteniE, I SUSPEHSlOttSfiarn.da CHEMINÉES,BIJ0UT£R1E,BICYCLETTES,etc. [ G d3 Mag ^GALERIES VOLTAIRE]  S  , Place Voltaire, PARI3, ' Fermés â 7 h.: Dlm. el Fttea k Midi. TERRAINS MAGNIFIQUES Admirablement bien sftués à FXERREBTrTE-STAXXTS GUir* Pa»d 9 oetsfaË-^tSmSauîe3S i ap!s-SSoi'd 200.000 terrain à semaine Imiil   La # l EPI-d OR   A vendre par ! q! s individuels, depuis 300 mètres. Contenance an gré des acquéreurs. LONG CRÉDIT On traite directement avec MH. f®EMHI7¥ père et fils, propiiétaires-vendeara</index>
          </ill>
        </ills>
      </page>
      <page ordre="6">
        <nbMot>883</nbMot>
        <blocTexte>37</blocTexte>
        <blocTab>0</blocTab>
        <blocPub>0</blocPub>
        <blocIll ocr="3">0</blocIll>
        <ills/>
      </page>
    </pages>
  </contenus>
</analyseAlto>