<analyseAlto>
  <metad>
    <type>P</type>
    <ID>bpt6k252916j</ID>
    <notice>cb327877302</notice>
    <titre>L'Humanité</titre>
    <dateEdition>1911-10-31</dateEdition>
    <nbPage>4</nbPage>
    <suppl>FALSE</suppl>
  </metad>
  <contenus>
    <largeur>424</largeur>
    <hauteur>575</hauteur>
    <pages>
      <page ordre="1">
        <nbMot>732</nbMot>
        <blocTexte>41</blocTexte>
        <blocTab>0</blocTab>
        <blocPub>0</blocPub>
        <blocIll ocr="9">0</blocIll>
        <ills/>
      </page>
      <page ordre="2">
        <nbMot>990</nbMot>
        <blocTexte>36</blocTexte>
        <blocTab>0</blocTab>
        <blocPub>0</blocPub>
        <blocIll ocr="4">0</blocIll>
        <ills/>
      </page>
      <page ordre="3">
        <nbMot>913</nbMot>
        <blocTexte>43</blocTexte>
        <blocTab>0</blocTab>
        <blocPub>0</blocPub>
        <blocIll ocr="4">0</blocIll>
        <ills/>
      </page>
      <page ordre="4">
        <nbMot>1061</nbMot>
        <blocTexte>69</blocTexte>
        <blocTab>0</blocTab>
        <blocPub>0</blocPub>
        <blocIll ocr="5">1</blocIll>
        <ills>
          <ill classif="DFdnn" couleur="gris" derniere="true" edit="1" h="1106" n="4-4" pub="1" taille="1" w="564" x="4102" y="2996">
            <tech source="final">imp photoméca</tech>
            <tech source="md">imp photoméca</tech>
            <theme source="md">13</theme>
            <leg>■^ÏSiSiaŒES;, , 5  tui aeeojiipnffne l'envol des 50 volumes c'es.t un bijou, merveilleux une \ 4 e femme. Mous faisons cadeau à tout*soûscripleur or doublé iitéltérable, garanti 10 aitàf surlequel Qouafaisonaappcaer-gEâéieaseméht 2és initialâs .én i'elacées; «n relief de l'heureuse, destinataire.</leg>
            <txt>_ de • dressé,  Je c(iairôé l\Œuvré3'ti%giiqués, œuvres  J'ongoi«8e» oeiivred .'de: pitié;, éteraete roman» «fémotion, oii Be hedrtent' tous les senlimenia noble» ou vil»; tour à toiir émouvants jusqu'aux Y ïnrme?. aiiffojs8flpt9 i.uequ'à l'afièl du aouftteî. • .TeU; sont -Tes Jivres qui forment,oelte-incom*' ' ; .pacable collection -dee   Grands tiomaaoÊar» du ■ XX» Siècle qui s'offre  h voub , ps'SBlozméea lècfi-léetf, enthou', ela,sCea leçleui'8. •? • .^* ' tes. plu^.grands écdVbfoai: de' noire épôque t '.v'• ceux qui sont les vrais omis du peuple; parco' / qu'ils lut pfocai'oni-iea joira '^-g les plus douces, émotions, ceux qui a'trppelivnft ' Julew.Mûryr-MIclxel' Zévaco, Jule» de T Gast^ne/ • Ch. Mérouvel» P. d'Aîgtemont. Mlâbel Morpliy et tant d'uulrea, y ont réuni lea itoeiileures • «le-leurs productions, les plus purs de leurs • cbefs-d'œuvro. Et cette collection de 50 volâmes variés tous plus attachants les usa que les autres; vous . est . présentée sçus une /ormo aimable, eéduleante pat  i Eon' T 'oàpectmoleiTeT ecquef/ soîi : . Impression Irrépiochable., Cbacua de . ces volumes est revêtu d'un sohde .etgracieux cartonaa re et peut ainsi supporter Fa'fatigue «Te nombreuses lectures et prendre place dans une DibliOitheque élégante. ' ' : Par elle-même elle constltuedéjè une! incom*' pareble séduction, et plus, elle vous est ■ offerte*d'une manlire^h'mtstibler cor v us pouvez la posséder de suite» toute entière, eans rleu debourser^*avance; el'lee 5Qfvolumes vous parv ÏOtir de cou Médaillon sss'siuiiacneiuti '.-</txt>
            <index>■^ÏSiSiaŒES;, , 5  tui aeeojiipnffne l'envol des 50 volumes c'es.t un bijou, merveilleux une \ 4 e femme. Mous faisons cadeau à tout*soûscripleur or doublé iitéltérable, garanti 10 aitàf surlequel Qouafaisonaappcaer-gEâéieaseméht 2és initialâs .én i'elacées; «n relief de l'heureuse, destinataire._ de • dressé,  Je c(iairôé l\Œuvré3'ti%giiqués, œuvres  J'ongoi«8e» oeiivred .'de: pitié;, éteraete roman» «fémotion, oii Be hedrtent' tous les senlimenia noble» ou vil»; tour à toiir émouvants jusqu'aux Y ïnrme?. aiiffojs8flpt9 i.uequ'à l'afièl du aouftteî. • .TeU; sont -Tes Jivres qui forment,oelte-incom*' ' ; .pacable collection -dee   Grands tiomaaoÊar» du ■ XX» Siècle qui s'offre  h voub , ps'SBlozméea lècfi-léetf, enthou', ela,sCea leçleui'8. •? • .^* ' tes. plu^.grands écdVbfoai: de' noire épôque t '.v'• ceux qui sont les vrais omis du peuple; parco' / qu'ils lut pfocai'oni-iea joira '^-g les plus douces, émotions, ceux qui a'trppelivnft ' Julew.Mûryr-MIclxel' Zévaco, Jule» de T Gast^ne/ • Ch. Mérouvel» P. d'Aîgtemont. Mlâbel Morpliy et tant d'uulrea, y ont réuni lea itoeiileures • «le-leurs productions, les plus purs de leurs • cbefs-d'œuvro. Et cette collection de 50 volâmes variés tous plus attachants les usa que les autres; vous . est . présentée sçus une /ormo aimable, eéduleante pat  i Eon' T 'oàpectmoleiTeT ecquef/ soîi : . Impression Irrépiochable., Cbacua de . ces volumes est revêtu d'un sohde .etgracieux cartonaa re et peut ainsi supporter Fa'fatigue «Te nombreuses lectures et prendre place dans une DibliOitheque élégante. ' ' : Par elle-même elle constltuedéjè une! incom*' pareble séduction, et plus, elle vous est ■ offerte*d'une manlire^h'mtstibler cor v us pouvez la posséder de suite» toute entière, eans rleu debourser^*avance; el'lee 5Qfvolumes vous parv ÏOtir de cou Médaillon sss'siuiiacneiuti '.-</index>
          </ill>
        </ills>
      </page>
    </pages>
  </contenus>
</analyseAlto>