<analyseAlto>
  <metad>
    <type>P</type>
    <ID>bpt6k252611q</ID>
    <notice>cb327877302</notice>
    <titre>L'Humanité</titre>
    <dateEdition>1910-12-29</dateEdition>
    <nbPage>4</nbPage>
    <suppl>FALSE</suppl>
  </metad>
  <contenus>
    <largeur>427</largeur>
    <hauteur>574</hauteur>
    <pages>
      <page ordre="1">
        <nbMot>732</nbMot>
        <blocTexte>44</blocTexte>
        <blocTab>0</blocTab>
        <blocPub>0</blocPub>
        <blocIll ocr="4">0</blocIll>
        <ills/>
      </page>
      <page ordre="2">
        <nbMot>994</nbMot>
        <blocTexte>41</blocTexte>
        <blocTab>0</blocTab>
        <blocPub>0</blocPub>
        <blocIll ocr="3">0</blocIll>
        <ills/>
      </page>
      <page ordre="3">
        <nbMot>957</nbMot>
        <blocTexte>66</blocTexte>
        <blocTab>0</blocTab>
        <blocPub>0</blocPub>
        <blocIll ocr="3">0</blocIll>
        <ills/>
      </page>
      <page ordre="4">
        <nbMot>959</nbMot>
        <blocTexte>82</blocTexte>
        <blocTab>0</blocTab>
        <blocPub>0</blocPub>
        <blocIll ocr="5">1</blocIll>
        <ills>
          <ill couleur="gris" derniere="true" edit="1" h="878" n="4-3" pub="1" taille="1" w="648" x="1704" y="3288">
            <tech source="final">imp photoméca</tech>
            <tech source="md">imp photoméca</tech>
            <theme source="md">13</theme>
            <leg>n'est vendu qtis</leg>
            <txt>Histoires poiîf les Enfants Racontées par M. HOLLEBKCQUE Ea'i/i'oii de grand luxe, joli format aSXiî ornées de Belles images des maîtres contemporains Benjam ; n /Ji*. Blansiist, Cailler, filck Euinas, Fausonnai, Oiriauii, fej SôigSitamrtaâF^V'jni On Oîivrap pour Iqs Enfsnîs  ài^i§ë sais ' , _</txt>
            <index>n'est vendu qtisHistoires poiîf les Enfants Racontées par M. HOLLEBKCQUE Ea'i/i'oii de grand luxe, joli format aSXiî ornées de Belles images des maîtres contemporains Benjam ; n /Ji*. Blansiist, Cailler, filck Euinas, Fausonnai, Oiriauii, fej SôigSitamrtaâF^V'jni On Oîivrap pour Iqs Enfsnîs  ài^i§ë sais ' , _</index>
          </ill>
        </ills>
      </page>
    </pages>
  </contenus>
</analyseAlto>