<analyseAlto>
  <metad>
    <type>P</type>
    <ID>bpt6k253772r</ID>
    <notice>cb327877302</notice>
    <titre>L'Humanité</titre>
    <dateEdition>1914-03-22</dateEdition>
    <nbPage>6</nbPage>
    <suppl>FALSE</suppl>
  </metad>
  <contenus>
    <largeur>425</largeur>
    <hauteur>586</hauteur>
    <pages>
      <page ordre="1">
        <nbMot>735</nbMot>
        <blocTexte>42</blocTexte>
        <blocTab>0</blocTab>
        <blocPub>0</blocPub>
        <blocIll ocr="6">0</blocIll>
        <ills/>
      </page>
      <page ordre="2">
        <nbMot>1072</nbMot>
        <blocTexte>42</blocTexte>
        <blocTab>0</blocTab>
        <blocPub>0</blocPub>
        <blocIll ocr="2">0</blocIll>
        <ills/>
      </page>
      <page ordre="3">
        <nbMot>923</nbMot>
        <blocTexte>34</blocTexte>
        <blocTab>0</blocTab>
        <blocPub>0</blocPub>
        <blocIll ocr="1">0</blocIll>
        <ills/>
      </page>
      <page ordre="4">
        <nbMot>491</nbMot>
        <blocTexte>72</blocTexte>
        <blocTab>0</blocTab>
        <blocPub>0</blocPub>
        <blocIll ocr="11">1</blocIll>
        <ills>
          <ill couleur="gris" edit="1" h="2670" n="4-8" pub="1" taille="11" w="2310" x="2558" y="136">
            <tech source="final">imp photoméca</tech>
            <tech source="md">imp photoméca</tech>
            <theme source="md">13</theme>
            <leg>nuau Kl</leg>
            <txt>LE MEILLEUR MARCHE TOUT PARIS</txt>
            <index>nuau KlLE MEILLEUR MARCHE TOUT PARIS</index>
          </ill>
        </ills>
      </page>
      <page ordre="5">
        <nbMot>383</nbMot>
        <blocTexte>53</blocTexte>
        <blocTab>0</blocTab>
        <blocPub>0</blocPub>
        <blocIll ocr="16">0</blocIll>
        <ills/>
      </page>
      <page ordre="6">
        <nbMot>946</nbMot>
        <blocTexte>35</blocTexte>
        <blocTab>0</blocTab>
        <blocPub>0</blocPub>
        <blocIll ocr="4">0</blocIll>
        <ills/>
      </page>
    </pages>
  </contenus>
</analyseAlto>