<analyseAlto>
  <metad>
    <type>P</type>
    <ID>bpt6k2522841</ID>
    <notice>cb327877302</notice>
    <titre>L'Humanité</titre>
    <dateEdition>1910-02-02</dateEdition>
    <nbPage>4</nbPage>
    <suppl>FALSE</suppl>
  </metad>
  <contenus>
    <largeur>429</largeur>
    <hauteur>575</hauteur>
    <pages>
      <page ordre="1">
        <nbMot>718</nbMot>
        <blocTexte>65</blocTexte>
        <blocTab>0</blocTab>
        <blocPub>0</blocPub>
        <blocIll ocr="4">0</blocIll>
        <ills/>
      </page>
      <page ordre="2">
        <nbMot>909</nbMot>
        <blocTexte>45</blocTexte>
        <blocTab>0</blocTab>
        <blocPub>0</blocPub>
        <blocIll ocr="2">1</blocIll>
        <ills>
          <ill couleur="gris" edit="1" h="1158" n="2-2" pub="1" taille="5" w="2360" x="2554" y="3931">
            <tech source="final">imp photoméca</tech>
            <tech source="md">imp photoméca</tech>
            <theme source="md">13</theme>
            <txt>Exposition de mobiliers complets par milliers, aux Grands Magasins Dufayel, sièges, tapis, tentures. Grand choix d'ar ticles de chauffage pour sécher et assainir les locaux inondés, pompes de tous gen res, filtres de tous systèmes, seaux, brocs en cristal et en métal pur pour conser ver l'eau bouillie. Tous les jours, de 2 à 6 heures, sauf le dimanche, concert, ciné matographe avec vues détaillées des inon dations à Paris et en banlieue. Nombreu ses attractions. LE SOCIALISME ET LES PAYSANS Discours prononcé à la Chambre des Dé putés par le citoyen Compère-Morcl. En vente à la Librairie de l'Humanité. L'exemplaire : 0 fr. 10 (franco : 0 fr. 15).</txt>
            <index>Exposition de mobiliers complets par milliers, aux Grands Magasins Dufayel, sièges, tapis, tentures. Grand choix d'ar ticles de chauffage pour sécher et assainir les locaux inondés, pompes de tous gen res, filtres de tous systèmes, seaux, brocs en cristal et en métal pur pour conser ver l'eau bouillie. Tous les jours, de 2 à 6 heures, sauf le dimanche, concert, ciné matographe avec vues détaillées des inon dations à Paris et en banlieue. Nombreu ses attractions. LE SOCIALISME ET LES PAYSANS Discours prononcé à la Chambre des Dé putés par le citoyen Compère-Morcl. En vente à la Librairie de l'Humanité. L'exemplaire : 0 fr. 10 (franco : 0 fr. 15).</index>
          </ill>
        </ills>
      </page>
      <page ordre="3">
        <nbMot>999</nbMot>
        <blocTexte>60</blocTexte>
        <blocTab>0</blocTab>
        <blocPub>0</blocPub>
        <blocIll ocr="3">0</blocIll>
        <ills/>
      </page>
      <page ordre="4">
        <nbMot>330</nbMot>
        <blocTexte>59</blocTexte>
        <blocTab>0</blocTab>
        <blocPub>0</blocPub>
        <blocIll ocr="17">0</blocIll>
        <ills/>
      </page>
    </pages>
  </contenus>
</analyseAlto>