<analyseAlto>
  <metad>
    <type>P</type>
    <ID>bpt6k2533884</ID>
    <notice>cb327877302</notice>
    <titre>L'Humanité</titre>
    <dateEdition>1913-02-23</dateEdition>
    <nbPage>6</nbPage>
    <suppl>FALSE</suppl>
  </metad>
  <contenus>
    <largeur>425</largeur>
    <hauteur>583</hauteur>
    <pages>
      <page ordre="1">
        <nbMot>666</nbMot>
        <blocTexte>50</blocTexte>
        <blocTab>0</blocTab>
        <blocPub>0</blocPub>
        <blocIll ocr="5">0</blocIll>
        <ills/>
      </page>
      <page ordre="2">
        <nbMot>1083</nbMot>
        <blocTexte>113</blocTexte>
        <blocTab>0</blocTab>
        <blocPub>0</blocPub>
        <blocIll ocr="0">0</blocIll>
      </page>
      <page ordre="3">
        <nbMot>962</nbMot>
        <blocTexte>45</blocTexte>
        <blocTab>0</blocTab>
        <blocPub>0</blocPub>
        <blocIll ocr="4">0</blocIll>
        <ills/>
      </page>
      <page ordre="4">
        <nbMot>638</nbMot>
        <blocTexte>40</blocTexte>
        <blocTab>0</blocTab>
        <blocPub>0</blocPub>
        <blocIll ocr="11">1</blocIll>
        <ills>
          <ill couleur="gris" edit="1" h="612" n="4-5" pub="1" taille="1" w="1550" x="77" y="6113">
            <tech source="final">imp photoméca</tech>
            <tech source="md">imp photoméca</tech>
            <theme source="md">13</theme>
            <index/>
          </ill>
        </ills>
      </page>
      <page ordre="5">
        <nbMot>805</nbMot>
        <blocTexte>161</blocTexte>
        <blocTab>0</blocTab>
        <blocPub>0</blocPub>
        <blocIll ocr="12">0</blocIll>
        <ills/>
      </page>
      <page ordre="6">
        <nbMot>820</nbMot>
        <blocTexte>43</blocTexte>
        <blocTab>0</blocTab>
        <blocPub>0</blocPub>
        <blocIll ocr="5">0</blocIll>
        <ills/>
      </page>
    </pages>
  </contenus>
</analyseAlto>