<analyseAlto>
  <metad>
    <type>P</type>
    <ID>bpt6k253516k</ID>
    <notice>cb327877302</notice>
    <titre>L'Humanité</titre>
    <dateEdition>1913-07-03</dateEdition>
    <nbPage>6</nbPage>
    <suppl>FALSE</suppl>
  </metad>
  <contenus>
    <largeur>425</largeur>
    <hauteur>586</hauteur>
    <pages>
      <page ordre="1">
        <nbMot>739</nbMot>
        <blocTexte>40</blocTexte>
        <blocTab>0</blocTab>
        <blocPub>0</blocPub>
        <blocIll ocr="6">0</blocIll>
        <ills/>
      </page>
      <page ordre="2">
        <nbMot>1033</nbMot>
        <blocTexte>34</blocTexte>
        <blocTab>0</blocTab>
        <blocPub>0</blocPub>
        <blocIll ocr="0">0</blocIll>
      </page>
      <page ordre="3">
        <nbMot>913</nbMot>
        <blocTexte>30</blocTexte>
        <blocTab>0</blocTab>
        <blocPub>0</blocPub>
        <blocIll ocr="0">0</blocIll>
      </page>
      <page ordre="4">
        <nbMot>669</nbMot>
        <blocTexte>47</blocTexte>
        <blocTab>0</blocTab>
        <blocPub>0</blocPub>
        <blocIll ocr="10">2</blocIll>
        <ills>
          <ill classif="DFdnn" couleur="gris" edit="1" h="902" n="4-2" pub="1" taille="2" w="1578" x="134" y="3338">
            <tech source="final">imp photoméca</tech>
            <tech source="md">imp photoméca</tech>
            <contenuImg CS="0.95" h="140" sexe="P" source="dnn" w="122" x="845" y="115">face</contenuImg>
            <theme source="md">13</theme>
            <index/>
          </ill>
          <ill classif="DFdnn" couleur="gris" edit="1" h="904" n="4-6" pub="1" taille="1" w="696" x="974" y="5792">
            <tech source="final">imp photoméca</tech>
            <tech source="md">imp photoméca</tech>
            <theme source="md">13</theme>
            <index/>
          </ill>
        </ills>
      </page>
      <page ordre="5">
        <nbMot>1141</nbMot>
        <blocTexte>258</blocTexte>
        <blocTab>0</blocTab>
        <blocPub>0</blocPub>
        <blocIll ocr="6">0</blocIll>
        <ills/>
      </page>
      <page ordre="6">
        <nbMot>836</nbMot>
        <blocTexte>45</blocTexte>
        <blocTab>0</blocTab>
        <blocPub>0</blocPub>
        <blocIll ocr="3">0</blocIll>
        <ills/>
      </page>
    </pages>
  </contenus>
</analyseAlto>