<analyseAlto>
  <metad>
    <type>P</type>
    <ID>bpt6k255452p</ID>
    <notice>cb327877302</notice>
    <titre>L'Humanité</titre>
    <dateEdition>1918-11-03</dateEdition>
    <nbPage>4</nbPage>
    <suppl>FALSE</suppl>
  </metad>
  <contenus>
    <largeur>419</largeur>
    <hauteur>593</hauteur>
    <pages>
      <page ordre="1">
        <nbMot>907</nbMot>
        <blocTexte>47</blocTexte>
        <blocTab>0</blocTab>
        <blocPub>0</blocPub>
        <blocIll ocr="2">0</blocIll>
        <ills/>
      </page>
      <page ordre="2">
        <nbMot>889</nbMot>
        <blocTexte>42</blocTexte>
        <blocTab>0</blocTab>
        <blocPub>0</blocPub>
        <blocIll ocr="9">0</blocIll>
        <ills/>
      </page>
      <page ordre="3">
        <nbMot>976</nbMot>
        <blocTexte>43</blocTexte>
        <blocTab>0</blocTab>
        <blocPub>0</blocPub>
        <blocIll ocr="4">0</blocIll>
        <ills/>
      </page>
      <page ordre="4">
        <nbMot>612</nbMot>
        <blocTexte>115</blocTexte>
        <blocTab>0</blocTab>
        <blocPub>0</blocPub>
        <blocIll ocr="18">1</blocIll>
        <ills>
          <ill classif="DFdnn" couleur="gris" derniere="true" edit="1" h="1361" n="4-7" pub="1" taille="1" w="641" x="4197" y="223">
            <tech source="final">imp photoméca</tech>
            <tech source="md">imp photoméca</tech>
            <theme source="md">13</theme>
            <leg>Journée des Soieries</leg>
            <txt>18000 CRAVATE chien de Chîne  33131' CLOCHE satin noir, garnie .ruban.</txt>
            <index>Journée des Soieries18000 CRAVATE chien de Chîne  33131' CLOCHE satin noir, garnie .ruban.</index>
          </ill>
        </ills>
      </page>
    </pages>
  </contenus>
</analyseAlto>