<analyseAlto>
  <metad>
    <type>P</type>
    <ID>bpt6k253655w</ID>
    <notice>cb327877302</notice>
    <titre>L'Humanité</titre>
    <dateEdition>1913-11-21</dateEdition>
    <nbPage>6</nbPage>
    <suppl>FALSE</suppl>
  </metad>
  <contenus>
    <largeur>424</largeur>
    <hauteur>586</hauteur>
    <pages>
      <page ordre="1">
        <nbMot>710</nbMot>
        <blocTexte>47</blocTexte>
        <blocTab>0</blocTab>
        <blocPub>0</blocPub>
        <blocIll ocr="6">0</blocIll>
        <ills/>
      </page>
      <page ordre="2">
        <nbMot>1044</nbMot>
        <blocTexte>33</blocTexte>
        <blocTab>0</blocTab>
        <blocPub>0</blocPub>
        <blocIll ocr="0">0</blocIll>
      </page>
      <page ordre="3">
        <nbMot>933</nbMot>
        <blocTexte>28</blocTexte>
        <blocTab>0</blocTab>
        <blocPub>0</blocPub>
        <blocIll ocr="3">0</blocIll>
        <ills/>
      </page>
      <page ordre="4">
        <nbMot>951</nbMot>
        <blocTexte>46</blocTexte>
        <blocTab>0</blocTab>
        <blocPub>0</blocPub>
        <blocIll ocr="2">0</blocIll>
        <ills/>
      </page>
      <page ordre="5">
        <nbMot>1043</nbMot>
        <blocTexte>293</blocTexte>
        <blocTab>0</blocTab>
        <blocPub>0</blocPub>
        <blocIll ocr="11">1</blocIll>
        <ills>
          <ill couleur="gris" edit="1" h="1323" n="5-6" pub="1" taille="3" w="1609" x="2550" y="4817">
            <tech source="final">imp photoméca</tech>
            <tech source="md">imp photoméca</tech>
            <theme source="md">13</theme>
            <leg>ipislaslaf ;îWS: 0 SRÂ. — Fàtist. ' -OOMEÔiE-F^ftWOAt-Se. — BOT!Blas. _ . . OPERA-OOMIQUE. — La Tosca ; ÇavaiKWia.. catia. ^ Samedi: 3 Le Mariage de ODEON. .— Vieil Hlsidejberg. CAITE-LYRIQUE. — Lakmé. GYMNASE. — 9 lieul -eî. — Samson , VflUDEVH.LE. — Le ; Phalène. VARIETES. — L'InsV.itut de beauté. renaissance . — ■ ï,'Occident. feARAH-BEÎÎNHAnDT; — Le BOSSU. tHEATRS DES OHAWSP8-EUY8EE8. COMEDIE DES CHAW'PS-ELYSBCS ( Th . rier;. — Le Veàu Uxlr. TRlANON-l.YRl(}UE: —^ L'amour moulUé. CHATELET. 8 b. 30. — L'Insaisissable Stanîojr Colins. APOLUO. — La Mascotte. THEATRE . DES ARTS. — La droit' de mon. La cœur en pannp. PORTE-SAIMT-MARTIN. t8 h . 1/2. — Le RuiS ' s © au . THEATRE ANTOINE. — Le procureur Haliers. THEATRE REJANE. — L' îrïéffuliÈre . ATHENES. 8 il. 1/2. — : Triplepatte. BOUFPESiPARISlENS. — Lp Secret AMBIGU. — 8 b. 30; —, Rafles. PAtAts-ROYAL. —' 9 h. — La présidente. THEATRE FEMINA Relûcbe. OLUNY —. s h. 1/2. — Monsieur le Jug«. DEilAZET. — 8 U. 1/2. — Le Mariage de Mil» 'Beulemans . GRANb-cUiONPL. — »-J». — L'AHaire Zezette ; la Buvette ; Terres' chaudes ; ia' Petite daine en blanc. •• : ■ capucines. —.Pas'.dans l'œil ! revue.  ÂlAOE (Cirque déParis); métro 'Latour-Mau, bourg. — Tél. Saxe ,31-90: — Cinéma-attractions tous les soirs. ■</leg>
            <txt>Relâche. teon-Pof« TERRAINS MÂ6N1FIIIUES :A-4mârafelemeni folers sitiaés à. , : Pas û'osstpaiS — ÎS mêmsetes) Parfs-»eM 200Jit 2.f0at3.Sf Uwël fi La FraSôKBE ^ rEFI-fÔE  v . ■ ^ ,. I «nift par lots inÉiâusls, âspuis 300 nitnt. mam au B ré iss -aEquéreiiPS/i-©^© .-CBEOIT; Oa traito directeasat «m ME. VMWWm ^re et fils, pwpdet^ôs-^a^?</txt>
            <index>ipislaslaf ;îWS: 0 SRÂ. — Fàtist. ' -OOMEÔiE-F^ftWOAt-Se. — BOT!Blas. _ . . OPERA-OOMIQUE. — La Tosca ; ÇavaiKWia.. catia. ^ Samedi: 3 Le Mariage de ODEON. .— Vieil Hlsidejberg. CAITE-LYRIQUE. — Lakmé. GYMNASE. — 9 lieul -eî. — Samson , VflUDEVH.LE. — Le ; Phalène. VARIETES. — L'InsV.itut de beauté. renaissance . — ■ ï,'Occident. feARAH-BEÎÎNHAnDT; — Le BOSSU. tHEATRS DES OHAWSP8-EUY8EE8. COMEDIE DES CHAW'PS-ELYSBCS ( Th . rier;. — Le Veàu Uxlr. TRlANON-l.YRl(}UE: —^ L'amour moulUé. CHATELET. 8 b. 30. — L'Insaisissable Stanîojr Colins. APOLUO. — La Mascotte. THEATRE . DES ARTS. — La droit' de mon. La cœur en pannp. PORTE-SAIMT-MARTIN. t8 h . 1/2. — Le RuiS ' s © au . THEATRE ANTOINE. — Le procureur Haliers. THEATRE REJANE. — L' îrïéffuliÈre . ATHENES. 8 il. 1/2. — : Triplepatte. BOUFPESiPARISlENS. — Lp Secret AMBIGU. — 8 b. 30; —, Rafles. PAtAts-ROYAL. —' 9 h. — La présidente. THEATRE FEMINA Relûcbe. OLUNY —. s h. 1/2. — Monsieur le Jug«. DEilAZET. — 8 U. 1/2. — Le Mariage de Mil» 'Beulemans . GRANb-cUiONPL. — »-J». — L'AHaire Zezette ; la Buvette ; Terres' chaudes ; ia' Petite daine en blanc. •• : ■ capucines. —.Pas'.dans l'œil ! revue.  ÂlAOE (Cirque déParis); métro 'Latour-Mau, bourg. — Tél. Saxe ,31-90: — Cinéma-attractions tous les soirs. ■Relâche. teon-Pof« TERRAINS MÂ6N1FIIIUES :A-4mârafelemeni folers sitiaés à. , : Pas û'osstpaiS — ÎS mêmsetes) Parfs-»eM 200Jit 2.f0at3.Sf Uwël fi La FraSôKBE ^ rEFI-fÔE  v . ■ ^ ,. I «nift par lots inÉiâusls, âspuis 300 nitnt. mam au B ré iss -aEquéreiiPS/i-©^© .-CBEOIT; Oa traito directeasat «m ME. VMWWm ^re et fils, pwpdet^ôs-^a^?</index>
          </ill>
        </ills>
      </page>
      <page ordre="6">
        <nbMot>906</nbMot>
        <blocTexte>30</blocTexte>
        <blocTab>0</blocTab>
        <blocPub>0</blocPub>
        <blocIll ocr="11">0</blocIll>
        <ills/>
      </page>
    </pages>
  </contenus>
</analyseAlto>