<doc>
  <metad>
    <type>I</type>
    <ID>9200579/qmyw6dnu</ID>
    <titre>Advert from Lancet  Burroughs Wellcome &amp; co... , 1918</titre>
    <dateEdition>inconnu</dateEdition>
    <lang>en</lang>
    <source>Wellcome Collection</source>
    <url>https://wellcomecollection.org/works/qmyw6dnu</url>
    <urlIIIF>https://iiif.wellcomecollection.org/image/L0017860.jpg/</urlIIIF>
    <nbPage>1</nbPage>
    <descr>World War One - Wellcome Foundation -</descr>
  </metad>
  <contenus>
    <largeur>143</largeur>
    <hauteur>223</hauteur>
    <pages>
      <page ordre="1">
        <blocIllustration>1</blocIllustration>
        <ills>
          <ill couleur="gris" h="5275" n="1-1" pub="1" taille="8" w="3386" x="1" y="1">
            <genre source="final">publicite</genre>
            <genre CS="0.61" source="TensorFlow">publicite</genre>
            <genre source="md">carte</genre>
            <theme CS="0.8" source="md">inconnu</theme>
            <titraille>Advert from Lancet  Burroughs Wellcome &amp; co... , 1918</titraille>
            <index>Advert from Lancet  Burroughs Wellcome &amp; co... , 1918</index>
          </ill>
        </ills>
      </page>
    </pages>
  </contenus>
</doc>