<doc>
  <metad>
    <type>I</type>
    <ID>9200579/cjuuevu3</ID>
    <titre>Advert from Lancet  Burroughs Wellcome &amp; Co , 1918</titre>
    <dateEdition>inconnu</dateEdition>
    <lang>en</lang>
    <source>Wellcome Collection</source>
    <url>https://wellcomecollection.org/works/cjuuevu3</url>
    <urlIIIF>https://iiif.wellcomecollection.org/image/L0017861.jpg/</urlIIIF>
    <nbPage>1</nbPage>
    <descr>World War One - Wellcome Foundation -</descr>
  </metad>
  <contenus>
    <largeur>144</largeur>
    <hauteur>212</hauteur>
    <pages>
      <page ordre="1">
        <blocIllustration>1</blocIllustration>
        <ills>
          <ill couleur="gris" edit="true" h="5016" n="1-1" pub="1" taille="7" w="3411" x="1" y="1">
            <genre source="final">carte</genre>
            <genre CS="0.34" source="TensorFlow">carte</genre>
            <genre source="md">carte</genre>
            <theme CS="0.8" source="md">inconnu</theme>
            <titraille>Advert from Lancet  Burroughs Wellcome &amp; Co , 1918</titraille>
            <genre source="cwd" time="2018-08-29T19:59:54.217+02:00">publicite</genre>
            <index>Advert from Lancet  Burroughs Wellcome &amp; Co , 1918</index>
          </ill>
        </ills>
      </page>
    </pages>
  </contenus>
</doc>