<doc>
  <metad>
    <type>I</type>
    <ID>9200579/nq9u8t7t</ID>
    <titre>Advert from Lancet  Burroughs Wellcome &amp; Co , 1918</titre>
    <dateEdition>inconnu</dateEdition>
    <lang>en</lang>
    <source>Wellcome Collection</source>
    <url>https://wellcomecollection.org/works/nq9u8t7t</url>
    <urlIIIF>https://iiif.wellcomecollection.org/image/L0017863.jpg/</urlIIIF>
    <nbPage>1</nbPage>
    <descr>World War One - Wellcome Foundation -</descr>
  </metad>
  <contenus>
    <largeur>47</largeur>
    <hauteur>71</hauteur>
    <pages>
      <page ordre="1">
        <blocIllustration>1</blocIllustration>
        <ills>
          <ill couleur="gris" edit="true" h="1698" n="1-1" pub="1" taille="1" w="1120" x="1" y="1">
            <genre source="final">carte</genre>
            <genre CS="0.31" source="TensorFlow">carte</genre>
            <genre source="md">carte</genre>
            <theme CS="0.8" source="md">inconnu</theme>
            <titraille>Advert from Lancet  Burroughs Wellcome &amp; Co , 1918</titraille>
            <genre source="cwd" time="2018-08-29T20:00:01.992+02:00">publicite</genre>
            <index>Advert from Lancet  Burroughs Wellcome &amp; Co , 1918</index>
          </ill>
        </ills>
      </page>
    </pages>
  </contenus>
</doc>