<doc>
  <metad>
    <type>P</type>
    <ID>bpt6k46143906</ID>
    <titre>L'OEuvre</titre>
    <dateEdition>1917-08-14</dateEdition>
    <notice>cb34429265b</notice>
    <nbPage>4</nbPage>
  </metad>
  <contenus>
    <largeurPx>6103</largeurPx>
    <hauteurPx>8783</hauteurPx>
    <nbArticle>64</nbArticle>
    <pages>
      <page ordre="1">
        <nbMot>3326</nbMot>
        <blocTexte>132</blocTexte>
        <blocTab>0</blocTab>
        <blocPub>0</blocPub>
        <blocIll>0</blocIll>
      </page>
      <page ordre="2">
        <nbMot>3371</nbMot>
        <blocTexte>147</blocTexte>
        <blocTab>0</blocTab>
        <blocPub>5</blocPub>
        <blocIll>3</blocIll>
        <ills/>
      </page>
      <page ordre="3">
        <nbMot>4971</nbMot>
        <blocTexte>124</blocTexte>
        <blocTab>0</blocTab>
        <blocPub>3</blocPub>
        <blocIll>1</blocIll>
        <ills/>
      </page>
      <page ordre="4">
        <nbMot>3960</nbMot>
        <blocTexte>178</blocTexte>
        <blocTab>0</blocTab>
        <blocPub>37</blocPub>
        <blocIll>5</blocIll>
        <ills>
          <ill classif="DFdnn" couleur="mono" derniere="true" edit="1" h="881" n="4-2" pub="1" taille="0.525291728235447" w="569" x="2642" y="7012">
            <index/>
            <genre source="hm" time="2019-09-29T16:16:45.351+02:00">publicite</genre>
            <genre source="final">publicite</genre>
          </ill>
        </ills>
      </page>
    </pages>
  </contenus>
</doc>