<analyseAlto>
  <metad>
    <type>P</type>
    <ID>bpt6k4614463n</ID>
    <titre>L'OEuvre</titre>
    <dateEdition>1917-10-26</dateEdition>
    <notice>cb34429265b</notice>
    <nbPage>4</nbPage>
  </metad>
  <contenus>
    <largeurPx>6103</largeurPx>
    <hauteurPx>8783</hauteurPx>
    <nbArticle>46</nbArticle>
    <pages>
      <page ordre="1">
        <nbMot>3381</nbMot>
        <blocTexte>122</blocTexte>
        <blocTab>0</blocTab>
        <blocPub>6</blocPub>
        <blocIll>0</blocIll>
      </page>
      <page ordre="2">
        <nbMot>3693</nbMot>
        <blocTexte>127</blocTexte>
        <blocTab>0</blocTab>
        <blocPub>0</blocPub>
        <blocIll>4</blocIll>
        <ills/>
      </page>
      <page ordre="3">
        <nbMot>4399</nbMot>
        <blocTexte>140</blocTexte>
        <blocTab>0</blocTab>
        <blocPub>7</blocPub>
        <blocIll>1</blocIll>
        <ills/>
      </page>
      <page ordre="4">
        <nbMot>4602</nbMot>
        <blocTexte>164</blocTexte>
        <blocTab>0</blocTab>
        <blocPub>20</blocPub>
        <blocIll>5</blocIll>
        <ills>
          <ill classif="DFdnn" couleur="mono" derniere="true" edit="1" h="694" n="4-1" pub="1" taille="0.463245586148649" w="637" x="364" y="6024">
            <contenuImg CS="1.00" h="295" l="220" sexe="P" source="dnn" x="250" y="112">face</contenuImg>
            <titraille>La fin du régime</titraille>
            <leg>idîlile BRUNEI' ,,</leg>
            <index>La fin du régimeidîlile BRUNEI' ,,</index>
            <genre source="hm" time="2019-09-29T15:54:40.798+02:00">publicite</genre>
            <genre source="final">publicite</genre>
          </ill>
        </ills>
      </page>
    </pages>
  </contenus>
</analyseAlto>