<doc>
  <metad>
    <type>P</type>
    <ID>bpt6k4614891b</ID>
    <titre>L'OEuvre</titre>
    <dateEdition>1917-04-05</dateEdition>
    <notice>cb34429265b</notice>
    <nbPage>4</nbPage>
  </metad>
  <contenus>
    <largeurPx>6112</largeurPx>
    <hauteurPx>8803</hauteurPx>
    <nbArticle>61</nbArticle>
    <pages>
      <page ordre="1">
        <nbMot>3416</nbMot>
        <blocTexte>126</blocTexte>
        <blocTab>0</blocTab>
        <blocPub>0</blocPub>
        <blocIll>0</blocIll>
      </page>
      <page ordre="2">
        <nbMot>3365</nbMot>
        <blocTexte>119</blocTexte>
        <blocTab>0</blocTab>
        <blocPub>5</blocPub>
        <blocIll>5</blocIll>
        <ills/>
      </page>
      <page ordre="3">
        <nbMot>4080</nbMot>
        <blocTexte>143</blocTexte>
        <blocTab>0</blocTab>
        <blocPub>3</blocPub>
        <blocIll>3</blocIll>
        <ills/>
      </page>
      <page ordre="4">
        <nbMot>4167</nbMot>
        <blocTexte>155</blocTexte>
        <blocTab>0</blocTab>
        <blocPub>23</blocPub>
        <blocIll>1</blocIll>
        <ills>
          <ill couleur="mono" derniere="true" edit="1" h="506" n="4-1" pub="1" taille="0.466600904365904" w="880" x="4806" y="5994">
            <titraille>Comment les Soldats Anglais Guérissent leurs Pieds meurtris, Cors, Douleurs, etc., dans les Tranchées : T. S. Wilburn, du Royal Army Médical Corps, indique aussi un remède efficace contre les rhumatismes, l'enflure, les brûlures et l'inflammation des pieds.</titraille>
            <index>Comment les Soldats Anglais Guérissent leurs Pieds meurtris, Cors, Douleurs, etc., dans les Tranchées : T. S. Wilburn, du Royal Army Médical Corps, indique aussi un remède efficace contre les rhumatismes, l'enflure, les brûlures et l'inflammation des pieds.</index>
            <genre source="hm" time="2019-09-29T15:54:23.854+02:00">publicite</genre>
            <genre source="final">publicite</genre>
          </ill>
        </ills>
      </page>
    </pages>
  </contenus>
</doc>