<analyseAlto>
  <metad>
    <type>P</type>
    <ID>bpt6k4614684h</ID>
    <titre>L'OEuvre</titre>
    <dateEdition>1919-12-11</dateEdition>
    <notice>cb34429265b</notice>
    <nbPage>6</nbPage>
  </metad>
  <contenus>
    <largeurPx>6028</largeurPx>
    <hauteurPx>8711</hauteurPx>
    <nbArticle>105</nbArticle>
    <pages>
      <page ordre="1">
        <nbMot>3657</nbMot>
        <blocTexte>126</blocTexte>
        <blocTab>0</blocTab>
        <blocPub>0</blocPub>
        <blocIll>1</blocIll>
        <ills/>
      </page>
      <page ordre="2">
        <nbMot>3987</nbMot>
        <blocTexte>135</blocTexte>
        <blocTab>0</blocTab>
        <blocPub>0</blocPub>
        <blocIll>2</blocIll>
        <ills/>
      </page>
      <page ordre="3">
        <nbMot>4596</nbMot>
        <blocTexte>151</blocTexte>
        <blocTab>0</blocTab>
        <blocPub>0</blocPub>
        <blocIll>1</blocIll>
        <ills/>
      </page>
      <page ordre="4">
        <nbMot>4191</nbMot>
        <blocTexte>205</blocTexte>
        <blocTab>0</blocTab>
        <blocPub>11</blocPub>
        <blocIll>1</blocIll>
        <ills/>
      </page>
      <page ordre="5">
        <nbMot>2527</nbMot>
        <blocTexte>157</blocTexte>
        <blocTab>0</blocTab>
        <blocPub>80</blocPub>
        <blocIll>9</blocIll>
        <ills>
          <ill classif="DFdnn" couleur="mono" edit="1" h="835" n="5-9" pub="1" taille="0.741984298336798" w="848" x="4629" y="5184">
            <contenuImg CS="0.96" h="170" l="125" sexe="P" source="dnn" x="445" y="105">face</contenuImg>
            <index/>
            <genre source="hm" time="2019-09-29T14:12:17.064+02:00">publicite</genre>
            <genre source="final">publicite</genre>
          </ill>
        </ills>
      </page>
      <page ordre="6">
        <nbMot>3801</nbMot>
        <blocTexte>126</blocTexte>
        <blocTab>0</blocTab>
        <blocPub>0</blocPub>
        <blocIll>1</blocIll>
        <ills/>
      </page>
    </pages>
  </contenus>
</analyseAlto>