<analyseAlto>
  <metad>
    <type>P</type>
    <ID>bpt6k4615963p</ID>
    <titre>L'OEuvre</titre>
    <dateEdition>1918-06-15</dateEdition>
    <notice>cb34429265b</notice>
    <nbPage>4</nbPage>
  </metad>
  <contenus>
    <largeurPx>6056</largeurPx>
    <hauteurPx>8660</hauteurPx>
    <nbArticle>60</nbArticle>
    <pages>
      <page ordre="1">
        <nbMot>2922</nbMot>
        <blocTexte>91</blocTexte>
        <blocTab>0</blocTab>
        <blocPub>0</blocPub>
        <blocIll>1</blocIll>
        <ills/>
      </page>
      <page ordre="2">
        <nbMot>3337</nbMot>
        <blocTexte>130</blocTexte>
        <blocTab>0</blocTab>
        <blocPub>0</blocPub>
        <blocIll>2</blocIll>
        <ills/>
      </page>
      <page ordre="3">
        <nbMot>4314</nbMot>
        <blocTexte>189</blocTexte>
        <blocTab>0</blocTab>
        <blocPub>1</blocPub>
        <blocIll>3</blocIll>
        <ills/>
      </page>
      <page ordre="4">
        <nbMot>3674</nbMot>
        <blocTexte>138</blocTexte>
        <blocTab>0</blocTab>
        <blocPub>14</blocPub>
        <blocIll>2</blocIll>
        <ills>
          <ill classif="DFdnn" couleur="mono" derniere="true" edit="1" h="746" n="4-1" pub="1" taille="0.517498629677755" w="662" x="334" y="5925">
            <contenuImg CS="1.00" h="345" l="257" sexe="P" source="dnn" x="235" y="195">face</contenuImg>
            <titraille>Qui veut la faim, veut le moyen.</titraille>
            <leg>JSiiia iiAiiiii. 1\E y</leg>
            <index>Qui veut la faim, veut le moyen.JSiiia iiAiiiii. 1\E y</index>
            <genre source="hm" time="2019-09-29T16:17:33.936+02:00">publicite</genre>
            <genre source="final">publicite</genre>
          </ill>
        </ills>
      </page>
    </pages>
  </contenus>
</analyseAlto>