<analyseAlto>
  <metad>
    <type>P</type>
    <ID>bpt6k46159391</ID>
    <titre>L'OEuvre</titre>
    <dateEdition>1918-05-22</dateEdition>
    <notice>cb34429265b</notice>
    <nbPage>4</nbPage>
  </metad>
  <contenus>
    <largeurPx>6027</largeurPx>
    <hauteurPx>8635</hauteurPx>
    <nbArticle>64</nbArticle>
    <pages>
      <page ordre="1">
        <nbMot>3614</nbMot>
        <blocTexte>119</blocTexte>
        <blocTab>0</blocTab>
        <blocPub>4</blocPub>
        <blocIll>1</blocIll>
        <ills/>
      </page>
      <page ordre="2">
        <nbMot>3236</nbMot>
        <blocTexte>118</blocTexte>
        <blocTab>0</blocTab>
        <blocPub>0</blocPub>
        <blocIll>2</blocIll>
        <ills/>
      </page>
      <page ordre="3">
        <nbMot>4191</nbMot>
        <blocTexte>150</blocTexte>
        <blocTab>0</blocTab>
        <blocPub>3</blocPub>
        <blocIll>1</blocIll>
        <ills/>
      </page>
      <page ordre="4">
        <nbMot>4151</nbMot>
        <blocTexte>158</blocTexte>
        <blocTab>0</blocTab>
        <blocPub>26</blocPub>
        <blocIll>4</blocIll>
        <ills>
          <ill couleur="mono" derniere="true" edit="1" h="1185" n="4-2" pub="1" taille="1.26781673369283" w="1021" x="3064" y="6405">
            <contenuImg CS="1" lang="fr" source="hm" time="2020-04-08T18:09:05.106+02:00">avion</contenuImg>
            <index/>
            <genre source="hm" time="2019-09-29T16:17:15.146+02:00">publicite</genre>
            <genre source="final">publicite</genre>
            <contenuImg CS="1" lang="en" source="hm" time="2020-04-08T18:09:05.106+02:00">airplane</contenuImg>
          </ill>
        </ills>
      </page>
    </pages>
  </contenus>
</analyseAlto>