<doc>
  <metad>
    <type>P</type>
    <ID>bpt6k46154451</ID>
    <titre>L'OEuvre</titre>
    <dateEdition>1919-01-09</dateEdition>
    <notice>cb34429265b</notice>
    <nbPage>4</nbPage>
  </metad>
  <contenus>
    <largeurPx>5904</largeurPx>
    <hauteurPx>8675</hauteurPx>
    <nbArticle>72</nbArticle>
    <pages>
      <page ordre="1">
        <nbMot>3454</nbMot>
        <blocTexte>127</blocTexte>
        <blocTab>0</blocTab>
        <blocPub>0</blocPub>
        <blocIll>1</blocIll>
        <ills/>
      </page>
      <page ordre="2">
        <nbMot>3921</nbMot>
        <blocTexte>141</blocTexte>
        <blocTab>0</blocTab>
        <blocPub>0</blocPub>
        <blocIll>2</blocIll>
        <ills/>
      </page>
      <page ordre="3">
        <nbMot>4251</nbMot>
        <blocTexte>162</blocTexte>
        <blocTab>0</blocTab>
        <blocPub>9</blocPub>
        <blocIll>3</blocIll>
        <ills/>
      </page>
      <page ordre="4">
        <nbMot>4134</nbMot>
        <blocTexte>138</blocTexte>
        <blocTab>0</blocTab>
        <blocPub>34</blocPub>
        <blocIll>2</blocIll>
        <ills>
          <ill classif="DFdnn" couleur="mono" derniere="true" edit="1" h="735" n="4-2" pub="1" taille="0.493693893905925" w="641" x="403" y="6253">
            <contenuImg CS="1.00" h="335" w="285" sexe="P" source="dnn" x="180" y="132">face</contenuImg>
            <titraille>Les micmacs de l'estomac.</titraille>
            <leg>Mme Anna Siméox</leg>
            <index>Les micmacs de l'estomac.Mme Anna Siméox</index>
            <genre source="hm" time="2019-09-29T16:17:57.392+02:00">publicite</genre>
            <genre source="final">publicite</genre>
          </ill>
        </ills>
      </page>
    </pages>
  </contenus>
</doc>