<doc>
  <metad>
    <type>P</type>
    <ID>bpt6k4615582n</ID>
    <titre>L'OEuvre</titre>
    <dateEdition>1919-05-27</dateEdition>
    <notice>cb34429265b</notice>
    <nbPage>6</nbPage>
  </metad>
  <contenus>
    <largeurPx>5864</largeurPx>
    <hauteurPx>8674</hauteurPx>
    <nbArticle>101</nbArticle>
    <pages>
      <page ordre="1">
        <nbMot>3831</nbMot>
        <blocTexte>92</blocTexte>
        <blocTab>0</blocTab>
        <blocPub>0</blocPub>
        <blocIll>0</blocIll>
      </page>
      <page ordre="2">
        <nbMot>3753</nbMot>
        <blocTexte>133</blocTexte>
        <blocTab>0</blocTab>
        <blocPub>0</blocPub>
        <blocIll>2</blocIll>
        <ills/>
      </page>
      <page ordre="3">
        <nbMot>4128</nbMot>
        <blocTexte>148</blocTexte>
        <blocTab>0</blocTab>
        <blocPub>7</blocPub>
        <blocIll>1</blocIll>
        <ills/>
      </page>
      <page ordre="4">
        <nbMot>4296</nbMot>
        <blocTexte>163</blocTexte>
        <blocTab>0</blocTab>
        <blocPub>17</blocPub>
        <blocIll>2</blocIll>
        <ills/>
      </page>
      <page ordre="5">
        <nbMot>3439</nbMot>
        <blocTexte>173</blocTexte>
        <blocTab>0</blocTab>
        <blocPub>48</blocPub>
        <blocIll>4</blocIll>
        <ills>
          <ill couleur="mono" edit="1" h="497" n="5-3" pub="1" taille="0.218734892151767" w="420" x="1158" y="7506">
            <index/>
            <genre source="hm" time="2019-09-29T15:55:07.977+02:00">publicite</genre>
            <genre source="final">publicite</genre>
          </ill>
        </ills>
      </page>
      <page ordre="6">
        <nbMot>4213</nbMot>
        <blocTexte>165</blocTexte>
        <blocTab>0</blocTab>
        <blocPub>0</blocPub>
        <blocIll>0</blocIll>
      </page>
    </pages>
  </contenus>
</doc>