<analyseAlto>
  <metad>
    <type>P</type>
    <ID>bpt6k46155884</ID>
    <titre>L'OEuvre</titre>
    <dateEdition>1919-06-02</dateEdition>
    <notice>cb34429265b</notice>
    <nbPage>6</nbPage>
  </metad>
  <contenus>
    <largeurPx>5864</largeurPx>
    <hauteurPx>8674</hauteurPx>
    <nbArticle>83</nbArticle>
    <pages>
      <page ordre="1">
        <nbMot>3571</nbMot>
        <blocTexte>103</blocTexte>
        <blocTab>0</blocTab>
        <blocPub>0</blocPub>
        <blocIll>0</blocIll>
      </page>
      <page ordre="2">
        <nbMot>3748</nbMot>
        <blocTexte>119</blocTexte>
        <blocTab>0</blocTab>
        <blocPub>0</blocPub>
        <blocIll>2</blocIll>
        <ills/>
      </page>
      <page ordre="3">
        <nbMot>4339</nbMot>
        <blocTexte>156</blocTexte>
        <blocTab>0</blocTab>
        <blocPub>2</blocPub>
        <blocIll>0</blocIll>
      </page>
      <page ordre="4">
        <nbMot>4107</nbMot>
        <blocTexte>215</blocTexte>
        <blocTab>0</blocTab>
        <blocPub>0</blocPub>
        <blocIll>2</blocIll>
        <ills/>
      </page>
      <page ordre="5">
        <nbMot>2853</nbMot>
        <blocTexte>127</blocTexte>
        <blocTab>0</blocTab>
        <blocPub>42</blocPub>
        <blocIll>3</blocIll>
        <ills>
          <ill couleur="mono" edit="1" h="478" n="5-1" pub="1" taille="0.204863030015593" w="409" x="2320" y="7513">
            <index/>
            <genre source="hm" time="2019-09-29T14:13:51.801+02:00">publicite</genre>
            <genre source="final">publicite</genre>
          </ill>
          <ill couleur="mono" edit="1" h="1005" n="5-2" pub="1" taille="1.85665307529886" w="1763" x="3552" y="3610">
            <contenuImg CS="1" lang="fr" source="hm" time="2020-04-08T18:09:29.471+02:00">voiture</contenuImg>
            <index/>
            <genre source="hm" time="2019-09-29T14:13:49.036+02:00">publicite</genre>
            <genre source="final">publicite</genre>
            <contenuImg CS="1" lang="en" source="hm" time="2020-04-08T18:09:29.471+02:00">car</contenuImg>
          </ill>
          <ill couleur="mono" edit="1" h="483" n="5-3" pub="1" taille="0.262173793269231" w="518" x="4797" y="5407">
            <index/>
            <genre source="hm" time="2019-09-29T14:13:42.682+02:00">publicite</genre>
            <genre source="final">publicite</genre>
          </ill>
        </ills>
      </page>
      <page ordre="6">
        <nbMot>3925</nbMot>
        <blocTexte>137</blocTexte>
        <blocTab>0</blocTab>
        <blocPub>0</blocPub>
        <blocIll>0</blocIll>
      </page>
    </pages>
  </contenus>
</analyseAlto>