<doc>
  <metad>
    <type>P</type>
    <ID>bpt6k46155261</ID>
    <titre>L'OEuvre</titre>
    <dateEdition>1919-03-31</dateEdition>
    <notice>cb34429265b</notice>
    <nbPage>4</nbPage>
  </metad>
  <contenus>
    <largeurPx>5956</largeurPx>
    <hauteurPx>8674</hauteurPx>
    <nbArticle>64</nbArticle>
    <pages>
      <page ordre="1">
        <nbMot>3451</nbMot>
        <blocTexte>111</blocTexte>
        <blocTab>0</blocTab>
        <blocPub>0</blocPub>
        <blocIll>0</blocIll>
      </page>
      <page ordre="2">
        <nbMot>3664</nbMot>
        <blocTexte>136</blocTexte>
        <blocTab>0</blocTab>
        <blocPub>0</blocPub>
        <blocIll>1</blocIll>
        <ills/>
      </page>
      <page ordre="3">
        <nbMot>4089</nbMot>
        <blocTexte>176</blocTexte>
        <blocTab>0</blocTab>
        <blocPub>3</blocPub>
        <blocIll>3</blocIll>
        <ills/>
      </page>
      <page ordre="4">
        <nbMot>4120</nbMot>
        <blocTexte>176</blocTexte>
        <blocTab>0</blocTab>
        <blocPub>10</blocPub>
        <blocIll>2</blocIll>
        <ills>
          <ill classif="DFdnn" couleur="mono" derniere="true" edit="1" h="1143" n="4-1" pub="1" taille="1.13664495861487" w="949" x="564" y="5366">
            <contenuImg CS="1.00" h="477" w="397" sexe="P" source="dnn" x="277" y="337">face</contenuImg>
            <titraille>Le teint qui trompe</titraille>
            <leg>Mlle Ci-. Jlarcclrn</leg>
            <index>Le teint qui trompeMlle Ci-. Jlarcclrn</index>
            <genre source="hm" time="2019-09-29T14:24:37.442+02:00">publicite</genre>
            <genre source="final">publicite</genre>
          </ill>
        </ills>
      </page>
    </pages>
  </contenus>
</doc>