<analyseAlto>
  <metad>
    <type>P</type>
    <ID>bpt6k4615609v</ID>
    <titre>L'OEuvre</titre>
    <dateEdition>1919-06-23</dateEdition>
    <notice>cb34429265b</notice>
    <nbPage>4</nbPage>
  </metad>
  <contenus>
    <largeurPx>5864</largeurPx>
    <hauteurPx>8674</hauteurPx>
    <nbArticle>63</nbArticle>
    <pages>
      <page ordre="1">
        <nbMot>3600</nbMot>
        <blocTexte>123</blocTexte>
        <blocTab>0</blocTab>
        <blocPub>0</blocPub>
        <blocIll>0</blocIll>
      </page>
      <page ordre="2">
        <nbMot>3571</nbMot>
        <blocTexte>108</blocTexte>
        <blocTab>0</blocTab>
        <blocPub>1</blocPub>
        <blocIll>2</blocIll>
        <ills/>
      </page>
      <page ordre="3">
        <nbMot>4111</nbMot>
        <blocTexte>232</blocTexte>
        <blocTab>0</blocTab>
        <blocPub>13</blocPub>
        <blocIll>2</blocIll>
        <ills/>
      </page>
      <page ordre="4">
        <nbMot>3388</nbMot>
        <blocTexte>170</blocTexte>
        <blocTab>0</blocTab>
        <blocPub>48</blocPub>
        <blocIll>3</blocIll>
        <ills>
          <ill classif="DFdnn" couleur="mono" derniere="true" edit="1" h="466" n="4-1" pub="1" taille="0.249039640072765" w="510" x="3661" y="3699">
            <contenuImg CS="0.95" h="362" l="330" sexe="P" source="dnn" x="130" y="72">face</contenuImg>
            <index/>
            <genre source="hm" time="2019-09-29T13:02:47.235+02:00">publicite</genre>
            <genre source="final">publicite</genre>
          </ill>
        </ills>
      </page>
    </pages>
  </contenus>
</analyseAlto>