<doc>
  <metad>
    <type>P</type>
    <ID>bpt6k46155350</ID>
    <titre>L'OEuvre</titre>
    <dateEdition>1919-04-09</dateEdition>
    <notice>cb34429265b</notice>
    <nbPage>4</nbPage>
  </metad>
  <contenus>
    <largeurPx>5956</largeurPx>
    <hauteurPx>8674</hauteurPx>
    <nbArticle>74</nbArticle>
    <pages>
      <page ordre="1">
        <nbMot>3664</nbMot>
        <blocTexte>117</blocTexte>
        <blocTab>0</blocTab>
        <blocPub>0</blocPub>
        <blocIll>0</blocIll>
      </page>
      <page ordre="2">
        <nbMot>4516</nbMot>
        <blocTexte>183</blocTexte>
        <blocTab>0</blocTab>
        <blocPub>0</blocPub>
        <blocIll>2</blocIll>
        <ills/>
      </page>
      <page ordre="3">
        <nbMot>3945</nbMot>
        <blocTexte>156</blocTexte>
        <blocTab>0</blocTab>
        <blocPub>10</blocPub>
        <blocIll>2</blocIll>
        <ills/>
      </page>
      <page ordre="4">
        <nbMot>3404</nbMot>
        <blocTexte>174</blocTexte>
        <blocTab>0</blocTab>
        <blocPub>37</blocPub>
        <blocIll>6</blocIll>
        <ills>
          <ill couleur="mono" derniere="true" edit="1" h="490" n="4-5" pub="1" taille="0.204871413071726" w="399" x="3679" y="6829">
            <index/>
            <genre source="hm" time="2019-09-29T16:18:28.662+02:00">publicite</genre>
            <genre source="final">publicite</genre>
          </ill>
        </ills>
      </page>
    </pages>
  </contenus>
</doc>