<analyseAlto>
  <metad>
    <type>P</type>
    <ID>bpt6k46151665</ID>
    <titre>L'OEuvre</titre>
    <dateEdition>1918-10-06</dateEdition>
    <notice>cb34429265b</notice>
    <nbPage>4</nbPage>
  </metad>
  <contenus>
    <largeurPx>6077</largeurPx>
    <hauteurPx>8718</hauteurPx>
    <nbArticle>57</nbArticle>
    <pages>
      <page ordre="1">
        <nbMot>2689</nbMot>
        <blocTexte>99</blocTexte>
        <blocTab>0</blocTab>
        <blocPub>0</blocPub>
        <blocIll>0</blocIll>
      </page>
      <page ordre="2">
        <nbMot>3751</nbMot>
        <blocTexte>112</blocTexte>
        <blocTab>0</blocTab>
        <blocPub>1</blocPub>
        <blocIll>3</blocIll>
        <ills/>
      </page>
      <page ordre="3">
        <nbMot>4440</nbMot>
        <blocTexte>98</blocTexte>
        <blocTab>0</blocTab>
        <blocPub>14</blocPub>
        <blocIll>1</blocIll>
        <ills/>
      </page>
      <page ordre="4">
        <nbMot>3600</nbMot>
        <blocTexte>164</blocTexte>
        <blocTab>0</blocTab>
        <blocPub>16</blocPub>
        <blocIll>4</blocIll>
        <ills>
          <ill classif="DFdnn" couleur="mono" derniere="true" edit="1" h="1013" n="4-1" pub="1" taille="1.02010580801715" w="961" x="2014" y="6362">
            <titraille>L'AFFAIRE MAUNOURY</titraille>
            <index>L'AFFAIRE MAUNOURY</index>
            <genre source="hm" time="2019-09-29T16:17:45.932+02:00">publicite</genre>
            <genre source="final">publicite</genre>
          </ill>
        </ills>
      </page>
    </pages>
  </contenus>
</analyseAlto>