<doc>
  <metad>
    <type>P</type>
    <ID>bpt6k46155580</ID>
    <titre>L'OEuvre</titre>
    <dateEdition>1919-05-03</dateEdition>
    <notice>cb34429265b</notice>
    <nbPage>6</nbPage>
  </metad>
  <contenus>
    <largeurPx>5864</largeurPx>
    <hauteurPx>8674</hauteurPx>
    <nbArticle>86</nbArticle>
    <pages>
      <page ordre="1">
        <nbMot>3641</nbMot>
        <blocTexte>140</blocTexte>
        <blocTab>0</blocTab>
        <blocPub>0</blocPub>
        <blocIll>0</blocIll>
      </page>
      <page ordre="2">
        <nbMot>3809</nbMot>
        <blocTexte>124</blocTexte>
        <blocTab>0</blocTab>
        <blocPub>14</blocPub>
        <blocIll>2</blocIll>
        <ills/>
      </page>
      <page ordre="3">
        <nbMot>5738</nbMot>
        <blocTexte>118</blocTexte>
        <blocTab>0</blocTab>
        <blocPub>0</blocPub>
        <blocIll>1</blocIll>
        <ills/>
      </page>
      <page ordre="4">
        <nbMot>3453</nbMot>
        <blocTexte>146</blocTexte>
        <blocTab>0</blocTab>
        <blocPub>23</blocPub>
        <blocIll>3</blocIll>
        <ills/>
      </page>
      <page ordre="5">
        <nbMot>3662</nbMot>
        <blocTexte>173</blocTexte>
        <blocTab>0</blocTab>
        <blocPub>32</blocPub>
        <blocIll>5</blocIll>
        <ills>
          <ill classif="DFdnn" couleur="mono" edit="1" h="1099" n="5-5" pub="1" taille="1.11822528852651" w="971" x="4442" y="5375">
            <contenuImg CS="0.93" h="442" w="390" sexe="P" source="dnn" x="315" y="337">face</contenuImg>
            <titraille>Contre le spleen.</titraille>
            <leg>Mlle Rolande BACHARD.</leg>
            <index>Contre le spleen.Mlle Rolande BACHARD.</index>
            <genre source="hm" time="2019-09-29T14:10:23.068+02:00">publicite</genre>
            <genre source="final">publicite</genre>
          </ill>
        </ills>
      </page>
      <page ordre="6">
        <nbMot>3978</nbMot>
        <blocTexte>119</blocTexte>
        <blocTab>0</blocTab>
        <blocPub>0</blocPub>
        <blocIll>0</blocIll>
      </page>
    </pages>
  </contenus>
</doc>