<doc>
  <metad>
    <type>P</type>
    <ID>bpt6k4615183p</ID>
    <titre>L'OEuvre</titre>
    <dateEdition>1918-10-23</dateEdition>
    <notice>cb34429265b</notice>
    <nbPage>4</nbPage>
  </metad>
  <contenus>
    <largeurPx>6125</largeurPx>
    <hauteurPx>8718</hauteurPx>
    <nbArticle>58</nbArticle>
    <pages>
      <page ordre="1">
        <nbMot>3670</nbMot>
        <blocTexte>117</blocTexte>
        <blocTab>0</blocTab>
        <blocPub>0</blocPub>
        <blocIll>1</blocIll>
        <ills/>
      </page>
      <page ordre="2">
        <nbMot>4002</nbMot>
        <blocTexte>109</blocTexte>
        <blocTab>0</blocTab>
        <blocPub>0</blocPub>
        <blocIll>2</blocIll>
        <ills/>
      </page>
      <page ordre="3">
        <nbMot>4460</nbMot>
        <blocTexte>159</blocTexte>
        <blocTab>0</blocTab>
        <blocPub>5</blocPub>
        <blocIll>1</blocIll>
        <ills/>
      </page>
      <page ordre="4">
        <nbMot>4311</nbMot>
        <blocTexte>183</blocTexte>
        <blocTab>0</blocTab>
        <blocPub>23</blocPub>
        <blocIll>3</blocIll>
        <ills>
          <ill couleur="mono" derniere="true" edit="1" h="477" n="4-2" pub="1" taille="0.207933324324324" w="416" x="3804" y="7185">
            <index/>
            <genre source="hm" time="2019-09-29T16:17:48.047+02:00">publicite</genre>
            <genre source="final">publicite</genre>
          </ill>
        </ills>
      </page>
    </pages>
  </contenus>
</doc>