<analyseAlto>
  <metad>
    <type>P</type>
    <ID>bpt6k4615911z</ID>
    <titre>L'OEuvre</titre>
    <dateEdition>1918-04-24</dateEdition>
    <notice>cb34429265b</notice>
    <nbPage>4</nbPage>
  </metad>
  <contenus>
    <largeurPx>6094</largeurPx>
    <hauteurPx>8690</hauteurPx>
    <nbArticle>65</nbArticle>
    <pages>
      <page ordre="1">
        <nbMot>3263</nbMot>
        <blocTexte>101</blocTexte>
        <blocTab>0</blocTab>
        <blocPub>0</blocPub>
        <blocIll>0</blocIll>
      </page>
      <page ordre="2">
        <nbMot>4203</nbMot>
        <blocTexte>138</blocTexte>
        <blocTab>0</blocTab>
        <blocPub>8</blocPub>
        <blocIll>1</blocIll>
        <ills/>
      </page>
      <page ordre="3">
        <nbMot>3554</nbMot>
        <blocTexte>140</blocTexte>
        <blocTab>0</blocTab>
        <blocPub>8</blocPub>
        <blocIll>3</blocIll>
        <ills/>
      </page>
      <page ordre="4">
        <nbMot>3880</nbMot>
        <blocTexte>177</blocTexte>
        <blocTab>0</blocTab>
        <blocPub>29</blocPub>
        <blocIll>5</blocIll>
        <ills>
          <ill couleur="mono" derniere="true" edit="1" h="953" n="4-2" pub="1" taille="1.03857682432432" w="1040" x="3195" y="6417">
            <index/>
            <genre source="hm" time="2019-09-29T16:17:01.305+02:00">publicite</genre>
            <genre source="final">publicite</genre>
          </ill>
        </ills>
      </page>
    </pages>
  </contenus>
</analyseAlto>