<doc>
  <metad>
    <type>P</type>
    <ID>bpt6k4615348x</ID>
    <titre>L'OEuvre</titre>
    <dateEdition>1916-10-04</dateEdition>
    <notice>cb34429265b</notice>
    <nbPage>4</nbPage>
  </metad>
  <contenus>
    <largeurPx>5956</largeurPx>
    <hauteurPx>8508</hauteurPx>
    <nbArticle>77</nbArticle>
    <pages>
      <page ordre="1">
        <nbMot>3315</nbMot>
        <blocTexte>112</blocTexte>
        <blocTab>0</blocTab>
        <blocPub>0</blocPub>
        <blocIll>0</blocIll>
      </page>
      <page ordre="2">
        <nbMot>3908</nbMot>
        <blocTexte>143</blocTexte>
        <blocTab>0</blocTab>
        <blocPub>0</blocPub>
        <blocIll>1</blocIll>
        <ills/>
      </page>
      <page ordre="3">
        <nbMot>4206</nbMot>
        <blocTexte>93</blocTexte>
        <blocTab>0</blocTab>
        <blocPub>3</blocPub>
        <blocIll>1</blocIll>
        <ills/>
      </page>
      <page ordre="4">
        <nbMot>4259</nbMot>
        <blocTexte>206</blocTexte>
        <blocTab>0</blocTab>
        <blocPub>23</blocPub>
        <blocIll>1</blocIll>
        <ills>
          <ill classif="DFdnn" couleur="mono" derniere="true" edit="1" h="629" n="4-1" pub="1" taille="0.318353891826923" w="483" x="2652" y="6563">
            <contenuImg CS="1.00" h="385" w="282" sexe="P" source="dnn" x="110" y="110">face</contenuImg>
            <titraille>Les mauvais jours</titraille>
            <index>Les mauvais jours</index>
            <genre source="hm" time="2019-09-29T14:09:40.062+02:00">publicite</genre>
            <genre source="final">publicite</genre>
          </ill>
        </ills>
      </page>
    </pages>
  </contenus>
</doc>