<analyseAlto>
  <metad>
    <type>P</type>
    <ID>bpt6k4616759d</ID>
    <titre>L'OEuvre</titre>
    <dateEdition>1920-02-14</dateEdition>
    <notice>cb34429265b</notice>
    <nbPage>4</nbPage>
  </metad>
  <contenus>
    <largeurPx>5958</largeurPx>
    <hauteurPx>8704</hauteurPx>
    <nbArticle>71</nbArticle>
    <pages>
      <page ordre="1">
        <nbMot>3584</nbMot>
        <blocTexte>133</blocTexte>
        <blocTab>0</blocTab>
        <blocPub>0</blocPub>
        <blocIll>2</blocIll>
        <ills/>
      </page>
      <page ordre="2">
        <nbMot>3665</nbMot>
        <blocTexte>138</blocTexte>
        <blocTab>0</blocTab>
        <blocPub>4</blocPub>
        <blocIll>2</blocIll>
        <ills/>
      </page>
      <page ordre="3">
        <nbMot>3738</nbMot>
        <blocTexte>181</blocTexte>
        <blocTab>0</blocTab>
        <blocPub>6</blocPub>
        <blocIll>1</blocIll>
        <ills/>
      </page>
      <page ordre="4">
        <nbMot>3775</nbMot>
        <blocTexte>189</blocTexte>
        <blocTab>0</blocTab>
        <blocPub>28</blocPub>
        <blocIll>5</blocIll>
        <ills>
          <ill couleur="mono" derniere="true" edit="1" h="1232" n="4-4" pub="1" taille="1.28582668191268" w="996" x="2611" y="3554">
            <titraille>Choisir.</titraille>
            <leg>Mlle COGNE. (CI. Julien.)</leg>
            <index>Choisir.Mlle COGNE. (CI. Julien.)</index>
            <genre source="hm" time="2019-09-29T16:19:09.215+02:00">publicite</genre>
            <genre source="final">publicite</genre>
          </ill>
        </ills>
      </page>
    </pages>
  </contenus>
</analyseAlto>