<doc>
  <metad>
    <type>P</type>
    <ID>bpt6k4616152f</ID>
    <titre>L'OEuvre</titre>
    <dateEdition>1920-12-21</dateEdition>
    <notice>cb34429265b</notice>
    <nbPage>4</nbPage>
  </metad>
  <contenus>
    <largeurPx>5733</largeurPx>
    <hauteurPx>8558</hauteurPx>
    <nbArticle>76</nbArticle>
    <pages>
      <page ordre="1">
        <nbMot>3522</nbMot>
        <blocTexte>129</blocTexte>
        <blocTab>0</blocTab>
        <blocPub>0</blocPub>
        <blocIll>4</blocIll>
        <ills/>
      </page>
      <page ordre="2">
        <nbMot>3931</nbMot>
        <blocTexte>131</blocTexte>
        <blocTab>0</blocTab>
        <blocPub>2</blocPub>
        <blocIll>2</blocIll>
        <ills/>
      </page>
      <page ordre="3">
        <nbMot>3916</nbMot>
        <blocTexte>162</blocTexte>
        <blocTab>0</blocTab>
        <blocPub>5</blocPub>
        <blocIll>6</blocIll>
        <ills/>
      </page>
      <page ordre="4">
        <nbMot>4319</nbMot>
        <blocTexte>218</blocTexte>
        <blocTab>0</blocTab>
        <blocPub>19</blocPub>
        <blocIll>10</blocIll>
        <ills>
          <ill classif="DFdnn" couleur="mono" derniere="true" edit="1" h="312" n="4-1" pub="1" taille="0.120640560810811" w="369" x="3520" y="3526">
            <index/>
            <genre source="hm" time="2019-09-29T16:20:22.348+02:00">publicite</genre>
            <genre source="final">publicite</genre>
          </ill>
        </ills>
      </page>
    </pages>
  </contenus>
</doc>