<analyseAlto>
  <metad>
    <type>P</type>
    <ID>bpt6k4616072v</ID>
    <titre>L'OEuvre</titre>
    <dateEdition>1920-10-02</dateEdition>
    <notice>cb34429265b</notice>
    <nbPage>4</nbPage>
  </metad>
  <contenus>
    <largeurPx>6050</largeurPx>
    <hauteurPx>8600</hauteurPx>
    <nbArticle>79</nbArticle>
    <pages>
      <page ordre="1">
        <nbMot>3335</nbMot>
        <blocTexte>107</blocTexte>
        <blocTab>0</blocTab>
        <blocPub>0</blocPub>
        <blocIll>1</blocIll>
        <ills/>
      </page>
      <page ordre="2">
        <nbMot>4024</nbMot>
        <blocTexte>128</blocTexte>
        <blocTab>0</blocTab>
        <blocPub>0</blocPub>
        <blocIll>3</blocIll>
        <ills/>
      </page>
      <page ordre="3">
        <nbMot>5158</nbMot>
        <blocTexte>167</blocTexte>
        <blocTab>0</blocTab>
        <blocPub>0</blocPub>
        <blocIll>2</blocIll>
        <ills/>
      </page>
      <page ordre="4">
        <nbMot>4332</nbMot>
        <blocTexte>216</blocTexte>
        <blocTab>0</blocTab>
        <blocPub>13</blocPub>
        <blocIll>3</blocIll>
        <ills>
          <ill classif="DFdnn" couleur="mono" derniere="true" edit="1" h="385" n="4-1" pub="1" taille="0.292893502468815" w="726" x="4036" y="4548">
            <index/>
            <genre source="hm" time="2019-09-29T16:20:04.645+02:00">publicite</genre>
            <genre source="final">publicite</genre>
          </ill>
        </ills>
      </page>
    </pages>
  </contenus>
</analyseAlto>