<analyseAlto>
  <metad>
    <type>P</type>
    <ID>bpt6k597687c</ID>
    <titre>La Presse</titre>
    <dateEdition>1913-12-08</dateEdition>
    <nbPage>4</nbPage>
    <suppl>FALSE</suppl>
  </metad>
  <contenus>
    <largeur>435</largeur>
    <hauteur>584</hauteur>
    <pages>
      <page ordre="1">
        <nbMot>742</nbMot>
        <blocTexte>41</blocTexte>
        <blocTab>0</blocTab>
        <blocPub>0</blocPub>
        <blocIll ocr="3">0</blocIll>
        <ills/>
      </page>
      <page ordre="2">
        <nbMot>1078</nbMot>
        <blocTexte>37</blocTexte>
        <blocTab>0</blocTab>
        <blocPub>0</blocPub>
        <blocIll ocr="5">0</blocIll>
        <ills/>
      </page>
      <page ordre="3">
        <nbMot>1030</nbMot>
        <blocTexte>50</blocTexte>
        <blocTab>0</blocTab>
        <blocPub>0</blocPub>
        <blocIll ocr="4">1</blocIll>
        <ills>
          <ill couleur="gris" edit="1" h="653" n="3-2" pub="1" taille="0" w="353" x="930" y="2011">
            <tech source="final">imp photoméca</tech>
            <tech source="md">imp photoméca</tech>
            <leg>Lefapi wiaî és flî^pio^ Au Nouveau-Cir.que^ — Les finales Ce «oir grandes batailles La séance d'hieir peut compter pfsrnn les plus 'belles du sensationnel itournai que M. Debray a su ■ organiser de façon de maitise, a son coquet .établissement.-de la -rue :bamt- BotoOre. Le, 3îurc Adelphi -'Pediv-am -toucha le Japonais -Myake, le lu-rc .Yousouf BereMi écrasa -Constant de Paris: .le Bolonais -Zj'bszko descendit Fourmer, T-AHemand Sait eut rai son du .Hollandais «de Riddieriet P-eteirsein fut victorieux de Jimmy Ess'Mi. . Et la .séance d hier .n'a ete qu'un ^patut lever de rideau., en comparaison de celle que nous aurons -c.e soar. Nous allons voir Raoul de Rouen oon.tre le fameux Sibérien Spoul. ■Raoui, ;en ateiiTable f-oaime, a;uir;a a s'em ployer poua- venu- a bo.uit d'uia -homme qui joint ,.a une force peu. commiume, une comba- tiwte qui vo.isin,e parfois avec la p.lus sau vage brutalité. Sans le.sang-froid d'un arbi tre experi.me.nte, il -esd; lien® .die dioute que le j Sibérien eut e-te d'ena éloigné du champion nat, m.ais l'ai-bitire vei.lle_£t..sait. -toiijxaiK ..p're-. venir les brutalités inutile.s, car il serait mal heureux de voir éliminer uu concurrent va- leuïieirax, q-ui ne peut, .hélas.4 commander .a ses narîs. -Raoul n'est- du reste, 'pas homme a se laisses - mfluencer, : et al-saura taire « jeu égal » avec, le Sibérien. - Avant ce -camibat,- -no-os aurons d'autres ! emouivantes bataalles-|-* v.oici du  reste le -p.ro- gramme de la : soiree : ■ * Adahli Pedavan</leg>
            <txt>1.COPÎNÛ IMPREVU .La scene- sa-- passœa 'dates- un theàtre- xles boulevards, dont l affiche porte -le .nom d'un ■pavillon de ■niât- - Pendant Vcntv'act-e..— nan ne se perd,-tous 1 se r6cT.eant on fait dcfiler sur un écran des projections lumineuses vantant, entre deux nouvelles du mur; .les bienfaits de %a pâte -. uvilatow.p, :et du cuir a rasoir. . {Belle ..pubîicïté : n'a . d'ailleurs aucun \ rapport, avec I''.navre i Que l'on représente:) \ Soudain, une infor- wMion annonça -au. public demeuré dam Ja salle gîte l'intrépide' ■GiteviUi.ar-d venait de ■ faire unè chute en ef fectuant ses audacieu ses expériences à. Vé- irarigïr. - XJn moTwemerit de toucha nie -compassion se manifesta tout ■a coup, dominé par -un -cri perçant de femme..- Dressée 'aux fau teuils, .une jeune dame Monde battu l'air com- - me un oiseau blessé, et effectue, au milieu d'un émoi bien compré hensible, un looping 4he loop ■involontaire mais impeccable. Revenue de son'évanouissement,'on puti ra- 'Pidement-informer cette Jervervte adepte -d-e GheviUiard.ctuic île eouragev.x'pilote n'était que- ■très- leg-ersmmt blessL' .' •- . .- ' L'AvtAlEUR -jnconn-e» . LE STAND DE NOS LECTEURS</txt>
            <index>Lefapi wiaî és flî^pio^ Au Nouveau-Cir.que^ — Les finales Ce «oir grandes batailles La séance d'hieir peut compter pfsrnn les plus 'belles du sensationnel itournai que M. Debray a su ■ organiser de façon de maitise, a son coquet .établissement.-de la -rue :bamt- BotoOre. Le, 3îurc Adelphi -'Pediv-am -toucha le Japonais -Myake, le lu-rc .Yousouf BereMi écrasa -Constant de Paris: .le Bolonais -Zj'bszko descendit Fourmer, T-AHemand Sait eut rai son du .Hollandais «de Riddieriet P-eteirsein fut victorieux de Jimmy Ess'Mi. . Et la .séance d hier .n'a ete qu'un ^patut lever de rideau., en comparaison de celle que nous aurons -c.e soar. Nous allons voir Raoul de Rouen oon.tre le fameux Sibérien Spoul. ■Raoui, ;en ateiiTable f-oaime, a;uir;a a s'em ployer poua- venu- a bo.uit d'uia -homme qui joint ,.a une force peu. commiume, une comba- tiwte qui vo.isin,e parfois avec la p.lus sau vage brutalité. Sans le.sang-froid d'un arbi tre experi.me.nte, il -esd; lien® .die dioute que le j Sibérien eut e-te d'ena éloigné du champion nat, m.ais l'ai-bitire vei.lle_£t..sait. -toiijxaiK ..p're-. venir les brutalités inutile.s, car il serait mal heureux de voir éliminer uu concurrent va- leuïieirax, q-ui ne peut, .hélas.4 commander .a ses narîs. -Raoul n'est- du reste, 'pas homme a se laisses - mfluencer, : et al-saura taire « jeu égal » avec, le Sibérien. - Avant ce -camibat,- -no-os aurons d'autres ! emouivantes bataalles-|-* v.oici du  reste le -p.ro- gramme de la : soiree : ■ * Adahli Pedavan1.COPÎNÛ IMPREVU .La scene- sa-- passœa 'dates- un theàtre- xles boulevards, dont l affiche porte -le .nom d'un ■pavillon de ■niât- - Pendant Vcntv'act-e..— nan ne se perd,-tous 1 se r6cT.eant on fait dcfiler sur un écran des projections lumineuses vantant, entre deux nouvelles du mur; .les bienfaits de %a pâte -. uvilatow.p, :et du cuir a rasoir. . {Belle ..pubîicïté : n'a . d'ailleurs aucun \ rapport, avec I''.navre i Que l'on représente:) \ Soudain, une infor- wMion annonça -au. public demeuré dam Ja salle gîte l'intrépide' ■GiteviUi.ar-d venait de ■ faire unè chute en ef fectuant ses audacieu ses expériences à. Vé- irarigïr. - XJn moTwemerit de toucha nie -compassion se manifesta tout ■a coup, dominé par -un -cri perçant de femme..- Dressée 'aux fau teuils, .une jeune dame Monde battu l'air com- - me un oiseau blessé, et effectue, au milieu d'un émoi bien compré hensible, un looping 4he loop ■involontaire mais impeccable. Revenue de son'évanouissement,'on puti ra- 'Pidement-informer cette Jervervte adepte -d-e GheviUiard.ctuic île eouragev.x'pilote n'était que- ■très- leg-ersmmt blessL' .' •- . .- ' L'AvtAlEUR -jnconn-e» . LE STAND DE NOS LECTEURS</index>
          </ill>
        </ills>
      </page>
      <page ordre="4">
        <nbMot>1282</nbMot>
        <blocTexte>167</blocTexte>
        <blocTab>0</blocTab>
        <blocPub>0</blocPub>
        <blocIll ocr="11">0</blocIll>
        <ills/>
      </page>
    </pages>
  </contenus>
</analyseAlto>