<analyseAlto>
  <metad>
    <type>P</type>
    <ID>bpt6k596766b</ID>
    <titre>La Presse</titre>
    <dateEdition>1911-05-29</dateEdition>
    <nbPage>4</nbPage>
    <suppl>FALSE</suppl>
  </metad>
  <contenus>
    <largeur>435</largeur>
    <hauteur>584</hauteur>
    <pages>
      <page ordre="1">
        <nbMot>788</nbMot>
        <blocTexte>49</blocTexte>
        <blocTab>0</blocTab>
        <blocPub>0</blocPub>
        <blocIll ocr="13">0</blocIll>
        <ills/>
      </page>
      <page ordre="2">
        <nbMot>1026</nbMot>
        <blocTexte>34</blocTexte>
        <blocTab>0</blocTab>
        <blocPub>0</blocPub>
        <blocIll ocr="2">0</blocIll>
        <ills/>
      </page>
      <page ordre="3">
        <nbMot>951</nbMot>
        <blocTexte>93</blocTexte>
        <blocTab>0</blocTab>
        <blocPub>0</blocPub>
        <blocIll ocr="6">2</blocIll>
        <ills>
          <ill couleur="gris" edit="1" h="718" n="3-2" pub="1" taille="1" w="947" x="1850" y="2572">
            <tech source="final">imp photoméca</tech>
            <tech source="md">imp photoméca</tech>
            <leg>L,E PNEU</leg>
            <txt>Maigre le temps peu favorable, hae-r, a l'aérodrome de Getafe, \e- drmes a vole vingt minutes, et a execu.-té des virages dans toutes les directions, passant en rasant la tribune dans laquelle se trouvaient la famille royale ,e ministre de la Guerre et le comte de Romanones.</txt>
            <index>L,E PNEUMaigre le temps peu favorable, hae-r, a l'aérodrome de Getafe, \e- drmes a vole vingt minutes, et a execu.-té des virages dans toutes les directions, passant en rasant la tribune dans laquelle se trouvaient la famille royale ,e ministre de la Guerre et le comte de Romanones.</index>
          </ill>
          <ill couleur="gris" edit="1" h="567" n="3-3" pub="1" taille="0" w="721" x="4283" y="1837">
            <tech source="final">imp photoméca</tech>
            <tech source="md">imp photoméca</tech>
            <contenuImg CS="1" lang="fr" source="hm" time="2020-04-08T17:40:25.475+02:00">vélo</contenuImg>
            <leg>AVEC K T3VX TORPEOO jssuelibre ci frein, di toe .j.r.fttalsîj» A. APPLEBV Pooos an «bol* o. do rljaol..,.</leg>
            <txt>Le Prix Marius Duhonnet Huit nallons sont partis hier ..samedi, ù cmiq -lie-u/res, du. -Parc de l'Aéro-Olufe. de France, aux Côfceanx de Saint-Clduid, en vue du prrix de .(disiance fonde par: Manus Du bonnet : - ■ ■ - . Acro-Club du -Bearn, . pitete M. Georges Blauchet--; L'Ivipmm,. pilote :M. André Maggiar •. Picardie, IL ■ pil-ote M; Mamnce Bienainiié : Aduinaslnr, pilote il. Enoest BaiThot-te ; Djinn, pilote M-. Jules. Dubois ; \tlle d'Orléans, pilote . M.-André Scliel- cher ; L'Abeille, pilote, M.- A. -Oiiier-Decu- gis ; flelene II, pilote, M. Georges Pier- ron. SXBEAK. A la Pisie Municipale La grande réunion da la Pentecôte Il nous faut aujourd'hui rappeler que la troisième fete cycliste .annuelle du.« Club Sportif P-y-gmalion » aura lieu le 4 ]uin prochain a'la .piste .municipale-de Vincen- nes, à-deux heures et deniie'précisés, sous la présidence d'honneur de MiM. Uiion et Petit, les syîii.patniques directeurs des Grands Magasins « A P-ygnialion ». Le programme compoïte : Championnat de. vitesse C.S.P; (3 prix: dont une niontre en. nr . offerte par MM. '.Uriom et. Petit). 19 engages. Prix de- la Nouveaut® (C.S.P: excepté) . Inte-nnag-asins 1.000 m. (4 piix d'une valeur totale de 270 francs). 39 engages, Handicap 8Ô0 m. réservé au C.S.P. non classes du Championnat. (6 prix). ■Consolation.- C.S.P. reservée-aux coureurs n avant, rien gagné (4 prix). -Demi-fond. 10:kil, mtermagasins et C.S.P. (5 prix d a une valeur.de 290 fr.). 38 engages. Grand Prix de Pygmalion; £5 kil., ÇA ET L^ Nous, sommes heureux d'app-rendfro qu  letat de l'aviatrice Mme Nièl, est excellent et quelle sera rétablie sous peu. x En l'hôtel des Ingénieurs civils, jeudi soir* la Société française de Navigation aérienne tiendra -sa réunion mensuelle.. A Issy-les-Mo-ulmeaux, l'actif sporismen' aviateur Delétang, réussit chaque -jour dt superbes vols avec , un nouvel appareil- X I^e. Circuit de l'Ouest .cycliste continue o.vec sucres. L'etope d'huer, dont le but- était saint- Malo, a ete gagnee par Cuéguen. ~. ■vç Une, souscription ouverte a Shanghai pour venir en aide .a la veuve de l'aviateur Vallon a produit 10.00.0 dollars. x Trente-six coureurs sont de]a inscrits dans le Tour de France, cycliste qui se disputera •du 2 a u 30 juillet prochain. - , - - . x; Liege, -'28 mai. — Avec son. monoplan Mo- rane, moteur Gnome, Verrept effectue, au-des sus de.Liege, .un beau vol. Le Marathon amateurs organisé par les Po- lytechnic Hamers, • de Windsor a Londres, a' été gagne par -Green -en 2 h. 46 m \ • X • Le Sport'ing Club-de la Coiffure donnéra de main lundi a 9 li. du •matin, à Bûffaio. une grande, réunion .cveliste.' - - X 'Sur le parcours Miian-Bologne' a ete courue hier la septième -etape du Touy-d'-ltalie- .cve -lls- te : 1. Beni, en-13 h. 16 m. ■x ■ J.- Labou-ûtoero sera le 4 juin a Rome pouas veter au meetoig organise à 1 occasion de la GO'Ui'se PaiKS-Rfime-Tuffin. .</txt>
            <index>AVEC K T3VX TORPEOO jssuelibre ci frein, di toe .j.r.fttalsîj» A. APPLEBV Pooos an «bol* o. do rljaol..,.Le Prix Marius Duhonnet Huit nallons sont partis hier ..samedi, ù cmiq -lie-u/res, du. -Parc de l'Aéro-Olufe. de France, aux Côfceanx de Saint-Clduid, en vue du prrix de .(disiance fonde par: Manus Du bonnet : - ■ ■ - . Acro-Club du -Bearn, . pitete M. Georges Blauchet--; L'Ivipmm,. pilote :M. André Maggiar •. Picardie, IL ■ pil-ote M; Mamnce Bienainiié : Aduinaslnr, pilote il. Enoest BaiThot-te ; Djinn, pilote M-. Jules. Dubois ; \tlle d'Orléans, pilote . M.-André Scliel- cher ; L'Abeille, pilote, M.- A. -Oiiier-Decu- gis ; flelene II, pilote, M. Georges Pier- ron. SXBEAK. A la Pisie Municipale La grande réunion da la Pentecôte Il nous faut aujourd'hui rappeler que la troisième fete cycliste .annuelle du.« Club Sportif P-y-gmalion » aura lieu le 4 ]uin prochain a'la .piste .municipale-de Vincen- nes, à-deux heures et deniie'précisés, sous la présidence d'honneur de MiM. Uiion et Petit, les syîii.patniques directeurs des Grands Magasins « A P-ygnialion ». Le programme compoïte : Championnat de. vitesse C.S.P; (3 prix: dont une niontre en. nr . offerte par MM. '.Uriom et. Petit). 19 engages. Prix de- la Nouveaut® (C.S.P: excepté) . Inte-nnag-asins 1.000 m. (4 piix d'une valeur totale de 270 francs). 39 engages, Handicap 8Ô0 m. réservé au C.S.P. non classes du Championnat. (6 prix). ■Consolation.- C.S.P. reservée-aux coureurs n avant, rien gagné (4 prix). -Demi-fond. 10:kil, mtermagasins et C.S.P. (5 prix d a une valeur.de 290 fr.). 38 engages. Grand Prix de Pygmalion; £5 kil., ÇA ET L^ Nous, sommes heureux d'app-rendfro qu  letat de l'aviatrice Mme Nièl, est excellent et quelle sera rétablie sous peu. x En l'hôtel des Ingénieurs civils, jeudi soir* la Société française de Navigation aérienne tiendra -sa réunion mensuelle.. A Issy-les-Mo-ulmeaux, l'actif sporismen' aviateur Delétang, réussit chaque -jour dt superbes vols avec , un nouvel appareil- X I^e. Circuit de l'Ouest .cycliste continue o.vec sucres. L'etope d'huer, dont le but- était saint- Malo, a ete gagnee par Cuéguen. ~. ■vç Une, souscription ouverte a Shanghai pour venir en aide .a la veuve de l'aviateur Vallon a produit 10.00.0 dollars. x Trente-six coureurs sont de]a inscrits dans le Tour de France, cycliste qui se disputera •du 2 a u 30 juillet prochain. - , - - . x; Liege, -'28 mai. — Avec son. monoplan Mo- rane, moteur Gnome, Verrept effectue, au-des sus de.Liege, .un beau vol. Le Marathon amateurs organisé par les Po- lytechnic Hamers, • de Windsor a Londres, a' été gagne par -Green -en 2 h. 46 m \ • X • Le Sport'ing Club-de la Coiffure donnéra de main lundi a 9 li. du •matin, à Bûffaio. une grande, réunion .cveliste.' - - X 'Sur le parcours Miian-Bologne' a ete courue hier la septième -etape du Touy-d'-ltalie- .cve -lls- te : 1. Beni, en-13 h. 16 m. ■x ■ J.- Labou-ûtoero sera le 4 juin a Rome pouas veter au meetoig organise à 1 occasion de la GO'Ui'se PaiKS-Rfime-Tuffin. .</index>
            <contenuImg CS="1" lang="en" source="hm" time="2020-04-08T17:40:25.475+02:00">bicycle</contenuImg>
          </ill>
        </ills>
      </page>
      <page ordre="4">
        <nbMot>989</nbMot>
        <blocTexte>221</blocTexte>
        <blocTab>0</blocTab>
        <blocPub>0</blocPub>
        <blocIll ocr="14">4</blocIll>
        <ills>
          <ill couleur="gris" derniere="true" edit="1" h="497" n="4-1" pub="1" taille="0" w="774" x="1810" y="1926">
            <tech source="final">imp photoméca</tech>
            <tech source="md">imp photoméca</tech>
            <leg>LE COMPTOIR INTERNATIONAL achète le plus cher bijoux, perles, pierres fines et reconnaissances, M, Chaussée d'Antin ( 2« ét. Tél. 269-67. Face aux Galeries Lafayette.</leg>
            <txt>M. Pan.tali G. Martin - W. Botten J. d'Okhuysen N. Tumner F. Burlew Willy Carter A. VVatkins Propriétaire Propriétaire Propriétaire Propriétaire Beaumô Propriétaire G.Bartholomew J. Reiff O'Neill Non partant Sumter X. F. Williams Rovella J. Bara Non partant Non partant Bottequln F. Lane Non partant</txt>
            <index>LE COMPTOIR INTERNATIONAL achète le plus cher bijoux, perles, pierres fines et reconnaissances, M, Chaussée d'Antin ( 2« ét. Tél. 269-67. Face aux Galeries Lafayette.M. Pan.tali G. Martin - W. Botten J. d'Okhuysen N. Tumner F. Burlew Willy Carter A. VVatkins Propriétaire Propriétaire Propriétaire Propriétaire Beaumô Propriétaire G.Bartholomew J. Reiff O'Neill Non partant Sumter X. F. Williams Rovella J. Bara Non partant Non partant Bottequln F. Lane Non partant</index>
          </ill>
          <ill couleur="gris" derniere="true" edit="1" h="1473" n="4-2" pub="1" taille="1" w="608" x="206" y="3693">
            <tech source="final">imp photoméca</tech>
            <tech source="md">imp photoméca</tech>
            <leg>Eleganl Trotteur en belle tresss perlée, véritable tissu anglais ; paletot coupe nouvelle doublé satin pékin, revers tarai soie et pékin noir et lane,gracieuses manches trois-quarts.jupe nouvelle avec pointe relevée for mant revers, orné dépassant. AAr Véritable costume «  S d'excursion V V Le même Costume en magnifique toile ottoman rayee, grain très soyeui,  jolies nuances nouvelles, paletot doublé. tn OC Kéclame la UU</leg>
            <txt>FYGMA8JON Lundi 20 Mai TOILETTES o'ÉTÉ Elégant CHAPEAU</txt>
            <index>Eleganl Trotteur en belle tresss perlée, véritable tissu anglais ; paletot coupe nouvelle doublé satin pékin, revers tarai soie et pékin noir et lane,gracieuses manches trois-quarts.jupe nouvelle avec pointe relevée for mant revers, orné dépassant. AAr Véritable costume «  S d'excursion V V Le même Costume en magnifique toile ottoman rayee, grain très soyeui,  jolies nuances nouvelles, paletot doublé. tn OC Kéclame la UUFYGMA8JON Lundi 20 Mai TOILETTES o'ÉTÉ Elégant CHAPEAU</index>
          </ill>
          <ill couleur="gris" derniere="true" edit="1" h="895" n="4-3" pub="1" taille="0" w="570" x="1183" y="4072">
            <tech source="final">imp photoméca</tech>
            <tech source="md">imp photoméca</tech>
            <leg>Chemisier</leg>
            <txt>1 Eleganl Trotteur en belle tresss perlée, véritable tissu anglais ; paletot coupe nouvelle doublé satin pékin, revers tarai soie et pékin noir et lane,gracieuses manches trois-quarts.jupe nouvelle avec pointe relevée for mant revers, orné dépassant. AAr Véritable costume «  S d'excursion V V Le même Costume en magnifique toile ottoman rayee, grain très soyeui,  jolies nuances nouvelles, paletot doublé. tn OC Kéclame la UU</txt>
            <index>Chemisier1 Eleganl Trotteur en belle tresss perlée, véritable tissu anglais ; paletot coupe nouvelle doublé satin pékin, revers tarai soie et pékin noir et lane,gracieuses manches trois-quarts.jupe nouvelle avec pointe relevée for mant revers, orné dépassant. AAr Véritable costume «  S d'excursion V V Le même Costume en magnifique toile ottoman rayee, grain très soyeui,  jolies nuances nouvelles, paletot doublé. tn OC Kéclame la UU</index>
          </ill>
          <ill couleur="gris" derniere="true" edit="1" h="1535" n="4-4" pub="1" taille="1" w="550" x="2038" y="3640">
            <tech source="final">imp photoméca</tech>
            <tech source="md">imp photoméca</tech>
            <leg>CREDIT-TAILLEUR toct boan es.et dames. Complets et Pardessus sur mesvre, depuis BO tr. payables ÎO (r. par mota, tEDÏSQ D. BOULËTAilD DE SÉBASTOPOL. PARIS. — OUVEBT DE 8 aThBOBX^. DUIANCHB JUSOO*A IlIBIi L'ART DE SE BIEN H£U3LEi j ®SÏÏL MEUBLES ] ■ aœ  fBsn**» , l'adresse piécieuse des H J GRANDS MAGASINS d'AMEUBLEMENT de | mmmM  LA SÂLLE</leg>
            <txt>v ivi*uav f 7.50 Paletot tailleur, en beau tissu anglais, dispo sitions nouvelles, col et parements nouveauté garnis drap uni assorti, boutons riches. Recom mandé pour tes voyages, la campagne. à A Long. 130.Val. 35' Prix</txt>
            <index>CREDIT-TAILLEUR toct boan es.et dames. Complets et Pardessus sur mesvre, depuis BO tr. payables ÎO (r. par mota, tEDÏSQ D. BOULËTAilD DE SÉBASTOPOL. PARIS. — OUVEBT DE 8 aThBOBX^. DUIANCHB JUSOO*A IlIBIi L'ART DE SE BIEN H£U3LEi j ®SÏÏL MEUBLES ] ■ aœ  fBsn**» , l'adresse piécieuse des H J GRANDS MAGASINS d'AMEUBLEMENT de | mmmM  LA SÂLLEv ivi*uav f 7.50 Paletot tailleur, en beau tissu anglais, dispo sitions nouvelles, col et parements nouveauté garnis drap uni assorti, boutons riches. Recom mandé pour tes voyages, la campagne. à A Long. 130.Val. 35' Prix</index>
          </ill>
        </ills>
      </page>
    </pages>
  </contenus>
</analyseAlto>