<analyseAlto>
  <metad>
    <type>P</type>
    <ID>bpt6k597499v</ID>
    <titre>La Presse</titre>
    <dateEdition>1913-06-02</dateEdition>
    <nbPage>4</nbPage>
    <suppl>FALSE</suppl>
  </metad>
  <contenus>
    <largeur>435</largeur>
    <hauteur>584</hauteur>
    <pages>
      <page ordre="1">
        <nbMot>690</nbMot>
        <blocTexte>54</blocTexte>
        <blocTab>0</blocTab>
        <blocPub>0</blocPub>
        <blocIll ocr="8">0</blocIll>
        <ills/>
      </page>
      <page ordre="2">
        <nbMot>1048</nbMot>
        <blocTexte>39</blocTexte>
        <blocTab>0</blocTab>
        <blocPub>0</blocPub>
        <blocIll ocr="1">0</blocIll>
        <ills/>
      </page>
      <page ordre="3">
        <nbMot>1031</nbMot>
        <blocTexte>55</blocTexte>
        <blocTab>0</blocTab>
        <blocPub>0</blocPub>
        <blocIll ocr="10">0</blocIll>
        <ills/>
      </page>
      <page ordre="4">
        <nbMot>962</nbMot>
        <blocTexte>160</blocTexte>
        <blocTab>0</blocTab>
        <blocPub>0</blocPub>
        <blocIll ocr="19">1</blocIll>
        <ills>
          <ill couleur="gris" derniere="true" edit="1" h="791" n="4-11" pub="1" taille="0" w="613" x="2791" y="4641">
            <tech source="final">imp photoméca</tech>
            <tech source="md">imp photoméca</tech>
            <leg>I. 1 OCCASIONS\ EN Tissus L égers] 5;JD!îfiK£S, ETE.</leg>
            <txt>1 CMALM</txt>
            <index>I. 1 OCCASIONS\ EN Tissus L égers] 5;JD!îfiK£S, ETE.1 CMALM</index>
          </ill>
        </ills>
      </page>
    </pages>
  </contenus>
</analyseAlto>