<analyseAlto>
  <metad>
    <type>P</type>
    <ID>bpt6k599661z</ID>
    <titre>La Presse</titre>
    <dateEdition>1919-05-18</dateEdition>
    <nbPage>4</nbPage>
    <suppl>FALSE</suppl>
  </metad>
  <contenus>
    <largeur>434</largeur>
    <hauteur>577</hauteur>
    <pages>
      <page ordre="1">
        <nbMot>747</nbMot>
        <blocTexte>48</blocTexte>
        <blocTab>0</blocTab>
        <blocPub>0</blocPub>
        <blocIll ocr="8">0</blocIll>
        <ills/>
      </page>
      <page ordre="2">
        <nbMot>977</nbMot>
        <blocTexte>37</blocTexte>
        <blocTab>0</blocTab>
        <blocPub>0</blocPub>
        <blocIll ocr="6">0</blocIll>
        <ills/>
      </page>
      <page ordre="3">
        <nbMot>846</nbMot>
        <blocTexte>111</blocTexte>
        <blocTab>0</blocTab>
        <blocPub>0</blocPub>
        <blocIll ocr="14">1</blocIll>
        <ills>
          <ill couleur="gris" edit="1" h="754" n="3-8" pub="1" taille="1" w="1261" x="3556" y="4382">
            <tech source="final">imp photoméca</tech>
            <tech source="md">imp photoméca</tech>
            <txt>ChemiSeS d ®.^ our ' mada P ola, ?  t ro^eri«s Valeur 15. ».</txt>
            <index>1692ChemiSeS d ®.^ our ' mada P ola, ?  t ro^eri«s Valeur 15. ».</index>
          </ill>
        </ills>
      </page>
      <page ordre="4">
        <nbMot>1147</nbMot>
        <blocTexte>251</blocTexte>
        <blocTab>0</blocTab>
        <blocPub>0</blocPub>
        <blocIll ocr="5">0</blocIll>
        <ills/>
      </page>
    </pages>
  </contenus>
</analyseAlto>