<analyseAlto>
  <metad>
    <type>P</type>
    <ID>bpt6k6002152</ID>
    <titre>La Presse</titre>
    <dateEdition>1920-12-11</dateEdition>
    <nbPage>4</nbPage>
    <suppl>FALSE</suppl>
  </metad>
  <contenus>
    <largeur>433</largeur>
    <hauteur>580</hauteur>
    <pages>
      <page ordre="1">
        <nbMot>875</nbMot>
        <blocTexte>44</blocTexte>
        <blocTab>0</blocTab>
        <blocPub>0</blocPub>
        <blocIll ocr="3">0</blocIll>
        <ills/>
      </page>
      <page ordre="2">
        <nbMot>997</nbMot>
        <blocTexte>31</blocTexte>
        <blocTab>0</blocTab>
        <blocPub>0</blocPub>
        <blocIll ocr="0">0</blocIll>
      </page>
      <page ordre="3">
        <nbMot>932</nbMot>
        <blocTexte>50</blocTexte>
        <blocTab>0</blocTab>
        <blocPub>0</blocPub>
        <blocIll ocr="12">0</blocIll>
        <ills/>
      </page>
      <page ordre="4">
        <nbMot>1374</nbMot>
        <blocTexte>439</blocTexte>
        <blocTab>0</blocTab>
        <blocPub>0</blocPub>
        <blocIll ocr="8">1</blocIll>
        <ills>
          <ill couleur="gris" derniere="true" edit="1" h="719" n="4-6" pub="1" taille="0" w="664" x="4252" y="4514">
            <tech source="final">imp photoméca</tech>
            <tech source="md">imp photoméca</tech>
            <index>1 1</index>
          </ill>
        </ills>
      </page>
    </pages>
  </contenus>
</analyseAlto>