<analyseAlto>
  <metad>
    <type>P</type>
    <ID>bpt6k599861k</ID>
    <titre>La Presse</titre>
    <dateEdition>1919-12-22</dateEdition>
    <nbPage>4</nbPage>
    <suppl>FALSE</suppl>
  </metad>
  <contenus>
    <largeur>433</largeur>
    <hauteur>583</hauteur>
    <pages>
      <page ordre="1">
        <nbMot>787</nbMot>
        <blocTexte>49</blocTexte>
        <blocTab>0</blocTab>
        <blocPub>0</blocPub>
        <blocIll ocr="18">0</blocIll>
        <ills/>
      </page>
      <page ordre="2">
        <nbMot>1034</nbMot>
        <blocTexte>51</blocTexte>
        <blocTab>0</blocTab>
        <blocPub>0</blocPub>
        <blocIll ocr="0">0</blocIll>
      </page>
      <page ordre="3">
        <nbMot>1071</nbMot>
        <blocTexte>71</blocTexte>
        <blocTab>0</blocTab>
        <blocPub>0</blocPub>
        <blocIll ocr="3">1</blocIll>
        <ills>
          <ill couleur="gris" edit="1" h="400" n="3-2" pub="1" taille="0" w="618" x="3434" y="5072">
            <tech source="final">imp photoméca</tech>
            <tech source="md">imp photoméca</tech>
            <leg>A L'HOTEL. EN VOYAGE</leg>
            <txt>AViS ^ „ J^CQ M FTU R S$tfUOéxfe ff £0^T EN V£ M TE OAs « TOUTE: û y ^ ! 1 MAISON TEIS \î f LEC AUTRES PRODUITS AMIEUX FRERES</txt>
            <index>A L'HOTEL. EN VOYAGEAViS ^ „ J^CQ M FTU R S$tfUOéxfe ff £0^T EN V£ M TE OAs « TOUTE: û y ^ ! 1 MAISON TEIS \î f LEC AUTRES PRODUITS AMIEUX FRERES</index>
          </ill>
        </ills>
      </page>
      <page ordre="4">
        <nbMot>1581</nbMot>
        <blocTexte>510</blocTexte>
        <blocTab>0</blocTab>
        <blocPub>0</blocPub>
        <blocIll ocr="7">0</blocIll>
        <ills/>
      </page>
    </pages>
  </contenus>
</analyseAlto>