<analyseAlto>
  <metad>
    <type>P</type>
    <ID>bpt6k596709d</ID>
    <titre>La Presse</titre>
    <dateEdition>1911-04-02</dateEdition>
    <nbPage>4</nbPage>
    <suppl>FALSE</suppl>
  </metad>
  <contenus>
    <largeur>435</largeur>
    <hauteur>583</hauteur>
    <pages>
      <page ordre="1">
        <nbMot>788</nbMot>
        <blocTexte>42</blocTexte>
        <blocTab>0</blocTab>
        <blocPub>0</blocPub>
        <blocIll ocr="5">0</blocIll>
        <ills/>
      </page>
      <page ordre="2">
        <nbMot>1405</nbMot>
        <blocTexte>448</blocTexte>
        <blocTab>0</blocTab>
        <blocPub>0</blocPub>
        <blocIll ocr="7">0</blocIll>
        <ills/>
      </page>
      <page ordre="3">
        <nbMot>679</nbMot>
        <blocTexte>80</blocTexte>
        <blocTab>0</blocTab>
        <blocPub>0</blocPub>
        <blocIll ocr="21">1</blocIll>
        <ills>
          <ill couleur="gris" edit="1" h="1517" n="3-16" pub="1" taille="1" w="629" x="4225" y="4234">
            <tech source="final">imp photoméca</tech>
            <tech source="md">imp photoméca</tech>
            <leg>77 nf f û Q chevreau glacé, claque Jj rj Sj v uO une pièce, bouts vernis, formes américaines. . ss fcfTS Du 35 au /.l. . . . . , lO . OU</leg>
            <txt>Ombrelles salon ' dorées, nuances unies. . . 6-90</txt>
            <index>77 nf f û Q chevreau glacé, claque Jj rj Sj v uO une pièce, bouts vernis, formes américaines. . ss fcfTS Du 35 au /.l. . . . . , lO . OUOmbrelles salon ' dorées, nuances unies. . . 6-90</index>
          </ill>
        </ills>
      </page>
      <page ordre="4">
        <nbMot>912</nbMot>
        <blocTexte>291</blocTexte>
        <blocTab>0</blocTab>
        <blocPub>0</blocPub>
        <blocIll ocr="22">0</blocIll>
        <ills/>
      </page>
    </pages>
  </contenus>
</analyseAlto>