<analyseAlto>
  <metad>
    <type>P</type>
    <ID>bpt6k596446q</ID>
    <titre>La Presse</titre>
    <dateEdition>1910-07-13</dateEdition>
    <nbPage>4</nbPage>
    <suppl>FALSE</suppl>
  </metad>
  <contenus>
    <largeur>434</largeur>
    <hauteur>580</hauteur>
    <pages>
      <page ordre="1">
        <nbMot>798</nbMot>
        <blocTexte>47</blocTexte>
        <blocTab>0</blocTab>
        <blocPub>0</blocPub>
        <blocIll ocr="17">0</blocIll>
        <ills/>
      </page>
      <page ordre="2">
        <nbMot>1063</nbMot>
        <blocTexte>25</blocTexte>
        <blocTab>0</blocTab>
        <blocPub>0</blocPub>
        <blocIll ocr="2">0</blocIll>
        <ills/>
      </page>
      <page ordre="3">
        <nbMot>992</nbMot>
        <blocTexte>89</blocTexte>
        <blocTab>0</blocTab>
        <blocPub>0</blocPub>
        <blocIll ocr="5">0</blocIll>
        <ills/>
      </page>
      <page ordre="4">
        <nbMot>1444</nbMot>
        <blocTexte>343</blocTexte>
        <blocTab>0</blocTab>
        <blocPub>0</blocPub>
        <blocIll ocr="10">1</blocIll>
        <ills>
          <ill couleur="gris" derniere="true" edit="1" h="432" n="4-5" pub="1" taille="0" w="596" x="2610" y="4750">
            <tech source="final">imp photoméca</tech>
            <tech source="md">imp photoméca</tech>
            <leg>FABRIQUE DE LITS ET SOMMIERS</leg>
            <txt>vous offre ÂXIMUM BIJOUX, DIAMANT^ MAXIMA \ m , Eouîevard des Italiens, 1 er £tag  PERLES c'esé</txt>
            <index>FABRIQUE DE LITS ET SOMMIERSvous offre ÂXIMUM BIJOUX, DIAMANT^ MAXIMA \ m , Eouîevard des Italiens, 1 er £tag  PERLES c'esé</index>
          </ill>
        </ills>
      </page>
    </pages>
  </contenus>
</analyseAlto>