<analyseAlto>
  <metad>
    <type>P</type>
    <ID>bpt6k596289m</ID>
    <titre>La Presse</titre>
    <dateEdition>1910-02-06</dateEdition>
    <nbPage>4</nbPage>
    <suppl>FALSE</suppl>
  </metad>
  <contenus>
    <largeur>435</largeur>
    <hauteur>584</hauteur>
    <pages>
      <page ordre="1">
        <nbMot>841</nbMot>
        <blocTexte>50</blocTexte>
        <blocTab>0</blocTab>
        <blocPub>0</blocPub>
        <blocIll ocr="11">0</blocIll>
        <ills/>
      </page>
      <page ordre="2">
        <nbMot>1071</nbMot>
        <blocTexte>37</blocTexte>
        <blocTab>0</blocTab>
        <blocPub>0</blocPub>
        <blocIll ocr="2">0</blocIll>
        <ills/>
      </page>
      <page ordre="3">
        <nbMot>1386</nbMot>
        <blocTexte>223</blocTexte>
        <blocTab>0</blocTab>
        <blocPub>0</blocPub>
        <blocIll ocr="9">0</blocIll>
        <ills/>
      </page>
      <page ordre="4">
        <nbMot>1359</nbMot>
        <blocTexte>449</blocTexte>
        <blocTab>0</blocTab>
        <blocPub>0</blocPub>
        <blocIll ocr="5">1</blocIll>
        <ills>
          <ill couleur="gris" derniere="true" edit="1" h="431" n="4-3" pub="1" taille="0" w="600" x="1814" y="4358">
            <tech source="final">imp photoméca</tech>
            <tech source="md">imp photoméca</tech>
            <txt>61, rue Richelieu....... T. 166-23 34, cours de Vincennes. T. 927.53 60, rue du. Rendez-yous. T. 927.53 vei^te au prix coutant - de plus de 1,500 Lits, Sommiers et Literie prêtés ûjux sinistrés</txt>
            <index>61, rue Richelieu....... T. 166-23 34, cours de Vincennes. T. 927.53 60, rue du. Rendez-yous. T. 927.53 vei^te au prix coutant - de plus de 1,500 Lits, Sommiers et Literie prêtés ûjux sinistrés</index>
          </ill>
        </ills>
      </page>
    </pages>
  </contenus>
</analyseAlto>