<analyseAlto>
  <metad>
    <type>P</type>
    <ID>bpt6k597276d</ID>
    <titre>La Presse</titre>
    <dateEdition>1912-10-21</dateEdition>
    <nbPage>4</nbPage>
    <suppl>FALSE</suppl>
  </metad>
  <contenus>
    <largeur>434</largeur>
    <hauteur>584</hauteur>
    <pages>
      <page ordre="1">
        <nbMot>689</nbMot>
        <blocTexte>40</blocTexte>
        <blocTab>0</blocTab>
        <blocPub>0</blocPub>
        <blocIll ocr="5">0</blocIll>
        <ills/>
      </page>
      <page ordre="2">
        <nbMot>973</nbMot>
        <blocTexte>41</blocTexte>
        <blocTab>0</blocTab>
        <blocPub>0</blocPub>
        <blocIll ocr="8">0</blocIll>
        <ills/>
      </page>
      <page ordre="3">
        <nbMot>1012</nbMot>
        <blocTexte>39</blocTexte>
        <blocTab>0</blocTab>
        <blocPub>0</blocPub>
        <blocIll ocr="5">0</blocIll>
        <ills/>
      </page>
      <page ordre="4">
        <nbMot>1148</nbMot>
        <blocTexte>145</blocTexte>
        <blocTab>0</blocTab>
        <blocPub>0</blocPub>
        <blocIll ocr="9">1</blocIll>
        <ills>
          <ill couleur="gris" derniere="true" edit="1" h="1179" n="4-8" pub="1" taille="1" w="791" x="3332" y="5251">
            <tech source="final">imp photoméca</tech>
            <tech source="md">imp photoméca</tech>
            <txt>A SAISÎT-JOSEPH il5, Rue Montmartre. A la GEANBS FABRI0Î3S 50, Rue de Turbigo. A la TOUR SI-JACQUES 88, Rue de Rivoli. AU PONT-NEUF 4-6, Rue du Pont-Neuf.</txt>
            <index>A SAISÎT-JOSEPH il5, Rue Montmartre. A la GEANBS FABRI0Î3S 50, Rue de Turbigo. A la TOUR SI-JACQUES 88, Rue de Rivoli. AU PONT-NEUF 4-6, Rue du Pont-Neuf.</index>
          </ill>
        </ills>
      </page>
    </pages>
  </contenus>
</analyseAlto>