<analyseAlto>
  <metad>
    <type>P</type>
    <ID>bpt6k5976457</ID>
    <titre>La Presse</titre>
    <dateEdition>1913-10-27</dateEdition>
    <nbPage>4</nbPage>
    <suppl>FALSE</suppl>
  </metad>
  <contenus>
    <largeur>435</largeur>
    <hauteur>583</hauteur>
    <pages>
      <page ordre="1">
        <nbMot>767</nbMot>
        <blocTexte>52</blocTexte>
        <blocTab>0</blocTab>
        <blocPub>0</blocPub>
        <blocIll ocr="10">0</blocIll>
        <ills/>
      </page>
      <page ordre="2">
        <nbMot>1024</nbMot>
        <blocTexte>29</blocTexte>
        <blocTab>0</blocTab>
        <blocPub>0</blocPub>
        <blocIll ocr="3">0</blocIll>
        <ills/>
      </page>
      <page ordre="3">
        <nbMot>1031</nbMot>
        <blocTexte>49</blocTexte>
        <blocTab>0</blocTab>
        <blocPub>0</blocPub>
        <blocIll ocr="6">0</blocIll>
        <ills/>
      </page>
      <page ordre="4">
        <nbMot>1137</nbMot>
        <blocTexte>216</blocTexte>
        <blocTab>0</blocTab>
        <blocPub>0</blocPub>
        <blocIll ocr="12">1</blocIll>
        <ills>
          <ill couleur="gris" derniere="true" edit="1" h="798" n="4-7" pub="1" taille="0" w="400" x="1074" y="5738">
            <tech source="final">imp photoméca</tech>
            <tech source="md">imp photoméca</tech>
            <txt>Tailleur„ en belle draperie diagonale pure laine marine, noire et coloris mode; jaquette doublée joli pékiné s'oie toutes nuances, col nouveau garai velours noir ou couleur, a». Valeur 59 francs. Jf JP '   A voir de suite</txt>
            <index>Tailleur„ en belle draperie diagonale pure laine marine, noire et coloris mode; jaquette doublée joli pékiné s'oie toutes nuances, col nouveau garai velours noir ou couleur, a». Valeur 59 francs. Jf JP '   A voir de suite</index>
          </ill>
        </ills>
      </page>
    </pages>
  </contenus>
</analyseAlto>