<analyseAlto>
  <metad>
    <type>P</type>
    <ID>bpt6k597673h</ID>
    <titre>La Presse</titre>
    <dateEdition>1913-11-24</dateEdition>
    <nbPage>4</nbPage>
    <suppl>FALSE</suppl>
  </metad>
  <contenus>
    <largeur>435</largeur>
    <hauteur>584</hauteur>
    <pages>
      <page ordre="1">
        <nbMot>783</nbMot>
        <blocTexte>55</blocTexte>
        <blocTab>0</blocTab>
        <blocPub>0</blocPub>
        <blocIll ocr="5">0</blocIll>
        <ills/>
      </page>
      <page ordre="2">
        <nbMot>1024</nbMot>
        <blocTexte>43</blocTexte>
        <blocTab>0</blocTab>
        <blocPub>0</blocPub>
        <blocIll ocr="2">0</blocIll>
        <ills/>
      </page>
      <page ordre="3">
        <nbMot>1033</nbMot>
        <blocTexte>41</blocTexte>
        <blocTab>0</blocTab>
        <blocPub>0</blocPub>
        <blocIll ocr="2">0</blocIll>
        <ills/>
      </page>
      <page ordre="4">
        <nbMot>1170</nbMot>
        <blocTexte>238</blocTexte>
        <blocTab>0</blocTab>
        <blocPub>0</blocPub>
        <blocIll ocr="11">1</blocIll>
        <ills>
          <ill couleur="gris" derniere="true" edit="1" h="804" n="4-7" pub="1" taille="0" w="409" x="1749" y="4288">
            <tech source="final">imp photoméca</tech>
            <tech source="md">imp photoméca</tech>
            <leg>COIBPAQNIË GENERALE DE L'AMEUEiLERSENT - SIÈGE SOCIAL</leg>
            <txt>r9 oulin-rouge (Marcadet-08-63), 8 h 1 /2.— Voul... ■Il ma Gosse ! revue en 45 tableaux, de MM. F. Rouvray et L.Lemarchand. 250 arti stes, 600 costum. Le grelot (Cabaret artistique, 49, rue Fontaine, Place Blanche, 139-32). — A minuit : Soupers, Attractions. Ouvert toute la nuit. On chante, on danse. Orchestre de tziganes. — L'Etablissement le plus amusant de Montmartre. GRANDS nilCAVEl CONCERT ET MAGASINS UUrHlEL CINEMATOGRAPHE Xous les jours, de 2 à 6 heures, sauf le dimanche. Buffet. — Nombreuses attractions. Kursaal (7, av. de Clichy). •— Suzanne Valroger, Ellcn Galtier, Fauvel I , Gosset, Fernandez, Les Hanlon Carl's, Trio B el las, et c... BÀ-TÀ-CLÀN (Roq.-30-12). — Cachez ça ! revue eh 2 actes et 30 tabl. Dutard, Augé, Brévy, Portai, Dellys, Mary-Hett, Bert-Angère, Clo-Deschamps, Diamand, Serrana, Lynder. La'p!e-qui-chante (159, rue Montmartre. Cen- tral-25-67). — Charles Fallot, Auteurs gais, Se- cretan, Paco, Saint-Granier, Jeanjame. Revue. Hu- guette Dany, Marg. Pierry .Marthe Figus.Soirée gaie. Noctambules (7, rue Champollion, Quartier-La tin. Gob.42-34). 9 h. — Dickson, Marcel Legay, Martini,Vàlbel, Frantz,Trio symphonique Vedrenne, Magno. Danses, projections. Revue, -Paul Gay. {moulin de la chanson (43, bd de Clichy. Tél. ■il Gutenberg-40-40). Direc.: Roger Ferréol et Emile Wolff. A 9 h. 1/2 : Enthoven, Marinier, Martini, Do- minus, Saint-Granier, Heintz, dans leurs œuvres. Marg^_Magdy_dans la_revue_: Made in aïontmartre. Les quat'z-arts (62, bd Clichy. Marcadet 01-39.) Direction Montoya. — V. Hyspa, J. Ferny, Jack Cazol, Manescau, J. d'Astorg, Jacques Sparck.Cons- tan ce Sau ter ne. Chanson s. Om bres. Revues. 9 h. 30. Gàumont-palace (Hippodrome. Marcadet-16-73). 8 h. 1/2. — L'Ange de la Maison, Cléopâtre (avec adaptation symphonique et chorale, cent exécut.) Attractions inédites et variées. Locat. de 11 à 5 h. din-concïrt - (M, avenue Ledru-Rollin). — Chevalier, Sartliel, Cécile Gilbert, Les Boyston's. « Philomène », etc., etc... A la grande-taverne (16. Fg Montmartre)</txt>
            <index>COIBPAQNIË GENERALE DE L'AMEUEiLERSENT - SIÈGE SOCIALr9 oulin-rouge (Marcadet-08-63), 8 h 1 /2.— Voul... ■Il ma Gosse ! revue en 45 tableaux, de MM. F. Rouvray et L.Lemarchand. 250 arti stes, 600 costum. Le grelot (Cabaret artistique, 49, rue Fontaine, Place Blanche, 139-32). — A minuit : Soupers, Attractions. Ouvert toute la nuit. On chante, on danse. Orchestre de tziganes. — L'Etablissement le plus amusant de Montmartre. GRANDS nilCAVEl CONCERT ET MAGASINS UUrHlEL CINEMATOGRAPHE Xous les jours, de 2 à 6 heures, sauf le dimanche. Buffet. — Nombreuses attractions. Kursaal (7, av. de Clichy). •— Suzanne Valroger, Ellcn Galtier, Fauvel I , Gosset, Fernandez, Les Hanlon Carl's, Trio B el las, et c... BÀ-TÀ-CLÀN (Roq.-30-12). — Cachez ça ! revue eh 2 actes et 30 tabl. Dutard, Augé, Brévy, Portai, Dellys, Mary-Hett, Bert-Angère, Clo-Deschamps, Diamand, Serrana, Lynder. La'p!e-qui-chante (159, rue Montmartre. Cen- tral-25-67). — Charles Fallot, Auteurs gais, Se- cretan, Paco, Saint-Granier, Jeanjame. Revue. Hu- guette Dany, Marg. Pierry .Marthe Figus.Soirée gaie. Noctambules (7, rue Champollion, Quartier-La tin. Gob.42-34). 9 h. — Dickson, Marcel Legay, Martini,Vàlbel, Frantz,Trio symphonique Vedrenne, Magno. Danses, projections. Revue, -Paul Gay. {moulin de la chanson (43, bd de Clichy. Tél. ■il Gutenberg-40-40). Direc.: Roger Ferréol et Emile Wolff. A 9 h. 1/2 : Enthoven, Marinier, Martini, Do- minus, Saint-Granier, Heintz, dans leurs œuvres. Marg^_Magdy_dans la_revue_: Made in aïontmartre. Les quat'z-arts (62, bd Clichy. Marcadet 01-39.) Direction Montoya. — V. Hyspa, J. Ferny, Jack Cazol, Manescau, J. d'Astorg, Jacques Sparck.Cons- tan ce Sau ter ne. Chanson s. Om bres. Revues. 9 h. 30. Gàumont-palace (Hippodrome. Marcadet-16-73). 8 h. 1/2. — L'Ange de la Maison, Cléopâtre (avec adaptation symphonique et chorale, cent exécut.) Attractions inédites et variées. Locat. de 11 à 5 h. din-concïrt - (M, avenue Ledru-Rollin). — Chevalier, Sartliel, Cécile Gilbert, Les Boyston's. « Philomène », etc., etc... A la grande-taverne (16. Fg Montmartre)</index>
          </ill>
        </ills>
      </page>
    </pages>
  </contenus>
</analyseAlto>