<analyseAlto>
  <metad>
    <type>P</type>
    <ID>bpt6k5967123</ID>
    <titre>La Presse</titre>
    <dateEdition>1911-04-05</dateEdition>
    <nbPage>4</nbPage>
    <suppl>FALSE</suppl>
  </metad>
  <contenus>
    <largeur>434</largeur>
    <hauteur>584</hauteur>
    <pages>
      <page ordre="1">
        <nbMot>755</nbMot>
        <blocTexte>50</blocTexte>
        <blocTab>0</blocTab>
        <blocPub>0</blocPub>
        <blocIll ocr="5">0</blocIll>
        <ills/>
      </page>
      <page ordre="2">
        <nbMot>1060</nbMot>
        <blocTexte>35</blocTexte>
        <blocTab>0</blocTab>
        <blocPub>0</blocPub>
        <blocIll ocr="2">0</blocIll>
        <ills/>
      </page>
      <page ordre="3">
        <nbMot>885</nbMot>
        <blocTexte>96</blocTexte>
        <blocTab>0</blocTab>
        <blocPub>0</blocPub>
        <blocIll ocr="16">1</blocIll>
        <ills>
          <ill couleur="gris" edit="1" h="748" n="3-5" pub="1" taille="1" w="770" x="4167" y="1466">
            <tech source="final">imp photoméca</tech>
            <tech source="md">imp photoméca</tech>
            <leg>lu— .14, OtlOh»eZ -\Oi?S ï Si vous saviez rirapression de fraîcheur que laisse dans la bouche l'eau dentifrice Odol, vous n'hésiteriez pas à l'adopter. La bouche semble rajeunie comme le corps après un bain.</leg>
            <txt>LE MEETING DE MONACO Demain première journée de course C'est demain mercredi- qu'aura lieu la première journée de course du meeting in ternational de canots automobiles orga nisé par l'International Sporting Club de Monaco. Voici l'ordre du programme : le matin a 10 h. 30, prennere série des cr-ui- ser-s : a 11 h., deuxième serie des crui- sers ; a 11 h. 30, i remière série des ra- cefrs. L'apres-midi. a 2 h. 30. troisiere serie des criwisers ; a 3 heures, ..quatrième seine des cruasers ; a 3 h. 30,- cinquième -serie des cruisers ; a 4 heures, deuxième série des racers. natation Union Française de Natation Le comité central de l'Union Française de Natation intorme tes nageurs et les Clubs in teresses que le secrétariat de 1 Union, 43, rue Samt-Sebast'en -ttelephone:927-10)-.. Sera ouvert tous les jours, excepte les jeudis et- diman ches. de 6 h. a -8 h. du .soir. Un meni-bre du comité se tiendra en permanence à la disposi-- tion. de. toutes* tes personnes qui désireraient avoir des renseignements surl'Union. A. T. ET .-Mercredi prochain, 17, rue de Ctiâteau- briand, a 9 heures du soir, aura lieu, un grand assaut féminin d e-sci-i-me. - X Samedi prochain', au. Cirque- de Paris,, te disputera J© grand match Wiîâtê Lewis contre •le negre Geo r Gunther; X Le Comité de l'Association Sportive de la Coiifiure se réunira demain soir, a 9 heures, 67, boulevard de Strasbourg. X Parti- de. Kie-wit,. l'aviateur Lescartes, en compagnie de. sosn frere;. voie a Aix-la-Char pelle ; les 72 la les engagements sont reçus au siège de l'Aéro Club de Nice, a Nice. X En hockey, dimanche, les équipes de hockey du stade Fiiancws et du Raoing joueront la finale du Cbamiii Jmiat.   A Roubaix, le beau combat de boxe entre 'OarjjentieT et 'i-.a-nglais Sitagg a vu le triompha de notre compatriote. X Giiignard, le héros des dernières courses du V«fl!' d'Hiv', irenconteera La.vala.de d'imantihé pTochain, au Vélodrome de Tours. X C'est demain .matin qtie les lieuitenants da Connieau et Prancetieaii s'envoleront de Pau pour gagner Paris. x Rappelons : la finale du Gbampionnat de France oe football-rugby se jouera dimanche, a Bordeaux . S.B. contre S.G.U..F. X Bufînîo: ouvre dhmaneih©. Lapi-ze, Brocco, Pe- tii-hîreton et Seigneur seiiiont aux prises sur 109 lui.,, derrière.tandems. X Le lieutenant Bague va die nouveau tente» la traversée de Nice a A.jaoeio,: sur monoplan Blenol, moteur GnOme. X A Saiirt-Ouien', se disputera, dimanohe pro chain, Je matclh France contre Italie (C.F.I,), en football-association.</txt>
            <index>lu— .14, OtlOh»eZ -\Oi?S ï Si vous saviez rirapression de fraîcheur que laisse dans la bouche l'eau dentifrice Odol, vous n'hésiteriez pas à l'adopter. La bouche semble rajeunie comme le corps après un bain.LE MEETING DE MONACO Demain première journée de course C'est demain mercredi- qu'aura lieu la première journée de course du meeting in ternational de canots automobiles orga nisé par l'International Sporting Club de Monaco. Voici l'ordre du programme : le matin a 10 h. 30, prennere série des cr-ui- ser-s : a 11 h., deuxième serie des crui- sers ; a 11 h. 30, i remière série des ra- cefrs. L'apres-midi. a 2 h. 30. troisiere serie des criwisers ; a 3 heures, ..quatrième seine des cruasers ; a 3 h. 30,- cinquième -serie des cruisers ; a 4 heures, deuxième série des racers. natation Union Française de Natation Le comité central de l'Union Française de Natation intorme tes nageurs et les Clubs in teresses que le secrétariat de 1 Union, 43, rue Samt-Sebast'en -ttelephone:927-10)-.. Sera ouvert tous les jours, excepte les jeudis et- diman ches. de 6 h. a -8 h. du .soir. Un meni-bre du comité se tiendra en permanence à la disposi-- tion. de. toutes* tes personnes qui désireraient avoir des renseignements surl'Union. A. T. ET .-Mercredi prochain, 17, rue de Ctiâteau- briand, a 9 heures du soir, aura lieu, un grand assaut féminin d e-sci-i-me. - X Samedi prochain', au. Cirque- de Paris,, te disputera J© grand match Wiîâtê Lewis contre •le negre Geo r Gunther; X Le Comité de l'Association Sportive de la Coiifiure se réunira demain soir, a 9 heures, 67, boulevard de Strasbourg. X Parti- de. Kie-wit,. l'aviateur Lescartes, en compagnie de. sosn frere;. voie a Aix-la-Char pelle ; les 72 la les engagements sont reçus au siège de l'Aéro Club de Nice, a Nice. X En hockey, dimanche, les équipes de hockey du stade Fiiancws et du Raoing joueront la finale du Cbamiii Jmiat.   A Roubaix, le beau combat de boxe entre 'OarjjentieT et 'i-.a-nglais Sitagg a vu le triompha de notre compatriote. X Giiignard, le héros des dernières courses du V«fl!' d'Hiv', irenconteera La.vala.de d'imantihé pTochain, au Vélodrome de Tours. X C'est demain .matin qtie les lieuitenants da Connieau et Prancetieaii s'envoleront de Pau pour gagner Paris. x Rappelons : la finale du Gbampionnat de France oe football-rugby se jouera dimanche, a Bordeaux . S.B. contre S.G.U..F. X Bufînîo: ouvre dhmaneih©. Lapi-ze, Brocco, Pe- tii-hîreton et Seigneur seiiiont aux prises sur 109 lui.,, derrière.tandems. X Le lieutenant Bague va die nouveau tente» la traversée de Nice a A.jaoeio,: sur monoplan Blenol, moteur GnOme. X A Saiirt-Ouien', se disputera, dimanohe pro chain, Je matclh France contre Italie (C.F.I,), en football-association.</index>
          </ill>
        </ills>
      </page>
      <page ordre="4">
        <nbMot>1466</nbMot>
        <blocTexte>588</blocTexte>
        <blocTab>0</blocTab>
        <blocPub>0</blocPub>
        <blocIll ocr="12">0</blocIll>
        <ills/>
      </page>
    </pages>
  </contenus>
</analyseAlto>