<analyseAlto>
  <metad>
    <type>P</type>
    <ID>bpt6k596690s</ID>
    <titre>La Presse</titre>
    <dateEdition>1911-03-14</dateEdition>
    <nbPage>4</nbPage>
    <suppl>FALSE</suppl>
  </metad>
  <contenus>
    <largeur>434</largeur>
    <hauteur>583</hauteur>
    <pages>
      <page ordre="1">
        <nbMot>824</nbMot>
        <blocTexte>40</blocTexte>
        <blocTab>0</blocTab>
        <blocPub>0</blocPub>
        <blocIll ocr="4">0</blocIll>
        <ills/>
      </page>
      <page ordre="2">
        <nbMot>965</nbMot>
        <blocTexte>42</blocTexte>
        <blocTab>0</blocTab>
        <blocPub>0</blocPub>
        <blocIll ocr="2">0</blocIll>
        <ills/>
      </page>
      <page ordre="3">
        <nbMot>991</nbMot>
        <blocTexte>71</blocTexte>
        <blocTab>0</blocTab>
        <blocPub>0</blocPub>
        <blocIll ocr="4">1</blocIll>
        <ills>
          <ill couleur="gris" edit="1" h="703" n="3-4" pub="1" taille="1" w="765" x="4187" y="2922">
            <tech source="final">imp photoméca</tech>
            <tech source="md">imp photoméca</tech>
            <leg>Cîitolisez-vousî Si vous saviez l'impression Ûq fraîcheur que laisse dans la bouche Feau dentifrice Odol, vous n'hésiteris pas à l'adopter. La bouche semble rajeunie comme le corps après un bain.</leg>
            <txt>La Commission de Tourisme et de tion générale de l'A.C.F. tient réunion ce 8, place de la Concorde. . Le gonÉral Carter, commandant les pes combattant les Mexicains, va xec®fÎHÉ deux biplans Glen Cuwiss. ■ ■ •X Cerf bat Sergent et Tully dans la .fioala du. Chankpibnnat amateur du. kiloJBèttei ■patins à roulettes. Le nèiiddcap -du Club des Nageurs 'dfe î»aiî^S disputé à la piseine  de la Gare, est rex«nn» M Delboiii, (20 sec.). - s X BriiKelleSi î2 mars. — La course 'bjU^bèf interclubs du R. C.*B. 'donne 1. Hûyléèfiwait a 2. Uck.ye ; 3. Franco). . ^ X 19 .engageinents 'sont oJflciellemeii par 1' •* Auto 'i ' p^)Uï la  Gowpè des Légères ..Ê5 jmBv $ Itoàogné). : Lë  prix Léman, coutee cj^iiste itïspalêe sur  Cliampigny-Sciigaoîîes eï retour,  eât 'ga,- gnée fâr'L'éMift-, «n i -R, -il m. x fei hiûcteey, à Caîom^s, le Racing Clui  Ki'ancé (fc) M-M- Cl«â . AtMétique ïhtêfâaaSo- n'al font match nul. -X' . . ' AiU'bruH,  qai -se trouve- actuellement S! Reims, doit.revenir mearcjedi à Paris,, pais rep'art.ira'idai^'te'Sl.i'dî. ... '     Lyon, ±2 mars. — Le Challenge pédestre ïSè l'heure est revenu à Lalaimode, avec. 16 tëlk' -j K) ; % Gassel, etc... : Une course d® six jours cyclistes se -disp®.-. tera, du S4 ou 30 rnàrs prochain, au Palais des Sports, à Berli®. X Lé. tlocieur Ferroul, maJns de Narbo-nne, sa invité l'aviateur. Védrines à se rendï® aui w) vers Xàrfcioniiïê'. . . X Au Palais -dta Gla.ee, Gftaàjés Satoôiuirét ésS sortii viainquewr du Craiccrars de fligunée, fflr- ga-nïsé M? Mrîicie des Vins â la 4 e page</txt>
            <index>Cîitolisez-vousî Si vous saviez l'impression Ûq fraîcheur que laisse dans la bouche Feau dentifrice Odol, vous n'hésiteris pas à l'adopter. La bouche semble rajeunie comme le corps après un bain.La Commission de Tourisme et de tion générale de l'A.C.F. tient réunion ce 8, place de la Concorde. . Le gonÉral Carter, commandant les pes combattant les Mexicains, va xec®fÎHÉ deux biplans Glen Cuwiss. ■ ■ •X Cerf bat Sergent et Tully dans la .fioala du. Chankpibnnat amateur du. kiloJBèttei ■patins à roulettes. Le nèiiddcap -du Club des Nageurs 'dfe î»aiî^S disputé à la piseine  de la Gare, est rex«nn» M Delboiii, (20 sec.). - s X BriiKelleSi î2 mars. — La course 'bjU^bèf interclubs du R. C.*B. 'donne 1. Hûyléèfiwait a 2. Uck.ye ; 3. Franco). . ^ X 19 .engageinents 'sont oJflciellemeii par 1' •* Auto 'i ' p^)Uï la  Gowpè des Légères ..Ê5 jmBv $ Itoàogné). : Lë  prix Léman, coutee cj^iiste itïspalêe sur  Cliampigny-Sciigaoîîes eï retour,  eât 'ga,- gnée fâr'L'éMift-, «n i -R, -il m. x fei hiûcteey, à Caîom^s, le Racing Clui  Ki'ancé (fc) M-M- Cl«â . AtMétique ïhtêfâaaSo- n'al font match nul. -X' . . ' AiU'bruH,  qai -se trouve- actuellement S! Reims, doit.revenir mearcjedi à Paris,, pais rep'art.ira'idai^'te'Sl.i'dî. ... '     Lyon, ±2 mars. — Le Challenge pédestre ïSè l'heure est revenu à Lalaimode, avec. 16 tëlk' -j K) ; % Gassel, etc... : Une course d® six jours cyclistes se -disp®.-. tera, du S4 ou 30 rnàrs prochain, au Palais des Sports, à Berli®. X Lé. tlocieur Ferroul, maJns de Narbo-nne, sa invité l'aviateur. Védrines à se rendï® aui w) vers Xàrfcioniiïê'. . . X Au Palais -dta Gla.ee, Gftaàjés Satoôiuirét ésS sortii viainquewr du Craiccrars de fligunée, fflr- ga-nïsé M? Mrîicie des Vins â la 4 e page</index>
          </ill>
        </ills>
      </page>
      <page ordre="4">
        <nbMot>1793</nbMot>
        <blocTexte>547</blocTexte>
        <blocTab>0</blocTab>
        <blocPub>0</blocPub>
        <blocIll ocr="17">0</blocIll>
        <ills/>
      </page>
    </pages>
  </contenus>
</analyseAlto>