<analyseAlto>
  <metad>
    <type>P</type>
    <ID>bpt6k597080v</ID>
    <titre>La Presse</titre>
    <dateEdition>1912-04-08</dateEdition>
    <nbPage>4</nbPage>
    <suppl>FALSE</suppl>
  </metad>
  <contenus>
    <largeur>434</largeur>
    <hauteur>583</hauteur>
    <pages>
      <page ordre="1">
        <nbMot>706</nbMot>
        <blocTexte>37</blocTexte>
        <blocTab>0</blocTab>
        <blocPub>0</blocPub>
        <blocIll ocr="3">0</blocIll>
        <ills/>
      </page>
      <page ordre="2">
        <nbMot>1050</nbMot>
        <blocTexte>38</blocTexte>
        <blocTab>0</blocTab>
        <blocPub>0</blocPub>
        <blocIll ocr="0">0</blocIll>
      </page>
      <page ordre="3">
        <nbMot>935</nbMot>
        <blocTexte>32</blocTexte>
        <blocTab>0</blocTab>
        <blocPub>0</blocPub>
        <blocIll ocr="4">1</blocIll>
        <ills>
          <ill couleur="gris" edit="1" h="794" n="3-3" pub="1" taille="1" w="766" x="3370" y="1822">
            <tech source="final">imp photoméca</tech>
            <tech source="md">imp photoméca</tech>
            <leg>mt 'AyT@M@13LE PN£US GOODRICH</leg>
            <txt>torité milite,iipe a décidé de faire promener, sur la zone de totalité de l'éclipsé, deux bal- lotis dirigeables' et un ballon, capjàt, ayant à bqrd plusieurs observateurs* iune dizaine de pilôtes-aéronautes- se sont déjà inscrits pour des ascensions d'altitude, au départ du, parc de l'Aéro-Club, aux coteaux de. Saint-Cto-ud, dont les terrasses pourront, si le eiei e t claù', servir d'observatoires aux familles dés membres, du Çhit). Plusieurs ballons s'élèveront aussi de l'aéro- parc de La Motte-Breuil, dont l'usine d'hydro gène est précisément, située sur la ligne de totalUé. ...... _. ■ - Knfln, de nombreux aviateurs projettent de s 'âlever de Saint-Cyr et de Bue et; s'il le.faiutv de franchir la mer des nuages pour observer l'ijclipse- de soleil. : -: A i'AEB Un match M: Siret W. T. Clarke Un match dont l'importance n'échappera, à personne sa disputera, le 21 avril pro chain, au Vélodrome B-uffak». Il rnettpa en présence deux de nos meiliteurs.pédeoti'ians européens, le Français Henri Suret, le glo rieux vainqueur de quata'e Tcwt-s de Paris, et le champion anglais W. T. J Clarke, de Li.verrpool. Cette i-encontre .se disputera sur une heure; Entre Cyclistes Tués bien-, ta * B:S.A. » !—Oui et d'un-pri  [modique, C'fest une occasion qtie j'ai eue chez Liaudois. Tu troui«®as.launéme,juste;à prix de fabrique; Et; encore,: je ne verse que 20. frarnos. par. mois, ! Garanties i;2 ans, on . peut voir- les. machines, ■Avenue Félijo-Faure, 9 et li, aux, vitrines ! La Française. Lal}or,i JirB::Louvet, Clément» Faciliié'.'de'Paiement.</txt>
            <index>mt 'AyT@M@13LE PN£US GOODRICHtorité milite,iipe a décidé de faire promener, sur la zone de totalité de l'éclipsé, deux bal- lotis dirigeables' et un ballon, capjàt, ayant à bqrd plusieurs observateurs* iune dizaine de pilôtes-aéronautes- se sont déjà inscrits pour des ascensions d'altitude, au départ du, parc de l'Aéro-Club, aux coteaux de. Saint-Cto-ud, dont les terrasses pourront, si le eiei e t claù', servir d'observatoires aux familles dés membres, du Çhit). Plusieurs ballons s'élèveront aussi de l'aéro- parc de La Motte-Breuil, dont l'usine d'hydro gène est précisément, située sur la ligne de totalUé. ...... _. ■ - Knfln, de nombreux aviateurs projettent de s 'âlever de Saint-Cyr et de Bue et; s'il le.faiutv de franchir la mer des nuages pour observer l'ijclipse- de soleil. : -: A i'AEB Un match M: Siret W. T. Clarke Un match dont l'importance n'échappera, à personne sa disputera, le 21 avril pro chain, au Vélodrome B-uffak». Il rnettpa en présence deux de nos meiliteurs.pédeoti'ians européens, le Français Henri Suret, le glo rieux vainqueur de quata'e Tcwt-s de Paris, et le champion anglais W. T. J Clarke, de Li.verrpool. Cette i-encontre .se disputera sur une heure; Entre Cyclistes Tués bien-, ta * B:S.A. » !—Oui et d'un-pri  [modique, C'fest une occasion qtie j'ai eue chez Liaudois. Tu troui«®as.launéme,juste;à prix de fabrique; Et; encore,: je ne verse que 20. frarnos. par. mois, ! Garanties i;2 ans, on . peut voir- les. machines, ■Avenue Félijo-Faure, 9 et li, aux, vitrines ! La Française. Lal}or,i JirB::Louvet, Clément» Faciliié'.'de'Paiement.</index>
          </ill>
        </ills>
      </page>
      <page ordre="4">
        <nbMot>1163</nbMot>
        <blocTexte>145</blocTexte>
        <blocTab>0</blocTab>
        <blocPub>0</blocPub>
        <blocIll ocr="11">0</blocIll>
        <ills/>
      </page>
    </pages>
  </contenus>
</analyseAlto>