<analyseAlto>
  <metad>
    <type>P</type>
    <ID>bpt6k5976512</ID>
    <titre>La Presse</titre>
    <dateEdition>1913-11-02</dateEdition>
    <nbPage>4</nbPage>
    <suppl>FALSE</suppl>
  </metad>
  <contenus>
    <largeur>434</largeur>
    <hauteur>583</hauteur>
    <pages>
      <page ordre="1">
        <nbMot>742</nbMot>
        <blocTexte>49</blocTexte>
        <blocTab>0</blocTab>
        <blocPub>0</blocPub>
        <blocIll ocr="5">0</blocIll>
        <ills/>
      </page>
      <page ordre="2">
        <nbMot>1037</nbMot>
        <blocTexte>37</blocTexte>
        <blocTab>0</blocTab>
        <blocPub>0</blocPub>
        <blocIll ocr="4">0</blocIll>
        <ills/>
      </page>
      <page ordre="3">
        <nbMot>957</nbMot>
        <blocTexte>31</blocTexte>
        <blocTab>0</blocTab>
        <blocPub>0</blocPub>
        <blocIll ocr="4">0</blocIll>
        <ills/>
      </page>
      <page ordre="4">
        <nbMot>1395</nbMot>
        <blocTexte>302</blocTexte>
        <blocTab>0</blocTab>
        <blocPub>0</blocPub>
        <blocIll ocr="16">1</blocIll>
        <ills>
          <ill couleur="gris" derniere="true" edit="1" h="880" n="4-7" pub="1" taille="0" w="425" x="2550" y="4558">
            <tech source="final">imp photoméca</tech>
            <tech source="md">imp photoméca</tech>
            <leg>SIEGE SOCIAL</leg>
            <txt>Enghien. — Sources sulfureuses. Etablissement thermal. Casino. Concerts symphoniques dans le Jardin des Roses. — Music-Hall. . TIUR EIFFEL. Ouverte de 10 h.du matin à la nuit. Matinées au théâtre : dimanches et fêtes à 3 tl«</txt>
            <index>SIEGE SOCIALEnghien. — Sources sulfureuses. Etablissement thermal. Casino. Concerts symphoniques dans le Jardin des Roses. — Music-Hall. . TIUR EIFFEL. Ouverte de 10 h.du matin à la nuit. Matinées au théâtre : dimanches et fêtes à 3 tl«</index>
          </ill>
        </ills>
      </page>
    </pages>
  </contenus>
</analyseAlto>