<analyseAlto>
  <metad>
    <type>P</type>
    <ID>bpt6k597010f</ID>
    <titre>La Presse</titre>
    <dateEdition>1912-01-29</dateEdition>
    <nbPage>4</nbPage>
    <suppl>FALSE</suppl>
  </metad>
  <contenus>
    <largeur>435</largeur>
    <hauteur>585</hauteur>
    <pages>
      <page ordre="1">
        <nbMot>719</nbMot>
        <blocTexte>49</blocTexte>
        <blocTab>0</blocTab>
        <blocPub>0</blocPub>
        <blocIll ocr="10">0</blocIll>
        <ills/>
      </page>
      <page ordre="2">
        <nbMot>1045</nbMot>
        <blocTexte>39</blocTexte>
        <blocTab>0</blocTab>
        <blocPub>0</blocPub>
        <blocIll ocr="1">0</blocIll>
        <ills/>
      </page>
      <page ordre="3">
        <nbMot>1183</nbMot>
        <blocTexte>198</blocTexte>
        <blocTab>0</blocTab>
        <blocPub>0</blocPub>
        <blocIll ocr="4">0</blocIll>
        <ills/>
      </page>
      <page ordre="4">
        <nbMot>1068</nbMot>
        <blocTexte>304</blocTexte>
        <blocTab>0</blocTab>
        <blocPub>0</blocPub>
        <blocIll ocr="23">1</blocIll>
        <ills>
          <ill couleur="gris" derniere="true" edit="1" h="602" n="4-16" pub="1" taille="0" w="750" x="1816" y="5830">
            <tech source="final">imp photoméca</tech>
            <tech source="md">imp photoméca</tech>
            <txt>AMEUBLEMENTS COMPLETS pour APPARTEMENTS. VILLAS, CHÂTEAUX, HOTELS ADMINISTRATIONS CASIisOS, etc. Les Commandes de ces trois moAilier s ne seront acceptées à ce prix de 300 fr. que jusqu'au 3/ Janvier 1912.</txt>
            <index>AMEUBLEMENTS COMPLETS pour APPARTEMENTS. VILLAS, CHÂTEAUX, HOTELS ADMINISTRATIONS CASIisOS, etc. Les Commandes de ces trois moAilier s ne seront acceptées à ce prix de 300 fr. que jusqu'au 3/ Janvier 1912.</index>
          </ill>
        </ills>
      </page>
    </pages>
  </contenus>
</analyseAlto>