<analyseAlto>
  <metad>
    <type>P</type>
    <ID>bpt6k597895k</ID>
    <titre>La Presse</titre>
    <dateEdition>1914-07-05</dateEdition>
    <nbPage>4</nbPage>
    <suppl>FALSE</suppl>
  </metad>
  <contenus>
    <largeur>435</largeur>
    <hauteur>584</hauteur>
    <pages>
      <page ordre="1">
        <nbMot>801</nbMot>
        <blocTexte>65</blocTexte>
        <blocTab>0</blocTab>
        <blocPub>0</blocPub>
        <blocIll ocr="13">0</blocIll>
        <ills/>
      </page>
      <page ordre="2">
        <nbMot>1417</nbMot>
        <blocTexte>291</blocTexte>
        <blocTab>0</blocTab>
        <blocPub>0</blocPub>
        <blocIll ocr="2">0</blocIll>
        <ills/>
      </page>
      <page ordre="3">
        <nbMot>891</nbMot>
        <blocTexte>73</blocTexte>
        <blocTab>0</blocTab>
        <blocPub>0</blocPub>
        <blocIll ocr="10">1</blocIll>
        <ills>
          <ill couleur="gris" edit="1" h="750" n="3-4" pub="1" taille="0" w="401" x="919" y="3878">
            <tech source="final">imp photoméca</tech>
            <tech source="md">imp photoméca</tech>
            <leg>Louis XVI no-yer ciré frisé, ornée de jolis motiis scuipiés, solidité garantie» comprerrant : i armoiFe à glaces biseairtee^, i lit Iarg. i m 40, 1 table de nuit.-dessus et intérieur rnibre..</leg>
            <txt>1 36, de Strasbourg, 54 à 60. ru© du Châtoa - u«d*!Eau et 67, rue ou F s St-Martm — FA1VIS .RICHE CHAMBRE</txt>
            <index>Louis XVI no-yer ciré frisé, ornée de jolis motiis scuipiés, solidité garantie» comprerrant : i armoiFe à glaces biseairtee^, i lit Iarg. i m 40, 1 table de nuit.-dessus et intérieur rnibre..1 36, de Strasbourg, 54 à 60. ru© du Châtoa - u«d*!Eau et 67, rue ou F s St-Martm — FA1VIS .RICHE CHAMBRE</index>
          </ill>
        </ills>
      </page>
      <page ordre="4">
        <nbMot>1111</nbMot>
        <blocTexte>238</blocTexte>
        <blocTab>0</blocTab>
        <blocPub>0</blocPub>
        <blocIll ocr="15">0</blocIll>
        <ills/>
      </page>
    </pages>
  </contenus>
</analyseAlto>