<analyseAlto>
  <metad>
    <type>P</type>
    <ID>bpt6k596752g</ID>
    <titre>La Presse</titre>
    <dateEdition>1911-05-15</dateEdition>
    <nbPage>4</nbPage>
    <suppl>FALSE</suppl>
  </metad>
  <contenus>
    <largeur>434</largeur>
    <hauteur>583</hauteur>
    <pages>
      <page ordre="1">
        <nbMot>814</nbMot>
        <blocTexte>48</blocTexte>
        <blocTab>0</blocTab>
        <blocPub>0</blocPub>
        <blocIll ocr="9">0</blocIll>
        <ills/>
      </page>
      <page ordre="2">
        <nbMot>1059</nbMot>
        <blocTexte>25</blocTexte>
        <blocTab>0</blocTab>
        <blocPub>0</blocPub>
        <blocIll ocr="2">0</blocIll>
        <ills/>
      </page>
      <page ordre="3">
        <nbMot>927</nbMot>
        <blocTexte>35</blocTexte>
        <blocTab>0</blocTab>
        <blocPub>0</blocPub>
        <blocIll ocr="4">0</blocIll>
        <ills/>
      </page>
      <page ordre="4">
        <nbMot>1009</nbMot>
        <blocTexte>242</blocTexte>
        <blocTab>0</blocTab>
        <blocPub>0</blocPub>
        <blocIll ocr="17">1</blocIll>
        <ills>
          <ill couleur="gris" derniere="true" edit="1" h="509" n="4-7" pub="1" taille="0" w="657" x="3469" y="3418">
            <tech source="final">imp photoméca</tech>
            <tech source="md">imp photoméca</tech>
            <leg>UN SEUL ESSAI ' votis convaincra de l'incontestable supériorité des ENGINS de P CHK vendus  AU PÊCHEUR ÉCOSSAIS 47,Rue Joubert,PARIS.! Dctnanden le Catalogue 1910-1911 ancoye franco*</leg>
            <txt>1 CHAMBRE Louis xvi en noyer ciré frisé, comprend : une , armoire-deux -portes glaces biseautées, lit de milieu, som* j mier, matelas lalnette, traversin, deux oreillers, une table^ de nuit, une desc.'de.iit, couverture, . deux chaises velours. Soldée. : j ; ^555w*3r</txt>
            <index>UN SEUL ESSAI ' votis convaincra de l'incontestable supériorité des ENGINS de P CHK vendus  AU PÊCHEUR ÉCOSSAIS 47,Rue Joubert,PARIS.! Dctnanden le Catalogue 1910-1911 ancoye franco*1 CHAMBRE Louis xvi en noyer ciré frisé, comprend : une , armoire-deux -portes glaces biseautées, lit de milieu, som* j mier, matelas lalnette, traversin, deux oreillers, une table^ de nuit, une desc.'de.iit, couverture, . deux chaises velours. Soldée. : j ; ^555w*3r</index>
          </ill>
        </ills>
      </page>
    </pages>
  </contenus>
</analyseAlto>