<analyseAlto>
  <metad>
    <type>P</type>
    <ID>bpt6k599839k</ID>
    <titre>La Presse</titre>
    <dateEdition>1919-12-01</dateEdition>
    <nbPage>4</nbPage>
    <suppl>FALSE</suppl>
  </metad>
  <contenus>
    <largeur>433</largeur>
    <hauteur>583</hauteur>
    <pages>
      <page ordre="1">
        <nbMot>712</nbMot>
        <blocTexte>44</blocTexte>
        <blocTab>0</blocTab>
        <blocPub>0</blocPub>
        <blocIll ocr="7">0</blocIll>
        <ills/>
      </page>
      <page ordre="2">
        <nbMot>1247</nbMot>
        <blocTexte>265</blocTexte>
        <blocTab>0</blocTab>
        <blocPub>0</blocPub>
        <blocIll ocr="2">0</blocIll>
        <ills/>
      </page>
      <page ordre="3">
        <nbMot>1257</nbMot>
        <blocTexte>147</blocTexte>
        <blocTab>0</blocTab>
        <blocPub>0</blocPub>
        <blocIll ocr="0">0</blocIll>
      </page>
      <page ordre="4">
        <nbMot>402</nbMot>
        <blocTexte>81</blocTexte>
        <blocTab>0</blocTab>
        <blocPub>0</blocPub>
        <blocIll ocr="18">1</blocIll>
        <ills>
          <ill couleur="gris" derniere="true" edit="1" h="812" n="4-13" pub="1" taille="2" w="1803" x="161" y="5191">
            <tech source="final">imp photoméca</tech>
            <tech source="md">imp photoméca</tech>
            <txt>1 posés Saiifl; [DOUZ.2£VTii ■a, par maxiiis dhossnih , llarenlsnr do Somnol, W Système lnromiiir»b!«. — Hrariiure gratis et f *. t . 73, Boul  Haussmann. 73 (f«c« '• Prlattmaii.</txt>
            <index>1 posés Saiifl; [DOUZ.2£VTii ■a, par maxiiis dhossnih , llarenlsnr do Somnol, W Système lnromiiir»b!«. — Hrariiure gratis et f *. t . 73, Boul  Haussmann. 73 (f«c« '• Prlattmaii.</index>
          </ill>
        </ills>
      </page>
    </pages>
  </contenus>
</analyseAlto>