<analyseAlto>
  <metad>
    <type>P</type>
    <ID>bpt6k596316c</ID>
    <titre>La Presse</titre>
    <dateEdition>1910-03-05</dateEdition>
    <nbPage>4</nbPage>
    <suppl>FALSE</suppl>
  </metad>
  <contenus>
    <largeur>435</largeur>
    <hauteur>583</hauteur>
    <pages>
      <page ordre="1">
        <nbMot>823</nbMot>
        <blocTexte>32</blocTexte>
        <blocTab>0</blocTab>
        <blocPub>0</blocPub>
        <blocIll ocr="2">0</blocIll>
        <ills/>
      </page>
      <page ordre="2">
        <nbMot>904</nbMot>
        <blocTexte>56</blocTexte>
        <blocTab>0</blocTab>
        <blocPub>0</blocPub>
        <blocIll ocr="11">0</blocIll>
        <ills/>
      </page>
      <page ordre="3">
        <nbMot>895</nbMot>
        <blocTexte>94</blocTexte>
        <blocTab>0</blocTab>
        <blocPub>0</blocPub>
        <blocIll ocr="13">0</blocIll>
        <ills/>
      </page>
      <page ordre="4">
        <nbMot>1504</nbMot>
        <blocTexte>420</blocTexte>
        <blocTab>0</blocTab>
        <blocPub>0</blocPub>
        <blocIll ocr="6">1</blocIll>
        <ills>
          <ill couleur="gris" derniere="true" edit="1" h="428" n="4-3" pub="1" taille="0" w="598" x="1815" y="5577">
            <tech source="final">imp photoméca</tech>
            <tech source="md">imp photoméca</tech>
            <leg>FABRIQUE DE LITS ET SOMMIERS</leg>
            <index>FABRIQUE DE LITS ET SOMMIERSm 1</index>
          </ill>
        </ills>
      </page>
    </pages>
  </contenus>
</analyseAlto>