<analyseAlto>
  <metad>
    <type>P</type>
    <ID>bpt6k5969913</ID>
    <titre>La Presse</titre>
    <dateEdition>1912-01-10</dateEdition>
    <nbPage>4</nbPage>
    <suppl>FALSE</suppl>
  </metad>
  <contenus>
    <largeur>434</largeur>
    <hauteur>583</hauteur>
    <pages>
      <page ordre="1">
        <nbMot>868</nbMot>
        <blocTexte>45</blocTexte>
        <blocTab>0</blocTab>
        <blocPub>0</blocPub>
        <blocIll ocr="4">0</blocIll>
        <ills/>
      </page>
      <page ordre="2">
        <nbMot>1036</nbMot>
        <blocTexte>93</blocTexte>
        <blocTab>0</blocTab>
        <blocPub>0</blocPub>
        <blocIll ocr="2">0</blocIll>
        <ills/>
      </page>
      <page ordre="3">
        <nbMot>980</nbMot>
        <blocTexte>83</blocTexte>
        <blocTab>0</blocTab>
        <blocPub>0</blocPub>
        <blocIll ocr="4">0</blocIll>
        <ills/>
      </page>
      <page ordre="4">
        <nbMot>1439</nbMot>
        <blocTexte>767</blocTexte>
        <blocTab>0</blocTab>
        <blocPub>0</blocPub>
        <blocIll ocr="13">1</blocIll>
        <ills>
          <ill couleur="gris" derniere="true" edit="1" h="610" n="4-10" pub="1" taille="0" w="744" x="1838" y="4282">
            <tech source="final">imp photoméca</tech>
            <tech source="md">imp photoméca</tech>
            <txt>TRÈS BELLE CHAMBRE h COUCHER î jolis motifs sculptés, composée de: 1 armoire largeur 1™I5, 2 porles à glaces Louis XVI en noyer ciré frisé, ornée de sculptés, composée de: 1 armoire largeur 1™I5, 2 biseautées, 1 lit de milieu largeur 1®40 et une table denuitinté- rieur marbre blanc, dessus marbre royal PRIX ^50fr</txt>
            <index>TRÈS BELLE CHAMBRE h COUCHER î jolis motifs sculptés, composée de: 1 armoire largeur 1™I5, 2 porles à glaces Louis XVI en noyer ciré frisé, ornée de sculptés, composée de: 1 armoire largeur 1™I5, 2 biseautées, 1 lit de milieu largeur 1®40 et une table denuitinté- rieur marbre blanc, dessus marbre royal PRIX ^50fr</index>
          </ill>
        </ills>
      </page>
    </pages>
  </contenus>
</analyseAlto>