<analyseAlto>
  <metad>
    <type>P</type>
    <ID>bpt6k597101s</ID>
    <titre>La Presse</titre>
    <dateEdition>1912-04-29</dateEdition>
    <nbPage>4</nbPage>
    <suppl>FALSE</suppl>
  </metad>
  <contenus>
    <largeur>434</largeur>
    <hauteur>582</hauteur>
    <pages>
      <page ordre="1">
        <nbMot>642</nbMot>
        <blocTexte>30</blocTexte>
        <blocTab>0</blocTab>
        <blocPub>0</blocPub>
        <blocIll ocr="6">0</blocIll>
        <ills/>
      </page>
      <page ordre="2">
        <nbMot>1008</nbMot>
        <blocTexte>26</blocTexte>
        <blocTab>0</blocTab>
        <blocPub>0</blocPub>
        <blocIll ocr="4">0</blocIll>
        <ills/>
      </page>
      <page ordre="3">
        <nbMot>961</nbMot>
        <blocTexte>88</blocTexte>
        <blocTab>0</blocTab>
        <blocPub>0</blocPub>
        <blocIll ocr="7">1</blocIll>
        <ills>
          <ill couleur="gris" edit="1" h="490" n="3-1" pub="1" taille="0" w="800" x="918" y="1918">
            <tech source="final">imp photoméca</tech>
            <tech source="md">imp photoméca</tech>
            <contenuImg CS="1" lang="fr" source="hm" time="2020-04-08T17:40:40.396+02:00">vélo</contenuImg>
            <leg>i-il'ïs. • • - • pacfco-ut</leg>
            <txt>Opéra, S h. — Soiree. de-srals. au profit de-l avialion militaire. Comedie-Françaiso, 8 h. 3/-i- — Prinicvoje, Opéra-Comique, s u. — Les Contes d llotfiiuir.n._ Odéon, 8 h. 1/a. — L'H onneu r. Japonais. Gaité-Lynque,. 8- li...JS-aiU- - - - .- - - - - Variétés, 8 . Il. .-~ij Le Roi._ Théâtre SarahrCecnUardl, .8 U Camélias.' -. en présence ; 94 pouffçuj^. prirent le départ, et, parmi ceux-ci : l'aber, vainqueur de cette ^preuve en: jaû^et; 19M^-.ak«^.-q«iil--Tnontait sa bicyclette. Alcyon, ; Lapize, .Emile Georget t ( riippêlantl.t, -Petit-Breton, etc. ; c'est-un Bel ge; ' Louis HeuisghemqiU' triompha de, tonte. oetj,e. coalition, quoique nouveau venu, au sp-qrt xydiste ; exploit peu' ordinaire, pour- lin dçbijt et accompli grâ,ce aux qualités ni-. ■ comparables de ' la bicyclette bl£u ciel. • ' ; -Dans Milan-SJa^i-RçjiK), traites . - lês': g^anuCS. marques françaises et-'italiennes étaient, re présentées, et. Alcyon; triomphait a nouveau, ipro-na'nt' les trois.-premières :plae.e^, .avec V6i »l|ssier -premier,..Otarrigfou- deuxième et,- Mas- •, seli£ troisième, battant.! à'- iVo.uvéau . Faber, l'jiBile 1 G corget,. BeUt-Br^ton, Cruppelfindt. Ofa n© saurait^ trop .dire qu'Alcyon est. de rTfibncation- 'véritablement, française, - et, c'est podrquoi, chaque triortiphe» de. notre/ grande marque est. accueilli avec joie-par ; tous les sport,stncn français. iL'ubnndemçfi des^ maU/nox .nous, o'bhqe-: a ■ajourner .iiu(ç.re.ssai!,t(:. ..chmqigve ; de. noir,s ■disttnfjue .collaborateur, le ■ docteur UAI llah».. E-smmM Le Tournpi ^e Nice ! fiSuce, 28 avril. — AXalg^ une foulure a la nj-ajUj-cauçcQ.païj-jjn-coup (lê porpmeau „au f couVfe- , d~aii  assaufcr avec, .-Besançon Gaudm ' gagne Te' l\)urnoi de; Mc-e avec, quatorze .toit; clies-dan£ ^ensemble... de.\lepreu,ve. . ' - ■; i Vaiçivte claasem^ntroffK'ii?! -,</txt>
            <index>i-il'ïs. • • - • pacfco-utOpéra, S h. — Soiree. de-srals. au profit de-l avialion militaire. Comedie-Françaiso, 8 h. 3/-i- — Prinicvoje, Opéra-Comique, s u. — Les Contes d llotfiiuir.n._ Odéon, 8 h. 1/a. — L'H onneu r. Japonais. Gaité-Lynque,. 8- li...JS-aiU- - - - .- - - - - Variétés, 8 . Il. .-~ij Le Roi._ Théâtre SarahrCecnUardl, .8 U Camélias.' -. en présence ; 94 pouffçuj^. prirent le départ, et, parmi ceux-ci : l'aber, vainqueur de cette ^preuve en: jaû^et; 19M^-.ak«^.-q«iil--Tnontait sa bicyclette. Alcyon, ; Lapize, .Emile Georget t ( riippêlantl.t, -Petit-Breton, etc. ; c'est-un Bel ge; ' Louis HeuisghemqiU' triompha de, tonte. oetj,e. coalition, quoique nouveau venu, au sp-qrt xydiste ; exploit peu' ordinaire, pour- lin dçbijt et accompli grâ,ce aux qualités ni-. ■ comparables de ' la bicyclette bl£u ciel. • ' ; -Dans Milan-SJa^i-RçjiK), traites . - lês': g^anuCS. marques françaises et-'italiennes étaient, re présentées, et. Alcyon; triomphait a nouveau, ipro-na'nt' les trois.-premières :plae.e^, .avec V6i »l|ssier -premier,..Otarrigfou- deuxième et,- Mas- •, seli£ troisième, battant.! à'- iVo.uvéau . Faber, l'jiBile 1 G corget,. BeUt-Br^ton, Cruppelfindt. Ofa n© saurait^ trop .dire qu'Alcyon est. de rTfibncation- 'véritablement, française, - et, c'est podrquoi, chaque triortiphe» de. notre/ grande marque est. accueilli avec joie-par ; tous les sport,stncn français. iL'ubnndemçfi des^ maU/nox .nous, o'bhqe-: a ■ajourner .iiu(ç.re.ssai!,t(:. ..chmqigve ; de. noir,s ■disttnfjue .collaborateur, le ■ docteur UAI llah».. E-smmM Le Tournpi ^e Nice ! fiSuce, 28 avril. — AXalg^ une foulure a la nj-ajUj-cauçcQ.païj-jjn-coup (lê porpmeau „au f couVfe- , d~aii  assaufcr avec, .-Besançon Gaudm ' gagne Te' l\)urnoi de; Mc-e avec, quatorze .toit; clies-dan£ ^ensemble... de.\lepreu,ve. . ' - ■; i Vaiçivte claasem^ntroffK'ii?! -,</index>
            <contenuImg CS="1" lang="en" source="hm" time="2020-04-08T17:40:40.396+02:00">bicycle</contenuImg>
          </ill>
        </ills>
      </page>
      <page ordre="4">
        <nbMot>833</nbMot>
        <blocTexte>128</blocTexte>
        <blocTab>0</blocTab>
        <blocPub>0</blocPub>
        <blocIll ocr="11">0</blocIll>
        <ills/>
      </page>
    </pages>
  </contenus>
</analyseAlto>