<analyseAlto>
  <metad>
    <type>P</type>
    <ID>bpt6k600232m</ID>
    <titre>La Presse</titre>
    <dateEdition>1920-12-28</dateEdition>
    <nbPage>4</nbPage>
    <suppl>FALSE</suppl>
  </metad>
  <contenus>
    <largeur>432</largeur>
    <hauteur>582</hauteur>
    <pages>
      <page ordre="1">
        <nbMot>823</nbMot>
        <blocTexte>39</blocTexte>
        <blocTab>0</blocTab>
        <blocPub>0</blocPub>
        <blocIll ocr="4">0</blocIll>
        <ills/>
      </page>
      <page ordre="2">
        <nbMot>974</nbMot>
        <blocTexte>35</blocTexte>
        <blocTab>0</blocTab>
        <blocPub>0</blocPub>
        <blocIll ocr="1">0</blocIll>
        <ills/>
      </page>
      <page ordre="3">
        <nbMot>902</nbMot>
        <blocTexte>54</blocTexte>
        <blocTab>0</blocTab>
        <blocPub>0</blocPub>
        <blocIll ocr="14">1</blocIll>
        <ills>
          <ill couleur="gris" edit="1" h="416" n="3-6" pub="1" taille="0" w="553" x="982" y="5258">
            <tech source="final">imp photoméca</tech>
            <tech source="md">imp photoméca</tech>
            <txt>a TERMINE les Microbes ces lïALiDIES INTIMES el des diverses affections des Voies uiinaires expérimenté par un grand nombre DE MEDECINS SPÉCIALISTES S'Jft D'IN- NGMBRABLES MALABE3 DES DEUX SHXGS DE TOUT AGE ET DE TOUTE CONDITION SOGiALE. IL EST AUJObSi- D HUi UN FAIT AGOUIS. C'EST QU'AUCUN REMÈDE, QUELLE OU'EN SOIT LA FORMÉ, NE DONNE LES RESULTATS OBTENUS.'PAR TERASSÛL ©£</txt>
            <index>a TERMINE les Microbes ces lïALiDIES INTIMES el des diverses affections des Voies uiinaires expérimenté par un grand nombre DE MEDECINS SPÉCIALISTES S'Jft D'IN- NGMBRABLES MALABE3 DES DEUX SHXGS DE TOUT AGE ET DE TOUTE CONDITION SOGiALE. IL EST AUJObSi- D HUi UN FAIT AGOUIS. C'EST QU'AUCUN REMÈDE, QUELLE OU'EN SOIT LA FORMÉ, NE DONNE LES RESULTATS OBTENUS.'PAR TERASSÛL ©£</index>
          </ill>
        </ills>
      </page>
      <page ordre="4">
        <nbMot>1421</nbMot>
        <blocTexte>634</blocTexte>
        <blocTab>0</blocTab>
        <blocPub>0</blocPub>
        <blocIll ocr="8">0</blocIll>
        <ills/>
      </page>
    </pages>
  </contenus>
</analyseAlto>