<analyseAlto>
  <metad>
    <type>P</type>
    <ID>bpt6k596818p</ID>
    <titre>La Presse</titre>
    <dateEdition>1911-07-20</dateEdition>
    <nbPage>4</nbPage>
    <suppl>FALSE</suppl>
  </metad>
  <contenus>
    <largeur>435</largeur>
    <hauteur>583</hauteur>
    <pages>
      <page ordre="1">
        <nbMot>701</nbMot>
        <blocTexte>54</blocTexte>
        <blocTab>0</blocTab>
        <blocPub>0</blocPub>
        <blocIll ocr="6">0</blocIll>
        <ills/>
      </page>
      <page ordre="2">
        <nbMot>1016</nbMot>
        <blocTexte>40</blocTexte>
        <blocTab>0</blocTab>
        <blocPub>0</blocPub>
        <blocIll ocr="1">0</blocIll>
        <ills/>
      </page>
      <page ordre="3">
        <nbMot>910</nbMot>
        <blocTexte>50</blocTexte>
        <blocTab>0</blocTab>
        <blocPub>0</blocPub>
        <blocIll ocr="8">1</blocIll>
        <ills>
          <ill couleur="gris" edit="1" h="706" n="3-5" pub="1" taille="1" w="762" x="4169" y="3683">
            <tech source="final">imp photoméca</tech>
            <tech source="md">imp photoméca</tech>
            <leg>Odol préserve les dents Ûq !r ; carie,</leg>
            <txt>Ç S ET LA A /.DoMhan, ..en   Bretagne, ; 40 .pécheurs ont .pris',part, à 'une éi-veuve de. 'natation, org-ani- .%ée'-^traff.^ni ^''.cpïi^fe';Bro^'ziii^7dfi.:la-: : tier .ft 'f J «TOtc\''Peiï6:rmàîhéés'dignes des s 'prix' supéïbes offwirts; :par . notre-.-eoiM'irèire iet, ami,- - ........ ,:. ■ .,■... _:Le: TouKing-.ta.Uh .de..Ffâ;nce 'vient -de ivoter une ;sommë  dë;.ï,000 irancSf.en faveur de l'As- s'( ..'iat-i'-fitinlérn;i;h.n-alo perinaneiite des Con grès de  la'Boute. ^ Le s^inipathique spoirtsmân.: Henri Dépassé, •tiu4:'fif,^sttr. : le. Circuit- de 'la J Sarthe-, 7 urne - clrntë .terrible, : va.:mieusx :et sera suir pied dans une .q.uinzaane.'de jours. ' - X .Dédié à-notre confrère'-Brouazin, -Breton et -ré'daot.eoir :spottf ! ada 'Libre'Parole-: - ~ :: Le gband concours annuel , de -boule de Tre- 1 venc-uc, le PaliUrEeregal, .s'ëst terminé; diman-' ■ ché,  par la viotoire de M. '.Basquin, de Paris, battant'des Bretons. ' . ' -- Tout;arrii:ve,':BrDuaz.m. ■ . - •</txt>
            <index>Odol préserve les dents Ûq !r ; carie,Ç S ET LA A /.DoMhan, ..en   Bretagne, ; 40 .pécheurs ont .pris',part, à 'une éi-veuve de. 'natation, org-ani- .%ée'-^traff.^ni ^''.cpïi^fe';Bro^'ziii^7dfi.:la-: : tier .ft 'f J «TOtc\''Peiï6:rmàîhéés'dignes des s 'prix' supéïbes offwirts; :par . notre-.-eoiM'irèire iet, ami,- - ........ ,:. ■ .,■... _:Le: TouKing-.ta.Uh .de..Ffâ;nce 'vient -de ivoter une ;sommë  dë;.ï,000 irancSf.en faveur de l'As- s'( ..'iat-i'-fitinlérn;i;h.n-alo perinaneiite des Con grès de  la'Boute. ^ Le s^inipathique spoirtsmân.: Henri Dépassé, •tiu4:'fif,^sttr. : le. Circuit- de 'la J Sarthe-, 7 urne - clrntë .terrible, : va.:mieusx :et sera suir pied dans une .q.uinzaane.'de jours. ' - X .Dédié à-notre confrère'-Brouazin, -Breton et -ré'daot.eoir :spottf ! ada 'Libre'Parole-: - ~ :: Le gband concours annuel , de -boule de Tre- 1 venc-uc, le PaliUrEeregal, .s'ëst terminé; diman-' ■ ché,  par la viotoire de M. '.Basquin, de Paris, battant'des Bretons. ' . ' -- Tout;arrii:ve,':BrDuaz.m. ■ . - •</index>
          </ill>
        </ills>
      </page>
      <page ordre="4">
        <nbMot>1634</nbMot>
        <blocTexte>359</blocTexte>
        <blocTab>0</blocTab>
        <blocPub>0</blocPub>
        <blocIll ocr="15">0</blocIll>
        <ills/>
      </page>
    </pages>
  </contenus>
</analyseAlto>