<analyseAlto>
  <metad>
    <type>P</type>
    <ID>bpt6k5963451</ID>
    <titre>La Presse</titre>
    <dateEdition>1910-04-03</dateEdition>
    <nbPage>4</nbPage>
    <suppl>FALSE</suppl>
  </metad>
  <contenus>
    <largeur>435</largeur>
    <hauteur>584</hauteur>
    <pages>
      <page ordre="1">
        <nbMot>808</nbMot>
        <blocTexte>35</blocTexte>
        <blocTab>0</blocTab>
        <blocPub>0</blocPub>
        <blocIll ocr="8">0</blocIll>
        <ills/>
      </page>
      <page ordre="2">
        <nbMot>1416</nbMot>
        <blocTexte>252</blocTexte>
        <blocTab>0</blocTab>
        <blocPub>0</blocPub>
        <blocIll ocr="1">0</blocIll>
        <ills/>
      </page>
      <page ordre="3">
        <nbMot>666</nbMot>
        <blocTexte>97</blocTexte>
        <blocTab>0</blocTab>
        <blocPub>0</blocPub>
        <blocIll ocr="31">1</blocIll>
        <ills>
          <ill couleur="gris" edit="1" h="813" n="3-11" pub="1" taille="0" w="342" x="2375" y="4036">
            <tech source="final">imp photoméca</tech>
            <tech source="md">imp photoméca</tech>
            <leg>J58BE eiêgraute,. façon i  « S tailleur, en belle | , tresse anglaise^ pure laine, plis piquûs ...</leg>
            <txt>JAQUETTE beau drap cuir garnie brod soie.  Longueur CACKE-POUSSIÈKEt^'r écru, garni plis, col d Q fn satin soie noir.;..-.. I/O ■ Même genre en rayé ^ grisaille 8 90 PncTIlliE Tailleur belle uwa I UjViC toile de 151 blanche ou couleur, jupe et 'paletot' ornés riche broderie et entre-deux...</txt>
            <index>J58BE eiêgraute,. façon i  « S tailleur, en belle | , tresse anglaise^ pure laine, plis piquûs ...JAQUETTE beau drap cuir garnie brod soie.  Longueur CACKE-POUSSIÈKEt^'r écru, garni plis, col d Q fn satin soie noir.;..-.. I/O ■ Même genre en rayé ^ grisaille 8 90 PncTIlliE Tailleur belle uwa I UjViC toile de 151 blanche ou couleur, jupe et 'paletot' ornés riche broderie et entre-deux...</index>
          </ill>
        </ills>
      </page>
      <page ordre="4">
        <nbMot>819</nbMot>
        <blocTexte>156</blocTexte>
        <blocTab>0</blocTab>
        <blocPub>0</blocPub>
        <blocIll ocr="26">0</blocIll>
        <ills/>
      </page>
    </pages>
  </contenus>
</analyseAlto>