<analyseAlto>
  <metad>
    <type>P</type>
    <ID>bpt6k600195h</ID>
    <titre>La Presse</titre>
    <dateEdition>1920-11-21</dateEdition>
    <nbPage>4</nbPage>
    <suppl>FALSE</suppl>
  </metad>
  <contenus>
    <largeur>431</largeur>
    <hauteur>535</hauteur>
    <pages>
      <page ordre="1">
        <nbMot>826</nbMot>
        <blocTexte>52</blocTexte>
        <blocTab>0</blocTab>
        <blocPub>0</blocPub>
        <blocIll ocr="5">0</blocIll>
        <ills/>
      </page>
      <page ordre="2">
        <nbMot>967</nbMot>
        <blocTexte>35</blocTexte>
        <blocTab>0</blocTab>
        <blocPub>0</blocPub>
        <blocIll ocr="0">0</blocIll>
      </page>
      <page ordre="3">
        <nbMot>853</nbMot>
        <blocTexte>102</blocTexte>
        <blocTab>0</blocTab>
        <blocPub>0</blocPub>
        <blocIll ocr="12">0</blocIll>
        <ills/>
      </page>
      <page ordre="4">
        <nbMot>884</nbMot>
        <blocTexte>160</blocTexte>
        <blocTab>0</blocTab>
        <blocPub>0</blocPub>
        <blocIll ocr="12">2</blocIll>
        <ills>
          <ill couleur="gris" derniere="true" edit="1" h="1022" n="4-10" pub="1" taille="2" w="1078" x="1185" y="4927">
            <tech source="final">imp photoméca</tech>
            <tech source="md">imp photoméca</tech>
            <txt>MANTEAU n° 5 H1A1VB lliitLI forme nouvelle En belle .draperie, blanketine et velours !,dc laine. Depuis 99 fr. jusqu'à  90 fr.</txt>
            <index>MANTEAU n° 5 H1A1VB lliitLI forme nouvelle En belle .draperie, blanketine et velours !,dc laine. Depuis 99 fr. jusqu'à  90 fr.</index>
          </ill>
          <ill couleur="gris" derniere="true" edit="1" h="738" n="4-12" pub="1" taille="1" w="737" x="4336" y="4983">
            <tech source="final">imp photoméca</tech>
            <tech source="md">imp photoméca</tech>
            <leg>SAC CAYOliR EN DAIM</leg>
            <txt>1 N° 1 avec liseré itlanc ou rouge, doublé soi^c, cuir grain anglais, fermeture tabatière   gala- lithe, glace biseautée rucliée. Poignée tout cuir. Se fait en noir, bleu et havane. - Exceptionnel m ts à LA PRESSE 00 Fr. n° 2 SAC-BOURRICHE;. VÉRITABLE MAROQUIN grain anglais, liseré blanc ou rouge, doublé satin gaufré, ,» fermeture tabatière galalithe incrustation, II! glace biseautée réçhée. Poignée cuir Maro quin. Article de grand luxe. Se fait en noir, bleu et havane. întrouvafcle ailleurs (J u à LA PRESSE Otl</txt>
            <index>SAC CAYOliR EN DAIM1 N° 1 avec liseré itlanc ou rouge, doublé soi^c, cuir grain anglais, fermeture tabatière   gala- lithe, glace biseautée rucliée. Poignée tout cuir. Se fait en noir, bleu et havane. - Exceptionnel m ts à LA PRESSE 00 Fr. n° 2 SAC-BOURRICHE;. VÉRITABLE MAROQUIN grain anglais, liseré blanc ou rouge, doublé satin gaufré, ,» fermeture tabatière galalithe incrustation, II! glace biseautée réçhée. Poignée cuir Maro quin. Article de grand luxe. Se fait en noir, bleu et havane. întrouvafcle ailleurs (J u à LA PRESSE Otl</index>
          </ill>
        </ills>
      </page>
    </pages>
  </contenus>
</analyseAlto>