<analyseAlto>
  <metad>
    <type>P</type>
    <ID>bpt6k596704h</ID>
    <titre>La Presse</titre>
    <dateEdition>1911-03-28</dateEdition>
    <nbPage>4</nbPage>
    <suppl>FALSE</suppl>
  </metad>
  <contenus>
    <largeur>434</largeur>
    <hauteur>583</hauteur>
    <pages>
      <page ordre="1">
        <nbMot>784</nbMot>
        <blocTexte>86</blocTexte>
        <blocTab>0</blocTab>
        <blocPub>0</blocPub>
        <blocIll ocr="8">0</blocIll>
        <ills/>
      </page>
      <page ordre="2">
        <nbMot>1088</nbMot>
        <blocTexte>32</blocTexte>
        <blocTab>0</blocTab>
        <blocPub>0</blocPub>
        <blocIll ocr="1">0</blocIll>
        <ills/>
      </page>
      <page ordre="3">
        <nbMot>983</nbMot>
        <blocTexte>58</blocTexte>
        <blocTab>0</blocTab>
        <blocPub>0</blocPub>
        <blocIll ocr="12">1</blocIll>
        <ills>
          <ill couleur="gris" edit="1" h="708" n="3-6" pub="1" taille="1" w="773" x="4184" y="1816">
            <tech source="final">imp photoméca</tech>
            <tech source="md">imp photoméca</tech>
            <leg>CH. A. DUPUY.</leg>
            <txt>ÇA ET LA Des les premiers beaux tours, les aviateurs Veurmes; le prmeo Nisol et l-enseic^e ôyass.ea s envoleront vers Pau. ' X Parti «Orléansle 23 mars, le globe-trotter ('?): R. David s'arrêta à- Pans les 2o et 2u.- ouag continua- sa, route- vers-la- Belgim-e. X Bordeaux, 26 mars. (p. P.)- — la«ue£ sesti , classe premier.dans 1-e Brevet militaire oO ia-»- lometi*es-eii 1 h. 38- im ... ■ X ' Hier, à Samt-etood* ïe handicap MuivseH»?; ' organise paT le Club de là Socieite-Général^' -est entevê par SMfieM. X •-. Lue délégation, de l'Aero-ClluSb de franc* . s'est entroteati©, cet apres-roun,' avec 11110 d.e-: . légation  du groupe: parlementairis. x Pui, 26 niais (D P) -L^slvUi^n 1 ^ Maî- lierbe. Rose :®t eonneaiu- ont .vole, cet- aores.- : midi, do Pao a Auch en une heure.   En cross-cotmtiry:: - le Cihallenge cl Alesia:. a : il ^asyne, hier, pa^rBairbet e + le lia» -1 oitiî. d e-Maisons'-La'ffltte;-■ X La ctotoro du- Afeiodromo d.ïliver aura-laeia- diimin«l e Btïffaio oaiv-^iTa 9 auil v ^on la 2 : date-donnée hier par-sra-eur. ■ -- x- - . Samedi, su .Ctrque.de Baaus.: comnai se.nsa,-i taoïrnet'entre «aim LaïKCford et Sam. Jlac ve-av~- Bourse:'dw-5®,0W.fïiaiios. .:, ■ X , -Cogmr®, de vant-Garlier et Meuuier. çagïîEfe hier, à tSaiiït-feloud, le cross :du C.A. de ta Corn'pa^Hie-diesr-VortBres. -ïtfes bon-suec«s. ■</txt>
            <index>CH. A. DUPUY.ÇA ET LA Des les premiers beaux tours, les aviateurs Veurmes; le prmeo Nisol et l-enseic^e ôyass.ea s envoleront vers Pau. ' X Parti «Orléansle 23 mars, le globe-trotter ('?): R. David s'arrêta à- Pans les 2o et 2u.- ouag continua- sa, route- vers-la- Belgim-e. X Bordeaux, 26 mars. (p. P.)- — la«ue£ sesti , classe premier.dans 1-e Brevet militaire oO ia-»- lometi*es-eii 1 h. 38- im ... ■ X ' Hier, à Samt-etood* ïe handicap MuivseH»?; ' organise paT le Club de là Socieite-Général^' -est entevê par SMfieM. X •-. Lue délégation, de l'Aero-ClluSb de franc* . s'est entroteati©, cet apres-roun,' avec 11110 d.e-: . légation  du groupe: parlementairis. x Pui, 26 niais (D P) -L^slvUi^n 1 ^ Maî- lierbe. Rose :®t eonneaiu- ont .vole, cet- aores.- : midi, do Pao a Auch en une heure.   En cross-cotmtiry:: - le Cihallenge cl Alesia:. a : il ^asyne, hier, pa^rBairbet e + le lia» -1 oitiî. d e-Maisons'-La'ffltte;-■ X La ctotoro du- Afeiodromo d.ïliver aura-laeia- diimin«l e Btïffaio oaiv-^iTa 9 auil v ^on la 2 : date-donnée hier par-sra-eur. ■ -- x- - . Samedi, su .Ctrque.de Baaus.: comnai se.nsa,-i taoïrnet'entre «aim LaïKCford et Sam. Jlac ve-av~- Bourse:'dw-5®,0W.fïiaiios. .:, ■ X , -Cogmr®, de vant-Garlier et Meuuier. çagïîEfe hier, à tSaiiït-feloud, le cross :du C.A. de ta Corn'pa^Hie-diesr-VortBres. -ïtfes bon-suec«s. ■</index>
          </ill>
        </ills>
      </page>
      <page ordre="4">
        <nbMot>1681</nbMot>
        <blocTexte>570</blocTexte>
        <blocTab>0</blocTab>
        <blocPub>0</blocPub>
        <blocIll ocr="20">0</blocIll>
        <ills/>
      </page>
    </pages>
  </contenus>
</analyseAlto>