<analyseAlto>
  <metad>
    <type>P</type>
    <ID>bpt6k5976381</ID>
    <titre>La Presse</titre>
    <dateEdition>1913-10-20</dateEdition>
    <nbPage>4</nbPage>
    <suppl>FALSE</suppl>
  </metad>
  <contenus>
    <largeur>434</largeur>
    <hauteur>583</hauteur>
    <pages>
      <page ordre="1">
        <nbMot>800</nbMot>
        <blocTexte>45</blocTexte>
        <blocTab>0</blocTab>
        <blocPub>0</blocPub>
        <blocIll ocr="7">0</blocIll>
        <ills/>
      </page>
      <page ordre="2">
        <nbMot>1037</nbMot>
        <blocTexte>35</blocTexte>
        <blocTab>0</blocTab>
        <blocPub>0</blocPub>
        <blocIll ocr="5">0</blocIll>
        <ills/>
      </page>
      <page ordre="3">
        <nbMot>1075</nbMot>
        <blocTexte>50</blocTexte>
        <blocTab>0</blocTab>
        <blocPub>0</blocPub>
        <blocIll ocr="2">0</blocIll>
        <ills/>
      </page>
      <page ordre="4">
        <nbMot>940</nbMot>
        <blocTexte>190</blocTexte>
        <blocTab>0</blocTab>
        <blocPub>0</blocPub>
        <blocIll ocr="25">1</blocIll>
        <ills>
          <ill couleur="gris" derniere="true" edit="1" h="872" n="4-9" pub="1" taille="0" w="397" x="970" y="5696">
            <tech source="final">imp photoméca</tech>
            <tech source="md">imp photoméca</tech>
            <leg>COMPAGiïlE GÉNÉRALE de ïAMEUBLEMENT, la plus importante S®</leg>
            <txt>rmon FRUITS des Crus ds la EDTE-D'OS GAGNEZ DE L'ARGENT En .achetant vos meubles, objets d'art, tableaux, pianos, tapis d'Orient, tentures, etc., etc., aux Magasins Généraux de la rive gauche, 105 à 111, bd Saint-Germain (warrants, ventes judiciaires, ventes amia bles). Les différences sont du tiers et de la moitié au-dessous de la valeur mar chande et vous y trouverez les plus belles occasions dumonds .Ventes amiables de 9 à 6 heures. ROBERT 10, Rue Daunou — 1 er étage ACHÈTE LES BIJOUX PERLES ET DIAMANTS le »lujs cher de tout Patc  1 -</txt>
            <index>COMPAGiïlE GÉNÉRALE de ïAMEUBLEMENT, la plus importante S®rmon FRUITS des Crus ds la EDTE-D'OS GAGNEZ DE L'ARGENT En .achetant vos meubles, objets d'art, tableaux, pianos, tapis d'Orient, tentures, etc., etc., aux Magasins Généraux de la rive gauche, 105 à 111, bd Saint-Germain (warrants, ventes judiciaires, ventes amia bles). Les différences sont du tiers et de la moitié au-dessous de la valeur mar chande et vous y trouverez les plus belles occasions dumonds .Ventes amiables de 9 à 6 heures. ROBERT 10, Rue Daunou — 1 er étage ACHÈTE LES BIJOUX PERLES ET DIAMANTS le »lujs cher de tout Patc  1 -</index>
          </ill>
        </ills>
      </page>
    </pages>
  </contenus>
</analyseAlto>