<analyseAlto>
  <metad>
    <type>R</type>
    <ID>bpt6k9604120m</ID>
    <notice>cb343833568</notice>
    <titre>Vogue 1920/08/15</titre>
    <dateEdition>1920-08-15</dateEdition>
    <lang>fre</lang>
    <source>BnF</source>
    <nbPage>66</nbPage>
  </metad>
  <contenus>
    <largeur>160</largeur>
    <hauteur>222</hauteur>
    <largeurPx>3798</largeurPx>
    <hauteurPx>5264</hauteurPx>
    <pages>
      <page hauteurPx="5264" largeurPx="3798" ordre="1">
        <nbMot>16</nbMot>
        <blocTexte>3</blocTexte>
        <blocTab>0</blocTab>
        <blocPub>0</blocPub>
        <blocIll ocr="2">1</blocIll>
        <ills/>
      </page>
      <page hauteurPx="5255" largeurPx="3729" ordre="2">
        <nbMot>105</nbMot>
        <blocTexte>16</blocTexte>
        <blocTab>0</blocTab>
        <blocPub>0</blocPub>
        <blocIll ocr="1">1</blocIll>
        <ills>
          <ill classif="CCyolo CCibm" couleur="gris" edit="1" h="2544" n="2-1" pub="1" taille="2" w="1869" x="1694" y="969">
            <contenuImg CS="0.938" lang="fr" source="ibm">pointe d'argent</contenuImg>
            <contenuImg CS="0.683" lang="fr" source="ibm">salle d'étude</contenuImg>
            <contenuImg CS="0.798" lang="fr" source="ibm">pièce</contenuImg>
            <contenuImg CS="0.634" coul="1" lang="fr" source="ibm">gris</contenuImg>
            <contenuImg CS="0.63" coul="1" lang="fr" source="ibm">noir</contenuImg>
            <contenuImg CS="0.63" coul="1" lang="en" source="ibm">black color</contenuImg>
            <contenuImg CS="0.634" coul="1" lang="en" source="ibm">gray color</contenuImg>
            <contenuImg CS="0.798" lang="en" source="ibm">room</contenuImg>
            <contenuImg CS="0.683" lang="en" source="ibm">study</contenuImg>
            <contenuImg CS="0.938" lang="en" source="ibm">silverpoint</contenuImg>
            <contenuImg x="1" CS="0.66" h="2500" lang="fr" source="yolo" w="1560" y="60">personne</contenuImg>
            <contenuImg x="1" CS="0.66" h="2500" lang="en" source="yolo" w="1560" y="60">person</contenuImg>
            <fonction source="final">repro/dessin</fonction>
            <fonction CS="0.97" source="TensorFlow">repro/dessin</fonction>
            <tech CS="1" source="md">imp photoméca</tech>
            <leg>NELLJ GWYNNE  La nouvelle coiffure anglaise La Maison Emile Garantit les Résultats PARIS: 400 Rue Saint-Honoré</leg>
            <txt>O O l apparence, une fois ondulées ajouteront tout au contraire au charme et à la légèreté de la coiffure. Après un bain, une partie d auto, de tennis ou de golf, sous la rafale, après le foxtrot, votre coiffure sera plus seyante grâce à la résistance des ondulations, et les mèches folles qui, d ordinaire, donnent une allure si négligée à</txt>
            <genre source="hm" time="2020-11-04T18:31:37.512+01:00">publicité</genre>
            <genre source="final">publicité</genre>
            <genre source="hm" time="2020-11-04T18:32:58.219+01:00">publicité</genre>
            <tech source="hm" time="2020-12-03T15:47:29.538+01:00">imp photoméca</tech>
            <tech source="final">imp photoméca</tech>
          </ill>
        </ills>
      </page>
      <page hauteurPx="5234" largeurPx="3759" ordre="3">
        <nbMot>216</nbMot>
        <blocTexte>20</blocTexte>
        <blocTab>0</blocTab>
        <blocPub>19</blocPub>
        <ills>
          <ill classif="CCibm CCyolo" couleur="gris" edit="1" h="3031" n="3-1" pub="1" seg="1" source="hm" time="2020-11-30T09:42:28.524+01:00" w="2993" x="331" y="676">
            <txt source="google">"Parfum - en vogue - 0 - o - 0 - 0 - 10 - ",</txt>
            <contenuImg CS="0.77" lang="fr" source="ibm">pointe d'argent</contenuImg>
            <contenuImg CS="0.509" lang="fr" source="ibm">stylo et encre</contenuImg>
            <contenuImg CS="0.5" lang="fr" source="ibm">ombres</contenuImg>
            <contenuImg CS="0.598" lang="fr" source="ibm">ustensile</contenuImg>
            <contenuImg CS="0.984" coul="1" lang="fr" source="ibm">gris cendré</contenuImg>
            <contenuImg y="1" CS="0.46" h="3100" lang="fr" source="yolo" w="2856" x="60">montre</contenuImg>
            <contenuImg y="1" CS="0.46" h="3100" lang="en" source="yolo" w="2856" x="60">clock</contenuImg>
            <contenuImg CS="0.984" coul="1" lang="en" source="ibm">ash grey color</contenuImg>
            <contenuImg CS="0.598" lang="en" source="ibm">utensil</contenuImg>
            <contenuImg CS="0.5" lang="en" source="ibm">shading</contenuImg>
            <contenuImg CS="0.509" lang="en" source="ibm">pen-and-ink</contenuImg>
            <contenuImg CS="0.77" lang="en" source="ibm">silverpoint</contenuImg>
            <fonction source="final">repro/dessin</fonction>
            <fonction source="md">repro/dessin</fonction>
            <genre source="hm" time="2020-11-30T09:42:53.747+01:00">publicité</genre>
            <genre source="final">publicité</genre>
            <tech source="hm" time="2020-12-03T15:47:29.538+01:00">imp photoméca</tech>
            <tech source="final">imp photoméca</tech>
          </ill>
        </ills>
        <blocIll ocr="0">1</blocIll>
      </page>
      <page hauteurPx="5246" largeurPx="3759" ordre="4">
        <nbMot>48</nbMot>
        <blocTexte>8</blocTexte>
        <blocTab>0</blocTab>
        <blocPub>7</blocPub>
        <ills>
          <ill classif="CCibm CCyolo" couleur="gris" edit="1" h="4547" n="4-1" pub="1" seg="1" source="hm" time="2020-11-30T18:11:34.287+01:00" w="3275" x="225" y="425">
            <txt source="google">"Lan - en G. - NUN - 6) - VAN CLEEF &amp;ARPELS - JOAILLIERS - 22 Place Vendôme 22 - PARIS - LYON - VICHY - NICE - DEAUVILLE - CANNES - VAN CLEEF.ARPELS - VAN CLEEF: ARPELS - VAN CLEEF &amp; ARPELS - ho - FRETETT - LES PLUS BELLES PIERRES - LES PLUS JOLIES MONTURES - MOBILE - ",</txt>
            <contenuImg CS="0.74" lang="fr" source="ibm">timbre papier</contenuImg>
            <contenuImg CS="0.74" lang="fr" source="ibm">document écrit</contenuImg>
            <contenuImg CS="0.597" lang="fr" source="ibm">matériel photographique</contenuImg>
            <contenuImg CS="0.599" lang="fr" source="ibm">enregistrement</contenuImg>
            <contenuImg CS="0.599" lang="fr" source="ibm">presse écrite</contenuImg>
            <contenuImg CS="0.88" coul="1" lang="fr" source="ibm">gris</contenuImg>
            <contenuImg CS="0.31" h="336" lang="fr" source="yolo" w="403" x="2636" y="3750">banc</contenuImg>
            <contenuImg CS="0.31" h="336" lang="en" source="yolo" w="403" x="2636" y="3750">bench</contenuImg>
            <contenuImg CS="0.44" h="443" lang="en" source="yolo" w="516" x="1656" y="3910">bench</contenuImg>
            <contenuImg CS="0.46" h="406" lang="en" source="yolo" w="206" x="2446" y="3690">bench</contenuImg>
            <contenuImg CS="0.81" h="253" lang="en" source="yolo" w="306" x="2076" y="3690">bench</contenuImg>
            <contenuImg CS="0.88" coul="1" lang="en" source="ibm">gray color</contenuImg>
            <contenuImg CS="0.599" lang="en" source="ibm">print media</contenuImg>
            <contenuImg CS="0.599" lang="en" source="ibm">recording</contenuImg>
            <contenuImg CS="0.597" lang="en" source="ibm">photographic equipment</contenuImg>
            <contenuImg CS="0.74" lang="en" source="ibm">written document</contenuImg>
            <contenuImg CS="0.74" lang="en" source="ibm">paper-based stamps/currency</contenuImg>
            <fonction source="final">repro/dessin</fonction>
            <fonction source="md">repro/dessin</fonction>
            <genre source="hm" time="2020-11-30T18:12:09.415+01:00">publicité</genre>
            <genre source="final">publicité</genre>
            <tech source="hm" time="2020-12-03T15:47:29.538+01:00">imp photoméca</tech>
            <tech source="final">imp photoméca</tech>
          </ill>
        </ills>
        <blocIll ocr="0">1</blocIll>
      </page>
      <page hauteurPx="5252" largeurPx="3780" ordre="5">
        <nbMot>11</nbMot>
        <blocTexte>4</blocTexte>
        <blocTab>0</blocTab>
        <blocPub>3</blocPub>
        <ills>
          <ill classif="CCibm CCyolo" couleur="gris" edit="1" h="3646" n="5-1" pub="1" seg="1" source="hm" time="2020-11-30T18:12:16.314+01:00" w="2846" x="529" y="535">
            <txt source="google">"Claude - Sher - ",</txt>
            <contenuImg CS="0.6" lang="fr" source="ibm">personne</contenuImg>
            <contenuImg CS="0.759" lang="fr" source="ibm">pointe d'argent</contenuImg>
            <contenuImg CS="0.698" lang="fr" source="ibm">musée (intérieur)</contenuImg>
            <contenuImg CS="0.5" lang="fr" source="ibm">salle d'étude</contenuImg>
            <contenuImg CS="0.595" lang="fr" source="ibm">pièce</contenuImg>
            <contenuImg CS="0.58" lang="fr" source="ibm">coiffure</contenuImg>
            <contenuImg CS="0.895" coul="1" lang="fr" source="ibm">gris</contenuImg>
            <contenuImg CS="0.584" coul="1" lang="fr" source="ibm">gris cendré</contenuImg>
            <contenuImg CS="0.42" h="90" lang="fr" source="yolo" w="90" x="850" y="613">cravate</contenuImg>
            <contenuImg CS="0.35" h="2876" lang="fr" source="yolo" w="536" x="1820" y="103">personne</contenuImg>
            <contenuImg CS="0.35" h="2876" lang="en" source="yolo" w="536" x="1820" y="103">person</contenuImg>
            <contenuImg CS="0.42" h="90" lang="en" source="yolo" w="90" x="850" y="613">tie</contenuImg>
            <contenuImg CS="0.57" h="2960" lang="en" source="yolo" w="923" x="1120" y="330">person</contenuImg>
            <contenuImg CS="0.584" coul="1" lang="en" source="ibm">ash grey color</contenuImg>
            <contenuImg CS="0.895" coul="1" lang="en" source="ibm">gray color</contenuImg>
            <contenuImg CS="0.58" lang="en" source="ibm">headdress</contenuImg>
            <contenuImg CS="0.595" lang="en" source="ibm">room</contenuImg>
            <contenuImg CS="0.5" lang="en" source="ibm">study</contenuImg>
            <contenuImg CS="0.698" lang="en" source="ibm">Museum (Indoor)</contenuImg>
            <contenuImg CS="0.759" lang="en" source="ibm">silverpoint</contenuImg>
            <contenuImg CS="0.6" lang="en" source="ibm">person</contenuImg>
            <fonction source="final">repro/dessin</fonction>
            <fonction source="md">repro/dessin</fonction>
            <genre source="hm" time="2020-11-30T18:12:41.11+01:00">publicité</genre>
            <genre source="final">publicité</genre>
            <tech source="hm" time="2020-12-03T15:47:29.538+01:00">imp photoméca</tech>
            <tech source="final">imp photoméca</tech>
          </ill>
        </ills>
        <blocIll ocr="0">1</blocIll>
      </page>
      <page hauteurPx="5288" largeurPx="3726" ordre="6">
        <nbMot>319</nbMot>
        <blocTexte>26</blocTexte>
        <blocTab>0</blocTab>
        <blocPub>0</blocPub>
        <blocIll ocr="0">0</blocIll>
      </page>
      <page hauteurPx="5270" largeurPx="3783" ordre="7">
        <nbMot>450</nbMot>
        <blocTexte>45</blocTexte>
        <blocTab>0</blocTab>
        <blocPub>0</blocPub>
        <blocIll ocr="3">1</blocIll>
        <ills/>
      </page>
      <page hauteurPx="5255" largeurPx="3747" ordre="8">
        <nbMot>107</nbMot>
        <blocTexte>4</blocTexte>
        <blocTab>0</blocTab>
        <blocPub>0</blocPub>
        <blocIll ocr="1">1</blocIll>
        <ills/>
      </page>
      <page hauteurPx="5276" largeurPx="3798" ordre="9">
        <nbMot>516</nbMot>
        <blocTexte>17</blocTexte>
        <blocTab>0</blocTab>
        <blocPub>0</blocPub>
        <blocIll ocr="2">2</blocIll>
        <ills/>
      </page>
      <page hauteurPx="5270" largeurPx="3732" ordre="10">
        <nbMot>561</nbMot>
        <blocTexte>13</blocTexte>
        <blocTab>0</blocTab>
        <blocPub>0</blocPub>
        <blocIll ocr="3">3</blocIll>
        <ills/>
      </page>
      <page hauteurPx="5261" largeurPx="3771" ordre="11">
        <nbMot>572</nbMot>
        <blocTexte>9</blocTexte>
        <blocTab>0</blocTab>
        <blocPub>0</blocPub>
        <blocIll ocr="3">3</blocIll>
        <ills/>
      </page>
      <page hauteurPx="5249" largeurPx="3732" ordre="12">
        <nbMot>620</nbMot>
        <blocTexte>9</blocTexte>
        <blocTab>0</blocTab>
        <blocPub>0</blocPub>
        <blocIll ocr="2">2</blocIll>
        <ills/>
      </page>
      <page hauteurPx="5246" largeurPx="3777" ordre="13">
        <nbMot>156</nbMot>
        <blocTexte>9</blocTexte>
        <blocTab>0</blocTab>
        <blocPub>0</blocPub>
        <blocIll ocr="1">1</blocIll>
        <ills/>
      </page>
      <page hauteurPx="5237" largeurPx="3759" ordre="14">
        <nbMot>480</nbMot>
        <blocTexte>10</blocTexte>
        <blocTab>0</blocTab>
        <blocPub>0</blocPub>
        <blocIll ocr="5">5</blocIll>
        <ills/>
      </page>
      <page hauteurPx="5261" largeurPx="3807" ordre="15">
        <nbMot>342</nbMot>
        <blocTexte>11</blocTexte>
        <blocTab>0</blocTab>
        <blocPub>0</blocPub>
        <blocIll ocr="5">5</blocIll>
        <ills/>
      </page>
      <page hauteurPx="5243" largeurPx="3735" ordre="16">
        <nbMot>181</nbMot>
        <blocTexte>5</blocTexte>
        <blocTab>0</blocTab>
        <blocPub>0</blocPub>
        <blocIll ocr="3">3</blocIll>
        <ills/>
      </page>
      <page hauteurPx="5267" largeurPx="3783" ordre="17">
        <nbMot>1224</nbMot>
        <blocTexte>33</blocTexte>
        <blocTab>0</blocTab>
        <blocPub>0</blocPub>
        <blocIll ocr="2">2</blocIll>
        <ills/>
      </page>
      <page hauteurPx="5249" largeurPx="3732" ordre="18">
        <nbMot>226</nbMot>
        <blocTexte>9</blocTexte>
        <blocTab>0</blocTab>
        <blocPub>0</blocPub>
        <blocIll ocr="4">4</blocIll>
        <ills/>
      </page>
      <page hauteurPx="5261" largeurPx="3789" ordre="19">
        <nbMot>142</nbMot>
        <blocTexte>10</blocTexte>
        <blocTab>0</blocTab>
        <blocPub>0</blocPub>
        <blocIll ocr="6">6</blocIll>
        <ills/>
      </page>
      <page hauteurPx="5246" largeurPx="3786" ordre="20">
        <nbMot>345</nbMot>
        <blocTexte>10</blocTexte>
        <blocTab>0</blocTab>
        <blocPub>0</blocPub>
        <blocIll ocr="2">2</blocIll>
        <ills/>
      </page>
      <page hauteurPx="5255" largeurPx="3780" ordre="21">
        <nbMot>400</nbMot>
        <blocTexte>9</blocTexte>
        <blocTab>0</blocTab>
        <blocPub>0</blocPub>
        <blocIll ocr="3">3</blocIll>
        <ills/>
      </page>
      <page hauteurPx="5246" largeurPx="3756" ordre="22">
        <nbMot>833</nbMot>
        <blocTexte>19</blocTexte>
        <blocTab>0</blocTab>
        <blocPub>0</blocPub>
        <blocIll ocr="2">2</blocIll>
        <ills/>
      </page>
      <page hauteurPx="5252" largeurPx="3762" ordre="23">
        <nbMot>617</nbMot>
        <blocTexte>13</blocTexte>
        <blocTab>0</blocTab>
        <blocPub>0</blocPub>
        <blocIll ocr="3">3</blocIll>
        <ills/>
      </page>
      <page hauteurPx="5252" largeurPx="3756" ordre="24">
        <nbMot>143</nbMot>
        <blocTexte>11</blocTexte>
        <blocTab>0</blocTab>
        <blocPub>0</blocPub>
        <blocIll ocr="2">2</blocIll>
        <ills/>
      </page>
      <page hauteurPx="5252" largeurPx="3768" ordre="25">
        <nbMot>170</nbMot>
        <blocTexte>5</blocTexte>
        <blocTab>0</blocTab>
        <blocPub>0</blocPub>
        <blocIll ocr="3">3</blocIll>
        <ills/>
      </page>
      <page hauteurPx="5255" largeurPx="3747" ordre="26">
        <nbMot>248</nbMot>
        <blocTexte>14</blocTexte>
        <blocTab>0</blocTab>
        <blocPub>0</blocPub>
        <blocIll ocr="6">6</blocIll>
        <ills/>
      </page>
      <page hauteurPx="5240" largeurPx="3768" ordre="27">
        <nbMot>289</nbMot>
        <blocTexte>11</blocTexte>
        <blocTab>0</blocTab>
        <blocPub>0</blocPub>
        <blocIll ocr="5">5</blocIll>
        <ills/>
      </page>
      <page hauteurPx="5243" largeurPx="3759" ordre="28">
        <nbMot>607</nbMot>
        <blocTexte>18</blocTexte>
        <blocTab>0</blocTab>
        <blocPub>0</blocPub>
        <blocIll ocr="2">2</blocIll>
        <ills/>
      </page>
      <page hauteurPx="5237" largeurPx="3747" ordre="29">
        <nbMot>1213</nbMot>
        <blocTexte>23</blocTexte>
        <blocTab>0</blocTab>
        <blocPub>0</blocPub>
        <blocIll ocr="3">3</blocIll>
        <ills/>
      </page>
      <page hauteurPx="5243" largeurPx="3747" ordre="30">
        <nbMot>1046</nbMot>
        <blocTexte>36</blocTexte>
        <blocTab>0</blocTab>
        <blocPub>0</blocPub>
        <blocIll ocr="7">7</blocIll>
        <ills/>
      </page>
      <page hauteurPx="5267" largeurPx="3810" ordre="31">
        <nbMot>225</nbMot>
        <blocTexte>20</blocTexte>
        <blocTab>0</blocTab>
        <blocPub>0</blocPub>
        <blocIll ocr="5">5</blocIll>
        <ills/>
      </page>
      <page hauteurPx="5270" largeurPx="3750" ordre="32">
        <nbMot>75</nbMot>
        <blocTexte>5</blocTexte>
        <blocTab>0</blocTab>
        <blocPub>0</blocPub>
        <blocIll ocr="1">1</blocIll>
        <ills/>
      </page>
      <page hauteurPx="5255" largeurPx="3789" ordre="33">
        <nbMot>1061</nbMot>
        <blocTexte>28</blocTexte>
        <blocTab>0</blocTab>
        <blocPub>0</blocPub>
        <blocIll ocr="1">1</blocIll>
        <ills/>
      </page>
      <page hauteurPx="5246" largeurPx="3735" ordre="34">
        <nbMot>262</nbMot>
        <blocTexte>11</blocTexte>
        <blocTab>0</blocTab>
        <blocPub>0</blocPub>
        <blocIll ocr="3">3</blocIll>
        <ills/>
      </page>
      <page hauteurPx="5261" largeurPx="3798" ordre="35">
        <nbMot>165</nbMot>
        <blocTexte>13</blocTexte>
        <blocTab>0</blocTab>
        <blocPub>0</blocPub>
        <blocIll ocr="1">1</blocIll>
        <ills/>
      </page>
      <page hauteurPx="5273" largeurPx="3732" ordre="36">
        <nbMot>146</nbMot>
        <blocTexte>11</blocTexte>
        <blocTab>0</blocTab>
        <blocPub>0</blocPub>
        <blocIll ocr="3">3</blocIll>
        <ills/>
      </page>
      <page hauteurPx="5258" largeurPx="3804" ordre="37">
        <nbMot>217</nbMot>
        <blocTexte>12</blocTexte>
        <blocTab>0</blocTab>
        <blocPub>0</blocPub>
        <blocIll ocr="3">3</blocIll>
        <ills/>
      </page>
      <page hauteurPx="5261" largeurPx="3759" ordre="38">
        <nbMot>18</nbMot>
        <blocTexte>2</blocTexte>
        <blocTab>0</blocTab>
        <blocPub>0</blocPub>
        <blocIll ocr="1">1</blocIll>
        <ills/>
      </page>
      <page hauteurPx="5252" largeurPx="3792" ordre="39">
        <nbMot>234</nbMot>
        <blocTexte>14</blocTexte>
        <blocTab>0</blocTab>
        <blocPub>0</blocPub>
        <blocIll ocr="5">5</blocIll>
        <ills/>
      </page>
      <page hauteurPx="5267" largeurPx="3744" ordre="40">
        <nbMot>236</nbMot>
        <blocTexte>7</blocTexte>
        <blocTab>0</blocTab>
        <blocPub>0</blocPub>
        <blocIll ocr="3">3</blocIll>
        <ills/>
      </page>
      <page hauteurPx="5234" largeurPx="3783" ordre="41">
        <nbMot>686</nbMot>
        <blocTexte>20</blocTexte>
        <blocTab>0</blocTab>
        <blocPub>0</blocPub>
        <blocIll ocr="3">3</blocIll>
        <ills/>
      </page>
      <page hauteurPx="5273" largeurPx="3741" ordre="42">
        <nbMot>414</nbMot>
        <blocTexte>15</blocTexte>
        <blocTab>0</blocTab>
        <blocPub>0</blocPub>
        <blocIll ocr="1">1</blocIll>
        <ills/>
      </page>
      <page hauteurPx="5234" largeurPx="3780" ordre="43">
        <nbMot>478</nbMot>
        <blocTexte>9</blocTexte>
        <blocTab>0</blocTab>
        <blocPub>0</blocPub>
        <blocIll ocr="2">2</blocIll>
        <ills/>
      </page>
      <page hauteurPx="5249" largeurPx="3747" ordre="44">
        <nbMot>190</nbMot>
        <blocTexte>12</blocTexte>
        <blocTab>0</blocTab>
        <blocPub>0</blocPub>
        <blocIll ocr="1">1</blocIll>
        <ills/>
      </page>
      <page hauteurPx="5240" largeurPx="3768" ordre="45">
        <nbMot>213</nbMot>
        <blocTexte>9</blocTexte>
        <blocTab>0</blocTab>
        <blocPub>0</blocPub>
        <blocIll ocr="5">5</blocIll>
        <ills/>
      </page>
      <page hauteurPx="5252" largeurPx="3753" ordre="46">
        <nbMot>268</nbMot>
        <blocTexte>15</blocTexte>
        <blocTab>0</blocTab>
        <blocPub>0</blocPub>
        <blocIll ocr="7">7</blocIll>
        <ills/>
      </page>
      <page hauteurPx="5267" largeurPx="3756" ordre="47">
        <nbMot>736</nbMot>
        <blocTexte>26</blocTexte>
        <blocTab>0</blocTab>
        <blocPub>0</blocPub>
        <blocIll ocr="3">3</blocIll>
        <ills/>
      </page>
      <page hauteurPx="5279" largeurPx="3738" ordre="48">
        <nbMot>1039</nbMot>
        <blocTexte>33</blocTexte>
        <blocTab>0</blocTab>
        <blocPub>0</blocPub>
        <blocIll ocr="5">5</blocIll>
        <ills/>
      </page>
      <page hauteurPx="5267" largeurPx="3789" ordre="49">
        <nbMot>287</nbMot>
        <blocTexte>13</blocTexte>
        <blocTab>0</blocTab>
        <blocPub>0</blocPub>
        <blocIll ocr="3">3</blocIll>
        <ills/>
      </page>
      <page hauteurPx="5246" largeurPx="3750" ordre="50">
        <nbMot>587</nbMot>
        <blocTexte>17</blocTexte>
        <blocTab>0</blocTab>
        <blocPub>0</blocPub>
        <blocIll ocr="4">4</blocIll>
        <ills/>
      </page>
      <page hauteurPx="5258" largeurPx="3786" ordre="51">
        <nbMot>723</nbMot>
        <blocTexte>17</blocTexte>
        <blocTab>0</blocTab>
        <blocPub>0</blocPub>
        <blocIll ocr="5">5</blocIll>
        <ills/>
      </page>
      <page hauteurPx="5270" largeurPx="3738" ordre="52">
        <nbMot>295</nbMot>
        <blocTexte>12</blocTexte>
        <blocTab>0</blocTab>
        <blocPub>0</blocPub>
        <blocIll ocr="5">5</blocIll>
        <ills/>
      </page>
      <page hauteurPx="5264" largeurPx="3798" ordre="53">
        <nbMot>438</nbMot>
        <blocTexte>17</blocTexte>
        <blocTab>0</blocTab>
        <blocPub>0</blocPub>
        <blocIll ocr="5">5</blocIll>
        <ills/>
      </page>
      <page hauteurPx="5252" largeurPx="3765" ordre="54">
        <nbMot>226</nbMot>
        <blocTexte>9</blocTexte>
        <blocTab>0</blocTab>
        <blocPub>0</blocPub>
        <blocIll ocr="6">6</blocIll>
        <ills/>
      </page>
      <page hauteurPx="5240" largeurPx="3792" ordre="55">
        <nbMot>57</nbMot>
        <blocTexte>8</blocTexte>
        <blocTab>0</blocTab>
        <blocPub>0</blocPub>
        <blocIll ocr="1">1</blocIll>
        <ills>
          <ill classif="CCyolo CCibm" couleur="gris" edit="1" h="2325" n="55-1" pub="1" taille="1" w="1779" x="934" y="1067">
            <contenuImg CS="0.799" lang="fr" source="ibm">personne</contenuImg>
            <contenuImg CS="0.893" lang="fr" source="ibm">musée (intérieur)</contenuImg>
            <contenuImg CS="0.797" lang="fr" source="ibm">pièce</contenuImg>
            <contenuImg CS="0.739" coul="1" lang="fr" source="ibm">albâtre</contenuImg>
            <contenuImg CS="0.739" coul="1" lang="en" source="ibm">alabaster color</contenuImg>
            <contenuImg CS="0.797" lang="en" source="ibm">room</contenuImg>
            <contenuImg CS="0.893" lang="en" source="ibm">Museum (Indoor)</contenuImg>
            <contenuImg CS="0.799" lang="en" source="ibm">person</contenuImg>
            <contenuImg CS="0.91" h="1876" lang="fr" source="yolo" w="1043" x="340" y="266">personne</contenuImg>
            <contenuImg CS="0.91" h="1876" lang="en" source="yolo" w="1043" x="340" y="266">person</contenuImg>
            <fonction source="final">repro/photo</fonction>
            <fonction CS="0.97" source="TensorFlow">repro/photo</fonction>
            <tech CS="1" source="md">imp photoméca</tech>
            <leg>R IEN ne répond mieux. aux besoins de la, Femme moderne que le doux et. captivant éclat de la Perle si merveilleusement reproduit par les incomparables créations Técla.</leg>
            <txt>1 5 Août 49 1 5 Août 49</txt>
            <genre source="hm" time="2020-11-30T18:13:18.01+01:00">publicité</genre>
            <genre source="final">publicité</genre>
            <tech source="hm" time="2020-12-03T15:47:29.538+01:00">imp photoméca</tech>
            <tech source="final">imp photoméca</tech>
          </ill>
        </ills>
      </page>
      <page hauteurPx="5279" largeurPx="3777" ordre="56">
        <nbMot>1689</nbMot>
        <blocTexte>27</blocTexte>
        <blocTab>0</blocTab>
        <blocPub>0</blocPub>
        <blocIll ocr="2">2</blocIll>
        <ills/>
      </page>
      <page hauteurPx="5237" largeurPx="3789" ordre="57">
        <nbMot>62</nbMot>
        <blocTexte>12</blocTexte>
        <blocTab>0</blocTab>
        <blocPub>11</blocPub>
        <ills>
          <ill classif="CCibm" couleur="gris" edit="1" h="4589" n="57-1" pub="1" seg="1" source="hm" time="2020-11-30T18:13:26.584+01:00" w="3333" x="183" y="321">
            <txt source="google">"Lor - Bracelets - Montres - MAPPINEWEBE - Notre collection unique au monde de bracelets - montre enchassés de fines pierreries vous offre - les plus charmants et plus précieux modèles, - ainsi que la satisfaction d'un mouvement irré- - prochable garanti par une maison centenaire. - LONDRES - BIARRITZ - NICE - MONTE-CARLO - ROME - LAUSANNE - 1 Rue de la Paise - PARIS - Jean Claude - ",</txt>
            <contenuImg CS="0.958" lang="fr" source="ibm">salle d'étude</contenuImg>
            <contenuImg CS="0.526" lang="fr" source="ibm">pointe d'argent</contenuImg>
            <contenuImg CS="0.792" lang="fr" source="ibm">presse écrite</contenuImg>
            <contenuImg CS="0.902" coul="1" lang="fr" source="ibm">gris</contenuImg>
            <contenuImg CS="0.644" coul="1" lang="fr" source="ibm">gris cendré</contenuImg>
            <contenuImg CS="0.644" coul="1" lang="en" source="ibm">ash grey color</contenuImg>
            <contenuImg CS="0.902" coul="1" lang="en" source="ibm">gray color</contenuImg>
            <contenuImg CS="0.792" lang="en" source="ibm">print media</contenuImg>
            <contenuImg CS="0.526" lang="en" source="ibm">silverpoint</contenuImg>
            <contenuImg CS="0.958" lang="en" source="ibm">study</contenuImg>
            <fonction source="final">repro/dessin</fonction>
            <fonction source="md">repro/dessin</fonction>
            <genre source="hm" time="2020-11-30T18:13:52.765+01:00">publicité</genre>
            <genre source="final">publicité</genre>
            <tech source="hm" time="2020-12-03T15:47:29.538+01:00">imp photoméca</tech>
            <tech source="final">imp photoméca</tech>
          </ill>
        </ills>
        <blocIll ocr="0">1</blocIll>
      </page>
      <page hauteurPx="5255" largeurPx="3732" ordre="58">
        <nbMot>1979</nbMot>
        <blocTexte>38</blocTexte>
        <blocTab>0</blocTab>
        <blocPub>0</blocPub>
        <blocIll ocr="1">1</blocIll>
        <ills/>
      </page>
      <page hauteurPx="5234" largeurPx="3786" ordre="59">
        <nbMot>25</nbMot>
        <blocTexte>5</blocTexte>
        <blocTab>0</blocTab>
        <blocPub>0</blocPub>
        <blocIll ocr="1">1</blocIll>
        <ills>
          <ill classif="CCyolo CCibm" couleur="gris" edit="1" h="2689" n="59-1" pub="1" taille="2" w="2105" x="731" y="1187">
            <contenuImg CS="0.904" lang="fr" source="ibm">pièce</contenuImg>
            <contenuImg CS="0.686" lang="fr" source="ibm">antichambre</contenuImg>
            <contenuImg CS="0.502" lang="fr" source="ibm">salon</contenuImg>
            <contenuImg CS="0.5" lang="fr" source="ibm">école</contenuImg>
            <contenuImg CS="0.501" lang="fr" source="ibm">bâtiment</contenuImg>
            <contenuImg CS="0.884" coul="1" lang="fr" source="ibm">gris</contenuImg>
            <contenuImg CS="0.668" coul="1" lang="fr" source="ibm">gris cendré</contenuImg>
            <contenuImg CS="0.668" coul="1" lang="en" source="ibm">ash grey color</contenuImg>
            <contenuImg CS="0.884" coul="1" lang="en" source="ibm">gray color</contenuImg>
            <contenuImg CS="0.501" lang="en" source="ibm">building</contenuImg>
            <contenuImg CS="0.5" lang="en" source="ibm">school</contenuImg>
            <contenuImg CS="0.502" lang="en" source="ibm">lounge</contenuImg>
            <contenuImg CS="0.686" lang="en" source="ibm">anteroom</contenuImg>
            <contenuImg CS="0.904" lang="en" source="ibm">room</contenuImg>
            <contenuImg CS="0.688" lang="en" source="ibm">living room</contenuImg>
            <contenuImg CS="0.69" h="186" lang="fr" source="yolo" w="73" x="946" y="1020">vase</contenuImg>
            <contenuImg CS="0.54" h="256" lang="fr" source="yolo" w="270" x="300" y="1490">chaise</contenuImg>
            <contenuImg CS="0.26" h="633" lang="fr" source="yolo" w="496" x="400" y="1686">table à manger</contenuImg>
            <contenuImg CS="0.26" h="633" lang="en" source="yolo" w="496" x="400" y="1686">diningtable</contenuImg>
            <contenuImg CS="0.54" h="256" lang="en" source="yolo" w="270" x="300" y="1490">chair</contenuImg>
            <contenuImg CS="0.61" h="596" lang="en" source="yolo" w="256" x="166" y="1566">chair</contenuImg>
            <contenuImg CS="0.69" h="186" lang="en" source="yolo" w="73" x="946" y="1020">vase</contenuImg>
            <contenuImg CS="0.83" h="910" lang="en" source="yolo" w="476" x="833" y="1580">chair</contenuImg>
            <fonction source="final">repro/photo</fonction>
            <fonction CS="0.97" source="TensorFlow">repro/photo</fonction>
            <tech CS="1" source="md">imp photoméca</tech>
            <leg>1 1 I.  O^Cx/atue X , rPÆi cJ ZOO c S^fc  ff7nÂ)in^  -</leg>
            <txt>Qjoc. a/ rze/zÂi c/ Qff/77jztc^£e/ri e^/--^ de ev eA0eW5orv   1 5 Août 53</txt>
            <genre source="hm" time="2020-11-30T18:14:01.49+01:00">publicité</genre>
            <genre source="final">publicité</genre>
            <tech source="hm" time="2020-12-03T15:47:29.538+01:00">imp photoméca</tech>
            <tech source="final">imp photoméca</tech>
          </ill>
        </ills>
      </page>
      <page hauteurPx="5249" largeurPx="3729" ordre="60">
        <nbMot>1087</nbMot>
        <blocTexte>37</blocTexte>
        <blocTab>0</blocTab>
        <blocPub>22</blocPub>
        <blocIll ocr="2">2</blocIll>
        <ills>
          <ill classif="CCibm" couleur="gris" edit="true" h="570" n="60-2" pub="1" taille="0" w="478" x="2506" y="4237">
            <contenuImg CS="0.643" lang="fr" source="ibm">appareil à gaz</contenuImg>
            <contenuImg CS="0.592" lang="fr" source="ibm">stylo et encre</contenuImg>
            <contenuImg CS="0.576" lang="fr" source="ibm">coucou</contenuImg>
            <contenuImg CS="0.576" lang="fr" source="ibm">horloge</contenuImg>
            <contenuImg CS="0.576" lang="fr" source="ibm">horloge montre</contenuImg>
            <contenuImg CS="0.576" lang="fr" source="ibm">instrument de mesure</contenuImg>
            <contenuImg CS="0.5" lang="fr" source="ibm">lustre</contenuImg>
            <contenuImg CS="0.596" lang="fr" source="ibm">mécanisme</contenuImg>
            <contenuImg CS="0.595" lang="fr" source="ibm">insecte</contenuImg>
            <contenuImg CS="0.597" lang="fr" source="ibm">tissu</contenuImg>
            <contenuImg CS="0.706" coul="1" lang="fr" source="ibm">gris</contenuImg>
            <contenuImg CS="0.667" coul="1" lang="fr" source="ibm">émeraude (couleur)</contenuImg>
            <contenuImg CS="0.667" coul="1" lang="en" source="ibm">emerald color</contenuImg>
            <contenuImg CS="0.706" coul="1" lang="en" source="ibm">gray color</contenuImg>
            <contenuImg CS="0.597" lang="en" source="ibm">fabric</contenuImg>
            <contenuImg CS="0.595" lang="en" source="ibm">insect</contenuImg>
            <contenuImg CS="0.596" lang="en" source="ibm">mechanism</contenuImg>
            <contenuImg CS="0.5" lang="en" source="ibm">chandelier</contenuImg>
            <contenuImg CS="0.576" lang="en" source="ibm">measuring instrument</contenuImg>
            <contenuImg CS="0.576" lang="en" source="ibm">timepiece</contenuImg>
            <contenuImg CS="0.576" lang="en" source="ibm">clock</contenuImg>
            <contenuImg CS="0.576" lang="en" source="ibm">cuckoo clock</contenuImg>
            <contenuImg CS="0.592" lang="en" source="ibm">pen-and-ink</contenuImg>
            <contenuImg CS="0.643" lang="en" source="ibm">gas fixture</contenuImg>
            <fonction CS="1.00" source="TensorFlow">repro/dessin</fonction>
            <tech CS="1" source="md">imp photoméca</tech>
            <fonction CS="1" source="md">carte</fonction>
            <txt>I sera une joie pour toute la famille, petits et grands. j J ! VOGUE</txt>
            <fonction source="hm" time="2020-11-06T08:31:45.815+01:00">repro/dessin</fonction>
            <fonction source="final">repro/dessin</fonction>
            <genre source="hm" time="2020-11-06T08:31:47.784+01:00">publicité</genre>
            <genre source="final">publicité</genre>
            <tech source="hm" time="2020-12-03T15:47:29.538+01:00">imp photoméca</tech>
            <tech source="final">imp photoméca</tech>
          </ill>
        </ills>
      </page>
      <page hauteurPx="5231" largeurPx="3798" ordre="61">
        <nbMot>445</nbMot>
        <blocTexte>40</blocTexte>
        <blocTab>0</blocTab>
        <blocPub>39</blocPub>
        <blocIll ocr="2">2</blocIll>
        <ills>
          <ill classif="CCibm" couleur="gris" edit="1" h="2295" n="61-1" pub="1" taille="0" w="864" x="190" y="349">
            <contenuImg CS="0.594" lang="fr" source="ibm">négatif</contenuImg>
            <contenuImg CS="0.594" lang="fr" source="ibm">film photographique</contenuImg>
            <contenuImg CS="0.594" lang="fr" source="ibm">matériel photographique</contenuImg>
            <contenuImg CS="0.571" lang="fr" source="ibm">linogravure</contenuImg>
            <contenuImg CS="0.567" lang="fr" source="ibm">stylo et encre</contenuImg>
            <contenuImg CS="0.5" lang="fr" source="ibm">tableau noir</contenuImg>
            <contenuImg CS="0.591" lang="fr" source="ibm">presse écrite</contenuImg>
            <contenuImg CS="0.597" lang="fr" source="ibm">radiogramme</contenuImg>
            <contenuImg CS="0.875" coul="1" lang="fr" source="ibm">noir</contenuImg>
            <contenuImg CS="0.599" coul="1" lang="fr" source="ibm">sauge</contenuImg>
            <contenuImg CS="0.599" coul="1" lang="en" source="ibm">sage green color</contenuImg>
            <contenuImg CS="0.875" coul="1" lang="en" source="ibm">black color</contenuImg>
            <contenuImg CS="0.597" lang="en" source="ibm">radiogram</contenuImg>
            <contenuImg CS="0.591" lang="en" source="ibm">print media</contenuImg>
            <contenuImg CS="0.5" lang="en" source="ibm">blackboard</contenuImg>
            <contenuImg CS="0.567" lang="en" source="ibm">pen-and-ink</contenuImg>
            <contenuImg CS="0.571" lang="en" source="ibm">linocut design</contenuImg>
            <contenuImg CS="0.594" lang="en" source="ibm">photographic equipment</contenuImg>
            <contenuImg CS="0.594" lang="en" source="ibm">photographic film</contenuImg>
            <contenuImg CS="0.594" lang="en" source="ibm">negative</contenuImg>
            <fonction source="final">repro/dessin</fonction>
            <fonction CS="0.59" source="TensorFlow">repro/dessin</fonction>
            <tech CS="1" source="md">imp photoméca</tech>
            <leg>©lus ppôôhOi uôô î^vé,lahon. d  lOpient1 Uîi c H eor»©^ i « i  WÎ\ O ^e. • ; DEAUVILLE i Pa fa U  ?Jyfé)len j Les pat-fums i • et produits</leg>
            <txt>15 A 0 t 55 15 A 0 t 55</txt>
            <genre source="hm" time="2020-11-30T18:14:11.043+01:00">publicité</genre>
            <genre source="final">publicité</genre>
            <tech source="hm" time="2020-12-03T15:47:29.538+01:00">imp photoméca</tech>
            <tech source="final">imp photoméca</tech>
          </ill>
          <ill classif="CCyolo CCibm" couleur="gris" edit="1" h="800" n="61-2" pub="1" taille="0" w="657" x="190" y="3821">
            <contenuImg CS="0.652" lang="fr" source="ibm">cortex cérébral</contenuImg>
            <contenuImg CS="0.61" lang="fr" source="ibm">encéphalogramme (rayons x)</contenuImg>
            <contenuImg CS="0.61" lang="fr" source="ibm">radiogramme</contenuImg>
            <contenuImg CS="0.565" lang="fr" source="ibm">portrait photo</contenuImg>
            <contenuImg CS="0.584" lang="fr" source="ibm">animal</contenuImg>
            <contenuImg CS="0.58" lang="fr" source="ibm">plante</contenuImg>
            <contenuImg CS="0.597" lang="fr" source="ibm">forme amorphe</contenuImg>
            <contenuImg CS="0.951" coul="1" lang="fr" source="ibm">gris</contenuImg>
            <contenuImg CS="0.951" coul="1" lang="en" source="ibm">gray color</contenuImg>
            <contenuImg CS="0.597" lang="en" source="ibm">amorphous shape</contenuImg>
            <contenuImg CS="0.58" lang="en" source="ibm">plant</contenuImg>
            <contenuImg CS="0.584" lang="en" source="ibm">animal</contenuImg>
            <contenuImg CS="0.565" lang="en" source="ibm">portrait picture</contenuImg>
            <contenuImg CS="0.61" lang="en" source="ibm">radiogram</contenuImg>
            <contenuImg CS="0.61" lang="en" source="ibm">encephalogrami (x ray)</contenuImg>
            <contenuImg CS="0.652" lang="en" source="ibm">cerebral cortex</contenuImg>
            <contenuImg CS="0.55" h="733" lang="fr" source="yolo" w="590" x="33" y="50">personne</contenuImg>
            <contenuImg CS="0.55" h="733" lang="en" source="yolo" w="590" x="33" y="50">person</contenuImg>
            <fonction source="final">repro/dessin</fonction>
            <fonction CS="0.96" source="TensorFlow">repro/dessin</fonction>
            <tech CS="1" source="md">imp photoméca</tech>
            <leg>GANESH. IMentoniere Comment défendre sa Beauté ? Par le traitement bien connu de</leg>
            <txt>LE NUMERO D ETE VIENT DE PARAÎTRE et sera envoyé contre une somme de trois francs</txt>
            <genre source="hm" time="2020-11-30T18:14:14.203+01:00">publicité</genre>
            <genre source="final">publicité</genre>
            <tech source="hm" time="2020-12-03T15:47:29.538+01:00">imp photoméca</tech>
            <tech source="final">imp photoméca</tech>
          </ill>
        </ills>
      </page>
      <page hauteurPx="5255" largeurPx="3726" ordre="62">
        <nbMot>1235</nbMot>
        <blocTexte>27</blocTexte>
        <blocTab>0</blocTab>
        <blocPub>0</blocPub>
        <blocIll ocr="1">0</blocIll>
        <ills/>
      </page>
      <page hauteurPx="5246" largeurPx="3792" ordre="63">
        <nbMot>180</nbMot>
        <blocTexte>19</blocTexte>
        <blocTab>0</blocTab>
        <blocPub>19</blocPub>
        <ills>
          <ill classif="CCibm CCyolo" couleur="gris" edit="1" h="2647" n="63-1" pub="1" seg="1" source="hm" time="2020-11-30T18:14:22.079+01:00" w="3342" x="176" y="296">
            <txt source="google">"08 - N - 0 0 - cale - 0900 - 680 - 38000 - Ooo - Eve anglais, qui n'a rien de commun avec - aucune autre publication ayant adopté - son nom est le journal le plus répandu - dans toutes les familles anglaises - La publicité dans Eve donne par suite - un rendement qui n'est égalé par aucune - autre nuhlication similaire - ",</txt>
            <contenuImg CS="0.775" lang="fr" source="ibm">bijouterie</contenuImg>
            <contenuImg CS="0.775" lang="fr" source="ibm">boutique</contenuImg>
            <contenuImg CS="0.775" lang="fr" source="ibm">magasin de détail</contenuImg>
            <contenuImg CS="0.775" lang="fr" source="ibm">bâtiment</contenuImg>
            <contenuImg CS="0.633" lang="fr" source="ibm">musée (intérieur)</contenuImg>
            <contenuImg CS="0.5" lang="fr" source="ibm">pyélogramme intraveineux</contenuImg>
            <contenuImg CS="0.508" lang="fr" source="ibm">radiogramme</contenuImg>
            <contenuImg CS="0.598" lang="fr" source="ibm">plante</contenuImg>
            <contenuImg CS="0.595" lang="fr" source="ibm">micro-organisme</contenuImg>
            <contenuImg CS="0.626" coul="1" lang="fr" source="ibm">noir</contenuImg>
            <contenuImg CS="0.616" coul="1" lang="fr" source="ibm">émeraude (couleur)</contenuImg>
            <contenuImg CS="0.51" h="766" lang="fr" source="yolo" w="440" x="250" y="1083">cerf-volant</contenuImg>
            <contenuImg CS="0.51" h="766" lang="en" source="yolo" w="440" x="250" y="1083">kite</contenuImg>
            <contenuImg CS="0.616" coul="1" lang="en" source="ibm">emerald color</contenuImg>
            <contenuImg CS="0.626" coul="1" lang="en" source="ibm">black color</contenuImg>
            <contenuImg CS="0.595" lang="en" source="ibm">microorganism</contenuImg>
            <contenuImg CS="0.598" lang="en" source="ibm">plant</contenuImg>
            <contenuImg CS="0.508" lang="en" source="ibm">radiogram</contenuImg>
            <contenuImg CS="0.5" lang="en" source="ibm">intravenous pyelogram</contenuImg>
            <contenuImg CS="0.633" lang="en" source="ibm">Museum (Indoor)</contenuImg>
            <contenuImg CS="0.775" lang="en" source="ibm">building</contenuImg>
            <contenuImg CS="0.775" lang="en" source="ibm">retail store</contenuImg>
            <contenuImg CS="0.775" lang="en" source="ibm">shop</contenuImg>
            <contenuImg CS="0.775" lang="en" source="ibm">Jewelry Shop</contenuImg>
            <fonction source="final">repro/dessin</fonction>
            <fonction source="md">repro/dessin</fonction>
            <genre source="hm" time="2020-11-30T18:14:54.2+01:00">publicité</genre>
            <genre source="final">publicité</genre>
            <tech source="hm" time="2020-12-03T15:47:29.538+01:00">imp photoméca</tech>
            <tech source="final">imp photoméca</tech>
          </ill>
        </ills>
        <blocIll ocr="0">1</blocIll>
      </page>
      <page hauteurPx="5273" largeurPx="3744" ordre="64">
        <nbMot>514</nbMot>
        <blocTexte>38</blocTexte>
        <blocTab>0</blocTab>
        <blocPub>38</blocPub>
        <ills>
          <ill classif="CCibm CCyolo" couleur="gris" edit="1" h="4348" n="64-1" pub="1" seg="1" source="hm" time="2020-11-30T18:14:59.656+01:00" w="2832" x="642" y="542">
            <txt source="google">"our les soins intimes - de la femme - GYRA ONE - DUDE - antiseptique que toute - emme doit avoir - table de toilette - sur sa - La GYRALDOSE est l'antisep- - tique idéal pour le voyage. El - se présente en comprimés stables - et homogènes. Chaque dose - jetée dans deux litres d'eau nous - donne la solution parfumée que - la Parisienne a adoptée pour les - soins rituels de sa personne. - TI - -ablissements Châtelain - rue de Valenciennes, - aris. La boîte fco 6.50, - double boîte fco 10,50, - les 30 fr. - L'OPINION MÉDICALE : - Lorsque nous aurons ajouté que, mieux encore et plus facilement - qu'elle n'aide à les guérir, la Gyraldose met à l'abri de la métrete - les femmes qui en font un constant usage pour les soins de la toilette - intime, il nous semblera bien difficile d'admettre que son efficacité - puisse être aujourd'hui simplement discutée. Cette efficacité de la - Gyraldose nous a été aussi demontrée d'une façon péremptoire dans - les infections puerpérales et, en général, dans les suites de couches. - Prof. LASSABATIE, - Ancien Professeur aux Ecoles de Médecine navale. - Ancien Médicin principal de la Marine. - * La Gyraldose desinfecte comme aucun autre produit ne pourrait - le faire étant donnée l'énergie du thymol ; et elle le fait sans danger - n'étant nullement toxique. Elle déterge, en outre, les muqueuses - autant qu'elle arrête toute putrefaction, comme pourrait le faire une - éponge s'imbibant aisément de tous les produits de secrétion, grâce - a l'alumine sulfatée. La préparation des solutions nécessaires pour - les soins de la toilette intime est des plus facile, attendu qu'il s'agit - d'ajouter simplement à l'eau bouillie les quantités indiquées pour - avoir un litre de liquide tout prêt pour l'injection.\" - Dr. CANAC, - de la Faculté de Médecine de Montpellier. - LES à la GYRALDOSE - SAVON ANTISEPTIQUE - ngestionnants et antiseptiques - eventifs et curatifs de toutes - es maladies de la femme - Ete fco 6 fr. 50; les 3 fco 18 fr. - à la GYRALDOSE - Indispensable pour la toilette intime et les - affections de la peau et du cuir chevelu - Le pain fco 5 fr. 50 ; les 3 fco 15 fr. - ",</txt>
            <contenuImg CS="0.65" lang="fr" source="ibm">salle d'étude</contenuImg>
            <contenuImg CS="0.581" lang="fr" source="ibm">carte</contenuImg>
            <contenuImg CS="0.522" lang="fr" source="ibm">veine</contenuImg>
            <contenuImg CS="0.522" lang="fr" source="ibm">personne</contenuImg>
            <contenuImg CS="0.5" lang="fr" source="ibm">cortex cérébral</contenuImg>
            <contenuImg CS="0.599" lang="fr" source="ibm">presse écrite</contenuImg>
            <contenuImg CS="0.599" lang="fr" source="ibm">radiogramme</contenuImg>
            <contenuImg CS="0.726" coul="1" lang="fr" source="ibm">gris</contenuImg>
            <contenuImg CS="0.545" coul="1" lang="fr" source="ibm">gris cendré</contenuImg>
            <contenuImg CS="0.59" h="4350" lang="fr" source="yolo" w="2766" x="63" y="50">livre</contenuImg>
            <contenuImg CS="0.59" h="4350" lang="en" source="yolo" w="2766" x="63" y="50">book</contenuImg>
            <contenuImg CS="0.545" coul="1" lang="en" source="ibm">ash grey color</contenuImg>
            <contenuImg CS="0.726" coul="1" lang="en" source="ibm">gray color</contenuImg>
            <contenuImg CS="0.599" lang="en" source="ibm">radiogram</contenuImg>
            <contenuImg CS="0.599" lang="en" source="ibm">print media</contenuImg>
            <contenuImg CS="0.5" lang="en" source="ibm">cerebral cortex</contenuImg>
            <contenuImg CS="0.522" lang="en" source="ibm">person</contenuImg>
            <contenuImg CS="0.522" lang="en" source="ibm">vein</contenuImg>
            <contenuImg CS="0.581" lang="en" source="ibm">map</contenuImg>
            <contenuImg CS="0.65" lang="en" source="ibm">study</contenuImg>
            <fonction source="final">repro/dessin</fonction>
            <fonction source="md">repro/dessin</fonction>
            <genre source="hm" time="2020-11-30T18:15:32.81+01:00">publicité</genre>
            <genre source="final">publicité</genre>
            <tech source="hm" time="2020-12-03T15:47:29.538+01:00">imp photoméca</tech>
            <tech source="final">imp photoméca</tech>
          </ill>
        </ills>
        <blocIll ocr="0">1</blocIll>
      </page>
      <page hauteurPx="1090" largeurPx="1214" ordre="65">
        <nbMot>8</nbMot>
        <blocTexte>3</blocTexte>
        <blocTab>0</blocTab>
        <blocPub>0</blocPub>
        <blocIll ocr="0">0</blocIll>
      </page>
      <page hauteurPx="1089" largeurPx="1234" ordre="66">
        <nbMot>0</nbMot>
        <blocTexte>0</blocTexte>
        <blocTab>0</blocTab>
        <blocPub>0</blocPub>
        <blocIll ocr="0">0</blocIll>
      </page>
    </pages>
  </contenus>
</analyseAlto>