<analyseAlto>
  <metad>
    <type>R</type>
    <ID>bpt6k96041211</ID>
    <notice>cb343833568</notice>
    <titre>Vogue 1920/12/01</titre>
    <dateEdition>1920-12-01</dateEdition>
    <lang>fre</lang>
    <source>BnF</source>
    <nbPage>80</nbPage>
  </metad>
  <contenus>
    <largeur>163</largeur>
    <hauteur>221</hauteur>
    <largeurPx>3852</largeurPx>
    <hauteurPx>5226</hauteurPx>
    <pages>
      <page hauteurPx="5226" largeurPx="3852" ordre="1">
        <nbMot>13</nbMot>
        <blocTexte>3</blocTexte>
        <blocTab>0</blocTab>
        <blocPub>0</blocPub>
        <blocIll ocr="1">1</blocIll>
        <ills/>
      </page>
      <page hauteurPx="5220" largeurPx="3823" ordre="2">
        <nbMot>227</nbMot>
        <blocTexte>129</blocTexte>
        <blocTab>0</blocTab>
        <blocPub>129</blocPub>
        <ills>
          <ill classif="CCibm" couleur="coul" edit="1" h="4357" n="2-1" pub="1" seg="1" source="hm" time="2020-12-01T18:15:16.189+01:00" w="2841" x="484" y="312">
            <txt source="google">"KILDE - good - Poudre Nilde - en boîte-tamis - Impalpable, adhérente, - délicieusement parfumée. - La boîte-tamis permet d'obtenir - aisément un teint régulier. - Elle économise la poudre et - garantit une propreté absolue. - La petite boîte plate pour le sac 2 f. - La boite moyenne - 3 f. 90 - La grande boîte ... - 61. - Toutes les boîtes contiennent une houppe - En vente toutes parfumeries ou envoi - franco contre mandat. - NILDÉ - 51, rue du Rocher - PARIS - . - ",</txt>
            <contenuImg CS="0.626" lang="fr" source="ibm">chlamys (coquillage)</contenuImg>
            <contenuImg CS="0.626" lang="fr" source="ibm">manteau</contenuImg>
            <contenuImg CS="0.626" lang="fr" source="ibm">survêtement</contenuImg>
            <contenuImg CS="0.626" lang="fr" source="ibm">vêtement</contenuImg>
            <contenuImg CS="0.537" lang="fr" source="ibm">pyxide (réceptacle)</contenuImg>
            <contenuImg CS="0.537" lang="fr" source="ibm">réceptacle</contenuImg>
            <contenuImg CS="0.5" lang="fr" source="ibm">piédestal</contenuImg>
            <contenuImg CS="0.5" lang="fr" source="ibm">support</contenuImg>
            <contenuImg CS="0.597" lang="fr" source="ibm">ustensile</contenuImg>
            <contenuImg CS="0.596" lang="fr" source="ibm">fruits de mer</contenuImg>
            <contenuImg CS="0.972" coul="1" lang="fr" source="ibm">ivoire (couleur)</contenuImg>
            <contenuImg CS="0.861" coul="1" lang="fr" source="ibm">albâtre</contenuImg>
            <contenuImg b="77" coul="1" g="73" r="79" source="colorific" type="bkg">#4f494d</contenuImg>
            <contenuImg b="53" coul="1" g="48" ordre="7" r="47" source="colorific" type="frg">#2f3035</contenuImg>
            <contenuImg b="88" coul="1" g="97" ordre="6" r="156" source="colorific" type="frg">#9c6158</contenuImg>
            <contenuImg b="150" coul="1" g="154" ordre="5" r="156" source="colorific" type="frg">#9c9a96</contenuImg>
            <contenuImg b="85" coul="1" g="123" ordre="4" r="153" source="colorific" type="frg">#997b55</contenuImg>
            <contenuImg b="74" coul="1" g="96" ordre="3" r="128" source="colorific" type="frg">#80604a</contenuImg>
            <contenuImg b="255" coul="1" g="255" ordre="2" r="255" source="colorific" type="frg">#ffffff</contenuImg>
            <contenuImg b="167" coul="1" g="179" ordre="1" r="196" source="colorific" type="frg">#c4b3a7</contenuImg>
            <contenuImg CS="0.861" coul="1" lang="en" source="ibm">alabaster color</contenuImg>
            <contenuImg CS="0.972" coul="1" lang="en" source="ibm">ivory color</contenuImg>
            <contenuImg CS="0.596" lang="en" source="ibm">shellfish</contenuImg>
            <contenuImg CS="0.597" lang="en" source="ibm">utensil</contenuImg>
            <contenuImg CS="0.5" lang="en" source="ibm">support</contenuImg>
            <contenuImg CS="0.5" lang="en" source="ibm">pedestal</contenuImg>
            <contenuImg CS="0.537" lang="en" source="ibm">receptacle</contenuImg>
            <contenuImg CS="0.537" lang="en" source="ibm">pyx (receptacle)</contenuImg>
            <contenuImg CS="0.626" lang="en" source="ibm">garment</contenuImg>
            <contenuImg CS="0.626" lang="en" source="ibm">overgarment</contenuImg>
            <contenuImg CS="0.626" lang="en" source="ibm">cloak</contenuImg>
            <contenuImg CS="0.626" lang="en" source="ibm">chlamys (shell)</contenuImg>
            <fonction source="final">repro/dessin</fonction>
            <fonction source="md">repro/dessin</fonction>
            <genre source="hm" time="2020-12-01T18:16:37.252+01:00">publicité</genre>
            <genre source="final">publicité</genre>
            <tech source="hm" time="2020-12-03T15:47:44.739+01:00">imp photoméca</tech>
            <tech source="final">imp photoméca</tech>
          </ill>
        </ills>
        <blocIll ocr="0">1</blocIll>
      </page>
      <page hauteurPx="5235" largeurPx="3843" ordre="3">
        <nbMot>213</nbMot>
        <blocTexte>9</blocTexte>
        <blocTab>0</blocTab>
        <blocPub>8</blocPub>
        <blocIll ocr="1">1</blocIll>
        <ills>
          <ill classif="CCyolo CCibm" couleur="gris" edit="1" h="2536" n="3-1" pub="1" taille="3" w="2870" x="398" y="1038">
            <contenuImg CS="0.92" lang="fr" source="ibm">chambre</contenuImg>
            <contenuImg CS="0.982" lang="fr" source="ibm">pièce</contenuImg>
            <contenuImg CS="0.736" lang="fr" source="ibm">salon</contenuImg>
            <contenuImg CS="0.941" coul="1" lang="fr" source="ibm">albâtre</contenuImg>
            <contenuImg CS="0.941" coul="1" lang="en" source="ibm">alabaster color</contenuImg>
            <contenuImg CS="0.736" lang="en" source="ibm">living room</contenuImg>
            <contenuImg CS="0.982" lang="en" source="ibm">room</contenuImg>
            <contenuImg CS="0.92" lang="en" source="ibm">bedroom</contenuImg>
            <contenuImg CS="0.96" h="1200" lang="fr" source="yolo" w="826" x="1086" y="313">personne</contenuImg>
            <contenuImg CS="0.87" h="520" lang="fr" source="yolo" w="313" x="240" y="806">vase</contenuImg>
            <contenuImg CS="0.81" h="353" lang="fr" source="yolo" w="170" x="1443" y="576">cravate</contenuImg>
            <contenuImg CS="0.60" h="1263" lang="fr" source="yolo" w="1896" x="623" y="1023">lit</contenuImg>
            <contenuImg CS="0.58" h="1193" lang="fr" source="yolo" w="856" x="63" y="153">plante en pot</contenuImg>
            <contenuImg CS="0.38" h="153" lang="fr" source="yolo" w="70" x="2386" y="1156">bouteille</contenuImg>
            <contenuImg CS="0.38" h="153" lang="en" source="yolo" w="70" x="2386" y="1156">bottle</contenuImg>
            <contenuImg CS="0.58" h="1193" lang="en" source="yolo" w="856" x="63" y="153">pottedplant</contenuImg>
            <contenuImg CS="0.60" h="1263" lang="en" source="yolo" w="1896" x="623" y="1023">bed</contenuImg>
            <contenuImg CS="0.81" h="353" lang="en" source="yolo" w="170" x="1443" y="576">tie</contenuImg>
            <contenuImg CS="0.87" h="520" lang="en" source="yolo" w="313" x="240" y="806">vase</contenuImg>
            <contenuImg CS="0.96" h="1200" lang="en" source="yolo" w="826" x="1086" y="313">person</contenuImg>
            <fonction source="final">repro/photo</fonction>
            <fonction CS="1.00" source="TensorFlow">repro/photo</fonction>
            <tech CS="1" source="md">imp photoméca</tech>
            <leg>t hoto—i ALliUL n v |j COUVERTURE ET COUSSINS satin lamé or sur vieux ton rouille, encadrement velours même ton et skungs — La couverture, g ^ 1200 fr. Le coussin de pieds, 550 fr. Les coussins carrés garnis galon et frange vieil or; Le coussin, 270 fr. — GROS 11 g POUF satin capucine brodé vieil or orné galon et glands vieil or, 640 fr. COUSSIN Récamier assorti, 200 fr. — DESHABILLE g M jersey soie de chine doublé pongé garniture et ceinture vieil or ou argent, 485 fr. ; en faille rose, cerise, nattier, mauve, citron, g = jaune, noir ou blanc, 360 fr. VOILAGE mousseline toutes teintes bordé marabout naturel, 280 fr. — TABLE à ouvrage acajou If S tissu assorti à la couverture, 350 fr. — TABLE travailleuse acajou filets clairs garnie accessoires, 525 fr. — VEILLEUSE décors variés |{§ g de 50 fr. à 200 fr. BOITE IVOIRE vernis Martin, 200 fr. H ! Henry à ta?ensée ! 1 3 et 5 , Faub? SlHonoré , ■</leg>
            <txt>I DES CADEAUX i j Aperçu en quelques pages de ceux que vous trouverez au Faubourg St. Honoré i ||l!l]!lll!lllllllllllll!l!!!lllllllll!j!llllilllliillllllllj|||i!lllll!llillll!IH</txt>
            <genre source="hm" time="2020-12-01T18:16:42.064+01:00">publicité</genre>
            <genre source="final">publicité</genre>
            <tech source="hm" time="2020-12-03T15:47:44.739+01:00">imp photoméca</tech>
            <tech source="final">imp photoméca</tech>
          </ill>
        </ills>
      </page>
      <page hauteurPx="5292" largeurPx="3844" ordre="4">
        <nbMot>450</nbMot>
        <blocTexte>14</blocTexte>
        <blocTab>0</blocTab>
        <blocPub>13</blocPub>
        <blocIll ocr="1">1</blocIll>
        <ills>
          <ill classif="CCyolo CCibm" couleur="gris" edit="true" filtretf="1" h="3416" n="4-1" pub="1" taille="5" w="3333" x="327" y="400">
            <contenuImg CS="0.584" lang="fr" source="ibm">musée d'histoire naturelle</contenuImg>
            <contenuImg CS="0.526" lang="fr" source="ibm">quincaillerie</contenuImg>
            <contenuImg CS="0.658" lang="fr" source="ibm">boutique</contenuImg>
            <contenuImg CS="0.658" lang="fr" source="ibm">magasin de détail</contenuImg>
            <contenuImg CS="0.658" lang="fr" source="ibm">bâtiment</contenuImg>
            <contenuImg CS="0.522" lang="fr" source="ibm">atelier de réparation</contenuImg>
            <contenuImg CS="0.5" lang="fr" source="ibm">autoradiographie</contenuImg>
            <contenuImg CS="0.506" lang="fr" source="ibm">radiogramme</contenuImg>
            <contenuImg CS="0.5" lang="fr" source="ibm">musée (intérieur)</contenuImg>
            <contenuImg CS="0.599" lang="fr" source="ibm">pièce</contenuImg>
            <contenuImg CS="0.962" coul="1" lang="fr" source="ibm">gris</contenuImg>
            <contenuImg CS="0.962" coul="1" lang="en" source="ibm">gray color</contenuImg>
            <contenuImg CS="0.599" lang="en" source="ibm">room</contenuImg>
            <contenuImg CS="0.5" lang="en" source="ibm">Museum (Indoor)</contenuImg>
            <contenuImg CS="0.506" lang="en" source="ibm">radiogram</contenuImg>
            <contenuImg CS="0.5" lang="en" source="ibm">autoradiograph</contenuImg>
            <contenuImg CS="0.522" lang="en" source="ibm">repair shop</contenuImg>
            <contenuImg CS="0.658" lang="en" source="ibm">building</contenuImg>
            <contenuImg CS="0.658" lang="en" source="ibm">retail store</contenuImg>
            <contenuImg CS="0.658" lang="en" source="ibm">shop</contenuImg>
            <contenuImg CS="0.526" lang="en" source="ibm">hardware store</contenuImg>
            <contenuImg CS="0.584" lang="en" source="ibm">Natural History Museum</contenuImg>
            <contenuImg CS="0.30" h="323" lang="fr" source="yolo" w="463" x="2820" y="166">montre</contenuImg>
            <contenuImg CS="0.29" h="813" lang="fr" source="yolo" w="80" x="110" y="1003">ciseaux</contenuImg>
            <contenuImg CS="0.29" h="813" lang="en" source="yolo" w="80" x="110" y="1003">scissors</contenuImg>
            <contenuImg CS="0.30" h="323" lang="en" source="yolo" w="463" x="2820" y="166">clock</contenuImg>
            <contenuImg CS="0.31" h="3406" lang="en" source="yolo" w="3203" x="110" y="63">clock</contenuImg>
            <contenuImg CS="0.37" h="176" lang="en" source="yolo" w="640" x="1070" y="3133">scissors</contenuImg>
            <contenuImg CS="0.48" h="1830" lang="en" source="yolo" w="160" x="2686" y="953">scissors</contenuImg>
            <contenuImg CS="0.67" h="810" lang="en" source="yolo" w="220" x="183" y="1010">scissors</contenuImg>
            <fonction CS="0.48" source="TensorFlow">filtretxt</fonction>
            <tech CS="1" source="md">imp photoméca</tech>
            <leg>i. BONBONNIERE vrai Chine ...... 18 fr. 15. EVENTAIL genre vernis Martin .. de 90 à 180 fr. 32. EPINGLE A CHAPEAUX cristal .... 10fr.</leg>
            <txt>ii VOGUE ii VOGUE</txt>
            <fonction source="hm" time="2020-11-04T17:41:46.087+01:00">repro/photo</fonction>
            <fonction source="final">repro/photo</fonction>
            <genre source="hm" time="2020-11-04T17:48:17.741+01:00">publicité</genre>
            <genre source="final">publicité</genre>
            <tech source="hm" time="2020-12-03T15:47:44.739+01:00">imp photoméca</tech>
            <tech source="final">imp photoméca</tech>
          </ill>
        </ills>
      </page>
      <page hauteurPx="5226" largeurPx="3825" ordre="5">
        <nbMot>398</nbMot>
        <blocTexte>18</blocTexte>
        <blocTab>0</blocTab>
        <blocPub>17</blocPub>
        <blocIll ocr="1">1</blocIll>
        <ills>
          <ill classif="CCyolo CCibm" couleur="gris" edit="1" h="3348" n="5-1" pub="1" taille="5" w="3334" x="232" y="349">
            <contenuImg CS="0.533" lang="fr" source="ibm">fragment de poterie</contenuImg>
            <contenuImg CS="0.515" lang="fr" source="ibm">timbre</contenuImg>
            <contenuImg CS="0.516" lang="fr" source="ibm">outil</contenuImg>
            <contenuImg CS="0.511" lang="fr" source="ibm">groupe d'éléments</contenuImg>
            <contenuImg CS="0.5" lang="fr" source="ibm">musée d'histoire naturelle</contenuImg>
            <contenuImg CS="0.595" lang="fr" source="ibm">silhouette</contenuImg>
            <contenuImg CS="0.738" coul="1" lang="fr" source="ibm">gris</contenuImg>
            <contenuImg CS="0.725" coul="1" lang="fr" source="ibm">gris cendré</contenuImg>
            <contenuImg CS="0.725" coul="1" lang="en" source="ibm">ash grey color</contenuImg>
            <contenuImg CS="0.738" coul="1" lang="en" source="ibm">gray color</contenuImg>
            <contenuImg CS="0.595" lang="en" source="ibm">figure</contenuImg>
            <contenuImg CS="0.5" lang="en" source="ibm">Natural History Museum</contenuImg>
            <contenuImg CS="0.511" lang="en" source="ibm">group of items</contenuImg>
            <contenuImg CS="0.516" lang="en" source="ibm">tool</contenuImg>
            <contenuImg CS="0.515" lang="en" source="ibm">stamp</contenuImg>
            <contenuImg CS="0.533" lang="en" source="ibm">potsherd (pottery)</contenuImg>
            <contenuImg CS="0.31" h="520" lang="fr" source="yolo" w="553" x="2656" y="756">livre</contenuImg>
            <contenuImg CS="0.31" h="520" lang="en" source="yolo" w="553" x="2656" y="756">book</contenuImg>
            <contenuImg CS="0.59" h="560" lang="en" source="yolo" w="456" x="813" y="470">book</contenuImg>
            <contenuImg CS="0.68" h="543" lang="en" source="yolo" w="840" x="1770" y="36">book</contenuImg>
            <contenuImg CS="0.82" h="483" lang="en" source="yolo" w="406" x="1240" y="40">book</contenuImg>
            <fonction source="final">repro/photo</fonction>
            <fonction CS="0.63" source="TensorFlow">repro/photo</fonction>
            <tech CS="1" source="md">imp photoméca</tech>
            <leg>I. COFFRET à bijoux, maroquin, gainé daim . 65 fr. 12. SAC faille toutes teintes, liseré peau blanche 1?5 fr. 24. POUDREUSE tissus lamés 115 fr. 2. CARTOUCHE deux pièces vermeil, décors 13. SAC daim toutes teintes fermoir écaille .. 300 fr. 25 PETIT SAC poudrier velours brodé acier.. 45 fr</leg>
            <txt>l D é c e m b r e iii l D é c e m b r e iii</txt>
            <genre source="hm" time="2020-11-04T18:35:15.212+01:00">publicité</genre>
            <genre source="final">publicité</genre>
            <tech source="hm" time="2020-12-03T15:47:44.739+01:00">imp photoméca</tech>
            <tech source="final">imp photoméca</tech>
          </ill>
        </ills>
      </page>
      <page hauteurPx="5262" largeurPx="3850" ordre="6">
        <nbMot>342</nbMot>
        <blocTexte>12</blocTexte>
        <blocTab>0</blocTab>
        <blocPub>11</blocPub>
        <blocIll ocr="1">1</blocIll>
        <ills>
          <ill classif="CCyolo CCibm" couleur="gris" edit="1" h="3795" n="6-1" pub="1" taille="6" w="3413" x="234" y="410">
            <contenuImg CS="0.795" lang="fr" source="ibm">personne</contenuImg>
            <contenuImg CS="0.905" lang="fr" source="ibm">musée (intérieur)</contenuImg>
            <contenuImg CS="0.799" lang="fr" source="ibm">pièce</contenuImg>
            <contenuImg CS="0.89" coul="1" lang="fr" source="ibm">gris</contenuImg>
            <contenuImg CS="0.876" coul="1" lang="fr" source="ibm">albâtre</contenuImg>
            <contenuImg CS="0.876" coul="1" lang="en" source="ibm">alabaster color</contenuImg>
            <contenuImg CS="0.89" coul="1" lang="en" source="ibm">gray color</contenuImg>
            <contenuImg CS="0.799" lang="en" source="ibm">room</contenuImg>
            <contenuImg CS="0.905" lang="en" source="ibm">Museum (Indoor)</contenuImg>
            <contenuImg CS="0.795" lang="en" source="ibm">person</contenuImg>
            <contenuImg CS="0.47" h="1430" lang="fr" source="yolo" w="933" x="1250" y="176">montre</contenuImg>
            <contenuImg CS="0.29" h="1203" lang="fr" source="yolo" w="590" x="2700" y="1086">personne</contenuImg>
            <contenuImg CS="0.29" h="1203" lang="en" source="yolo" w="590" x="2700" y="1086">person</contenuImg>
            <contenuImg CS="0.47" h="1430" lang="en" source="yolo" w="933" x="1250" y="176">clock</contenuImg>
            <contenuImg CS="0.64" h="1160" lang="en" source="yolo" w="750" x="2526" y="2443">person</contenuImg>
            <contenuImg CS="0.67" h="1510" lang="en" source="yolo" w="793" x="1230" y="1796">person</contenuImg>
            <contenuImg CS="0.83" h="1273" lang="en" source="yolo" w="626" x="123" y="970">person</contenuImg>
            <contenuImg CS="0.86" h="1373" lang="en" source="yolo" w="720" x="246" y="2296">person</contenuImg>
            <fonction source="final">repro/photo</fonction>
            <fonction CS="0.87" source="TensorFlow">repro/photo</fonction>
            <tech CS="1" source="md">imp photoméca</tech>
            <leg>I. ROBE FILLETTE tricot métier laine rayée 6. HOCHETS: en argent 65 fr. 16. SWEATER tricot métier en soie tous coloris</leg>
            <txt>iv VOGUE iv VOGUE</txt>
            <genre source="hm" time="2020-12-01T18:16:50.364+01:00">publicité</genre>
            <genre source="final">publicité</genre>
            <tech source="hm" time="2020-12-03T15:47:44.739+01:00">imp photoméca</tech>
            <tech source="final">imp photoméca</tech>
          </ill>
        </ills>
      </page>
      <page hauteurPx="5235" largeurPx="3837" ordre="7">
        <nbMot>158</nbMot>
        <blocTexte>12</blocTexte>
        <blocTab>0</blocTab>
        <blocPub>11</blocPub>
        <ills>
          <ill classif="CCibm CCyolo" couleur="gris" edit="1" h="3804" n="7-1" pub="1" seg="1" source="hm" time="2020-12-01T18:16:54.303+01:00" w="3254" x="300" y="351">
            <txt source="google">"you - 6 - 8 - 10 - Nos. I et 2. BONNETS du matin en dentelle crême - ",</txt>
            <contenuImg CS="0.796" lang="fr" source="ibm">personne</contenuImg>
            <contenuImg CS="0.914" lang="fr" source="ibm">musée (intérieur)</contenuImg>
            <contenuImg CS="0.796" lang="fr" source="ibm">pièce</contenuImg>
            <contenuImg CS="0.995" coul="1" lang="fr" source="ibm">gris</contenuImg>
            <contenuImg CS="0.30" h="750" lang="fr" source="yolo" w="656" x="136" y="943">personne</contenuImg>
            <contenuImg CS="0.30" h="750" lang="en" source="yolo" w="656" x="136" y="943">person</contenuImg>
            <contenuImg CS="0.52" h="793" lang="en" source="yolo" w="616" x="1820" y="596">person</contenuImg>
            <contenuImg CS="0.52" h="593" lang="en" source="yolo" w="503" x="2480" y="343">person</contenuImg>
            <contenuImg CS="0.66" h="776" lang="en" source="yolo" w="580" x="523" y="256">person</contenuImg>
            <contenuImg CS="0.70" h="643" lang="en" source="yolo" w="506" x="2540" y="1036">person</contenuImg>
            <contenuImg CS="0.93" h="1483" lang="en" source="yolo" w="936" x="973" y="946">person</contenuImg>
            <contenuImg CS="0.97" h="1340" lang="en" source="yolo" w="866" x="1483" y="1610">person</contenuImg>
            <contenuImg CS="0.97" h="1883" lang="en" source="yolo" w="493" x="2683" y="1920">person</contenuImg>
            <contenuImg CS="0.99" h="1263" lang="en" source="yolo" w="1103" x="713" y="1913">person</contenuImg>
            <contenuImg CS="0.99" h="1820" lang="en" source="yolo" w="523" x="126" y="1976">person</contenuImg>
            <contenuImg CS="0.995" coul="1" lang="en" source="ibm">gray color</contenuImg>
            <contenuImg CS="0.796" lang="en" source="ibm">room</contenuImg>
            <contenuImg CS="0.914" lang="en" source="ibm">Museum (Indoor)</contenuImg>
            <contenuImg CS="0.796" lang="en" source="ibm">person</contenuImg>
            <genre source="hm" time="2020-12-01T18:17:15.6+01:00">publicité</genre>
            <genre source="final">publicité</genre>
            <tech source="hm" time="2020-12-03T15:47:44.739+01:00">imp photoméca</tech>
            <tech source="final">imp photoméca</tech>
            <fonction source="hm" time="2020-12-03T15:53:05.802+01:00">repro/photo</fonction>
            <fonction source="final">repro/photo</fonction>
          </ill>
        </ills>
        <blocIll ocr="0">1</blocIll>
      </page>
      <page hauteurPx="5274" largeurPx="3865" ordre="8">
        <nbMot>211</nbMot>
        <blocTexte>15</blocTexte>
        <blocTab>0</blocTab>
        <blocPub>14</blocPub>
        <ills>
          <ill classif="CCibm CCyolo" couleur="gris" edit="1" h="2601" n="8-1" pub="1" seg="1" source="hm" time="2020-12-01T18:17:19.201+01:00" w="2170" x="1133" y="1307">
            <txt source="google">"T. - LE - lus per- - nant des - olument - lewe - e partie - de golf, - le fox- - sera plus - ésistance - s mèches - re, don - Egligée à - ondulées - contraire - ",</txt>
            <contenuImg CS="0.881" lang="fr" source="ibm">salle d'étude</contenuImg>
            <contenuImg CS="0.847" lang="fr" source="ibm">pointe d'argent</contenuImg>
            <contenuImg CS="0.797" lang="fr" source="ibm">pièce</contenuImg>
            <contenuImg CS="0.832" coul="1" lang="fr" source="ibm">noir</contenuImg>
            <contenuImg CS="0.538" coul="1" lang="fr" source="ibm">gris</contenuImg>
            <contenuImg CS="0.52" h="2486" lang="fr" source="yolo" w="1976" x="86" y="106">personne</contenuImg>
            <contenuImg CS="0.52" h="2486" lang="en" source="yolo" w="1976" x="86" y="106">person</contenuImg>
            <contenuImg CS="0.538" coul="1" lang="en" source="ibm">gray color</contenuImg>
            <contenuImg CS="0.832" coul="1" lang="en" source="ibm">black color</contenuImg>
            <contenuImg CS="0.797" lang="en" source="ibm">room</contenuImg>
            <contenuImg CS="0.847" lang="en" source="ibm">silverpoint</contenuImg>
            <contenuImg CS="0.881" lang="en" source="ibm">study</contenuImg>
            <fonction source="final">repro/dessin</fonction>
            <fonction source="md">repro/dessin</fonction>
            <genre source="hm" time="2020-12-01T18:17:50.748+01:00">publicité</genre>
            <genre source="final">publicité</genre>
            <tech source="hm" time="2020-12-03T15:47:44.739+01:00">imp photoméca</tech>
            <tech source="final">imp photoméca</tech>
          </ill>
        </ills>
        <blocIll ocr="0">1</blocIll>
      </page>
      <page hauteurPx="5223" largeurPx="3831" ordre="9">
        <nbMot>36</nbMot>
        <blocTexte>9</blocTexte>
        <blocTab>0</blocTab>
        <blocPub>8</blocPub>
        <ills>
          <ill classif="CCibm" couleur="gris" edit="1" h="4538" n="9-1" pub="1" seg="1" source="hm" time="2020-12-01T18:17:54.513+01:00" w="3312" x="268" y="331">
            <txt source="google">"&amp; - ... BoBoc - SoDooDoDoDosso - • 4 - DORILLY - 0 C Bogo - Sa Crème. Sá Poudre. Ses Parfums - 4, Rue de la Paix - PARIS - 30 400 30c - Gonzo - OB - Oos - T. - ANNIN - way - daliluliliit LTO - ",</txt>
            <contenuImg CS="0.65" lang="fr" source="ibm">78 tours (disque)</contenuImg>
            <contenuImg CS="0.65" lang="fr" source="ibm">dispositif mémoire</contenuImg>
            <contenuImg CS="0.5" lang="fr" source="ibm">sous-bock</contenuImg>
            <contenuImg CS="0.601" lang="fr" source="ibm">enregistrement</contenuImg>
            <contenuImg CS="0.592" lang="fr" source="ibm">presse écrite</contenuImg>
            <contenuImg CS="0.79" coul="1" lang="fr" source="ibm">gris</contenuImg>
            <contenuImg CS="0.79" coul="1" lang="en" source="ibm">gray color</contenuImg>
            <contenuImg CS="0.592" lang="en" source="ibm">print media</contenuImg>
            <contenuImg CS="0.601" lang="en" source="ibm">recording</contenuImg>
            <contenuImg CS="0.5" lang="en" source="ibm">beer mat</contenuImg>
            <contenuImg CS="0.65" lang="en" source="ibm">memory device</contenuImg>
            <contenuImg CS="0.65" lang="en" source="ibm">seventy-eight (record)</contenuImg>
            <fonction source="final">repro/dessin</fonction>
            <fonction source="md">repro/dessin</fonction>
            <genre source="hm" time="2020-12-01T18:18:15.9+01:00">publicité</genre>
            <genre source="final">publicité</genre>
            <tech source="hm" time="2020-12-03T15:47:44.739+01:00">imp photoméca</tech>
            <tech source="final">imp photoméca</tech>
          </ill>
        </ills>
        <blocIll ocr="0">1</blocIll>
      </page>
      <page hauteurPx="5259" largeurPx="3856" ordre="10">
        <nbMot>21</nbMot>
        <blocTexte>4</blocTexte>
        <blocTab>0</blocTab>
        <blocPub>3</blocPub>
        <blocIll ocr="1">1</blocIll>
        <ills>
          <ill classif="CCyolo CCibm" couleur="gris" edit="1" h="2978" n="10-1" pub="1" taille="2" w="2019" x="775" y="658">
            <contenuImg CS="0.784" lang="fr" source="ibm">personne</contenuImg>
            <contenuImg CS="0.891" lang="fr" source="ibm">pointe d'argent</contenuImg>
            <contenuImg CS="0.802" lang="fr" source="ibm">salle d'étude</contenuImg>
            <contenuImg CS="0.78" lang="fr" source="ibm">pièce</contenuImg>
            <contenuImg CS="0.9" coul="1" lang="fr" source="ibm">gris cendré</contenuImg>
            <contenuImg CS="0.69" coul="1" lang="fr" source="ibm">gris</contenuImg>
            <contenuImg CS="0.69" coul="1" lang="en" source="ibm">gray color</contenuImg>
            <contenuImg CS="0.9" coul="1" lang="en" source="ibm">ash grey color</contenuImg>
            <contenuImg CS="0.78" lang="en" source="ibm">room</contenuImg>
            <contenuImg CS="0.802" lang="en" source="ibm">study</contenuImg>
            <contenuImg CS="0.891" lang="en" source="ibm">silverpoint</contenuImg>
            <contenuImg CS="0.784" lang="en" source="ibm">person</contenuImg>
            <contenuImg CS="0.89" h="2966" lang="fr" source="yolo" w="1783" x="123" y="30">personne</contenuImg>
            <contenuImg CS="0.89" h="2966" lang="en" source="yolo" w="1783" x="123" y="30">person</contenuImg>
            <fonction source="final">repro/dessin</fonction>
            <fonction CS="0.56" source="TensorFlow">repro/dessin</fonction>
            <tech CS="1" source="md">imp photoméca</tech>
            <leg>CO CerJraJ Envoi du catalogue illustré contre 1 fr. 50 ES du. S 0 1</leg>
            <txt>viii / 0 G JJ E viii / 0 G JJ E</txt>
            <genre source="hm" time="2020-12-01T18:18:20.679+01:00">publicité</genre>
            <genre source="final">publicité</genre>
            <tech source="hm" time="2020-12-03T15:47:44.739+01:00">imp photoméca</tech>
            <tech source="final">imp photoméca</tech>
          </ill>
        </ills>
      </page>
      <page hauteurPx="5232" largeurPx="3864" ordre="11">
        <nbMot>17</nbMot>
        <blocTexte>5</blocTexte>
        <blocTab>0</blocTab>
        <blocPub>5</blocPub>
        <blocIll ocr="1">1</blocIll>
        <ills>
          <ill classif="CCibm" couleur="coul" edit="1" h="3695" n="11-1" pub="1" taille="5" w="3436" x="155" y="272">
            <contenuImg CS="0.729" lang="fr" source="ibm">décharge</contenuImg>
            <contenuImg CS="0.729" lang="fr" source="ibm">nature</contenuImg>
            <contenuImg CS="0.5" lang="fr" source="ibm">carrousel</contenuImg>
            <contenuImg CS="0.5" lang="fr" source="ibm">dispositif mécanique</contenuImg>
            <contenuImg CS="0.936" coul="1" lang="fr" source="ibm">vert bouteille</contenuImg>
            <contenuImg CS="0.936" coul="1" lang="en" source="ibm">bottle green color</contenuImg>
            <contenuImg CS="0.5" lang="en" source="ibm">mechanical device</contenuImg>
            <contenuImg CS="0.5" lang="en" source="ibm">carousel</contenuImg>
            <contenuImg CS="0.729" lang="en" source="ibm">nature</contenuImg>
            <contenuImg CS="0.729" lang="en" source="ibm">landfill</contenuImg>
            <contenuImg b="186" coul="1" g="213" r="218" source="colorific" type="bkg">#dad5ba</contenuImg>
            <contenuImg b="74" coul="1" g="100" ordre="10" r="145" source="colorific" type="frg">#91644a</contenuImg>
            <contenuImg b="124" coul="1" g="119" ordre="9" r="111" source="colorific" type="frg">#6f777c</contenuImg>
            <contenuImg b="140" coul="1" g="142" ordre="8" r="166" source="colorific" type="frg">#a68e8c</contenuImg>
            <contenuImg b="54" coul="1" g="53" ordre="7" r="52" source="colorific" type="frg">#343536</contenuImg>
            <contenuImg b="144" coul="1" g="111" ordre="6" r="94" source="colorific" type="frg">#5e6f90</contenuImg>
            <contenuImg b="82" coul="1" g="92" ordre="5" r="133" source="colorific" type="frg">#855c52</contenuImg>
            <contenuImg b="104" coul="1" g="136" ordre="4" r="148" source="colorific" type="frg">#948868</contenuImg>
            <contenuImg b="255" coul="1" g="255" ordre="3" r="255" source="colorific" type="frg">#ffffff</contenuImg>
            <contenuImg b="77" coul="1" g="93" ordre="2" r="173" source="colorific" type="frg">#ad5d4d</contenuImg>
            <contenuImg b="66" coul="1" g="77" ordre="1" r="85" source="colorific" type="frg">#554d42</contenuImg>
            <fonction source="final">repro/dessin</fonction>
            <fonction CS="0.93" source="TensorFlow">repro/dessin</fonction>
            <tech CS="1" source="md">imp photoméca</tech>
            <leg>LIUE MONTAilLÉ ■PAR4^ CANNEP JLP®^NG*IT* UOC ^ napeauzc</leg>
            <genre source="hm" time="2020-12-01T18:18:27.033+01:00">publicité</genre>
            <genre source="final">publicité</genre>
            <tech source="hm" time="2020-12-03T15:47:44.739+01:00">imp photoméca</tech>
            <tech source="final">imp photoméca</tech>
          </ill>
        </ills>
      </page>
      <page hauteurPx="5250" largeurPx="3865" ordre="12">
        <nbMot>31</nbMot>
        <blocTexte>6</blocTexte>
        <blocTab>0</blocTab>
        <blocPub>6</blocPub>
        <blocIll ocr="1">1</blocIll>
        <ills>
          <ill classif="CCyolo CCibm" couleur="gris" edit="true" h="2166" n="12-1" pub="1" taille="3" w="3040" x="383" y="1587">
            <contenuImg CS="0.758" lang="fr" source="ibm">salon</contenuImg>
            <contenuImg CS="0.888" lang="fr" source="ibm">pièce</contenuImg>
            <contenuImg CS="0.5" lang="fr" source="ibm">chambre</contenuImg>
            <contenuImg CS="0.829" coul="1" lang="fr" source="ibm">sauge</contenuImg>
            <contenuImg CS="0.73" coul="1" lang="fr" source="ibm">gris</contenuImg>
            <contenuImg CS="0.73" coul="1" lang="en" source="ibm">gray color</contenuImg>
            <contenuImg CS="0.829" coul="1" lang="en" source="ibm">sage green color</contenuImg>
            <contenuImg CS="0.5" lang="en" source="ibm">bedroom</contenuImg>
            <contenuImg CS="0.888" lang="en" source="ibm">room</contenuImg>
            <contenuImg CS="0.758" lang="en" source="ibm">living room</contenuImg>
            <contenuImg CS="0.95" h="616" lang="fr" source="yolo" w="436" x="2423" y="1130">chaise</contenuImg>
            <contenuImg CS="0.46" h="370" lang="fr" source="yolo" w="490" x="543" y="826">moniteur</contenuImg>
            <contenuImg CS="0.38" h="186" lang="fr" source="yolo" w="93" x="2033" y="1126">vase</contenuImg>
            <contenuImg CS="0.38" h="186" lang="en" source="yolo" w="93" x="2033" y="1126">vase</contenuImg>
            <contenuImg CS="0.46" h="370" lang="en" source="yolo" w="490" x="543" y="826">tvmonitor</contenuImg>
            <contenuImg CS="0.95" h="616" lang="en" source="yolo" w="436" x="2423" y="1130">chair</contenuImg>
            <contenuImg CS="0.99" h="660" lang="en" source="yolo" w="443" x="1166" y="1133">chair</contenuImg>
            <contenuImg CS="0.99" h="750" lang="en" source="yolo" w="443" x="2030" y="1223">chair</contenuImg>
            <contenuImg CS="1.00" h="653" lang="en" source="yolo" w="390" x="140" y="1160">chair</contenuImg>
            <fonction CS="0.98" source="TensorFlow">repro/photo</fonction>
            <tech CS="1" source="md">imp photoméca</tech>
            <leg>(J)rfj , ot-Uloil  Q^ir^e^éoi-re, C .rr ,-i//r  /n ttr .-V f( ,/ /,////    :,/ c9).ÙzceiJô  c/  (j3 C5!3fll ,,) Je chômer ei /n, ■// /■  ma/ c/ueU/ ie</leg>
            <txt>700 ê^^iévusy ÇT/nZ-oûte ^</txt>
            <fonction source="hm" time="2020-11-10T15:11:24.186+01:00">repro/dessin</fonction>
            <fonction source="final">repro/dessin</fonction>
            <genre source="hm" time="2020-12-01T18:18:31.206+01:00">publicité</genre>
            <genre source="final">publicité</genre>
            <tech source="hm" time="2020-12-03T15:47:44.739+01:00">imp photoméca</tech>
            <tech source="final">imp photoméca</tech>
          </ill>
        </ills>
      </page>
      <page hauteurPx="5235" largeurPx="3840" ordre="13">
        <nbMot>15</nbMot>
        <blocTexte>6</blocTexte>
        <blocTab>0</blocTab>
        <blocPub>6</blocPub>
        <blocIll ocr="1">1</blocIll>
        <ills>
          <ill classif="CCibm" couleur="coul" edit="1" h="3705" n="13-1" pub="1" taille="5" w="3405" x="149" y="265">
            <contenuImg b="60" coul="1" g="69" ordre="10" r="112" source="colorific" type="frg">#70453c</contenuImg>
            <contenuImg b="140" coul="1" g="105" ordre="9" r="89" source="colorific" type="frg">#59698c</contenuImg>
            <contenuImg b="119" coul="1" g="125" ordre="8" r="141" source="colorific" type="frg">#8d7d77</contenuImg>
            <contenuImg b="130" coul="1" g="137" ordre="7" r="188" source="colorific" type="frg">#bc8982</contenuImg>
            <contenuImg b="119" coul="1" g="153" ordre="6" r="161" source="colorific" type="frg">#a19977</contenuImg>
            <contenuImg b="55" coul="1" g="56" ordre="5" r="56" source="colorific" type="frg">#383837</contenuImg>
            <contenuImg b="92" coul="1" g="120" ordre="4" r="184" source="colorific" type="frg">#b8785c</contenuImg>
            <contenuImg b="70" coul="1" g="85" ordre="3" r="172" source="colorific" type="frg">#ac5546</contenuImg>
            <contenuImg b="71" coul="1" g="87" ordre="2" r="97" source="colorific" type="frg">#615747</contenuImg>
            <contenuImg b="255" coul="1" g="255" ordre="1" r="255" source="colorific" type="frg">#ffffff</contenuImg>
            <contenuImg CS="0.596" lang="fr" source="ibm">personne</contenuImg>
            <contenuImg CS="0.723" lang="fr" source="ibm">pilotis</contenuImg>
            <contenuImg CS="0.723" lang="fr" source="ibm">pôle</contenuImg>
            <contenuImg CS="0.723" lang="fr" source="ibm">barre</contenuImg>
            <contenuImg CS="0.5" lang="fr" source="ibm">tapisserie</contenuImg>
            <contenuImg CS="0.504" lang="fr" source="ibm">tissu</contenuImg>
            <contenuImg CS="0.599" lang="fr" source="ibm">vêtements</contenuImg>
            <contenuImg CS="0.81" coul="1" lang="fr" source="ibm">rouge alizarine</contenuImg>
            <contenuImg CS="0.629" coul="1" lang="fr" source="ibm">marron</contenuImg>
            <contenuImg CS="0.629" coul="1" lang="en" source="ibm">maroon color</contenuImg>
            <contenuImg CS="0.81" coul="1" lang="en" source="ibm">alizarine red color</contenuImg>
            <contenuImg CS="0.599" lang="en" source="ibm">clothing</contenuImg>
            <contenuImg CS="0.504" lang="en" source="ibm">fabric</contenuImg>
            <contenuImg CS="0.5" lang="en" source="ibm">tapestry</contenuImg>
            <contenuImg CS="0.723" lang="en" source="ibm">rod</contenuImg>
            <contenuImg CS="0.723" lang="en" source="ibm">pole</contenuImg>
            <contenuImg CS="0.723" lang="en" source="ibm">stilt</contenuImg>
            <contenuImg CS="0.596" lang="en" source="ibm">person</contenuImg>
            <fonction source="final">repro/dessin</fonction>
            <fonction CS="0.94" source="TensorFlow">repro/dessin</fonction>
            <tech CS="1" source="md">imp photoméca</tech>
            <leg>AIME MOMTAILLE PARJ)  %^  CANNES ^M nteaujC   ^ hapeaux:</leg>
            <genre source="hm" time="2020-12-01T18:18:37.639+01:00">publicité</genre>
            <genre source="final">publicité</genre>
            <tech source="hm" time="2020-12-03T15:47:44.739+01:00">imp photoméca</tech>
            <tech source="final">imp photoméca</tech>
          </ill>
        </ills>
      </page>
      <page hauteurPx="5244" largeurPx="3859" ordre="14">
        <nbMot>74</nbMot>
        <blocTexte>2</blocTexte>
        <blocTab>0</blocTab>
        <blocPub>0</blocPub>
        <blocIll ocr="1">1</blocIll>
        <ills/>
      </page>
      <page hauteurPx="5220" largeurPx="3840" ordre="15">
        <nbMot>971</nbMot>
        <blocTexte>71</blocTexte>
        <blocTab>0</blocTab>
        <blocPub>0</blocPub>
        <blocIll ocr="4">1</blocIll>
        <ills/>
      </page>
      <page hauteurPx="5244" largeurPx="3868" ordre="16">
        <nbMot>465</nbMot>
        <blocTexte>9</blocTexte>
        <blocTab>0</blocTab>
        <blocPub>0</blocPub>
        <blocIll ocr="2">2</blocIll>
        <ills/>
      </page>
      <page hauteurPx="5268" largeurPx="3876" ordre="17">
        <nbMot>821</nbMot>
        <blocTexte>18</blocTexte>
        <blocTab>0</blocTab>
        <blocPub>0</blocPub>
        <blocIll ocr="2">2</blocIll>
        <ills/>
      </page>
      <page hauteurPx="5244" largeurPx="3847" ordre="18">
        <nbMot>237</nbMot>
        <blocTexte>20</blocTexte>
        <blocTab>0</blocTab>
        <blocPub>0</blocPub>
        <blocIll ocr="3">3</blocIll>
        <ills/>
      </page>
      <page hauteurPx="5226" largeurPx="3804" ordre="19">
        <nbMot>596</nbMot>
        <blocTexte>12</blocTexte>
        <blocTab>0</blocTab>
        <blocPub>0</blocPub>
        <blocIll ocr="3">3</blocIll>
        <ills/>
      </page>
      <page hauteurPx="5253" largeurPx="3844" ordre="20">
        <nbMot>664</nbMot>
        <blocTexte>17</blocTexte>
        <blocTab>0</blocTab>
        <blocPub>0</blocPub>
        <blocIll ocr="1">1</blocIll>
        <ills/>
      </page>
      <page hauteurPx="5253" largeurPx="3831" ordre="21">
        <nbMot>22</nbMot>
        <blocTexte>5</blocTexte>
        <blocTab>0</blocTab>
        <blocPub>0</blocPub>
        <blocIll ocr="1">1</blocIll>
        <ills/>
      </page>
      <page hauteurPx="5250" largeurPx="3847" ordre="22">
        <nbMot>159</nbMot>
        <blocTexte>7</blocTexte>
        <blocTab>0</blocTab>
        <blocPub>0</blocPub>
        <blocIll ocr="3">3</blocIll>
        <ills/>
      </page>
      <page hauteurPx="5232" largeurPx="3819" ordre="23">
        <nbMot>237</nbMot>
        <blocTexte>7</blocTexte>
        <blocTab>0</blocTab>
        <blocPub>0</blocPub>
        <blocIll ocr="3">3</blocIll>
        <ills/>
      </page>
      <page hauteurPx="5250" largeurPx="3835" ordre="24">
        <nbMot>485</nbMot>
        <blocTexte>8</blocTexte>
        <blocTab>0</blocTab>
        <blocPub>0</blocPub>
        <blocIll ocr="1">1</blocIll>
        <ills/>
      </page>
      <page hauteurPx="5274" largeurPx="3831" ordre="25">
        <nbMot>694</nbMot>
        <blocTexte>15</blocTexte>
        <blocTab>0</blocTab>
        <blocPub>0</blocPub>
        <blocIll ocr="1">1</blocIll>
        <ills/>
      </page>
      <page hauteurPx="5253" largeurPx="3817" ordre="26">
        <nbMot>245</nbMot>
        <blocTexte>7</blocTexte>
        <blocTab>0</blocTab>
        <blocPub>0</blocPub>
        <blocIll ocr="4">4</blocIll>
        <ills/>
      </page>
      <page hauteurPx="5226" largeurPx="3846" ordre="27">
        <nbMot>734</nbMot>
        <blocTexte>18</blocTexte>
        <blocTab>0</blocTab>
        <blocPub>0</blocPub>
        <blocIll ocr="5">5</blocIll>
        <ills/>
      </page>
      <page hauteurPx="5244" largeurPx="3838" ordre="28">
        <nbMot>223</nbMot>
        <blocTexte>7</blocTexte>
        <blocTab>0</blocTab>
        <blocPub>0</blocPub>
        <blocIll ocr="3">3</blocIll>
        <ills/>
      </page>
      <page hauteurPx="5223" largeurPx="3831" ordre="29">
        <nbMot>201</nbMot>
        <blocTexte>9</blocTexte>
        <blocTab>0</blocTab>
        <blocPub>0</blocPub>
        <blocIll ocr="3">3</blocIll>
        <ills/>
      </page>
      <page hauteurPx="5244" largeurPx="3844" ordre="30">
        <nbMot>753</nbMot>
        <blocTexte>14</blocTexte>
        <blocTab>0</blocTab>
        <blocPub>0</blocPub>
        <blocIll ocr="2">2</blocIll>
        <ills/>
      </page>
      <page hauteurPx="5253" largeurPx="3873" ordre="31">
        <nbMot>536</nbMot>
        <blocTexte>20</blocTexte>
        <blocTab>0</blocTab>
        <blocPub>0</blocPub>
        <blocIll ocr="4">4</blocIll>
        <ills/>
      </page>
      <page hauteurPx="5241" largeurPx="3832" ordre="32">
        <nbMot>558</nbMot>
        <blocTexte>19</blocTexte>
        <blocTab>0</blocTab>
        <blocPub>0</blocPub>
        <blocIll ocr="4">4</blocIll>
        <ills/>
      </page>
      <page hauteurPx="5247" largeurPx="3855" ordre="33">
        <nbMot>682</nbMot>
        <blocTexte>15</blocTexte>
        <blocTab>0</blocTab>
        <blocPub>0</blocPub>
        <blocIll ocr="5">5</blocIll>
        <ills/>
      </page>
      <page hauteurPx="5244" largeurPx="3862" ordre="34">
        <nbMot>68</nbMot>
        <blocTexte>4</blocTexte>
        <blocTab>0</blocTab>
        <blocPub>0</blocPub>
        <blocIll ocr="1">1</blocIll>
        <ills/>
      </page>
      <page hauteurPx="5226" largeurPx="3828" ordre="35">
        <nbMot>223</nbMot>
        <blocTexte>11</blocTexte>
        <blocTab>0</blocTab>
        <blocPub>0</blocPub>
        <blocIll ocr="2">2</blocIll>
        <ills/>
      </page>
      <page hauteurPx="5250" largeurPx="3856" ordre="36">
        <nbMot>22</nbMot>
        <blocTexte>3</blocTexte>
        <blocTab>0</blocTab>
        <blocPub>0</blocPub>
        <blocIll ocr="1">1</blocIll>
        <ills/>
      </page>
      <page hauteurPx="5229" largeurPx="3819" ordre="37">
        <nbMot>993</nbMot>
        <blocTexte>19</blocTexte>
        <blocTab>0</blocTab>
        <blocPub>0</blocPub>
        <blocIll ocr="1">1</blocIll>
        <ills/>
      </page>
      <page hauteurPx="5250" largeurPx="3868" ordre="38">
        <nbMot>24</nbMot>
        <blocTexte>3</blocTexte>
        <blocTab>0</blocTab>
        <blocPub>0</blocPub>
        <blocIll ocr="1">1</blocIll>
        <ills/>
      </page>
      <page hauteurPx="5232" largeurPx="3870" ordre="39">
        <nbMot>168</nbMot>
        <blocTexte>9</blocTexte>
        <blocTab>0</blocTab>
        <blocPub>0</blocPub>
        <blocIll ocr="5">5</blocIll>
        <ills/>
      </page>
      <page hauteurPx="5253" largeurPx="3877" ordre="40">
        <nbMot>914</nbMot>
        <blocTexte>18</blocTexte>
        <blocTab>0</blocTab>
        <blocPub>0</blocPub>
        <blocIll ocr="2">2</blocIll>
        <ills/>
      </page>
      <page hauteurPx="5235" largeurPx="3849" ordre="41">
        <nbMot>141</nbMot>
        <blocTexte>10</blocTexte>
        <blocTab>0</blocTab>
        <blocPub>0</blocPub>
        <blocIll ocr="1">1</blocIll>
        <ills/>
      </page>
      <page hauteurPx="5256" largeurPx="3865" ordre="42">
        <nbMot>157</nbMot>
        <blocTexte>8</blocTexte>
        <blocTab>0</blocTab>
        <blocPub>0</blocPub>
        <blocIll ocr="4">4</blocIll>
        <ills/>
      </page>
      <page hauteurPx="5232" largeurPx="3831" ordre="43">
        <nbMot>882</nbMot>
        <blocTexte>19</blocTexte>
        <blocTab>0</blocTab>
        <blocPub>0</blocPub>
        <blocIll ocr="5">5</blocIll>
        <ills/>
      </page>
      <page hauteurPx="5253" largeurPx="3874" ordre="44">
        <nbMot>190</nbMot>
        <blocTexte>10</blocTexte>
        <blocTab>0</blocTab>
        <blocPub>0</blocPub>
        <blocIll ocr="3">3</blocIll>
        <ills/>
      </page>
      <page hauteurPx="5232" largeurPx="3846" ordre="45">
        <nbMot>159</nbMot>
        <blocTexte>9</blocTexte>
        <blocTab>0</blocTab>
        <blocPub>0</blocPub>
        <blocIll ocr="4">4</blocIll>
        <ills/>
      </page>
      <page hauteurPx="5253" largeurPx="3877" ordre="46">
        <nbMot>218</nbMot>
        <blocTexte>9</blocTexte>
        <blocTab>0</blocTab>
        <blocPub>0</blocPub>
        <blocIll ocr="4">4</blocIll>
        <ills/>
      </page>
      <page hauteurPx="5265" largeurPx="3861" ordre="47">
        <nbMot>147</nbMot>
        <blocTexte>6</blocTexte>
        <blocTab>0</blocTab>
        <blocPub>0</blocPub>
        <blocIll ocr="1">1</blocIll>
        <ills/>
      </page>
      <page hauteurPx="5280" largeurPx="3889" ordre="48">
        <nbMot>1108</nbMot>
        <blocTexte>26</blocTexte>
        <blocTab>0</blocTab>
        <blocPub>0</blocPub>
        <blocIll ocr="3">3</blocIll>
        <ills/>
      </page>
      <page hauteurPx="5232" largeurPx="3873" ordre="49">
        <nbMot>238</nbMot>
        <blocTexte>9</blocTexte>
        <blocTab>0</blocTab>
        <blocPub>0</blocPub>
        <blocIll ocr="4">4</blocIll>
        <ills/>
      </page>
      <page hauteurPx="5253" largeurPx="3871" ordre="50">
        <nbMot>334</nbMot>
        <blocTexte>15</blocTexte>
        <blocTab>0</blocTab>
        <blocPub>0</blocPub>
        <blocIll ocr="8">8</blocIll>
        <ills/>
      </page>
      <page hauteurPx="5217" largeurPx="3885" ordre="51">
        <nbMot>842</nbMot>
        <blocTexte>18</blocTexte>
        <blocTab>0</blocTab>
        <blocPub>0</blocPub>
        <blocIll ocr="4">4</blocIll>
        <ills/>
      </page>
      <page hauteurPx="5253" largeurPx="3871" ordre="52">
        <nbMot>226</nbMot>
        <blocTexte>9</blocTexte>
        <blocTab>0</blocTab>
        <blocPub>0</blocPub>
        <blocIll ocr="5">5</blocIll>
        <ills/>
      </page>
      <page hauteurPx="5241" largeurPx="3864" ordre="53">
        <nbMot>566</nbMot>
        <blocTexte>23</blocTexte>
        <blocTab>0</blocTab>
        <blocPub>0</blocPub>
        <blocIll ocr="6">6</blocIll>
        <ills/>
      </page>
      <page hauteurPx="5259" largeurPx="3919" ordre="54">
        <nbMot>180</nbMot>
        <blocTexte>12</blocTexte>
        <blocTab>0</blocTab>
        <blocPub>0</blocPub>
        <blocIll ocr="5">5</blocIll>
        <ills/>
      </page>
      <page hauteurPx="5232" largeurPx="3816" ordre="55">
        <nbMot>166</nbMot>
        <blocTexte>9</blocTexte>
        <blocTab>0</blocTab>
        <blocPub>0</blocPub>
        <blocIll ocr="4">4</blocIll>
        <ills/>
      </page>
      <page hauteurPx="5253" largeurPx="3886" ordre="56">
        <nbMot>321</nbMot>
        <blocTexte>11</blocTexte>
        <blocTab>0</blocTab>
        <blocPub>0</blocPub>
        <blocIll ocr="9">9</blocIll>
        <ills/>
      </page>
      <page hauteurPx="5232" largeurPx="3819" ordre="57">
        <nbMot>720</nbMot>
        <blocTexte>24</blocTexte>
        <blocTab>0</blocTab>
        <blocPub>0</blocPub>
        <blocIll ocr="4">4</blocIll>
        <ills/>
      </page>
      <page hauteurPx="5259" largeurPx="3904" ordre="58">
        <nbMot>264</nbMot>
        <blocTexte>12</blocTexte>
        <blocTab>0</blocTab>
        <blocPub>0</blocPub>
        <blocIll ocr="8">8</blocIll>
        <ills/>
      </page>
      <page hauteurPx="5238" largeurPx="3915" ordre="59">
        <nbMot>275</nbMot>
        <blocTexte>10</blocTexte>
        <blocTab>0</blocTab>
        <blocPub>0</blocPub>
        <blocIll ocr="8">6</blocIll>
        <ills/>
      </page>
      <page hauteurPx="5253" largeurPx="3871" ordre="60">
        <nbMot>282</nbMot>
        <blocTexte>12</blocTexte>
        <blocTab>0</blocTab>
        <blocPub>0</blocPub>
        <blocIll ocr="7">7</blocIll>
        <ills/>
      </page>
      <page hauteurPx="5217" largeurPx="3915" ordre="61">
        <nbMot>270</nbMot>
        <blocTexte>10</blocTexte>
        <blocTab>0</blocTab>
        <blocPub>0</blocPub>
        <blocIll ocr="7">7</blocIll>
        <ills/>
      </page>
      <page hauteurPx="5289" largeurPx="3889" ordre="62">
        <nbMot>732</nbMot>
        <blocTexte>40</blocTexte>
        <blocTab>0</blocTab>
        <blocPub>23</blocPub>
        <blocIll ocr="8">8</blocIll>
        <ills>
          <ill classif="CCyolo CCibm" couleur="gris" edit="1" h="764" n="62-1" pub="1" taille="0" w="1075" x="299" y="376">
            <contenuImg CS="0.8" lang="fr" source="ibm">personne</contenuImg>
            <contenuImg CS="0.767" lang="fr" source="ibm">vibraphone</contenuImg>
            <contenuImg CS="0.774" lang="fr" source="ibm">instrument à percussion</contenuImg>
            <contenuImg CS="0.876" lang="fr" source="ibm">instrument de musique</contenuImg>
            <contenuImg CS="0.5" lang="fr" source="ibm">clavecin (instrument de musique)</contenuImg>
            <contenuImg CS="0.57" lang="fr" source="ibm">instrument à cordes</contenuImg>
            <contenuImg CS="0.922" coul="1" lang="fr" source="ibm">noir</contenuImg>
            <contenuImg CS="0.696" coul="1" lang="fr" source="ibm">noir charbon</contenuImg>
            <contenuImg CS="0.696" coul="1" lang="en" source="ibm">coal black color</contenuImg>
            <contenuImg CS="0.922" coul="1" lang="en" source="ibm">black color</contenuImg>
            <contenuImg CS="0.57" lang="en" source="ibm">stringed instrument</contenuImg>
            <contenuImg CS="0.5" lang="en" source="ibm">harpsichord (musical instrument)</contenuImg>
            <contenuImg CS="0.876" lang="en" source="ibm">musical instrument</contenuImg>
            <contenuImg CS="0.774" lang="en" source="ibm">percussion instrument</contenuImg>
            <contenuImg CS="0.767" lang="en" source="ibm">vibraphone</contenuImg>
            <contenuImg CS="0.8" lang="en" source="ibm">person</contenuImg>
            <contenuImg CS="0.64" h="500" lang="fr" source="yolo" w="226" x="526" y="166">personne</contenuImg>
            <contenuImg CS="0.59" h="240" lang="fr" source="yolo" w="290" x="216" y="516">banc</contenuImg>
            <contenuImg CS="0.28" h="90" lang="fr" source="yolo" w="33" x="453" y="90">cravate</contenuImg>
            <contenuImg CS="0.28" h="90" lang="en" source="yolo" w="33" x="453" y="90">tie</contenuImg>
            <contenuImg CS="0.59" h="240" lang="en" source="yolo" w="290" x="216" y="516">bench</contenuImg>
            <contenuImg CS="0.64" h="500" lang="en" source="yolo" w="226" x="526" y="166">person</contenuImg>
            <contenuImg CS="0.85" h="566" lang="en" source="yolo" w="226" x="310" y="0">person</contenuImg>
            <contenuImg CS="0.96" h="333" lang="en" source="yolo" w="186" x="680" y="120">person</contenuImg>
            <contenuImg CS="0.97" h="506" lang="en" source="yolo" w="290" x="133" y="200">person</contenuImg>
            <fonction source="final">repro/dessin</fonction>
            <fonction CS="0.93" source="TensorFlow">repro/dessin</fonction>
            <tech CS="1" source="md">imp photoméca</tech>
            <leg>llllllllllllillllllllllllllllli z-_-_ r= M =</leg>
            <txt>50 VOGUÉ 50 VOGUÉ</txt>
            <genre source="hm" time="2020-11-04T18:37:11.393+01:00">publicité</genre>
            <genre source="final">publicité</genre>
            <tech source="hm" time="2020-12-03T15:47:44.739+01:00">imp photoméca</tech>
            <tech source="final">imp photoméca</tech>
          </ill>
          <ill classif="CCyolo CCibm" couleur="gris" edit="1" h="1658" n="62-2" pub="1" taille="1" w="1707" x="299" y="1140">
            <contenuImg CS="0.5" lang="fr" source="ibm">musée (intérieur)</contenuImg>
            <contenuImg CS="0.763" lang="fr" source="ibm">personne</contenuImg>
            <contenuImg CS="0.6" lang="fr" source="ibm">pièce</contenuImg>
            <contenuImg CS="0.907" coul="1" lang="fr" source="ibm">noir</contenuImg>
            <contenuImg CS="0.907" coul="1" lang="en" source="ibm">black color</contenuImg>
            <contenuImg CS="0.6" lang="en" source="ibm">room</contenuImg>
            <contenuImg CS="0.763" lang="en" source="ibm">person</contenuImg>
            <contenuImg CS="0.5" lang="en" source="ibm">Museum (Indoor)</contenuImg>
            <contenuImg CS="0.70" h="1530" lang="fr" source="yolo" w="723" x="390" y="90">personne</contenuImg>
            <contenuImg CS="0.70" h="1530" lang="en" source="yolo" w="723" x="390" y="90">person</contenuImg>
            <fonction source="final">repro/dessin</fonction>
            <fonction CS="0.99" source="TensorFlow">repro/dessin</fonction>
            <tech CS="1" source="md">imp photoméca</tech>
            <leg>g °lJbv\.^emi^cAY\cxrrL^, g g c yYVuvv\SL  movjuôo ctva. tyvo-L1</leg>
            <txt>ORCHESTRE | SYMPHONIQUE 1 =</txt>
            <genre source="hm" time="2020-11-04T18:37:13.383+01:00">publicité</genre>
            <genre source="final">publicité</genre>
            <tech source="hm" time="2020-12-03T15:47:44.739+01:00">imp photoméca</tech>
            <tech source="final">imp photoméca</tech>
          </ill>
          <ill classif="CCyolo CCibm" couleur="gris" edit="1" h="710" n="62-3" pub="1" taille="0" w="979" x="1027" y="4260">
            <contenuImg CS="0.6" lang="fr" source="ibm">personne</contenuImg>
            <contenuImg CS="0.532" lang="fr" source="ibm">épée d'escrime</contenuImg>
            <contenuImg CS="0.535" lang="fr" source="ibm">épée</contenuImg>
            <contenuImg CS="0.536" lang="fr" source="ibm">arme</contenuImg>
            <contenuImg CS="0.512" lang="fr" source="ibm">sparring</contenuImg>
            <contenuImg CS="0.515" lang="fr" source="ibm">boxe</contenuImg>
            <contenuImg CS="0.515" lang="fr" source="ibm">sport de contact</contenuImg>
            <contenuImg CS="0.525" lang="fr" source="ibm">sport</contenuImg>
            <contenuImg CS="0.5" lang="fr" source="ibm">grosse caisse</contenuImg>
            <contenuImg CS="0.514" lang="fr" source="ibm">tambour</contenuImg>
            <contenuImg CS="0.519" lang="fr" source="ibm">instrument à percussion</contenuImg>
            <contenuImg CS="0.524" lang="fr" source="ibm">instrument de musique</contenuImg>
            <contenuImg CS="0.963" coul="1" lang="fr" source="ibm">noir</contenuImg>
            <contenuImg CS="0.963" coul="1" lang="en" source="ibm">black color</contenuImg>
            <contenuImg CS="0.524" lang="en" source="ibm">musical instrument</contenuImg>
            <contenuImg CS="0.519" lang="en" source="ibm">percussion instrument</contenuImg>
            <contenuImg CS="0.514" lang="en" source="ibm">drum</contenuImg>
            <contenuImg CS="0.5" lang="en" source="ibm">bass drum</contenuImg>
            <contenuImg CS="0.525" lang="en" source="ibm">sport</contenuImg>
            <contenuImg CS="0.515" lang="en" source="ibm">contact sport</contenuImg>
            <contenuImg CS="0.515" lang="en" source="ibm">boxing</contenuImg>
            <contenuImg CS="0.512" lang="en" source="ibm">sparring</contenuImg>
            <contenuImg CS="0.536" lang="en" source="ibm">weapon</contenuImg>
            <contenuImg CS="0.535" lang="en" source="ibm">sword</contenuImg>
            <contenuImg CS="0.532" lang="en" source="ibm">fencing sword</contenuImg>
            <contenuImg CS="0.6" lang="en" source="ibm">person</contenuImg>
            <contenuImg CS="0.46" h="516" lang="fr" source="yolo" w="266" x="580" y="166">personne</contenuImg>
            <contenuImg CS="0.46" h="516" lang="en" source="yolo" w="266" x="580" y="166">person</contenuImg>
            <contenuImg CS="0.86" h="290" lang="en" source="yolo" w="190" x="396" y="156">person</contenuImg>
            <contenuImg CS="0.94" h="526" lang="en" source="yolo" w="370" x="76" y="60">person</contenuImg>
            <fonction source="final">repro/dessin</fonction>
            <fonction CS="0.94" source="TensorFlow">repro/dessin</fonction>
            <tech CS="1" source="md">imp photoméca</tech>
            <leg>Bague faite de diamants ovales avec pour chaton, un gros diamant en poire</leg>
            <txt>IlliiilllllllllllilllllllllllliM H Thés, Diners, Soupers = Orchestres et danse</txt>
            <genre source="hm" time="2020-11-04T18:37:39.448+01:00">publicité</genre>
            <genre source="final">publicité</genre>
            <tech source="hm" time="2020-12-03T15:47:44.739+01:00">imp photoméca</tech>
            <tech source="final">imp photoméca</tech>
          </ill>
        </ills>
      </page>
      <page hauteurPx="5247" largeurPx="3912" ordre="63">
        <nbMot>76</nbMot>
        <blocTexte>9</blocTexte>
        <blocTab>0</blocTab>
        <blocPub>0</blocPub>
        <blocIll ocr="1">1</blocIll>
        <ills>
          <ill classif="CCyolo CCibm" couleur="gris" edit="1" h="2499" n="63-1" pub="1" taille="1" w="1629" x="1132" y="635">
            <contenuImg CS="0.952" lang="fr" source="ibm">suffragette</contenuImg>
            <contenuImg CS="0.952" lang="fr" source="ibm">personne</contenuImg>
            <contenuImg CS="0.5" lang="fr" source="ibm">musée (intérieur)</contenuImg>
            <contenuImg CS="0.942" coul="1" lang="fr" source="ibm">noir</contenuImg>
            <contenuImg CS="0.942" coul="1" lang="en" source="ibm">black color</contenuImg>
            <contenuImg CS="0.5" lang="en" source="ibm">Museum (Indoor)</contenuImg>
            <contenuImg CS="0.952" lang="en" source="ibm">person</contenuImg>
            <contenuImg CS="0.952" lang="en" source="ibm">women's voting rights activist</contenuImg>
            <contenuImg CS="0.72" h="2360" lang="fr" source="yolo" w="1333" x="163" y="200">personne</contenuImg>
            <contenuImg CS="0.72" h="2360" lang="en" source="yolo" w="1333" x="163" y="200">person</contenuImg>
            <fonction source="final">repro/photo</fonction>
            <fonction CS="0.99" source="TensorFlow">repro/photo</fonction>
            <tech CS="1" source="md">imp photoméca</tech>
            <leg>Le Cadeau Idéal L e choix entre les perles orientales et les créations Técla doit être déterminé par une , raison budgétaire ; mais il est reconnu que les perles orientales ou les créations Técla sont les seules qu une personne d un certain niveau social puisse se permettre de porter.</leg>
            <txt>49 VOGUE 49 VOGUE</txt>
            <genre source="hm" time="2020-11-04T18:36:34.119+01:00">publicité</genre>
            <genre source="final">publicité</genre>
            <tech source="hm" time="2020-12-03T15:47:44.739+01:00">imp photoméca</tech>
            <tech source="final">imp photoméca</tech>
          </ill>
        </ills>
      </page>
      <page hauteurPx="5265" largeurPx="3898" ordre="64">
        <nbMot>998</nbMot>
        <blocTexte>43</blocTexte>
        <blocTab>0</blocTab>
        <blocPub>22</blocPub>
        <blocIll ocr="3">4</blocIll>
        <ills>
          <ill classif="CCyolo CCibm" couleur="gris" edit="1" h="1333" n="64-1" pub="1" taille="0" w="1195" x="502" y="337">
            <contenuImg CS="0.572" lang="fr" source="ibm">chapeau</contenuImg>
            <contenuImg CS="0.572" lang="fr" source="ibm">coiffure</contenuImg>
            <contenuImg CS="0.551" lang="fr" source="ibm">suffragette</contenuImg>
            <contenuImg CS="0.843" lang="fr" source="ibm">personne</contenuImg>
            <contenuImg CS="0.544" lang="fr" source="ibm">écouteur</contenuImg>
            <contenuImg CS="0.5" lang="fr" source="ibm">robe à clapet</contenuImg>
            <contenuImg CS="0.796" lang="fr" source="ibm">arme</contenuImg>
            <contenuImg CS="0.945" coul="1" lang="fr" source="ibm">noir</contenuImg>
            <contenuImg CS="0.673" coul="1" lang="fr" source="ibm">noir charbon</contenuImg>
            <contenuImg CS="0.673" coul="1" lang="en" source="ibm">coal black color</contenuImg>
            <contenuImg CS="0.945" coul="1" lang="en" source="ibm">black color</contenuImg>
            <contenuImg CS="0.796" lang="en" source="ibm">weapon</contenuImg>
            <contenuImg CS="0.5" lang="en" source="ibm">person in flapper dress</contenuImg>
            <contenuImg CS="0.544" lang="en" source="ibm">earphone</contenuImg>
            <contenuImg CS="0.843" lang="en" source="ibm">person</contenuImg>
            <contenuImg CS="0.551" lang="en" source="ibm">women's voting rights activist</contenuImg>
            <contenuImg CS="0.572" lang="en" source="ibm">headdress</contenuImg>
            <contenuImg CS="0.572" lang="en" source="ibm">hat</contenuImg>
            <contenuImg CS="0.87" h="1170" lang="fr" source="yolo" w="710" x="240" y="140">personne</contenuImg>
            <contenuImg CS="0.87" h="1170" lang="en" source="yolo" w="710" x="240" y="140">person</contenuImg>
            <fonction source="final">repro/photo</fonction>
            <fonction CS="0.85" source="TensorFlow">repro/photo</fonction>
            <tech CS="1" source="md">imp photoméca</tech>
            <leg>Mlle. Spinelly portant un chapeau en panne el dentelle noire</leg>
            <genre source="hm" time="2020-11-04T18:36:41.928+01:00">publicité</genre>
            <genre source="final">publicité</genre>
            <tech source="hm" time="2020-12-03T15:47:44.739+01:00">imp photoméca</tech>
            <tech source="final">imp photoméca</tech>
          </ill>
          <ill classif="CCibm CCyolo" couleur="gris" edit="1" h="814" n="64-4" pub="1" seg="1" source="hm" time="2020-12-01T18:37:49.144+01:00" w="1141" x="510" y="2915">
            <contenuImg CS="0.638" lang="fr" source="ibm">arthrogramme (rayons x)</contenuImg>
            <contenuImg CS="0.901" lang="fr" source="ibm">radiogramme</contenuImg>
            <contenuImg CS="0.627" lang="fr" source="ibm">encéphalogramme (rayons x)</contenuImg>
            <contenuImg CS="0.627" lang="fr" source="ibm">hystérosalpingographie (rayons x)</contenuImg>
            <contenuImg CS="0.5" lang="fr" source="ibm">prénatal</contenuImg>
            <contenuImg CS="0.5" lang="fr" source="ibm">personne</contenuImg>
            <contenuImg CS="0.991" coul="1" lang="fr" source="ibm">noir</contenuImg>
            <contenuImg CS="0.39" h="816" lang="fr" source="yolo" w="980" x="146" y="3">personne</contenuImg>
            <contenuImg CS="0.39" h="816" lang="en" source="yolo" w="980" x="146" y="3">person</contenuImg>
            <contenuImg CS="0.991" coul="1" lang="en" source="ibm">black color</contenuImg>
            <contenuImg CS="0.5" lang="en" source="ibm">person</contenuImg>
            <contenuImg CS="0.5" lang="en" source="ibm">prenatal</contenuImg>
            <contenuImg CS="0.627" lang="en" source="ibm">hysterosalpingogram (x-ray)</contenuImg>
            <contenuImg CS="0.627" lang="en" source="ibm">encephalogrami (x ray)</contenuImg>
            <contenuImg CS="0.901" lang="en" source="ibm">radiogram</contenuImg>
            <contenuImg CS="0.638" lang="en" source="ibm">arthrogram (x-ray)</contenuImg>
            <fonction source="final">repro/dessin</fonction>
            <fonction source="md">repro/dessin</fonction>
            <genre source="hm" time="2020-12-01T18:38:04.221+01:00">publicité</genre>
            <genre source="final">publicité</genre>
            <tech source="hm" time="2020-12-03T15:47:44.739+01:00">imp photoméca</tech>
            <tech source="final">imp photoméca</tech>
          </ill>
        </ills>
      </page>
      <page hauteurPx="5226" largeurPx="3879" ordre="65">
        <nbMot>174</nbMot>
        <blocTexte>19</blocTexte>
        <blocTab>0</blocTab>
        <blocPub>7</blocPub>
        <blocIll ocr="1">2</blocIll>
        <ills>
          <ill classif="CCibm" couleur="gris" edit="1" h="304" n="65-1" pub="1" taille="0" w="353" x="2631" y="2768">
            <contenuImg CS="0.867" lang="fr" source="ibm">timbre papier</contenuImg>
            <contenuImg CS="0.867" lang="fr" source="ibm">document écrit</contenuImg>
            <contenuImg CS="0.752" lang="fr" source="ibm">passe-partout (cadre)</contenuImg>
            <contenuImg CS="0.752" lang="fr" source="ibm">cadre</contenuImg>
            <contenuImg CS="0.752" lang="fr" source="ibm">structure porteuse</contenuImg>
            <contenuImg CS="0.785" lang="fr" source="ibm">tissu</contenuImg>
            <contenuImg CS="0.901" coul="1" lang="fr" source="ibm">vert olive</contenuImg>
            <contenuImg CS="0.901" coul="1" lang="en" source="ibm">olive green color</contenuImg>
            <contenuImg CS="0.785" lang="en" source="ibm">fabric</contenuImg>
            <contenuImg CS="0.752" lang="en" source="ibm">supporting structure</contenuImg>
            <contenuImg CS="0.752" lang="en" source="ibm">framework</contenuImg>
            <contenuImg CS="0.752" lang="en" source="ibm">passe-partout (frame)</contenuImg>
            <contenuImg CS="0.867" lang="en" source="ibm">written document</contenuImg>
            <contenuImg CS="0.867" lang="en" source="ibm">paper-based stamps/currency</contenuImg>
            <fonction source="final">repro/dessin</fonction>
            <fonction CS="0.86" source="TensorFlow">repro/dessin</fonction>
            <tech CS="1" source="md">imp photoméca</tech>
            <leg>Sous les auspices de l AMERICAN EXPRESS COMPANY des excursions, accompagnées ou non, sont offertes pour la saison d hiver aux touristes pour</leg>
            <txt>1 TRUNKS and of HANOBAGS</txt>
            <genre source="hm" time="2020-11-04T18:37:31.36+01:00">publicité</genre>
            <genre source="final">publicité</genre>
            <tech source="hm" time="2020-12-03T15:47:44.739+01:00">imp photoméca</tech>
            <tech source="final">imp photoméca</tech>
          </ill>
          <ill classif="CCibm CCyolo" couleur="gris" edit="1" h="2010" n="65-2" pub="1" seg="1" source="hm" time="2020-12-01T18:40:09.941+01:00" w="2763" x="393" y="399">
            <txt source="google">"Un Caded - éléga - LE PEIGNE - NOIR - orné d'un camée véritable - ",</txt>
            <contenuImg CS="0.677" lang="fr" source="ibm">stylo et encre</contenuImg>
            <contenuImg CS="0.672" lang="fr" source="ibm">musée (intérieur)</contenuImg>
            <contenuImg CS="0.5" lang="fr" source="ibm">galerie d'art</contenuImg>
            <contenuImg CS="0.5" lang="fr" source="ibm">pièce</contenuImg>
            <contenuImg CS="0.591" lang="fr" source="ibm">bâtiment</contenuImg>
            <contenuImg CS="0.599" lang="fr" source="ibm">presse écrite</contenuImg>
            <contenuImg CS="0.697" coul="1" lang="fr" source="ibm">vert olive</contenuImg>
            <contenuImg CS="0.694" coul="1" lang="fr" source="ibm">noir</contenuImg>
            <contenuImg CS="0.26" h="1486" lang="fr" source="yolo" w="1910" x="600" y="536">vase</contenuImg>
            <contenuImg CS="0.26" h="1486" lang="en" source="yolo" w="1910" x="600" y="536">vase</contenuImg>
            <contenuImg CS="0.694" coul="1" lang="en" source="ibm">black color</contenuImg>
            <contenuImg CS="0.697" coul="1" lang="en" source="ibm">olive green color</contenuImg>
            <contenuImg CS="0.599" lang="en" source="ibm">print media</contenuImg>
            <contenuImg CS="0.591" lang="en" source="ibm">building</contenuImg>
            <contenuImg CS="0.5" lang="en" source="ibm">room</contenuImg>
            <contenuImg CS="0.5" lang="en" source="ibm">art gallery</contenuImg>
            <contenuImg CS="0.672" lang="en" source="ibm">Museum (Indoor)</contenuImg>
            <contenuImg CS="0.677" lang="en" source="ibm">pen-and-ink</contenuImg>
            <fonction source="final">repro/dessin</fonction>
            <fonction source="md">repro/dessin</fonction>
            <genre source="hm" time="2020-12-01T18:40:34.552+01:00">publicité</genre>
            <genre source="final">publicité</genre>
            <tech source="hm" time="2020-12-03T15:47:44.739+01:00">imp photoméca</tech>
            <tech source="final">imp photoméca</tech>
          </ill>
        </ills>
      </page>
      <page hauteurPx="5277" largeurPx="3898" ordre="66">
        <nbMot>334</nbMot>
        <blocTexte>36</blocTexte>
        <blocTab>0</blocTab>
        <blocPub>24</blocPub>
        <blocIll ocr="1">3</blocIll>
        <ills>
          <ill classif="CCyolo CCibm" couleur="gris" edit="1" h="314" n="66-1" pub="1" taille="0" w="308" x="2988" y="3066">
            <contenuImg CS="0.599" lang="fr" source="ibm">personne</contenuImg>
            <contenuImg CS="0.634" lang="fr" source="ibm">musée (intérieur)</contenuImg>
            <contenuImg CS="0.604" lang="fr" source="ibm">passe-partout (cadre)</contenuImg>
            <contenuImg CS="0.604" lang="fr" source="ibm">cadre</contenuImg>
            <contenuImg CS="0.604" lang="fr" source="ibm">structure porteuse</contenuImg>
            <contenuImg CS="0.5" lang="fr" source="ibm">microphone</contenuImg>
            <contenuImg CS="0.5" lang="fr" source="ibm">appareil électrique</contenuImg>
            <contenuImg CS="0.598" lang="fr" source="ibm">sport</contenuImg>
            <contenuImg CS="0.863" coul="1" lang="fr" source="ibm">gris</contenuImg>
            <contenuImg CS="0.517" coul="1" lang="fr" source="ibm">gris cendré</contenuImg>
            <contenuImg CS="0.517" coul="1" lang="en" source="ibm">ash grey color</contenuImg>
            <contenuImg CS="0.863" coul="1" lang="en" source="ibm">gray color</contenuImg>
            <contenuImg CS="0.598" lang="en" source="ibm">sport</contenuImg>
            <contenuImg CS="0.5" lang="en" source="ibm">electrical device</contenuImg>
            <contenuImg CS="0.5" lang="en" source="ibm">microphone</contenuImg>
            <contenuImg CS="0.604" lang="en" source="ibm">supporting structure</contenuImg>
            <contenuImg CS="0.604" lang="en" source="ibm">framework</contenuImg>
            <contenuImg CS="0.604" lang="en" source="ibm">passe-partout (frame)</contenuImg>
            <contenuImg CS="0.634" lang="en" source="ibm">Museum (Indoor)</contenuImg>
            <contenuImg CS="0.599" lang="en" source="ibm">person</contenuImg>
            <contenuImg CS="0.29" h="173" lang="fr" source="yolo" w="270" x="16" y="46">avion</contenuImg>
            <contenuImg CS="0.27" h="113" lang="fr" source="yolo" w="76" x="156" y="103">sac à dos</contenuImg>
            <contenuImg CS="0.27" h="113" lang="en" source="yolo" w="76" x="156" y="103">backpack</contenuImg>
            <contenuImg CS="0.29" h="173" lang="en" source="yolo" w="270" x="16" y="46">aeroplane</contenuImg>
            <fonction source="final">repro/dessin</fonction>
            <fonction CS="0.80" source="TensorFlow">repro/dessin</fonction>
            <tech CS="1" source="md">imp photoméca</tech>
            <leg>Conservez VOGUE car chaque Numéro est épuisé dès son apparition et il est impossible de se les procurer actuellement</leg>
            <txt>Si une lectrice de VOGUE nous fait connaître l usage fait par quelqu un de quoi que ce soit pris dans Vogue, nous saurons reconnaître sa coopération à notre effort pour protéger notre copyright. A nos lectrices</txt>
            <genre source="hm" time="2020-11-04T18:36:45.775+01:00">publicité</genre>
            <genre source="final">publicité</genre>
            <tech source="hm" time="2020-12-03T15:47:44.739+01:00">imp photoméca</tech>
            <tech source="final">imp photoméca</tech>
          </ill>
          <ill classif="CCibm" couleur="gris" edit="1" h="1468" n="66-2" pub="1" seg="1" source="hm" time="2020-12-01T18:40:44.863+01:00" w="1071" x="1344" y="382">
            <txt source="google">"22 - UNE SURPR - ",</txt>
            <contenuImg CS="0.599" lang="fr" source="ibm">personne</contenuImg>
            <contenuImg CS="0.65" lang="fr" source="ibm">pochette de disque</contenuImg>
            <contenuImg CS="0.65" lang="fr" source="ibm">manche</contenuImg>
            <contenuImg CS="0.517" lang="fr" source="ibm">encéphalogramme (rayons x)</contenuImg>
            <contenuImg CS="0.518" lang="fr" source="ibm">radiogramme</contenuImg>
            <contenuImg CS="0.5" lang="fr" source="ibm">flan (monnaie)</contenuImg>
            <contenuImg CS="0.501" lang="fr" source="ibm">cercle</contenuImg>
            <contenuImg CS="0.6" lang="fr" source="ibm">disque</contenuImg>
            <contenuImg CS="0.597" lang="fr" source="ibm">enregistrement</contenuImg>
            <contenuImg CS="0.924" coul="1" lang="fr" source="ibm">noir</contenuImg>
            <contenuImg CS="0.586" coul="1" lang="fr" source="ibm">albâtre</contenuImg>
            <contenuImg CS="0.586" coul="1" lang="en" source="ibm">alabaster color</contenuImg>
            <contenuImg CS="0.924" coul="1" lang="en" source="ibm">black color</contenuImg>
            <contenuImg CS="0.597" lang="en" source="ibm">recording</contenuImg>
            <contenuImg CS="0.6" lang="en" source="ibm">disk</contenuImg>
            <contenuImg CS="0.501" lang="en" source="ibm">circle</contenuImg>
            <contenuImg CS="0.5" lang="en" source="ibm">planchet</contenuImg>
            <contenuImg CS="0.518" lang="en" source="ibm">radiogram</contenuImg>
            <contenuImg CS="0.517" lang="en" source="ibm">encephalogrami (x ray)</contenuImg>
            <contenuImg CS="0.65" lang="en" source="ibm">sleeve</contenuImg>
            <contenuImg CS="0.65" lang="en" source="ibm">record sleeve</contenuImg>
            <contenuImg CS="0.599" lang="en" source="ibm">person</contenuImg>
            <fonction source="final">repro/dessin</fonction>
            <fonction source="md">repro/dessin</fonction>
            <genre source="hm" time="2020-12-01T18:41:09.499+01:00">publicité</genre>
            <genre source="final">publicité</genre>
            <tech source="hm" time="2020-12-03T15:47:44.739+01:00">imp photoméca</tech>
            <tech source="final">imp photoméca</tech>
          </ill>
          <ill classif="CCibm CCyolo" couleur="gris" edit="1" h="1443" n="66-3" pub="1" seg="1" source="hm" time="2020-12-01T18:41:11.378+01:00" w="1372" x="1241" y="3358">
            <txt source="google">"SIROD - SIROP - DE DENTTON - bu D.DELABARRE - S'emploie en - douces frictions - sur les gencives. - DES NORINSEPARIS - Employe en frictions - sur les gencives it hu. - Pite la sortie des dents - chez les enfants - DEPÔT GENERAL - 18. Faup!S! - DENTSPARIS - ÉTABLISSEMENTS FUMOUZE - 78, Faubourg Saint-Denis, PARIS - ",</txt>
            <contenuImg CS="0.797" lang="fr" source="ibm">personne</contenuImg>
            <contenuImg CS="0.858" lang="fr" source="ibm">journal</contenuImg>
            <contenuImg CS="0.858" lang="fr" source="ibm">média</contenuImg>
            <contenuImg CS="0.5" lang="fr" source="ibm">journal de classe</contenuImg>
            <contenuImg CS="0.801" lang="fr" source="ibm">presse écrite</contenuImg>
            <contenuImg CS="0.794" lang="fr" source="ibm">boisson</contenuImg>
            <contenuImg CS="0.795" coul="1" lang="fr" source="ibm">olive</contenuImg>
            <contenuImg CS="0.729" coul="1" lang="fr" source="ibm">gris</contenuImg>
            <contenuImg x="1" CS="0.74" h="1380" lang="fr" source="yolo" w="1356" y="56">personne</contenuImg>
            <contenuImg x="1" CS="0.74" h="1380" lang="en" source="yolo" w="1356" y="56">person</contenuImg>
            <contenuImg CS="0.729" coul="1" lang="en" source="ibm">gray color</contenuImg>
            <contenuImg CS="0.795" coul="1" lang="en" source="ibm">olive color</contenuImg>
            <contenuImg CS="0.794" lang="en" source="ibm">beverage</contenuImg>
            <contenuImg CS="0.801" lang="en" source="ibm">print media</contenuImg>
            <contenuImg CS="0.5" lang="en" source="ibm">school newspaper</contenuImg>
            <contenuImg CS="0.858" lang="en" source="ibm">medium</contenuImg>
            <contenuImg CS="0.858" lang="en" source="ibm">newspaper</contenuImg>
            <contenuImg CS="0.797" lang="en" source="ibm">person</contenuImg>
            <fonction source="final">repro/dessin</fonction>
            <fonction source="md">repro/dessin</fonction>
            <genre source="hm" time="2020-12-01T18:41:33.294+01:00">publicité</genre>
            <genre source="final">publicité</genre>
            <tech source="hm" time="2020-12-03T15:47:44.739+01:00">imp photoméca</tech>
            <tech source="final">imp photoméca</tech>
          </ill>
        </ills>
      </page>
      <page hauteurPx="5220" largeurPx="3861" ordre="67">
        <nbMot>262</nbMot>
        <blocTexte>31</blocTexte>
        <blocTab>0</blocTab>
        <blocPub>30</blocPub>
        <blocIll ocr="1">3</blocIll>
        <ills>
          <ill classif="CCibm" couleur="gris" edit="1" h="1947" n="67-1" pub="1" taille="1" w="1630" x="1183" y="717">
            <contenuImg CS="0.575" lang="fr" source="ibm">escalier</contenuImg>
            <contenuImg CS="0.558" lang="fr" source="ibm">scanner tomographique informatisé</contenuImg>
            <contenuImg CS="0.558" lang="fr" source="ibm">machine à rayons X</contenuImg>
            <contenuImg CS="0.558" lang="fr" source="ibm">appareil</contenuImg>
            <contenuImg CS="0.5" lang="fr" source="ibm">musée (intérieur)</contenuImg>
            <contenuImg CS="0.601" lang="fr" source="ibm">équipement</contenuImg>
            <contenuImg CS="0.599" lang="fr" source="ibm">coiffure</contenuImg>
            <contenuImg CS="0.945" coul="1" lang="fr" source="ibm">gris</contenuImg>
            <contenuImg CS="0.945" coul="1" lang="en" source="ibm">gray color</contenuImg>
            <contenuImg CS="0.599" lang="en" source="ibm">headdress</contenuImg>
            <contenuImg CS="0.601" lang="en" source="ibm">equipment</contenuImg>
            <contenuImg CS="0.5" lang="en" source="ibm">Museum (Indoor)</contenuImg>
            <contenuImg CS="0.558" lang="en" source="ibm">apparatus</contenuImg>
            <contenuImg CS="0.558" lang="en" source="ibm">X-ray machine</contenuImg>
            <contenuImg CS="0.558" lang="en" source="ibm">computerized axial tomography scanner</contenuImg>
            <contenuImg CS="0.575" lang="en" source="ibm">Staircase</contenuImg>
            <fonction source="final">repro/photo</fonction>
            <fonction CS="0.67" source="TensorFlow">repro/photo</fonction>
            <tech CS="1" source="md">imp photoméca</tech>
            <leg>Poudre Teindelys, blanche, chair, rose naturel, rose pour brune, rachel clair, rachel foncé, ocre 5 fr. 50 ; fco 6 fr.,, I</leg>
            <txt>Le flacon d art, franco ••• 50 fr. FAISONS UN RÊVE:</txt>
            <genre source="hm" time="2020-11-04T18:36:17.347+01:00">publicité</genre>
            <genre source="final">publicité</genre>
            <tech source="hm" time="2020-12-03T15:47:44.739+01:00">imp photoméca</tech>
            <tech source="final">imp photoméca</tech>
          </ill>
          <ill classif="CCibm CCyolo" couleur="gris" edit="1" h="1022" n="67-2" pub="1" seg="1" source="hm" time="2020-12-01T18:41:42.355+01:00" w="1009" x="538" y="3517">
            <txt source="google">"Trindely - ",</txt>
            <contenuImg CS="0.867" lang="fr" source="ibm">salle d'étude</contenuImg>
            <contenuImg CS="0.831" lang="fr" source="ibm">stylo et encre</contenuImg>
            <contenuImg CS="0.864" coul="1" lang="fr" source="ibm">noir</contenuImg>
            <contenuImg CS="0.576" coul="1" lang="fr" source="ibm">gris</contenuImg>
            <contenuImg CS="0.48" h="116" lang="fr" source="yolo" w="46" x="816" y="470">bouteille</contenuImg>
            <contenuImg CS="0.48" h="116" lang="en" source="yolo" w="46" x="816" y="470">bottle</contenuImg>
            <contenuImg CS="0.576" coul="1" lang="en" source="ibm">gray color</contenuImg>
            <contenuImg CS="0.864" coul="1" lang="en" source="ibm">black color</contenuImg>
            <contenuImg CS="0.831" lang="en" source="ibm">pen-and-ink</contenuImg>
            <contenuImg CS="0.867" lang="en" source="ibm">study</contenuImg>
            <fonction source="final">repro/dessin</fonction>
            <fonction source="md">repro/dessin</fonction>
            <genre source="hm" time="2020-12-01T18:42:01.813+01:00">publicité</genre>
            <genre source="final">publicité</genre>
            <tech source="hm" time="2020-12-03T15:47:44.739+01:00">imp photoméca</tech>
            <tech source="final">imp photoméca</tech>
          </ill>
          <ill classif="CCibm" couleur="gris" edit="1" h="920" n="67-3" pub="1" seg="1" source="hm" time="2020-12-01T18:42:03.788+01:00" w="1168" x="2335" y="3523">
            <txt source="google">"Cient la poudre - assure une carna- - tion exquise - wer - ",</txt>
            <contenuImg CS="0.592" lang="fr" source="ibm">pointe d'argent</contenuImg>
            <contenuImg CS="0.512" lang="fr" source="ibm">défibrillateur</contenuImg>
            <contenuImg CS="0.512" lang="fr" source="ibm">appareil électronique</contenuImg>
            <contenuImg CS="0.505" lang="fr" source="ibm">autoradiographie</contenuImg>
            <contenuImg CS="0.511" lang="fr" source="ibm">radiogramme</contenuImg>
            <contenuImg CS="0.5" lang="fr" source="ibm">microspore (plante)</contenuImg>
            <contenuImg CS="0.5" lang="fr" source="ibm">plante</contenuImg>
            <contenuImg CS="0.59" lang="fr" source="ibm">cellule</contenuImg>
            <contenuImg CS="0.599" lang="fr" source="ibm">forme amorphe</contenuImg>
            <contenuImg CS="0.589" lang="fr" source="ibm">micro-organisme</contenuImg>
            <contenuImg CS="0.991" coul="1" lang="fr" source="ibm">gris cendré</contenuImg>
            <contenuImg CS="0.991" coul="1" lang="en" source="ibm">ash grey color</contenuImg>
            <contenuImg CS="0.589" lang="en" source="ibm">microorganism</contenuImg>
            <contenuImg CS="0.599" lang="en" source="ibm">amorphous shape</contenuImg>
            <contenuImg CS="0.59" lang="en" source="ibm">cell</contenuImg>
            <contenuImg CS="0.5" lang="en" source="ibm">plant</contenuImg>
            <contenuImg CS="0.5" lang="en" source="ibm">microspore (plant spores)</contenuImg>
            <contenuImg CS="0.511" lang="en" source="ibm">radiogram</contenuImg>
            <contenuImg CS="0.505" lang="en" source="ibm">autoradiograph</contenuImg>
            <contenuImg CS="0.512" lang="en" source="ibm">electronic device</contenuImg>
            <contenuImg CS="0.512" lang="en" source="ibm">defibrillator</contenuImg>
            <contenuImg CS="0.592" lang="en" source="ibm">silverpoint</contenuImg>
            <fonction source="final">repro/dessin</fonction>
            <fonction source="md">repro/dessin</fonction>
            <genre source="hm" time="2020-12-01T18:42:31.158+01:00">publicité</genre>
            <genre source="final">publicité</genre>
            <tech source="hm" time="2020-12-03T15:47:44.739+01:00">imp photoméca</tech>
            <tech source="final">imp photoméca</tech>
          </ill>
        </ills>
      </page>
      <page hauteurPx="5286" largeurPx="3895" ordre="68">
        <nbMot>77</nbMot>
        <blocTexte>8</blocTexte>
        <blocTab>0</blocTab>
        <blocPub>5</blocPub>
        <blocIll ocr="1">1</blocIll>
        <ills>
          <ill classif="CCyolo CCibm" couleur="gris" edit="1" h="3922" n="68-1" pub="1" taille="5" w="2886" x="445" y="714">
            <contenuImg CS="0.796" lang="fr" source="ibm">personne</contenuImg>
            <contenuImg CS="0.61" lang="fr" source="ibm">chaîne de montagnes</contenuImg>
            <contenuImg CS="0.823" lang="fr" source="ibm">nature</contenuImg>
            <contenuImg CS="0.558" lang="fr" source="ibm">glacier</contenuImg>
            <contenuImg CS="0.691" lang="fr" source="ibm">masse de glace</contenuImg>
            <contenuImg CS="0.5" lang="fr" source="ibm">banquise</contenuImg>
            <contenuImg CS="0.848" coul="1" lang="fr" source="ibm">noir</contenuImg>
            <contenuImg CS="0.694" coul="1" lang="fr" source="ibm">émeraude (couleur)</contenuImg>
            <contenuImg CS="0.694" coul="1" lang="en" source="ibm">emerald color</contenuImg>
            <contenuImg CS="0.848" coul="1" lang="en" source="ibm">black color</contenuImg>
            <contenuImg CS="0.5" lang="en" source="ibm">ice floe</contenuImg>
            <contenuImg CS="0.691" lang="en" source="ibm">ice mass</contenuImg>
            <contenuImg CS="0.558" lang="en" source="ibm">glacier</contenuImg>
            <contenuImg CS="0.823" lang="en" source="ibm">nature</contenuImg>
            <contenuImg CS="0.61" lang="en" source="ibm">mountain range</contenuImg>
            <contenuImg CS="0.796" lang="en" source="ibm">person</contenuImg>
            <contenuImg CS="0.98" h="3400" lang="fr" source="yolo" w="993" x="816" y="290">personne</contenuImg>
            <contenuImg CS="0.98" h="3400" lang="en" source="yolo" w="993" x="816" y="290">person</contenuImg>
            <fonction source="final">repro/photo</fonction>
            <fonction CS="0.98" source="TensorFlow">repro/photo</fonction>
            <tech CS="1" source="md">imp photoméca</tech>
            <leg>T T 1? In* Applications tous les jours dans les salons de la maison</leg>
            <txt>LA CHALEUR ET A TOUS LES ÉLÉMENTS L ONDULATION PERMANENTE EUGENE RÉSISTE A L EAU A</txt>
            <genre source="hm" time="2020-11-04T18:36:26.831+01:00">publicité</genre>
            <genre source="final">publicité</genre>
            <tech source="hm" time="2020-12-03T15:47:44.739+01:00">imp photoméca</tech>
            <tech source="final">imp photoméca</tech>
          </ill>
        </ills>
      </page>
      <page hauteurPx="5220" largeurPx="3861" ordre="69">
        <nbMot>397</nbMot>
        <blocTexte>32</blocTexte>
        <blocTab>0</blocTab>
        <blocPub>31</blocPub>
        <ills>
          <ill classif="CCibm CCyolo" couleur="gris" edit="1" h="3094" n="69-1" pub="1" seg="1" source="hm" time="2020-12-01T18:42:38.148+01:00" w="2380" x="669" y="849">
            <txt source="google">"ANEMIES. CROISSANCE.CONVALESCENCE - La cured - SURMENAGE.FAIBLESSE - NEURASTHENIE SCROFULE TUBERCULOSE - Un mois de maladie abrège - Jotre vie d'une année. Le - SLOBÉOL permet d'eviter les - naladies en augmentant la - force de résistance de - l'organisme. - augmente - veuse et - rajeunis - energie, - et le - GLOBÉOS - Tonique - du Coeur aurusak - el du Ners - FORT - GXTRAIT TOTAL - DU SERUM FOR - GLOBULE - FERS - . - puisement nerveux - Convalescence - Neurasthénie - Pales couleurs - Surmenage - \"ANT - Comm - l'Académie - du 7. - minéralise - s tissus. - Ourrit le - cle et le - merf. - Établissemen - r. de Valen - toutes pharm - flacon, fco, 4 - 7 fr. ; les tr - Ebbed - ",</txt>
            <contenuImg CS="0.698" lang="fr" source="ibm">musée (intérieur)</contenuImg>
            <contenuImg CS="0.685" lang="fr" source="ibm">cimetière</contenuImg>
            <contenuImg CS="0.5" lang="fr" source="ibm">salle d'étude</contenuImg>
            <contenuImg CS="0.599" lang="fr" source="ibm">presse écrite</contenuImg>
            <contenuImg CS="0.595" lang="fr" source="ibm">pièce</contenuImg>
            <contenuImg CS="0.8" coul="1" lang="fr" source="ibm">albâtre</contenuImg>
            <contenuImg CS="0.766" coul="1" lang="fr" source="ibm">gris cendré</contenuImg>
            <contenuImg CS="0.62" h="2826" lang="fr" source="yolo" w="2320" x="0" y="303">personne</contenuImg>
            <contenuImg CS="0.62" h="2826" lang="en" source="yolo" w="2320" x="0" y="303">person</contenuImg>
            <contenuImg CS="0.766" coul="1" lang="en" source="ibm">ash grey color</contenuImg>
            <contenuImg CS="0.8" coul="1" lang="en" source="ibm">alabaster color</contenuImg>
            <contenuImg CS="0.595" lang="en" source="ibm">room</contenuImg>
            <contenuImg CS="0.599" lang="en" source="ibm">print media</contenuImg>
            <contenuImg CS="0.5" lang="en" source="ibm">study</contenuImg>
            <contenuImg CS="0.685" lang="en" source="ibm">cemetery</contenuImg>
            <contenuImg CS="0.698" lang="en" source="ibm">Museum (Indoor)</contenuImg>
            <fonction source="final">repro/dessin</fonction>
            <fonction source="md">repro/dessin</fonction>
            <genre source="hm" time="2020-12-01T18:43:05.756+01:00">publicité</genre>
            <genre source="final">publicité</genre>
            <tech source="hm" time="2020-12-03T15:47:44.739+01:00">imp photoméca</tech>
            <tech source="final">imp photoméca</tech>
          </ill>
        </ills>
        <blocIll ocr="0">1</blocIll>
      </page>
      <page hauteurPx="5256" largeurPx="3913" ordre="70">
        <nbMot>238</nbMot>
        <blocTexte>23</blocTexte>
        <blocTab>0</blocTab>
        <blocPub>22</blocPub>
        <ills>
          <ill classif="CCibm CCyolo" couleur="coul" edit="1" h="3970" n="70-1" pub="1" seg="1" source="hm" time="2020-12-01T18:43:10.118+01:00" w="2523" x="697" y="671">
            <txt source="google">"D'Orsay Paris - Heur de France - FLEUR DEERANCE - DORSAY - Dernieres Créations - Camelias d'Orsay - Chypre d'Orsay - Ambre - ",</txt>
            <contenuImg CS="0.801" lang="fr" source="ibm">couverture de livre</contenuImg>
            <contenuImg CS="0.801" lang="fr" source="ibm">emballage</contenuImg>
            <contenuImg CS="0.552" lang="fr" source="ibm">musée (intérieur)</contenuImg>
            <contenuImg CS="0.5" lang="fr" source="ibm">tapisserie</contenuImg>
            <contenuImg CS="0.501" lang="fr" source="ibm">tissu</contenuImg>
            <contenuImg CS="0.795" lang="fr" source="ibm">presse écrite</contenuImg>
            <contenuImg CS="0.992" coul="1" lang="fr" source="ibm">albâtre</contenuImg>
            <contenuImg CS="0.35" h="2076" lang="fr" source="yolo" w="780" x="103" y="656">personne</contenuImg>
            <contenuImg CS="0.35" h="2076" lang="en" source="yolo" w="780" x="103" y="656">person</contenuImg>
            <contenuImg CS="0.39" h="950" lang="en" source="yolo" w="623" x="1480" y="846">person</contenuImg>
            <contenuImg CS="0.45" h="1956" lang="en" source="yolo" w="853" x="786" y="783">person</contenuImg>
            <contenuImg b="69" coul="1" g="92" r="126" source="colorific" type="bkg">#7e5c45</contenuImg>
            <contenuImg b="93" coul="1" g="110" ordre="3" r="117" source="colorific" type="frg">#756e5d</contenuImg>
            <contenuImg b="136" coul="1" g="161" ordre="2" r="184" source="colorific" type="frg">#b8a188</contenuImg>
            <contenuImg b="142" coul="1" g="174" ordre="1" r="177" source="colorific" type="frg">#b1ae8e</contenuImg>
            <contenuImg CS="0.992" coul="1" lang="en" source="ibm">alabaster color</contenuImg>
            <contenuImg CS="0.795" lang="en" source="ibm">print media</contenuImg>
            <contenuImg CS="0.501" lang="en" source="ibm">fabric</contenuImg>
            <contenuImg CS="0.5" lang="en" source="ibm">tapestry</contenuImg>
            <contenuImg CS="0.552" lang="en" source="ibm">Museum (Indoor)</contenuImg>
            <contenuImg CS="0.801" lang="en" source="ibm">wrapping</contenuImg>
            <contenuImg CS="0.801" lang="en" source="ibm">book jacket</contenuImg>
            <fonction source="final">repro/dessin</fonction>
            <fonction source="md">repro/dessin</fonction>
            <genre source="hm" time="2020-12-01T18:43:39.376+01:00">publicité</genre>
            <genre source="final">publicité</genre>
            <tech source="hm" time="2020-12-03T15:47:44.739+01:00">imp photoméca</tech>
            <tech source="final">imp photoméca</tech>
          </ill>
        </ills>
        <blocIll ocr="0">1</blocIll>
      </page>
      <page hauteurPx="5223" largeurPx="3864" ordre="71">
        <nbMot>19</nbMot>
        <blocTexte>1</blocTexte>
        <blocTab>0</blocTab>
        <blocPub>1</blocPub>
        <ills>
          <ill classif="CCibm CCyolo" couleur="coul" edit="1" h="4532" n="71-1" pub="1" seg="1" source="hm" time="2020-12-01T18:43:44.812+01:00" w="3315" x="296" y="315">
            <txt source="google">"LA BOHEME D'ARLY - PARFUM ENIVRANT - 15 RUE - ROYALE - PARIS - ARLY - VIVAUDOU - DELETTREZ - LONDRES - NEW-YORK - ",</txt>
            <contenuImg CS="0.774" lang="fr" source="ibm">personne</contenuImg>
            <contenuImg CS="0.9" lang="fr" source="ibm">magazine populaire</contenuImg>
            <contenuImg CS="0.901" lang="fr" source="ibm">magazine</contenuImg>
            <contenuImg CS="0.854" lang="fr" source="ibm">couverture de livre</contenuImg>
            <contenuImg CS="0.854" lang="fr" source="ibm">emballage</contenuImg>
            <contenuImg CS="0.801" lang="fr" source="ibm">presse écrite</contenuImg>
            <contenuImg CS="0.733" coul="1" lang="fr" source="ibm">verdâtre</contenuImg>
            <contenuImg CS="0.703" coul="1" lang="fr" source="ibm">vert de jade</contenuImg>
            <contenuImg CS="0.95" h="3483" lang="fr" source="yolo" w="1416" x="883" y="800">personne</contenuImg>
            <contenuImg CS="0.95" h="3483" lang="en" source="yolo" w="1416" x="883" y="800">person</contenuImg>
            <contenuImg b="87" coul="1" g="73" r="74" source="colorific" type="bkg">#4a4957</contenuImg>
            <contenuImg b="141" coul="1" g="148" ordre="9" r="149" source="colorific" type="frg">#95948d</contenuImg>
            <contenuImg b="196" coul="1" g="219" ordre="8" r="230" source="colorific" type="frg">#e6dbc4</contenuImg>
            <contenuImg b="72" coul="1" g="59" ordre="7" r="84" source="colorific" type="frg">#543b48</contenuImg>
            <contenuImg b="255" coul="1" g="255" ordre="6" r="255" source="colorific" type="frg">#ffffff</contenuImg>
            <contenuImg b="86" coul="1" g="175" ordre="5" r="214" source="colorific" type="frg">#d6af56</contenuImg>
            <contenuImg b="109" coul="1" g="157" ordre="4" r="179" source="colorific" type="frg">#b39d6d</contenuImg>
            <contenuImg b="162" coul="1" g="153" ordre="3" r="150" source="colorific" type="frg">#9699a2</contenuImg>
            <contenuImg b="85" coul="1" g="98" ordre="2" r="109" source="colorific" type="frg">#6d6255</contenuImg>
            <contenuImg b="77" coul="1" g="78" ordre="1" r="80" source="colorific" type="frg">#504e4d</contenuImg>
            <contenuImg CS="0.703" coul="1" lang="en" source="ibm">jade green color</contenuImg>
            <contenuImg CS="0.733" coul="1" lang="en" source="ibm">greenishness color</contenuImg>
            <contenuImg CS="0.801" lang="en" source="ibm">print media</contenuImg>
            <contenuImg CS="0.854" lang="en" source="ibm">wrapping</contenuImg>
            <contenuImg CS="0.854" lang="en" source="ibm">book jacket</contenuImg>
            <contenuImg CS="0.901" lang="en" source="ibm">magazine</contenuImg>
            <contenuImg CS="0.9" lang="en" source="ibm">pulp magazine</contenuImg>
            <contenuImg CS="0.774" lang="en" source="ibm">person</contenuImg>
            <fonction source="final">repro/dessin</fonction>
            <fonction source="md">repro/dessin</fonction>
            <genre source="hm" time="2020-12-01T18:44:04.69+01:00">publicité</genre>
            <genre source="final">publicité</genre>
            <tech source="hm" time="2020-12-03T15:47:44.739+01:00">imp photoméca</tech>
            <tech source="final">imp photoméca</tech>
          </ill>
        </ills>
        <blocIll ocr="0">1</blocIll>
      </page>
      <page hauteurPx="5244" largeurPx="3904" ordre="72">
        <nbMot>0</nbMot>
        <blocTexte>0</blocTexte>
        <blocTab>0</blocTab>
        <blocPub>0</blocPub>
        <blocIll ocr="0">0</blocIll>
      </page>
      <page hauteurPx="5220" largeurPx="3954" ordre="73">
        <nbMot>0</nbMot>
        <blocTexte>0</blocTexte>
        <blocTab>0</blocTab>
        <blocPub>0</blocPub>
        <blocIll ocr="0">0</blocIll>
      </page>
      <page hauteurPx="5241" largeurPx="3907" ordre="74">
        <nbMot>0</nbMot>
        <blocTexte>0</blocTexte>
        <blocTab>0</blocTab>
        <blocPub>0</blocPub>
        <blocIll ocr="0">0</blocIll>
      </page>
      <page hauteurPx="5223" largeurPx="3966" ordre="75">
        <nbMot>0</nbMot>
        <blocTexte>0</blocTexte>
        <blocTab>0</blocTab>
        <blocPub>0</blocPub>
        <blocIll ocr="0">0</blocIll>
      </page>
      <page hauteurPx="5244" largeurPx="3913" ordre="76">
        <nbMot>0</nbMot>
        <blocTexte>0</blocTexte>
        <blocTab>0</blocTab>
        <blocPub>0</blocPub>
        <blocIll ocr="0">0</blocIll>
      </page>
      <page hauteurPx="5235" largeurPx="3987" ordre="77">
        <nbMot>0</nbMot>
        <blocTexte>0</blocTexte>
        <blocTab>0</blocTab>
        <blocPub>0</blocPub>
        <blocIll ocr="0">0</blocIll>
      </page>
      <page hauteurPx="5244" largeurPx="3913" ordre="78">
        <nbMot>0</nbMot>
        <blocTexte>0</blocTexte>
        <blocTab>0</blocTab>
        <blocPub>0</blocPub>
        <blocIll ocr="0">0</blocIll>
      </page>
      <page hauteurPx="5442" largeurPx="4168" ordre="79">
        <nbMot>0</nbMot>
        <blocTexte>0</blocTexte>
        <blocTab>0</blocTab>
        <blocPub>0</blocPub>
        <blocIll ocr="0">0</blocIll>
      </page>
      <page hauteurPx="5334" largeurPx="4038" ordre="80">
        <nbMot>0</nbMot>
        <blocTexte>0</blocTexte>
        <blocTab>0</blocTab>
        <blocPub>0</blocPub>
        <blocIll ocr="0">0</blocIll>
      </page>
    </pages>
  </contenus>
</analyseAlto>