<analyseAlto>
  <metad>
    <type>R</type>
    <ID>bpt6k9605084h</ID>
    <notice>cb343833568</notice>
    <titre>Vogue 1920/08/01</titre>
    <dateEdition>1920-08-01</dateEdition>
    <lang>fre</lang>
    <source>BnF</source>
    <nbPage>66</nbPage>
  </metad>
  <contenus>
    <largeur>160</largeur>
    <hauteur>222</hauteur>
    <largeurPx>3780</largeurPx>
    <hauteurPx>5252</hauteurPx>
    <pages>
      <page hauteurPx="5252" largeurPx="3780" ordre="1">
        <nbMot>13</nbMot>
        <blocTexte>3</blocTexte>
        <blocTab>0</blocTab>
        <blocPub>0</blocPub>
        <blocIll ocr="2">1</blocIll>
        <ills/>
      </page>
      <page hauteurPx="5258" largeurPx="3768" ordre="2">
        <nbMot>41</nbMot>
        <blocTexte>12</blocTexte>
        <blocTab>0</blocTab>
        <blocPub>11</blocPub>
        <ills>
          <ill classif="CCibm CCyolo" couleur="coul" edit="1" h="4445" n="2-1" pub="1" seg="1" source="hm" time="2020-11-29T18:13:52.591+01:00" w="3038" x="357" y="401">
            <txt source="google">"OUDRE - Poudre Nildé - en boîte-tamis - Impalpable, adhérente, - délicieusement parfumée. - La boîte-tamis permet d'obtenir - aisément un teint régulier. - Elle économise la poudre et - garantit une propreté absolue. - La petite boîte plate pour le sac 2 f. - La boite moyenne - 3 f. 90 - La grande boîte ... - 6 f. - Toutes les boîtes contiennent une houppe. - En vente toutes parfumeries ou envoi - franco contre mandat. - NILDÉ - 51, rue du Rocher - PARIS - Mich - ",</txt>
            <contenuImg CS="0.804" lang="fr" source="ibm">capeline</contenuImg>
            <contenuImg CS="0.806" lang="fr" source="ibm">chapeau</contenuImg>
            <contenuImg CS="0.806" lang="fr" source="ibm">coiffure</contenuImg>
            <contenuImg CS="0.962" coul="1" lang="fr" source="ibm">albâtre</contenuImg>
            <contenuImg CS="0.692" coul="1" lang="fr" source="ibm">ivoire (couleur)</contenuImg>
            <contenuImg CS="0.97" h="953" lang="fr" source="yolo" w="1103" x="786" y="226">raquette de tennis</contenuImg>
            <contenuImg CS="0.88" h="3163" lang="fr" source="yolo" w="1386" x="840" y="676">personne</contenuImg>
            <contenuImg CS="0.82" h="1750" lang="fr" source="yolo" w="576" x="313" y="2023">parapluie</contenuImg>
            <contenuImg CS="0.29" h="503" lang="fr" source="yolo" w="593" x="2126" y="3316">chien</contenuImg>
            <contenuImg CS="0.29" h="503" lang="en" source="yolo" w="593" x="2126" y="3316">dog</contenuImg>
            <contenuImg CS="0.82" h="1750" lang="en" source="yolo" w="576" x="313" y="2023">umbrella</contenuImg>
            <contenuImg CS="0.88" h="3163" lang="en" source="yolo" w="1386" x="840" y="676">person</contenuImg>
            <contenuImg CS="0.97" h="953" lang="en" source="yolo" w="1103" x="786" y="226">tennis racket</contenuImg>
            <contenuImg b="141" coul="1" g="143" r="169" source="colorific" type="bkg">#a98f8d</contenuImg>
            <contenuImg b="61" coul="1" g="64" ordre="6" r="84" source="colorific" type="frg">#54403d</contenuImg>
            <contenuImg b="86" coul="1" g="86" ordre="5" r="148" source="colorific" type="frg">#945656</contenuImg>
            <contenuImg b="109" coul="1" g="121" ordre="4" r="145" source="colorific" type="frg">#91796d</contenuImg>
            <contenuImg b="177" coul="1" g="191" ordre="3" r="216" source="colorific" type="frg">#d8bfb1</contenuImg>
            <contenuImg b="255" coul="1" g="255" ordre="2" r="255" source="colorific" type="frg">#ffffff</contenuImg>
            <contenuImg b="99" coul="1" g="96" ordre="1" r="118" source="colorific" type="frg">#766063</contenuImg>
            <contenuImg CS="0.692" coul="1" lang="en" source="ibm">ivory color</contenuImg>
            <contenuImg CS="0.962" coul="1" lang="en" source="ibm">alabaster color</contenuImg>
            <contenuImg CS="0.806" lang="en" source="ibm">headdress</contenuImg>
            <contenuImg CS="0.806" lang="en" source="ibm">hat</contenuImg>
            <contenuImg CS="0.804" lang="en" source="ibm">sunbonnet</contenuImg>
            <fonction source="final">repro/dessin</fonction>
            <fonction source="md">repro/dessin</fonction>
            <genre source="hm" time="2020-11-29T18:15:04.315+01:00">publicité</genre>
            <genre source="final">publicité</genre>
            <tech source="hm" time="2020-12-03T15:47:21.128+01:00">imp photoméca</tech>
            <tech source="final">imp photoméca</tech>
          </ill>
        </ills>
        <blocIll ocr="0">1</blocIll>
      </page>
      <page hauteurPx="5243" largeurPx="3753" ordre="3">
        <nbMot>214</nbMot>
        <blocTexte>40</blocTexte>
        <blocTab>0</blocTab>
        <blocPub>0</blocPub>
        <blocIll ocr="1">1</blocIll>
        <ills/>
      </page>
      <page hauteurPx="5255" largeurPx="3768" ordre="4">
        <nbMot>113</nbMot>
        <blocTexte>17</blocTexte>
        <blocTab>0</blocTab>
        <blocPub>0</blocPub>
        <blocIll ocr="1">1</blocIll>
        <ills>
          <ill classif="CCyolo CCibm" couleur="gris" edit="1" h="2721" n="4-1" pub="1" taille="2" w="2037" x="1555" y="853">
            <contenuImg CS="0.792" lang="fr" source="ibm">personne</contenuImg>
            <contenuImg CS="0.832" lang="fr" source="ibm">musée (intérieur)</contenuImg>
            <contenuImg CS="0.5" lang="fr" source="ibm">hippodrome</contenuImg>
            <contenuImg CS="0.781" lang="fr" source="ibm">nature</contenuImg>
            <contenuImg CS="0.907" coul="1" lang="fr" source="ibm">noir</contenuImg>
            <contenuImg CS="0.731" coul="1" lang="fr" source="ibm">gris</contenuImg>
            <contenuImg CS="0.731" coul="1" lang="en" source="ibm">gray color</contenuImg>
            <contenuImg CS="0.907" coul="1" lang="en" source="ibm">black color</contenuImg>
            <contenuImg CS="0.781" lang="en" source="ibm">nature</contenuImg>
            <contenuImg CS="0.5" lang="en" source="ibm">Racecourse</contenuImg>
            <contenuImg CS="0.832" lang="en" source="ibm">Museum (Indoor)</contenuImg>
            <contenuImg CS="0.792" lang="en" source="ibm">person</contenuImg>
            <contenuImg CS="0.65" h="2593" lang="fr" source="yolo" w="1630" x="13" y="120">personne</contenuImg>
            <contenuImg CS="0.65" h="2593" lang="en" source="yolo" w="1630" x="13" y="120">person</contenuImg>
            <fonction source="final">repro/dessin</fonction>
            <fonction CS="0.96" source="TensorFlow">repro/dessin</fonction>
            <tech CS="1" source="md">imp photoméca</tech>
            <leg>NELL GWYNNE  | La nouvelle coiffure anglaise j La Maison Emile Garantit les Résultats J PARIS: 400 Rue Saint-Honoré |</leg>
            <txt>Après un bain, une partie d auto, de tennis ou de golf, sous la rafale, après le foxtrot, votre coiffure sera plus seyante grâce à la résistance des ondulations, et les mèches folles qui, d ordinaire, donnent une allure si négligée à l apparence, une fois ondulées ajouteront tout au contraire au charme et à la légèreté de la coiffure. ondulations absolument indéfrisables.</txt>
            <genre source="hm" time="2020-11-30T09:26:01.53+01:00">publicité</genre>
            <genre source="final">publicité</genre>
            <tech source="hm" time="2020-12-03T15:47:21.128+01:00">imp photoméca</tech>
            <tech source="final">imp photoméca</tech>
          </ill>
        </ills>
      </page>
      <page hauteurPx="5225" largeurPx="3738" ordre="5">
        <nbMot>61</nbMot>
        <blocTexte>22</blocTexte>
        <blocTab>0</blocTab>
        <blocPub>21</blocPub>
        <ills>
          <ill classif="CCibm CCyolo" couleur="gris" edit="1" h="4540" n="5-1" pub="1" seg="1" source="hm" time="2020-11-30T09:26:07.844+01:00" w="3313" x="80" y="361">
            <txt source="google">"Che most exclusive models - obtainable in Paris - 0 - ROBE S - MANTEAUX - FOURRURES - ET - LINGERIE - 0 - 0 - Beer - O - 7 PLACE VENDOME - PARIS - ",</txt>
            <contenuImg CS="0.814" lang="fr" source="ibm">enveloppe</contenuImg>
            <contenuImg CS="0.5" lang="fr" source="ibm">carte</contenuImg>
            <contenuImg CS="0.799" lang="fr" source="ibm">silhouette</contenuImg>
            <contenuImg CS="0.799" lang="fr" source="ibm">sac</contenuImg>
            <contenuImg CS="0.829" coul="1" lang="fr" source="ibm">gris</contenuImg>
            <contenuImg CS="0.645" coul="1" lang="fr" source="ibm">vert de jade</contenuImg>
            <contenuImg CS="0.43" h="3610" lang="fr" source="yolo" w="2923" x="173" y="573">stop (panneau)</contenuImg>
            <contenuImg CS="0.43" h="3610" lang="en" source="yolo" w="2923" x="173" y="573">stop sign</contenuImg>
            <contenuImg CS="0.645" coul="1" lang="en" source="ibm">jade green color</contenuImg>
            <contenuImg CS="0.829" coul="1" lang="en" source="ibm">gray color</contenuImg>
            <contenuImg CS="0.799" lang="en" source="ibm">bag</contenuImg>
            <contenuImg CS="0.799" lang="en" source="ibm">figure</contenuImg>
            <contenuImg CS="0.5" lang="en" source="ibm">map</contenuImg>
            <contenuImg CS="0.814" lang="en" source="ibm">envelope</contenuImg>
            <fonction source="final">repro/dessin</fonction>
            <fonction source="md">repro/dessin</fonction>
            <genre source="hm" time="2020-11-30T09:26:41.785+01:00">publicité</genre>
            <genre source="final">publicité</genre>
            <tech source="hm" time="2020-12-03T15:47:21.128+01:00">imp photoméca</tech>
            <tech source="final">imp photoméca</tech>
          </ill>
        </ills>
        <blocIll ocr="0">1</blocIll>
      </page>
      <page hauteurPx="5267" largeurPx="3771" ordre="6">
        <nbMot>16</nbMot>
        <blocTexte>7</blocTexte>
        <blocTab>0</blocTab>
        <blocPub>6</blocPub>
        <ills>
          <ill classif="CCibm CCyolo" couleur="gris" edit="1" h="2714" n="6-1" pub="1" seg="1" source="hm" time="2020-11-30T09:35:53.746+01:00" w="2463" x="647" y="691">
            <txt source="google">"Claude - ",</txt>
            <contenuImg CS="0.784" lang="fr" source="ibm">personne</contenuImg>
            <contenuImg CS="0.911" lang="fr" source="ibm">portrait photo</contenuImg>
            <contenuImg CS="0.719" lang="fr" source="ibm">pointe d'argent</contenuImg>
            <contenuImg CS="0.973" coul="1" lang="fr" source="ibm">gris cendré</contenuImg>
            <contenuImg y="1" CS="0.47" h="2770" lang="fr" source="yolo" w="2390" x="23">personne</contenuImg>
            <contenuImg y="1" CS="0.47" h="2770" lang="en" source="yolo" w="2390" x="23">person</contenuImg>
            <contenuImg CS="0.973" coul="1" lang="en" source="ibm">ash grey color</contenuImg>
            <contenuImg CS="0.719" lang="en" source="ibm">silverpoint</contenuImg>
            <contenuImg CS="0.911" lang="en" source="ibm">portrait picture</contenuImg>
            <contenuImg CS="0.784" lang="en" source="ibm">person</contenuImg>
            <fonction source="final">repro/dessin</fonction>
            <fonction source="md">repro/dessin</fonction>
            <genre source="hm" time="2020-11-30T09:37:46.123+01:00">publicité</genre>
            <genre source="final">publicité</genre>
            <tech source="hm" time="2020-12-03T15:47:21.128+01:00">imp photoméca</tech>
            <tech source="final">imp photoméca</tech>
          </ill>
        </ills>
        <blocIll ocr="0">1</blocIll>
      </page>
      <page hauteurPx="5270" largeurPx="3747" ordre="7">
        <nbMot>57</nbMot>
        <blocTexte>18</blocTexte>
        <blocTab>0</blocTab>
        <blocPub>17</blocPub>
        <ills>
          <ill classif="CCibm" couleur="gris" edit="1" h="4570" n="7-1" pub="1" seg="1" source="hm" time="2020-11-30T09:37:51.176+01:00" w="3315" x="162" y="399">
            <txt source="google">"dera - on - ses modèles Exclusifs - ROBES - MANTEAUX - FOURRURES - 01 - TICH - 2 rue de la Paix. - no - RI - ",</txt>
            <contenuImg CS="0.92" lang="fr" source="ibm">diagramme de Venn</contenuImg>
            <contenuImg CS="0.5" lang="fr" source="ibm">carte</contenuImg>
            <contenuImg CS="0.96" coul="1" lang="fr" source="ibm">gris</contenuImg>
            <contenuImg CS="0.96" coul="1" lang="en" source="ibm">gray color</contenuImg>
            <contenuImg CS="0.5" lang="en" source="ibm">map</contenuImg>
            <contenuImg CS="0.92" lang="en" source="ibm">Venn diagram</contenuImg>
            <fonction source="final">repro/dessin</fonction>
            <fonction source="md">repro/dessin</fonction>
            <genre source="hm" time="2020-11-30T09:38:15.587+01:00">publicité</genre>
            <genre source="final">publicité</genre>
            <tech source="hm" time="2020-12-03T15:47:21.128+01:00">imp photoméca</tech>
            <tech source="final">imp photoméca</tech>
          </ill>
        </ills>
        <blocIll ocr="0">1</blocIll>
      </page>
      <page hauteurPx="5240" largeurPx="3774" ordre="8">
        <nbMot>250</nbMot>
        <blocTexte>25</blocTexte>
        <blocTab>0</blocTab>
        <blocPub>23</blocPub>
        <blocIll ocr="3">3</blocIll>
        <ills>
          <ill classif="CCibm" couleur="gris" edit="1" h="1323" n="8-1" pub="1" taille="0" w="780" x="444" y="730">
            <contenuImg CS="0.894" lang="fr" source="ibm">salle d'étude</contenuImg>
            <contenuImg CS="0.685" lang="fr" source="ibm">stylo et encre</contenuImg>
            <contenuImg CS="0.619" coul="1" lang="fr" source="ibm">gris</contenuImg>
            <contenuImg CS="0.509" coul="1" lang="fr" source="ibm">ivoire (couleur)</contenuImg>
            <contenuImg CS="0.509" coul="1" lang="en" source="ibm">ivory color</contenuImg>
            <contenuImg CS="0.619" coul="1" lang="en" source="ibm">gray color</contenuImg>
            <contenuImg CS="0.685" lang="en" source="ibm">pen-and-ink</contenuImg>
            <contenuImg CS="0.894" lang="en" source="ibm">study</contenuImg>
            <fonction source="final">repro/dessin</fonction>
            <fonction CS="1.00" source="TensorFlow">repro/dessin</fonction>
            <tech CS="1" source="md">imp photoméca</tech>
            <leg>Le  TRAITEMENT DYVOIRE  absolument différent de tout ce qui a été fait jusqu à ce jour</leg>
            <txt>[texte_manquant] VOGUE vi</txt>
            <genre source="hm" time="2020-11-30T09:38:22.083+01:00">publicité</genre>
            <genre source="final">publicité</genre>
            <tech source="hm" time="2020-12-03T15:47:21.128+01:00">imp photoméca</tech>
            <tech source="final">imp photoméca</tech>
          </ill>
          <ill classif="CCibm" couleur="gris" edit="1" h="2337" n="8-2" pub="1" taille="0" w="799" x="285" y="2662">
            <contenuImg CS="0.702" lang="fr" source="ibm">stylo et encre</contenuImg>
            <contenuImg CS="0.583" lang="fr" source="ibm">linogravure</contenuImg>
            <contenuImg CS="0.519" lang="fr" source="ibm">tableau noir</contenuImg>
            <contenuImg CS="0.5" lang="fr" source="ibm">négatif</contenuImg>
            <contenuImg CS="0.5" lang="fr" source="ibm">film photographique</contenuImg>
            <contenuImg CS="0.5" lang="fr" source="ibm">matériel photographique</contenuImg>
            <contenuImg CS="0.595" lang="fr" source="ibm">presse écrite</contenuImg>
            <contenuImg CS="0.596" lang="fr" source="ibm">radiogramme</contenuImg>
            <contenuImg CS="0.955" coul="1" lang="fr" source="ibm">noir</contenuImg>
            <contenuImg CS="0.955" coul="1" lang="en" source="ibm">black color</contenuImg>
            <contenuImg CS="0.596" lang="en" source="ibm">radiogram</contenuImg>
            <contenuImg CS="0.595" lang="en" source="ibm">print media</contenuImg>
            <contenuImg CS="0.5" lang="en" source="ibm">photographic equipment</contenuImg>
            <contenuImg CS="0.5" lang="en" source="ibm">photographic film</contenuImg>
            <contenuImg CS="0.5" lang="en" source="ibm">negative</contenuImg>
            <contenuImg CS="0.519" lang="en" source="ibm">blackboard</contenuImg>
            <contenuImg CS="0.583" lang="en" source="ibm">linocut design</contenuImg>
            <contenuImg CS="0.702" lang="en" source="ibm">pen-and-ink</contenuImg>
            <fonction source="final">repro/dessin</fonction>
            <fonction CS="0.80" source="TensorFlow">repro/dessin</fonction>
            <tech CS="1" source="md">imp photoméca</tech>
            <leg>QIUÔ pr» ôh0i6Uô6 C^év^lcihon. clt l Opient rai) |Pa pfumeup êyrMen</leg>
            <txt>En vente à Londres dans les pharmacies—HEPPELS, ROBERTS, WILCOX   JOZEAU. I IRien de supérieur ni d  ¡gai vous seront envoyées immédiatement au reçu de 100 frs g au monde contre les rides ou avec votre nom et adresse. V impe¡/eClions G. CLARKS, 16BIS Rue Vivienne, PARIS I</txt>
            <genre source="hm" time="2020-11-30T09:38:25.395+01:00">publicité</genre>
            <genre source="final">publicité</genre>
            <tech source="hm" time="2020-12-03T15:47:21.128+01:00">imp photoméca</tech>
            <tech source="final">imp photoméca</tech>
          </ill>
          <ill classif="CCyolo CCibm" couleur="gris" edit="1" h="643" n="8-3" pub="1" taille="0" w="500" x="3014" y="4220">
            <contenuImg CS="0.793" lang="fr" source="ibm">personne</contenuImg>
            <contenuImg CS="0.835" lang="fr" source="ibm">salle d'étude</contenuImg>
            <contenuImg CS="0.832" lang="fr" source="ibm">stylo et encre</contenuImg>
            <contenuImg CS="0.731" coul="1" lang="fr" source="ibm">sauge</contenuImg>
            <contenuImg CS="0.682" coul="1" lang="fr" source="ibm">gris cendré</contenuImg>
            <contenuImg CS="0.682" coul="1" lang="en" source="ibm">ash grey color</contenuImg>
            <contenuImg CS="0.731" coul="1" lang="en" source="ibm">sage green color</contenuImg>
            <contenuImg CS="0.832" lang="en" source="ibm">pen-and-ink</contenuImg>
            <contenuImg CS="0.835" lang="en" source="ibm">study</contenuImg>
            <contenuImg CS="0.793" lang="en" source="ibm">person</contenuImg>
            <contenuImg CS="0.98" h="313" lang="fr" source="yolo" w="176" x="33" y="230">personne</contenuImg>
            <contenuImg CS="0.75" h="36" lang="fr" source="yolo" w="26" x="96" y="280">cravate</contenuImg>
            <contenuImg CS="0.75" h="36" lang="en" source="yolo" w="26" x="96" y="280">tie</contenuImg>
            <contenuImg CS="0.98" h="313" lang="en" source="yolo" w="176" x="33" y="230">person</contenuImg>
            <fonction source="final">repro/dessin</fonction>
            <fonction CS="0.98" source="TensorFlow">repro/dessin</fonction>
            <tech CS="1" source="md">imp photoméca</tech>
            <txt>BICHARA créateur de la célèbre eau de Louvain ET DAMS TOUTE5 LE.S BONNLS MAISONS</txt>
            <genre source="hm" time="2020-11-30T09:38:29.492+01:00">publicité</genre>
            <genre source="final">publicité</genre>
            <tech source="hm" time="2020-12-03T15:47:21.128+01:00">imp photoméca</tech>
            <tech source="final">imp photoméca</tech>
          </ill>
        </ills>
      </page>
      <page hauteurPx="5240" largeurPx="3723" ordre="9">
        <nbMot>64</nbMot>
        <blocTexte>15</blocTexte>
        <blocTab>0</blocTab>
        <blocPub>14</blocPub>
        <blocIll ocr="1">1</blocIll>
        <ills>
          <ill classif="CCyolo CCibm" couleur="gris" edit="1" h="3526" n="9-1" pub="1" taille="2" w="1579" x="376" y="1214">
            <contenuImg CS="0.749" lang="fr" source="ibm">symbole religieux</contenuImg>
            <contenuImg CS="0.648" lang="fr" source="ibm">cimetière</contenuImg>
            <contenuImg CS="0.5" lang="fr" source="ibm">lame de rasoir</contenuImg>
            <contenuImg CS="0.5" lang="fr" source="ibm">outil</contenuImg>
            <contenuImg CS="0.594" lang="fr" source="ibm">pièce</contenuImg>
            <contenuImg CS="0.928" coul="1" lang="fr" source="ibm">gris</contenuImg>
            <contenuImg CS="0.816" coul="1" lang="fr" source="ibm">charbon (couleur)</contenuImg>
            <contenuImg CS="0.816" coul="1" lang="en" source="ibm">charcoal color</contenuImg>
            <contenuImg CS="0.928" coul="1" lang="en" source="ibm">gray color</contenuImg>
            <contenuImg CS="0.594" lang="en" source="ibm">room</contenuImg>
            <contenuImg CS="0.5" lang="en" source="ibm">tool</contenuImg>
            <contenuImg CS="0.5" lang="en" source="ibm">razorblade</contenuImg>
            <contenuImg CS="0.648" lang="en" source="ibm">cemetery</contenuImg>
            <contenuImg CS="0.749" lang="en" source="ibm">religious symbol</contenuImg>
            <contenuImg CS="0.39" h="316" lang="fr" source="yolo" w="310" x="616" y="2853">montre</contenuImg>
            <contenuImg CS="0.35" h="3430" lang="fr" source="yolo" w="1556" x="13" y="63">stop (panneau)</contenuImg>
            <contenuImg CS="0.35" h="3430" lang="en" source="yolo" w="1556" x="13" y="63">stop sign</contenuImg>
            <contenuImg CS="0.39" h="316" lang="en" source="yolo" w="310" x="616" y="2853">clock</contenuImg>
            <fonction source="final">repro/dessin</fonction>
            <fonction CS="0.81" source="TensorFlow">repro/dessin</fonction>
            <tech CS="1" source="md">imp photoméca</tech>
            <leg>MSwNêWEBB NOTRE collection unique au monde de bracelets montre enchassés de fine pierreries vous offre les plus charmants et plus précieux modèles, ainsi que la satisfaction d un mouvement irréprochable garc.nti par une maison centenaire. Masmn 6 WEBS; {FRANCE)£td l, RUE DE LA PAIX,</leg>
            <txt>OAJrojsGùezzr BY APPOINTMENT /\ f \ , /</txt>
            <genre source="hm" time="2020-11-30T09:38:35.151+01:00">publicité</genre>
            <genre source="final">publicité</genre>
            <tech source="hm" time="2020-12-03T15:47:21.128+01:00">imp photoméca</tech>
            <tech source="final">imp photoméca</tech>
          </ill>
        </ills>
      </page>
      <page hauteurPx="5252" largeurPx="3759" ordre="10">
        <nbMot>19</nbMot>
        <blocTexte>5</blocTexte>
        <blocTab>0</blocTab>
        <blocPub>0</blocPub>
        <blocIll ocr="1">1</blocIll>
        <ills>
          <ill classif="CCyolo CCibm" couleur="gris" edit="1" h="2590" n="10-1" pub="1" taille="2" w="2198" x="793" y="1093">
            <contenuImg CS="0.607" lang="fr" source="ibm">alpiniste</contenuImg>
            <contenuImg CS="0.607" lang="fr" source="ibm">athlète</contenuImg>
            <contenuImg CS="0.607" lang="fr" source="ibm">compétiteur</contenuImg>
            <contenuImg CS="0.607" lang="fr" source="ibm">personne</contenuImg>
            <contenuImg CS="0.553" lang="fr" source="ibm">champ de neige</contenuImg>
            <contenuImg CS="0.524" lang="fr" source="ibm">piste de ski</contenuImg>
            <contenuImg CS="0.525" lang="fr" source="ibm">pente</contenuImg>
            <contenuImg CS="0.69" lang="fr" source="ibm">nature</contenuImg>
            <contenuImg CS="0.506" lang="fr" source="ibm">glacier</contenuImg>
            <contenuImg CS="0.518" lang="fr" source="ibm">masse de glace</contenuImg>
            <contenuImg CS="0.5" lang="fr" source="ibm">ski</contenuImg>
            <contenuImg CS="0.5" lang="fr" source="ibm">sport</contenuImg>
            <contenuImg CS="0.974" coul="1" lang="fr" source="ibm">gris</contenuImg>
            <contenuImg CS="0.974" coul="1" lang="en" source="ibm">gray color</contenuImg>
            <contenuImg CS="0.5" lang="en" source="ibm">sport</contenuImg>
            <contenuImg CS="0.5" lang="en" source="ibm">skiing</contenuImg>
            <contenuImg CS="0.518" lang="en" source="ibm">ice mass</contenuImg>
            <contenuImg CS="0.506" lang="en" source="ibm">glacier</contenuImg>
            <contenuImg CS="0.69" lang="en" source="ibm">nature</contenuImg>
            <contenuImg CS="0.525" lang="en" source="ibm">slope</contenuImg>
            <contenuImg CS="0.524" lang="en" source="ibm">ski slope</contenuImg>
            <contenuImg CS="0.553" lang="en" source="ibm">snowfield</contenuImg>
            <contenuImg CS="0.607" lang="en" source="ibm">person</contenuImg>
            <contenuImg CS="0.607" lang="en" source="ibm">contestant</contenuImg>
            <contenuImg CS="0.607" lang="en" source="ibm">athlete</contenuImg>
            <contenuImg CS="0.607" lang="en" source="ibm">alpinist</contenuImg>
            <contenuImg CS="0.64" h="663" lang="fr" source="yolo" w="550" x="266" y="1780">chaise</contenuImg>
            <contenuImg CS="0.64" h="663" lang="en" source="yolo" w="550" x="266" y="1780">chair</contenuImg>
            <fonction source="final">repro/photo</fonction>
            <fonction CS="0.97" source="TensorFlow">repro/photo</fonction>
            <tech CS="1" source="md">imp photoméca</tech>
            <leg>^~^t/fiy cobl?ll de Aa^fi^S  ■ r/icw/ 2rYie uy encu4 /00 waullour? S^^fflnàoisie  cQfêzr-iérrïs^</leg>
            <txt>3^eé Çi)ocurnenAi c/ Qtf/Ti Li esT^esi^^èy de  ts cjfbcUéûtTy viii VOGUE</txt>
            <genre source="hm" time="2020-11-30T09:38:40.213+01:00">publicité</genre>
            <genre source="final">publicité</genre>
            <tech source="hm" time="2020-12-03T15:47:21.128+01:00">imp photoméca</tech>
            <tech source="final">imp photoméca</tech>
          </ill>
        </ills>
      </page>
      <page hauteurPx="5237" largeurPx="3735" ordre="11">
        <nbMot>485</nbMot>
        <blocTexte>42</blocTexte>
        <blocTab>0</blocTab>
        <blocPub>0</blocPub>
        <blocIll ocr="2">1</blocIll>
        <ills/>
      </page>
      <page hauteurPx="5258" largeurPx="3747" ordre="12">
        <nbMot>102</nbMot>
        <blocTexte>3</blocTexte>
        <blocTab>0</blocTab>
        <blocPub>0</blocPub>
        <blocIll ocr="1">1</blocIll>
        <ills/>
      </page>
      <page hauteurPx="5270" largeurPx="3768" ordre="13">
        <nbMot>288</nbMot>
        <blocTexte>11</blocTexte>
        <blocTab>0</blocTab>
        <blocPub>0</blocPub>
        <blocIll ocr="3">3</blocIll>
        <ills/>
      </page>
      <page hauteurPx="5276" largeurPx="3735" ordre="14">
        <nbMot>524</nbMot>
        <blocTexte>17</blocTexte>
        <blocTab>0</blocTab>
        <blocPub>0</blocPub>
        <blocIll ocr="3">3</blocIll>
        <ills/>
      </page>
      <page hauteurPx="5225" largeurPx="3723" ordre="15">
        <nbMot>438</nbMot>
        <blocTexte>12</blocTexte>
        <blocTab>0</blocTab>
        <blocPub>0</blocPub>
        <blocIll ocr="3">3</blocIll>
        <ills/>
      </page>
      <page hauteurPx="5240" largeurPx="3759" ordre="16">
        <nbMot>185</nbMot>
        <blocTexte>9</blocTexte>
        <blocTab>0</blocTab>
        <blocPub>0</blocPub>
        <blocIll ocr="3">3</blocIll>
        <ills/>
      </page>
      <page hauteurPx="5216" largeurPx="3708" ordre="17">
        <nbMot>683</nbMot>
        <blocTexte>32</blocTexte>
        <blocTab>0</blocTab>
        <blocPub>0</blocPub>
        <blocIll ocr="1">1</blocIll>
        <ills/>
      </page>
      <page hauteurPx="5243" largeurPx="3759" ordre="18">
        <nbMot>988</nbMot>
        <blocTexte>20</blocTexte>
        <blocTab>0</blocTab>
        <blocPub>0</blocPub>
        <blocIll ocr="3">3</blocIll>
        <ills/>
      </page>
      <page hauteurPx="5240" largeurPx="3708" ordre="19">
        <nbMot>1191</nbMot>
        <blocTexte>19</blocTexte>
        <blocTab>0</blocTab>
        <blocPub>0</blocPub>
        <blocIll ocr="5">5</blocIll>
        <ills/>
      </page>
      <page hauteurPx="5246" largeurPx="3753" ordre="20">
        <nbMot>861</nbMot>
        <blocTexte>27</blocTexte>
        <blocTab>0</blocTab>
        <blocPub>0</blocPub>
        <blocIll ocr="6">6</blocIll>
        <ills/>
      </page>
      <page hauteurPx="5249" largeurPx="3729" ordre="21">
        <nbMot>633</nbMot>
        <blocTexte>16</blocTexte>
        <blocTab>0</blocTab>
        <blocPub>0</blocPub>
        <blocIll ocr="2">2</blocIll>
        <ills/>
      </page>
      <page hauteurPx="5255" largeurPx="3756" ordre="22">
        <nbMot>419</nbMot>
        <blocTexte>8</blocTexte>
        <blocTab>0</blocTab>
        <blocPub>0</blocPub>
        <blocIll ocr="2">2</blocIll>
        <ills/>
      </page>
      <page hauteurPx="5237" largeurPx="3708" ordre="23">
        <nbMot>149</nbMot>
        <blocTexte>8</blocTexte>
        <blocTab>0</blocTab>
        <blocPub>0</blocPub>
        <blocIll ocr="4">4</blocIll>
        <ills/>
      </page>
      <page hauteurPx="5267" largeurPx="3735" ordre="24">
        <nbMot>133</nbMot>
        <blocTexte>10</blocTexte>
        <blocTab>0</blocTab>
        <blocPub>0</blocPub>
        <blocIll ocr="3">3</blocIll>
        <ills/>
      </page>
      <page hauteurPx="5249" largeurPx="3726" ordre="25">
        <nbMot>232</nbMot>
        <blocTexte>10</blocTexte>
        <blocTab>0</blocTab>
        <blocPub>0</blocPub>
        <blocIll ocr="3">3</blocIll>
        <ills/>
      </page>
      <page hauteurPx="5273" largeurPx="3753" ordre="26">
        <nbMot>222</nbMot>
        <blocTexte>14</blocTexte>
        <blocTab>0</blocTab>
        <blocPub>0</blocPub>
        <blocIll ocr="6">6</blocIll>
        <ills/>
      </page>
      <page hauteurPx="5234" largeurPx="3729" ordre="27">
        <nbMot>289</nbMot>
        <blocTexte>9</blocTexte>
        <blocTab>0</blocTab>
        <blocPub>0</blocPub>
        <blocIll ocr="4">4</blocIll>
        <ills/>
      </page>
      <page hauteurPx="5285" largeurPx="3768" ordre="28">
        <nbMot>790</nbMot>
        <blocTexte>18</blocTexte>
        <blocTab>0</blocTab>
        <blocPub>0</blocPub>
        <blocIll ocr="3">3</blocIll>
        <ills/>
      </page>
      <page hauteurPx="5237" largeurPx="3714" ordre="29">
        <nbMot>1080</nbMot>
        <blocTexte>27</blocTexte>
        <blocTab>0</blocTab>
        <blocPub>0</blocPub>
        <blocIll ocr="3">3</blocIll>
        <ills/>
      </page>
      <page hauteurPx="5270" largeurPx="3768" ordre="30">
        <nbMot>221</nbMot>
        <blocTexte>10</blocTexte>
        <blocTab>0</blocTab>
        <blocPub>0</blocPub>
        <blocIll ocr="3">3</blocIll>
        <ills/>
      </page>
      <page hauteurPx="5249" largeurPx="3732" ordre="31">
        <nbMot>122</nbMot>
        <blocTexte>5</blocTexte>
        <blocTab>0</blocTab>
        <blocPub>0</blocPub>
        <blocIll ocr="1">1</blocIll>
        <ills/>
      </page>
      <page hauteurPx="5273" largeurPx="3783" ordre="32">
        <nbMot>624</nbMot>
        <blocTexte>21</blocTexte>
        <blocTab>0</blocTab>
        <blocPub>0</blocPub>
        <blocIll ocr="2">2</blocIll>
        <ills/>
      </page>
      <page hauteurPx="5219" largeurPx="3714" ordre="33">
        <nbMot>925</nbMot>
        <blocTexte>27</blocTexte>
        <blocTab>0</blocTab>
        <blocPub>0</blocPub>
        <blocIll ocr="3">3</blocIll>
        <ills/>
      </page>
      <page hauteurPx="5258" largeurPx="3738" ordre="34">
        <nbMot>1510</nbMot>
        <blocTexte>25</blocTexte>
        <blocTab>0</blocTab>
        <blocPub>0</blocPub>
        <blocIll ocr="1">1</blocIll>
        <ills/>
      </page>
      <page hauteurPx="5255" largeurPx="3711" ordre="35">
        <nbMot>239</nbMot>
        <blocTexte>12</blocTexte>
        <blocTab>0</blocTab>
        <blocPub>0</blocPub>
        <blocIll ocr="3">3</blocIll>
        <ills/>
      </page>
      <page hauteurPx="5273" largeurPx="3726" ordre="36">
        <nbMot>69</nbMot>
        <blocTexte>3</blocTexte>
        <blocTab>0</blocTab>
        <blocPub>0</blocPub>
        <blocIll ocr="1">1</blocIll>
        <ills/>
      </page>
      <page hauteurPx="5237" largeurPx="3705" ordre="37">
        <nbMot>1059</nbMot>
        <blocTexte>30</blocTexte>
        <blocTab>0</blocTab>
        <blocPub>0</blocPub>
        <blocIll ocr="1">1</blocIll>
        <ills/>
      </page>
      <page hauteurPx="5273" largeurPx="3765" ordre="38">
        <nbMot>1194</nbMot>
        <blocTexte>21</blocTexte>
        <blocTab>0</blocTab>
        <blocPub>0</blocPub>
        <blocIll ocr="4">4</blocIll>
        <ills/>
      </page>
      <page hauteurPx="5237" largeurPx="3693" ordre="39">
        <nbMot>184</nbMot>
        <blocTexte>11</blocTexte>
        <blocTab>0</blocTab>
        <blocPub>0</blocPub>
        <blocIll ocr="4">4</blocIll>
        <ills/>
      </page>
      <page hauteurPx="5273" largeurPx="3717" ordre="40">
        <nbMot>54</nbMot>
        <blocTexte>3</blocTexte>
        <blocTab>0</blocTab>
        <blocPub>0</blocPub>
        <blocIll ocr="1">1</blocIll>
        <ills/>
      </page>
      <page hauteurPx="5237" largeurPx="3696" ordre="41">
        <nbMot>161</nbMot>
        <blocTexte>9</blocTexte>
        <blocTab>0</blocTab>
        <blocPub>0</blocPub>
        <blocIll ocr="3">3</blocIll>
        <ills/>
      </page>
      <page hauteurPx="5273" largeurPx="3738" ordre="42">
        <nbMot>163</nbMot>
        <blocTexte>11</blocTexte>
        <blocTab>0</blocTab>
        <blocPub>0</blocPub>
        <blocIll ocr="4">4</blocIll>
        <ills/>
      </page>
      <page hauteurPx="5216" largeurPx="3768" ordre="43">
        <nbMot>316</nbMot>
        <blocTexte>26</blocTexte>
        <blocTab>0</blocTab>
        <blocPub>0</blocPub>
        <blocIll ocr="0">0</blocIll>
      </page>
      <page hauteurPx="5264" largeurPx="3726" ordre="44">
        <nbMot>0</nbMot>
        <blocTexte>0</blocTexte>
        <blocTab>0</blocTab>
        <blocPub>0</blocPub>
        <blocIll ocr="0">0</blocIll>
      </page>
      <page hauteurPx="5222" largeurPx="3780" ordre="45">
        <nbMot>246</nbMot>
        <blocTexte>11</blocTexte>
        <blocTab>0</blocTab>
        <blocPub>0</blocPub>
        <blocIll ocr="4">4</blocIll>
        <ills/>
      </page>
      <page hauteurPx="5231" largeurPx="3687" ordre="46">
        <nbMot>246</nbMot>
        <blocTexte>5</blocTexte>
        <blocTab>0</blocTab>
        <blocPub>0</blocPub>
        <blocIll ocr="1">1</blocIll>
        <ills/>
      </page>
      <page hauteurPx="5231" largeurPx="3756" ordre="47">
        <nbMot>579</nbMot>
        <blocTexte>17</blocTexte>
        <blocTab>0</blocTab>
        <blocPub>0</blocPub>
        <blocIll ocr="2">2</blocIll>
        <ills/>
      </page>
      <page hauteurPx="5228" largeurPx="3705" ordre="48">
        <nbMot>858</nbMot>
        <blocTexte>18</blocTexte>
        <blocTab>0</blocTab>
        <blocPub>0</blocPub>
        <blocIll ocr="1">1</blocIll>
        <ills/>
      </page>
      <page hauteurPx="5231" largeurPx="3759" ordre="49">
        <nbMot>509</nbMot>
        <blocTexte>10</blocTexte>
        <blocTab>0</blocTab>
        <blocPub>0</blocPub>
        <blocIll ocr="3">3</blocIll>
        <ills/>
      </page>
      <page hauteurPx="5231" largeurPx="3705" ordre="50">
        <nbMot>136</nbMot>
        <blocTexte>12</blocTexte>
        <blocTab>0</blocTab>
        <blocPub>0</blocPub>
        <blocIll ocr="4">4</blocIll>
        <ills/>
      </page>
      <page hauteurPx="5231" largeurPx="3729" ordre="51">
        <nbMot>175</nbMot>
        <blocTexte>9</blocTexte>
        <blocTab>0</blocTab>
        <blocPub>0</blocPub>
        <blocIll ocr="4">4</blocIll>
        <ills/>
      </page>
      <page hauteurPx="5228" largeurPx="3723" ordre="52">
        <nbMot>197</nbMot>
        <blocTexte>8</blocTexte>
        <blocTab>0</blocTab>
        <blocPub>0</blocPub>
        <blocIll ocr="4">4</blocIll>
        <ills/>
      </page>
      <page hauteurPx="5237" largeurPx="3774" ordre="53">
        <nbMot>173</nbMot>
        <blocTexte>9</blocTexte>
        <blocTab>0</blocTab>
        <blocPub>0</blocPub>
        <blocIll ocr="4">4</blocIll>
        <ills/>
      </page>
      <page hauteurPx="5267" largeurPx="3741" ordre="54">
        <nbMot>880</nbMot>
        <blocTexte>37</blocTexte>
        <blocTab>0</blocTab>
        <blocPub>0</blocPub>
        <blocIll ocr="7">7</blocIll>
        <ills/>
      </page>
      <page hauteurPx="5237" largeurPx="3753" ordre="55">
        <nbMot>191</nbMot>
        <blocTexte>18</blocTexte>
        <blocTab>0</blocTab>
        <blocPub>0</blocPub>
        <blocIll ocr="6">6</blocIll>
        <ills/>
      </page>
      <page hauteurPx="5243" largeurPx="3714" ordre="56">
        <nbMot>721</nbMot>
        <blocTexte>19</blocTexte>
        <blocTab>0</blocTab>
        <blocPub>0</blocPub>
        <blocIll ocr="3">3</blocIll>
        <ills/>
      </page>
      <page hauteurPx="5246" largeurPx="3756" ordre="57">
        <nbMot>1003</nbMot>
        <blocTexte>18</blocTexte>
        <blocTab>0</blocTab>
        <blocPub>0</blocPub>
        <blocIll ocr="3">3</blocIll>
        <ills/>
      </page>
      <page hauteurPx="5240" largeurPx="3723" ordre="58">
        <nbMot>751</nbMot>
        <blocTexte>16</blocTexte>
        <blocTab>0</blocTab>
        <blocPub>0</blocPub>
        <blocIll ocr="4">4</blocIll>
        <ills/>
      </page>
      <page hauteurPx="5267" largeurPx="3762" ordre="59">
        <nbMot>278</nbMot>
        <blocTexte>11</blocTexte>
        <blocTab>0</blocTab>
        <blocPub>0</blocPub>
        <blocIll ocr="7">7</blocIll>
        <ills/>
      </page>
      <page hauteurPx="5258" largeurPx="3696" ordre="60">
        <nbMot>259</nbMot>
        <blocTexte>7</blocTexte>
        <blocTab>0</blocTab>
        <blocPub>0</blocPub>
        <blocIll ocr="4">4</blocIll>
        <ills/>
      </page>
      <page hauteurPx="5264" largeurPx="3753" ordre="61">
        <nbMot>54</nbMot>
        <blocTexte>9</blocTexte>
        <blocTab>0</blocTab>
        <blocPub>0</blocPub>
        <blocIll ocr="1">1</blocIll>
        <ills>
          <ill classif="CCyolo CCibm" couleur="gris" edit="1" h="2524" n="61-1" pub="1" taille="2" w="1873" x="900" y="717">
            <contenuImg CS="0.786" lang="fr" source="ibm">suffragette</contenuImg>
            <contenuImg CS="0.786" lang="fr" source="ibm">personne</contenuImg>
            <contenuImg CS="0.724" lang="fr" source="ibm">musée (intérieur)</contenuImg>
            <contenuImg CS="0.599" lang="fr" source="ibm">pièce</contenuImg>
            <contenuImg CS="0.912" coul="1" lang="fr" source="ibm">gris</contenuImg>
            <contenuImg CS="0.744" coul="1" lang="fr" source="ibm">albâtre</contenuImg>
            <contenuImg CS="0.744" coul="1" lang="en" source="ibm">alabaster color</contenuImg>
            <contenuImg CS="0.912" coul="1" lang="en" source="ibm">gray color</contenuImg>
            <contenuImg CS="0.599" lang="en" source="ibm">room</contenuImg>
            <contenuImg CS="0.724" lang="en" source="ibm">Museum (Indoor)</contenuImg>
            <contenuImg CS="0.786" lang="en" source="ibm">person</contenuImg>
            <contenuImg CS="0.786" lang="en" source="ibm">women's voting rights activist</contenuImg>
            <contenuImg CS="0.95" h="2213" lang="fr" source="yolo" w="1386" x="123" y="323">personne</contenuImg>
            <contenuImg CS="0.95" h="2213" lang="en" source="yolo" w="1386" x="123" y="323">person</contenuImg>
            <fonction source="final">repro/photo</fonction>
            <fonction CS="0.99" source="TensorFlow">repro/photo</fonction>
            <tech CS="1" source="md">imp photoméca</tech>
            <leg>LES CRÉATIONS TECLA se portent avec succès à tout âge et leur rare beauté s harmonise parfaite- ment avec le teint de la blonde comme de la brune. COLLIERS TECLA, avec fermoirs en brillants</leg>
            <txt>i Août 49 i Août 49</txt>
            <genre source="hm" time="2020-11-30T09:40:08.08+01:00">publicité</genre>
            <genre source="final">publicité</genre>
            <tech source="hm" time="2020-12-03T15:47:21.128+01:00">imp photoméca</tech>
            <tech source="final">imp photoméca</tech>
          </ill>
        </ills>
      </page>
      <page hauteurPx="5246" largeurPx="3726" ordre="62">
        <nbMot>2331</nbMot>
        <blocTexte>44</blocTexte>
        <blocTab>0</blocTab>
        <blocPub>0</blocPub>
        <blocIll ocr="0">0</blocIll>
      </page>
      <page hauteurPx="5258" largeurPx="3753" ordre="63">
        <nbMot>2350</nbMot>
        <blocTexte>49</blocTexte>
        <blocTab>0</blocTab>
        <blocPub>0</blocPub>
        <blocIll ocr="0">0</blocIll>
      </page>
      <page hauteurPx="5240" largeurPx="3708" ordre="64">
        <nbMot>1470</nbMot>
        <blocTexte>40</blocTexte>
        <blocTab>0</blocTab>
        <blocPub>20</blocPub>
        <ills>
          <ill classif="CCibm" couleur="gris" edit="1" h="1507" n="64-1" pub="1" seg="1" source="hm" time="2020-11-30T09:40:19.554+01:00" w="1075" x="457" y="352">
            <txt source="google">"ce - Bay - UNE SURPI - D D A D - ",</txt>
            <contenuImg CS="0.774" lang="fr" source="ibm">timbre papier</contenuImg>
            <contenuImg CS="0.774" lang="fr" source="ibm">document écrit</contenuImg>
            <contenuImg CS="0.531" lang="fr" source="ibm">glyptique</contenuImg>
            <contenuImg CS="0.531" lang="fr" source="ibm">sculpture</contenuImg>
            <contenuImg CS="0.531" lang="fr" source="ibm">silhouette</contenuImg>
            <contenuImg CS="0.5" lang="fr" source="ibm">encéphalogramme (rayons x)</contenuImg>
            <contenuImg CS="0.501" lang="fr" source="ibm">radiogramme</contenuImg>
            <contenuImg CS="0.911" coul="1" lang="fr" source="ibm">noir</contenuImg>
            <contenuImg CS="0.911" coul="1" lang="en" source="ibm">black color</contenuImg>
            <contenuImg CS="0.501" lang="en" source="ibm">radiogram</contenuImg>
            <contenuImg CS="0.5" lang="en" source="ibm">encephalogrami (x ray)</contenuImg>
            <contenuImg CS="0.531" lang="en" source="ibm">figure</contenuImg>
            <contenuImg CS="0.531" lang="en" source="ibm">sculpture</contenuImg>
            <contenuImg CS="0.531" lang="en" source="ibm">glyptic art</contenuImg>
            <contenuImg CS="0.774" lang="en" source="ibm">written document</contenuImg>
            <contenuImg CS="0.774" lang="en" source="ibm">paper-based stamps/currency</contenuImg>
            <genre source="hm" time="2020-11-30T09:41:13.102+01:00">publicité</genre>
            <genre source="final">publicité</genre>
            <tech source="hm" time="2020-12-03T15:47:21.128+01:00">imp photoméca</tech>
            <tech source="final">imp photoméca</tech>
            <fonction source="hm" time="2020-12-03T15:52:52.182+01:00">repro/photo</fonction>
            <fonction source="final">repro/photo</fonction>
          </ill>
          <ill classif="CCibm CCyolo" couleur="gris" edit="1" h="1060" n="64-2" pub="1" seg="1" source="hm" time="2020-11-30T09:40:48.68+01:00" w="798" x="183" y="3859">
            <txt source="google">"av - prescrit - par tous les - II - L - L - ED - P - 9, RU - ",</txt>
            <contenuImg CS="0.987" lang="fr" source="ibm">suffragette</contenuImg>
            <contenuImg CS="0.987" lang="fr" source="ibm">personne</contenuImg>
            <contenuImg CS="0.703" coul="1" lang="fr" source="ibm">sauge</contenuImg>
            <contenuImg CS="0.649" coul="1" lang="fr" source="ibm">albâtre</contenuImg>
            <contenuImg CS="0.91" h="1010" lang="fr" source="yolo" w="716" x="26" y="36">personne</contenuImg>
            <contenuImg CS="0.61" h="83" lang="fr" source="yolo" w="140" x="500" y="666">tasse</contenuImg>
            <contenuImg CS="0.61" h="83" lang="en" source="yolo" w="140" x="500" y="666">cup</contenuImg>
            <contenuImg CS="0.91" h="1010" lang="en" source="yolo" w="716" x="26" y="36">person</contenuImg>
            <contenuImg CS="0.649" coul="1" lang="en" source="ibm">alabaster color</contenuImg>
            <contenuImg CS="0.703" coul="1" lang="en" source="ibm">sage green color</contenuImg>
            <contenuImg CS="0.987" lang="en" source="ibm">person</contenuImg>
            <contenuImg CS="0.987" lang="en" source="ibm">women's voting rights activist</contenuImg>
            <fonction source="final">repro/dessin</fonction>
            <fonction source="md">repro/dessin</fonction>
            <genre source="hm" time="2020-11-30T09:41:10.586+01:00">publicité</genre>
            <genre source="final">publicité</genre>
            <tech source="hm" time="2020-12-03T15:47:21.128+01:00">imp photoméca</tech>
            <tech source="final">imp photoméca</tech>
          </ill>
        </ills>
        <blocIll ocr="0">2</blocIll>
      </page>
      <page hauteurPx="5261" largeurPx="3774" ordre="65">
        <nbMot>339</nbMot>
        <blocTexte>21</blocTexte>
        <blocTab>0</blocTab>
        <blocPub>0</blocPub>
        <blocIll ocr="1">1</blocIll>
        <ills>
          <ill classif="CCyolo CCibm" couleur="gris" edit="1" h="4305" n="65-1" pub="1" seg="1" source="hm" taille="7" w="2863" x="482" y="528">
            <contenuImg CS="0.827" edit="1" lang="fr" source="ibm" time="2021-01-16T19:23:14.142+01:00">musée (intérieur)</contenuImg>
            <contenuImg CS="0.799" edit="1" lang="fr" source="ibm" time="2021-01-16T19:23:14.142+01:00">presse écrite</contenuImg>
            <contenuImg CS="0.792" edit="1" lang="fr" source="ibm" time="2021-01-16T19:23:14.142+01:00">radiogramme</contenuImg>
            <contenuImg CS="0.794" edit="1" lang="fr" source="ibm" time="2021-01-16T19:23:14.142+01:00">pièce</contenuImg>
            <contenuImg CS="0.908" coul="1" edit="1" lang="fr" source="ibm" time="2021-01-16T19:23:14.142+01:00">gris</contenuImg>
            <contenuImg CS="0.908" coul="1" edit="1" lang="en" source="ibm" time="2021-01-16T19:23:14.142+01:00">gray color</contenuImg>
            <contenuImg CS="0.794" edit="1" lang="en" source="ibm" time="2021-01-16T19:23:14.142+01:00">room</contenuImg>
            <contenuImg CS="0.792" edit="1" lang="en" source="ibm" time="2021-01-16T19:23:14.142+01:00">radiogram</contenuImg>
            <contenuImg CS="0.799" edit="1" lang="en" source="ibm" time="2021-01-16T19:23:14.142+01:00">print media</contenuImg>
            <contenuImg CS="0.827" edit="1" lang="en" source="ibm" time="2021-01-16T19:23:14.142+01:00">Museum (Indoor)</contenuImg>
            <contenuImg y="1" x="1" CS="0.82" edit="1" h="4700" lang="fr" source="yolo" time="2021-01-16T19:23:14.142+01:00" w="3033">livre</contenuImg>
            <contenuImg y="1" x="1" CS="0.82" edit="1" h="4700" lang="en" source="yolo" time="2021-01-16T19:23:14.142+01:00" w="3033">book</contenuImg>
            <fonction source="final">repro/dessin</fonction>
            <fonction CS="0.82" source="TensorFlow">repro/dessin</fonction>
            <tech CS="1" source="md">imp photoméca</tech>
            <leg>[texte_manquant] pour les soins intimes de la femme L antiseptique que toute femme doit avoir sur sa table de toilette La GYRALDOSE est l antiseptique idéal pour le voyage. Elle se présente en comprimés stables et homogènes. Chaque dose jetée dans deux litres d eau nous donne la solution parfumée que la Parisienne a adoptée pour les soins rituels de sa personne.</leg>
            <genre source="hm" time="2020-11-04T19:38:34.683+01:00">publicité</genre>
            <genre source="final">publicité</genre>
            <tech source="hm" time="2020-12-03T15:47:21.128+01:00">imp photoméca</tech>
            <tech source="final">imp photoméca</tech>
          </ill>
        </ills>
      </page>
      <page hauteurPx="5264" largeurPx="3723" ordre="66">
        <nbMot>117</nbMot>
        <blocTexte>7</blocTexte>
        <blocTab>0</blocTab>
        <blocPub>0</blocPub>
        <blocIll ocr="1">1</blocIll>
        <ills>
          <ill classif="CCyolo CCibm" couleur="gris" derniere="true" edit="1" h="4523" n="66-1" pub="1" taille="7" w="3339" x="234" y="325">
            <contenuImg CS="0.994" lang="fr" source="ibm">salle d'étude</contenuImg>
            <contenuImg CS="0.93" coul="1" lang="fr" source="ibm">gris</contenuImg>
            <contenuImg CS="0.676" coul="1" lang="fr" source="ibm">gris cendré</contenuImg>
            <contenuImg CS="0.676" coul="1" lang="en" source="ibm">ash grey color</contenuImg>
            <contenuImg CS="0.93" coul="1" lang="en" source="ibm">gray color</contenuImg>
            <contenuImg CS="0.994" lang="en" source="ibm">study</contenuImg>
            <contenuImg y="1" CS="0.29" h="4483" lang="fr" source="yolo" w="3190" x="96">livre</contenuImg>
            <contenuImg y="1" CS="0.29" h="4483" lang="en" source="yolo" w="3190" x="96">book</contenuImg>
            <fonction source="final">repro/dessin</fonction>
            <fonction CS="0.74" source="TensorFlow">repro/dessin</fonction>
            <tech CS="1" source="md">imp photoméca</tech>
            <leg>LA PLUS GRANDE REVUE HEBDOMADAIRE PUBLIEE EN ANGLETERRE En vente dans tous les kiosques et librairies en France et à l Etranger.</leg>
            <genre source="hm" time="2020-11-04T19:38:49.477+01:00">publicité</genre>
            <genre source="final">publicité</genre>
            <tech source="hm" time="2020-12-03T15:47:21.128+01:00">imp photoméca</tech>
            <tech source="final">imp photoméca</tech>
          </ill>
        </ills>
      </page>
    </pages>
  </contenus>
</analyseAlto>