<analyseAlto>
  <metad>
    <type>P</type>
    <ID>bpt6k563507g</ID>
    <titre>Le Petit Parisien</titre>
    <dateEdition>1910-02-03</dateEdition>
    <nbPage>6</nbPage>
    <suppl>FALSE</suppl>
  </metad>
  <contenus>
    <nbArticle>66</nbArticle>
    <largeur>424</largeur>
    <hauteur>579</hauteur>
    <pages>
      <page ordre="1">
        <nbMot>4591</nbMot>
        <blocTexte>45</blocTexte>
        <blocTab>0</blocTab>
        <blocPub>0</blocPub>
        <blocIll ocr="2">0</blocIll>
        <ills/>
      </page>
      <page ordre="2">
        <nbMot>6977</nbMot>
        <blocTexte>46</blocTexte>
        <blocTab>0</blocTab>
        <blocPub>1</blocPub>
        <blocIll ocr="0">0</blocIll>
      </page>
      <page ordre="3">
        <nbMot>6101</nbMot>
        <blocTexte>52</blocTexte>
        <blocTab>0</blocTab>
        <blocPub>0</blocPub>
        <blocIll ocr="0">0</blocIll>
      </page>
      <page ordre="4">
        <nbMot>7228</nbMot>
        <blocTexte>74</blocTexte>
        <blocTab>1</blocTab>
        <blocPub>1</blocPub>
        <blocIll ocr="0">0</blocIll>
      </page>
      <page ordre="5">
        <nbMot>9740</nbMot>
        <blocTexte>43</blocTexte>
        <blocTab>6</blocTab>
        <blocPub>8</blocPub>
        <blocIll ocr="1">1</blocIll>
        <ills>
          <ill classif="DFdnn" couleur="gris" edit="1" h="716" id="5-1" n="5-1" pub="1" taille="0" w="691" x="1739" y="1343">
            <tech source="final">imp photoméca</tech>
            <tech source="md">imp photoméca</tech>
            <type/>
            <titraille>MOYEN D'ASSAINIR L'EAU</titraille>
            <leg>MICROBES contenus dans t'eau impure Le Goudron-Guyot tue tous ces tfiicrobes</leg>
            <txt>ET DE SE PRÉSERVER SUREMENT des MALADIES ÉPIDÉMIQUES Chacun sait aujourd'hui que les médecins sont tous d'accord pour reconnaître que c'est par l'eau que se communiquent la plu part des maladies épidémiques, telles que la fièvre typhoïde, la dysenterie, le choléra, et aussi là grippe et l'influenza. L'eau contient une infinité d'animalcules que l'en appelle microbes et dont quelques-uns sont les ger mes des maladies les plus dangereuses. De là, une eau est malsaine quand elle contient ces mauvais microbes. Quand on n'a pas une eau très pure, et surtout quand il règne des épidémies dans un pays, il sera prudent, pour s'en préser ver, d'assainir l'eau que l'on boit. Cest une précaution que l'on fera bien de prendré aussi pendant les grandes chaleurs, mo ment où l'on a tant besoin de boire, surtout les ouvriers et les agriculteurs. Le moyen le plus simple, le plus sûr et le plus économique d'assainir l'eau est d'y ver ser un peu d eau de goudron. Le goudron est un antiseptique au premier chef. Il tue les microbes, causes de toutes nos inala dies graves, et, de la sorte, nous en pré serve. Il rend donc sair.e et salutaire 1 eau que nous buvons et nous garantit ainsi des épidémies.</txt>
            <index>MOYEN D'ASSAINIR L'EAUMICROBES contenus dans t'eau impure Le Goudron-Guyot tue tous ces tfiicrobesET DE SE PRÉSERVER SUREMENT des MALADIES ÉPIDÉMIQUES Chacun sait aujourd'hui que les médecins sont tous d'accord pour reconnaître que c'est par l'eau que se communiquent la plu part des maladies épidémiques, telles que la fièvre typhoïde, la dysenterie, le choléra, et aussi là grippe et l'influenza. L'eau contient une infinité d'animalcules que l'en appelle microbes et dont quelques-uns sont les ger mes des maladies les plus dangereuses. De là, une eau est malsaine quand elle contient ces mauvais microbes. Quand on n'a pas une eau très pure, et surtout quand il règne des épidémies dans un pays, il sera prudent, pour s'en préser ver, d'assainir l'eau que l'on boit. Cest une précaution que l'on fera bien de prendré aussi pendant les grandes chaleurs, mo ment où l'on a tant besoin de boire, surtout les ouvriers et les agriculteurs. Le moyen le plus simple, le plus sûr et le plus économique d'assainir l'eau est d'y ver ser un peu d eau de goudron. Le goudron est un antiseptique au premier chef. Il tue les microbes, causes de toutes nos inala dies graves, et, de la sorte, nous en pré serve. Il rend donc sair.e et salutaire 1 eau que nous buvons et nous garantit ainsi des épidémies.</index>
          </ill>
        </ills>
      </page>
      <page ordre="6">
        <nbMot>1345</nbMot>
        <blocTexte>14</blocTexte>
        <blocTab>0</blocTab>
        <blocPub>10</blocPub>
        <blocIll ocr="0">0</blocIll>
      </page>
    </pages>
  </contenus>
</analyseAlto>