<analyseAlto>
  <metad>
    <type>P</type>
    <ID>bpt6k564129z</ID>
    <titre>Le Petit Parisien</titre>
    <dateEdition>1911-10-20</dateEdition>
    <nbPage>6</nbPage>
    <suppl>FALSE</suppl>
  </metad>
  <contenus>
    <nbArticle>80</nbArticle>
    <largeur>418</largeur>
    <hauteur>582</hauteur>
    <pages>
      <page ordre="1">
        <nbMot>4843</nbMot>
        <blocTexte>31</blocTexte>
        <blocTab>0</blocTab>
        <blocPub>1</blocPub>
        <blocIll ocr="2">0</blocIll>
        <ills/>
      </page>
      <page ordre="2">
        <nbMot>6554</nbMot>
        <blocTexte>57</blocTexte>
        <blocTab>0</blocTab>
        <blocPub>0</blocPub>
        <blocIll ocr="1">0</blocIll>
        <ills/>
      </page>
      <page ordre="3">
        <nbMot>6278</nbMot>
        <blocTexte>70</blocTexte>
        <blocTab>0</blocTab>
        <blocPub>0</blocPub>
        <blocIll ocr="0">0</blocIll>
      </page>
      <page ordre="4">
        <nbMot>6859</nbMot>
        <blocTexte>71</blocTexte>
        <blocTab>3</blocTab>
        <blocPub>6</blocPub>
        <blocIll ocr="0">0</blocIll>
      </page>
      <page ordre="5">
        <nbMot>10294</nbMot>
        <blocTexte>53</blocTexte>
        <blocTab>14</blocTab>
        <blocPub>13</blocPub>
        <blocIll ocr="0">0</blocIll>
      </page>
      <page ordre="6">
        <nbMot>4432</nbMot>
        <blocTexte>30</blocTexte>
        <blocTab>0</blocTab>
        <blocPub>11</blocPub>
        <blocIll ocr="2">1</blocIll>
        <ills>
          <ill classif="DFdnn" couleur="gris" derniere="true" edit="1" h="686" id="6-2" n="6-2" pub="1" taille="0" w="761" x="119" y="1410">
            <tech source="final">imp photoméca</tech>
            <tech source="md">imp photoméca</tech>
            <type/>
            <titraille>I SUO ORANAIS ET SAHARA</titraille>
            <leg>'»   i Goutte ae sauve vue au mlcroscone. innombrables microbes Le Dentol les tue tous et purifie complètement la boucbe.'</leg>
            <txt>' Charenton-le-Pont (Seine;, 29 OU rue Victor Hugo, 21 mars 1907, Monsieur. J'eus de fréquents maux de dent - dans ma Jeunesse. Depuis que j'emploie votre pâte Dentol, je ne souftre plus et ne puis que .vanter vo tre excellent produit qui blanchit les dents et laisse dans ia bouche un agréable parfum. Dans mes campagnes du Sud-Ora nais et ré gions saha riennes, j'eus soin de me mu nir ' cens-; tamment de Dentoi, ce qui me préserva des névralgies que les nuits froides d'Algérie ne manquent d'occasionner. J'étais alors sous-officier au 2  génie, à Alger Je vous autorise pleine ment à faire publier ces lignes. Signé : Aririrn P»«nw»VT »</txt>
            <index>I SUO ORANAIS ET SAHARA'»   i Goutte ae sauve vue au mlcroscone. innombrables microbes Le Dentol les tue tous et purifie complètement la boucbe.'' Charenton-le-Pont (Seine;, 29 OU rue Victor Hugo, 21 mars 1907, Monsieur. J'eus de fréquents maux de dent - dans ma Jeunesse. Depuis que j'emploie votre pâte Dentol, je ne souftre plus et ne puis que .vanter vo tre excellent produit qui blanchit les dents et laisse dans ia bouche un agréable parfum. Dans mes campagnes du Sud-Ora nais et ré gions saha riennes, j'eus soin de me mu nir ' cens-; tamment de Dentoi, ce qui me préserva des névralgies que les nuits froides d'Algérie ne manquent d'occasionner. J'étais alors sous-officier au 2  génie, à Alger Je vous autorise pleine ment à faire publier ces lignes. Signé : Aririrn P»«nw»VT »</index>
          </ill>
        </ills>
      </page>
    </pages>
  </contenus>
</analyseAlto>