<analyseAlto>
  <metad>
    <type>P</type>
    <ID>bpt6k5641229</ID>
    <titre>Le Petit Parisien</titre>
    <dateEdition>1911-10-13</dateEdition>
    <nbPage>6</nbPage>
    <suppl>FALSE</suppl>
  </metad>
  <contenus>
    <nbArticle>91</nbArticle>
    <largeur>422</largeur>
    <hauteur>576</hauteur>
    <pages>
      <page ordre="1">
        <nbMot>4566</nbMot>
        <blocTexte>54</blocTexte>
        <blocTab>0</blocTab>
        <blocPub>1</blocPub>
        <blocIll ocr="5">0</blocIll>
        <ills/>
      </page>
      <page ordre="2">
        <nbMot>6482</nbMot>
        <blocTexte>55</blocTexte>
        <blocTab>0</blocTab>
        <blocPub>0</blocPub>
        <blocIll ocr="3">0</blocIll>
        <ills/>
      </page>
      <page ordre="3">
        <nbMot>6085</nbMot>
        <blocTexte>74</blocTexte>
        <blocTab>0</blocTab>
        <blocPub>0</blocPub>
        <blocIll ocr="1">0</blocIll>
        <ills/>
      </page>
      <page ordre="4">
        <nbMot>7235</nbMot>
        <blocTexte>67</blocTexte>
        <blocTab>2</blocTab>
        <blocPub>1</blocPub>
        <blocIll ocr="1">0</blocIll>
        <ills/>
      </page>
      <page ordre="5">
        <nbMot>6337</nbMot>
        <blocTexte>46</blocTexte>
        <blocTab>13</blocTab>
        <blocPub>10</blocPub>
        <blocIll ocr="0">0</blocIll>
      </page>
      <page ordre="6">
        <nbMot>3997</nbMot>
        <blocTexte>38</blocTexte>
        <blocTab>0</blocTab>
        <blocPub>12</blocPub>
        <blocIll ocr="4">1</blocIll>
        <ills>
          <ill couleur="gris" derniere="true" edit="1" h="724" id="6-2" n="6-2" pub="1" taille="0" w="550" x="3306" y="519">
            <tech source="final">imp photoméca</tech>
            <tech source="md">imp photoméca</tech>
            <type/>
            <titraille>Avis d'un Directeur d'École publique |</titraille>
            <leg>M. JOURDE</leg>
            <txt>(( Polignac, près le Puy (Haute-Loire), 8 oc tobre 1904 Messieurs, Le 4 juin dernier, si j'ai bonne mémoire, vous m'avez adressé, sur ma demande, un échantillon Dentol : Eau. Pâte et Poudre. Ma femme, mon en-</txt>
            <index>Avis d'un Directeur d'École publique |M. JOURDE(( Polignac, près le Puy (Haute-Loire), 8 oc tobre 1904 Messieurs, Le 4 juin dernier, si j'ai bonne mémoire, vous m'avez adressé, sur ma demande, un échantillon Dentol : Eau. Pâte et Poudre. Ma femme, mon en-</index>
          </ill>
        </ills>
      </page>
    </pages>
  </contenus>
</analyseAlto>