<analyseAlto>
  <metad>
    <type>P</type>
    <ID>bpt6k564557g</ID>
    <titre>Le Petit Parisien</titre>
    <dateEdition>1912-12-22</dateEdition>
    <nbPage>8</nbPage>
    <suppl>FALSE</suppl>
  </metad>
  <contenus>
    <nbArticle>88</nbArticle>
    <largeur>423</largeur>
    <hauteur>576</hauteur>
    <pages>
      <page ordre="1">
        <nbMot>5082</nbMot>
        <blocTexte>39</blocTexte>
        <blocTab>0</blocTab>
        <blocPub>0</blocPub>
        <blocIll ocr="2">0</blocIll>
        <ills/>
      </page>
      <page ordre="2">
        <nbMot>6903</nbMot>
        <blocTexte>43</blocTexte>
        <blocTab>0</blocTab>
        <blocPub>0</blocPub>
        <blocIll ocr="1">0</blocIll>
        <ills/>
      </page>
      <page ordre="3">
        <nbMot>5943</nbMot>
        <blocTexte>55</blocTexte>
        <blocTab>0</blocTab>
        <blocPub>0</blocPub>
        <blocIll ocr="0">0</blocIll>
      </page>
      <page ordre="4">
        <nbMot>6158</nbMot>
        <blocTexte>50</blocTexte>
        <blocTab>0</blocTab>
        <blocPub>6</blocPub>
        <blocIll ocr="2">0</blocIll>
        <ills/>
      </page>
      <page ordre="5">
        <nbMot>5938</nbMot>
        <blocTexte>62</blocTexte>
        <blocTab>0</blocTab>
        <blocPub>3</blocPub>
        <blocIll ocr="4">1</blocIll>
        <ills>
          <ill couleur="gris" edit="1" h="1046" id="5-1" n="5-1" pub="1" taille="1" w="764" x="93" y="1722">
            <tech source="final">imp photoméca</tech>
            <tech source="md">imp photoméca</tech>
            <type/>
            <titraille>Oui jette l'argent par (a fenêtre ?</titraille>
            <txt>. celui gui pour vendre ou acheter un heaii bijou ne se renseigne pas gratuitement ch.es UUSALSOY, joaillier, u, bd. des Capucines, Pans. GRAND CHOIX D'OCCASIONS</txt>
            <index>Oui jette l'argent par (a fenêtre ?. celui gui pour vendre ou acheter un heaii bijou ne se renseigne pas gratuitement ch.es UUSALSOY, joaillier, u, bd. des Capucines, Pans. GRAND CHOIX D'OCCASIONS</index>
          </ill>
        </ills>
      </page>
      <page ordre="6">
        <nbMot>7888</nbMot>
        <blocTexte>80</blocTexte>
        <blocTab>8</blocTab>
        <blocPub>2</blocPub>
        <blocIll ocr="1">0</blocIll>
        <ills/>
      </page>
      <page ordre="7">
        <nbMot>3983</nbMot>
        <blocTexte>26</blocTexte>
        <blocTab>0</blocTab>
        <blocPub>9</blocPub>
        <blocIll ocr="0">0</blocIll>
      </page>
      <page ordre="8">
        <nbMot>3645</nbMot>
        <blocTexte>13</blocTexte>
        <blocTab>0</blocTab>
        <blocPub>10</blocPub>
        <blocIll ocr="0">0</blocIll>
      </page>
    </pages>
  </contenus>
</analyseAlto>