<analyseAlto>
  <metad>
    <type>P</type>
    <ID>bpt6k564550t</ID>
    <titre>Le Petit Parisien</titre>
    <dateEdition>1912-12-15</dateEdition>
    <nbPage>8</nbPage>
    <suppl>FALSE</suppl>
  </metad>
  <contenus>
    <nbArticle>105</nbArticle>
    <largeur>418</largeur>
    <hauteur>572</hauteur>
    <pages>
      <page ordre="1">
        <nbMot>5117</nbMot>
        <blocTexte>44</blocTexte>
        <blocTab>0</blocTab>
        <blocPub>0</blocPub>
        <blocIll ocr="3">0</blocIll>
        <ills/>
      </page>
      <page ordre="2">
        <nbMot>6090</nbMot>
        <blocTexte>53</blocTexte>
        <blocTab>0</blocTab>
        <blocPub>0</blocPub>
        <blocIll ocr="1">0</blocIll>
        <ills/>
      </page>
      <page ordre="3">
        <nbMot>6257</nbMot>
        <blocTexte>58</blocTexte>
        <blocTab>0</blocTab>
        <blocPub>0</blocPub>
        <blocIll ocr="0">0</blocIll>
      </page>
      <page ordre="4">
        <nbMot>7176</nbMot>
        <blocTexte>74</blocTexte>
        <blocTab>1</blocTab>
        <blocPub>7</blocPub>
        <blocIll ocr="0">0</blocIll>
      </page>
      <page ordre="5">
        <nbMot>6871</nbMot>
        <blocTexte>68</blocTexte>
        <blocTab>0</blocTab>
        <blocPub>6</blocPub>
        <blocIll ocr="2">1</blocIll>
        <ills>
          <ill couleur="gris" edit="1" h="660" id="5-1" n="5-1" pub="1" taille="0" w="739" x="889" y="446">
            <tech source="final">imp photoméca</tech>
            <tech source="md">imp photoméca</tech>
            <type/>
            <titraille>LA VIE SPORTIVE</titraille>
            <leg>63 0/0 des pneus montés sur les voitures exposées sont des PNEUS MICHELIN</leg>
            <txt>AUTOMOBILISME LE XIII e SALON DE L'AUTOMOBILE</txt>
            <index>LA VIE SPORTIVE63 0/0 des pneus montés sur les voitures exposées sont des PNEUS MICHELINAUTOMOBILISME LE XIII e SALON DE L'AUTOMOBILE</index>
          </ill>
        </ills>
      </page>
      <page ordre="6">
        <nbMot>9126</nbMot>
        <blocTexte>42</blocTexte>
        <blocTab>4</blocTab>
        <blocPub>3</blocPub>
        <blocIll ocr="2">1</blocIll>
        <ills>
          <ill classif="DFdnn" couleur="gris" edit="1" h="542" id="6-1" n="6-1" pub="1" taille="0" w="716" x="4131" y="1111">
            <tech source="final">imp photoméca</tech>
            <tech source="md">imp photoméca</tech>
            <contenuImg CS="0.99" h="160" sexe="P" source="dnn" w="122" x="400" y="47">face</contenuImg>
            <type/>
            <titraille>JE GUERIS LA HERNIE.</titraille>
            <txt>Demandez-moi un Echantillon Gratuit de mon Traitement, ma Brochure et des rensei gnements complets sur ma Garantie DE 5.0G0 francs Celte assertion n'est pas ta conclusion d'une réclame insensée émanant de quelque personnage irresponsable. C'est un fait certain., une déclara tion sincère et irréfutable dont la preuve peut être établie a tout moment par des milliers de person nes guéries non seulement en Angleterre, mais en France, en Belgique et dans tous les autres pays du monde. Quand je dis : « JE GUERIS », je ne veux pas dire que je tournis un bandage, -un coussinet ou tout autre appareil destiné à être porté par le malade d'une façon permanente et uniquement dans le but de CO.NTENIR sa hernie. NON ! JE VEUX DIRE que ma méthode permettra au malade de rejeter tous ces instruments de torture si encombrants et refermera l'ouverture herniaire qui s'est faite dans la paroi abdominaie; elle rendra cette paroi aussi forte et résistante que celle d'une personne Jeune, bien ' portante et n'ayant jamais élé atteinte de hernie.</txt>
            <index>JE GUERIS LA HERNIE.Demandez-moi un Echantillon Gratuit de mon Traitement, ma Brochure et des rensei gnements complets sur ma Garantie DE 5.0G0 francs Celte assertion n'est pas ta conclusion d'une réclame insensée émanant de quelque personnage irresponsable. C'est un fait certain., une déclara tion sincère et irréfutable dont la preuve peut être établie a tout moment par des milliers de person nes guéries non seulement en Angleterre, mais en France, en Belgique et dans tous les autres pays du monde. Quand je dis : « JE GUERIS », je ne veux pas dire que je tournis un bandage, -un coussinet ou tout autre appareil destiné à être porté par le malade d'une façon permanente et uniquement dans le but de CO.NTENIR sa hernie. NON ! JE VEUX DIRE que ma méthode permettra au malade de rejeter tous ces instruments de torture si encombrants et refermera l'ouverture herniaire qui s'est faite dans la paroi abdominaie; elle rendra cette paroi aussi forte et résistante que celle d'une personne Jeune, bien ' portante et n'ayant jamais élé atteinte de hernie.</index>
          </ill>
        </ills>
      </page>
      <page ordre="7">
        <nbMot>2376</nbMot>
        <blocTexte>14</blocTexte>
        <blocTab>0</blocTab>
        <blocPub>12</blocPub>
        <blocIll ocr="0">0</blocIll>
      </page>
      <page ordre="8">
        <nbMot>3826</nbMot>
        <blocTexte>15</blocTexte>
        <blocTab>0</blocTab>
        <blocPub>12</blocPub>
        <blocIll ocr="0">0</blocIll>
      </page>
    </pages>
  </contenus>
</analyseAlto>