<analyseAlto>
  <metad>
    <type>P</type>
    <ID>bpt6k5645597</ID>
    <titre>Le Petit Parisien</titre>
    <dateEdition>1912-12-24</dateEdition>
    <nbPage>6</nbPage>
    <suppl>FALSE</suppl>
  </metad>
  <contenus>
    <nbArticle>95</nbArticle>
    <largeur>421</largeur>
    <hauteur>574</hauteur>
    <pages>
      <page ordre="1">
        <nbMot>4959</nbMot>
        <blocTexte>50</blocTexte>
        <blocTab>0</blocTab>
        <blocPub>0</blocPub>
        <blocIll ocr="3">0</blocIll>
        <ills/>
      </page>
      <page ordre="2">
        <nbMot>6109</nbMot>
        <blocTexte>60</blocTexte>
        <blocTab>0</blocTab>
        <blocPub>1</blocPub>
        <blocIll ocr="1">0</blocIll>
        <ills/>
      </page>
      <page ordre="3">
        <nbMot>6037</nbMot>
        <blocTexte>56</blocTexte>
        <blocTab>0</blocTab>
        <blocPub>0</blocPub>
        <blocIll ocr="0">0</blocIll>
      </page>
      <page ordre="4">
        <nbMot>6666</nbMot>
        <blocTexte>68</blocTexte>
        <blocTab>0</blocTab>
        <blocPub>2</blocPub>
        <blocIll ocr="2">0</blocIll>
        <ills/>
      </page>
      <page ordre="5">
        <nbMot>6508</nbMot>
        <blocTexte>52</blocTexte>
        <blocTab>7</blocTab>
        <blocPub>12</blocPub>
        <blocIll ocr="1">0</blocIll>
        <ills/>
      </page>
      <page ordre="6">
        <nbMot>4852</nbMot>
        <blocTexte>30</blocTexte>
        <blocTab>7</blocTab>
        <blocPub>8</blocPub>
        <blocIll ocr="1">1</blocIll>
        <ills>
          <ill couleur="gris" derniere="true" edit="1" h="1864" id="6-1" n="6-1" pub="1" taille="4" w="1402" x="1769" y="385">
            <tech source="final">imp photoméca</tech>
            <tech source="md">imp photoméca</tech>
            <type/>
            <titraille>UNE SAGE RECOMMANDATION</titraille>
            <leg>—...Et surtout, Père Noéhii'oubliez pas la bouteille de Dubonuet !..</leg>
            <index>UNE SAGE RECOMMANDATION—...Et surtout, Père Noéhii'oubliez pas la bouteille de Dubonuet !..</index>
          </ill>
        </ills>
      </page>
    </pages>
  </contenus>
</analyseAlto>