<analyseAlto>
  <metad>
    <type>P</type>
    <ID>bpt6k564561j</ID>
    <titre>Le Petit Parisien</titre>
    <dateEdition>1912-12-26</dateEdition>
    <nbPage>6</nbPage>
    <suppl>FALSE</suppl>
  </metad>
  <contenus>
    <nbArticle>83</nbArticle>
    <largeur>423</largeur>
    <hauteur>573</hauteur>
    <pages>
      <page ordre="1">
        <nbMot>5118</nbMot>
        <blocTexte>52</blocTexte>
        <blocTab>0</blocTab>
        <blocPub>0</blocPub>
        <blocIll ocr="4">0</blocIll>
        <ills/>
      </page>
      <page ordre="2">
        <nbMot>5900</nbMot>
        <blocTexte>47</blocTexte>
        <blocTab>0</blocTab>
        <blocPub>0</blocPub>
        <blocIll ocr="2">0</blocIll>
        <ills/>
      </page>
      <page ordre="3">
        <nbMot>5972</nbMot>
        <blocTexte>65</blocTexte>
        <blocTab>0</blocTab>
        <blocPub>0</blocPub>
        <blocIll ocr="0">0</blocIll>
      </page>
      <page ordre="4">
        <nbMot>6020</nbMot>
        <blocTexte>44</blocTexte>
        <blocTab>0</blocTab>
        <blocPub>1</blocPub>
        <blocIll ocr="2">1</blocIll>
        <ills>
          <ill classif="DFdnn" couleur="gris" edit="1" h="647" id="4-2" n="4-2" pub="1" taille="0" w="774" x="4127" y="347">
            <tech source="final">imp photoméca</tech>
            <tech source="md">imp photoméca</tech>
            <contenuImg CS="0.98" h="160" sexe="P" source="dnn" w="145" x="332" y="107">face</contenuImg>
            <type/>
            <titraille>iiôVuïf'aÂGëij</titraille>
            <txt>lutntd adiejded; cè - ùncéod, a de menr, V 9 nzcusnieriartjt tf rnx/td, cl. . ♦ • ftadde. ûrutes -éh cJlaéetxtJcteéete' ® J 9 rftûtte] d'est toufcruAd eLdanetaifle- 0 ® mertEfit/lie, 9 Q é?aximduiti nt detcrutê g % matsfté yto'a. danois- £ 9 d-cvnce, t£nefi£doe£i?tte~2Â/   6ffl # £ etee tec-, defuxis d z noid- ft £ deunce., ottac. trr tr eacce ènJi' • iùixteucc.d'arWL'' § £ éxjccajLcn de instuf dzse co7rvérs.n A rusas n cewmd-eee. pu. a. neruej/eU -9 cet»? de cette a nieeitatiefn. £ 4i %ue de 9 • % ix 21 (fret 3 * Ifiti q</txt>
            <index>iiôVuïf'aÂGëijlutntd adiejded; cè - ùncéod, a de menr, V 9 nzcusnieriartjt tf rnx/td, cl. . ♦ • ftadde. ûrutes -éh cJlaéetxtJcteéete' ® J 9 rftûtte] d'est toufcruAd eLdanetaifle- 0 ® mertEfit/lie, 9 Q é?aximduiti nt detcrutê g % matsfté yto'a. danois- £ 9 d-cvnce, t£nefi£doe£i?tte~2Â/   6ffl # £ etee tec-, defuxis d z noid- ft £ deunce., ottac. trr tr eacce ènJi' • iùixteucc.d'arWL'' § £ éxjccajLcn de instuf dzse co7rvérs.n A rusas n cewmd-eee. pu. a. neruej/eU -9 cet»? de cette a nieeitatiefn. £ 4i %ue de 9 • % ix 21 (fret 3 * Ifiti q</index>
          </ill>
        </ills>
      </page>
      <page ordre="5">
        <nbMot>6563</nbMot>
        <blocTexte>86</blocTexte>
        <blocTab>1</blocTab>
        <blocPub>6</blocPub>
        <blocIll ocr="1">0</blocIll>
        <ills/>
      </page>
      <page ordre="6">
        <nbMot>6228</nbMot>
        <blocTexte>36</blocTexte>
        <blocTab>0</blocTab>
        <blocPub>9</blocPub>
        <blocIll ocr="0">0</blocIll>
      </page>
    </pages>
  </contenus>
</analyseAlto>