<analyseAlto>
  <metad>
    <type>P</type>
    <ID>bpt6k5643163</ID>
    <titre>Le Petit Parisien</titre>
    <dateEdition>1912-04-24</dateEdition>
    <nbPage>6</nbPage>
    <suppl>FALSE</suppl>
  </metad>
  <contenus>
    <nbArticle>83</nbArticle>
    <largeur>415</largeur>
    <hauteur>566</hauteur>
    <pages>
      <page ordre="1">
        <nbMot>4884</nbMot>
        <blocTexte>48</blocTexte>
        <blocTab>0</blocTab>
        <blocPub>0</blocPub>
        <blocIll ocr="2">0</blocIll>
        <ills/>
      </page>
      <page ordre="2">
        <nbMot>6254</nbMot>
        <blocTexte>60</blocTexte>
        <blocTab>0</blocTab>
        <blocPub>0</blocPub>
        <blocIll ocr="2">0</blocIll>
        <ills/>
      </page>
      <page ordre="3">
        <nbMot>6202</nbMot>
        <blocTexte>67</blocTexte>
        <blocTab>0</blocTab>
        <blocPub>1</blocPub>
        <blocIll ocr="0">0</blocIll>
      </page>
      <page ordre="4">
        <nbMot>7743</nbMot>
        <blocTexte>73</blocTexte>
        <blocTab>4</blocTab>
        <blocPub>5</blocPub>
        <blocIll ocr="0">0</blocIll>
      </page>
      <page ordre="5">
        <nbMot>5531</nbMot>
        <blocTexte>29</blocTexte>
        <blocTab>7</blocTab>
        <blocPub>8</blocPub>
        <blocIll ocr="0">0</blocIll>
      </page>
      <page ordre="6">
        <nbMot>3327</nbMot>
        <blocTexte>29</blocTexte>
        <blocTab>0</blocTab>
        <blocPub>6</blocPub>
        <blocIll ocr="3">1</blocIll>
        <ills>
          <ill couleur="gris" derniere="true" edit="1" h="952" id="6-1" n="6-1" pub="1" rotation="0" taille="0" w="343" x="441" y="1235">
            <tech source="final">imp photoméca</tech>
            <tech source="md">imp photoméca</tech>
            <type/>
            <titraille>PLATE DURANT 35 ANS</titraille>
            <txt>cette femme obtient</txt>
            <index>PLATE DURANT 35 ANScette femme obtient</index>
          </ill>
        </ills>
      </page>
    </pages>
  </contenus>
</analyseAlto>