<analyseAlto>
  <metad>
    <type>P</type>
    <ID>bpt6k564558v</ID>
    <titre>Le Petit Parisien</titre>
    <dateEdition>1912-12-23</dateEdition>
    <nbPage>6</nbPage>
    <suppl>FALSE</suppl>
  </metad>
  <contenus>
    <nbArticle>83</nbArticle>
    <largeur>424</largeur>
    <hauteur>572</hauteur>
    <pages>
      <page ordre="1">
        <nbMot>4847</nbMot>
        <blocTexte>39</blocTexte>
        <blocTab>0</blocTab>
        <blocPub>0</blocPub>
        <blocIll ocr="2">0</blocIll>
        <ills/>
      </page>
      <page ordre="2">
        <nbMot>5814</nbMot>
        <blocTexte>52</blocTexte>
        <blocTab>0</blocTab>
        <blocPub>0</blocPub>
        <blocIll ocr="3">0</blocIll>
        <ills/>
      </page>
      <page ordre="3">
        <nbMot>6091</nbMot>
        <blocTexte>60</blocTexte>
        <blocTab>0</blocTab>
        <blocPub>0</blocPub>
        <blocIll ocr="0">0</blocIll>
      </page>
      <page ordre="4">
        <nbMot>6387</nbMot>
        <blocTexte>47</blocTexte>
        <blocTab>2</blocTab>
        <blocPub>1</blocPub>
        <blocIll ocr="2">1</blocIll>
        <ills>
          <ill classif="DFdnn" couleur="gris" edit="1" h="1176" id="4-2" n="4-2" pub="1" taille="1" w="767" x="4098" y="931">
            <tech source="final">imp photoméca</tech>
            <tech source="md">imp photoméca</tech>
            <contenuImg CS="0.91" h="115" sexe="P" source="dnn" w="92" x="330" y="495">face</contenuImg>
            <type/>
            <titraille>PARI MUTUEL UNIFIE. 5 FRANCS</titraille>
            <leg>La clôture du Salon</leg>
            <txt>AUTOMOBILISME</txt>
            <index>PARI MUTUEL UNIFIE. 5 FRANCSLa clôture du SalonAUTOMOBILISME</index>
          </ill>
        </ills>
      </page>
      <page ordre="5">
        <nbMot>7284</nbMot>
        <blocTexte>74</blocTexte>
        <blocTab>0</blocTab>
        <blocPub>10</blocPub>
        <blocIll ocr="0">0</blocIll>
      </page>
      <page ordre="6">
        <nbMot>6461</nbMot>
        <blocTexte>29</blocTexte>
        <blocTab>0</blocTab>
        <blocPub>11</blocPub>
        <blocIll ocr="0">0</blocIll>
      </page>
    </pages>
  </contenus>
</analyseAlto>