<analyseAlto>
  <metad>
    <type>P</type>
    <ID>bpt6k564540g</ID>
    <titre>Le Petit Parisien</titre>
    <dateEdition>1912-12-05</dateEdition>
    <nbPage>6</nbPage>
    <suppl>FALSE</suppl>
  </metad>
  <contenus>
    <nbArticle>80</nbArticle>
    <largeur>414</largeur>
    <hauteur>571</hauteur>
    <pages>
      <page ordre="1">
        <nbMot>4241</nbMot>
        <blocTexte>35</blocTexte>
        <blocTab>0</blocTab>
        <blocPub>0</blocPub>
        <blocIll ocr="3">0</blocIll>
        <ills/>
      </page>
      <page ordre="2">
        <nbMot>6661</nbMot>
        <blocTexte>54</blocTexte>
        <blocTab>0</blocTab>
        <blocPub>0</blocPub>
        <blocIll ocr="1">0</blocIll>
        <ills/>
      </page>
      <page ordre="3">
        <nbMot>6285</nbMot>
        <blocTexte>55</blocTexte>
        <blocTab>0</blocTab>
        <blocPub>0</blocPub>
        <blocIll ocr="0">0</blocIll>
      </page>
      <page ordre="4">
        <nbMot>6849</nbMot>
        <blocTexte>94</blocTexte>
        <blocTab>0</blocTab>
        <blocPub>6</blocPub>
        <blocIll ocr="2">0</blocIll>
        <ills/>
      </page>
      <page ordre="5">
        <nbMot>10112</nbMot>
        <blocTexte>50</blocTexte>
        <blocTab>2</blocTab>
        <blocPub>8</blocPub>
        <blocIll ocr="1">0</blocIll>
        <ills/>
      </page>
      <page ordre="6">
        <nbMot>4905</nbMot>
        <blocTexte>39</blocTexte>
        <blocTab>3</blocTab>
        <blocPub>13</blocPub>
        <blocIll ocr="1">1</blocIll>
        <ills>
          <ill classif="DFdnn" couleur="gris" derniere="true" edit="1" h="697" id="6-1" n="6-1" pub="1" taille="0" w="370" x="9" y="712">
            <tech source="final">imp photoméca</tech>
            <tech source="md">imp photoméca</tech>
            <contenuImg CS="0.96" h="475" sexe="P" source="dnn" w="330" x="37" y="110">face</contenuImg>
            <type/>
            <titraille>Le Pulsoconn-Macaura</titraille>
            <txt>Les mille et une guérisons du   Petit Médecin d'acier   La liste s'allonge interminablement Des preuves, toujours des preuves</txt>
            <index>Le Pulsoconn-MacauraLes mille et une guérisons du   Petit Médecin d'acier   La liste s'allonge interminablement Des preuves, toujours des preuves</index>
          </ill>
        </ills>
      </page>
    </pages>
  </contenus>
</analyseAlto>