<analyseAlto>
  <metad>
    <type>P</type>
    <ID>bpt6k564615n</ID>
    <titre>Le Petit Parisien</titre>
    <dateEdition>1913-02-18</dateEdition>
    <nbPage>6</nbPage>
    <suppl>FALSE</suppl>
  </metad>
  <contenus>
    <nbArticle>71</nbArticle>
    <largeur>423</largeur>
    <hauteur>575</hauteur>
    <pages>
      <page ordre="1">
        <nbMot>5192</nbMot>
        <blocTexte>38</blocTexte>
        <blocTab>0</blocTab>
        <blocPub>0</blocPub>
        <blocIll ocr="3">0</blocIll>
        <ills/>
      </page>
      <page ordre="2">
        <nbMot>6557</nbMot>
        <blocTexte>45</blocTexte>
        <blocTab>0</blocTab>
        <blocPub>0</blocPub>
        <blocIll ocr="1">0</blocIll>
        <ills/>
      </page>
      <page ordre="3">
        <nbMot>5915</nbMot>
        <blocTexte>60</blocTexte>
        <blocTab>0</blocTab>
        <blocPub>0</blocPub>
        <blocIll ocr="0">0</blocIll>
      </page>
      <page ordre="4">
        <nbMot>7542</nbMot>
        <blocTexte>85</blocTexte>
        <blocTab>1</blocTab>
        <blocPub>4</blocPub>
        <blocIll ocr="1">0</blocIll>
        <ills/>
      </page>
      <page ordre="5">
        <nbMot>10287</nbMot>
        <blocTexte>38</blocTexte>
        <blocTab>3</blocTab>
        <blocPub>12</blocPub>
        <blocIll ocr="1">0</blocIll>
        <ills/>
      </page>
      <page ordre="6">
        <nbMot>5048</nbMot>
        <blocTexte>36</blocTexte>
        <blocTab>3</blocTab>
        <blocPub>14</blocPub>
        <blocIll ocr="2">1</blocIll>
        <ills>
          <ill classif="DFdnn" couleur="gris" derniere="true" edit="1" h="573" id="6-1" n="6-1" pub="1" taille="0" w="450" x="2857" y="3311">
            <tech source="final">imp photoméca</tech>
            <tech source="md">imp photoméca</tech>
            <contenuImg CS="1.00" h="312" sexe="P" source="dnn" w="220" x="62" y="157">face</contenuImg>
            <type/>
            <titraille>La VERITE sir la CULTURE A CHEVEU</titraille>
            <txt>Offre remarquable de 1.000.000 de flacons gratuits de   HARLENE POUR LEJ CHEVEUX et indication d'une expérience fort simple que tout le monde peut faire.</txt>
            <index>La VERITE sir la CULTURE A CHEVEUOffre remarquable de 1.000.000 de flacons gratuits de   HARLENE POUR LEJ CHEVEUX et indication d'une expérience fort simple que tout le monde peut faire.</index>
          </ill>
        </ills>
      </page>
    </pages>
  </contenus>
</analyseAlto>