<analyseAlto>
  <metad>
    <type>P</type>
    <ID>bpt6k564721s</ID>
    <titre>Le Petit Parisien</titre>
    <dateEdition>1913-06-04</dateEdition>
    <nbPage>6</nbPage>
    <suppl>FALSE</suppl>
  </metad>
  <contenus>
    <nbArticle>87</nbArticle>
    <largeur>423</largeur>
    <hauteur>572</hauteur>
    <pages>
      <page ordre="1">
        <nbMot>5144</nbMot>
        <blocTexte>54</blocTexte>
        <blocTab>0</blocTab>
        <blocPub>0</blocPub>
        <blocIll ocr="2">0</blocIll>
        <ills/>
      </page>
      <page ordre="2">
        <nbMot>6500</nbMot>
        <blocTexte>41</blocTexte>
        <blocTab>0</blocTab>
        <blocPub>0</blocPub>
        <blocIll ocr="3">0</blocIll>
        <ills/>
      </page>
      <page ordre="3">
        <nbMot>6100</nbMot>
        <blocTexte>66</blocTexte>
        <blocTab>0</blocTab>
        <blocPub>0</blocPub>
        <blocIll ocr="0">0</blocIll>
      </page>
      <page ordre="4">
        <nbMot>7045</nbMot>
        <blocTexte>45</blocTexte>
        <blocTab>2</blocTab>
        <blocPub>2</blocPub>
        <blocIll ocr="1">0</blocIll>
        <ills/>
      </page>
      <page ordre="5">
        <nbMot>7065</nbMot>
        <blocTexte>48</blocTexte>
        <blocTab>9</blocTab>
        <blocPub>6</blocPub>
        <blocIll ocr="0">0</blocIll>
      </page>
      <page ordre="6">
        <nbMot>3709</nbMot>
        <blocTexte>15</blocTexte>
        <blocTab>0</blocTab>
        <blocPub>8</blocPub>
        <blocIll ocr="1">1</blocIll>
        <ills>
          <ill classif="DFdnn" couleur="gris" derniere="true" edit="1" h="543" id="6-1" n="6-1" pub="1" taille="0" w="797" x="4121" y="4514">
            <tech source="final">imp photoméca</tech>
            <tech source="md">imp photoméca</tech>
            <contenuImg CS="1.00" h="167" sexe="P" source="dnn" w="120" x="462" y="50">face</contenuImg>
            <type/>
            <titraille>JE GUERIS LA HERNIE.</titraille>
            <txt>Demandez-moi un Echantillon Gratuit de moo Traitement, ma Brochure et des rensei gnements complets sur ma Garantie I E S.QOO francs Cette assertion n'est pas la conclusion d'une réclame insensée émanant de quelque personnage irresponsable. Cest un fait certan, une déclara tion sincère et irréfutable dont la preuve peut être établie à tout moment par des milliers de person nes guéries non seulement en Angleterre, mais en France, en Belgique et dans tous les autres paya du monde. Quand je dis : « JE GtJERIS », je ne veux pas dire que je fournis un bandage, un coussinet ou tout autre appareil destiné a être porté par le malade d'une façon permanente et uniquement dans le but de CONTENIR sa hernie. NON ! JE VEUX DIRE que ma méthode permettra au malade de rejeter tous ces instruments de torture si encombrants et refermera l'ouverture herniaire qui s'est faite dans la paroi abdominale : elle rendra cette paroi aussi forte el résistante que celle d'une personne jeune* bien portante M n'ayant jamais été atteinte de hernie.</txt>
            <index>JE GUERIS LA HERNIE.Demandez-moi un Echantillon Gratuit de moo Traitement, ma Brochure et des rensei gnements complets sur ma Garantie I E S.QOO francs Cette assertion n'est pas la conclusion d'une réclame insensée émanant de quelque personnage irresponsable. Cest un fait certan, une déclara tion sincère et irréfutable dont la preuve peut être établie à tout moment par des milliers de person nes guéries non seulement en Angleterre, mais en France, en Belgique et dans tous les autres paya du monde. Quand je dis : « JE GtJERIS », je ne veux pas dire que je fournis un bandage, un coussinet ou tout autre appareil destiné a être porté par le malade d'une façon permanente et uniquement dans le but de CONTENIR sa hernie. NON ! JE VEUX DIRE que ma méthode permettra au malade de rejeter tous ces instruments de torture si encombrants et refermera l'ouverture herniaire qui s'est faite dans la paroi abdominale : elle rendra cette paroi aussi forte el résistante que celle d'une personne jeune* bien portante M n'ayant jamais été atteinte de hernie.</index>
          </ill>
        </ills>
      </page>
    </pages>
  </contenus>
</analyseAlto>