<analyseAlto>
  <metad>
    <type>P</type>
    <ID>bpt6k5646072</ID>
    <titre>Le Petit Parisien</titre>
    <dateEdition>1913-02-10</dateEdition>
    <nbPage>6</nbPage>
    <suppl>FALSE</suppl>
  </metad>
  <contenus>
    <nbArticle>94</nbArticle>
    <largeur>427</largeur>
    <hauteur>572</hauteur>
    <pages>
      <page ordre="1">
        <nbMot>5347</nbMot>
        <blocTexte>41</blocTexte>
        <blocTab>0</blocTab>
        <blocPub>0</blocPub>
        <blocIll ocr="3">0</blocIll>
        <ills/>
      </page>
      <page ordre="2">
        <nbMot>6593</nbMot>
        <blocTexte>55</blocTexte>
        <blocTab>0</blocTab>
        <blocPub>1</blocPub>
        <blocIll ocr="1">0</blocIll>
        <ills/>
      </page>
      <page ordre="3">
        <nbMot>5881</nbMot>
        <blocTexte>65</blocTexte>
        <blocTab>0</blocTab>
        <blocPub>0</blocPub>
        <blocIll ocr="1">0</blocIll>
        <ills/>
      </page>
      <page ordre="4">
        <nbMot>7096</nbMot>
        <blocTexte>68</blocTexte>
        <blocTab>2</blocTab>
        <blocPub>4</blocPub>
        <blocIll ocr="0">0</blocIll>
      </page>
      <page ordre="5">
        <nbMot>6580</nbMot>
        <blocTexte>85</blocTexte>
        <blocTab>0</blocTab>
        <blocPub>6</blocPub>
        <blocIll ocr="2">0</blocIll>
        <ills/>
      </page>
      <page ordre="6">
        <nbMot>5461</nbMot>
        <blocTexte>31</blocTexte>
        <blocTab>0</blocTab>
        <blocPub>14</blocPub>
        <blocIll ocr="1">1</blocIll>
        <ills>
          <ill classif="DFdnn" couleur="gris" derniere="true" edit="1" h="998" id="6-1" n="6-1" pub="1" taille="2" w="1513" x="193" y="259">
            <tech source="final">imp photoméca</tech>
            <tech source="md">imp photoméca</tech>
            <type/>
            <titraille>LA POLICE DES POUMONS</titraille>
            <txt>De même que le sergent de ville fait circuler les promeneurs, de même le QOUDRON-GUYOT,en guérissant les bronchites, catarrhes, rhumes, etc., fait circuler librement l'air dans les poumons.</txt>
            <index>LA POLICE DES POUMONSDe même que le sergent de ville fait circuler les promeneurs, de même le QOUDRON-GUYOT,en guérissant les bronchites, catarrhes, rhumes, etc., fait circuler librement l'air dans les poumons.</index>
          </ill>
        </ills>
      </page>
    </pages>
  </contenus>
</analyseAlto>