<analyseAlto>
  <metad>
    <type>P</type>
    <ID>bpt6k5646797</ID>
    <titre>Le Petit Parisien</titre>
    <dateEdition>1913-04-23</dateEdition>
    <nbPage>6</nbPage>
    <suppl>FALSE</suppl>
  </metad>
  <contenus>
    <nbArticle>79</nbArticle>
    <largeur>424</largeur>
    <hauteur>573</hauteur>
    <pages>
      <page ordre="1">
        <nbMot>4636</nbMot>
        <blocTexte>45</blocTexte>
        <blocTab>0</blocTab>
        <blocPub>0</blocPub>
        <blocIll ocr="3">0</blocIll>
        <ills/>
      </page>
      <page ordre="2">
        <nbMot>6360</nbMot>
        <blocTexte>64</blocTexte>
        <blocTab>0</blocTab>
        <blocPub>0</blocPub>
        <blocIll ocr="1">0</blocIll>
        <ills/>
      </page>
      <page ordre="3">
        <nbMot>6125</nbMot>
        <blocTexte>53</blocTexte>
        <blocTab>0</blocTab>
        <blocPub>0</blocPub>
        <blocIll ocr="0">0</blocIll>
      </page>
      <page ordre="4">
        <nbMot>7076</nbMot>
        <blocTexte>62</blocTexte>
        <blocTab>2</blocTab>
        <blocPub>5</blocPub>
        <blocIll ocr="0">0</blocIll>
      </page>
      <page ordre="5">
        <nbMot>4539</nbMot>
        <blocTexte>28</blocTexte>
        <blocTab>5</blocTab>
        <blocPub>6</blocPub>
        <blocIll ocr="1">1</blocIll>
        <ills>
          <ill couleur="gris" edit="1" h="647" id="5-1" n="5-1" pub="1" taille="0" w="751" x="909" y="159">
            <tech source="final">imp photoméca</tech>
            <tech source="md">imp photoméca</tech>
            <type/>
            <titraille>SPECTACLES DU 23 AVBII</titraille>
            <txt>» THÉÂTRES Opéra, 8 h. Rigpletto ; CoppéHa. Comédie-Française, 8 h. 1/4. L Embuscade. Opéra-Comique, Bh. 3/4. — Werther. Odéon, 8 h. 3/4. La rue du Sentier. Théâtre des Champs-Elysées (direction Gabriel Astruc), tél. 627-61 et 627-62, 9 h. Concert de Mme Melba. Galté-Lyrique, 8 h. 1/4. Carmosine. Sarab-Bernùardt, 8 h. 3/4. La Chienne du roi ; Servir. „ . _ Porte-Saint-Martin, 8 h. 1/4. Cyrano de Ber gerac. Variétés, 8 h. 3/4. L'Habit vert. Athénée, 8 h. 3/4. La Semaine folle. Gymnase, 9 h. 1/4. La Demoiselle de magasin. Renaissance, 8 h. 3/4. Le Minaret. Ambigu-Comique, 8 h. 1/2- Cœur de Française. Châtelet. 8 h. 1/2. Le Tour du monde en S 0 jours. Palais-Royal, 9 h. La Présidente. Apolio. 8 h. 3/4. La Chaste Suzanne. Antoine, 8 h. 1/2. La Femme et le Pantin. Trianon-Lyrique, 8 h. 1/2. La Cigale et la Fourmi. Vaudeville, 9 h. 1/4. Les Honneurs de la guerre. Théâtre Fémina. 9 h., Betty : 9 h. 1/2, Eh L.. Eh 1... (revue de Rip et Bousquet). Rèjane, 9 h. Alsace. Grand-Guignol (T. 228-34), 9 h. Le Bonheur : le Croissant noir ; les Ficelles ; S. O. S. ; le Joli Garçon. Bouffes-Parisiens, 9 h, Le Secret. Comedie des Champs-Elysées, 8 h. 3/4. L'Exilée. Château-d'Eau (T. 439-05), 8 h. 3/4. Les Cloches de Corneville (Van Neim). Ncuveautes-Parisiennes. Clôture de la saison de comédie. Folies-Dramatiques (T. 437-01), 8 h. 1/2. Vierge vengée. Théâtre des Arts, 9 1). ..es Aveux indiscrets, le Couronnement de l'oppée, Mesdames de la Halle. Théâtre Michel, 8 h. 3/4. Chambre 3 ami; Blanche C</txt>
            <index>SPECTACLES DU 23 AVBII» THÉÂTRES Opéra, 8 h. Rigpletto ; CoppéHa. Comédie-Française, 8 h. 1/4. L Embuscade. Opéra-Comique, Bh. 3/4. — Werther. Odéon, 8 h. 3/4. La rue du Sentier. Théâtre des Champs-Elysées (direction Gabriel Astruc), tél. 627-61 et 627-62, 9 h. Concert de Mme Melba. Galté-Lyrique, 8 h. 1/4. Carmosine. Sarab-Bernùardt, 8 h. 3/4. La Chienne du roi ; Servir. „ . _ Porte-Saint-Martin, 8 h. 1/4. Cyrano de Ber gerac. Variétés, 8 h. 3/4. L'Habit vert. Athénée, 8 h. 3/4. La Semaine folle. Gymnase, 9 h. 1/4. La Demoiselle de magasin. Renaissance, 8 h. 3/4. Le Minaret. Ambigu-Comique, 8 h. 1/2- Cœur de Française. Châtelet. 8 h. 1/2. Le Tour du monde en S 0 jours. Palais-Royal, 9 h. La Présidente. Apolio. 8 h. 3/4. La Chaste Suzanne. Antoine, 8 h. 1/2. La Femme et le Pantin. Trianon-Lyrique, 8 h. 1/2. La Cigale et la Fourmi. Vaudeville, 9 h. 1/4. Les Honneurs de la guerre. Théâtre Fémina. 9 h., Betty : 9 h. 1/2, Eh L.. Eh 1... (revue de Rip et Bousquet). Rèjane, 9 h. Alsace. Grand-Guignol (T. 228-34), 9 h. Le Bonheur : le Croissant noir ; les Ficelles ; S. O. S. ; le Joli Garçon. Bouffes-Parisiens, 9 h, Le Secret. Comedie des Champs-Elysées, 8 h. 3/4. L'Exilée. Château-d'Eau (T. 439-05), 8 h. 3/4. Les Cloches de Corneville (Van Neim). Ncuveautes-Parisiennes. Clôture de la saison de comédie. Folies-Dramatiques (T. 437-01), 8 h. 1/2. Vierge vengée. Théâtre des Arts, 9 1). ..es Aveux indiscrets, le Couronnement de l'oppée, Mesdames de la Halle. Théâtre Michel, 8 h. 3/4. Chambre 3 ami; Blanche C</index>
          </ill>
        </ills>
      </page>
      <page ordre="6">
        <nbMot>3845</nbMot>
        <blocTexte>15</blocTexte>
        <blocTab>0</blocTab>
        <blocPub>10</blocPub>
        <blocIll ocr="0">0</blocIll>
      </page>
    </pages>
  </contenus>
</analyseAlto>