<analyseAlto>
  <metad>
    <type>P</type>
    <ID>bpt6k564634z</ID>
    <titre>Le Petit Parisien</titre>
    <dateEdition>1913-03-09</dateEdition>
    <nbPage>8</nbPage>
    <suppl>FALSE</suppl>
  </metad>
  <contenus>
    <nbArticle>101</nbArticle>
    <largeur>423</largeur>
    <hauteur>575</hauteur>
    <pages>
      <page ordre="1">
        <nbMot>5254</nbMot>
        <blocTexte>46</blocTexte>
        <blocTab>0</blocTab>
        <blocPub>0</blocPub>
        <blocIll ocr="3">0</blocIll>
        <ills/>
      </page>
      <page ordre="2">
        <nbMot>6471</nbMot>
        <blocTexte>54</blocTexte>
        <blocTab>0</blocTab>
        <blocPub>0</blocPub>
        <blocIll ocr="1">0</blocIll>
        <ills/>
      </page>
      <page ordre="3">
        <nbMot>6208</nbMot>
        <blocTexte>62</blocTexte>
        <blocTab>0</blocTab>
        <blocPub>0</blocPub>
        <blocIll ocr="0">0</blocIll>
      </page>
      <page ordre="4">
        <nbMot>6480</nbMot>
        <blocTexte>66</blocTexte>
        <blocTab>0</blocTab>
        <blocPub>8</blocPub>
        <blocIll ocr="1">0</blocIll>
        <ills/>
      </page>
      <page ordre="5">
        <nbMot>6767</nbMot>
        <blocTexte>69</blocTexte>
        <blocTab>4</blocTab>
        <blocPub>6</blocPub>
        <blocIll ocr="1">0</blocIll>
        <ills/>
      </page>
      <page ordre="6">
        <nbMot>6422</nbMot>
        <blocTexte>24</blocTexte>
        <blocTab>9</blocTab>
        <blocPub>8</blocPub>
        <blocIll ocr="0">0</blocIll>
      </page>
      <page ordre="7">
        <nbMot>2497</nbMot>
        <blocTexte>12</blocTexte>
        <blocTab>0</blocTab>
        <blocPub>5</blocPub>
        <blocIll ocr="1">1</blocIll>
        <ills>
          <ill classif="DFdnn" couleur="gris" edit="1" h="643" id="7-1" n="7-1" pub="1" taille="0" w="725" x="4163" y="359">
            <tech source="final">imp photoméca</tech>
            <tech source="md">imp photoméca</tech>
            <type/>
            <titraille>LES MALADES ET LES MALADIES</titraille>
            <txt>Si vous souffrez d'une maladie quelcon que, si vous êtes attoints de douleurs, a une maladie de la peau, du sang ou des nerfs, si vous souffrez de la poitrine, de l'estomac ou de la vessie, consultez la Médecine Végétale, livre de santé indis pensable à tous. La Médecine Véaétale donne, aveo l'a natomie et le fonctionnement du corps hu main. la description détaillée et complète de toutes les maladies, comment elles dé butent, comment les reconnaître et este ment les guérir. Chaque maladie est clai rement expliquée, le malade reconnaît de suite son cas et le traitement qu'il doit employer pour se guérir. La Médecine Végétale guérit et nous le prouvons tous les jours sans drogues nuisibles, ni poisons, mais avec les sucs des plantes qui purifient le sang et régé nèrent l'organisme. La Médecine Végétale, œuvre du Docteur Narodetzki, de la Faculté dé Paris, constitue tin magnifique ouvrage relié de 920 pa ges, illustré de plus de 600 gravures dA natomîe et de Plantes, avec 24 planohes en couleurs hors texte. Dans un but de propagande scientifique, le prix, sans précédent, de ce beau volu me est fixé à 95 centimes. Pour le rece voir franco poste recommandé, adresser 1 fr. 50 pour la France et 2 fr. pour Colo nies et Etranger, en timbres ou mandat, a M. Narodelzki, Grands Pharmacia du Globe, 19, Eouiaoari Boane-Houaelte, Paris, et dans toutes les librairies.</txt>
            <index>LES MALADES ET LES MALADIESSi vous souffrez d'une maladie quelcon que, si vous êtes attoints de douleurs, a une maladie de la peau, du sang ou des nerfs, si vous souffrez de la poitrine, de l'estomac ou de la vessie, consultez la Médecine Végétale, livre de santé indis pensable à tous. La Médecine Véaétale donne, aveo l'a natomie et le fonctionnement du corps hu main. la description détaillée et complète de toutes les maladies, comment elles dé butent, comment les reconnaître et este ment les guérir. Chaque maladie est clai rement expliquée, le malade reconnaît de suite son cas et le traitement qu'il doit employer pour se guérir. La Médecine Végétale guérit et nous le prouvons tous les jours sans drogues nuisibles, ni poisons, mais avec les sucs des plantes qui purifient le sang et régé nèrent l'organisme. La Médecine Végétale, œuvre du Docteur Narodetzki, de la Faculté dé Paris, constitue tin magnifique ouvrage relié de 920 pa ges, illustré de plus de 600 gravures dA natomîe et de Plantes, avec 24 planohes en couleurs hors texte. Dans un but de propagande scientifique, le prix, sans précédent, de ce beau volu me est fixé à 95 centimes. Pour le rece voir franco poste recommandé, adresser 1 fr. 50 pour la France et 2 fr. pour Colo nies et Etranger, en timbres ou mandat, a M. Narodelzki, Grands Pharmacia du Globe, 19, Eouiaoari Boane-Houaelte, Paris, et dans toutes les librairies.</index>
          </ill>
        </ills>
      </page>
      <page ordre="8">
        <nbMot>2469</nbMot>
        <blocTexte>16</blocTexte>
        <blocTab>0</blocTab>
        <blocPub>7</blocPub>
        <blocIll ocr="2">0</blocIll>
        <ills/>
      </page>
    </pages>
  </contenus>
</analyseAlto>