<analyseAlto>
  <metad>
    <type>P</type>
    <ID>bpt6k564686f</ID>
    <titre>Le Petit Parisien</titre>
    <dateEdition>1913-04-30</dateEdition>
    <nbPage>6</nbPage>
    <suppl>FALSE</suppl>
  </metad>
  <contenus>
    <nbArticle>87</nbArticle>
    <largeur>426</largeur>
    <hauteur>573</hauteur>
    <pages>
      <page ordre="1">
        <nbMot>5221</nbMot>
        <blocTexte>49</blocTexte>
        <blocTab>0</blocTab>
        <blocPub>0</blocPub>
        <blocIll ocr="2">0</blocIll>
        <ills/>
      </page>
      <page ordre="2">
        <nbMot>6334</nbMot>
        <blocTexte>61</blocTexte>
        <blocTab>0</blocTab>
        <blocPub>0</blocPub>
        <blocIll ocr="1">0</blocIll>
        <ills/>
      </page>
      <page ordre="3">
        <nbMot>6101</nbMot>
        <blocTexte>52</blocTexte>
        <blocTab>0</blocTab>
        <blocPub>0</blocPub>
        <blocIll ocr="0">0</blocIll>
      </page>
      <page ordre="4">
        <nbMot>6830</nbMot>
        <blocTexte>50</blocTexte>
        <blocTab>1</blocTab>
        <blocPub>2</blocPub>
        <blocIll ocr="2">1</blocIll>
        <ills>
          <ill classif="DFdnn" couleur="gris" edit="1" h="839" id="4-2" n="4-2" pub="1" taille="1" w="676" x="4235" y="3347">
            <tech source="final">imp photoméca</tech>
            <tech source="md">imp photoméca</tech>
            <contenuImg CS="1.00" h="477" sexe="P" source="dnn" w="385" x="107" y="170">face</contenuImg>
            <type/>
            <titraille>JAMAIS DEUX SANS TROIS</titraille>
            <txt>Dans un de nos précédents articles, nous avons signalé la belle guérison obtenue, grâce aux Pilu les Pink, par Mlle Germaine DCTLAT, de Sainl- Gilles-Croix-de-Vie (Vendée). Cette jeune fille, res tée très anémique, très faible, à la suite d'une fièvre typhoïde très grave, avait vu sa convales cence s'établir très rapidement par l'intervention énergique des Pilules Pink. On nous signale au jourd'hui, de la même ville, une autre belle guéri son dont Mlle Irma Ri VALUS a été la Bénéficiaire.</txt>
            <index>JAMAIS DEUX SANS TROISDans un de nos précédents articles, nous avons signalé la belle guérison obtenue, grâce aux Pilu les Pink, par Mlle Germaine DCTLAT, de Sainl- Gilles-Croix-de-Vie (Vendée). Cette jeune fille, res tée très anémique, très faible, à la suite d'une fièvre typhoïde très grave, avait vu sa convales cence s'établir très rapidement par l'intervention énergique des Pilules Pink. On nous signale au jourd'hui, de la même ville, une autre belle guéri son dont Mlle Irma Ri VALUS a été la Bénéficiaire.</index>
            <fonction source="hm" time="2020-10-25T13:49:15.168+01:00">repro/photo</fonction>
            <fonction source="final">repro/photo</fonction>
          </ill>
        </ills>
      </page>
      <page ordre="5">
        <nbMot>6958</nbMot>
        <blocTexte>53</blocTexte>
        <blocTab>9</blocTab>
        <blocPub>4</blocPub>
        <blocIll ocr="0">0</blocIll>
      </page>
      <page ordre="6">
        <nbMot>2795</nbMot>
        <blocTexte>13</blocTexte>
        <blocTab>8</blocTab>
        <blocPub>5</blocPub>
        <blocIll ocr="0">0</blocIll>
      </page>
    </pages>
  </contenus>
</analyseAlto>