<analyseAlto>
  <metad>
    <type>P</type>
    <ID>bpt6k564579x</ID>
    <titre>Le Petit Parisien</titre>
    <dateEdition>1913-01-13</dateEdition>
    <nbPage>6</nbPage>
    <suppl>FALSE</suppl>
  </metad>
  <contenus>
    <nbArticle>69</nbArticle>
    <largeur>418</largeur>
    <hauteur>569</hauteur>
    <pages>
      <page ordre="1">
        <nbMot>5223</nbMot>
        <blocTexte>47</blocTexte>
        <blocTab>0</blocTab>
        <blocPub>0</blocPub>
        <blocIll ocr="3">0</blocIll>
        <ills/>
      </page>
      <page ordre="2">
        <nbMot>5729</nbMot>
        <blocTexte>60</blocTexte>
        <blocTab>0</blocTab>
        <blocPub>2</blocPub>
        <blocIll ocr="2">0</blocIll>
        <ills/>
      </page>
      <page ordre="3">
        <nbMot>6011</nbMot>
        <blocTexte>62</blocTexte>
        <blocTab>0</blocTab>
        <blocPub>0</blocPub>
        <blocIll ocr="0">0</blocIll>
      </page>
      <page ordre="4">
        <nbMot>6324</nbMot>
        <blocTexte>56</blocTexte>
        <blocTab>2</blocTab>
        <blocPub>2</blocPub>
        <blocIll ocr="5">0</blocIll>
        <ills/>
      </page>
      <page ordre="5">
        <nbMot>7561</nbMot>
        <blocTexte>49</blocTexte>
        <blocTab>0</blocTab>
        <blocPub>9</blocPub>
        <blocIll ocr="1">0</blocIll>
        <ills/>
      </page>
      <page ordre="6">
        <nbMot>4839</nbMot>
        <blocTexte>33</blocTexte>
        <blocTab>0</blocTab>
        <blocPub>18</blocPub>
        <blocIll ocr="1">1</blocIll>
        <ills>
          <ill couleur="gris" derniere="true" edit="1" h="1018" id="6-1" n="6-1" pub="1" taille="2" w="1508" x="171" y="411">
            <tech source="final">imp photoméca</tech>
            <tech source="md">imp photoméca</tech>
            <type/>
            <titraille>LES MICROBES TERRASSÉS</titraille>
            <txt>par un NOUVEAU SAINT GEORGES</txt>
            <index>LES MICROBES TERRASSÉSpar un NOUVEAU SAINT GEORGES</index>
          </ill>
        </ills>
      </page>
    </pages>
  </contenus>
</analyseAlto>