<analyseAlto>
  <metad>
    <type>P</type>
    <ID>bpt6k564698j</ID>
    <titre>Le Petit Parisien</titre>
    <dateEdition>1913-05-12</dateEdition>
    <nbPage>6</nbPage>
    <suppl>FALSE</suppl>
  </metad>
  <contenus>
    <nbArticle>82</nbArticle>
    <largeur>420</largeur>
    <hauteur>567</hauteur>
    <pages>
      <page ordre="1">
        <nbMot>5299</nbMot>
        <blocTexte>40</blocTexte>
        <blocTab>0</blocTab>
        <blocPub>0</blocPub>
        <blocIll ocr="2">0</blocIll>
        <ills/>
      </page>
      <page ordre="2">
        <nbMot>6334</nbMot>
        <blocTexte>50</blocTexte>
        <blocTab>0</blocTab>
        <blocPub>0</blocPub>
        <blocIll ocr="2">0</blocIll>
        <ills/>
      </page>
      <page ordre="3">
        <nbMot>6116</nbMot>
        <blocTexte>73</blocTexte>
        <blocTab>0</blocTab>
        <blocPub>0</blocPub>
        <blocIll ocr="0">0</blocIll>
      </page>
      <page ordre="4">
        <nbMot>6295</nbMot>
        <blocTexte>72</blocTexte>
        <blocTab>1</blocTab>
        <blocPub>4</blocPub>
        <blocIll ocr="4">1</blocIll>
        <ills>
          <ill couleur="gris" edit="1" h="1558" id="4-4" n="4-4" pub="1" taille="2" w="783" x="4059" y="3785">
            <tech source="final">imp photoméca</tech>
            <tech source="md">imp photoméca</tech>
            <type/>
            <titraille>'RÉSULTATS DO VARI MUTTJBL   1 1'</titraille>
            <index>'RÉSULTATS DO VARI MUTTJBL   1 1'</index>
          </ill>
        </ills>
      </page>
      <page ordre="5">
        <nbMot>7299</nbMot>
        <blocTexte>40</blocTexte>
        <blocTab>0</blocTab>
        <blocPub>9</blocPub>
        <blocIll ocr="0">0</blocIll>
      </page>
      <page ordre="6">
        <nbMot>5428</nbMot>
        <blocTexte>22</blocTexte>
        <blocTab>0</blocTab>
        <blocPub>8</blocPub>
        <blocIll ocr="0">0</blocIll>
      </page>
    </pages>
  </contenus>
</analyseAlto>