<analyseAlto>
  <metad>
    <type>P</type>
    <ID>bpt6k5646203</ID>
    <titre>Le Petit Parisien</titre>
    <dateEdition>1913-02-23</dateEdition>
    <nbPage>8</nbPage>
    <suppl>FALSE</suppl>
  </metad>
  <contenus>
    <nbArticle>93</nbArticle>
    <largeur>426</largeur>
    <hauteur>571</hauteur>
    <pages>
      <page ordre="1">
        <nbMot>5326</nbMot>
        <blocTexte>62</blocTexte>
        <blocTab>0</blocTab>
        <blocPub>0</blocPub>
        <blocIll ocr="5">0</blocIll>
        <ills/>
      </page>
      <page ordre="2">
        <nbMot>6786</nbMot>
        <blocTexte>63</blocTexte>
        <blocTab>0</blocTab>
        <blocPub>0</blocPub>
        <blocIll ocr="0">0</blocIll>
      </page>
      <page ordre="3">
        <nbMot>6019</nbMot>
        <blocTexte>59</blocTexte>
        <blocTab>0</blocTab>
        <blocPub>1</blocPub>
        <blocIll ocr="0">0</blocIll>
      </page>
      <page ordre="4">
        <nbMot>6138</nbMot>
        <blocTexte>98</blocTexte>
        <blocTab>5</blocTab>
        <blocPub>9</blocPub>
        <blocIll ocr="2">1</blocIll>
        <ills>
          <ill classif="DFdnn" couleur="gris" edit="1" h="756" id="4-1" n="4-1" pub="1" taille="1" w="749" x="1277" y="763">
            <tech source="final">imp photoméca</tech>
            <tech source="md">imp photoméca</tech>
            <contenuImg CS="1" lang="fr" source="hm" time="2020-04-08T18:07:03.694+02:00">voiture</contenuImg>
            <type/>
            <titraille>LA VIE SPORTIVE</titraille>
            <txt>LA LOI DU MOINDRE EFFORT</txt>
            <index>LA VIE SPORTIVELA LOI DU MOINDRE EFFORT</index>
            <contenuImg CS="1" lang="en" source="hm" time="2020-04-08T18:07:03.694+02:00">car</contenuImg>
          </ill>
        </ills>
      </page>
      <page ordre="5">
        <nbMot>7628</nbMot>
        <blocTexte>69</blocTexte>
        <blocTab>0</blocTab>
        <blocPub>0</blocPub>
        <blocIll ocr="8">1</blocIll>
        <ills>
          <ill couleur="gris" edit="1" h="385" id="5-7" n="5-7" pub="1" taille="0" w="757" x="3289" y="4359">
            <tech source="final">imp photoméca</tech>
            <tech source="md">imp photoméca</tech>
            <type/>
            <titraille>M. Poincaré a visité hier matin le Concours agricole</titraille>
            <txt>Jamais, sans doute, cortège présidentiel n'a vait été plus bousculé, plus heurté, plus divisé, ! moins solennel que celui qui traversa hier matin le Grand Palais, où se tient le Concours général agricole. Tantôt en tête, ainsi que le veut le protocole, tantôt en queue, perdu le phis souvent en pleine foule, M. Baymond Poincarê, qui avait offertle bras à Mme  Fernand David, allait à travers les stands où sont exposés les plus beaux animaux, les plus grasses volailles, les plus splenaides pro duits de la terre, sans qu'il lui soit possible, a ail leurs, de rien voir, tant était compacte la foule au milieu de laquelle il avançait à grand peine. Et quel enthousiasme il suscitait sur son pas sage : vivats, applaudissements, réflexions ùe familière sympathie. . , Derrière —eu devant — le premier m agis, rat de la République marchaient tant bien que mal, au milieu de fa foule, Mme tomeare et M. Fernand le gémirai Btaudemou.in. le capitaine de vaisseau Grandclément, tous deux en unilorme : MM. Pichon. Mollard, Viger, Mélint', etc., etc. .. . . , MM. Lé pi ne .4 Tounv se vimltipliuieut en vain pour que !é public ne se joignit frêiut au cortège, ne le brisai, point. Mais, que faire eon i.e plusieurs  milliers de personnes qui, pour la première fois, ont fqÇçasion de 'vow et mer-l'homnie qui. depuis cinq jouis, préside destinées de lour pays'? Des exposants du rez-de-chaussée, solides ele veui-s du rjuiroUiis, do Beauce ou de Normandie, regardaient couler avec un peu de a jrprisc ce Ilo</txt>
            <index>M. Poincaré a visité hier matin le Concours agricoleJamais, sans doute, cortège présidentiel n'a vait été plus bousculé, plus heurté, plus divisé, ! moins solennel que celui qui traversa hier matin le Grand Palais, où se tient le Concours général agricole. Tantôt en tête, ainsi que le veut le protocole, tantôt en queue, perdu le phis souvent en pleine foule, M. Baymond Poincarê, qui avait offertle bras à Mme  Fernand David, allait à travers les stands où sont exposés les plus beaux animaux, les plus grasses volailles, les plus splenaides pro duits de la terre, sans qu'il lui soit possible, a ail leurs, de rien voir, tant était compacte la foule au milieu de laquelle il avançait à grand peine. Et quel enthousiasme il suscitait sur son pas sage : vivats, applaudissements, réflexions ùe familière sympathie. . , Derrière —eu devant — le premier m agis, rat de la République marchaient tant bien que mal, au milieu de fa foule, Mme tomeare et M. Fernand le gémirai Btaudemou.in. le capitaine de vaisseau Grandclément, tous deux en unilorme : MM. Pichon. Mollard, Viger, Mélint', etc., etc. .. . . , MM. Lé pi ne .4 Tounv se vimltipliuieut en vain pour que !é public ne se joignit frêiut au cortège, ne le brisai, point. Mais, que faire eon i.e plusieurs  milliers de personnes qui, pour la première fois, ont fqÇçasion de 'vow et mer-l'homnie qui. depuis cinq jouis, préside destinées de lour pays'? Des exposants du rez-de-chaussée, solides ele veui-s du rjuiroUiis, do Beauce ou de Normandie, regardaient couler avec un peu de a jrprisc ce Ilo</index>
          </ill>
        </ills>
      </page>
      <page ordre="6">
        <nbMot>6278</nbMot>
        <blocTexte>37</blocTexte>
        <blocTab>11</blocTab>
        <blocPub>4</blocPub>
        <blocIll ocr="1">0</blocIll>
        <ills/>
      </page>
      <page ordre="7">
        <nbMot>2419</nbMot>
        <blocTexte>14</blocTexte>
        <blocTab>0</blocTab>
        <blocPub>12</blocPub>
        <blocIll ocr="0">0</blocIll>
      </page>
      <page ordre="8">
        <nbMot>2554</nbMot>
        <blocTexte>5</blocTexte>
        <blocTab>0</blocTab>
        <blocPub>3</blocPub>
        <blocIll ocr="0">0</blocIll>
      </page>
    </pages>
  </contenus>
</analyseAlto>