<analyseAlto>
  <metad>
    <type>P</type>
    <ID>bpt6k5648514</ID>
    <titre>Le Petit Parisien</titre>
    <dateEdition>1913-10-12</dateEdition>
    <nbPage>8</nbPage>
    <suppl>FALSE</suppl>
  </metad>
  <contenus>
    <nbArticle>90</nbArticle>
    <largeur>420</largeur>
    <hauteur>576</hauteur>
    <pages>
      <page ordre="1">
        <nbMot>4547</nbMot>
        <blocTexte>41</blocTexte>
        <blocTab>0</blocTab>
        <blocPub>0</blocPub>
        <blocIll ocr="5">0</blocIll>
        <ills/>
      </page>
      <page ordre="2">
        <nbMot>6353</nbMot>
        <blocTexte>48</blocTexte>
        <blocTab>0</blocTab>
        <blocPub>0</blocPub>
        <blocIll ocr="2">0</blocIll>
        <ills/>
      </page>
      <page ordre="3">
        <nbMot>5826</nbMot>
        <blocTexte>70</blocTexte>
        <blocTab>0</blocTab>
        <blocPub>0</blocPub>
        <blocIll ocr="0">0</blocIll>
      </page>
      <page ordre="4">
        <nbMot>6630</nbMot>
        <blocTexte>52</blocTexte>
        <blocTab>0</blocTab>
        <blocPub>4</blocPub>
        <blocIll ocr="2">0</blocIll>
        <ills/>
      </page>
      <page ordre="5">
        <nbMot>4423</nbMot>
        <blocTexte>44</blocTexte>
        <blocTab>0</blocTab>
        <blocPub>7</blocPub>
        <blocIll ocr="0">0</blocIll>
      </page>
      <page ordre="6">
        <nbMot>6849</nbMot>
        <blocTexte>70</blocTexte>
        <blocTab>3</blocTab>
        <blocPub>3</blocPub>
        <blocIll ocr="3">0</blocIll>
        <ills/>
      </page>
      <page ordre="7">
        <nbMot>4496</nbMot>
        <blocTexte>35</blocTexte>
        <blocTab>7</blocTab>
        <blocPub>7</blocPub>
        <blocIll ocr="6">1</blocIll>
        <ills>
          <ill classif="DFdnn" couleur="gris" edit="1" h="609" id="7-2" n="7-2" pub="1" taille="0" w="703" x="947" y="437">
            <tech source="final">imp photoméca</tech>
            <tech source="md">imp photoméca</tech>
            <contenuImg CS="0.99" h="272" sexe="P" source="dnn" w="205" x="280" y="62">face</contenuImg>
            <type/>
            <leg>\ \\ » s « Pnotograpnte de M. Trîhie</leg>
            <txt>Les nombreuses lettres qui nous sont parve nues à la suite de notre dernière causerie sur la HERNIE, nous ont prouvé, une Ibis de plus, qu'il faut à ceux qui souffrent Des Preuves •t non de vains discours. Nous laisserons donc encore aujourd'hui la parole, à ceux qui après de longues années de torture et de trop nombreuses déceptions, ont retrouvé la force et la santé, grâce à l'appareil de M. Glaser. «M. Glaser. Après quelques mois de contention parfaite, tout en me livrant aux plus durs travaux, ma hernie volumineuse a complètement disparu. Pourtant j'ai 63 ans. Je félicite le dévoué spécialiste M. Glaser, pour ce merveilleux résultat et T autorise a publier ma lettre, espérant ainsi rendre service à mes semblables. Signé : GUILLAUME BAISSE, Villeneuve-sur-Lot, 2 Sept. 1912 ».</txt>
            <index>\ \\ » s « Pnotograpnte de M. TrîhieLes nombreuses lettres qui nous sont parve nues à la suite de notre dernière causerie sur la HERNIE, nous ont prouvé, une Ibis de plus, qu'il faut à ceux qui souffrent Des Preuves •t non de vains discours. Nous laisserons donc encore aujourd'hui la parole, à ceux qui après de longues années de torture et de trop nombreuses déceptions, ont retrouvé la force et la santé, grâce à l'appareil de M. Glaser. «M. Glaser. Après quelques mois de contention parfaite, tout en me livrant aux plus durs travaux, ma hernie volumineuse a complètement disparu. Pourtant j'ai 63 ans. Je félicite le dévoué spécialiste M. Glaser, pour ce merveilleux résultat et T autorise a publier ma lettre, espérant ainsi rendre service à mes semblables. Signé : GUILLAUME BAISSE, Villeneuve-sur-Lot, 2 Sept. 1912 ».</index>
          </ill>
        </ills>
      </page>
      <page ordre="8">
        <nbMot>2626</nbMot>
        <blocTexte>12</blocTexte>
        <blocTab>0</blocTab>
        <blocPub>10</blocPub>
        <blocIll ocr="0">0</blocIll>
      </page>
    </pages>
  </contenus>
</analyseAlto>