<analyseAlto>
  <metad>
    <type>P</type>
    <ID>bpt6k564576s</ID>
    <titre>Le Petit Parisien</titre>
    <dateEdition>1913-01-10</dateEdition>
    <nbPage>6</nbPage>
    <suppl>FALSE</suppl>
  </metad>
  <contenus>
    <nbArticle>76</nbArticle>
    <largeur>424</largeur>
    <hauteur>573</hauteur>
    <pages>
      <page ordre="1">
        <nbMot>5038</nbMot>
        <blocTexte>41</blocTexte>
        <blocTab>0</blocTab>
        <blocPub>0</blocPub>
        <blocIll ocr="3">0</blocIll>
        <ills/>
      </page>
      <page ordre="2">
        <nbMot>6440</nbMot>
        <blocTexte>69</blocTexte>
        <blocTab>0</blocTab>
        <blocPub>0</blocPub>
        <blocIll ocr="1">0</blocIll>
        <ills/>
      </page>
      <page ordre="3">
        <nbMot>6155</nbMot>
        <blocTexte>68</blocTexte>
        <blocTab>0</blocTab>
        <blocPub>0</blocPub>
        <blocIll ocr="0">0</blocIll>
      </page>
      <page ordre="4">
        <nbMot>7387</nbMot>
        <blocTexte>84</blocTexte>
        <blocTab>3</blocTab>
        <blocPub>2</blocPub>
        <blocIll ocr="1">0</blocIll>
        <ills/>
      </page>
      <page ordre="5">
        <nbMot>7944</nbMot>
        <blocTexte>47</blocTexte>
        <blocTab>3</blocTab>
        <blocPub>15</blocPub>
        <blocIll ocr="1">1</blocIll>
        <ills>
          <ill classif="DFdnn" couleur="gris" edit="1" h="796" id="5-1" n="5-1" pub="1" taille="1" w="722" x="141" y="573">
            <tech source="final">imp photoméca</tech>
            <tech source="md">imp photoméca</tech>
            <type/>
            <titraille>J'avais le  #34;Noir #34;</titraille>
            <txt>Dans certaines provinces, on emploie cette expression : « J'ava's le noir » pour désigner un état maladif caractérisé par un ennui protond, un dégoût de la vie, consé'] «mces des souffrances que le malade endure journellement. Les anémiques, les affaiblis, les neurasthé niques, tous ceux qui souffrent, non pas de maladies aiguës, mais de ces longues maladies de langueur, ont le « noir ».</txt>
            <index>J'avais le  #34;Noir #34;Dans certaines provinces, on emploie cette expression : « J'ava's le noir » pour désigner un état maladif caractérisé par un ennui protond, un dégoût de la vie, consé'] «mces des souffrances que le malade endure journellement. Les anémiques, les affaiblis, les neurasthé niques, tous ceux qui souffrent, non pas de maladies aiguës, mais de ces longues maladies de langueur, ont le « noir ».</index>
          </ill>
        </ills>
      </page>
      <page ordre="6">
        <nbMot>3998</nbMot>
        <blocTexte>17</blocTexte>
        <blocTab>7</blocTab>
        <blocPub>8</blocPub>
        <blocIll ocr="0">0</blocIll>
      </page>
    </pages>
  </contenus>
</analyseAlto>