<analyseAlto>
  <metad>
    <type>P</type>
    <ID>bpt6k5645953</ID>
    <titre>Le Petit Parisien</titre>
    <dateEdition>1913-01-29</dateEdition>
    <nbPage>6</nbPage>
    <suppl>FALSE</suppl>
  </metad>
  <contenus>
    <nbArticle>86</nbArticle>
    <largeur>417</largeur>
    <hauteur>569</hauteur>
    <pages>
      <page ordre="1">
        <nbMot>5053</nbMot>
        <blocTexte>34</blocTexte>
        <blocTab>0</blocTab>
        <blocPub>0</blocPub>
        <blocIll ocr="3">0</blocIll>
        <ills/>
      </page>
      <page ordre="2">
        <nbMot>6377</nbMot>
        <blocTexte>61</blocTexte>
        <blocTab>0</blocTab>
        <blocPub>0</blocPub>
        <blocIll ocr="1">0</blocIll>
        <ills/>
      </page>
      <page ordre="3">
        <nbMot>6098</nbMot>
        <blocTexte>59</blocTexte>
        <blocTab>0</blocTab>
        <blocPub>0</blocPub>
        <blocIll ocr="0">0</blocIll>
      </page>
      <page ordre="4">
        <nbMot>7165</nbMot>
        <blocTexte>67</blocTexte>
        <blocTab>1</blocTab>
        <blocPub>4</blocPub>
        <blocIll ocr="0">0</blocIll>
      </page>
      <page ordre="5">
        <nbMot>6069</nbMot>
        <blocTexte>55</blocTexte>
        <blocTab>3</blocTab>
        <blocPub>7</blocPub>
        <blocIll ocr="2">0</blocIll>
        <ills/>
      </page>
      <page ordre="6">
        <nbMot>5905</nbMot>
        <blocTexte>29</blocTexte>
        <blocTab>7</blocTab>
        <blocPub>10</blocPub>
        <blocIll ocr="2">2</blocIll>
        <ills>
          <ill classif="DFdnn" couleur="gris" derniere="true" edit="1" h="831" id="6-1" n="6-1" pub="1" taille="1" w="785" x="76" y="712">
            <tech source="final">imp photoméca</tech>
            <tech source="md">imp photoméca</tech>
            <contenuImg CS="0.97" h="477" sexe="P" source="dnn" w="345" x="247" y="140">face</contenuImg>
            <type/>
            <titraille>One belle périsse nous est signalée !</titraille>
            <txt>w i# Mme DBLLY, qui possède et dirige un atelier ■do couture, 6, passage Kuszner, à Paris, a bien «oulu me donner quelques indications sur la guérison de sa maladie d'estomac. Je régime ici cette conversation et la signale «ux personnes qui souffrent de dyspepsie et ■«oient, de ce fait, leurs forces décliner chaque jour. J'attire l'attention des dyspeptiques, qui  ml déjà essayé plusieurs remèdes et n'en ont pas tiré bénéfice, sur cette guérison. Mme Dully s est trouvée dans cette situation et seules les Pilules CSak ont. pu la guénr.</txt>
            <index>One belle périsse nous est signalée !w i# Mme DBLLY, qui possède et dirige un atelier ■do couture, 6, passage Kuszner, à Paris, a bien «oulu me donner quelques indications sur la guérison de sa maladie d'estomac. Je régime ici cette conversation et la signale «ux personnes qui souffrent de dyspepsie et ■«oient, de ce fait, leurs forces décliner chaque jour. J'attire l'attention des dyspeptiques, qui  ml déjà essayé plusieurs remèdes et n'en ont pas tiré bénéfice, sur cette guérison. Mme Dully s est trouvée dans cette situation et seules les Pilules CSak ont. pu la guénr.</index>
          </ill>
          <ill classif="DFdnn" couleur="gris" derniere="true" edit="1" h="698" id="6-2" n="6-2" pub="1" taille="0" w="359" x="3289" y="569">
            <tech source="final">imp photoméca</tech>
            <tech source="md">imp photoméca</tech>
            <type/>
            <titraille>Un seul Pulsoconn-Macaura</titraille>
            <leg>L'inventeur  lt;f v célèbre Pulsoconn</leg>
            <txt>Chaque jour apporte de nouvelles lettres de chaleureux remerciements de pauvres malades que le Pulsoconn a soulagés de douleurs, rhu matismes , maux de reins, sciatiques, lumba gos, paralysie, hémiplé gie, surdité, maladies des femmes. Un des avantages de ce merveilleux petit appa reil. c'est qu'il ne se borne pas seulement à faire du bien à celui qui l'achète mais qu'il rend aussi ser vice à ses proches aussi bien à la femme qu'à l'homme, qu'à l'enfant, à l'ami, au voisin, à tous oeux en un mot qui souf frent de l une des affec tions que soulage cet ex traordinaire « petit méde cin d'acier ». L'avoir chez soi, c'est contracter une véritable assurance contre la ma ladie. Voyez «Tailleurs ce qu'en disent diverses personnes heureuses de pouvoir se «lire délivrées, de leurs souffrances : « Hangen (Alsace), 19 septembre 1912. » Je viens vous remercier au nom des parents de mon petit protégé, Fritz ; ils sont remplis de joie en voyant une amélioration après trois se maines de traitement. Pour ma pari, je suis de plus en plus satisfaite du Pulsoconn et je ne pour rais plus m'en séparer. » Mes douleurs .sciatiques et la raideur dans le dos se perdent de jour en jour et la mère de mon jeune protégé, Mme Albert Bohnert, au bout de trois semaines de traitement, a vu disparaître un catarrhe dans la tète avec grave bruissement</txt>
            <index>Un seul Pulsoconn-MacauraL'inventeur  lt;f v célèbre PulsoconnChaque jour apporte de nouvelles lettres de chaleureux remerciements de pauvres malades que le Pulsoconn a soulagés de douleurs, rhu matismes , maux de reins, sciatiques, lumba gos, paralysie, hémiplé gie, surdité, maladies des femmes. Un des avantages de ce merveilleux petit appa reil. c'est qu'il ne se borne pas seulement à faire du bien à celui qui l'achète mais qu'il rend aussi ser vice à ses proches aussi bien à la femme qu'à l'homme, qu'à l'enfant, à l'ami, au voisin, à tous oeux en un mot qui souf frent de l une des affec tions que soulage cet ex traordinaire « petit méde cin d'acier ». L'avoir chez soi, c'est contracter une véritable assurance contre la ma ladie. Voyez «Tailleurs ce qu'en disent diverses personnes heureuses de pouvoir se «lire délivrées, de leurs souffrances : « Hangen (Alsace), 19 septembre 1912. » Je viens vous remercier au nom des parents de mon petit protégé, Fritz ; ils sont remplis de joie en voyant une amélioration après trois se maines de traitement. Pour ma pari, je suis de plus en plus satisfaite du Pulsoconn et je ne pour rais plus m'en séparer. » Mes douleurs .sciatiques et la raideur dans le dos se perdent de jour en jour et la mère de mon jeune protégé, Mme Albert Bohnert, au bout de trois semaines de traitement, a vu disparaître un catarrhe dans la tète avec grave bruissement</index>
          </ill>
        </ills>
      </page>
    </pages>
  </contenus>
</analyseAlto>