<analyseAlto>
  <metad>
    <type>P</type>
    <ID>bpt6k5646025</ID>
    <titre>Le Petit Parisien</titre>
    <dateEdition>1913-02-05</dateEdition>
    <nbPage>6</nbPage>
    <suppl>FALSE</suppl>
  </metad>
  <contenus>
    <nbArticle>76</nbArticle>
    <largeur>419</largeur>
    <hauteur>570</hauteur>
    <pages>
      <page ordre="1">
        <nbMot>4372</nbMot>
        <blocTexte>50</blocTexte>
        <blocTab>0</blocTab>
        <blocPub>1</blocPub>
        <blocIll ocr="4">0</blocIll>
        <ills/>
      </page>
      <page ordre="2">
        <nbMot>6708</nbMot>
        <blocTexte>42</blocTexte>
        <blocTab>0</blocTab>
        <blocPub>0</blocPub>
        <blocIll ocr="1">0</blocIll>
        <ills/>
      </page>
      <page ordre="3">
        <nbMot>6018</nbMot>
        <blocTexte>58</blocTexte>
        <blocTab>0</blocTab>
        <blocPub>0</blocPub>
        <blocIll ocr="0">0</blocIll>
      </page>
      <page ordre="4">
        <nbMot>6787</nbMot>
        <blocTexte>75</blocTexte>
        <blocTab>0</blocTab>
        <blocPub>4</blocPub>
        <blocIll ocr="2">0</blocIll>
        <ills/>
      </page>
      <page ordre="5">
        <nbMot>7080</nbMot>
        <blocTexte>69</blocTexte>
        <blocTab>2</blocTab>
        <blocPub>9</blocPub>
        <blocIll ocr="2">0</blocIll>
        <ills/>
      </page>
      <page ordre="6">
        <nbMot>3638</nbMot>
        <blocTexte>17</blocTexte>
        <blocTab>7</blocTab>
        <blocPub>6</blocPub>
        <blocIll ocr="1">1</blocIll>
        <ills>
          <ill classif="DFdnn" couleur="gris" derniere="true" edit="1" h="932" id="6-1" n="6-1" pub="1" taille="2" w="1533" x="3289" y="305">
            <tech source="final">imp photoméca</tech>
            <tech source="md">imp photoméca</tech>
            <type/>
            <titraille>L'ARTILLERIE DE L'HYGIENE</titraille>
            <txt>De même que le canon tue les ennemis de la Patrie, de même le GOUDRON GUYOT tue les mauvais microbes, qui sont LES ENNEMIS-' DE NOTRE SANTÉ, et même de notre vie. Chacun sait que les microbes sont cause de presque toutes les grandes maladiea Le Coudron-Cuyot tue la plupart de ces microbes. Aussi le meilleur moyen de se préserver des maladies épidémiques est de prendre à ses repas du Coudrbn-Guyot Cest que le Goudron est un antiseptique au premier chef; et en tuant les microbes nuisibles, il nous préserve et nous guérit de beaucoup de maladies. Mais il est tout particulièrement recommandé contre les maladies des bronches et de la poitrine.</txt>
            <index>L'ARTILLERIE DE L'HYGIENEDe même que le canon tue les ennemis de la Patrie, de même le GOUDRON GUYOT tue les mauvais microbes, qui sont LES ENNEMIS-' DE NOTRE SANTÉ, et même de notre vie. Chacun sait que les microbes sont cause de presque toutes les grandes maladiea Le Coudron-Cuyot tue la plupart de ces microbes. Aussi le meilleur moyen de se préserver des maladies épidémiques est de prendre à ses repas du Coudrbn-Guyot Cest que le Goudron est un antiseptique au premier chef; et en tuant les microbes nuisibles, il nous préserve et nous guérit de beaucoup de maladies. Mais il est tout particulièrement recommandé contre les maladies des bronches et de la poitrine.</index>
          </ill>
        </ills>
      </page>
    </pages>
  </contenus>
</analyseAlto>