<analyseAlto>
  <metad>
    <type>P</type>
    <ID>bpt6k5646449</ID>
    <titre>Le Petit Parisien</titre>
    <dateEdition>1913-03-19</dateEdition>
    <nbPage>8</nbPage>
    <suppl>FALSE</suppl>
  </metad>
  <contenus>
    <nbArticle>116</nbArticle>
    <largeur>430</largeur>
    <hauteur>569</hauteur>
    <pages>
      <page ordre="1">
        <nbMot>4920</nbMot>
        <blocTexte>47</blocTexte>
        <blocTab>0</blocTab>
        <blocPub>0</blocPub>
        <blocIll ocr="3">0</blocIll>
        <ills/>
      </page>
      <page ordre="2">
        <nbMot>6761</nbMot>
        <blocTexte>38</blocTexte>
        <blocTab>0</blocTab>
        <blocPub>0</blocPub>
        <blocIll ocr="1">0</blocIll>
        <ills/>
      </page>
      <page ordre="3">
        <nbMot>5840</nbMot>
        <blocTexte>74</blocTexte>
        <blocTab>0</blocTab>
        <blocPub>0</blocPub>
        <blocIll ocr="0">0</blocIll>
      </page>
      <page ordre="4">
        <nbMot>6107</nbMot>
        <blocTexte>69</blocTexte>
        <blocTab>0</blocTab>
        <blocPub>6</blocPub>
        <blocIll ocr="1">0</blocIll>
        <ills/>
      </page>
      <page ordre="5">
        <nbMot>6068</nbMot>
        <blocTexte>61</blocTexte>
        <blocTab>0</blocTab>
        <blocPub>1</blocPub>
        <blocIll ocr="3">2</blocIll>
        <ills>
          <ill classif="DFdnn" couleur="gris" edit="1" h="644" id="5-1" n="5-1" pub="1" taille="0" w="750" x="2561" y="3557">
            <tech source="final">imp photoméca</tech>
            <tech source="md">imp photoméca</tech>
            <type/>
            <titraille>La mort de l'incurable est due à son imprudence</titraille>
            <leg>ONE LOCOMOTIVE REMORQUE I.SOO TONNES</leg>
            <txt>Versailles, 18 mars. • Nous avons dernièrement relaté la mort d'un incurable soigné à l'asile départemen tal des Petits-Prés de Plaisir, M. Emile Le faueheur, qui fut brillé vif dans un cabanon d'isolement. A la suite d'une plainte émanant de Mme Lefaucheur, le parquet de Versailles avait prescrit une enquête. Aujourd'hui les magis trats se sont rendus dans cet établissement et ont interrogé divers iniirmes et plusieurs employés. Il a été établi que Lefaucheur, souvent malrhené par ses camarades de dortoir, avait lui-même demandé à être enfermé la nuit dans une cellule d'isolement, et que c'est en allumant sa pipe qu'il mit le feu à ses vêtements. De son côté, M. Jouliannaud. secrétaire général de la préfecture de Seine-et-Oise, a clos son enquête administrative en prescri, vant de nouvelles mesures concernant la surveillance à exercer la nuit dans les caba nons d'isolement.</txt>
            <index>La mort de l'incurable est due à son imprudenceONE LOCOMOTIVE REMORQUE I.SOO TONNESVersailles, 18 mars. • Nous avons dernièrement relaté la mort d'un incurable soigné à l'asile départemen tal des Petits-Prés de Plaisir, M. Emile Le faueheur, qui fut brillé vif dans un cabanon d'isolement. A la suite d'une plainte émanant de Mme Lefaucheur, le parquet de Versailles avait prescrit une enquête. Aujourd'hui les magis trats se sont rendus dans cet établissement et ont interrogé divers iniirmes et plusieurs employés. Il a été établi que Lefaucheur, souvent malrhené par ses camarades de dortoir, avait lui-même demandé à être enfermé la nuit dans une cellule d'isolement, et que c'est en allumant sa pipe qu'il mit le feu à ses vêtements. De son côté, M. Jouliannaud. secrétaire général de la préfecture de Seine-et-Oise, a clos son enquête administrative en prescri, vant de nouvelles mesures concernant la surveillance à exercer la nuit dans les caba nons d'isolement.</index>
          </ill>
          <ill classif="DFdnn" couleur="gris" edit="1" h="496" id="5-2" n="5-2" pub="1" taille="0" w="707" x="2589" y="97">
            <tech source="final">imp photoméca</tech>
            <tech source="md">imp photoméca</tech>
            <type/>
            <titraille>un plat de RIVOIRE N'achetez pas les yeux fermés</titraille>
            <txt>RIVOIRE</txt>
            <index>un plat de RIVOIRE N'achetez pas les yeux fermésRIVOIRE</index>
          </ill>
        </ills>
      </page>
      <page ordre="6">
        <nbMot>7416</nbMot>
        <blocTexte>72</blocTexte>
        <blocTab>3</blocTab>
        <blocPub>0</blocPub>
        <blocIll ocr="1">0</blocIll>
        <ills/>
      </page>
      <page ordre="7">
        <nbMot>6588</nbMot>
        <blocTexte>47</blocTexte>
        <blocTab>9</blocTab>
        <blocPub>4</blocPub>
        <blocIll ocr="1">0</blocIll>
        <ills/>
      </page>
      <page ordre="8">
        <nbMot>2809</nbMot>
        <blocTexte>10</blocTexte>
        <blocTab>0</blocTab>
        <blocPub>7</blocPub>
        <blocIll ocr="0">0</blocIll>
      </page>
    </pages>
  </contenus>
</analyseAlto>