<analyseAlto>
  <metad>
    <type>P</type>
    <ID>bpt6k564610r</ID>
    <titre>Le Petit Parisien</titre>
    <dateEdition>1913-02-13</dateEdition>
    <nbPage>6</nbPage>
    <suppl>FALSE</suppl>
  </metad>
  <contenus>
    <nbArticle>83</nbArticle>
    <largeur>424</largeur>
    <hauteur>567</hauteur>
    <pages>
      <page ordre="1">
        <nbMot>4372</nbMot>
        <blocTexte>46</blocTexte>
        <blocTab>0</blocTab>
        <blocPub>0</blocPub>
        <blocIll ocr="6">0</blocIll>
        <ills/>
      </page>
      <page ordre="2">
        <nbMot>6454</nbMot>
        <blocTexte>58</blocTexte>
        <blocTab>0</blocTab>
        <blocPub>1</blocPub>
        <blocIll ocr="1">0</blocIll>
        <ills/>
      </page>
      <page ordre="3">
        <nbMot>6357</nbMot>
        <blocTexte>65</blocTexte>
        <blocTab>0</blocTab>
        <blocPub>0</blocPub>
        <blocIll ocr="0">0</blocIll>
      </page>
      <page ordre="4">
        <nbMot>6576</nbMot>
        <blocTexte>82</blocTexte>
        <blocTab>0</blocTab>
        <blocPub>7</blocPub>
        <blocIll ocr="1">0</blocIll>
        <ills/>
      </page>
      <page ordre="5">
        <nbMot>6718</nbMot>
        <blocTexte>59</blocTexte>
        <blocTab>4</blocTab>
        <blocPub>10</blocPub>
        <blocIll ocr="0">0</blocIll>
      </page>
      <page ordre="6">
        <nbMot>2770</nbMot>
        <blocTexte>22</blocTexte>
        <blocTab>1</blocTab>
        <blocPub>11</blocPub>
        <blocIll ocr="1">1</blocIll>
        <ills>
          <ill classif="DFdnn" couleur="gris" derniere="true" edit="1" h="672" id="6-1" n="6-1" pub="1" taille="0" w="715" x="189" y="2939">
            <tech source="final">imp photoméca</tech>
            <tech source="md">imp photoméca</tech>
            <type/>
            <titraille>COMMENT ENGRAISSER</titraille>
            <leg>te Sargol oons rendra telle et potelée</leg>
            <txt>Traitement à suivre chez sol ; Il accomplit des mer» veilles en faisant des hommes et des femmes décharnés des étros potelés et séduisants.</txt>
            <index>COMMENT ENGRAISSERte Sargol oons rendra telle et poteléeTraitement à suivre chez sol ; Il accomplit des mer» veilles en faisant des hommes et des femmes décharnés des étros potelés et séduisants.</index>
          </ill>
        </ills>
      </page>
    </pages>
  </contenus>
</analyseAlto>