<analyseAlto>
  <metad>
    <type>P</type>
    <ID>bpt6k5646284</ID>
    <titre>Le Petit Parisien</titre>
    <dateEdition>1913-03-03</dateEdition>
    <nbPage>6</nbPage>
    <suppl>FALSE</suppl>
  </metad>
  <contenus>
    <nbArticle>73</nbArticle>
    <largeur>426</largeur>
    <hauteur>575</hauteur>
    <pages>
      <page ordre="1">
        <nbMot>5019</nbMot>
        <blocTexte>40</blocTexte>
        <blocTab>0</blocTab>
        <blocPub>0</blocPub>
        <blocIll ocr="3">0</blocIll>
        <ills/>
      </page>
      <page ordre="2">
        <nbMot>6321</nbMot>
        <blocTexte>61</blocTexte>
        <blocTab>0</blocTab>
        <blocPub>0</blocPub>
        <blocIll ocr="2">0</blocIll>
        <ills/>
      </page>
      <page ordre="3">
        <nbMot>6192</nbMot>
        <blocTexte>59</blocTexte>
        <blocTab>0</blocTab>
        <blocPub>0</blocPub>
        <blocIll ocr="0">0</blocIll>
      </page>
      <page ordre="4">
        <nbMot>6883</nbMot>
        <blocTexte>72</blocTexte>
        <blocTab>1</blocTab>
        <blocPub>8</blocPub>
        <blocIll ocr="0">0</blocIll>
      </page>
      <page ordre="5">
        <nbMot>4894</nbMot>
        <blocTexte>55</blocTexte>
        <blocTab>1</blocTab>
        <blocPub>11</blocPub>
        <blocIll ocr="1">1</blocIll>
        <ills>
          <ill classif="DFdnn" couleur="gris" edit="1" h="782" id="5-1" n="5-1" pub="1" taille="0" w="634" x="197" y="2373">
            <tech source="final">imp photoméca</tech>
            <tech source="md">imp photoméca</tech>
            <contenuImg CS="1.00" h="460" sexe="P" source="dnn" w="397" x="90" y="167">face</contenuImg>
            <type/>
            <titraille>Faites le bonheur d'un malade Apportez-lui quelques boîtes de Pilules Pink</titraille>
            <leg>'ML  CAUCHARD.'</leg>
            <txt>Quand les Pilules Pink entrent dans une mai son, la maladie en sort ; cela est devenu pro verbial à la suite des nombreuses guérisons données par ce remarquable régénérateur du sang, lonique des nerfs. Si donc vous avez un malade chez vous et que les traitements suivis jusqu'ici n'aient pas donné de-résultats, apportez à ce malade quelques boites de Piluies Pink et vous ferez son bonheur, c'est à-dire vous lui ferez retrouver la santé.</txt>
            <index>Faites le bonheur d'un malade Apportez-lui quelques boîtes de Pilules Pink'ML  CAUCHARD.'Quand les Pilules Pink entrent dans une mai son, la maladie en sort ; cela est devenu pro verbial à la suite des nombreuses guérisons données par ce remarquable régénérateur du sang, lonique des nerfs. Si donc vous avez un malade chez vous et que les traitements suivis jusqu'ici n'aient pas donné de-résultats, apportez à ce malade quelques boites de Piluies Pink et vous ferez son bonheur, c'est à-dire vous lui ferez retrouver la santé.</index>
          </ill>
        </ills>
      </page>
      <page ordre="6">
        <nbMot>5558</nbMot>
        <blocTexte>24</blocTexte>
        <blocTab>0</blocTab>
        <blocPub>13</blocPub>
        <blocIll ocr="0">0</blocIll>
      </page>
    </pages>
  </contenus>
</analyseAlto>