<analyseAlto>
  <metad>
    <type>P</type>
    <ID>bpt6k5646415</ID>
    <titre>Le Petit Parisien</titre>
    <dateEdition>1913-03-16</dateEdition>
    <nbPage>8</nbPage>
    <suppl>FALSE</suppl>
  </metad>
  <contenus>
    <nbArticle>83</nbArticle>
    <largeur>429</largeur>
    <hauteur>574</hauteur>
    <pages>
      <page ordre="1">
        <nbMot>4956</nbMot>
        <blocTexte>41</blocTexte>
        <blocTab>0</blocTab>
        <blocPub>0</blocPub>
        <blocIll ocr="3">0</blocIll>
        <ills/>
      </page>
      <page ordre="2">
        <nbMot>6795</nbMot>
        <blocTexte>50</blocTexte>
        <blocTab>0</blocTab>
        <blocPub>0</blocPub>
        <blocIll ocr="0">0</blocIll>
      </page>
      <page ordre="3">
        <nbMot>6290</nbMot>
        <blocTexte>58</blocTexte>
        <blocTab>0</blocTab>
        <blocPub>0</blocPub>
        <blocIll ocr="0">0</blocIll>
      </page>
      <page ordre="4">
        <nbMot>6521</nbMot>
        <blocTexte>81</blocTexte>
        <blocTab>5</blocTab>
        <blocPub>14</blocPub>
        <blocIll ocr="1">0</blocIll>
        <ills/>
      </page>
      <page ordre="5">
        <nbMot>1120</nbMot>
        <blocTexte>41</blocTexte>
        <blocTab>0</blocTab>
        <blocPub>0</blocPub>
        <blocIll ocr="32">1</blocIll>
        <ills>
          <ill classif="DFdnn" couleur="gris" edit="1" h="880" id="5-32" n="5-32" pub="1" taille="1" w="698" x="4123" y="5637">
            <tech source="final">imp photoméca</tech>
            <tech source="md">imp photoméca</tech>
            <type/>
            <txt>Mile DAVRJGNY, du Théâtre Femina, dit : « Le Savon Cadum a été une véri table révélation pour EQOL D rend la peau fine et souple ».</txt>
            <index>Mile DAVRJGNY, du Théâtre Femina, dit : « Le Savon Cadum a été une véri table révélation pour EQOL D rend la peau fine et souple ».</index>
          </ill>
        </ills>
      </page>
      <page ordre="6">
        <nbMot>7592</nbMot>
        <blocTexte>42</blocTexte>
        <blocTab>11</blocTab>
        <blocPub>6</blocPub>
        <blocIll ocr="0">0</blocIll>
      </page>
      <page ordre="7">
        <nbMot>3294</nbMot>
        <blocTexte>14</blocTexte>
        <blocTab>0</blocTab>
        <blocPub>11</blocPub>
        <blocIll ocr="0">0</blocIll>
      </page>
      <page ordre="8">
        <nbMot>3205</nbMot>
        <blocTexte>10</blocTexte>
        <blocTab>0</blocTab>
        <blocPub>8</blocPub>
        <blocIll ocr="0">0</blocIll>
      </page>
    </pages>
  </contenus>
</analyseAlto>