<analyseAlto>
  <metad>
    <type>P</type>
    <ID>bpt6k564626c</ID>
    <titre>Le Petit Parisien</titre>
    <dateEdition>1913-03-01</dateEdition>
    <nbPage>6</nbPage>
    <suppl>FALSE</suppl>
  </metad>
  <contenus>
    <nbArticle>83</nbArticle>
    <largeur>426</largeur>
    <hauteur>574</hauteur>
    <pages>
      <page ordre="1">
        <nbMot>5478</nbMot>
        <blocTexte>41</blocTexte>
        <blocTab>0</blocTab>
        <blocPub>1</blocPub>
        <blocIll ocr="2">0</blocIll>
        <ills/>
      </page>
      <page ordre="2">
        <nbMot>6291</nbMot>
        <blocTexte>56</blocTexte>
        <blocTab>0</blocTab>
        <blocPub>1</blocPub>
        <blocIll ocr="1">0</blocIll>
        <ills/>
      </page>
      <page ordre="3">
        <nbMot>6297</nbMot>
        <blocTexte>61</blocTexte>
        <blocTab>0</blocTab>
        <blocPub>0</blocPub>
        <blocIll ocr="0">0</blocIll>
      </page>
      <page ordre="4">
        <nbMot>6603</nbMot>
        <blocTexte>78</blocTexte>
        <blocTab>1</blocTab>
        <blocPub>2</blocPub>
        <blocIll ocr="1">1</blocIll>
        <ills>
          <ill couleur="gris" edit="1" h="574" id="4-1" n="4-1" pub="1" taille="0" w="444" x="1215" y="4459">
            <tech source="final">imp photoméca</tech>
            <tech source="md">imp photoméca</tech>
            <type/>
            <index/>
          </ill>
        </ills>
      </page>
      <page ordre="5">
        <nbMot>7902</nbMot>
        <blocTexte>61</blocTexte>
        <blocTab>3</blocTab>
        <blocPub>5</blocPub>
        <blocIll ocr="0">0</blocIll>
      </page>
      <page ordre="6">
        <nbMot>6758</nbMot>
        <blocTexte>13</blocTexte>
        <blocTab>1</blocTab>
        <blocPub>10</blocPub>
        <blocIll ocr="0">0</blocIll>
      </page>
    </pages>
  </contenus>
</analyseAlto>