<analyseAlto>
  <metad>
    <type>P</type>
    <ID>bpt6k564735n</ID>
    <titre>Le Petit Parisien</titre>
    <dateEdition>1913-06-18</dateEdition>
    <nbPage>6</nbPage>
    <suppl>FALSE</suppl>
  </metad>
  <contenus>
    <nbArticle>82</nbArticle>
    <largeur>426</largeur>
    <hauteur>576</hauteur>
    <pages>
      <page ordre="1">
        <nbMot>5291</nbMot>
        <blocTexte>40</blocTexte>
        <blocTab>0</blocTab>
        <blocPub>0</blocPub>
        <blocIll ocr="2">0</blocIll>
        <ills/>
      </page>
      <page ordre="2">
        <nbMot>6733</nbMot>
        <blocTexte>60</blocTexte>
        <blocTab>0</blocTab>
        <blocPub>0</blocPub>
        <blocIll ocr="1">0</blocIll>
        <ills/>
      </page>
      <page ordre="3">
        <nbMot>6143</nbMot>
        <blocTexte>65</blocTexte>
        <blocTab>0</blocTab>
        <blocPub>0</blocPub>
        <blocIll ocr="0">0</blocIll>
      </page>
      <page ordre="4">
        <nbMot>6950</nbMot>
        <blocTexte>48</blocTexte>
        <blocTab>0</blocTab>
        <blocPub>0</blocPub>
        <blocIll ocr="0">0</blocIll>
      </page>
      <page ordre="5">
        <nbMot>8085</nbMot>
        <blocTexte>82</blocTexte>
        <blocTab>7</blocTab>
        <blocPub>4</blocPub>
        <blocIll ocr="1">1</blocIll>
        <ills>
          <ill couleur="gris" edit="1" h="652" id="5-1" n="5-1" pub="1" taille="0" w="746" x="2494" y="1587">
            <tech source="final">imp photoméca</tech>
            <tech source="md">imp photoméca</tech>
            <type/>
            <titraille>BULLETIN FINANCIER</titraille>
            <txt>Paris, 17 juin.</txt>
            <index>BULLETIN FINANCIERParis, 17 juin.</index>
          </ill>
        </ills>
      </page>
      <page ordre="6">
        <nbMot>5606</nbMot>
        <blocTexte>21</blocTexte>
        <blocTab>7</blocTab>
        <blocPub>7</blocPub>
        <blocIll ocr="0">0</blocIll>
      </page>
    </pages>
  </contenus>
</analyseAlto>