<analyseAlto>
  <metad>
    <type>P</type>
    <ID>bpt6k564613w</ID>
    <titre>Le Petit Parisien</titre>
    <dateEdition>1913-02-16</dateEdition>
    <nbPage>8</nbPage>
    <suppl>FALSE</suppl>
  </metad>
  <contenus>
    <nbArticle>87</nbArticle>
    <largeur>424</largeur>
    <hauteur>571</hauteur>
    <pages>
      <page ordre="1">
        <nbMot>5237</nbMot>
        <blocTexte>44</blocTexte>
        <blocTab>0</blocTab>
        <blocPub>0</blocPub>
        <blocIll ocr="2">0</blocIll>
        <ills/>
      </page>
      <page ordre="2">
        <nbMot>6582</nbMot>
        <blocTexte>45</blocTexte>
        <blocTab>0</blocTab>
        <blocPub>0</blocPub>
        <blocIll ocr="1">0</blocIll>
        <ills/>
      </page>
      <page ordre="3">
        <nbMot>6378</nbMot>
        <blocTexte>55</blocTexte>
        <blocTab>0</blocTab>
        <blocPub>0</blocPub>
        <blocIll ocr="0">0</blocIll>
      </page>
      <page ordre="4">
        <nbMot>6028</nbMot>
        <blocTexte>51</blocTexte>
        <blocTab>0</blocTab>
        <blocPub>6</blocPub>
        <blocIll ocr="1">0</blocIll>
        <ills/>
      </page>
      <page ordre="5">
        <nbMot>5560</nbMot>
        <blocTexte>86</blocTexte>
        <blocTab>1</blocTab>
        <blocPub>9</blocPub>
        <blocIll ocr="1">0</blocIll>
        <ills/>
      </page>
      <page ordre="6">
        <nbMot>9853</nbMot>
        <blocTexte>45</blocTexte>
        <blocTab>6</blocTab>
        <blocPub>4</blocPub>
        <blocIll ocr="2">2</blocIll>
        <ills>
          <ill classif="DFdnn" couleur="gris" edit="1" h="694" id="6-1" n="6-1" pub="1" taille="0" w="356" x="965" y="669">
            <tech source="final">imp photoméca</tech>
            <tech source="md">imp photoméca</tech>
            <contenuImg CS="0.90" h="487" sexe="P" source="dnn" w="325" x="25" y="115">face</contenuImg>
            <type/>
            <titraille>Pulsoconn-Macaura</titraille>
            <leg>L'lnVenteur du célèbre Paljoconn</leg>
            <txt>Si le temps des miracles n'était passé, ne croyez-vous pas qu'on pourrait crier au miracle ? Et cependant, dans le cas que nous allons citer, tout s'est pussé le plus naturellement du monde. Le massage intensif pro voqué par le Pulsoconn dont le marteau frappe des milliers de fois par minute, a provoqué une intense circulation du sang et il a ainsi ramené ta. vie et la santé dans ies membres atrophiés, tnkylosés, raidis. Mais la propre lettre de ceux qui sont guéris est plus éloquente que de pauvres explications : Sciatique rhumatismale et Paralysie M. Marty, régisseur du domaine de Hocpiquet, Verteuil-d'Agenais (Lot et-Garonne), écrit ce qui suit : H Depuis plus de trente ans, |é souffrais d'une sciatique rhumatis male qui ne me permet tait aucun mouvement ou position courbée. Je ne pouvais ni monter, ni rester assis en voiture. Je ne pouvais me chausser sans te secours de ma femme. Je restais quelquefois étendu sans pou voir bouger. J'avais oOnsulté plusieurs méde cins-: aucun n'avait pu me procurer le moindre soulagement ; après avoir tout essayé, je voulus essayer votre appareil, lequel, après 30 séances, m'a entièrement débarrassé de cette horrible tor ture. Mon cas vous a valu la vente de plus de 30 appareils dans la contrée. Je dois ajouter qu'un voisin, âgé de 42 ans, infirme depuis 25 mois (tassement de la moelle épinière), ne pouvant se remuer que comme on le remuait, après quelques applications de mon appareil, a obtenu du sou lagement ; la famille, sans hésiter, v</txt>
            <index>Pulsoconn-MacauraL'lnVenteur du célèbre PaljoconnSi le temps des miracles n'était passé, ne croyez-vous pas qu'on pourrait crier au miracle ? Et cependant, dans le cas que nous allons citer, tout s'est pussé le plus naturellement du monde. Le massage intensif pro voqué par le Pulsoconn dont le marteau frappe des milliers de fois par minute, a provoqué une intense circulation du sang et il a ainsi ramené ta. vie et la santé dans ies membres atrophiés, tnkylosés, raidis. Mais la propre lettre de ceux qui sont guéris est plus éloquente que de pauvres explications : Sciatique rhumatismale et Paralysie M. Marty, régisseur du domaine de Hocpiquet, Verteuil-d'Agenais (Lot et-Garonne), écrit ce qui suit : H Depuis plus de trente ans, |é souffrais d'une sciatique rhumatis male qui ne me permet tait aucun mouvement ou position courbée. Je ne pouvais ni monter, ni rester assis en voiture. Je ne pouvais me chausser sans te secours de ma femme. Je restais quelquefois étendu sans pou voir bouger. J'avais oOnsulté plusieurs méde cins-: aucun n'avait pu me procurer le moindre soulagement ; après avoir tout essayé, je voulus essayer votre appareil, lequel, après 30 séances, m'a entièrement débarrassé de cette horrible tor ture. Mon cas vous a valu la vente de plus de 30 appareils dans la contrée. Je dois ajouter qu'un voisin, âgé de 42 ans, infirme depuis 25 mois (tassement de la moelle épinière), ne pouvant se remuer que comme on le remuait, après quelques applications de mon appareil, a obtenu du sou lagement ; la famille, sans hésiter, v</index>
          </ill>
          <ill classif="DFdnn" couleur="gris" edit="1" h="882" id="6-2" n="6-2" pub="1" taille="1" w="744" x="2569" y="443">
            <tech source="final">imp photoméca</tech>
            <tech source="md">imp photoméca</tech>
            <type/>
            <titraille>LA TOUX</titraille>
            <txt>et le point de côté</txt>
            <index>LA TOUXet le point de côté</index>
          </ill>
        </ills>
      </page>
      <page ordre="7">
        <nbMot>3144</nbMot>
        <blocTexte>17</blocTexte>
        <blocTab>3</blocTab>
        <blocPub>10</blocPub>
        <blocIll ocr="0">0</blocIll>
      </page>
      <page ordre="8">
        <nbMot>405</nbMot>
        <blocTexte>3</blocTexte>
        <blocTab>0</blocTab>
        <blocPub>1</blocPub>
        <blocIll ocr="0">0</blocIll>
      </page>
    </pages>
  </contenus>
</analyseAlto>