<analyseAlto>
  <metad>
    <type>P</type>
    <ID>bpt6k564645p</ID>
    <titre>Le Petit Parisien</titre>
    <dateEdition>1913-03-20</dateEdition>
    <nbPage>6</nbPage>
    <suppl>FALSE</suppl>
  </metad>
  <contenus>
    <nbArticle>81</nbArticle>
    <largeur>427</largeur>
    <hauteur>574</hauteur>
    <pages>
      <page ordre="1">
        <nbMot>4428</nbMot>
        <blocTexte>53</blocTexte>
        <blocTab>0</blocTab>
        <blocPub>0</blocPub>
        <blocIll ocr="3">0</blocIll>
        <ills/>
      </page>
      <page ordre="2">
        <nbMot>6312</nbMot>
        <blocTexte>56</blocTexte>
        <blocTab>0</blocTab>
        <blocPub>0</blocPub>
        <blocIll ocr="3">0</blocIll>
        <ills/>
      </page>
      <page ordre="3">
        <nbMot>5792</nbMot>
        <blocTexte>68</blocTexte>
        <blocTab>0</blocTab>
        <blocPub>0</blocPub>
        <blocIll ocr="0">0</blocIll>
      </page>
      <page ordre="4">
        <nbMot>6455</nbMot>
        <blocTexte>74</blocTexte>
        <blocTab>2</blocTab>
        <blocPub>11</blocPub>
        <blocIll ocr="0">0</blocIll>
      </page>
      <page ordre="5">
        <nbMot>9671</nbMot>
        <blocTexte>59</blocTexte>
        <blocTab>3</blocTab>
        <blocPub>9</blocPub>
        <blocIll ocr="2">1</blocIll>
        <ills>
          <ill classif="DFdnn" couleur="gris" edit="1" h="723" id="5-1" n="5-1" pub="1" taille="0" w="429" x="1733" y="892">
            <tech source="final">imp photoméca</tech>
            <tech source="md">imp photoméca</tech>
            <type/>
            <titraille>Qui veut 25.000 francs?</titraille>
            <txt>Je vous devine vous écriant : « Moi ! Parbleu ! » Quelle que soit la situation de fortune d'un « tout un chacun », quel est le brave homme ou la gente dame, voire te bambin, qui ne serait aise de recevoir en toute propriété vingt cinq beaux billets de mille francs? N allez pas croire que pour gagner cette petite fortune il faille résoudre quelque problème ardu, deviner des rébus troublants, entreprendre l'un des travaux d'Hercule, ni même risquer un centime. Point ! C'est bien plus exquis et inat tendu que tout ce que vous pouvez imaginer. Pour- gagner ces 25,000 francs et 09!) autres prix d'un total respectable de 66,137 fr. 50 (je cite les centimes parce que c'est officiel), on vous de mande uniquement... d'être joyeux, gais, heureux ! Ne m'interrompez pas, je vous en conjure, ne criez pas au « Poisson d'avril », continuez à lire sagement cçp lignes, vous verrëz que C'est là la plus pure, la plus hon nête des vérités. 1 ira a coutume, à tort ou à raison, de craindre le chif fre 13 : 1913, a-t-on dit, est une année marquée. Baliver nes ! On va simple ment vous prouver le contraire. Si vous avez vécu 6 ou 10 « moments heureux » cette an née, vous pourrez gagner les 25,000 fr. ou l'un des 999 prix, soit en bonnes espèces sonnantes. 66.137 francs. I II faut bien qu'on puisse contrôler la bonne 1 foi de ces « moments heureux ». Quelle autre manière y a-t-il qu'une photogaphie vous mon trant en train de vivre ces heureuses minutes, i Lorsqu'une instantanée a bel et bien fixé des</txt>
            <index>Qui veut 25.000 francs?Je vous devine vous écriant : « Moi ! Parbleu ! » Quelle que soit la situation de fortune d'un « tout un chacun », quel est le brave homme ou la gente dame, voire te bambin, qui ne serait aise de recevoir en toute propriété vingt cinq beaux billets de mille francs? N allez pas croire que pour gagner cette petite fortune il faille résoudre quelque problème ardu, deviner des rébus troublants, entreprendre l'un des travaux d'Hercule, ni même risquer un centime. Point ! C'est bien plus exquis et inat tendu que tout ce que vous pouvez imaginer. Pour- gagner ces 25,000 francs et 09!) autres prix d'un total respectable de 66,137 fr. 50 (je cite les centimes parce que c'est officiel), on vous de mande uniquement... d'être joyeux, gais, heureux ! Ne m'interrompez pas, je vous en conjure, ne criez pas au « Poisson d'avril », continuez à lire sagement cçp lignes, vous verrëz que C'est là la plus pure, la plus hon nête des vérités. 1 ira a coutume, à tort ou à raison, de craindre le chif fre 13 : 1913, a-t-on dit, est une année marquée. Baliver nes ! On va simple ment vous prouver le contraire. Si vous avez vécu 6 ou 10 « moments heureux » cette an née, vous pourrez gagner les 25,000 fr. ou l'un des 999 prix, soit en bonnes espèces sonnantes. 66.137 francs. I II faut bien qu'on puisse contrôler la bonne 1 foi de ces « moments heureux ». Quelle autre manière y a-t-il qu'une photogaphie vous mon trant en train de vivre ces heureuses minutes, i Lorsqu'une instantanée a bel et bien fixé des</index>
          </ill>
        </ills>
      </page>
      <page ordre="6">
        <nbMot>3577</nbMot>
        <blocTexte>17</blocTexte>
        <blocTab>0</blocTab>
        <blocPub>14</blocPub>
        <blocIll ocr="0">0</blocIll>
      </page>
    </pages>
  </contenus>
</analyseAlto>