<analyseAlto>
  <metad>
    <type>P</type>
    <ID>bpt6k564677g</ID>
    <titre>Le Petit Parisien</titre>
    <dateEdition>1913-04-21</dateEdition>
    <nbPage>6</nbPage>
    <suppl>FALSE</suppl>
  </metad>
  <contenus>
    <nbArticle>78</nbArticle>
    <largeur>424</largeur>
    <hauteur>570</hauteur>
    <pages>
      <page ordre="1">
        <nbMot>5362</nbMot>
        <blocTexte>37</blocTexte>
        <blocTab>0</blocTab>
        <blocPub>0</blocPub>
        <blocIll ocr="3">0</blocIll>
        <ills/>
      </page>
      <page ordre="2">
        <nbMot>5924</nbMot>
        <blocTexte>59</blocTexte>
        <blocTab>0</blocTab>
        <blocPub>0</blocPub>
        <blocIll ocr="3">1</blocIll>
        <ills>
          <ill couleur="gris" edit="1" h="1234" id="2-3" n="2-3" pub="1" taille="1" w="770" x="4119" y="3710">
            <tech source="final">imp photoméca</tech>
            <tech source="md">imp photoméca</tech>
            <type/>
            <titraille>Ls En lie Etoile</titraille>
            <leg>Le maître examinait la lettre il lai trouvait an aspect singulier</leg>
            <txt>mm CONTEIIIPOIWK</txt>
            <index>Ls En lie EtoileLe maître examinait la lettre il lai trouvait an aspect singuliermm CONTEIIIPOIWK</index>
          </ill>
        </ills>
      </page>
      <page ordre="3">
        <nbMot>5890</nbMot>
        <blocTexte>73</blocTexte>
        <blocTab>0</blocTab>
        <blocPub>0</blocPub>
        <blocIll ocr="0">0</blocIll>
      </page>
      <page ordre="4">
        <nbMot>5878</nbMot>
        <blocTexte>61</blocTexte>
        <blocTab>1</blocTab>
        <blocPub>8</blocPub>
        <blocIll ocr="1">0</blocIll>
        <ills/>
      </page>
      <page ordre="5">
        <nbMot>5680</nbMot>
        <blocTexte>30</blocTexte>
        <blocTab>0</blocTab>
        <blocPub>8</blocPub>
        <blocIll ocr="0">0</blocIll>
      </page>
      <page ordre="6">
        <nbMot>4326</nbMot>
        <blocTexte>17</blocTexte>
        <blocTab>0</blocTab>
        <blocPub>8</blocPub>
        <blocIll ocr="0">0</blocIll>
      </page>
    </pages>
  </contenus>
</analyseAlto>