<analyseAlto>
  <metad>
    <type>P</type>
    <ID>bpt6k564608f</ID>
    <titre>Le Petit Parisien</titre>
    <dateEdition>1913-02-11</dateEdition>
    <nbPage>6</nbPage>
    <suppl>FALSE</suppl>
  </metad>
  <contenus>
    <nbArticle>70</nbArticle>
    <largeur>426</largeur>
    <hauteur>573</hauteur>
    <pages>
      <page ordre="1">
        <nbMot>4771</nbMot>
        <blocTexte>39</blocTexte>
        <blocTab>0</blocTab>
        <blocPub>0</blocPub>
        <blocIll ocr="3">0</blocIll>
        <ills/>
      </page>
      <page ordre="2">
        <nbMot>6549</nbMot>
        <blocTexte>51</blocTexte>
        <blocTab>0</blocTab>
        <blocPub>0</blocPub>
        <blocIll ocr="1">0</blocIll>
        <ills/>
      </page>
      <page ordre="3">
        <nbMot>5964</nbMot>
        <blocTexte>66</blocTexte>
        <blocTab>0</blocTab>
        <blocPub>0</blocPub>
        <blocIll ocr="0">0</blocIll>
      </page>
      <page ordre="4">
        <nbMot>6902</nbMot>
        <blocTexte>87</blocTexte>
        <blocTab>2</blocTab>
        <blocPub>3</blocPub>
        <blocIll ocr="1">0</blocIll>
        <ills/>
      </page>
      <page ordre="5">
        <nbMot>7866</nbMot>
        <blocTexte>48</blocTexte>
        <blocTab>3</blocTab>
        <blocPub>12</blocPub>
        <blocIll ocr="1">0</blocIll>
        <ills/>
      </page>
      <page ordre="6">
        <nbMot>2189</nbMot>
        <blocTexte>21</blocTexte>
        <blocTab>1</blocTab>
        <blocPub>10</blocPub>
        <blocIll ocr="1">1</blocIll>
        <ills>
          <ill classif="DFdnn" couleur="gris" derniere="true" edit="1" h="464" id="6-1" n="6-1" pub="1" taille="0" w="1010" x="3589" y="1161">
            <tech source="final">imp photoméca</tech>
            <tech source="md">imp photoméca</tech>
            <contenuImg CS="0.96" h="215" sexe="P" source="dnn" w="182" x="712" y="82">face</contenuImg>
            <type/>
            <titraille>Expérience Nationale SUP LA Culture du Cheveu</titraille>
            <txt>TOUS SONT INVITÉS A Y PRENDRE PART</txt>
            <index>Expérience Nationale SUP LA Culture du CheveuTOUS SONT INVITÉS A Y PRENDRE PART</index>
          </ill>
        </ills>
      </page>
    </pages>
  </contenus>
</analyseAlto>