<analyseAlto>
  <metad>
    <type>P</type>
    <ID>bpt6k5647348</ID>
    <titre>Le Petit Parisien</titre>
    <dateEdition>1913-06-17</dateEdition>
    <nbPage>6</nbPage>
    <suppl>FALSE</suppl>
  </metad>
  <contenus>
    <nbArticle>78</nbArticle>
    <largeur>425</largeur>
    <hauteur>573</hauteur>
    <pages>
      <page ordre="1">
        <nbMot>5302</nbMot>
        <blocTexte>51</blocTexte>
        <blocTab>0</blocTab>
        <blocPub>0</blocPub>
        <blocIll ocr="2">0</blocIll>
        <ills/>
      </page>
      <page ordre="2">
        <nbMot>6617</nbMot>
        <blocTexte>61</blocTexte>
        <blocTab>0</blocTab>
        <blocPub>0</blocPub>
        <blocIll ocr="1">0</blocIll>
        <ills/>
      </page>
      <page ordre="3">
        <nbMot>6193</nbMot>
        <blocTexte>59</blocTexte>
        <blocTab>0</blocTab>
        <blocPub>0</blocPub>
        <blocIll ocr="0">0</blocIll>
      </page>
      <page ordre="4">
        <nbMot>9046</nbMot>
        <blocTexte>60</blocTexte>
        <blocTab>3</blocTab>
        <blocPub>2</blocPub>
        <blocIll ocr="1">1</blocIll>
        <ills>
          <ill classif="DFdnn" couleur="gris" edit="1" h="704" id="4-1" n="4-1" pub="1" taille="0" w="580" x="4227" y="2451">
            <tech source="final">imp photoméca</tech>
            <tech source="md">imp photoméca</tech>
            <contenuImg CS="1.00" h="470" sexe="P" source="dnn" w="405" x="67" y="125">face</contenuImg>
            <type/>
            <titraille>#34; C'est un vrai diable !  #34;</titraille>
            <leg>M.CHENAUD:</leg>
            <txt>Mme ERNEST TNE CHZNAUD, au Bourbon, com mune de Trévol (Allier . considère que les Pilules Pink ont sauvé son (ils. âgé de 10 ans. Mères, qui n'êtes pas satisfaites de la santé de vos petits, lisez ce que dit des Pilules Pink cette maman:</txt>
            <index>#34; C'est un vrai diable !  #34;M.CHENAUD:Mme ERNEST TNE CHZNAUD, au Bourbon, com mune de Trévol (Allier . considère que les Pilules Pink ont sauvé son (ils. âgé de 10 ans. Mères, qui n'êtes pas satisfaites de la santé de vos petits, lisez ce que dit des Pilules Pink cette maman:</index>
          </ill>
        </ills>
      </page>
      <page ordre="5">
        <nbMot>6903</nbMot>
        <blocTexte>36</blocTexte>
        <blocTab>4</blocTab>
        <blocPub>9</blocPub>
        <blocIll ocr="0">0</blocIll>
      </page>
      <page ordre="6">
        <nbMot>5040</nbMot>
        <blocTexte>39</blocTexte>
        <blocTab>4</blocTab>
        <blocPub>11</blocPub>
        <blocIll ocr="1">1</blocIll>
        <ills>
          <ill classif="DFdnn" couleur="gris" derniere="true" edit="1" h="1266" id="6-1" n="6-1" pub="1" taille="5" w="2365" x="902" y="1375">
            <tech source="final">imp photoméca</tech>
            <tech source="md">imp photoméca</tech>
            <type/>
            <leg>« Voyez ce couple d'ècbalas I Pourquoi n'essaient-ils pas le Sargol ? »</leg>
            <txt>Boîte de 2 fr. 50 gratis !</txt>
            <index>« Voyez ce couple d'ècbalas I Pourquoi n'essaient-ils pas le Sargol ? »Boîte de 2 fr. 50 gratis !</index>
          </ill>
        </ills>
      </page>
    </pages>
  </contenus>
</analyseAlto>