<analyseAlto>
  <metad>
    <type>P</type>
    <ID>bpt6k565101h</ID>
    <titre>Le Petit Parisien</titre>
    <dateEdition>1914-06-19</dateEdition>
    <nbPage>8</nbPage>
    <suppl>FALSE</suppl>
  </metad>
  <contenus>
    <nbArticle>109</nbArticle>
    <largeur>425</largeur>
    <hauteur>585</hauteur>
    <pages>
      <page ordre="1">
        <nbMot>4906</nbMot>
        <blocTexte>45</blocTexte>
        <blocTab>0</blocTab>
        <blocPub>0</blocPub>
        <blocIll ocr="2">0</blocIll>
        <ills/>
      </page>
      <page ordre="2">
        <nbMot>7013</nbMot>
        <blocTexte>48</blocTexte>
        <blocTab>0</blocTab>
        <blocPub>0</blocPub>
        <blocIll ocr="1">0</blocIll>
        <ills/>
      </page>
      <page ordre="3">
        <nbMot>6295</nbMot>
        <blocTexte>61</blocTexte>
        <blocTab>0</blocTab>
        <blocPub>0</blocPub>
        <blocIll ocr="0">0</blocIll>
      </page>
      <page ordre="4">
        <nbMot>5820</nbMot>
        <blocTexte>55</blocTexte>
        <blocTab>0</blocTab>
        <blocPub>2</blocPub>
        <blocIll ocr="2">0</blocIll>
        <ills/>
      </page>
      <page ordre="5">
        <nbMot>6469</nbMot>
        <blocTexte>73</blocTexte>
        <blocTab>2</blocTab>
        <blocPub>2</blocPub>
        <blocIll ocr="1">1</blocIll>
        <ills>
          <ill couleur="gris" edit="1" h="381" id="5-1" n="5-1" pub="1" taille="0" w="758" x="3285" y="2776">
            <tech source="final">imp photoméca</tech>
            <tech source="md">imp photoméca</tech>
            <type/>
            <titraille>LE CONCOURS AGRICOLE</titraille>
            <leg>L'on des types de hangars de la maison VEADVY, à Tours</leg>
            <txt>Le concours agricole et hippique de Paris, organisé Chaque année sous tes auspices du ministère de l'Agriculture, s'est ouvert, hier, ' suiChamp de Mars. Deux mille animaux en viron, représentant les plus beaux spéci mens des races chevaline, bovine, porcine et ovine, y sont rassemblés. Les chêvaux sont les plus nombreux : on . en compte 1.143. se répartissant ainsi : 7l pur. sang, 469 demi-sang, 84 postiers et 499; de trait. , Les taureaux et les vaches sont au nom bre-tic 860 ; les brebis et les béliers eompren- ; nent 286 lots. Chaque lot se compose de trois têtes pour les brebis et d'une tète pour les béliers. Les verrats et les truies sont une centaine. Toute journée, le jury a procédé à l'exa- i men des sujets exposés-. Aujourd'hui; après midi, M. Fernand Da-   vid, ministre de l'Agriculture, visitera les stands et demain,' a 3 h; 15, le Président de la République assistera' au défilé des bêtes : primées. - . 11, se rendra, immédiatement après, au con- j cours des reproducteurs des espèces chevfctc» line et asine.</txt>
            <index>LE CONCOURS AGRICOLEL'on des types de hangars de la maison VEADVY, à ToursLe concours agricole et hippique de Paris, organisé Chaque année sous tes auspices du ministère de l'Agriculture, s'est ouvert, hier, ' suiChamp de Mars. Deux mille animaux en viron, représentant les plus beaux spéci mens des races chevaline, bovine, porcine et ovine, y sont rassemblés. Les chêvaux sont les plus nombreux : on . en compte 1.143. se répartissant ainsi : 7l pur. sang, 469 demi-sang, 84 postiers et 499; de trait. , Les taureaux et les vaches sont au nom bre-tic 860 ; les brebis et les béliers eompren- ; nent 286 lots. Chaque lot se compose de trois têtes pour les brebis et d'une tète pour les béliers. Les verrats et les truies sont une centaine. Toute journée, le jury a procédé à l'exa- i men des sujets exposés-. Aujourd'hui; après midi, M. Fernand Da-   vid, ministre de l'Agriculture, visitera les stands et demain,' a 3 h; 15, le Président de la République assistera' au défilé des bêtes : primées. - . 11, se rendra, immédiatement après, au con- j cours des reproducteurs des espèces chevfctc» line et asine.</index>
          </ill>
        </ills>
      </page>
      <page ordre="6">
        <nbMot>5707</nbMot>
        <blocTexte>62</blocTexte>
        <blocTab>1</blocTab>
        <blocPub>4</blocPub>
        <blocIll ocr="1">0</blocIll>
        <ills/>
      </page>
      <page ordre="7">
        <nbMot>7614</nbMot>
        <blocTexte>51</blocTexte>
        <blocTab>5</blocTab>
        <blocPub>10</blocPub>
        <blocIll ocr="0">0</blocIll>
      </page>
      <page ordre="8">
        <nbMot>2438</nbMot>
        <blocTexte>11</blocTexte>
        <blocTab>1</blocTab>
        <blocPub>7</blocPub>
        <blocIll ocr="0">0</blocIll>
      </page>
    </pages>
  </contenus>
</analyseAlto>