<analyseAlto>
  <metad>
    <type>P</type>
    <ID>bpt6k5650330</ID>
    <titre>Le Petit Parisien</titre>
    <dateEdition>1914-04-12</dateEdition>
    <nbPage>8</nbPage>
    <suppl>FALSE</suppl>
  </metad>
  <contenus>
    <nbArticle>95</nbArticle>
    <largeur>422</largeur>
    <hauteur>576</hauteur>
    <pages>
      <page ordre="1">
        <nbMot>5305</nbMot>
        <blocTexte>46</blocTexte>
        <blocTab>0</blocTab>
        <blocPub>0</blocPub>
        <blocIll ocr="3">0</blocIll>
        <ills/>
      </page>
      <page ordre="2">
        <nbMot>6870</nbMot>
        <blocTexte>51</blocTexte>
        <blocTab>0</blocTab>
        <blocPub>0</blocPub>
        <blocIll ocr="0">0</blocIll>
      </page>
      <page ordre="3">
        <nbMot>5901</nbMot>
        <blocTexte>71</blocTexte>
        <blocTab>0</blocTab>
        <blocPub>0</blocPub>
        <blocIll ocr="2">0</blocIll>
        <ills/>
      </page>
      <page ordre="4">
        <nbMot>6044</nbMot>
        <blocTexte>64</blocTexte>
        <blocTab>0</blocTab>
        <blocPub>8</blocPub>
        <blocIll ocr="1">0</blocIll>
        <ills/>
      </page>
      <page ordre="5">
        <nbMot>6746</nbMot>
        <blocTexte>49</blocTexte>
        <blocTab>1</blocTab>
        <blocPub>3</blocPub>
        <blocIll ocr="3">1</blocIll>
        <ills>
          <ill classif="DFdnn" couleur="gris" edit="1" h="933" id="5-1" n="5-1" pub="1" taille="1" w="704" x="2557" y="3315">
            <tech source="final">imp photoméca</tech>
            <tech source="md">imp photoméca</tech>
            <contenuImg CS="0.99" h="430" sexe="P" source="dnn" w="357" x="190" y="375">face</contenuImg>
            <type/>
            <titraille>A 95 ANS!</titraille>
            <txt>Encore alerte, active et gaie, elle indique le secret de son heureuse vieillesse. « Il y a 6 ans, nous dit Mme Marin, 5, rue du » Chérie-Dancel à Saint-Lô, ]e marchais cassée » en deux par les maux de reins et souffrais de » crampes dans les jambes, maux de tête, bour » donnements d'oreilles, oppression, palpitations. » Grâce aux Pilules Poster. oeu à peu, tous mes » maux ont disparu. Ma guérison parfaite se • maintient depuis 6 ans. Je suit rajeunie et fais v mon ménage sans fatigue, Ma fille a été aussi » guérie de ses douleurs. »</txt>
            <index>A 95 ANS!Encore alerte, active et gaie, elle indique le secret de son heureuse vieillesse. « Il y a 6 ans, nous dit Mme Marin, 5, rue du » Chérie-Dancel à Saint-Lô, ]e marchais cassée » en deux par les maux de reins et souffrais de » crampes dans les jambes, maux de tête, bour » donnements d'oreilles, oppression, palpitations. » Grâce aux Pilules Poster. oeu à peu, tous mes » maux ont disparu. Ma guérison parfaite se • maintient depuis 6 ans. Je suit rajeunie et fais v mon ménage sans fatigue, Ma fille a été aussi » guérie de ses douleurs. »</index>
          </ill>
        </ills>
      </page>
      <page ordre="6">
        <nbMot>5393</nbMot>
        <blocTexte>52</blocTexte>
        <blocTab>0</blocTab>
        <blocPub>3</blocPub>
        <blocIll ocr="2">0</blocIll>
        <ills/>
      </page>
      <page ordre="7">
        <nbMot>4096</nbMot>
        <blocTexte>24</blocTexte>
        <blocTab>0</blocTab>
        <blocPub>4</blocPub>
        <blocIll ocr="1">0</blocIll>
        <ills/>
      </page>
      <page ordre="8">
        <nbMot>3202</nbMot>
        <blocTexte>3</blocTexte>
        <blocTab>0</blocTab>
        <blocPub>1</blocPub>
        <blocIll ocr="0">0</blocIll>
      </page>
    </pages>
  </contenus>
</analyseAlto>