<analyseAlto>
  <metad>
    <type>P</type>
    <ID>bpt6k566241g</ID>
    <titre>Le Petit Parisien</titre>
    <dateEdition>1917-07-29</dateEdition>
    <nbPage>4</nbPage>
    <suppl>FALSE</suppl>
  </metad>
  <contenus>
    <nbArticle>66</nbArticle>
    <largeur>423</largeur>
    <hauteur>582</hauteur>
    <pages>
      <page ordre="1">
        <nbMot>4704</nbMot>
        <blocTexte>48</blocTexte>
        <blocTab>0</blocTab>
        <blocPub>0</blocPub>
        <blocIll ocr="4">0</blocIll>
        <ills/>
      </page>
      <page ordre="2">
        <nbMot>6491</nbMot>
        <blocTexte>66</blocTexte>
        <blocTab>0</blocTab>
        <blocPub>1</blocPub>
        <blocIll ocr="0">0</blocIll>
      </page>
      <page ordre="3">
        <nbMot>5956</nbMot>
        <blocTexte>81</blocTexte>
        <blocTab>0</blocTab>
        <blocPub>1</blocPub>
        <blocIll ocr="1">0</blocIll>
        <ills/>
      </page>
      <page ordre="4">
        <nbMot>4653</nbMot>
        <blocTexte>41</blocTexte>
        <blocTab>0</blocTab>
        <blocPub>16</blocPub>
        <blocIll ocr="5">1</blocIll>
        <ills>
          <ill couleur="gris" derniere="true" edit="1" h="1098" id="4-1" n="4-1" pub="1" taille="3" w="1524" x="1741" y="3109">
            <tech source="final">imp photoméca</tech>
            <tech source="md">imp photoméca</tech>
            <type/>
            <titraille>ALLONS, DEBOUT!</titraille>
            <leg>LA MUSE. Voilà la liqueur d'énergie, LABARRAQUE, qui va te rendre l'inspiration !</leg>
            <txt>L'usage du Quinium Labarraque, à la dose d'un verre à liqueur après chaque re pas, suffit en effet pour rétablir, en peu de temps, les forces des malades les plus épuisés, et pour guérir sûrement et sans secousses les maladies de langueur et d'anémie les plus anciennes et les plus re belles à tout autre remède. Les fièvres :es plus tenaces disparaissent rapidement de vant cet héroïque médicament. Le Quinium Labarraque est encore souverain pour em pêcher à tout jamais le retour de la ma ladie. En présence des guérisons innombrables dans des cas désespérés, obtenues par le Quinium Labarraque, l'Académie de Méde cine de Paris n'a pas hésité à approuver la formule de cette préparation, distinction très rare qui recommande ce produit ù la confiance des malades de tous les pays. Au cun autre vin tonique n'a été honoré d'une pareille approbation.</txt>
            <index>ALLONS, DEBOUT!LA MUSE. Voilà la liqueur d'énergie, LABARRAQUE, qui va te rendre l'inspiration !L'usage du Quinium Labarraque, à la dose d'un verre à liqueur après chaque re pas, suffit en effet pour rétablir, en peu de temps, les forces des malades les plus épuisés, et pour guérir sûrement et sans secousses les maladies de langueur et d'anémie les plus anciennes et les plus re belles à tout autre remède. Les fièvres :es plus tenaces disparaissent rapidement de vant cet héroïque médicament. Le Quinium Labarraque est encore souverain pour em pêcher à tout jamais le retour de la ma ladie. En présence des guérisons innombrables dans des cas désespérés, obtenues par le Quinium Labarraque, l'Académie de Méde cine de Paris n'a pas hésité à approuver la formule de cette préparation, distinction très rare qui recommande ce produit ù la confiance des malades de tous les pays. Au cun autre vin tonique n'a été honoré d'une pareille approbation.</index>
          </ill>
        </ills>
      </page>
    </pages>
  </contenus>
</analyseAlto>