<analyseAlto>
  <metad>
    <type>P</type>
    <ID>bpt6k5662348</ID>
    <titre>Le Petit Parisien</titre>
    <dateEdition>1917-07-22</dateEdition>
    <nbPage>4</nbPage>
    <suppl>FALSE</suppl>
  </metad>
  <contenus>
    <nbArticle>55</nbArticle>
    <largeur>424</largeur>
    <hauteur>583</hauteur>
    <pages>
      <page ordre="1">
        <nbMot>4554</nbMot>
        <blocTexte>53</blocTexte>
        <blocTab>0</blocTab>
        <blocPub>0</blocPub>
        <blocIll ocr="5">0</blocIll>
        <ills/>
      </page>
      <page ordre="2">
        <nbMot>6602</nbMot>
        <blocTexte>55</blocTexte>
        <blocTab>0</blocTab>
        <blocPub>0</blocPub>
        <blocIll ocr="0">0</blocIll>
      </page>
      <page ordre="3">
        <nbMot>6330</nbMot>
        <blocTexte>78</blocTexte>
        <blocTab>0</blocTab>
        <blocPub>3</blocPub>
        <blocIll ocr="0">0</blocIll>
      </page>
      <page ordre="4">
        <nbMot>4095</nbMot>
        <blocTexte>36</blocTexte>
        <blocTab>0</blocTab>
        <blocPub>22</blocPub>
        <blocIll ocr="2">2</blocIll>
        <ills>
          <ill classif="DFdnn" couleur="gris" derniere="true" edit="1" h="1193" id="4-1" n="4-1" pub="1" taille="1" w="787" x="4116" y="321">
            <tech source="final">imp photoméca</tech>
            <tech source="md">imp photoméca</tech>
            <type/>
            <titraille>LES DEUX MOTEURS</titraille>
            <leg>Pour que la machine d'acier fonctionne bien, il faut alimenter son moteur avec de l'essence. Pour que la machine humaine fonctionne bien, il faut lui donner du , QUINIUM LABARRAQUE.</leg>
            <txt>L'usage du Omnium Labarraque, à la dose d'un verre à liqueur après chaque re pas, suffit en effet pour rétablir, en peu de temps, les forces des malades les plus épuisés, et pour guérir sûrement et sans secousses les maladies de langueur et d'anémie les plus anciennes et les plus re belles à tout autre remède. Les fièvres les plus tenaces disparaissent rapidement de vant cet héroïque médicament. Le Quinium Labarraque est encore souverain pour em pêcher à tout jamais le retour de la ma ladie. En présence des guérisons innombrables dans des cas désespérés, obtenues par le Quinium Labarraque, l'Académie de Méde cine de Paris n'a pas hésité à approuver la formule de cette préparation, distinction très rare qui recommande ce produit à la confiance des malades de tous les' pays. Au cun autre vin tonique n'a été honoré d'une pareille approbation.</txt>
            <index>LES DEUX MOTEURSPour que la machine d'acier fonctionne bien, il faut alimenter son moteur avec de l'essence. Pour que la machine humaine fonctionne bien, il faut lui donner du , QUINIUM LABARRAQUE.L'usage du Omnium Labarraque, à la dose d'un verre à liqueur après chaque re pas, suffit en effet pour rétablir, en peu de temps, les forces des malades les plus épuisés, et pour guérir sûrement et sans secousses les maladies de langueur et d'anémie les plus anciennes et les plus re belles à tout autre remède. Les fièvres les plus tenaces disparaissent rapidement de vant cet héroïque médicament. Le Quinium Labarraque est encore souverain pour em pêcher à tout jamais le retour de la ma ladie. En présence des guérisons innombrables dans des cas désespérés, obtenues par le Quinium Labarraque, l'Académie de Méde cine de Paris n'a pas hésité à approuver la formule de cette préparation, distinction très rare qui recommande ce produit à la confiance des malades de tous les' pays. Au cun autre vin tonique n'a été honoré d'une pareille approbation.</index>
          </ill>
          <ill couleur="gris" derniere="true" edit="1" h="1193" id="4-2" n="4-2" pub="1" taille="1" w="742" x="3376" y="321">
            <tech source="final">imp photoméca</tech>
            <tech source="md">imp photoméca</tech>
            <contenuImg CS="1" lang="fr" source="hm" time="2020-04-08T18:09:00.101+02:00">voiture</contenuImg>
            <type/>
            <titraille>LES DEUX MOTEURS</titraille>
            <txt>L'usage du Omnium Labarraque, à la dose d'un verre à liqueur après chaque re pas, suffit en effet pour rétablir, en peu de temps, les forces des malades les plus épuisés, et pour guérir sûrement et sans secousses les maladies de langueur et d'anémie les plus anciennes et les plus re belles à tout autre remède. Les fièvres les plus tenaces disparaissent rapidement de vant cet héroïque médicament. Le Quinium Labarraque est encore souverain pour em pêcher à tout jamais le retour de la ma ladie. En présence des guérisons innombrables dans des cas désespérés, obtenues par le Quinium Labarraque, l'Académie de Méde cine de Paris n'a pas hésité à approuver la formule de cette préparation, distinction très rare qui recommande ce produit à la confiance des malades de tous les' pays. Au cun autre vin tonique n'a été honoré d'une pareille approbation.</txt>
            <index>LES DEUX MOTEURSL'usage du Omnium Labarraque, à la dose d'un verre à liqueur après chaque re pas, suffit en effet pour rétablir, en peu de temps, les forces des malades les plus épuisés, et pour guérir sûrement et sans secousses les maladies de langueur et d'anémie les plus anciennes et les plus re belles à tout autre remède. Les fièvres les plus tenaces disparaissent rapidement de vant cet héroïque médicament. Le Quinium Labarraque est encore souverain pour em pêcher à tout jamais le retour de la ma ladie. En présence des guérisons innombrables dans des cas désespérés, obtenues par le Quinium Labarraque, l'Académie de Méde cine de Paris n'a pas hésité à approuver la formule de cette préparation, distinction très rare qui recommande ce produit à la confiance des malades de tous les' pays. Au cun autre vin tonique n'a été honoré d'une pareille approbation.</index>
            <contenuImg CS="1" lang="en" source="hm" time="2020-04-08T18:09:00.101+02:00">car</contenuImg>
          </ill>
        </ills>
      </page>
    </pages>
  </contenus>
</analyseAlto>