<analyseAlto>
  <metad>
    <type>P</type>
    <ID>bpt6k566202g</ID>
    <titre>Le Petit Parisien</titre>
    <dateEdition>1917-06-20</dateEdition>
    <nbPage>4</nbPage>
    <suppl>FALSE</suppl>
  </metad>
  <contenus>
    <nbArticle>74</nbArticle>
    <largeur>422</largeur>
    <hauteur>578</hauteur>
    <pages>
      <page ordre="1">
        <nbMot>5765</nbMot>
        <blocTexte>87</blocTexte>
        <blocTab>0</blocTab>
        <blocPub>0</blocPub>
        <blocIll ocr="1">0</blocIll>
        <ills/>
      </page>
      <page ordre="2">
        <nbMot>7067</nbMot>
        <blocTexte>97</blocTexte>
        <blocTab>0</blocTab>
        <blocPub>0</blocPub>
        <blocIll ocr="0">0</blocIll>
      </page>
      <page ordre="3">
        <nbMot>5850</nbMot>
        <blocTexte>98</blocTexte>
        <blocTab>1</blocTab>
        <blocPub>1</blocPub>
        <blocIll ocr="0">0</blocIll>
      </page>
      <page ordre="4">
        <nbMot>4924</nbMot>
        <blocTexte>32</blocTexte>
        <blocTab>0</blocTab>
        <blocPub>19</blocPub>
        <blocIll ocr="1">1</blocIll>
        <ills>
          <ill couleur="gris" derniere="true" edit="1" h="1120" id="4-1" n="4-1" pub="1" taille="3" w="1537" x="3337" y="313">
            <tech source="final">imp photoméca</tech>
            <tech source="md">imp photoméca</tech>
            <type/>
            <titraille>LA VRAIE LEGENDE DE FAUST</titraille>
            <leg>La liqueur de jeunesse? Eh! parbleu, c'est le QUINIUM LABARRAQUE!</leg>
            <txt>L'usage du Quinium Labarraque, à la dose d'un verre à liqueur après chaque repas, suffit en effet pour rétablir, en peu de temps, les forces des malades les plus épuisés, et pour guérir sûrement et sans secousses les maladies de langueur et d'anémie les plus anciennes et les plus rebelles à tout autre remède. Les fièvres les plus tenaces dispa raissent rapidement devant cet héroïque médicament. Le Quinium Labarraque est ençore souverain pour empêcher à tout jamais le retour de la maladie. En présence des guérisons innombrables dans des cas désespérés, obtenues par le Quinium Labarraque, l'Académie de Méde cine de Paris n'a pas hésité à approuver la formule de cette préparation, distinction très rare qui recommande ce produit à la con fiance des malades de-tous les pays. Aucun autre vin tonique n'a été honore d'une pa reille approbation.</txt>
            <index>LA VRAIE LEGENDE DE FAUSTLa liqueur de jeunesse? Eh! parbleu, c'est le QUINIUM LABARRAQUE!L'usage du Quinium Labarraque, à la dose d'un verre à liqueur après chaque repas, suffit en effet pour rétablir, en peu de temps, les forces des malades les plus épuisés, et pour guérir sûrement et sans secousses les maladies de langueur et d'anémie les plus anciennes et les plus rebelles à tout autre remède. Les fièvres les plus tenaces dispa raissent rapidement devant cet héroïque médicament. Le Quinium Labarraque est ençore souverain pour empêcher à tout jamais le retour de la maladie. En présence des guérisons innombrables dans des cas désespérés, obtenues par le Quinium Labarraque, l'Académie de Méde cine de Paris n'a pas hésité à approuver la formule de cette préparation, distinction très rare qui recommande ce produit à la con fiance des malades de-tous les pays. Aucun autre vin tonique n'a été honore d'une pa reille approbation.</index>
          </ill>
        </ills>
      </page>
    </pages>
  </contenus>
</analyseAlto>