<analyseAlto>
  <metad>
    <type>P</type>
    <ID>bpt6k566679s</ID>
    <titre>Le Petit Parisien</titre>
    <dateEdition>1918-10-10</dateEdition>
    <nbPage>4</nbPage>
    <suppl>FALSE</suppl>
  </metad>
  <contenus>
    <nbArticle>62</nbArticle>
    <largeur>419</largeur>
    <hauteur>579</hauteur>
    <pages>
      <page ordre="1">
        <nbMot>4040</nbMot>
        <blocTexte>40</blocTexte>
        <blocTab>0</blocTab>
        <blocPub>0</blocPub>
        <blocIll ocr="0">0</blocIll>
      </page>
      <page ordre="2">
        <nbMot>6490</nbMot>
        <blocTexte>70</blocTexte>
        <blocTab>0</blocTab>
        <blocPub>1</blocPub>
        <blocIll ocr="1">0</blocIll>
        <ills/>
      </page>
      <page ordre="3">
        <nbMot>7069</nbMot>
        <blocTexte>72</blocTexte>
        <blocTab>1</blocTab>
        <blocPub>1</blocPub>
        <blocIll ocr="0">0</blocIll>
      </page>
      <page ordre="4">
        <nbMot>4701</nbMot>
        <blocTexte>32</blocTexte>
        <blocTab>0</blocTab>
        <blocPub>13</blocPub>
        <blocIll ocr="2">1</blocIll>
        <ills>
          <ill classif="DFdnn" couleur="gris" derniere="true" edit="1" h="841" id="4-1" n="4-1" pub="1" taille="1" w="712" x="1733" y="2494">
            <tech source="final">imp photoméca</tech>
            <tech source="md">imp photoméca</tech>
            <contenuImg CS="1.00" h="475" sexe="P" source="dnn" w="352" x="135" y="137">face</contenuImg>
            <type/>
            <titraille>La restriction désirable</titraille>
            <leg>Mme Henriette JOUVAL</leg>
            <txt>Par ces temps de restrictions, ceux qui souf frent de l'estomac ont fait comme tous les bons Français, ils ont fait ceinture, comme dit le populaire. Mais ces malheureux, dont tous les après-midi sont des temps de torture, trouvent que la partie n'est pas égale. Je mange moins, je ntauge peu, je fais reposer mon estomae, j'observe, a mon corps défendant d'ailleurs, les régimes, pas de viande, pas trop de pain ; il semblerait donc juste que mes souffrances aient diminué en proportion des restrictions que je m'impose et il n'en est rien. Gomme tous ceux qui souffrent, ces malades de l'estomac raisonnent à faux. Ce.n'est certainement pais une solution que de mourir de faim pour arri ver è ne pas souffrir de l'organe qui doit nour rir. Ce qu'il faut, c'est réparer ce mauvais outil qui ne vaut rien, et pour cela, crovez-m'en bien, ii vous faut une bonne cure de Pilules Pink. Pour les hésitants, pour les incrédules, voici la preuve quotidienne:</txt>
            <index>La restriction désirableMme Henriette JOUVALPar ces temps de restrictions, ceux qui souf frent de l'estomac ont fait comme tous les bons Français, ils ont fait ceinture, comme dit le populaire. Mais ces malheureux, dont tous les après-midi sont des temps de torture, trouvent que la partie n'est pas égale. Je mange moins, je ntauge peu, je fais reposer mon estomae, j'observe, a mon corps défendant d'ailleurs, les régimes, pas de viande, pas trop de pain ; il semblerait donc juste que mes souffrances aient diminué en proportion des restrictions que je m'impose et il n'en est rien. Gomme tous ceux qui souffrent, ces malades de l'estomac raisonnent à faux. Ce.n'est certainement pais une solution que de mourir de faim pour arri ver è ne pas souffrir de l'organe qui doit nour rir. Ce qu'il faut, c'est réparer ce mauvais outil qui ne vaut rien, et pour cela, crovez-m'en bien, ii vous faut une bonne cure de Pilules Pink. Pour les hésitants, pour les incrédules, voici la preuve quotidienne:</index>
          </ill>
        </ills>
      </page>
    </pages>
  </contenus>
</analyseAlto>