<analyseAlto>
  <metad>
    <type>P</type>
    <ID>bpt6k567095c</ID>
    <titre>Le Petit Parisien</titre>
    <dateEdition>1919-12-22</dateEdition>
    <nbPage>4</nbPage>
    <suppl>FALSE</suppl>
  </metad>
  <contenus>
    <nbArticle>49</nbArticle>
    <largeur>420</largeur>
    <hauteur>577</hauteur>
    <pages>
      <page ordre="1">
        <nbMot>5027</nbMot>
        <blocTexte>52</blocTexte>
        <blocTab>0</blocTab>
        <blocPub>0</blocPub>
        <blocIll ocr="3">0</blocIll>
        <ills/>
      </page>
      <page ordre="2">
        <nbMot>7038</nbMot>
        <blocTexte>60</blocTexte>
        <blocTab>2</blocTab>
        <blocPub>2</blocPub>
        <blocIll ocr="0">0</blocIll>
      </page>
      <page ordre="3">
        <nbMot>6873</nbMot>
        <blocTexte>63</blocTexte>
        <blocTab>0</blocTab>
        <blocPub>4</blocPub>
        <blocIll ocr="2">1</blocIll>
        <ills>
          <ill couleur="gris" edit="1" h="509" id="3-2" n="3-2" pub="1" taille="0" w="767" x="3267" y="4258">
            <tech source="final">imp photoméca</tech>
            <tech source="md">imp photoméca</tech>
            <contenuImg CS="1" lang="fr" source="hm" time="2020-04-08T18:10:26.096+02:00">vélo</contenuImg>
            <type/>
            <titraille>L'ÉCLAIRAGE ÉLECTRIQUE SANS CHARBON</titraille>
            <txt>Le problème de l'éclairage demeure in quiétant avec la crise actuelle du charbon et cependant les autos, narguant les res trictions obligatoires, éblouissent de leur •lumière les pauvres piétons et les bouti ques obscures. Les malheureux cyclistes eux-mêmes, jusqu'à ces derniers temps, reculaient avec terreur devant les phares aveuglante des autos. v En effet, si la bicyclette est devenue pour tous l'auxiliaire indispensable de locomo tion, le moyen manquait pour l'utiliser jour et nuit sans avoir à se préoccuper de son éclairage. Les éclairages à huile, à pétrole, à acé tylène s'étant montrés aussi peu commodes que possible, restait l'éclairage électrique? Mais comment réaliser l'appareil sûr, solide, inusable ? Grftee à une heureuse application de mé canique, consacrée par l'exposition de Strasbourg (Hors Concours) et le Salon de l'Auto, lAlternacyole, sans pile ni accu, remplit ce triple but. C'est l'application du véritable alterna teur à l'éclairage des bicyclettes.</txt>
            <index>L'ÉCLAIRAGE ÉLECTRIQUE SANS CHARBONLe problème de l'éclairage demeure in quiétant avec la crise actuelle du charbon et cependant les autos, narguant les res trictions obligatoires, éblouissent de leur •lumière les pauvres piétons et les bouti ques obscures. Les malheureux cyclistes eux-mêmes, jusqu'à ces derniers temps, reculaient avec terreur devant les phares aveuglante des autos. v En effet, si la bicyclette est devenue pour tous l'auxiliaire indispensable de locomo tion, le moyen manquait pour l'utiliser jour et nuit sans avoir à se préoccuper de son éclairage. Les éclairages à huile, à pétrole, à acé tylène s'étant montrés aussi peu commodes que possible, restait l'éclairage électrique? Mais comment réaliser l'appareil sûr, solide, inusable ? Grftee à une heureuse application de mé canique, consacrée par l'exposition de Strasbourg (Hors Concours) et le Salon de l'Auto, lAlternacyole, sans pile ni accu, remplit ce triple but. C'est l'application du véritable alterna teur à l'éclairage des bicyclettes.</index>
            <contenuImg CS="1" lang="en" source="hm" time="2020-04-08T18:10:26.096+02:00">bicycle</contenuImg>
          </ill>
        </ills>
      </page>
      <page ordre="4">
        <nbMot>3640</nbMot>
        <blocTexte>24</blocTexte>
        <blocTab>0</blocTab>
        <blocPub>17</blocPub>
        <blocIll ocr="0">0</blocIll>
      </page>
    </pages>
  </contenus>
</analyseAlto>