<analyseAlto>
  <metad>
    <type>P</type>
    <ID>bpt6k567069v</ID>
    <titre>Le Petit Parisien</titre>
    <dateEdition>1919-11-05</dateEdition>
    <nbPage>4</nbPage>
    <suppl>FALSE</suppl>
  </metad>
  <contenus>
    <nbArticle>47</nbArticle>
    <largeur>421</largeur>
    <hauteur>581</hauteur>
    <pages>
      <page ordre="1">
        <nbMot>5389</nbMot>
        <blocTexte>38</blocTexte>
        <blocTab>0</blocTab>
        <blocPub>0</blocPub>
        <blocIll ocr="3">0</blocIll>
        <ills/>
      </page>
      <page ordre="2">
        <nbMot>6685</nbMot>
        <blocTexte>50</blocTexte>
        <blocTab>0</blocTab>
        <blocPub>6</blocPub>
        <blocIll ocr="0">0</blocIll>
      </page>
      <page ordre="3">
        <nbMot>6405</nbMot>
        <blocTexte>78</blocTexte>
        <blocTab>2</blocTab>
        <blocPub>15</blocPub>
        <blocIll ocr="0">0</blocIll>
      </page>
      <page ordre="4">
        <nbMot>3537</nbMot>
        <blocTexte>37</blocTexte>
        <blocTab>0</blocTab>
        <blocPub>26</blocPub>
        <blocIll ocr="1">1</blocIll>
        <ills>
          <ill classif="DFdnn" couleur="gris" derniere="true" edit="1" h="647" id="4-1" n="4-1" pub="1" taille="1" w="1457" x="2528" y="2461">
            <tech source="final">imp photoméca</tech>
            <tech source="md">imp photoméca</tech>
            <contenuImg CS="0.95" h="172" sexe="P" source="dnn" w="142" x="385" y="70">face</contenuImg>
            <contenuImg CS="0.96" h="175" sexe="P" source="dnn" w="142" x="767" y="70">face</contenuImg>
            <contenuImg CS="0.96" h="170" sexe="P" source="dnn" w="140" x="1187" y="82">face</contenuImg>
            <contenuImg CS="0.98" h="172" sexe="P" source="dnn" w="140" x="27" y="70">face</contenuImg>
            <type/>
            <titraille>COHIT J'AI DÉVELOPPÉ MOI BUSTE de 15 centimètres en 30 jours</titraille>
            <leg>Contervez cette gravure et observez votre propre buste subir la mémo merveilleuse transformation.</leg>
            <txt>après avoir essayé des pilules, des massages, des coupes aspiratoires et autres méthodes'réclames diverses sans obtenir le moindre résultat UNE MÉTHODE SIMPLE ET FACILE QUE TOUTE FEMME PEUT EMPLOYER DANS SON INTÉRIEUR ET QUI LUI DONNERA EN PEU DE TEMPS UN TRÈS BEAU BUSTE</txt>
            <index>COHIT J'AI DÉVELOPPÉ MOI BUSTE de 15 centimètres en 30 joursContervez cette gravure et observez votre propre buste subir la mémo merveilleuse transformation.après avoir essayé des pilules, des massages, des coupes aspiratoires et autres méthodes'réclames diverses sans obtenir le moindre résultat UNE MÉTHODE SIMPLE ET FACILE QUE TOUTE FEMME PEUT EMPLOYER DANS SON INTÉRIEUR ET QUI LUI DONNERA EN PEU DE TEMPS UN TRÈS BEAU BUSTE</index>
          </ill>
        </ills>
      </page>
    </pages>
  </contenus>
</analyseAlto>