<analyseAlto>
  <metad>
    <type>P</type>
    <ID>bpt6k2554388</ID>
    <notice>cb327877302</notice>
    <titre>L'Humanité</titre>
    <dateEdition>1918-10-20</dateEdition>
    <nbPage>4</nbPage>
    <suppl>FALSE</suppl>
  </metad>
  <contenus>
    <largeur>419</largeur>
    <hauteur>592</hauteur>
    <pages>
      <page ordre="1">
        <nbMot>677</nbMot>
        <blocTexte>36</blocTexte>
        <blocTab>0</blocTab>
        <blocPub>0</blocPub>
        <blocIllustration>3</blocIllustration>
        <ills/>
      </page>
      <page ordre="2">
        <nbMot>790</nbMot>
        <blocTexte>42</blocTexte>
        <blocTab>0</blocTab>
        <blocPub>0</blocPub>
        <blocIllustration>11</blocIllustration>
        <ills/>
      </page>
      <page ordre="3">
        <nbMot>989</nbMot>
        <blocTexte>44</blocTexte>
        <blocTab>0</blocTab>
        <blocPub>0</blocPub>
        <blocIllustration>1</blocIllustration>
        <ills/>
      </page>
      <page ordre="4">
        <nbMot>606</nbMot>
        <blocTexte>110</blocTexte>
        <blocTab>0</blocTab>
        <blocPub>0</blocPub>
        <blocIllustration>27</blocIllustration>
        <ills>
          <ill couleur="gris" derniere="true" edit="1" h="779" n="4-21" pub="1" taille="0" w="269" x="1802" y="5279">
            <theme source="md">13</theme>
            <txt>1 En temps d'épidémie; les enfants fournissent la majeure partie des victimes. Cela s'explique facilement. La plupart des enfants de 8 à 14 ans souffrent des troubles dûs à la croissance, à la formation. Le développement de leur organisme a trop emprunté à leur sang, qui s'est appauvri. Sang appauvri, organisme débile. Un organisme débile, voilà bien le terrain de prédilection pour les microbes. Viennent à passer les microbes de la typhoïde, de l'influenza ou d'une autre maladie épidémique, ils se jetteront, de préférence, sur l'enfant débile. Le remède consiste â prévenir le mal en l'empêchant de se développer. Faites faire à vos enfants la cure des PILULES PINK qui donnent du sang aveb chaque pilule. Avec un sang riche en globules rouges et en globules blancs, les petits pourront défier l'épidémie.</txt>
            <index>1 En temps d'épidémie; les enfants fournissent la majeure partie des victimes. Cela s'explique facilement. La plupart des enfants de 8 à 14 ans souffrent des troubles dûs à la croissance, à la formation. Le développement de leur organisme a trop emprunté à leur sang, qui s'est appauvri. Sang appauvri, organisme débile. Un organisme débile, voilà bien le terrain de prédilection pour les microbes. Viennent à passer les microbes de la typhoïde, de l'influenza ou d'une autre maladie épidémique, ils se jetteront, de préférence, sur l'enfant débile. Le remède consiste â prévenir le mal en l'empêchant de se développer. Faites faire à vos enfants la cure des PILULES PINK qui donnent du sang aveb chaque pilule. Avec un sang riche en globules rouges et en globules blancs, les petits pourront défier l'épidémie.</index>
            <genre source="hm" time="2019-09-29T13:46:21.615+02:00">publicite</genre>
            <genre source="final">publicite</genre>
          </ill>
        </ills>
      </page>
    </pages>
  </contenus>
</analyseAlto>