<analyseAlto>
  <metad>
    <type>P</type>
    <ID>bpt6k2526560</ID>
    <notice>cb327877302</notice>
    <titre>L'Humanité</titre>
    <dateEdition>1911-02-13</dateEdition>
    <nbPage>4</nbPage>
    <suppl>FALSE</suppl>
  </metad>
  <contenus>
    <largeur>426</largeur>
    <hauteur>575</hauteur>
    <pages>
      <page ordre="1">
        <nbMot>888</nbMot>
        <blocTexte>53</blocTexte>
        <blocTab>0</blocTab>
        <blocPub>0</blocPub>
        <blocIllustration>4</blocIllustration>
        <ills/>
      </page>
      <page ordre="2">
        <nbMot>1024</nbMot>
        <blocTexte>43</blocTexte>
        <blocTab>0</blocTab>
        <blocPub>0</blocPub>
        <blocIllustration>0</blocIllustration>
      </page>
      <page ordre="3">
        <nbMot>921</nbMot>
        <blocTexte>42</blocTexte>
        <blocTab>0</blocTab>
        <blocPub>0</blocPub>
        <blocIllustration>2</blocIllustration>
        <ills/>
      </page>
      <page ordre="4">
        <nbMot>848</nbMot>
        <blocTexte>59</blocTexte>
        <blocTab>0</blocTab>
        <blocPub>0</blocPub>
        <blocIllustration>13</blocIllustration>
        <ills>
          <ill couleur="gris" derniere="true" edit="1" h="532" n="4-7" pub="1" taille="0" w="462" x="75" y="4470">
            <theme source="md">13</theme>
            <leg>a mm** est a»e maladie infectieuse, qui, mal soignée, peut devenir très dangereuse. Il est de toute nécessité de désinfecter immé diatement l'organisme et d'expulser de l'estomac et l'intestin fout ce qui pourrait permettre aux germes de cette maladie de se développer à leur aise dans les éléments putrides. mm-wm LE mmm lîbie Hntrsns k l'Estomac Us les impuretés qui t) trouvenl en faisant immédiatement usage des PILULES DDPÎÎIS Purgatives, Antibilieuses, Oépuratives. G«îoe a»x sucs de plantes concentrés dont elles sont compo sées, elles agissent sur les humeurs grasses et gluantes qui entravent la digestion, et débarrassent l'appareil digestif ei l'intestin de toutes les matières qui les souillent, empêchant aàasi l'mte'ction de l'organisme par la grippe qui se serait dé veloppée dans ces fermentations. PB1S MIS Lft ÊRIPPE ( continuez pendant un certain temps U CURE DES PILULES DUPUIS pour stimuler les muqueuses, expulser complètement de l'organisme toutes les impuretés qui s'v sont amassées pen dant la maladie et assurer un bon fonctioniiement à l'appareil digestif,: permettant ainsi une parfaite assimilation dès élé ments satns et reconstituants. m\$ VOICI m M 00ISI3L : l'iTTiisEZ Pis wmm m ÛIIPFE PQUE: Fâiii yiÂSE DIS fSLULIS OUFUIS ^ Mitez-la, au contraire, en faisant de suite une cure salutaire et en vous procurant par leurs sucs oêgétaux, I'ISîOMÂËft§PRI ? i'liT£SïSi LIBRE, LE SÂffi m seuls vrais gages a'e la santé. 4.50 ia boîte de 30 pilules (2 pilules suffisent pour</leg>
            <txt>1 m mmm</txt>
            <index>a mm** est a»e maladie infectieuse, qui, mal soignée, peut devenir très dangereuse. Il est de toute nécessité de désinfecter immé diatement l'organisme et d'expulser de l'estomac et l'intestin fout ce qui pourrait permettre aux germes de cette maladie de se développer à leur aise dans les éléments putrides. mm-wm LE mmm lîbie Hntrsns k l'Estomac Us les impuretés qui t) trouvenl en faisant immédiatement usage des PILULES DDPÎÎIS Purgatives, Antibilieuses, Oépuratives. G«îoe a»x sucs de plantes concentrés dont elles sont compo sées, elles agissent sur les humeurs grasses et gluantes qui entravent la digestion, et débarrassent l'appareil digestif ei l'intestin de toutes les matières qui les souillent, empêchant aàasi l'mte'ction de l'organisme par la grippe qui se serait dé veloppée dans ces fermentations. PB1S MIS Lft ÊRIPPE ( continuez pendant un certain temps U CURE DES PILULES DUPUIS pour stimuler les muqueuses, expulser complètement de l'organisme toutes les impuretés qui s'v sont amassées pen dant la maladie et assurer un bon fonctioniiement à l'appareil digestif,: permettant ainsi une parfaite assimilation dès élé ments satns et reconstituants. m\$ VOICI m M 00ISI3L : l'iTTiisEZ Pis wmm m ÛIIPFE PQUE: Fâiii yiÂSE DIS fSLULIS OUFUIS ^ Mitez-la, au contraire, en faisant de suite une cure salutaire et en vous procurant par leurs sucs oêgétaux, I'ISîOMÂËft§PRI ? i'liT£SïSi LIBRE, LE SÂffi m seuls vrais gages a'e la santé. 4.50 ia boîte de 30 pilules (2 pilules suffisent pour1 m mmm</index>
            <genre source="hm" time="2019-09-29T13:37:42.236+02:00">publicite</genre>
            <genre source="final">publicite</genre>
          </ill>
        </ills>
      </page>
    </pages>
  </contenus>
</analyseAlto>