<analyseAlto>
  <metad>
    <type>P</type>
    <ID>bpt6k2528256</ID>
    <notice>cb327877302</notice>
    <titre>L'Humanité</titre>
    <dateEdition>1911-08-01</dateEdition>
    <nbPage>4</nbPage>
    <suppl>FALSE</suppl>
  </metad>
  <contenus>
    <largeur>425</largeur>
    <hauteur>575</hauteur>
    <pages>
      <page ordre="1">
        <nbMot>816</nbMot>
        <blocTexte>44</blocTexte>
        <blocTab>0</blocTab>
        <blocPub>0</blocPub>
        <blocIllustration>5</blocIllustration>
        <ills/>
      </page>
      <page ordre="2">
        <nbMot>837</nbMot>
        <blocTexte>49</blocTexte>
        <blocTab>0</blocTab>
        <blocPub>0</blocPub>
        <blocIllustration>4</blocIllustration>
        <ills/>
      </page>
      <page ordre="3">
        <nbMot>959</nbMot>
        <blocTexte>56</blocTexte>
        <blocTab>0</blocTab>
        <blocPub>0</blocPub>
        <blocIllustration>5</blocIllustration>
        <ills/>
      </page>
      <page ordre="4">
        <nbMot>343</nbMot>
        <blocTexte>28</blocTexte>
        <blocTab>0</blocTab>
        <blocPub>0</blocPub>
        <blocIllustration>8</blocIllustration>
        <ills>
          <ill couleur="gris" derniere="true" edit="1" h="1117" n="4-3" pub="1" taille="2" w="1057" x="2013" y="2871">
            <theme source="md">13</theme>
            <leg>L'ouvrage complet, soit les cinq volumes, est livré de suite, franco do port et d'emballage au domicile du souscripteur. PRIX ACTUEL de la Souscription Valable pour une période très limitée d)  fOO francs l'Ouvrage complet, les CINQ VOLUMES reliés!' fers spéciaux. Payables 5 francs par mois, soit avec un crédit dû 20 rot fs sur quittances présentées par la poste sans • frais au domicile^ du souscripteur. * i ) 10 0/0 d'escompte au comptant -à la réception de l'ouvrage complet. ♦ ♦♦MM M MM + M + M M ♦»♦♦♦♦»♦-♦'♦ M ♦»♦♦♦» ♦♦♦♦♦♦»♦♦ »MMMMMM+++</leg>
            <txt>(Réduction de POnvrage) Poids de ciiap foinoe 5 Kgs; l'ouvrage complet 15 kgs environ AVIS IMPORTANT Il y a le plus grandintérêt à souscrire dès maintenant au prix actuel qui sera augmentéltrès prochainement*</txt>
            <index>L'ouvrage complet, soit les cinq volumes, est livré de suite, franco do port et d'emballage au domicile du souscripteur. PRIX ACTUEL de la Souscription Valable pour une période très limitée d)  fOO francs l'Ouvrage complet, les CINQ VOLUMES reliés!' fers spéciaux. Payables 5 francs par mois, soit avec un crédit dû 20 rot fs sur quittances présentées par la poste sans • frais au domicile^ du souscripteur. * i ) 10 0/0 d'escompte au comptant -à la réception de l'ouvrage complet. ♦ ♦♦MM M MM + M + M M ♦»♦♦♦♦»♦-♦'♦ M ♦»♦♦♦» ♦♦♦♦♦♦»♦♦ »MMMMMM+++(Réduction de POnvrage) Poids de ciiap foinoe 5 Kgs; l'ouvrage complet 15 kgs environ AVIS IMPORTANT Il y a le plus grandintérêt à souscrire dès maintenant au prix actuel qui sera augmentéltrès prochainement*</index>
            <genre source="hm" time="2019-09-29T13:38:05.7+02:00">publicite</genre>
            <genre source="final">publicite</genre>
          </ill>
        </ills>
      </page>
    </pages>
  </contenus>
</analyseAlto>