<doc>
  <metad>
    <type>P</type>
    <ID>bpt6k2537132</ID>
    <notice>cb327877302</notice>
    <titre>L'Humanité</titre>
    <dateEdition>1914-01-20</dateEdition>
    <nbPage>6</nbPage>
    <suppl>FALSE</suppl>
  </metad>
  <contenus>
    <largeur>425</largeur>
    <hauteur>586</hauteur>
    <pages>
      <page ordre="1">
        <nbMot>726</nbMot>
        <blocTexte>35</blocTexte>
        <blocTab>0</blocTab>
        <blocPub>0</blocPub>
        <blocIllustration>7</blocIllustration>
        <ills/>
      </page>
      <page ordre="2">
        <nbMot>1040</nbMot>
        <blocTexte>33</blocTexte>
        <blocTab>0</blocTab>
        <blocPub>0</blocPub>
        <blocIllustration>0</blocIllustration>
      </page>
      <page ordre="3">
        <nbMot>952</nbMot>
        <blocTexte>30</blocTexte>
        <blocTab>0</blocTab>
        <blocPub>0</blocPub>
        <blocIllustration>2</blocIllustration>
        <ills/>
      </page>
      <page ordre="4">
        <nbMot>794</nbMot>
        <blocTexte>44</blocTexte>
        <blocTab>0</blocTab>
        <blocPub>0</blocPub>
        <blocIllustration>3</blocIllustration>
        <ills/>
      </page>
      <page ordre="5">
        <nbMot>939</nbMot>
        <blocTexte>155</blocTexte>
        <blocTab>0</blocTab>
        <blocPub>0</blocPub>
        <blocIllustration>8</blocIllustration>
        <ills>
          <ill couleur="gris" edit="1" h="1432" n="5-4" pub="1" taille="1" w="634" x="1754" y="1836">
            <theme source="md">13</theme>
            <leg>Un championnat de France. — Ce so!r  au Balais de lu Boxe, « Palais des Pètes de Paris », 8, rue aux Ours, grand combat de boxe, en 20 roumds de 3 minuties, poux 1-e titre de champion de France welter weight : Henri Piet, champion de France, contre Degan, la feran'ie révèlutinn  \e l'année..Au programme egaletneut, Bernstein contre Volaira, et trois combats de nbvlces. CROSS-COUNTRY* L'Interolubs du Club Athlétique Socialiste du 19 . — Le Challenge Paris (2» année). — Nos amis du C.A.S. du 19  qui ont prodliit une si belle impression dimanohie deritiôr, dans le Challenge Benoit M a Ion, organisent* le 1»' février, un cross tiandkap qui doit obtenir le même succès que notre épreuve de dimanche. , De nombreux et jolis prix récompenseront les vainqueurs. Compteront pour le challenge les cinq premiers airrivajits de chaque cTub. Les «ngîtgeniients. (0 fr. 50 par coureur) seront reçus tous les mercredis, à la Fédération ou chez M. Delà fiautemaison, tous tes jours, 16, tue d'Allemagne.</leg>
            <txt>U1E HEUREUSE NOUVELLE Trois nouveaux groupes sportifs socia listes dans la Seine L'idée fait son chemin. Aux groupes déjà adhérents à la t édération socialiste du spu-itd et d« gymnastique vont s'ajouter ceux qui viennent de se constituer à Charenton ôt au Perreux. A Chareatton, le Club athiétique socia liste ae réunit ce soir, salle Cottin, '205. rue de Paris. Au Perreux, Le Red atar club socialiste a son siègie maison Aupetit, 54, Allée d'Antin. Enfin à PuteaUx aura lieu es soir, après le succès de la manifestation de dimanche, une réunion à la Revendication, saïle du haut, de la Commission cxécutive d'e la Jeunesse socialiste, de l i Commission exécutive du Groupe lyrique, de la Commis sion exécutive du Groupe socialiste. La présence du camarade Mora, secrétaire, est indispensable. Présence assurée du ca marade S. Pépin, délégué de la Fédération Socialiste des sports et de gymnastique. Souhaitons que nos camarades adhèrent nombreux à ces nauveaiux clubs. BOXB</txt>
            <index>Un championnat de France. — Ce so!r  au Balais de lu Boxe, « Palais des Pètes de Paris », 8, rue aux Ours, grand combat de boxe, en 20 roumds de 3 minuties, poux 1-e titre de champion de France welter weight : Henri Piet, champion de France, contre Degan, la feran'ie révèlutinn  \e l'année..Au programme egaletneut, Bernstein contre Volaira, et trois combats de nbvlces. CROSS-COUNTRY* L'Interolubs du Club Athlétique Socialiste du 19 . — Le Challenge Paris (2» année). — Nos amis du C.A.S. du 19  qui ont prodliit une si belle impression dimanohie deritiôr, dans le Challenge Benoit M a Ion, organisent* le 1»' février, un cross tiandkap qui doit obtenir le même succès que notre épreuve de dimanche. , De nombreux et jolis prix récompenseront les vainqueurs. Compteront pour le challenge les cinq premiers airrivajits de chaque cTub. Les «ngîtgeniients. (0 fr. 50 par coureur) seront reçus tous les mercredis, à la Fédération ou chez M. Delà fiautemaison, tous tes jours, 16, tue d'Allemagne.U1E HEUREUSE NOUVELLE Trois nouveaux groupes sportifs socia listes dans la Seine L'idée fait son chemin. Aux groupes déjà adhérents à la t édération socialiste du spu-itd et d« gymnastique vont s'ajouter ceux qui viennent de se constituer à Charenton ôt au Perreux. A Chareatton, le Club athiétique socia liste ae réunit ce soir, salle Cottin, '205. rue de Paris. Au Perreux, Le Red atar club socialiste a son siègie maison Aupetit, 54, Allée d'Antin. Enfin à PuteaUx aura lieu es soir, après le succès de la manifestation de dimanche, une réunion à la Revendication, saïle du haut, de la Commission cxécutive d'e la Jeunesse socialiste, de l i Commission exécutive du Groupe lyrique, de la Commis sion exécutive du Groupe socialiste. La présence du camarade Mora, secrétaire, est indispensable. Présence assurée du ca marade S. Pépin, délégué de la Fédération Socialiste des sports et de gymnastique. Souhaitons que nos camarades adhèrent nombreux à ces nauveaiux clubs. BOXB</index>
            <genre source="hm" time="2019-09-29T13:35:19.171+02:00">publicite</genre>
            <genre source="final">publicite</genre>
          </ill>
        </ills>
      </page>
      <page ordre="6">
        <nbMot>985</nbMot>
        <blocTexte>42</blocTexte>
        <blocTab>0</blocTab>
        <blocPub>0</blocPub>
        <blocIllustration>4</blocIllustration>
        <ills/>
      </page>
    </pages>
  </contenus>
</doc>