<doc>
  <metad>
    <type>P</type>
    <ID>bpt6k252469v</ID>
    <notice>cb327877302</notice>
    <titre>L'Humanité</titre>
    <dateEdition>1910-08-07</dateEdition>
    <nbPage>4</nbPage>
    <suppl>FALSE</suppl>
  </metad>
  <contenus>
    <largeur>429</largeur>
    <hauteur>575</hauteur>
    <pages>
      <page ordre="1">
        <nbMot>840</nbMot>
        <blocTexte>51</blocTexte>
        <blocTab>0</blocTab>
        <blocPub>0</blocPub>
        <blocIllustration>0</blocIllustration>
      </page>
      <page ordre="2">
        <nbMot>994</nbMot>
        <blocTexte>42</blocTexte>
        <blocTab>0</blocTab>
        <blocPub>0</blocPub>
        <blocIllustration>1</blocIllustration>
        <ills/>
      </page>
      <page ordre="3">
        <nbMot>896</nbMot>
        <blocTexte>47</blocTexte>
        <blocTab>0</blocTab>
        <blocPub>0</blocPub>
        <blocIllustration>2</blocIllustration>
        <ills/>
      </page>
      <page ordre="4">
        <nbMot>852</nbMot>
        <blocTexte>96</blocTexte>
        <blocTab>0</blocTab>
        <blocPub>0</blocPub>
        <blocIllustration>8</blocIllustration>
        <ills>
          <ill couleur="gris" derniere="true" edit="1" h="1003" n="4-4" pub="1" taille="1" w="877" x="962" y="4233">
            <theme source="md">13</theme>
            <txt>CONSOMMATIONS DE PREMIER CHOIX 1 'PUBLICITE D E L'  . HUMANITE  » z Les Annonces et Réclamés sont reçues chez M. i. COMTF, 110, rue Réaumur.</txt>
            <index>CONSOMMATIONS DE PREMIER CHOIX 1 'PUBLICITE D E L'  . HUMANITE  » z Les Annonces et Réclamés sont reçues chez M. i. COMTF, 110, rue Réaumur.</index>
            <genre source="hm" time="2019-09-29T13:37:09.265+02:00">publicite</genre>
            <genre source="final">publicite</genre>
          </ill>
        </ills>
      </page>
    </pages>
  </contenus>
</doc>