<doc>
  <metad>
    <type>P</type>
    <ID>bpt6k2530161</ID>
    <notice>cb327877302</notice>
    <titre>L'Humanité</titre>
    <dateEdition>1912-02-10</dateEdition>
    <nbPage>6</nbPage>
    <suppl>FALSE</suppl>
  </metad>
  <contenus>
    <largeur>424</largeur>
    <hauteur>575</hauteur>
    <pages>
      <page ordre="1">
        <nbMot>730</nbMot>
        <blocTexte>38</blocTexte>
        <blocTab>0</blocTab>
        <blocPub>0</blocPub>
        <blocIllustration>8</blocIllustration>
        <ills/>
      </page>
      <page ordre="2">
        <nbMot>997</nbMot>
        <blocTexte>43</blocTexte>
        <blocTab>0</blocTab>
        <blocPub>0</blocPub>
        <blocIllustration>1</blocIllustration>
        <ills/>
      </page>
      <page ordre="3">
        <nbMot>797</nbMot>
        <blocTexte>18</blocTexte>
        <blocTab>0</blocTab>
        <blocPub>0</blocPub>
        <blocIllustration>4</blocIllustration>
        <ills/>
      </page>
      <page ordre="4">
        <nbMot>1077</nbMot>
        <blocTexte>8</blocTexte>
        <blocTab>0</blocTab>
        <blocPub>0</blocPub>
        <blocIllustration>0</blocIllustration>
      </page>
      <page ordre="5">
        <nbMot>1062</nbMot>
        <blocTexte>22</blocTexte>
        <blocTab>0</blocTab>
        <blocPub>0</blocPub>
        <blocIllustration>1</blocIllustration>
        <ills/>
      </page>
      <page ordre="6">
        <nbMot>851</nbMot>
        <blocTexte>48</blocTexte>
        <blocTab>0</blocTab>
        <blocPub>0</blocPub>
        <blocIllustration>7</blocIllustration>
        <ills>
          <ill couleur="gris" derniere="true" edit="1" h="1270" n="6-4" pub="1" taille="5" w="2240" x="2608" y="698">
            <theme source="md">13</theme>
            <leg>M M M ÉDITION DE LUXE M M M •Il paraîtra un volume tous les deux mois à dater du  I er Mai 191 a</leg>
            <txt>trouve dans le voisinage de la bande, voi sinage bien dangereux. Ils sont là une trentaine d'hommes, di versement vêtus, mais tous armés de pis tolets et de poignards passés à la ceinture, quelques-uns le fusil en bandoulière. Une dizaine d'autres sont en sentinelles, sur les hauteurs qui entourent le camp, prêts à signaler l'approche d'un péril ou d'une aubaine. Quelques-uns portent la longue blouse de paysan, d'autres la veste de cuir, d'au tres sont habillés de velours, comme des brigands d'opéra-comique : mais tous sont guêtrés et chaussés : c'est par les pieds et par ïe  masque' de suie ou de drap noir qui leur cache le visage qu'on peut discer ner  bhez eux quelque chose ressemblant à •un uniforme. Et» en effet, ils ont besoin de chaussures solides pour epurir dans les broussailles ou traverser les ornières ; quand il le faut, d'ailleurs, ils attachent leurs souliers à la ceinture et se glissent pieds nus, silencieux comme des ombres. • Du Pahl, seuldédaigne de cacher son visage. Il a crânement arboré à son feu tré la cocarde blanche. A l'instar de Charette, il porte une veste violette brodée d'argent. Cette élégance militaire aussi en impose à ses hommes. j Si le baron ,est seul' richement costumé, du moins il n'y a point de déguenillés dans sa bajide : les dépouilles des pay sans, et des bourgeois pillés ont fourni aux plus pauvres des vêtements. Asçis sous un chêne, à l'instar du roi saint Louis, du Pahl rend, ce qu'il serait, téméraire d'appeler la justice, en s'int SYNDICALE ET COOPÉRA TIVE DE L'IN TERNATIONALE OUVRIÈRE 12 magnifiques volumes in-douze reliés peau souple plus de 4000 pages * nombreuses illustrations de texte * et planches hors texte</txt>
            <index>M M M ÉDITION DE LUXE M M M •Il paraîtra un volume tous les deux mois à dater du  I er Mai 191 atrouve dans le voisinage de la bande, voi sinage bien dangereux. Ils sont là une trentaine d'hommes, di versement vêtus, mais tous armés de pis tolets et de poignards passés à la ceinture, quelques-uns le fusil en bandoulière. Une dizaine d'autres sont en sentinelles, sur les hauteurs qui entourent le camp, prêts à signaler l'approche d'un péril ou d'une aubaine. Quelques-uns portent la longue blouse de paysan, d'autres la veste de cuir, d'au tres sont habillés de velours, comme des brigands d'opéra-comique : mais tous sont guêtrés et chaussés : c'est par les pieds et par ïe  masque' de suie ou de drap noir qui leur cache le visage qu'on peut discer ner  bhez eux quelque chose ressemblant à •un uniforme. Et» en effet, ils ont besoin de chaussures solides pour epurir dans les broussailles ou traverser les ornières ; quand il le faut, d'ailleurs, ils attachent leurs souliers à la ceinture et se glissent pieds nus, silencieux comme des ombres. • Du Pahl, seuldédaigne de cacher son visage. Il a crânement arboré à son feu tré la cocarde blanche. A l'instar de Charette, il porte une veste violette brodée d'argent. Cette élégance militaire aussi en impose à ses hommes. j Si le baron ,est seul' richement costumé, du moins il n'y a point de déguenillés dans sa bajide : les dépouilles des pay sans, et des bourgeois pillés ont fourni aux plus pauvres des vêtements. Asçis sous un chêne, à l'instar du roi saint Louis, du Pahl rend, ce qu'il serait, téméraire d'appeler la justice, en s'int SYNDICALE ET COOPÉRA TIVE DE L'IN TERNATIONALE OUVRIÈRE 12 magnifiques volumes in-douze reliés peau souple plus de 4000 pages * nombreuses illustrations de texte * et planches hors texte</index>
            <genre source="hm" time="2019-09-29T13:30:56.038+02:00">publicite</genre>
            <genre source="final">publicite</genre>
          </ill>
        </ills>
      </page>
    </pages>
  </contenus>
</doc>