<doc>
  <metad>
    <type>P</type>
    <ID>bpt6k253027r</ID>
    <notice>cb327877302</notice>
    <titre>L'Humanité</titre>
    <dateEdition>1912-02-21</dateEdition>
    <nbPage>4</nbPage>
    <suppl>FALSE</suppl>
  </metad>
  <contenus>
    <largeur>425</largeur>
    <hauteur>575</hauteur>
    <pages>
      <page ordre="1">
        <nbMot>735</nbMot>
        <blocTexte>49</blocTexte>
        <blocTab>0</blocTab>
        <blocPub>0</blocPub>
        <blocIllustration>10</blocIllustration>
        <ills/>
      </page>
      <page ordre="2">
        <nbMot>1047</nbMot>
        <blocTexte>43</blocTexte>
        <blocTab>0</blocTab>
        <blocPub>0</blocPub>
        <blocIllustration>2</blocIllustration>
        <ills/>
      </page>
      <page ordre="3">
        <nbMot>884</nbMot>
        <blocTexte>57</blocTexte>
        <blocTab>0</blocTab>
        <blocPub>0</blocPub>
        <blocIllustration>4</blocIllustration>
        <ills/>
      </page>
      <page ordre="4">
        <nbMot>876</nbMot>
        <blocTexte>61</blocTexte>
        <blocTab>0</blocTab>
        <blocPub>0</blocPub>
        <blocIllustration>8</blocIllustration>
        <ills>
          <ill couleur="gris" derniere="true" edit="1" h="1280" n="4-3" pub="1" taille="5" w="2265" x="2601" y="744">
            <theme source="md">13</theme>
            <leg>M M M ÉDITION DE LUXE M M M Il paraîtra un volume tous les deux mois à dater du i or Mai 1913</leg>
            <txt>PLUS DE 4000 PAGES DE TEXTE NOMBREUSES ILLUSTRATIONS ET PLANCHES HORS TEXTE</txt>
            <index>M M M ÉDITION DE LUXE M M M Il paraîtra un volume tous les deux mois à dater du i or Mai 1913PLUS DE 4000 PAGES DE TEXTE NOMBREUSES ILLUSTRATIONS ET PLANCHES HORS TEXTE</index>
            <genre source="hm" time="2019-09-29T13:30:59.373+02:00">publicite</genre>
            <genre source="final">publicite</genre>
          </ill>
        </ills>
      </page>
    </pages>
  </contenus>
</doc>