<doc>
  <metad>
    <type>P</type>
    <ID>bpt6k253084p</ID>
    <notice>cb327877302</notice>
    <titre>L'Humanité</titre>
    <dateEdition>1912-04-18</dateEdition>
    <nbPage>4</nbPage>
    <suppl>FALSE</suppl>
  </metad>
  <contenus>
    <largeur>424</largeur>
    <hauteur>575</hauteur>
    <pages>
      <page ordre="1">
        <nbMot>747</nbMot>
        <blocTexte>49</blocTexte>
        <blocTab>0</blocTab>
        <blocPub>0</blocPub>
        <blocIllustration>10</blocIllustration>
        <ills/>
      </page>
      <page ordre="2">
        <nbMot>960</nbMot>
        <blocTexte>54</blocTexte>
        <blocTab>0</blocTab>
        <blocPub>0</blocPub>
        <blocIllustration>3</blocIllustration>
        <ills/>
      </page>
      <page ordre="3">
        <nbMot>888</nbMot>
        <blocTexte>27</blocTexte>
        <blocTab>0</blocTab>
        <blocPub>0</blocPub>
        <blocIllustration>7</blocIllustration>
        <ills>
          <ill classif="DFdnn" couleur="gris" edit="1" h="810" n="3-4" pub="1" taille="1" w="780" x="2522" y="3854">
            <theme source="md">13</theme>
            <leg>Réunion dugroupe des isolés, 3r S h. §r 11, rue du Tir. Nomination-'-des délégués au Gcmseil intersyndical. ; ; . : ,■ : : :, r ; v</leg>
            <txt>. (SOCIÉTÉ. ANONYME A   CAPITAL ET PERSONNEL VARIABLES) LWLMtni Usine et Bureau : zo, 7{ue  Beche!in, UYOT^ (T{hône) ■ i.. i—pwxo—i-——r, . TARIF HITS avec sommier adhérent ...... de 40 îj. 60 » LITS euivrerie oi'âinaire............... flo 30 a   L l TS cuivre rie fondue  Ie 40 à 70 » LITS cintrés  J e '-JJ.?   lits touis XV de 30 a 60 » LITS d'enfant de 10   Mn BERCELONNETTES do 10 a 25 » SOMMIERS métalliques... de 16 a 4S a Grand assortiment (la LITS-CAOE déclassés (article réclame).... de 15 ii 25 » L'ITS-CACE METALLIQUES — LITS-CAGE CA PITONNES — SANCS — TABLES^eto^eto^. Pour renseignement détaillés, réclamer le Catalogue . — ENVOI GRATUIT lie Prix du Gros sera fait à tous les camarades du Parti, des Syndicats, des Coopératives</txt>
            <index>Réunion dugroupe des isolés, 3r S h. §r 11, rue du Tir. Nomination-'-des délégués au Gcmseil intersyndical. ; ; . : ,■ : : :, r ; v. (SOCIÉTÉ. ANONYME A   CAPITAL ET PERSONNEL VARIABLES) LWLMtni Usine et Bureau : zo, 7{ue  Beche!in, UYOT^ (T{hône) ■ i.. i—pwxo—i-——r, . TARIF HITS avec sommier adhérent ...... de 40 îj. 60 » LITS euivrerie oi'âinaire............... flo 30 a   L l TS cuivre rie fondue  Ie 40 à 70 » LITS cintrés  J e '-JJ.?   lits touis XV de 30 a 60 » LITS d'enfant de 10   Mn BERCELONNETTES do 10 a 25 » SOMMIERS métalliques... de 16 a 4S a Grand assortiment (la LITS-CAOE déclassés (article réclame).... de 15 ii 25 » L'ITS-CACE METALLIQUES — LITS-CAGE CA PITONNES — SANCS — TABLES^eto^eto^. Pour renseignement détaillés, réclamer le Catalogue . — ENVOI GRATUIT lie Prix du Gros sera fait à tous les camarades du Parti, des Syndicats, des Coopératives</index>
            <genre source="hm" time="2019-09-29T13:31:03.446+02:00">publicite</genre>
            <genre source="final">publicite</genre>
          </ill>
        </ills>
      </page>
      <page ordre="4">
        <nbMot>889</nbMot>
        <blocTexte>57</blocTexte>
        <blocTab>0</blocTab>
        <blocPub>0</blocPub>
        <blocIllustration>11</blocIllustration>
        <ills/>
      </page>
    </pages>
  </contenus>
</doc>