<analyseAlto>
  <metad>
    <type>P</type>
    <ID>bpt6k2546377</ID>
    <notice>cb327877302</notice>
    <titre>L'Humanité</titre>
    <dateEdition>1916-08-09</dateEdition>
    <nbPage>4</nbPage>
    <suppl>FALSE</suppl>
  </metad>
  <contenus>
    <largeur>424</largeur>
    <hauteur>584</hauteur>
    <pages>
      <page ordre="1">
        <nbMot>758</nbMot>
        <blocTexte>41</blocTexte>
        <blocTab>0</blocTab>
        <blocPub>0</blocPub>
        <blocIllustration>5</blocIllustration>
        <ills/>
      </page>
      <page ordre="2">
        <nbMot>1047</nbMot>
        <blocTexte>39</blocTexte>
        <blocTab>0</blocTab>
        <blocPub>0</blocPub>
        <blocIllustration>2</blocIllustration>
        <ills/>
      </page>
      <page ordre="3">
        <nbMot>911</nbMot>
        <blocTexte>45</blocTexte>
        <blocTab>0</blocTab>
        <blocPub>0</blocPub>
        <blocIllustration>0</blocIllustration>
      </page>
      <page ordre="4">
        <nbMot>923</nbMot>
        <blocTexte>48</blocTexte>
        <blocTab>0</blocTab>
        <blocPub>0</blocPub>
        <blocIllustration>6</blocIllustration>
        <ills>
          <ill couleur="gris" derniere="true" edit="1" h="1917" n="4-1" pub="1" taille="3" w="934" x="942" y="2986">
            <theme source="md">13</theme>
            <leg>Mtes les</leg>
            <txt>L'Assurance Ouvrière Notre A. 0. vient de publier ses l'apport et bilan de fin d 'année -sociale,. de la lecluL 'e desquels il appert que sa situation est satisfaisante, malgré la tempête. Elle pros père au milieu des épouvantables événe ments qui nous torturent, physiquement ou moralement. Elle a seize ans ; c'est une belle fille, qui promet. .C'est en 1900 qu'elle a reçu le jour de nos camarades nantais, membres d'organisations ouvrières de la ville bre tonne. L'enfantement n'a pas laissé que d'Être laborieux, on le devine aisément. Vouloir, quand on est si peu capitalistes que le sont des travailleurs, surtout d'une ville de province, où les salaires sont infé rieurs à ceux de Paris, se payer le luxe de fonder une Compagnie d'assurances, eh bien ! c'est de l'audacè. Oui, il fallait qu'ils eussent une dose de témérité les co pains qui nous ont,dotés de l'A: 0. ! Ceux qui restent de ses pères doivent se réjouir de leur succès et se montrer fiers de leur œuvre. ■ * ■ Audaces fortuna juvat. .Elle ne les a pas favorisés, personnellement, la for1 une ; mais en mettant debout cette créaion hardie, nos camarades nantais ont f ait jaillir une source qu'il appartient au n'olétariat français de savoir utiliser à -on avantage. L'Assurance Ouvrière compta aujour d'hui plus de 12,000 sociétaires:' C'est beau coup, si l'on sorrje à ses origines ; c'est peu, eu égard au nombre de ceux qui au^ raient intérêt à faire paxtîe de ses mem bres. Les capitaux qu'elle garantit atteignent la chiffre respectable' — .pou</txt>
            <index>Mtes lesL'Assurance Ouvrière Notre A. 0. vient de publier ses l'apport et bilan de fin d 'année -sociale,. de la lecluL 'e desquels il appert que sa situation est satisfaisante, malgré la tempête. Elle pros père au milieu des épouvantables événe ments qui nous torturent, physiquement ou moralement. Elle a seize ans ; c'est une belle fille, qui promet. .C'est en 1900 qu'elle a reçu le jour de nos camarades nantais, membres d'organisations ouvrières de la ville bre tonne. L'enfantement n'a pas laissé que d'Être laborieux, on le devine aisément. Vouloir, quand on est si peu capitalistes que le sont des travailleurs, surtout d'une ville de province, où les salaires sont infé rieurs à ceux de Paris, se payer le luxe de fonder une Compagnie d'assurances, eh bien ! c'est de l'audacè. Oui, il fallait qu'ils eussent une dose de témérité les co pains qui nous ont,dotés de l'A: 0. ! Ceux qui restent de ses pères doivent se réjouir de leur succès et se montrer fiers de leur œuvre. ■ * ■ Audaces fortuna juvat. .Elle ne les a pas favorisés, personnellement, la for1 une ; mais en mettant debout cette créaion hardie, nos camarades nantais ont f ait jaillir une source qu'il appartient au n'olétariat français de savoir utiliser à -on avantage. L'Assurance Ouvrière compta aujour d'hui plus de 12,000 sociétaires:' C'est beau coup, si l'on sorrje à ses origines ; c'est peu, eu égard au nombre de ceux qui au^ raient intérêt à faire paxtîe de ses mem bres. Les capitaux qu'elle garantit atteignent la chiffre respectable' — .pou</index>
            <genre source="hm" time="2019-09-29T13:45:07.484+02:00">publicite</genre>
            <genre source="final">publicite</genre>
          </ill>
        </ills>
      </page>
    </pages>
  </contenus>
</analyseAlto>