<doc>
  <metad>
    <type>P</type>
    <ID>bpt6k2538722</ID>
    <notice>cb327877302</notice>
    <titre>L'Humanité</titre>
    <dateEdition>1914-07-02</dateEdition>
    <nbPage>6</nbPage>
    <suppl>FALSE</suppl>
  </metad>
  <contenus>
    <largeur>422</largeur>
    <hauteur>586</hauteur>
    <pages>
      <page ordre="1">
        <nbMot>743</nbMot>
        <blocTexte>43</blocTexte>
        <blocTab>0</blocTab>
        <blocPub>0</blocPub>
        <blocIllustration>8</blocIllustration>
        <ills/>
      </page>
      <page ordre="2">
        <nbMot>1017</nbMot>
        <blocTexte>37</blocTexte>
        <blocTab>0</blocTab>
        <blocPub>0</blocPub>
        <blocIllustration>2</blocIllustration>
        <ills/>
      </page>
      <page ordre="3">
        <nbMot>922</nbMot>
        <blocTexte>28</blocTexte>
        <blocTab>0</blocTab>
        <blocPub>0</blocPub>
        <blocIllustration>2</blocIllustration>
        <ills/>
      </page>
      <page ordre="4">
        <nbMot>744</nbMot>
        <blocTexte>39</blocTexte>
        <blocTab>0</blocTab>
        <blocPub>0</blocPub>
        <blocIllustration>9</blocIllustration>
        <ills/>
      </page>
      <page ordre="5">
        <nbMot>1188</nbMot>
        <blocTexte>117</blocTexte>
        <blocTab>0</blocTab>
        <blocPub>0</blocPub>
        <blocIllustration>14</blocIllustration>
        <ills>
          <ill couleur="gris" edit="1" h="1023" n="5-2" pub="1" taille="1" w="969" x="361" y="477">
            <theme source="md">13</theme>
            <leg>grammes. l'uttHté sera certainement apjréclée; drîfi tQu»i%tesr, cyçlurtes, voyigeun»~ Çetle .jumefh» par s»forma ^ dJsposiiionà GientiUes achromaliqiea supéi'leur«9 permet dQbtnnir urwUump ' ■ de vision trè^ vaste ave 3URni«xlnum ie çtartâ ; ^Ueét'esditi nu moins àlx/Ois»Nous la Uvroisdans un clvsrnht étii, cuir 4a çqwi sel* Jei'te* »v«tî ourrei» cu\r bimdoulève   boucle et un iordon 8»uioir avfîCmouâquçlons, p^rflettant 4e la p irtei'fur sol avee ou sun^étui. $oU pri\ w.t' ex? trêniement. fédnlt, 33 l'rancssedemént ci les ecntltipns de paiement, ô pa'tirde 3 franc* pal. mo.% eoitun</leg>
            <txt>;-a ï £2tO kiiota1res. — 3P oï«3^ •v ^brH'atioti de '.^MILLIERS du îïiôn e mntieie, de -donner à » a . 'es çQOditiçua anaeiiant toute '.etaatre magni- JiisLLE ARINE</txt>
            <index>grammes. l'uttHté sera certainement apjréclée; drîfi tQu»i%tesr, cyçlurtes, voyigeun»~ Çetle .jumefh» par s»forma ^ dJsposiiionà GientiUes achromaliqiea supéi'leur«9 permet dQbtnnir urwUump ' ■ de vision trè^ vaste ave 3URni«xlnum ie çtartâ ; ^Ueét'esditi nu moins àlx/Ois»Nous la Uvroisdans un clvsrnht étii, cuir 4a çqwi sel* Jei'te* »v«tî ourrei» cu\r bimdoulève   boucle et un iordon 8»uioir avfîCmouâquçlons, p^rflettant 4e la p irtei'fur sol avee ou sun^étui. $oU pri\ w.t' ex? trêniement. fédnlt, 33 l'rancssedemént ci les ecntltipns de paiement, ô pa'tirde 3 franc* pal. mo.% eoitun;-a ï £2tO kiiota1res. — 3P oï«3^ •v ^brH'atioti de '.^MILLIERS du îïiôn e mntieie, de -donner à » a . 'es çQOditiçua anaeiiant toute '.etaatre magni- JiisLLE ARINE</index>
            <genre source="hm" time="2019-09-29T13:43:58.095+02:00">publicite</genre>
            <genre source="final">publicite</genre>
          </ill>
        </ills>
      </page>
      <page ordre="6">
        <nbMot>876</nbMot>
        <blocTexte>51</blocTexte>
        <blocTab>0</blocTab>
        <blocPub>0</blocPub>
        <blocIllustration>5</blocIllustration>
        <ills/>
      </page>
    </pages>
  </contenus>
</doc>