<analyseAlto>
  <metad>
    <type>R</type>
    <ID>bpt6k65372715</ID>
    <notice>cb343833568</notice>
    <titre>Vogue 1921/06/01 (Volume 2, Numéro 11)</titre>
    <dateEdition>1921-06-01</dateEdition>
    <lang>fre</lang>
    <source>BnF</source>
    <nbPage>60</nbPage>
  </metad>
  <contenus>
    <largeur>157</largeur>
    <hauteur>215</hauteur>
    <largeurPx>3715</largeurPx>
    <hauteurPx>5089</hauteurPx>
    <pages>
      <page hauteurPx="5089" largeurPx="3715" ordre="1">
        <nbMot>10</nbMot>
        <blocTexte>2</blocTexte>
        <blocTab>0</blocTab>
        <blocPub>0</blocPub>
        <blocIll ocr="1">1</blocIll>
        <ills/>
      </page>
      <page hauteurPx="5107" largeurPx="3547" ordre="2">
        <nbMot>95</nbMot>
        <blocTexte>10</blocTexte>
        <blocTab>0</blocTab>
        <blocPub>9</blocPub>
        <ills>
          <ill classif="CCibm" couleur="coul" edit="1" h="4314" n="2-1" pub="1" seg="1" source="hm" time="2020-12-03T11:04:26.471+01:00" w="2878" x="549" y="313">
            <contenuImg CS="0.685" lang="fr" source="ibm">capeline</contenuImg>
            <contenuImg CS="0.697" lang="fr" source="ibm">chapeau</contenuImg>
            <contenuImg CS="0.697" lang="fr" source="ibm">coiffure</contenuImg>
            <contenuImg CS="0.516" lang="fr" source="ibm">boîte à chapeaux</contenuImg>
            <contenuImg CS="0.516" lang="fr" source="ibm">bagage</contenuImg>
            <contenuImg CS="0.5" lang="fr" source="ibm">dentelle de Bruxelles</contenuImg>
            <contenuImg CS="0.544" lang="fr" source="ibm">dentelle</contenuImg>
            <contenuImg CS="0.547" lang="fr" source="ibm">tissu</contenuImg>
            <contenuImg CS="0.972" coul="1" lang="fr" source="ibm">ivoire (couleur)</contenuImg>
            <contenuImg b="74" coul="1" g="61" r="77" source="colorific" type="bkg">#4d3d4a</contenuImg>
            <contenuImg b="123" coul="1" g="132" ordre="10" r="182" source="colorific" type="frg">#b6847b</contenuImg>
            <contenuImg b="71" coul="1" g="99" ordre="9" r="132" source="colorific" type="frg">#846347</contenuImg>
            <contenuImg b="59" coul="1" g="59" ordre="8" r="98" source="colorific" type="frg">#623b3b</contenuImg>
            <contenuImg b="66" coul="1" g="78" ordre="7" r="112" source="colorific" type="frg">#704e42</contenuImg>
            <contenuImg b="97" coul="1" g="141" ordre="6" r="178" source="colorific" type="frg">#b28d61</contenuImg>
            <contenuImg b="79" coul="1" g="81" ordre="5" r="153" source="colorific" type="frg">#99514f</contenuImg>
            <contenuImg b="49" coul="1" g="46" ordre="4" r="46" source="colorific" type="frg">#2e2e31</contenuImg>
            <contenuImg b="153" coul="1" g="156" ordre="3" r="166" source="colorific" type="frg">#a69c99</contenuImg>
            <contenuImg b="255" coul="1" g="255" ordre="2" r="255" source="colorific" type="frg">#ffffff</contenuImg>
            <contenuImg b="175" coul="1" g="188" ordre="1" r="217" source="colorific" type="frg">#d9bcaf</contenuImg>
            <contenuImg CS="0.972" coul="1" lang="en" source="ibm">ivory color</contenuImg>
            <contenuImg CS="0.547" lang="en" source="ibm">fabric</contenuImg>
            <contenuImg CS="0.544" lang="en" source="ibm">lace</contenuImg>
            <contenuImg CS="0.5" lang="en" source="ibm">Brussels lace</contenuImg>
            <contenuImg CS="0.516" lang="en" source="ibm">luggage</contenuImg>
            <contenuImg CS="0.516" lang="en" source="ibm">hatbox</contenuImg>
            <contenuImg CS="0.697" lang="en" source="ibm">headdress</contenuImg>
            <contenuImg CS="0.697" lang="en" source="ibm">hat</contenuImg>
            <contenuImg CS="0.685" lang="en" source="ibm">sunbonnet</contenuImg>
            <txt source="google">"Yanos - mich - Poudre Nilde - en boite-tamis - Impalpable, adhérente, - délicieusement parfumée. - La boîte tamis permet d'ob- - tenir aisément un teint régulier. - Elle économise la poudre et - garantit une propreté absolue. - La petite bolte plate pour le sac a fr. - La bolte moyenne... - 3 fr. go - La grande boite - 6 fr. - Toutes les boites contiennent une houppe. - En tente toutes parfumeries on envoi - franco contre mandat - NILDE - 51, Rue du Rocher - PARIS - LES SAISONS DE NILDÉ : L’ÉTÉ - ",</txt>
            <fonction source="final">repro/dessin</fonction>
            <fonction source="md">repro/dessin</fonction>
            <genre source="hm" time="2020-12-03T11:04:55.909+01:00">publicité</genre>
            <genre source="final">publicité</genre>
            <tech source="hm" time="2020-12-03T15:43:14.743+01:00">imp photoméca</tech>
            <tech source="final">imp photoméca</tech>
          </ill>
        </ills>
        <blocIll ocr="0">1</blocIll>
      </page>
      <page hauteurPx="5097" largeurPx="3721" ordre="3">
        <nbMot>381</nbMot>
        <blocTexte>8</blocTexte>
        <blocTab>0</blocTab>
        <blocPub>7</blocPub>
        <ills>
          <ill classif="CCibm CCyolo" couleur="gris" edit="1" h="1103" n="3-1" pub="1" seg="1" source="hm" time="2020-12-03T11:05:05.319+01:00" w="1140" x="204" y="3484">
            <contenuImg CS="0.554" lang="fr" source="ibm">écu (héraldique)</contenuImg>
            <contenuImg CS="0.579" lang="fr" source="ibm">bouclier</contenuImg>
            <contenuImg CS="0.579" lang="fr" source="ibm">armure</contenuImg>
            <contenuImg CS="0.579" lang="fr" source="ibm">revêtement de protection</contenuImg>
            <contenuImg CS="0.5" lang="fr" source="ibm">pendule de Foucault</contenuImg>
            <contenuImg CS="0.53" lang="fr" source="ibm">pendule</contenuImg>
            <contenuImg CS="0.53" lang="fr" source="ibm">appareil</contenuImg>
            <contenuImg CS="0.594" lang="fr" source="ibm">instrument de musique</contenuImg>
            <contenuImg CS="0.599" lang="fr" source="ibm">silhouette</contenuImg>
            <contenuImg CS="0.931" coul="1" lang="fr" source="ibm">noir</contenuImg>
            <contenuImg CS="0.848" coul="1" lang="fr" source="ibm">gris</contenuImg>
            <contenuImg CS="0.63" h="1093" lang="fr" source="yolo" w="1020" x="73" y="16">vase</contenuImg>
            <contenuImg CS="0.63" h="1093" lang="en" source="yolo" w="1020" x="73" y="16">vase</contenuImg>
            <contenuImg CS="0.848" coul="1" lang="en" source="ibm">gray color</contenuImg>
            <contenuImg CS="0.931" coul="1" lang="en" source="ibm">black color</contenuImg>
            <contenuImg CS="0.599" lang="en" source="ibm">figure</contenuImg>
            <contenuImg CS="0.594" lang="en" source="ibm">musical instrument</contenuImg>
            <contenuImg CS="0.53" lang="en" source="ibm">apparatus</contenuImg>
            <contenuImg CS="0.53" lang="en" source="ibm">pendulum</contenuImg>
            <contenuImg CS="0.5" lang="en" source="ibm">Foucault pendulum</contenuImg>
            <contenuImg CS="0.579" lang="en" source="ibm">protective covering</contenuImg>
            <contenuImg CS="0.579" lang="en" source="ibm">armor</contenuImg>
            <contenuImg CS="0.579" lang="en" source="ibm">shield</contenuImg>
            <contenuImg CS="0.554" lang="en" source="ibm">escutcheon shield</contenuImg>
            <txt source="google">"TE - Savon onctueux d'un parfum pénétrant - adoucit la peau. - ",</txt>
            <fonction source="final">repro/dessin</fonction>
            <fonction source="md">repro/dessin</fonction>
            <genre source="hm" time="2020-12-03T11:06:51.137+01:00">publicité</genre>
            <genre source="final">publicité</genre>
            <tech source="hm" time="2020-12-03T15:43:14.743+01:00">imp photoméca</tech>
            <tech source="final">imp photoméca</tech>
          </ill>
          <ill classif="CCibm" couleur="gris" edit="1" h="1119" n="3-2" pub="1" seg="1" source="hm" time="2020-12-03T11:05:24.123+01:00" w="1119" x="2116" y="3499">
            <txt source="google">"3 - UD - ",</txt>
            <contenuImg CS="0.795" lang="fr" source="ibm">personne</contenuImg>
            <contenuImg CS="0.833" lang="fr" source="ibm">cabane Nissen</contenuImg>
            <contenuImg CS="0.834" lang="fr" source="ibm">abri</contenuImg>
            <contenuImg CS="0.5" lang="fr" source="ibm">scanner tomographique informatisé</contenuImg>
            <contenuImg CS="0.5" lang="fr" source="ibm">machine à rayons X</contenuImg>
            <contenuImg CS="0.5" lang="fr" source="ibm">appareil</contenuImg>
            <contenuImg CS="0.789" lang="fr" source="ibm">enregistrement</contenuImg>
            <contenuImg CS="0.8" lang="fr" source="ibm">équipement</contenuImg>
            <contenuImg CS="0.795" lang="fr" source="ibm">coiffure</contenuImg>
            <contenuImg CS="0.979" coul="1" lang="fr" source="ibm">gris</contenuImg>
            <contenuImg CS="0.979" coul="1" lang="en" source="ibm">gray color</contenuImg>
            <contenuImg CS="0.795" lang="en" source="ibm">headdress</contenuImg>
            <contenuImg CS="0.8" lang="en" source="ibm">equipment</contenuImg>
            <contenuImg CS="0.789" lang="en" source="ibm">recording</contenuImg>
            <contenuImg CS="0.5" lang="en" source="ibm">apparatus</contenuImg>
            <contenuImg CS="0.5" lang="en" source="ibm">X-ray machine</contenuImg>
            <contenuImg CS="0.5" lang="en" source="ibm">computerized axial tomography scanner</contenuImg>
            <contenuImg CS="0.834" lang="en" source="ibm">shelter</contenuImg>
            <contenuImg CS="0.833" lang="en" source="ibm">Nissen hut</contenuImg>
            <contenuImg CS="0.795" lang="en" source="ibm">person</contenuImg>
            <fonction source="final">repro/dessin</fonction>
            <fonction source="md">repro/dessin</fonction>
            <genre source="hm" time="2020-12-03T11:06:53.063+01:00">publicité</genre>
            <genre source="final">publicité</genre>
            <tech source="hm" time="2020-12-03T15:43:14.743+01:00">imp photoméca</tech>
            <tech source="final">imp photoméca</tech>
          </ill>
          <ill classif="CCibm CCyolo" couleur="gris" edit="1" h="2294" n="3-3" pub="1" seg="1" source="hm" time="2020-12-03T11:06:27.589+01:00" w="1474" x="972" y="832">
            <txt source="google">"Tient - Creme - Keindelys - RYS - r. - ",</txt>
            <contenuImg CS="0.755" lang="fr" source="ibm">salle d'étude</contenuImg>
            <contenuImg CS="0.744" lang="fr" source="ibm">pointe d'argent</contenuImg>
            <contenuImg CS="0.5" lang="fr" source="ibm">célébrité</contenuImg>
            <contenuImg CS="0.5" lang="fr" source="ibm">adulte</contenuImg>
            <contenuImg CS="0.501" lang="fr" source="ibm">personne</contenuImg>
            <contenuImg CS="0.923" coul="1" lang="fr" source="ibm">noir</contenuImg>
            <contenuImg CS="0.898" coul="1" lang="fr" source="ibm">gris cendré</contenuImg>
            <contenuImg CS="0.99" h="2223" lang="fr" source="yolo" w="1440" x="3" y="46">personne</contenuImg>
            <contenuImg CS="0.26" h="360" lang="fr" source="yolo" w="326" x="203" y="1176">télécommande</contenuImg>
            <contenuImg CS="0.26" h="360" lang="en" source="yolo" w="326" x="203" y="1176">remote</contenuImg>
            <contenuImg CS="0.99" h="2223" lang="en" source="yolo" w="1440" x="3" y="46">person</contenuImg>
            <contenuImg CS="0.898" coul="1" lang="en" source="ibm">ash grey color</contenuImg>
            <contenuImg CS="0.923" coul="1" lang="en" source="ibm">black color</contenuImg>
            <contenuImg CS="0.501" lang="en" source="ibm">person</contenuImg>
            <contenuImg CS="0.5" lang="en" source="ibm">adult</contenuImg>
            <contenuImg CS="0.5" lang="en" source="ibm">celebrity</contenuImg>
            <contenuImg CS="0.744" lang="en" source="ibm">silverpoint</contenuImg>
            <contenuImg CS="0.755" lang="en" source="ibm">study</contenuImg>
            <fonction source="final">repro/dessin</fonction>
            <fonction source="md">repro/dessin</fonction>
            <genre source="hm" time="2020-12-03T11:06:48.383+01:00">publicité</genre>
            <genre source="final">publicité</genre>
            <tech source="hm" time="2020-12-03T15:43:14.743+01:00">imp photoméca</tech>
            <tech source="final">imp photoméca</tech>
          </ill>
        </ills>
        <blocIll ocr="0">3</blocIll>
      </page>
      <page hauteurPx="5077" largeurPx="3517" ordre="4">
        <nbMot>33</nbMot>
        <blocTexte>4</blocTexte>
        <blocTab>0</blocTab>
        <blocPub>2</blocPub>
        <ills>
          <ill classif="CCibm CCyolo" couleur="gris" edit="1" h="3310" n="4-1" pub="1" seg="1" source="hm" time="2020-12-03T11:07:05.566+01:00" w="1435" x="1289" y="404">
            <contenuImg CS="0.592" lang="fr" source="ibm">jupe</contenuImg>
            <contenuImg CS="0.622" lang="fr" source="ibm">vêtement</contenuImg>
            <contenuImg CS="0.52" lang="fr" source="ibm">magasin de vêtements</contenuImg>
            <contenuImg CS="0.52" lang="fr" source="ibm">boutique</contenuImg>
            <contenuImg CS="0.52" lang="fr" source="ibm">magasin de détail</contenuImg>
            <contenuImg CS="0.52" lang="fr" source="ibm">bâtiment</contenuImg>
            <contenuImg CS="0.692" lang="fr" source="ibm">personne</contenuImg>
            <contenuImg CS="0.5" lang="fr" source="ibm">robe de bal</contenuImg>
            <contenuImg CS="0.516" lang="fr" source="ibm">robe</contenuImg>
            <contenuImg CS="0.601" lang="fr" source="ibm">vêtements</contenuImg>
            <contenuImg CS="0.802" coul="1" lang="fr" source="ibm">vert bouteille</contenuImg>
            <contenuImg CS="0.684" coul="1" lang="fr" source="ibm">noir</contenuImg>
            <contenuImg x="1" CS="0.55" h="3143" lang="fr" source="yolo" w="1480" y="30">moto</contenuImg>
            <contenuImg x="1" CS="0.55" h="3143" lang="en" source="yolo" w="1480" y="30">motorbike</contenuImg>
            <contenuImg CS="0.684" coul="1" lang="en" source="ibm">black color</contenuImg>
            <contenuImg CS="0.802" coul="1" lang="en" source="ibm">bottle green color</contenuImg>
            <contenuImg CS="0.601" lang="en" source="ibm">clothing</contenuImg>
            <contenuImg CS="0.516" lang="en" source="ibm">dress</contenuImg>
            <contenuImg CS="0.514" lang="en" source="ibm">gown</contenuImg>
            <contenuImg CS="0.5" lang="en" source="ibm">ball gown</contenuImg>
            <contenuImg CS="0.692" lang="en" source="ibm">person</contenuImg>
            <contenuImg CS="0.52" lang="en" source="ibm">building</contenuImg>
            <contenuImg CS="0.52" lang="en" source="ibm">retail store</contenuImg>
            <contenuImg CS="0.52" lang="en" source="ibm">shop</contenuImg>
            <contenuImg CS="0.52" lang="en" source="ibm">clothing store</contenuImg>
            <contenuImg CS="0.622" lang="en" source="ibm">garment</contenuImg>
            <contenuImg CS="0.592" lang="en" source="ibm">skirt</contenuImg>
            <contenuImg CS="0.585" lang="en" source="ibm">hoopskirt</contenuImg>
            <txt source="google">"voir - e pincé. - MF - ferrieux - 7, Rue - ",</txt>
            <fonction source="final">repro/dessin</fonction>
            <fonction source="md">repro/dessin</fonction>
            <genre source="hm" time="2020-12-03T11:07:32.759+01:00">publicité</genre>
            <genre source="final">publicité</genre>
            <tech source="hm" time="2020-12-03T15:43:14.743+01:00">imp photoméca</tech>
            <tech source="final">imp photoméca</tech>
          </ill>
        </ills>
        <blocIll ocr="0">1</blocIll>
      </page>
      <page hauteurPx="5089" largeurPx="3709" ordre="5">
        <nbMot>119</nbMot>
        <blocTexte>6</blocTexte>
        <blocTab>0</blocTab>
        <blocPub>4</blocPub>
        <ills>
          <ill classif="CCibm CCyolo" couleur="gris" edit="1" h="182" n="5-2" pub="1" seg="1" source="hm" time="2020-12-03T11:08:12.229+01:00" w="365" x="829" y="805">
            <txt source="google">"20 - ses - ",</txt>
            <contenuImg CS="0.674" lang="fr" source="ibm">virus Marburg</contenuImg>
            <contenuImg CS="0.765" lang="fr" source="ibm">micro-organisme</contenuImg>
            <contenuImg CS="0.521" lang="fr" source="ibm">arénavirus (virus)</contenuImg>
            <contenuImg CS="0.504" lang="fr" source="ibm">barrette</contenuImg>
            <contenuImg CS="0.504" lang="fr" source="ibm">attache</contenuImg>
            <contenuImg CS="0.504" lang="fr" source="ibm">dispositif de contrainte (chaînes)</contenuImg>
            <contenuImg CS="0.5" lang="fr" source="ibm">lézard perlé</contenuImg>
            <contenuImg CS="0.5" lang="fr" source="ibm">lézard</contenuImg>
            <contenuImg CS="0.5" lang="fr" source="ibm">reptile</contenuImg>
            <contenuImg CS="0.5" lang="fr" source="ibm">animal</contenuImg>
            <contenuImg CS="0.96" coul="1" lang="fr" source="ibm">gris cendré</contenuImg>
            <contenuImg CS="0.77" h="173" lang="fr" source="yolo" w="343" x="10" y="3">train</contenuImg>
            <contenuImg CS="0.77" h="173" lang="en" source="yolo" w="343" x="10" y="3">train</contenuImg>
            <contenuImg CS="0.96" coul="1" lang="en" source="ibm">ash grey color</contenuImg>
            <contenuImg CS="0.5" lang="en" source="ibm">animal</contenuImg>
            <contenuImg CS="0.5" lang="en" source="ibm">reptile</contenuImg>
            <contenuImg CS="0.5" lang="en" source="ibm">lizard</contenuImg>
            <contenuImg CS="0.5" lang="en" source="ibm">beaded lizard</contenuImg>
            <contenuImg CS="0.504" lang="en" source="ibm">restraint (chains)</contenuImg>
            <contenuImg CS="0.504" lang="en" source="ibm">fastener</contenuImg>
            <contenuImg CS="0.504" lang="en" source="ibm">hair slide</contenuImg>
            <contenuImg CS="0.521" lang="en" source="ibm">arenavirus (virus)</contenuImg>
            <contenuImg CS="0.765" lang="en" source="ibm">microorganism</contenuImg>
            <contenuImg CS="0.674" lang="en" source="ibm">Marburg virus</contenuImg>
            <fonction source="final">repro/dessin</fonction>
            <fonction source="md">repro/dessin</fonction>
            <genre source="hm" time="2020-12-03T11:08:29.041+01:00">publicité</genre>
            <genre source="hm" time="2020-12-03T11:08:33.137+01:00">publicité</genre>
            <genre source="hm" time="2020-12-03T11:08:47.64+01:00">publicité</genre>
            <tech source="hm" time="2020-12-03T15:43:14.743+01:00">imp photoméca</tech>
            <tech source="final">imp photoméca</tech>
          </ill>
        </ills>
        <blocIll ocr="0">2</blocIll>
      </page>
      <page hauteurPx="5141" largeurPx="3575" ordre="6">
        <nbMot>35</nbMot>
        <blocTexte>4</blocTexte>
        <blocTab>0</blocTab>
        <blocPub>2</blocPub>
        <blocIll ocr="1">1</blocIll>
        <ills>
          <ill classif="CCyolo CCibm" couleur="gris" edit="true" h="3849" n="6-1" pub="1" taille="1" w="1055" x="2138" y="717">
            <contenuImg CS="0.505" lang="fr" source="ibm">étole (châle)</contenuImg>
            <contenuImg CS="0.526" lang="fr" source="ibm">tournure (robe)</contenuImg>
            <contenuImg CS="0.5" lang="fr" source="ibm">mantille (foulard)</contenuImg>
            <contenuImg CS="0.526" lang="fr" source="ibm">cadre</contenuImg>
            <contenuImg CS="0.526" lang="fr" source="ibm">structure porteuse</contenuImg>
            <contenuImg CS="0.588" lang="fr" source="ibm">écharpe</contenuImg>
            <contenuImg CS="0.59" lang="fr" source="ibm">vêtement</contenuImg>
            <contenuImg CS="0.502" lang="fr" source="ibm">robe péplum</contenuImg>
            <contenuImg CS="0.601" lang="fr" source="ibm">vêtements</contenuImg>
            <contenuImg CS="0.599" lang="fr" source="ibm">coiffure</contenuImg>
            <contenuImg CS="0.971" coul="1" lang="fr" source="ibm">noir charbon</contenuImg>
            <contenuImg CS="0.717" coul="1" lang="fr" source="ibm">noir</contenuImg>
            <contenuImg CS="0.717" coul="1" lang="en" source="ibm">black color</contenuImg>
            <contenuImg CS="0.971" coul="1" lang="en" source="ibm">coal black color</contenuImg>
            <contenuImg CS="0.599" lang="en" source="ibm">headdress</contenuImg>
            <contenuImg CS="0.601" lang="en" source="ibm">clothing</contenuImg>
            <contenuImg CS="0.5" lang="en" source="ibm">mantilla (scarf)</contenuImg>
            <contenuImg CS="0.502" lang="en" source="ibm">peplum (of garment)</contenuImg>
            <contenuImg CS="0.59" lang="en" source="ibm">garment</contenuImg>
            <contenuImg CS="0.588" lang="en" source="ibm">scarf</contenuImg>
            <contenuImg CS="0.505" lang="en" source="ibm">stole (shawl)</contenuImg>
            <contenuImg CS="0.526" lang="en" source="ibm">supporting structure</contenuImg>
            <contenuImg CS="0.526" lang="en" source="ibm">framework</contenuImg>
            <contenuImg CS="0.526" lang="en" source="ibm">bustle (dress)</contenuImg>
            <contenuImg y="1" CS="0.99" h="3813" lang="fr" source="yolo" w="956" x="33">personne</contenuImg>
            <contenuImg y="1" CS="0.99" h="3813" lang="en" source="yolo" w="956" x="33">person</contenuImg>
            <genre source="final">publicité</genre>
            <genre source="md">publicité</genre>
            <fonction source="final">repro/photo</fonction>
            <fonction CS="0.80" source="TensorFlow">repro/photo</fonction>
            <tech CS="1" source="md">imp photoméca</tech>
            <txt>MaxleleinB et Madeleine 104, Champs-Élysées Mademoiselle Fanny Heldy, qui remporte à l Opéra les mêmes triomphes qu elle a connus à l Opéra-Comique, obtiént à la ville de brillants succès d élégance dans les toilettes de</txt>
            <tech source="hm" time="2020-12-03T15:43:14.743+01:00">imp photoméca</tech>
            <tech source="final">imp photoméca</tech>
          </ill>
        </ills>
      </page>
      <page hauteurPx="5117" largeurPx="3721" ordre="7">
        <nbMot>1230</nbMot>
        <blocTexte>35</blocTexte>
        <blocTab>5</blocTab>
        <blocPub>0</blocPub>
        <blocIll ocr="1">1</blocIll>
        <ills/>
      </page>
      <page hauteurPx="5115" largeurPx="3569" ordre="8">
        <nbMot>82</nbMot>
        <blocTexte>5</blocTexte>
        <blocTab>0</blocTab>
        <blocPub>0</blocPub>
        <blocIll ocr="1">1</blocIll>
        <ills/>
      </page>
      <page hauteurPx="5073" largeurPx="3723" ordre="9">
        <nbMot>774</nbMot>
        <blocTexte>19</blocTexte>
        <blocTab>0</blocTab>
        <blocPub>0</blocPub>
        <blocIll ocr="2">2</blocIll>
        <ills/>
      </page>
      <page hauteurPx="5103" largeurPx="3565" ordre="10">
        <nbMot>674</nbMot>
        <blocTexte>12</blocTexte>
        <blocTab>0</blocTab>
        <blocPub>0</blocPub>
        <blocIll ocr="3">3</blocIll>
        <ills/>
      </page>
      <page hauteurPx="5049" largeurPx="3669" ordre="11">
        <nbMot>1131</nbMot>
        <blocTexte>20</blocTexte>
        <blocTab>0</blocTab>
        <blocPub>0</blocPub>
        <blocIll ocr="2">2</blocIll>
        <ills/>
      </page>
      <page hauteurPx="5089" largeurPx="3557" ordre="12">
        <nbMot>17</nbMot>
        <blocTexte>3</blocTexte>
        <blocTab>0</blocTab>
        <blocPub>0</blocPub>
        <blocIll ocr="1">1</blocIll>
        <ills/>
      </page>
      <page hauteurPx="5049" largeurPx="3685" ordre="13">
        <nbMot>750</nbMot>
        <blocTexte>25</blocTexte>
        <blocTab>0</blocTab>
        <blocPub>0</blocPub>
        <blocIll ocr="1">1</blocIll>
        <ills/>
      </page>
      <page hauteurPx="5089" largeurPx="3545" ordre="14">
        <nbMot>263</nbMot>
        <blocTexte>9</blocTexte>
        <blocTab>0</blocTab>
        <blocPub>0</blocPub>
        <blocIll ocr="1">1</blocIll>
        <ills/>
      </page>
      <page hauteurPx="5103" largeurPx="3759" ordre="15">
        <nbMot>202</nbMot>
        <blocTexte>17</blocTexte>
        <blocTab>0</blocTab>
        <blocPub>0</blocPub>
        <blocIll ocr="4">4</blocIll>
        <ills/>
      </page>
      <page hauteurPx="5089" largeurPx="3557" ordre="16">
        <nbMot>377</nbMot>
        <blocTexte>12</blocTexte>
        <blocTab>0</blocTab>
        <blocPub>0</blocPub>
        <blocIll ocr="6">6</blocIll>
        <ills/>
      </page>
      <page hauteurPx="5049" largeurPx="3685" ordre="17">
        <nbMot>436</nbMot>
        <blocTexte>17</blocTexte>
        <blocTab>0</blocTab>
        <blocPub>0</blocPub>
        <blocIll ocr="4">5</blocIll>
        <ills/>
      </page>
      <page hauteurPx="5097" largeurPx="3577" ordre="18">
        <nbMot>640</nbMot>
        <blocTexte>19</blocTexte>
        <blocTab>0</blocTab>
        <blocPub>0</blocPub>
        <blocIll ocr="4">3</blocIll>
        <ills/>
      </page>
      <page hauteurPx="5053" largeurPx="3685" ordre="19">
        <nbMot>864</nbMot>
        <blocTexte>22</blocTexte>
        <blocTab>0</blocTab>
        <blocPub>0</blocPub>
        <blocIll ocr="3">3</blocIll>
        <ills/>
      </page>
      <page hauteurPx="5085" largeurPx="3573" ordre="20">
        <nbMot>254</nbMot>
        <blocTexte>9</blocTexte>
        <blocTab>0</blocTab>
        <blocPub>0</blocPub>
        <blocIll ocr="5">5</blocIll>
        <ills/>
      </page>
      <page hauteurPx="5053" largeurPx="3705" ordre="21">
        <nbMot>133</nbMot>
        <blocTexte>7</blocTexte>
        <blocTab>0</blocTab>
        <blocPub>0</blocPub>
        <blocIll ocr="1">1</blocIll>
        <ills/>
      </page>
      <page hauteurPx="5077" largeurPx="3565" ordre="22">
        <nbMot>241</nbMot>
        <blocTexte>9</blocTexte>
        <blocTab>0</blocTab>
        <blocPub>0</blocPub>
        <blocIll ocr="3">3</blocIll>
        <ills/>
      </page>
      <page hauteurPx="5097" largeurPx="3739" ordre="23">
        <nbMot>260</nbMot>
        <blocTexte>10</blocTexte>
        <blocTab>0</blocTab>
        <blocPub>0</blocPub>
        <blocIll ocr="3">3</blocIll>
        <ills/>
      </page>
      <page hauteurPx="5149" largeurPx="3669" ordre="24">
        <nbMot>193</nbMot>
        <blocTexte>8</blocTexte>
        <blocTab>0</blocTab>
        <blocPub>0</blocPub>
        <blocIll ocr="2">3</blocIll>
        <ills/>
      </page>
      <page hauteurPx="5071" largeurPx="3723" ordre="25">
        <nbMot>260</nbMot>
        <blocTexte>15</blocTexte>
        <blocTab>0</blocTab>
        <blocPub>0</blocPub>
        <blocIll ocr="4">4</blocIll>
        <ills/>
      </page>
      <page hauteurPx="5103" largeurPx="3605" ordre="26">
        <nbMot>110</nbMot>
        <blocTexte>6</blocTexte>
        <blocTab>0</blocTab>
        <blocPub>0</blocPub>
        <blocIll ocr="2">2</blocIll>
        <ills/>
      </page>
      <page hauteurPx="5087" largeurPx="3757" ordre="27">
        <nbMot>233</nbMot>
        <blocTexte>9</blocTexte>
        <blocTab>0</blocTab>
        <blocPub>0</blocPub>
        <blocIll ocr="3">3</blocIll>
        <ills/>
      </page>
      <page hauteurPx="5097" largeurPx="3581" ordre="28">
        <nbMot>508</nbMot>
        <blocTexte>20</blocTexte>
        <blocTab>0</blocTab>
        <blocPub>0</blocPub>
        <blocIll ocr="5">5</blocIll>
        <ills/>
      </page>
      <page hauteurPx="5049" largeurPx="3705" ordre="29">
        <nbMot>406</nbMot>
        <blocTexte>12</blocTexte>
        <blocTab>0</blocTab>
        <blocPub>0</blocPub>
        <blocIll ocr="4">4</blocIll>
        <ills/>
      </page>
      <page hauteurPx="5109" largeurPx="3583" ordre="30">
        <nbMot>149</nbMot>
        <blocTexte>7</blocTexte>
        <blocTab>0</blocTab>
        <blocPub>0</blocPub>
        <blocIll ocr="2">2</blocIll>
        <ills/>
      </page>
      <page hauteurPx="5049" largeurPx="3689" ordre="31">
        <nbMot>146</nbMot>
        <blocTexte>7</blocTexte>
        <blocTab>0</blocTab>
        <blocPub>0</blocPub>
        <blocIll ocr="2">2</blocIll>
        <ills/>
      </page>
      <page hauteurPx="5085" largeurPx="3569" ordre="32">
        <nbMot>781</nbMot>
        <blocTexte>18</blocTexte>
        <blocTab>0</blocTab>
        <blocPub>0</blocPub>
        <blocIll ocr="4">4</blocIll>
        <ills/>
      </page>
      <page hauteurPx="5069" largeurPx="3709" ordre="33">
        <nbMot>401</nbMot>
        <blocTexte>9</blocTexte>
        <blocTab>0</blocTab>
        <blocPub>0</blocPub>
        <blocIll ocr="3">3</blocIll>
        <ills/>
      </page>
      <page hauteurPx="5089" largeurPx="3505" ordre="34">
        <nbMot>427</nbMot>
        <blocTexte>12</blocTexte>
        <blocTab>0</blocTab>
        <blocPub>0</blocPub>
        <blocIll ocr="2">2</blocIll>
        <ills/>
      </page>
      <page hauteurPx="5053" largeurPx="3689" ordre="35">
        <nbMot>505</nbMot>
        <blocTexte>11</blocTexte>
        <blocTab>0</blocTab>
        <blocPub>0</blocPub>
        <blocIll ocr="4">4</blocIll>
        <ills/>
      </page>
      <page hauteurPx="5093" largeurPx="3525" ordre="36">
        <nbMot>647</nbMot>
        <blocTexte>15</blocTexte>
        <blocTab>0</blocTab>
        <blocPub>0</blocPub>
        <blocIll ocr="2">2</blocIll>
        <ills/>
      </page>
      <page hauteurPx="5083" largeurPx="3719" ordre="37">
        <nbMot>648</nbMot>
        <blocTexte>13</blocTexte>
        <blocTab>0</blocTab>
        <blocPub>0</blocPub>
        <blocIll ocr="3">3</blocIll>
        <ills/>
      </page>
      <page hauteurPx="5161" largeurPx="3637" ordre="38">
        <nbMot>133</nbMot>
        <blocTexte>5</blocTexte>
        <blocTab>0</blocTab>
        <blocPub>0</blocPub>
        <blocIll ocr="1">1</blocIll>
        <ills/>
      </page>
      <page hauteurPx="5075" largeurPx="3713" ordre="39">
        <nbMot>969</nbMot>
        <blocTexte>28</blocTexte>
        <blocTab>0</blocTab>
        <blocPub>0</blocPub>
        <blocIll ocr="1">1</blocIll>
        <ills/>
      </page>
      <page hauteurPx="5135" largeurPx="3597" ordre="40">
        <nbMot>289</nbMot>
        <blocTexte>9</blocTexte>
        <blocTab>0</blocTab>
        <blocPub>0</blocPub>
        <blocIll ocr="3">3</blocIll>
        <ills/>
      </page>
      <page hauteurPx="5081" largeurPx="3709" ordre="41">
        <nbMot>312</nbMot>
        <blocTexte>12</blocTexte>
        <blocTab>0</blocTab>
        <blocPub>0</blocPub>
        <blocIll ocr="3">3</blocIll>
        <ills/>
      </page>
      <page hauteurPx="5097" largeurPx="3561" ordre="42">
        <nbMot>300</nbMot>
        <blocTexte>14</blocTexte>
        <blocTab>0</blocTab>
        <blocPub>0</blocPub>
        <blocIll ocr="4">5</blocIll>
        <ills/>
      </page>
      <page hauteurPx="5083" largeurPx="3703" ordre="43">
        <nbMot>134</nbMot>
        <blocTexte>9</blocTexte>
        <blocTab>0</blocTab>
        <blocPub>0</blocPub>
        <blocIll ocr="2">2</blocIll>
        <ills/>
      </page>
      <page hauteurPx="5089" largeurPx="3561" ordre="44">
        <nbMot>239</nbMot>
        <blocTexte>12</blocTexte>
        <blocTab>0</blocTab>
        <blocPub>0</blocPub>
        <blocIll ocr="5">5</blocIll>
        <ills/>
      </page>
      <page hauteurPx="5113" largeurPx="3775" ordre="45">
        <nbMot>23</nbMot>
        <blocTexte>3</blocTexte>
        <blocTab>0</blocTab>
        <blocPub>0</blocPub>
        <blocIll ocr="1">1</blocIll>
        <ills/>
      </page>
      <page hauteurPx="5105" largeurPx="3583" ordre="46">
        <nbMot>172</nbMot>
        <blocTexte>12</blocTexte>
        <blocTab>0</blocTab>
        <blocPub>0</blocPub>
        <blocIll ocr="4">4</blocIll>
        <ills/>
      </page>
      <page hauteurPx="5049" largeurPx="3709" ordre="47">
        <nbMot>164</nbMot>
        <blocTexte>11</blocTexte>
        <blocTab>0</blocTab>
        <blocPub>0</blocPub>
        <blocIll ocr="3">3</blocIll>
        <ills/>
      </page>
      <page hauteurPx="5129" largeurPx="3619" ordre="48">
        <nbMot>184</nbMot>
        <blocTexte>12</blocTexte>
        <blocTab>0</blocTab>
        <blocPub>0</blocPub>
        <blocIll ocr="4">4</blocIll>
        <ills/>
      </page>
      <page hauteurPx="5057" largeurPx="3717" ordre="49">
        <nbMot>172</nbMot>
        <blocTexte>9</blocTexte>
        <blocTab>0</blocTab>
        <blocPub>0</blocPub>
        <blocIll ocr="1">1</blocIll>
        <ills/>
      </page>
      <page hauteurPx="5197" largeurPx="3671" ordre="50">
        <nbMot>242</nbMot>
        <blocTexte>13</blocTexte>
        <blocTab>0</blocTab>
        <blocPub>0</blocPub>
        <blocIll ocr="6">6</blocIll>
        <ills/>
      </page>
      <page hauteurPx="5049" largeurPx="3717" ordre="51">
        <nbMot>263</nbMot>
        <blocTexte>13</blocTexte>
        <blocTab>0</blocTab>
        <blocPub>0</blocPub>
        <blocIll ocr="6">6</blocIll>
        <ills/>
      </page>
      <page hauteurPx="5169" largeurPx="3647" ordre="52">
        <nbMot>237</nbMot>
        <blocTexte>14</blocTexte>
        <blocTab>0</blocTab>
        <blocPub>0</blocPub>
        <blocIll ocr="6">6</blocIll>
        <ills/>
      </page>
      <page hauteurPx="5097" largeurPx="3773" ordre="53">
        <nbMot>268</nbMot>
        <blocTexte>12</blocTexte>
        <blocTab>0</blocTab>
        <blocPub>0</blocPub>
        <blocIll ocr="5">5</blocIll>
        <ills/>
      </page>
      <page hauteurPx="5109" largeurPx="3537" ordre="54">
        <nbMot>240</nbMot>
        <blocTexte>15</blocTexte>
        <blocTab>0</blocTab>
        <blocPub>0</blocPub>
        <blocIll ocr="5">5</blocIll>
        <ills/>
      </page>
      <page hauteurPx="5057" largeurPx="3709" ordre="55">
        <nbMot>725</nbMot>
        <blocTexte>22</blocTexte>
        <blocTab>0</blocTab>
        <blocPub>3</blocPub>
        <blocIll ocr="3">4</blocIll>
        <ills>
          <ill classif="CCyolo CCibm" couleur="gris" edit="true" h="1966" n="55-3" pub="1" taille="0" w="874" x="1786" y="2743">
            <contenuImg CS="0.599" lang="fr" source="ibm">personne</contenuImg>
            <contenuImg CS="0.647" lang="fr" source="ibm">jabot (volant de robe)</contenuImg>
            <contenuImg CS="0.5" lang="fr" source="ibm">stylo et encre</contenuImg>
            <contenuImg CS="0.6" lang="fr" source="ibm">vêtements</contenuImg>
            <contenuImg CS="0.594" lang="fr" source="ibm">coiffure</contenuImg>
            <contenuImg CS="0.777" coul="1" lang="fr" source="ibm">sauge</contenuImg>
            <contenuImg CS="0.699" coul="1" lang="fr" source="ibm">gris</contenuImg>
            <contenuImg CS="0.699" coul="1" lang="en" source="ibm">gray color</contenuImg>
            <contenuImg CS="0.777" coul="1" lang="en" source="ibm">sage green color</contenuImg>
            <contenuImg CS="0.594" lang="en" source="ibm">headdress</contenuImg>
            <contenuImg CS="0.6" lang="en" source="ibm">clothing</contenuImg>
            <contenuImg CS="0.5" lang="en" source="ibm">pen-and-ink</contenuImg>
            <contenuImg CS="0.647" lang="en" source="ibm">jabot (ruffle of dress)</contenuImg>
            <contenuImg CS="0.599" lang="en" source="ibm">person</contenuImg>
            <contenuImg CS="0.39" h="1950" lang="fr" source="yolo" w="763" x="33" y="30">personne</contenuImg>
            <contenuImg CS="0.39" h="1950" lang="en" source="yolo" w="763" x="33" y="30">person</contenuImg>
            <genre source="final">publicité</genre>
            <genre source="md">publicité</genre>
            <fonction source="final">repro/dessin</fonction>
            <fonction CS="0.98" source="TensorFlow">repro/dessin</fonction>
            <tech CS="1" source="md">imp photoméca</tech>
            <leg>Cette robe de course en dentelle marine rehaussée de crêpe georgette cerise, s accompagne d une cape d allure espagnole, faite de trois volants de même dentelle.</leg>
            <txt>A H (\ A H UOE VOE PARIS LONDRES PAnDô ~r.. LOHDR.E5 À J  LE ir Ô lU 4[) lU lE lr PARIS PÏAGE LA MER Tennis 17 courts LA FORÊT Golf 27 trous Tir aux pigeons Concours Hippique 9 au 17 Juillet Polo 15 au 31 Juillet Canots Automobiles SPLENDIDE CASINO ouvert du Ier Juin au 15 Octobre HOTELS DE 1er ORDRE Madeleine et Ma deleine usent d une écharpe en foulard jaune, noir et bleu bordée d une chenille, pour composer un rare tea-gown</txt>
            <tech source="hm" time="2020-12-03T15:43:14.743+01:00">imp photoméca</tech>
            <tech source="final">imp photoméca</tech>
          </ill>
          <ill classif="CCibm CCyolo" couleur="gris" edit="1" h="1335" n="55-4" pub="1" seg="1" source="hm" time="2020-12-03T11:26:33.804+01:00" w="1652" x="1744" y="317">
            <txt source="google">"A - Hres - A - Hres - 3 - 45 - DE - PARIS - DE - LONDRES - ge - ",</txt>
            <contenuImg CS="0.74" lang="fr" source="ibm">carte</contenuImg>
            <contenuImg CS="0.5" lang="fr" source="ibm">chlamydospore (spores)</contenuImg>
            <contenuImg CS="0.5" lang="fr" source="ibm">plante</contenuImg>
            <contenuImg CS="0.5" lang="fr" source="ibm">rhizopus (moisissure)</contenuImg>
            <contenuImg CS="0.5" lang="fr" source="ibm">champignon</contenuImg>
            <contenuImg CS="0.591" lang="fr" source="ibm">cellule</contenuImg>
            <contenuImg CS="0.599" lang="fr" source="ibm">micro-organisme</contenuImg>
            <contenuImg CS="0.593" lang="fr" source="ibm">radiogramme</contenuImg>
            <contenuImg CS="0.93" coul="1" lang="fr" source="ibm">gris</contenuImg>
            <contenuImg CS="0.36" h="1266" lang="fr" source="yolo" w="1550" x="46" y="23">moniteur</contenuImg>
            <contenuImg CS="0.36" h="1266" lang="en" source="yolo" w="1550" x="46" y="23">tvmonitor</contenuImg>
            <contenuImg CS="0.93" coul="1" lang="en" source="ibm">gray color</contenuImg>
            <contenuImg CS="0.593" lang="en" source="ibm">radiogram</contenuImg>
            <contenuImg CS="0.599" lang="en" source="ibm">microorganism</contenuImg>
            <contenuImg CS="0.591" lang="en" source="ibm">cell</contenuImg>
            <contenuImg CS="0.5" lang="en" source="ibm">fungus</contenuImg>
            <contenuImg CS="0.5" lang="en" source="ibm">rhizopus</contenuImg>
            <contenuImg CS="0.5" lang="en" source="ibm">plant</contenuImg>
            <contenuImg CS="0.5" lang="en" source="ibm">chlamydospore (spores)</contenuImg>
            <contenuImg CS="0.74" lang="en" source="ibm">map</contenuImg>
            <fonction source="final">repro/dessin</fonction>
            <fonction source="md">repro/dessin</fonction>
            <genre source="hm" time="2020-12-03T11:26:53.179+01:00">publicité</genre>
            <genre source="final">publicité</genre>
            <tech source="hm" time="2020-12-03T15:43:14.743+01:00">imp photoméca</tech>
            <tech source="final">imp photoméca</tech>
          </ill>
        </ills>
      </page>
      <page hauteurPx="5097" largeurPx="3553" ordre="56">
        <nbMot>609</nbMot>
        <blocTexte>18</blocTexte>
        <blocTab>0</blocTab>
        <blocPub>2</blocPub>
        <blocIll ocr="3">3</blocIll>
        <ills>
          <ill classif="CCyolo CCibm" couleur="gris" edit="1" h="3006" n="56-1" pub="1" taille="1" w="1264" x="465" y="640">
            <contenuImg CS="0.598" lang="fr" source="ibm">personne</contenuImg>
            <contenuImg CS="0.502" lang="fr" source="ibm">studio d'art</contenuImg>
            <contenuImg CS="0.502" lang="fr" source="ibm">pièce</contenuImg>
            <contenuImg CS="0.5" lang="fr" source="ibm">capeline</contenuImg>
            <contenuImg CS="0.71" lang="fr" source="ibm">chapeau</contenuImg>
            <contenuImg CS="0.71" lang="fr" source="ibm">coiffure</contenuImg>
            <contenuImg CS="0.638" coul="1" lang="fr" source="ibm">noir</contenuImg>
            <contenuImg CS="0.607" coul="1" lang="fr" source="ibm">gris</contenuImg>
            <contenuImg CS="0.607" coul="1" lang="en" source="ibm">gray color</contenuImg>
            <contenuImg CS="0.638" coul="1" lang="en" source="ibm">black color</contenuImg>
            <contenuImg CS="0.71" lang="en" source="ibm">headdress</contenuImg>
            <contenuImg CS="0.71" lang="en" source="ibm">hat</contenuImg>
            <contenuImg CS="0.5" lang="en" source="ibm">sunbonnet</contenuImg>
            <contenuImg CS="0.502" lang="en" source="ibm">room</contenuImg>
            <contenuImg CS="0.502" lang="en" source="ibm">Art Studio</contenuImg>
            <contenuImg CS="0.598" lang="en" source="ibm">person</contenuImg>
            <contenuImg y="1" CS="0.64" h="3076" lang="fr" source="yolo" w="1140" x="73">personne</contenuImg>
            <contenuImg y="1" CS="0.64" h="3076" lang="en" source="yolo" w="1140" x="73">person</contenuImg>
            <fonction source="final">repro/dessin</fonction>
            <fonction CS="0.80" source="TensorFlow">repro/dessin</fonction>
            <tech CS="1" source="md">imp photoméca</tech>
            <leg>Robe foulard noir, piqûres blanches, dentelle blanche en pointes sur les côtés, ruban noir envers blanc noué au côté gauche de la taille et retombant en pointe.</leg>
            <genre source="hm" time="2020-12-03T11:27:07.41+01:00">publicité</genre>
            <genre source="final">publicité</genre>
            <tech source="hm" time="2020-12-03T15:43:14.743+01:00">imp photoméca</tech>
            <tech source="final">imp photoméca</tech>
          </ill>
        </ills>
      </page>
      <page hauteurPx="5057" largeurPx="3709" ordre="57">
        <nbMot>431</nbMot>
        <blocTexte>18</blocTexte>
        <blocTab>0</blocTab>
        <blocPub>5</blocPub>
        <blocIll ocr="2">3</blocIll>
        <ills>
          <ill classif="CCibm CCyolo" couleur="gris" edit="1" h="451" n="57-3" pub="1" seg="1" source="hm" time="2020-12-03T11:27:22.126+01:00" w="439" x="2872" y="463">
            <txt source="google">"1 - ",</txt>
            <contenuImg CS="0.655" lang="fr" source="ibm">écu (héraldique)</contenuImg>
            <contenuImg CS="0.79" lang="fr" source="ibm">bouclier</contenuImg>
            <contenuImg CS="0.663" lang="fr" source="ibm">armure</contenuImg>
            <contenuImg CS="0.79" lang="fr" source="ibm">revêtement de protection</contenuImg>
            <contenuImg CS="0.506" lang="fr" source="ibm">brassard</contenuImg>
            <contenuImg CS="0.536" lang="fr" source="ibm">assiette</contenuImg>
            <contenuImg CS="0.5" lang="fr" source="ibm">écusson d'épaule</contenuImg>
            <contenuImg CS="0.5" lang="fr" source="ibm">tissu</contenuImg>
            <contenuImg CS="0.974" coul="1" lang="fr" source="ibm">charbon (couleur)</contenuImg>
            <contenuImg CS="0.33" h="446" lang="fr" source="yolo" w="426" x="6" y="3">stop (panneau)</contenuImg>
            <contenuImg CS="0.33" h="446" lang="en" source="yolo" w="426" x="6" y="3">stop sign</contenuImg>
            <contenuImg CS="0.974" coul="1" lang="en" source="ibm">charcoal color</contenuImg>
            <contenuImg CS="0.5" lang="en" source="ibm">fabric</contenuImg>
            <contenuImg CS="0.5" lang="en" source="ibm">shoulder patch</contenuImg>
            <contenuImg CS="0.536" lang="en" source="ibm">plate</contenuImg>
            <contenuImg CS="0.506" lang="en" source="ibm">brassard (armour)</contenuImg>
            <contenuImg CS="0.79" lang="en" source="ibm">protective covering</contenuImg>
            <contenuImg CS="0.663" lang="en" source="ibm">armor</contenuImg>
            <contenuImg CS="0.79" lang="en" source="ibm">shield</contenuImg>
            <contenuImg CS="0.655" lang="en" source="ibm">escutcheon shield</contenuImg>
            <fonction source="final">repro/dessin</fonction>
            <fonction source="md">repro/dessin</fonction>
            <genre source="hm" time="2020-12-03T11:28:05.013+01:00">publicité</genre>
            <genre source="final">publicité</genre>
            <tech source="hm" time="2020-12-03T15:43:14.743+01:00">imp photoméca</tech>
            <tech source="final">imp photoméca</tech>
          </ill>
        </ills>
      </page>
      <page hauteurPx="5097" largeurPx="3545" ordre="58">
        <nbMot>295</nbMot>
        <blocTexte>8</blocTexte>
        <blocTab>0</blocTab>
        <blocPub>6</blocPub>
        <ills>
          <ill classif="CCibm" couleur="gris" edit="1" h="2265" n="58-2" pub="1" seg="1" source="hm" time="2020-12-03T18:52:01.187+01:00" w="1456" x="2052" y="282">
            <txt source="google">"PHOTO-PLAIT - 37&amp;39, Rue Lafayette, PARIS-OPÉRA - MAISON VENDANT LAPLUS IMPORTANTE MAISON FRANÇAISE SPÉCIALISTE EXPEDITIONS - LE - MEILLEUR MARCHE - POUR LA VENTE DES APPAREILS PHOTO - DANS LE - MONDE ENTIER - ADRESSE TELEGRAPHIOUE : PLATOSCOPE PARIS - Cous nos Appareils sont vendus garantis avec faculté d'échange - APPAREILS APPAREILS A PELLICULES - APPAREILS - PLAQUES CHARGEANT EN PLEIN JOUR STEREOSCOPIE - \"PLAIT \"\"ANSCO\" KODAK\" \"GAUMONT\" - POUR LA - un - FORMAT 4 x 612 - FORMAT 4 X 61 - FOLDINGS 6/2x99X12 - Prix depuis 75 fi's - \"NOXA - LE VEST POCKET \"ANSCO\" LEVEST POCKET \"KODAK\" LES STEREOSPIDOS 6x13 - Modele Bois GAiN Prir depuis 12303 - Prix depuis 130 frs. Prix depuis 135 frs MootLE METALLIQUE. Prir depuis 18009 - VERASCOPE RICHARD - FORMAT - 45X107 - FORMAT 62X9 - FORMAT 6x9 - APPAREILS DE LUXE LEVEST POCKET ANSCO\" LES BROWNIES PLIANTS KODAK\" - FORMATS 6x9.6/xil - 8x14 - Prix depuis 395 frs. Prix depuis 140 frs Prix depuis 150 frs - Les\" S.O.M\" - Prix depuis 440 frs - L'ONTOSCOPE - FORMATS 45 x 107 et 6x13 - FORMATS 6Y2x99x12 - Prix depuis 540 frs. - FORMATS 6x9 T 622 x 11 - LEVEST POCKET ANSCO\"DE LUXE LES KODAK \"JUNIORS - Prix depuis 385 frs Prix depuis 272 frs Prix depuis 1200 frs - NOTA: NOUS POSSÉDONS EN STOCK TOUTES LES MARQUES D'APPAREILS ET TOUT CE QUI CONCERNE LA PHOTO - ATALOGUE GÉNÉRALGRATIS &amp; FRANCO SURDEMANDE - ",</txt>
            <contenuImg CS="0.903" lang="fr" source="ibm">gazette</contenuImg>
            <contenuImg CS="0.967" lang="fr" source="ibm">journal</contenuImg>
            <contenuImg CS="0.967" lang="fr" source="ibm">média</contenuImg>
            <contenuImg CS="0.5" lang="fr" source="ibm">journal de classe</contenuImg>
            <contenuImg CS="0.801" lang="fr" source="ibm">presse écrite</contenuImg>
            <contenuImg CS="0.812" coul="1" lang="fr" source="ibm">gris</contenuImg>
            <contenuImg CS="0.812" coul="1" lang="en" source="ibm">gray color</contenuImg>
            <contenuImg CS="0.801" lang="en" source="ibm">print media</contenuImg>
            <contenuImg CS="0.5" lang="en" source="ibm">school newspaper</contenuImg>
            <contenuImg CS="0.967" lang="en" source="ibm">medium</contenuImg>
            <contenuImg CS="0.967" lang="en" source="ibm">newspaper</contenuImg>
            <contenuImg CS="0.903" lang="en" source="ibm">gazette</contenuImg>
            <fonction source="final">repro/dessin</fonction>
            <fonction source="md">repro/dessin</fonction>
            <tech source="final">imp photoméca</tech>
            <tech source="md">imp photoméca</tech>
            <genre source="hm" time="2020-12-03T18:53:01.822+01:00">publicité</genre>
            <genre source="final">publicité</genre>
          </ill>
          <ill classif="CCibm CCyolo" couleur="gris" edit="1" h="2265" n="58-3" pub="1" seg="1" source="hm" time="2020-12-03T18:52:26.471+01:00" w="3227" x="282" y="2600">
            <txt source="google">"MAROUISE DE SÉVIGNÉ - Garis - UN RUNSAND - GWARRIORS - Place - Rue - Ide - Tevrede - 11 - -Baptême delJnfante - Crand.Baplemes - ",</txt>
            <contenuImg CS="0.909" lang="fr" source="ibm">timbre papier</contenuImg>
            <contenuImg CS="0.909" lang="fr" source="ibm">document écrit</contenuImg>
            <contenuImg CS="0.513" lang="fr" source="ibm">arabesque (ornement)</contenuImg>
            <contenuImg CS="0.722" lang="fr" source="ibm">journal</contenuImg>
            <contenuImg CS="0.5" lang="fr" source="ibm">média</contenuImg>
            <contenuImg CS="0.8" lang="fr" source="ibm">presse écrite</contenuImg>
            <contenuImg CS="0.781" lang="fr" source="ibm">tissu</contenuImg>
            <contenuImg CS="0.84" coul="1" lang="fr" source="ibm">gris</contenuImg>
            <contenuImg CS="0.43" h="893" lang="fr" source="yolo" w="1720" x="750" y="796">montre</contenuImg>
            <contenuImg CS="0.43" h="893" lang="en" source="yolo" w="1720" x="750" y="796">clock</contenuImg>
            <contenuImg CS="0.84" coul="1" lang="en" source="ibm">gray color</contenuImg>
            <contenuImg CS="0.781" lang="en" source="ibm">fabric</contenuImg>
            <contenuImg CS="0.8" lang="en" source="ibm">print media</contenuImg>
            <contenuImg CS="0.5" lang="en" source="ibm">medium</contenuImg>
            <contenuImg CS="0.722" lang="en" source="ibm">newspaper</contenuImg>
            <contenuImg CS="0.513" lang="en" source="ibm">arabesque (ornament)</contenuImg>
            <contenuImg CS="0.909" lang="en" source="ibm">written document</contenuImg>
            <contenuImg CS="0.909" lang="en" source="ibm">paper-based stamps/currency</contenuImg>
            <fonction source="final">repro/dessin</fonction>
            <fonction source="md">repro/dessin</fonction>
            <tech source="final">imp photoméca</tech>
            <tech source="md">imp photoméca</tech>
            <genre source="hm" time="2020-12-03T18:53:06.054+01:00">publicité</genre>
            <genre source="final">publicité</genre>
          </ill>
          <ill classif="CCibm CCyolo" couleur="gris" edit="1" h="2097" n="58-4" pub="1" seg="1" source="hm" time="2020-12-03T18:52:40.65+01:00" w="1625" x="270" y="351">
            <txt source="google">"R - MEHARTOGI - X- - PAIRE DE BOUTONS ENARGENT PLATINE - NACRE AU CENTRE - 50 FR - BOUTONCHEMISE OR - PERLE POTIEZ - 85 FA- - PENDANTS D'OREILLES - 530 FR - PENDANTS D'OREILLES - CHAINEITES PLATINE - CHAINEITES PLATINE - MONTURE OR AVEC - MONTURE OR AVEC - PERLES POTITEZ - PERLES POTIEZ ETONYX - 350 FR - 490FR 375FR - CONTRE - BAGUES PLATINE - SUR VOTRE - MANDAT POSTE - SERTIES DE 6 ROSES AVEC - DEMANDE NOUS - ENVOI FRANCO - PERLE POTIEZ - ENVERRONS NOTRE - DE CES BIJOUX - NOTICE ILLUSTRÉE - { - f'imitation que lon aime - c'est la perle Potiez - 5.RUE DES CAPUCINES.5 - PRÉS DE LA RUE DE LA PAIX - PARIS - ",</txt>
            <contenuImg CS="0.684" lang="fr" source="ibm">pochette de disque</contenuImg>
            <contenuImg CS="0.684" lang="fr" source="ibm">manche</contenuImg>
            <contenuImg CS="0.517" lang="fr" source="ibm">disque d'enregistrement de phonographe</contenuImg>
            <contenuImg CS="0.518" lang="fr" source="ibm">cercle</contenuImg>
            <contenuImg CS="0.5" lang="fr" source="ibm">LP</contenuImg>
            <contenuImg CS="0.5" lang="fr" source="ibm">dispositif mémoire</contenuImg>
            <contenuImg CS="0.6" lang="fr" source="ibm">disque</contenuImg>
            <contenuImg CS="0.6" lang="fr" source="ibm">enregistrement</contenuImg>
            <contenuImg CS="0.826" coul="1" lang="fr" source="ibm">brun rougeâtre</contenuImg>
            <contenuImg CS="0.548" coul="1" lang="fr" source="ibm">orange rougeâtre</contenuImg>
            <contenuImg CS="0.85" h="1386" lang="fr" source="yolo" w="1386" x="133" y="240">montre</contenuImg>
            <contenuImg CS="0.85" h="1386" lang="en" source="yolo" w="1386" x="133" y="240">clock</contenuImg>
            <contenuImg CS="0.548" coul="1" lang="en" source="ibm">reddish orange color</contenuImg>
            <contenuImg CS="0.826" coul="1" lang="en" source="ibm">reddish brown color</contenuImg>
            <contenuImg CS="0.6" lang="en" source="ibm">recording</contenuImg>
            <contenuImg CS="0.6" lang="en" source="ibm">disk</contenuImg>
            <contenuImg CS="0.5" lang="en" source="ibm">memory device</contenuImg>
            <contenuImg CS="0.5" lang="en" source="ibm">LP</contenuImg>
            <contenuImg CS="0.518" lang="en" source="ibm">circle</contenuImg>
            <contenuImg CS="0.517" lang="en" source="ibm">phonograph recording disk</contenuImg>
            <contenuImg CS="0.684" lang="en" source="ibm">sleeve</contenuImg>
            <contenuImg CS="0.684" lang="en" source="ibm">record sleeve</contenuImg>
            <fonction source="final">repro/dessin</fonction>
            <fonction source="md">repro/dessin</fonction>
            <tech source="final">imp photoméca</tech>
            <tech source="md">imp photoméca</tech>
            <genre source="hm" time="2020-12-03T18:53:03.974+01:00">publicité</genre>
            <genre source="final">publicité</genre>
          </ill>
        </ills>
        <blocIll ocr="0">3</blocIll>
      </page>
      <page hauteurPx="5073" largeurPx="3719" ordre="59">
        <nbMot>39</nbMot>
        <blocTexte>4</blocTexte>
        <blocTab>0</blocTab>
        <blocPub>4</blocPub>
        <blocIll ocr="1">1</blocIll>
        <ills>
          <ill classif="CCyolo CCibm" couleur="gris" edit="true" h="2670" n="59-1" pub="1" taille="2" w="2222" x="647" y="1057">
            <contenuImg CS="0.668" lang="fr" source="ibm">salon</contenuImg>
            <contenuImg CS="0.815" lang="fr" source="ibm">pièce</contenuImg>
            <contenuImg CS="0.5" lang="fr" source="ibm">antichambre</contenuImg>
            <contenuImg CS="0.796" lang="fr" source="ibm">bâtiment</contenuImg>
            <contenuImg CS="0.788" lang="fr" source="ibm">revêtement de protection</contenuImg>
            <contenuImg CS="0.791" coul="1" lang="fr" source="ibm">gris</contenuImg>
            <contenuImg CS="0.791" coul="1" lang="en" source="ibm">gray color</contenuImg>
            <contenuImg CS="0.788" lang="en" source="ibm">protective covering</contenuImg>
            <contenuImg CS="0.796" lang="en" source="ibm">building</contenuImg>
            <contenuImg CS="0.5" lang="en" source="ibm">anteroom</contenuImg>
            <contenuImg CS="0.815" lang="en" source="ibm">room</contenuImg>
            <contenuImg CS="0.668" lang="en" source="ibm">living room</contenuImg>
            <contenuImg CS="0.87" h="606" lang="fr" source="yolo" w="413" x="216" y="1590">chaise</contenuImg>
            <contenuImg CS="0.39" h="176" lang="fr" source="yolo" w="50" x="1070" y="1053">vase</contenuImg>
            <contenuImg CS="0.30" h="283" lang="fr" source="yolo" w="400" x="343" y="1516">sofa</contenuImg>
            <contenuImg CS="0.30" h="283" lang="en" source="yolo" w="400" x="343" y="1516">sofa</contenuImg>
            <contenuImg CS="0.39" h="176" lang="en" source="yolo" w="50" x="1070" y="1053">vase</contenuImg>
            <contenuImg CS="0.50" h="176" lang="en" source="yolo" w="80" x="986" y="1050">vase</contenuImg>
            <contenuImg CS="0.87" h="606" lang="en" source="yolo" w="413" x="216" y="1590">chair</contenuImg>
            <contenuImg CS="0.89" h="700" lang="en" source="yolo" w="1013" x="893" y="1593">sofa</contenuImg>
            <genre source="final">publicité</genre>
            <genre source="md">publicité</genre>
            <fonction source="final">repro/photo</fonction>
            <fonction CS="0.96" source="TensorFlow">repro/photo</fonction>
            <tech CS="1" source="md">imp photoméca</tech>
            <leg>f//dbv 1}lJ;;edoir , 9 ~i a4 1 ~0 d  ^txi(Iam £ /^C. à rPJI.</leg>
            <txt>ck {b c/lbaMO/1/ erderelJ M~  ~ ~ ~ \L~ ~L~f~f L~/ S^eé ÇirocurneIZÚ (/ Gtf/r^LL es?^evi^/--Sy C ~y. H yr- , ~ ~</txt>
            <tech source="hm" time="2020-12-03T15:43:14.743+01:00">imp photoméca</tech>
            <tech source="final">imp photoméca</tech>
          </ill>
        </ills>
      </page>
      <page hauteurPx="5131" largeurPx="3607" ordre="60">
        <nbMot>466</nbMot>
        <blocTexte>17</blocTexte>
        <blocTab>0</blocTab>
        <blocPub>15</blocPub>
        <ills>
          <ill classif="CCibm CCyolo" couleur="gris" edit="1" h="3125" n="60-1" pub="1" seg="1" source="hm" time="2020-12-03T18:53:53.041+01:00" w="2464" x="619" y="757">
            <txt source="google">"ANEMIES. CROISSANCE.CONVALESCENCE - GLOBEOL - La cure - augmente - SURMENAGE FAIBLESSE - NEURASTHËNIE SCROFULE.TUBERCULOSE - veuse et - Un mois de maladie abrège - votre vie d'une année. Le - GLOBÉOL permet d'éviter les - maladies en augmentant la - force de résistance de - l'organisme. - rajeunis - énergie, - leur - du Coeur aurusaus - oldu Ners - FORT - EXTRAIT TOTAL - DU SERUME DES - GLOBULL - FER - o - puisement nerveux - onvalescence - Teurasthénie - âles couleurs - urmenage - *ANT - Reminéra - Nourrit le m - mmunication - cad. de Méd. - Juin 1910. - Étabs Chate - ciennes, Par - Le 1/2 flac - flacon, ſco, - fco, - Red - ",</txt>
            <contenuImg CS="0.814" lang="fr" source="ibm">musée (intérieur)</contenuImg>
            <contenuImg CS="0.618" lang="fr" source="ibm">salle d'étude</contenuImg>
            <contenuImg CS="0.782" lang="fr" source="ibm">presse écrite</contenuImg>
            <contenuImg CS="0.788" lang="fr" source="ibm">pièce</contenuImg>
            <contenuImg CS="0.892" coul="1" lang="fr" source="ibm">albâtre</contenuImg>
            <contenuImg CS="0.78" coul="1" lang="fr" source="ibm">gris</contenuImg>
            <contenuImg CS="0.72" h="2753" lang="fr" source="yolo" w="2390" x="46" y="363">personne</contenuImg>
            <contenuImg CS="0.72" h="2753" lang="en" source="yolo" w="2390" x="46" y="363">person</contenuImg>
            <contenuImg CS="0.78" coul="1" lang="en" source="ibm">gray color</contenuImg>
            <contenuImg CS="0.892" coul="1" lang="en" source="ibm">alabaster color</contenuImg>
            <contenuImg CS="0.788" lang="en" source="ibm">room</contenuImg>
            <contenuImg CS="0.782" lang="en" source="ibm">print media</contenuImg>
            <contenuImg CS="0.618" lang="en" source="ibm">study</contenuImg>
            <contenuImg CS="0.814" lang="en" source="ibm">Museum (Indoor)</contenuImg>
            <fonction source="final">repro/dessin</fonction>
            <fonction source="md">repro/dessin</fonction>
            <tech source="final">imp photoméca</tech>
            <tech source="md">imp photoméca</tech>
            <genre source="hm" time="2020-12-03T18:54:34.112+01:00">publicité</genre>
            <genre source="final">publicité</genre>
          </ill>
        </ills>
        <blocIll ocr="0">1</blocIll>
      </page>
    </pages>
  </contenus>
</analyseAlto>