<analyseAlto>
  <metad>
    <type>R</type>
    <ID>bpt6k6537268p</ID>
    <notice>cb343833568</notice>
    <titre>Vogue 1921/04/15 (Volume 2, Numéro 8)</titre>
    <dateEdition>1921-04-15</dateEdition>
    <lang>fre</lang>
    <source>BnF</source>
    <nbPage>64</nbPage>
  </metad>
  <contenus>
    <largeur>154</largeur>
    <hauteur>216</hauteur>
    <largeurPx>3643</largeurPx>
    <hauteurPx>5121</hauteurPx>
    <pages>
      <page hauteurPx="5121" largeurPx="3643" ordre="1">
        <nbMot>12</nbMot>
        <blocTexte>4</blocTexte>
        <blocTab>0</blocTab>
        <blocPub>0</blocPub>
        <blocIll ocr="1">1</blocIll>
        <ills/>
      </page>
      <page hauteurPx="5169" largeurPx="3571" ordre="2">
        <nbMot>27</nbMot>
        <blocTexte>3</blocTexte>
        <blocTab>0</blocTab>
        <blocPub>3</blocPub>
        <ills>
          <ill classif="CCibm CCyolo" couleur="coul" edit="1" h="4611" n="2-1" pub="1" seg="1" source="hm" time="2020-12-02T20:21:14.684+01:00" w="3058" x="458" y="255">
            <txt source="google">"Jaco - Lingerie - de Luxe - Crousseaux - pour homme - 354.rue S'Honoré - Dari - Cép: Central 92.03 - Amc - Danserar - 1920 - ",</txt>
            <contenuImg CS="0.592" lang="fr" source="ibm">personne</contenuImg>
            <contenuImg CS="0.546" lang="fr" source="ibm">jupon</contenuImg>
            <contenuImg CS="0.708" lang="fr" source="ibm">sous-vêtement</contenuImg>
            <contenuImg CS="0.722" lang="fr" source="ibm">vêtement</contenuImg>
            <contenuImg CS="0.5" lang="fr" source="ibm">crinoline (jupon)</contenuImg>
            <contenuImg CS="0.601" lang="fr" source="ibm">vêtements</contenuImg>
            <contenuImg CS="0.6" lang="fr" source="ibm">tissu</contenuImg>
            <contenuImg CS="0.793" coul="1" lang="fr" source="ibm">pourpre tyrien</contenuImg>
            <contenuImg CS="0.40" h="2973" lang="fr" source="yolo" w="1086" x="36" y="1196">planche de surf</contenuImg>
            <contenuImg CS="0.40" h="2973" lang="en" source="yolo" w="1086" x="36" y="1196">surfboard</contenuImg>
            <contenuImg b="152" coul="1" g="166" r="185" source="colorific" type="bkg">#b9a698</contenuImg>
            <contenuImg b="59" coul="1" g="68" ordre="9" r="90" source="colorific" type="frg">#5a443b</contenuImg>
            <contenuImg b="80" coul="1" g="64" ordre="8" r="63" source="colorific" type="frg">#3f4050</contenuImg>
            <contenuImg b="255" coul="1" g="255" ordre="7" r="255" source="colorific" type="frg">#ffffff</contenuImg>
            <contenuImg b="83" coul="1" g="104" ordre="6" r="160" source="colorific" type="frg">#a06853</contenuImg>
            <contenuImg b="66" coul="1" g="69" ordre="5" r="106" source="colorific" type="frg">#6a4542</contenuImg>
            <contenuImg b="158" coul="1" g="156" ordre="4" r="181" source="colorific" type="frg">#b59c9e</contenuImg>
            <contenuImg b="65" coul="1" g="56" ordre="3" r="74" source="colorific" type="frg">#4a3841</contenuImg>
            <contenuImg b="124" coul="1" g="111" ordre="2" r="138" source="colorific" type="frg">#8a6f7c</contenuImg>
            <contenuImg b="62" coul="1" g="61" ordre="1" r="144" source="colorific" type="frg">#903d3e</contenuImg>
            <contenuImg CS="0.793" coul="1" lang="en" source="ibm">Tyrian purple color</contenuImg>
            <contenuImg CS="0.6" lang="en" source="ibm">fabric</contenuImg>
            <contenuImg CS="0.601" lang="en" source="ibm">clothing</contenuImg>
            <contenuImg CS="0.5" lang="en" source="ibm">crinoline (petticoat)</contenuImg>
            <contenuImg CS="0.722" lang="en" source="ibm">garment</contenuImg>
            <contenuImg CS="0.708" lang="en" source="ibm">undergarment</contenuImg>
            <contenuImg CS="0.546" lang="en" source="ibm">petticoat</contenuImg>
            <contenuImg CS="0.592" lang="en" source="ibm">person</contenuImg>
            <fonction source="final">repro/dessin</fonction>
            <fonction source="md">repro/dessin</fonction>
            <genre source="hm" time="2020-12-02T20:21:41.311+01:00">publicité</genre>
            <genre source="final">publicité</genre>
            <tech source="hm" time="2020-12-03T15:44:02.519+01:00">imp photoméca</tech>
            <tech source="final">imp photoméca</tech>
          </ill>
        </ills>
        <blocIll ocr="0">1</blocIll>
      </page>
      <page hauteurPx="5105" largeurPx="3619" ordre="3">
        <nbMot>88</nbMot>
        <blocTexte>12</blocTexte>
        <blocTab>0</blocTab>
        <blocPub>11</blocPub>
        <ills>
          <ill classif="CCibm CCyolo" couleur="gris" edit="1" h="4468" n="3-1" pub="1" seg="1" source="hm" time="2020-12-02T20:21:46.748+01:00" w="3220" x="108" y="355">
            <txt source="google">"CHARLOTTE - 55, Avenue des Champs-Élysées - PARIS - “ MONTESPAN - Robe et paletot serge noire, - broderie soutache bleu roi. - Col duvetine même ton - 5 - 12 - 99 - \" CONSPIRATEUR - CONSPIRATEUR - Cape crêpe marocain - noir, empiècement lamé - or brodé or - Robe crêpe marocain noir, - manches et empiècement - mousseline noire, ceinture - lamé or et broderie rappe- - lant l'empiècement de la cape - Ovvio - ",</txt>
            <contenuImg CS="0.685" lang="fr" source="ibm">vêtements</contenuImg>
            <contenuImg CS="0.5" lang="fr" source="ibm">cintre</contenuImg>
            <contenuImg CS="0.5" lang="fr" source="ibm">support</contenuImg>
            <contenuImg CS="0.974" coul="1" lang="fr" source="ibm">gris</contenuImg>
            <contenuImg y="1" CS="0.68" h="4796" lang="fr" source="yolo" w="3206" x="30">livre</contenuImg>
            <contenuImg y="1" CS="0.68" h="4796" lang="en" source="yolo" w="3206" x="30">book</contenuImg>
            <contenuImg CS="0.974" coul="1" lang="en" source="ibm">gray color</contenuImg>
            <contenuImg CS="0.5" lang="en" source="ibm">support</contenuImg>
            <contenuImg CS="0.5" lang="en" source="ibm">coat hanger</contenuImg>
            <contenuImg CS="0.685" lang="en" source="ibm">clothing</contenuImg>
            <fonction source="final">repro/dessin</fonction>
            <fonction source="md">repro/dessin</fonction>
            <genre source="hm" time="2020-12-02T20:22:10.708+01:00">publicité</genre>
            <genre source="final">publicité</genre>
            <tech source="hm" time="2020-12-03T15:44:02.519+01:00">imp photoméca</tech>
            <tech source="final">imp photoméca</tech>
          </ill>
        </ills>
        <blocIll ocr="0">1</blocIll>
      </page>
      <page hauteurPx="5183" largeurPx="3583" ordre="4">
        <nbMot>52</nbMot>
        <blocTexte>7</blocTexte>
        <blocTab>0</blocTab>
        <blocPub>6</blocPub>
        <blocIll ocr="1">1</blocIll>
        <ills>
          <ill classif="CCibm CCyolo" couleur="gris" edit="true" h="2137" n="4-1" pub="1" seg="1" source="hm" taille="2" w="2729" x="711" y="1260">
            <contenuImg CS="0.937" lang="fr" source="ibm">pièce</contenuImg>
            <contenuImg CS="0.504" lang="fr" source="ibm">salon</contenuImg>
            <contenuImg CS="0.5" lang="fr" source="ibm">salle à manger</contenuImg>
            <contenuImg CS="0.933" coul="1" lang="fr" source="ibm">sauge</contenuImg>
            <contenuImg CS="0.652" coul="1" lang="fr" source="ibm">gris</contenuImg>
            <contenuImg CS="0.99" h="886" lang="fr" source="yolo" w="623" x="1353" y="1046">chaise</contenuImg>
            <contenuImg CS="0.99" h="886" lang="en" source="yolo" w="623" x="1353" y="1046">chair</contenuImg>
            <contenuImg CS="0.99" h="993" lang="en" source="yolo" w="773" x="76" y="836">chair</contenuImg>
            <contenuImg CS="0.652" coul="1" lang="en" source="ibm">gray color</contenuImg>
            <contenuImg CS="0.933" coul="1" lang="en" source="ibm">sage green color</contenuImg>
            <contenuImg CS="0.5" lang="en" source="ibm">dining room</contenuImg>
            <contenuImg CS="0.504" lang="en" source="ibm">lounge</contenuImg>
            <contenuImg CS="0.937" lang="en" source="ibm">room</contenuImg>
            <contenuImg CS="0.879" lang="en" source="ibm">living room</contenuImg>
            <genre source="final">publicité</genre>
            <genre source="md">publicité</genre>
            <fonction source="final">repro/photo</fonction>
            <fonction CS="0.96" source="TensorFlow">repro/photo</fonction>
            <tech CS="1" source="md">imp photoméca</tech>
            <leg>~2~ X Û7ZI  dalkrdLLW 1 p ar ^Kceé^/i^r  1 J~~3~6~ en -ie c/e ^ eau^ ciù5 q jlJ^P/ti^uj^s deô Çs leu?c de {;¡Joud ut de   1 GG.err de filfbdúrn/ !</leg>
            <txt>1 de éd ciÂbaiâori  ercær</txt>
            <tech source="hm" time="2020-12-03T15:44:02.519+01:00">imp photoméca</tech>
            <tech source="final">imp photoméca</tech>
          </ill>
        </ills>
      </page>
      <page hauteurPx="5075" largeurPx="3563" ordre="5">
        <nbMot>17</nbMot>
        <blocTexte>4</blocTexte>
        <blocTab>0</blocTab>
        <blocPub>3</blocPub>
        <blocIll ocr="1">1</blocIll>
        <ills>
          <ill classif="CCibm CCyolo" couleur="gris" edit="true" h="3565" n="5-1" pub="1" seg="1" source="hm" taille="3" w="2306" x="800" y="764">
            <contenuImg CS="0.599" lang="fr" source="ibm">personne</contenuImg>
            <contenuImg CS="0.596" lang="fr" source="ibm">musée (intérieur)</contenuImg>
            <contenuImg CS="0.545" lang="fr" source="ibm">canne épée</contenuImg>
            <contenuImg CS="0.546" lang="fr" source="ibm">canne</contenuImg>
            <contenuImg CS="0.5" lang="fr" source="ibm">bouclier</contenuImg>
            <contenuImg CS="0.51" lang="fr" source="ibm">armure</contenuImg>
            <contenuImg CS="0.51" lang="fr" source="ibm">revêtement de protection</contenuImg>
            <contenuImg CS="0.6" lang="fr" source="ibm">arme</contenuImg>
            <contenuImg CS="0.599" lang="fr" source="ibm">assiette</contenuImg>
            <contenuImg CS="0.969" coul="1" lang="fr" source="ibm">gris</contenuImg>
            <contenuImg CS="0.92" h="3383" lang="fr" source="yolo" w="1240" x="676" y="143">personne</contenuImg>
            <contenuImg CS="0.92" h="3383" lang="en" source="yolo" w="1240" x="676" y="143">person</contenuImg>
            <contenuImg CS="0.969" coul="1" lang="en" source="ibm">gray color</contenuImg>
            <contenuImg CS="0.599" lang="en" source="ibm">plate</contenuImg>
            <contenuImg CS="0.6" lang="en" source="ibm">weapon</contenuImg>
            <contenuImg CS="0.51" lang="en" source="ibm">protective covering</contenuImg>
            <contenuImg CS="0.51" lang="en" source="ibm">armor</contenuImg>
            <contenuImg CS="0.5" lang="en" source="ibm">shield</contenuImg>
            <contenuImg CS="0.546" lang="en" source="ibm">walking stick</contenuImg>
            <contenuImg CS="0.545" lang="en" source="ibm">sword cane</contenuImg>
            <contenuImg CS="0.596" lang="en" source="ibm">Museum (Indoor)</contenuImg>
            <contenuImg CS="0.599" lang="en" source="ibm">person</contenuImg>
            <genre source="final">publicité</genre>
            <genre source="md">publicité</genre>
            <fonction source="final">repro/photo</fonction>
            <fonction CS="0.93" source="TensorFlow">repro/photo</fonction>
            <tech CS="1" source="md">imp photoméca</tech>
            <txt>habillée par Madeleine et IViaxteleinje 1 °4, r 104, Champs-Elysées Madame X.</txt>
            <tech source="hm" time="2020-12-03T15:44:02.519+01:00">imp photoméca</tech>
            <tech source="final">imp photoméca</tech>
          </ill>
        </ills>
      </page>
      <page hauteurPx="5023" largeurPx="3473" ordre="6">
        <nbMot>32</nbMot>
        <blocTexte>2</blocTexte>
        <blocTab>0</blocTab>
        <blocPub>1</blocPub>
        <blocIll ocr="1">1</blocIll>
        <ills>
          <ill classif="CCyolo CCibm" couleur="gris" edit="true" h="3436" n="6-1" pub="1" taille="4" w="2577" x="603" y="553">
            <contenuImg CS="0.59" lang="fr" source="ibm">personne</contenuImg>
            <contenuImg CS="0.731" lang="fr" source="ibm">église (intérieur)</contenuImg>
            <contenuImg CS="0.731" lang="fr" source="ibm">bâtiment</contenuImg>
            <contenuImg CS="0.628" lang="fr" source="ibm">antichambre</contenuImg>
            <contenuImg CS="0.628" lang="fr" source="ibm">pièce</contenuImg>
            <contenuImg CS="0.5" lang="fr" source="ibm">musée (intérieur)</contenuImg>
            <contenuImg CS="0.598" lang="fr" source="ibm">vêtements</contenuImg>
            <contenuImg CS="0.824" coul="1" lang="fr" source="ibm">noir charbon</contenuImg>
            <contenuImg CS="0.778" coul="1" lang="fr" source="ibm">charbon (couleur)</contenuImg>
            <contenuImg CS="0.778" coul="1" lang="en" source="ibm">charcoal color</contenuImg>
            <contenuImg CS="0.824" coul="1" lang="en" source="ibm">coal black color</contenuImg>
            <contenuImg CS="0.598" lang="en" source="ibm">clothing</contenuImg>
            <contenuImg CS="0.5" lang="en" source="ibm">Museum (Indoor)</contenuImg>
            <contenuImg CS="0.628" lang="en" source="ibm">room</contenuImg>
            <contenuImg CS="0.628" lang="en" source="ibm">anteroom</contenuImg>
            <contenuImg CS="0.731" lang="en" source="ibm">building</contenuImg>
            <contenuImg CS="0.731" lang="en" source="ibm">Church (Indoor)</contenuImg>
            <contenuImg CS="0.59" lang="en" source="ibm">person</contenuImg>
            <contenuImg CS="0.99" h="2866" lang="fr" source="yolo" w="1310" x="690" y="516">personne</contenuImg>
            <contenuImg CS="0.51" h="713" lang="fr" source="yolo" w="326" x="596" y="90">bouteille</contenuImg>
            <contenuImg CS="0.30" h="123" lang="fr" source="yolo" w="93" x="1523" y="756">téléphone mobile</contenuImg>
            <contenuImg CS="0.30" h="123" lang="en" source="yolo" w="93" x="1523" y="756">cell phone</contenuImg>
            <contenuImg CS="0.51" h="713" lang="en" source="yolo" w="326" x="596" y="90">bottle</contenuImg>
            <contenuImg CS="0.99" h="2866" lang="en" source="yolo" w="1310" x="690" y="516">person</contenuImg>
            <genre source="final">publicité</genre>
            <genre source="md">publicité</genre>
            <fonction source="final">repro/photo</fonction>
            <fonction CS="0.98" source="TensorFlow">repro/photo</fonction>
            <tech CS="1" source="md">imp photoméca</tech>
            <leg>Paul O Doyé Mademoiselle CLARA TAMBOUR habiltée par JEAN PATOU i 1~, Robe de ville serge bleue et crêpe p Paris Georgette bleu, cocarde ruban 7, XVUc Saint-Florentin) PaflS</leg>
            <txt>iv rOGe) IV à iv rOGe) IV à</txt>
            <tech source="hm" time="2020-12-03T15:44:02.519+01:00">imp photoméca</tech>
            <tech source="final">imp photoméca</tech>
          </ill>
        </ills>
      </page>
      <page hauteurPx="5125" largeurPx="3589" ordre="7">
        <nbMot>244</nbMot>
        <blocTexte>7</blocTexte>
        <blocTab>0</blocTab>
        <blocPub>6</blocPub>
        <ills>
          <ill classif="CCibm CCyolo" couleur="gris" edit="1" h="2093" n="7-1" pub="1" seg="1" source="hm" time="2020-12-02T20:27:08.078+01:00" w="1770" x="639" y="938">
            <txt source="google">"Parf - troul - péné - capt - ir. - VS - Poudre - rose - ocre - Crême - Tube - -, - Bain - Eau T - Lait - Savon - Fards - rose - brun - roug - mau - met, - Je. - fr. - fr. - Ir. - ",</txt>
            <contenuImg CS="0.988" lang="fr" source="ibm">salle d'étude</contenuImg>
            <contenuImg CS="0.5" lang="fr" source="ibm">pointe d'argent</contenuImg>
            <contenuImg CS="0.718" coul="1" lang="fr" source="ibm">noir</contenuImg>
            <contenuImg CS="0.661" coul="1" lang="fr" source="ibm">albâtre</contenuImg>
            <contenuImg CS="0.67" h="2000" lang="fr" source="yolo" w="1620" x="86" y="36">personne</contenuImg>
            <contenuImg CS="0.67" h="2000" lang="en" source="yolo" w="1620" x="86" y="36">person</contenuImg>
            <contenuImg CS="0.661" coul="1" lang="en" source="ibm">alabaster color</contenuImg>
            <contenuImg CS="0.718" coul="1" lang="en" source="ibm">black color</contenuImg>
            <contenuImg CS="0.5" lang="en" source="ibm">silverpoint</contenuImg>
            <contenuImg CS="0.988" lang="en" source="ibm">study</contenuImg>
            <fonction source="final">repro/dessin</fonction>
            <fonction source="md">repro/dessin</fonction>
            <genre source="hm" time="2020-12-02T20:28:08.522+01:00">publicité</genre>
            <genre source="final">publicité</genre>
            <tech source="hm" time="2020-12-03T15:44:02.519+01:00">imp photoméca</tech>
            <tech source="final">imp photoméca</tech>
          </ill>
          <ill classif="CCibm" couleur="gris" edit="1" h="1197" n="7-2" pub="1" seg="1" source="hm" time="2020-12-02T20:27:31.469+01:00" w="1126" x="66" y="3452">
            <contenuImg CS="0.859" lang="fr" source="ibm">hystérosalpingographie (rayons x)</contenuImg>
            <contenuImg CS="0.924" lang="fr" source="ibm">radiogramme</contenuImg>
            <contenuImg CS="0.594" lang="fr" source="ibm">encéphalogramme (rayons x)</contenuImg>
            <contenuImg CS="0.5" lang="fr" source="ibm">cortex cérébral</contenuImg>
            <contenuImg CS="0.778" lang="fr" source="ibm">micro-organisme</contenuImg>
            <contenuImg CS="0.799" lang="fr" source="ibm">forme amorphe</contenuImg>
            <contenuImg CS="0.969" coul="1" lang="fr" source="ibm">gris</contenuImg>
            <contenuImg CS="0.969" coul="1" lang="en" source="ibm">gray color</contenuImg>
            <contenuImg CS="0.799" lang="en" source="ibm">amorphous shape</contenuImg>
            <contenuImg CS="0.778" lang="en" source="ibm">microorganism</contenuImg>
            <contenuImg CS="0.5" lang="en" source="ibm">cerebral cortex</contenuImg>
            <contenuImg CS="0.594" lang="en" source="ibm">encephalogrami (x ray)</contenuImg>
            <contenuImg CS="0.924" lang="en" source="ibm">radiogram</contenuImg>
            <contenuImg CS="0.859" lang="en" source="ibm">hysterosalpingogram (x-ray)</contenuImg>
            <fonction source="final">repro/dessin</fonction>
            <fonction source="md">repro/dessin</fonction>
            <genre source="hm" time="2020-12-02T20:28:06.712+01:00">publicité</genre>
            <genre source="final">publicité</genre>
            <tech source="hm" time="2020-12-03T15:44:02.519+01:00">imp photoméca</tech>
            <tech source="final">imp photoméca</tech>
          </ill>
          <ill classif="CCibm CCyolo" couleur="gris" edit="1" h="1303" n="7-3" pub="1" seg="1" source="hm" time="2020-12-02T20:27:49.852+01:00" w="849" x="2213" y="3422">
            <contenuImg CS="0.779" lang="fr" source="ibm">chorégraphe</contenuImg>
            <contenuImg CS="0.779" lang="fr" source="ibm">personne</contenuImg>
            <contenuImg CS="0.5" lang="fr" source="ibm">stylo et encre</contenuImg>
            <contenuImg CS="0.591" lang="fr" source="ibm">vêtements</contenuImg>
            <contenuImg CS="0.943" coul="1" lang="fr" source="ibm">noir</contenuImg>
            <contenuImg CS="0.663" coul="1" lang="fr" source="ibm">gris cendré</contenuImg>
            <contenuImg CS="0.49" h="426" lang="fr" source="yolo" w="400" x="100" y="26">personne</contenuImg>
            <contenuImg CS="0.26" h="1043" lang="fr" source="yolo" w="753" x="53" y="233">zèbre</contenuImg>
            <contenuImg CS="0.26" h="1043" lang="en" source="yolo" w="753" x="53" y="233">zebra</contenuImg>
            <contenuImg CS="0.49" h="426" lang="en" source="yolo" w="400" x="100" y="26">person</contenuImg>
            <contenuImg CS="0.663" coul="1" lang="en" source="ibm">ash grey color</contenuImg>
            <contenuImg CS="0.943" coul="1" lang="en" source="ibm">black color</contenuImg>
            <contenuImg CS="0.591" lang="en" source="ibm">clothing</contenuImg>
            <contenuImg CS="0.5" lang="en" source="ibm">pen-and-ink</contenuImg>
            <contenuImg CS="0.779" lang="en" source="ibm">person</contenuImg>
            <contenuImg CS="0.779" lang="en" source="ibm">choreographer</contenuImg>
            <fonction source="final">repro/dessin</fonction>
            <fonction source="md">repro/dessin</fonction>
            <genre source="hm" time="2020-12-02T20:28:10.809+01:00">publicité</genre>
            <genre source="final">publicité</genre>
            <tech source="hm" time="2020-12-03T15:44:02.519+01:00">imp photoméca</tech>
            <tech source="final">imp photoméca</tech>
          </ill>
        </ills>
        <blocIll ocr="0">3</blocIll>
      </page>
      <page hauteurPx="5121" largeurPx="3537" ordre="8">
        <nbMot>465</nbMot>
        <blocTexte>21</blocTexte>
        <blocTab>0</blocTab>
        <blocPub>0</blocPub>
        <ills>
          <ill classif="CCibm CCyolo" couleur="gris" edit="1" h="1296" n="8-1" pub="1" seg="1" source="hm" time="2020-12-02T20:28:15.071+01:00" w="1090" x="500" y="595">
            <txt source="google">"Lº - ORSQU - Lors - cocorico - aura que - lectrices. - 'E QU' - qui - ne sacha - Ce qui - e - ",</txt>
            <contenuImg CS="0.748" lang="fr" source="ibm">bolo (cravate)</contenuImg>
            <contenuImg CS="0.749" lang="fr" source="ibm">cravate</contenuImg>
            <contenuImg CS="0.749" lang="fr" source="ibm">vêtement</contenuImg>
            <contenuImg CS="0.5" lang="fr" source="ibm">fouet</contenuImg>
            <contenuImg CS="0.594" lang="fr" source="ibm">arme</contenuImg>
            <contenuImg CS="0.622" coul="1" lang="fr" source="ibm">gris</contenuImg>
            <contenuImg y="1" CS="0.35" h="1320" lang="fr" source="yolo" w="1033" x="30">livre</contenuImg>
            <contenuImg y="1" CS="0.35" h="1320" lang="en" source="yolo" w="1033" x="30">book</contenuImg>
            <contenuImg CS="0.622" coul="1" lang="en" source="ibm">gray color</contenuImg>
            <contenuImg CS="0.594" lang="en" source="ibm">weapon</contenuImg>
            <contenuImg CS="0.5" lang="en" source="ibm">whip</contenuImg>
            <contenuImg CS="0.749" lang="en" source="ibm">garment</contenuImg>
            <contenuImg CS="0.749" lang="en" source="ibm">neckwear</contenuImg>
            <contenuImg CS="0.749" lang="en" source="ibm">necktie</contenuImg>
            <contenuImg CS="0.748" lang="en" source="ibm">bolo tie</contenuImg>
            <fonction source="final">repro/dessin</fonction>
            <fonction source="md">repro/dessin</fonction>
            <genre source="hm" time="2020-12-02T20:28:32.938+01:00">publicité</genre>
            <genre source="final">publicité</genre>
            <tech source="hm" time="2020-12-03T15:44:02.519+01:00">imp photoméca</tech>
            <tech source="final">imp photoméca</tech>
          </ill>
        </ills>
        <blocIll ocr="0">1</blocIll>
      </page>
      <page hauteurPx="5127" largeurPx="3639" ordre="9">
        <nbMot>1152</nbMot>
        <blocTexte>35</blocTexte>
        <blocTab>5</blocTab>
        <blocPub>0</blocPub>
        <blocIll ocr="1">1</blocIll>
        <ills/>
      </page>
      <page hauteurPx="5069" largeurPx="3473" ordre="10">
        <nbMot>80</nbMot>
        <blocTexte>3</blocTexte>
        <blocTab>0</blocTab>
        <blocPub>0</blocPub>
        <blocIll ocr="1">1</blocIll>
        <ills/>
      </page>
      <page hauteurPx="5127" largeurPx="3659" ordre="11">
        <nbMot>940</nbMot>
        <blocTexte>12</blocTexte>
        <blocTab>0</blocTab>
        <blocPub>0</blocPub>
        <blocIll ocr="1">1</blocIll>
        <ills/>
      </page>
      <page hauteurPx="5135" largeurPx="3545" ordre="12">
        <nbMot>581</nbMot>
        <blocTexte>11</blocTexte>
        <blocTab>0</blocTab>
        <blocPub>0</blocPub>
        <blocIll ocr="3">3</blocIll>
        <ills/>
      </page>
      <page hauteurPx="5123" largeurPx="3633" ordre="13">
        <nbMot>207</nbMot>
        <blocTexte>12</blocTexte>
        <blocTab>0</blocTab>
        <blocPub>0</blocPub>
        <blocIll ocr="6">6</blocIll>
        <ills/>
      </page>
      <page hauteurPx="5097" largeurPx="3523" ordre="14">
        <nbMot>289</nbMot>
        <blocTexte>10</blocTexte>
        <blocTab>0</blocTab>
        <blocPub>0</blocPub>
        <blocIll ocr="3">3</blocIll>
        <ills/>
      </page>
      <page hauteurPx="5121" largeurPx="3631" ordre="15">
        <nbMot>235</nbMot>
        <blocTexte>12</blocTexte>
        <blocTab>0</blocTab>
        <blocPub>0</blocPub>
        <blocIll ocr="3">3</blocIll>
        <ills/>
      </page>
      <page hauteurPx="5105" largeurPx="3533" ordre="16">
        <nbMot>763</nbMot>
        <blocTexte>21</blocTexte>
        <blocTab>0</blocTab>
        <blocPub>0</blocPub>
        <blocIll ocr="3">3</blocIll>
        <ills/>
      </page>
      <page hauteurPx="5107" largeurPx="3649" ordre="17">
        <nbMot>164</nbMot>
        <blocTexte>10</blocTexte>
        <blocTab>0</blocTab>
        <blocPub>0</blocPub>
        <blocIll ocr="3">3</blocIll>
        <ills/>
      </page>
      <page hauteurPx="5115" largeurPx="3555" ordre="18">
        <nbMot>459</nbMot>
        <blocTexte>14</blocTexte>
        <blocTab>0</blocTab>
        <blocPub>0</blocPub>
        <blocIll ocr="1">1</blocIll>
        <ills/>
      </page>
      <page hauteurPx="5119" largeurPx="3665" ordre="19">
        <nbMot>140</nbMot>
        <blocTexte>4</blocTexte>
        <blocTab>0</blocTab>
        <blocPub>0</blocPub>
        <blocIll ocr="1">1</blocIll>
        <ills/>
      </page>
      <page hauteurPx="5077" largeurPx="3493" ordre="20">
        <nbMot>200</nbMot>
        <blocTexte>6</blocTexte>
        <blocTab>0</blocTab>
        <blocPub>0</blocPub>
        <blocIll ocr="3">3</blocIll>
        <ills/>
      </page>
      <page hauteurPx="5159" largeurPx="3733" ordre="21">
        <nbMot>160</nbMot>
        <blocTexte>4</blocTexte>
        <blocTab>0</blocTab>
        <blocPub>0</blocPub>
        <blocIll ocr="1">1</blocIll>
        <ills/>
      </page>
      <page hauteurPx="5089" largeurPx="3521" ordre="22">
        <nbMot>531</nbMot>
        <blocTexte>18</blocTexte>
        <blocTab>0</blocTab>
        <blocPub>0</blocPub>
        <blocIll ocr="2">2</blocIll>
        <ills/>
      </page>
      <page hauteurPx="5105" largeurPx="3657" ordre="23">
        <nbMot>123</nbMot>
        <blocTexte>7</blocTexte>
        <blocTab>0</blocTab>
        <blocPub>0</blocPub>
        <blocIll ocr="1">2</blocIll>
        <ills/>
      </page>
      <page hauteurPx="5095" largeurPx="3531" ordre="24">
        <nbMot>240</nbMot>
        <blocTexte>13</blocTexte>
        <blocTab>0</blocTab>
        <blocPub>0</blocPub>
        <blocIll ocr="1">1</blocIll>
        <ills/>
      </page>
      <page hauteurPx="5113" largeurPx="3669" ordre="25">
        <nbMot>323</nbMot>
        <blocTexte>10</blocTexte>
        <blocTab>0</blocTab>
        <blocPub>0</blocPub>
        <blocIll ocr="3">3</blocIll>
        <ills/>
      </page>
      <page hauteurPx="5069" largeurPx="3525" ordre="26">
        <nbMot>373</nbMot>
        <blocTexte>11</blocTexte>
        <blocTab>0</blocTab>
        <blocPub>0</blocPub>
        <blocIll ocr="9">9</blocIll>
        <ills/>
      </page>
      <page hauteurPx="5135" largeurPx="3699" ordre="27">
        <nbMot>657</nbMot>
        <blocTexte>22</blocTexte>
        <blocTab>0</blocTab>
        <blocPub>0</blocPub>
        <blocIll ocr="4">4</blocIll>
        <ills/>
      </page>
      <page hauteurPx="5123" largeurPx="3573" ordre="28">
        <nbMot>256</nbMot>
        <blocTexte>8</blocTexte>
        <blocTab>0</blocTab>
        <blocPub>0</blocPub>
        <blocIll ocr="3">3</blocIll>
        <ills/>
      </page>
      <page hauteurPx="5085" largeurPx="3629" ordre="29">
        <nbMot>264</nbMot>
        <blocTexte>12</blocTexte>
        <blocTab>0</blocTab>
        <blocPub>0</blocPub>
        <blocIll ocr="4">4</blocIll>
        <ills/>
      </page>
      <page hauteurPx="5121" largeurPx="3537" ordre="30">
        <nbMot>434</nbMot>
        <blocTexte>14</blocTexte>
        <blocTab>0</blocTab>
        <blocPub>0</blocPub>
        <blocIll ocr="2">2</blocIll>
        <ills/>
      </page>
      <page hauteurPx="5111" largeurPx="3683" ordre="31">
        <nbMot>323</nbMot>
        <blocTexte>10</blocTexte>
        <blocTab>0</blocTab>
        <blocPub>0</blocPub>
        <blocIll ocr="3">3</blocIll>
        <ills/>
      </page>
      <page hauteurPx="5095" largeurPx="3559" ordre="32">
        <nbMot>787</nbMot>
        <blocTexte>19</blocTexte>
        <blocTab>0</blocTab>
        <blocPub>0</blocPub>
        <blocIll ocr="4">4</blocIll>
        <ills/>
      </page>
      <page hauteurPx="5097" largeurPx="3665" ordre="33">
        <nbMot>254</nbMot>
        <blocTexte>13</blocTexte>
        <blocTab>0</blocTab>
        <blocPub>0</blocPub>
        <blocIll ocr="4">4</blocIll>
        <ills/>
      </page>
      <page hauteurPx="5149" largeurPx="3605" ordre="34">
        <nbMot>186</nbMot>
        <blocTexte>10</blocTexte>
        <blocTab>0</blocTab>
        <blocPub>0</blocPub>
        <blocIll ocr="1">2</blocIll>
        <ills/>
      </page>
      <page hauteurPx="5101" largeurPx="3671" ordre="35">
        <nbMot>550</nbMot>
        <blocTexte>21</blocTexte>
        <blocTab>0</blocTab>
        <blocPub>0</blocPub>
        <blocIll ocr="2">2</blocIll>
        <ills/>
      </page>
      <page hauteurPx="5069" largeurPx="3525" ordre="36">
        <nbMot>203</nbMot>
        <blocTexte>9</blocTexte>
        <blocTab>0</blocTab>
        <blocPub>0</blocPub>
        <blocIll ocr="4">4</blocIll>
        <ills/>
      </page>
      <page hauteurPx="5077" largeurPx="3637" ordre="37">
        <nbMot>320</nbMot>
        <blocTexte>9</blocTexte>
        <blocTab>0</blocTab>
        <blocPub>0</blocPub>
        <blocIll ocr="3">3</blocIll>
        <ills/>
      </page>
      <page hauteurPx="5121" largeurPx="3591" ordre="38">
        <nbMot>315</nbMot>
        <blocTexte>13</blocTexte>
        <blocTab>0</blocTab>
        <blocPub>0</blocPub>
        <blocIll ocr="5">5</blocIll>
        <ills/>
      </page>
      <page hauteurPx="5095" largeurPx="3669" ordre="39">
        <nbMot>656</nbMot>
        <blocTexte>20</blocTexte>
        <blocTab>0</blocTab>
        <blocPub>0</blocPub>
        <blocIll ocr="6">6</blocIll>
        <ills/>
      </page>
      <page hauteurPx="5085" largeurPx="3521" ordre="40">
        <nbMot>763</nbMot>
        <blocTexte>21</blocTexte>
        <blocTab>0</blocTab>
        <blocPub>0</blocPub>
        <blocIll ocr="4">4</blocIll>
        <ills/>
      </page>
      <page hauteurPx="5077" largeurPx="3645" ordre="41">
        <nbMot>266</nbMot>
        <blocTexte>19</blocTexte>
        <blocTab>0</blocTab>
        <blocPub>0</blocPub>
        <blocIll ocr="4">4</blocIll>
        <ills/>
      </page>
      <page hauteurPx="5077" largeurPx="3521" ordre="42">
        <nbMot>230</nbMot>
        <blocTexte>10</blocTexte>
        <blocTab>0</blocTab>
        <blocPub>0</blocPub>
        <blocIll ocr="3">3</blocIll>
        <ills/>
      </page>
      <page hauteurPx="5147" largeurPx="3759" ordre="43">
        <nbMot>215</nbMot>
        <blocTexte>10</blocTexte>
        <blocTab>0</blocTab>
        <blocPub>0</blocPub>
        <blocIll ocr="1">7</blocIll>
        <ills/>
      </page>
      <page hauteurPx="5107" largeurPx="3567" ordre="44">
        <nbMot>143</nbMot>
        <blocTexte>5</blocTexte>
        <blocTab>0</blocTab>
        <blocPub>0</blocPub>
        <blocIll ocr="1">1</blocIll>
        <ills/>
      </page>
      <page hauteurPx="5117" largeurPx="3695" ordre="45">
        <nbMot>972</nbMot>
        <blocTexte>31</blocTexte>
        <blocTab>0</blocTab>
        <blocPub>0</blocPub>
        <ills/>
        <blocIll ocr="0">1</blocIll>
      </page>
      <page hauteurPx="5077" largeurPx="3525" ordre="46">
        <nbMot>261</nbMot>
        <blocTexte>14</blocTexte>
        <blocTab>0</blocTab>
        <blocPub>0</blocPub>
        <blocIll ocr="1">5</blocIll>
        <ills/>
      </page>
      <page hauteurPx="5139" largeurPx="3749" ordre="47">
        <nbMot>192</nbMot>
        <blocTexte>7</blocTexte>
        <blocTab>0</blocTab>
        <blocPub>0</blocPub>
        <blocIll ocr="1">4</blocIll>
        <ills/>
      </page>
      <page hauteurPx="5085" largeurPx="3537" ordre="48">
        <nbMot>392</nbMot>
        <blocTexte>12</blocTexte>
        <blocTab>0</blocTab>
        <blocPub>0</blocPub>
        <blocIll ocr="5">5</blocIll>
        <ills/>
      </page>
      <page hauteurPx="5049" largeurPx="3609" ordre="49">
        <nbMot>421</nbMot>
        <blocTexte>13</blocTexte>
        <blocTab>0</blocTab>
        <blocPub>0</blocPub>
        <blocIll ocr="5">5</blocIll>
        <ills/>
      </page>
      <page hauteurPx="5077" largeurPx="3509" ordre="50">
        <nbMot>165</nbMot>
        <blocTexte>10</blocTexte>
        <blocTab>0</blocTab>
        <blocPub>0</blocPub>
        <blocIll ocr="2">2</blocIll>
        <ills/>
      </page>
      <page hauteurPx="5107" largeurPx="3683" ordre="51">
        <nbMot>145</nbMot>
        <blocTexte>7</blocTexte>
        <blocTab>0</blocTab>
        <blocPub>0</blocPub>
        <blocIll ocr="1">3</blocIll>
        <ills/>
      </page>
      <page hauteurPx="5089" largeurPx="3497" ordre="52">
        <nbMot>214</nbMot>
        <blocTexte>11</blocTexte>
        <blocTab>0</blocTab>
        <blocPub>0</blocPub>
        <blocIll ocr="5">5</blocIll>
        <ills/>
      </page>
      <page hauteurPx="5087" largeurPx="3669" ordre="53">
        <nbMot>539</nbMot>
        <blocTexte>18</blocTexte>
        <blocTab>0</blocTab>
        <blocPub>0</blocPub>
        <blocIll ocr="4">4</blocIll>
        <ills/>
      </page>
      <page hauteurPx="5137" largeurPx="3555" ordre="54">
        <nbMot>166</nbMot>
        <blocTexte>7</blocTexte>
        <blocTab>0</blocTab>
        <blocPub>0</blocPub>
        <blocIll ocr="4">4</blocIll>
        <ills/>
      </page>
      <page hauteurPx="5065" largeurPx="3629" ordre="55">
        <nbMot>188</nbMot>
        <blocTexte>12</blocTexte>
        <blocTab>0</blocTab>
        <blocPub>0</blocPub>
        <blocIll ocr="6">6</blocIll>
        <ills/>
      </page>
      <page hauteurPx="5089" largeurPx="3501" ordre="56">
        <nbMot>184</nbMot>
        <blocTexte>9</blocTexte>
        <blocTab>0</blocTab>
        <blocPub>0</blocPub>
        <blocIll ocr="5">5</blocIll>
        <ills/>
      </page>
      <page hauteurPx="5105" largeurPx="3687" ordre="57">
        <nbMot>232</nbMot>
        <blocTexte>11</blocTexte>
        <blocTab>0</blocTab>
        <blocPub>0</blocPub>
        <ills>
          <ill classif="CCibm CCyolo" couleur="gris" edit="1" h="399" n="57-1" pub="1" seg="1" source="hm" time="2020-12-03T09:30:04.994+01:00" w="380" x="1468" y="4226">
            <contenuImg CS="0.675" lang="fr" source="ibm">instrument à cordes</contenuImg>
            <contenuImg CS="0.682" lang="fr" source="ibm">instrument de musique</contenuImg>
            <contenuImg CS="0.57" lang="fr" source="ibm">professeur de ballet</contenuImg>
            <contenuImg CS="0.573" lang="fr" source="ibm">danseur</contenuImg>
            <contenuImg CS="0.573" lang="fr" source="ibm">artiste</contenuImg>
            <contenuImg CS="0.684" lang="fr" source="ibm">personne</contenuImg>
            <contenuImg CS="0.5" lang="fr" source="ibm">tambour-major</contenuImg>
            <contenuImg CS="0.864" coul="1" lang="fr" source="ibm">noir</contenuImg>
            <contenuImg CS="0.599" coul="1" lang="fr" source="ibm">noir charbon</contenuImg>
            <contenuImg CS="0.62" h="386" lang="fr" source="yolo" w="243" x="66" y="10">personne</contenuImg>
            <contenuImg CS="0.62" h="386" lang="en" source="yolo" w="243" x="66" y="10">person</contenuImg>
            <contenuImg CS="0.599" coul="1" lang="en" source="ibm">coal black color</contenuImg>
            <contenuImg CS="0.864" coul="1" lang="en" source="ibm">black color</contenuImg>
            <contenuImg CS="0.5" lang="en" source="ibm">drum major</contenuImg>
            <contenuImg CS="0.684" lang="en" source="ibm">person</contenuImg>
            <contenuImg CS="0.573" lang="en" source="ibm">entertainer</contenuImg>
            <contenuImg CS="0.573" lang="en" source="ibm">dancer</contenuImg>
            <contenuImg CS="0.57" lang="en" source="ibm">ballet teacher</contenuImg>
            <contenuImg CS="0.682" lang="en" source="ibm">musical instrument</contenuImg>
            <contenuImg CS="0.675" lang="en" source="ibm">stringed instrument</contenuImg>
            <fonction source="final">repro/dessin</fonction>
            <fonction source="md">repro/dessin</fonction>
            <genre source="hm" time="2020-12-03T09:30:23.468+01:00">publicité</genre>
            <genre source="final">publicité</genre>
            <tech source="hm" time="2020-12-03T15:44:02.519+01:00">imp photoméca</tech>
            <tech source="final">imp photoméca</tech>
          </ill>
        </ills>
        <blocIll ocr="0">1</blocIll>
      </page>
      <page hauteurPx="5137" largeurPx="3541" ordre="58">
        <nbMot>1023</nbMot>
        <blocTexte>30</blocTexte>
        <blocTab>0</blocTab>
        <blocPub>1</blocPub>
        <ills>
          <ill classif="CCibm CCyolo" couleur="gris" edit="1" h="3829" n="58-1" pub="1" seg="1" source="hm" time="2020-12-03T09:30:27.565+01:00" w="1463" x="413" y="312">
            <contenuImg CS="0.937" lang="fr" source="ibm">salle d'étude</contenuImg>
            <contenuImg CS="0.5" lang="fr" source="ibm">stylo et encre</contenuImg>
            <contenuImg CS="0.787" lang="fr" source="ibm">plante</contenuImg>
            <contenuImg CS="0.796" lang="fr" source="ibm">micro-organisme</contenuImg>
            <contenuImg CS="0.856" coul="1" lang="fr" source="ibm">gris</contenuImg>
            <contenuImg x="1" CS="0.38" h="1650" lang="fr" source="yolo" w="1476" y="2160">personne</contenuImg>
            <contenuImg x="1" CS="0.38" h="1650" lang="en" source="yolo" w="1476" y="2160">person</contenuImg>
            <contenuImg CS="0.856" coul="1" lang="en" source="ibm">gray color</contenuImg>
            <contenuImg CS="0.796" lang="en" source="ibm">microorganism</contenuImg>
            <contenuImg CS="0.787" lang="en" source="ibm">plant</contenuImg>
            <contenuImg CS="0.5" lang="en" source="ibm">pen-and-ink</contenuImg>
            <contenuImg CS="0.937" lang="en" source="ibm">study</contenuImg>
            <fonction source="final">repro/dessin</fonction>
            <fonction source="md">repro/dessin</fonction>
            <genre source="hm" time="2020-12-03T09:30:56.51+01:00">publicité</genre>
            <genre source="final">publicité</genre>
            <tech source="hm" time="2020-12-03T15:44:02.519+01:00">imp photoméca</tech>
            <tech source="final">imp photoméca</tech>
          </ill>
        </ills>
        <blocIll ocr="0">1</blocIll>
      </page>
      <page hauteurPx="5069" largeurPx="3645" ordre="59">
        <nbMot>1231</nbMot>
        <blocTexte>27</blocTexte>
        <blocTab>0</blocTab>
        <blocPub>7</blocPub>
        <ills>
          <ill classif="CCibm" couleur="gris" edit="1" h="1548" n="59-1" pub="1" seg="1" source="hm" time="2020-12-03T09:31:01.009+01:00" w="1366" x="1749" y="297">
            <txt source="google">"go - Elizabeth Arde - Pariz - 255, Rue Saint-H - SON ARDE - SKIN TO - VENI - want - meny - B. - VA - PUR - un stimulant pou - derme, légèrement - gent, il tonifie, - et blanchit la - donnant de la - et du brillant a - ",</txt>
            <contenuImg CS="0.79" lang="fr" source="ibm">jupe</contenuImg>
            <contenuImg CS="0.791" lang="fr" source="ibm">vêtement</contenuImg>
            <contenuImg CS="0.5" lang="fr" source="ibm">iglou</contenuImg>
            <contenuImg CS="0.5" lang="fr" source="ibm">abri</contenuImg>
            <contenuImg CS="0.601" lang="fr" source="ibm">vêtements</contenuImg>
            <contenuImg CS="0.599" lang="fr" source="ibm">coiffure</contenuImg>
            <contenuImg CS="0.599" lang="fr" source="ibm">tissu</contenuImg>
            <contenuImg CS="0.599" lang="en" source="ibm">fabric</contenuImg>
            <contenuImg CS="0.599" lang="en" source="ibm">headdress</contenuImg>
            <contenuImg CS="0.601" lang="en" source="ibm">clothing</contenuImg>
            <contenuImg CS="0.5" lang="en" source="ibm">shelter</contenuImg>
            <contenuImg CS="0.5" lang="en" source="ibm">igloo</contenuImg>
            <contenuImg CS="0.791" lang="en" source="ibm">garment</contenuImg>
            <contenuImg CS="0.79" lang="en" source="ibm">skirt</contenuImg>
            <contenuImg CS="0.788" lang="en" source="ibm">hoopskirt</contenuImg>
            <fonction source="final">repro/dessin</fonction>
            <fonction source="md">repro/dessin</fonction>
            <genre source="hm" time="2020-12-03T09:31:24.094+01:00">publicité</genre>
            <genre source="final">publicité</genre>
            <tech source="hm" time="2020-12-03T15:44:02.519+01:00">imp photoméca</tech>
            <tech source="final">imp photoméca</tech>
          </ill>
        </ills>
        <blocIll ocr="0">1</blocIll>
      </page>
      <page hauteurPx="5125" largeurPx="3559" ordre="60">
        <nbMot>1079</nbMot>
        <blocTexte>36</blocTexte>
        <blocTab>0</blocTab>
        <blocPub>6</blocPub>
        <blocIll ocr="0">0</blocIll>
      </page>
      <page hauteurPx="5103" largeurPx="3665" ordre="61">
        <nbMot>96</nbMot>
        <blocTexte>2</blocTexte>
        <blocTab>0</blocTab>
        <blocPub>1</blocPub>
        <ills>
          <ill classif="CCibm" couleur="gris" edit="1" h="4060" n="61-1" pub="1" seg="1" source="hm" time="2020-12-03T09:31:32.736+01:00" w="2552" x="250" y="561">
            <txt source="google">"CRÉATION - Berthe-Hermance - PÉCHERESSE - Très belle robe du soir, four- - satin noir. Jupe très jolir - drapée sur le côté formant - traînes pointues partant - la broderie. Panneau de - belle broderie sur tullen - perles blanches et cristal a - que paillettes et tubes, mon. - en pointes au corsage tome - en large panneau arrondi dea - et carré dans le dos. - 91, - Avenue des Champs-Élysées - PARIS - ",</txt>
            <contenuImg CS="0.67" lang="fr" source="ibm">salle d'étude</contenuImg>
            <contenuImg CS="0.592" lang="fr" source="ibm">pointe d'argent</contenuImg>
            <contenuImg CS="0.5" lang="fr" source="ibm">pilotis</contenuImg>
            <contenuImg CS="0.501" lang="fr" source="ibm">pôle</contenuImg>
            <contenuImg CS="0.501" lang="fr" source="ibm">barre</contenuImg>
            <contenuImg CS="0.6" lang="fr" source="ibm">vêtements</contenuImg>
            <contenuImg CS="0.968" coul="1" lang="fr" source="ibm">gris</contenuImg>
            <contenuImg CS="0.829" coul="1" lang="fr" source="ibm">gris cendré</contenuImg>
            <contenuImg CS="0.829" coul="1" lang="en" source="ibm">ash grey color</contenuImg>
            <contenuImg CS="0.968" coul="1" lang="en" source="ibm">gray color</contenuImg>
            <contenuImg CS="0.6" lang="en" source="ibm">clothing</contenuImg>
            <contenuImg CS="0.501" lang="en" source="ibm">rod</contenuImg>
            <contenuImg CS="0.501" lang="en" source="ibm">pole</contenuImg>
            <contenuImg CS="0.5" lang="en" source="ibm">stilt</contenuImg>
            <contenuImg CS="0.592" lang="en" source="ibm">silverpoint</contenuImg>
            <contenuImg CS="0.67" lang="en" source="ibm">study</contenuImg>
            <fonction source="final">repro/dessin</fonction>
            <fonction source="md">repro/dessin</fonction>
            <genre source="hm" time="2020-12-03T09:32:02.921+01:00">publicité</genre>
            <genre source="final">publicité</genre>
            <tech source="hm" time="2020-12-03T15:44:02.519+01:00">imp photoméca</tech>
            <tech source="final">imp photoméca</tech>
          </ill>
        </ills>
        <blocIll ocr="0">1</blocIll>
      </page>
      <page hauteurPx="5069" largeurPx="3485" ordre="62">
        <nbMot>49</nbMot>
        <blocTexte>5</blocTexte>
        <blocTab>0</blocTab>
        <blocPub>4</blocPub>
        <blocIll ocr="1">2</blocIll>
        <ills>
          <ill classif="CCyolo CCibm" couleur="gris" edit="true" h="1212" n="62-1" pub="1" taille="0" w="1520" x="332" y="703">
            <contenuImg CS="0.5" lang="fr" source="ibm">suffragette</contenuImg>
            <contenuImg CS="0.601" lang="fr" source="ibm">célébrité</contenuImg>
            <contenuImg CS="0.602" lang="fr" source="ibm">adulte</contenuImg>
            <contenuImg CS="0.694" lang="fr" source="ibm">personne</contenuImg>
            <contenuImg CS="0.599" lang="fr" source="ibm">vêtements</contenuImg>
            <contenuImg CS="0.949" coul="1" lang="fr" source="ibm">noir</contenuImg>
            <contenuImg CS="0.949" coul="1" lang="en" source="ibm">black color</contenuImg>
            <contenuImg CS="0.599" lang="en" source="ibm">clothing</contenuImg>
            <contenuImg CS="0.5" lang="en" source="ibm">women's voting rights activist</contenuImg>
            <contenuImg CS="0.694" lang="en" source="ibm">person</contenuImg>
            <contenuImg CS="0.602" lang="en" source="ibm">adult</contenuImg>
            <contenuImg CS="0.601" lang="en" source="ibm">celebrity</contenuImg>
            <contenuImg CS="0.96" h="1176" lang="fr" source="yolo" w="1440" x="30" y="13">personne</contenuImg>
            <contenuImg CS="0.96" h="1176" lang="en" source="yolo" w="1440" x="30" y="13">person</contenuImg>
            <genre source="final">publicité</genre>
            <genre source="md">publicité</genre>
            <fonction source="final">repro/photo</fonction>
            <fonction CS="0.85" source="TensorFlow">repro/photo</fonction>
            <tech CS="1" source="md">imp photoméca</tech>
            <leg>Mademoiselle RÉGINA CAMIER du Théâtre des Nouveautés coiffée au théâtre et à la ville par iiie Ver. jaune 16 Rue de la Paix Paris _--__- --------:::::=- »un Umm un a:* Îgj^fiî§ggjj^||||fff|fi|f§|îf|^^ Mun --Mm wi mr. nommu mawma lu</leg>
            <txt>54 Il (JG Ci 54 Il (JG Ci</txt>
            <tech source="hm" time="2020-12-03T15:44:02.519+01:00">imp photoméca</tech>
            <tech source="final">imp photoméca</tech>
          </ill>
          <ill classif="CCibm" couleur="gris" edit="1" h="2238" n="62-2" pub="1" seg="1" source="hm" time="2020-12-03T09:32:06.969+01:00" w="3177" x="283" y="2602">
            <txt source="google">"DA - MAROUISE DE SÉVIGNÉ - 22 - Boulevard de la Madeleine: - Paric - NI - WIU - 447 - Rue - de - Fleures - Place - Victor - Hugo - {-Baptême de l'Infante - Se Gands Baptemes. - 71 - ",</txt>
            <contenuImg CS="0.935" lang="fr" source="ibm">timbre papier</contenuImg>
            <contenuImg CS="0.935" lang="fr" source="ibm">document écrit</contenuImg>
            <contenuImg CS="0.799" lang="fr" source="ibm">presse écrite</contenuImg>
            <contenuImg CS="0.777" coul="1" lang="fr" source="ibm">gris</contenuImg>
            <contenuImg CS="0.777" coul="1" lang="en" source="ibm">gray color</contenuImg>
            <contenuImg CS="0.799" lang="en" source="ibm">print media</contenuImg>
            <contenuImg CS="0.935" lang="en" source="ibm">written document</contenuImg>
            <contenuImg CS="0.935" lang="en" source="ibm">paper-based stamps/currency</contenuImg>
            <fonction source="final">repro/dessin</fonction>
            <fonction source="md">repro/dessin</fonction>
            <genre source="hm" time="2020-12-03T09:32:21.526+01:00">publicité</genre>
            <genre source="final">publicité</genre>
            <tech source="hm" time="2020-12-03T15:44:02.519+01:00">imp photoméca</tech>
            <tech source="final">imp photoméca</tech>
          </ill>
        </ills>
      </page>
      <page hauteurPx="5087" largeurPx="3637" ordre="63">
        <nbMot>291</nbMot>
        <blocTexte>11</blocTexte>
        <blocTab>0</blocTab>
        <blocPub>11</blocPub>
        <ills>
          <ill classif="CCibm CCyolo" couleur="gris" edit="1" h="3945" n="63-1" pub="1" seg="1" source="hm" time="2020-12-03T09:32:25.533+01:00" w="3102" x="36" y="739">
            <txt source="google">"Communication à l'Académie - de Médecine de Paris - (10 novembre 1908). - Communication à l'Académie - des Sciences - (14 décembre 1908) - URICU - CODE - Goutte - Gravelle - Calculs - Sciatique - Artério - Sclérose - Obésité - ACIDE URIQUE - ACIDE URIQUE - Avant la cure - d'Urodonal - URODONAL - est au rhumatisme - ce que la quinine - est à la fièvre - a - une - UHODOMAI - L’Urodonal acquis réputation - mondiale. Des milliers de médecins, dans - tous les pays, ont expérimenté ce produit - reconnu par eux d'une haute efficacité. De - nombreux travaux scientifiques, des com- - munications aux Sociétés savantes, attestent - toute la valeur de ce remède, classique - aujourd'hui. Les analyses d'urines prouvent - que - l'Urodonal provoque - une véritable - saignée urique, étant 37 fois plus actif que - la lithine; c'est pourquoi les médecins le - prescrivent avec confiance, certains des - résultats mathématiques qu'il peut - manquer de leur donner dans toutes les - affections uricémiques où ce poison de notre - organisme, l'acide urique, doit être éliminé. - Aucun autre dissolvant ne peut lui être - comparé et il a cet avantage de ne présenter - aucune contre-indication. Aucune toxicité, - aucune fatigue de l'estomac des reins, du - ceur et du cerveau, même à doses élevées. - ne - Établiss. Chatelain, 2, r. de Valenciennes, - Paris et toutes pharmacies. Le flacon - franco 10 fr. 50;, les 3 franco 30 francs. - UR:QUE: - ACIDE URLOUE - Après la cure - d'Urodonal - DIALIROL - Bain carbo - gazeux toni-Seda- - tif. Artério-Sclérose, Anémie, - Dermatoses, Maladies de la - femme, Arthritisme, Cardiopa- - thies. L'étui franco 6 fr. 50, - les 3 franco 18 francs. - LINYCOL - Baume calmant: Rhumatismes, - Goutte, Lumbago, Nevralgies. - La boîte franco, 6 fr. 50, les 3 - franco, 18 francs. - ACIDE URHOUL - ",</txt>
            <contenuImg CS="0.961" lang="fr" source="ibm">musée (intérieur)</contenuImg>
            <contenuImg CS="0.794" lang="fr" source="ibm">presse écrite</contenuImg>
            <contenuImg CS="0.846" coul="1" lang="fr" source="ibm">noir</contenuImg>
            <contenuImg CS="0.534" coul="1" lang="fr" source="ibm">gris</contenuImg>
            <contenuImg CS="0.88" h="403" lang="fr" source="yolo" w="156" x="370" y="2023">bouteille</contenuImg>
            <contenuImg CS="0.44" h="2843" lang="fr" source="yolo" w="1606" x="463" y="783">personne</contenuImg>
            <contenuImg CS="0.44" h="2843" lang="en" source="yolo" w="1606" x="463" y="783">person</contenuImg>
            <contenuImg CS="0.88" h="403" lang="en" source="yolo" w="156" x="370" y="2023">bottle</contenuImg>
            <contenuImg CS="0.534" coul="1" lang="en" source="ibm">gray color</contenuImg>
            <contenuImg CS="0.846" coul="1" lang="en" source="ibm">black color</contenuImg>
            <contenuImg CS="0.794" lang="en" source="ibm">print media</contenuImg>
            <contenuImg CS="0.961" lang="en" source="ibm">Museum (Indoor)</contenuImg>
            <fonction source="final">repro/dessin</fonction>
            <fonction source="md">repro/dessin</fonction>
            <genre source="hm" time="2020-12-03T09:32:53.087+01:00">publicité</genre>
            <genre source="final">publicité</genre>
            <tech source="hm" time="2020-12-03T15:44:02.519+01:00">imp photoméca</tech>
            <tech source="final">imp photoméca</tech>
          </ill>
        </ills>
        <blocIll ocr="0">1</blocIll>
      </page>
      <page hauteurPx="5095" largeurPx="3541" ordre="64">
        <nbMot>171</nbMot>
        <blocTexte>8</blocTexte>
        <blocTab>0</blocTab>
        <blocPub>7</blocPub>
        <ills>
          <ill classif="CCibm CCyolo" couleur="coul" edit="1" h="4637" n="64-1" pub="1" seg="1" source="hm" time="2020-12-03T09:32:57.863+01:00" w="3115" x="371" y="153">
            <txt source="google">"DROI - DIEU - MON - BY SPECIAL APPOINTMENT - TO H.M. THE KING - UNE EXPÉRIENCE CENTENAIRE - nous a permis de résoudre ce problème : faire une - mallette pratique, offrant le maximum de confort - dans le minimum d'espace, et obtenir ainsi un - article léger, élégant et solide pouvant satisfaire - le goût le plus raffiné - MAPPIN&amp;WEBB - LTD - (France) - 1, RUE DE LA PAIX, - PARIS. - NICE. MONTE-CARLO. BIARRITZ - qonconcom - ",</txt>
            <contenuImg CS="0.513" lang="fr" source="ibm">cadre</contenuImg>
            <contenuImg CS="0.513" lang="fr" source="ibm">structure porteuse</contenuImg>
            <contenuImg CS="0.657" lang="fr" source="ibm">journal</contenuImg>
            <contenuImg CS="0.5" lang="fr" source="ibm">média</contenuImg>
            <contenuImg CS="0.601" lang="fr" source="ibm">presse écrite</contenuImg>
            <contenuImg CS="0.749" coul="1" lang="fr" source="ibm">marron clair</contenuImg>
            <contenuImg CS="0.726" coul="1" lang="fr" source="ibm">beige</contenuImg>
            <contenuImg CS="0.61" h="273" lang="fr" source="yolo" w="103" x="1826" y="3716">bouteille</contenuImg>
            <contenuImg CS="0.44" h="256" lang="fr" source="yolo" w="140" x="743" y="3843">tasse</contenuImg>
            <contenuImg CS="0.44" h="256" lang="en" source="yolo" w="140" x="743" y="3843">cup</contenuImg>
            <contenuImg CS="0.61" h="273" lang="en" source="yolo" w="103" x="1826" y="3716">bottle</contenuImg>
            <contenuImg CS="0.69" h="276" lang="en" source="yolo" w="133" x="1673" y="3670">bottle</contenuImg>
            <contenuImg b="255" coul="1" g="255" r="255" source="colorific" type="bkg">#ffffff</contenuImg>
            <contenuImg b="76" coul="1" g="80" ordre="6" r="137" source="colorific" type="frg">#89504c</contenuImg>
            <contenuImg b="163" coul="1" g="154" ordre="5" r="152" source="colorific" type="frg">#989aa3</contenuImg>
            <contenuImg b="104" coul="1" g="124" ordre="4" r="172" source="colorific" type="frg">#ac7c68</contenuImg>
            <contenuImg b="70" coul="1" g="59" ordre="3" r="90" source="colorific" type="frg">#5a3b46</contenuImg>
            <contenuImg b="85" coul="1" g="90" ordre="2" r="97" source="colorific" type="frg">#615a55</contenuImg>
            <contenuImg b="137" coul="1" g="144" ordre="1" r="151" source="colorific" type="frg">#979089</contenuImg>
            <contenuImg CS="0.726" coul="1" lang="en" source="ibm">beige color</contenuImg>
            <contenuImg CS="0.749" coul="1" lang="en" source="ibm">light brown color</contenuImg>
            <contenuImg CS="0.601" lang="en" source="ibm">print media</contenuImg>
            <contenuImg CS="0.5" lang="en" source="ibm">medium</contenuImg>
            <contenuImg CS="0.657" lang="en" source="ibm">newspaper</contenuImg>
            <contenuImg CS="0.513" lang="en" source="ibm">supporting structure</contenuImg>
            <contenuImg CS="0.513" lang="en" source="ibm">framework</contenuImg>
            <contenuImg CS="0.512" lang="en" source="ibm">picture frame</contenuImg>
            <fonction source="final">repro/dessin</fonction>
            <fonction source="md">repro/dessin</fonction>
            <genre source="hm" time="2020-12-03T09:33:21.305+01:00">publicité</genre>
            <genre source="final">publicité</genre>
            <tech source="hm" time="2020-12-03T15:44:02.519+01:00">imp photoméca</tech>
            <tech source="final">imp photoméca</tech>
          </ill>
        </ills>
        <blocIll ocr="0">1</blocIll>
      </page>
    </pages>
  </contenus>
</analyseAlto>