<analyseAlto>
  <metad>
    <type>R</type>
    <ID>bpt6k6537875w</ID>
    <notice>cb343833568</notice>
    <titre>Vogue 1922/07/01 (Volume 4, Numéro 12)</titre>
    <dateEdition>1922-07-01</dateEdition>
    <lang>fre</lang>
    <source>BnF</source>
    <nbPage>72</nbPage>
  </metad>
  <contenus>
    <largeur>164</largeur>
    <hauteur>218</hauteur>
    <largeurPx>3889</largeurPx>
    <hauteurPx>5173</hauteurPx>
    <pages>
      <page hauteurPx="5173" largeurPx="3889" ordre="1">
        <nbMot>0</nbMot>
        <blocTexte>0</blocTexte>
        <blocTab>0</blocTab>
        <blocPub>0</blocPub>
        <blocIll ocr="0">0</blocIll>
      </page>
      <page hauteurPx="5061" largeurPx="4065" ordre="2">
        <nbMot>0</nbMot>
        <blocTexte>0</blocTexte>
        <blocTab>0</blocTab>
        <blocPub>0</blocPub>
        <blocIll ocr="0">0</blocIll>
      </page>
      <page hauteurPx="5067" largeurPx="3763" ordre="3">
        <nbMot>0</nbMot>
        <blocTexte>0</blocTexte>
        <blocTab>0</blocTab>
        <blocPub>0</blocPub>
        <blocIll ocr="0">0</blocIll>
      </page>
      <page hauteurPx="5067" largeurPx="3829" ordre="4">
        <nbMot>0</nbMot>
        <blocTexte>0</blocTexte>
        <blocTab>0</blocTab>
        <blocPub>0</blocPub>
        <blocIll ocr="0">0</blocIll>
      </page>
      <page hauteurPx="4999" largeurPx="3787" ordre="5">
        <nbMot>0</nbMot>
        <blocTexte>0</blocTexte>
        <blocTab>0</blocTab>
        <blocPub>0</blocPub>
        <blocIll ocr="0">0</blocIll>
      </page>
      <page hauteurPx="5025" largeurPx="3721" ordre="6">
        <nbMot>0</nbMot>
        <blocTexte>0</blocTexte>
        <blocTab>0</blocTab>
        <blocPub>0</blocPub>
        <blocIll ocr="0">0</blocIll>
      </page>
      <page hauteurPx="4993" largeurPx="3761" ordre="7">
        <nbMot>0</nbMot>
        <blocTexte>0</blocTexte>
        <blocTab>0</blocTab>
        <blocPub>0</blocPub>
        <blocIll ocr="0">0</blocIll>
      </page>
      <page hauteurPx="5025" largeurPx="3721" ordre="8">
        <nbMot>0</nbMot>
        <blocTexte>0</blocTexte>
        <blocTab>0</blocTab>
        <blocPub>0</blocPub>
        <blocIll ocr="0">0</blocIll>
      </page>
      <page hauteurPx="5009" largeurPx="3729" ordre="9">
        <nbMot>0</nbMot>
        <blocTexte>0</blocTexte>
        <blocTab>0</blocTab>
        <blocPub>0</blocPub>
        <blocIll ocr="0">0</blocIll>
      </page>
      <page hauteurPx="4977" largeurPx="3753" ordre="10">
        <nbMot>0</nbMot>
        <blocTexte>0</blocTexte>
        <blocTab>0</blocTab>
        <blocPub>0</blocPub>
        <blocIll ocr="0">0</blocIll>
      </page>
      <page hauteurPx="5025" largeurPx="3751" ordre="11">
        <nbMot>12</nbMot>
        <blocTexte>2</blocTexte>
        <blocTab>0</blocTab>
        <blocPub>0</blocPub>
        <blocIll ocr="1">1</blocIll>
        <ills/>
      </page>
      <page hauteurPx="5023" largeurPx="3811" ordre="12">
        <nbMot>93</nbMot>
        <blocTexte>7</blocTexte>
        <blocTab>0</blocTab>
        <blocPub>7</blocPub>
        <blocIll ocr="1">1</blocIll>
        <ills>
          <ill classif="CCyolo CCibm" couleur="gris" h="933" n="12-1" pub="1" taille="1" w="2946" x="485" y="591">
            <contenuImg CS="0.605" lang="fr" source="ibm">coffre (de voiture)</contenuImg>
            <contenuImg CS="0.605" lang="fr" source="ibm">siège</contenuImg>
            <contenuImg CS="0.605" lang="fr" source="ibm">support</contenuImg>
            <contenuImg CS="0.56" lang="fr" source="ibm">roue et essieu</contenuImg>
            <contenuImg CS="0.501" lang="fr" source="ibm">Zamboni (surfaceuse à glace)</contenuImg>
            <contenuImg CS="0.502" lang="fr" source="ibm">machine</contenuImg>
            <contenuImg CS="0.5" lang="fr" source="ibm">voiture Ford modèle T</contenuImg>
            <contenuImg CS="0.564" lang="fr" source="ibm">voiture</contenuImg>
            <contenuImg CS="0.598" lang="fr" source="ibm">véhicule à roues</contenuImg>
            <contenuImg CS="0.609" lang="fr" source="ibm">véhicule</contenuImg>
            <contenuImg CS="0.599" lang="fr" source="ibm">roue</contenuImg>
            <contenuImg CS="0.598" lang="fr" source="ibm">transport</contenuImg>
            <contenuImg CS="0.868" coul="1" lang="fr" source="ibm">gris</contenuImg>
            <contenuImg CS="0.836" coul="1" lang="fr" source="ibm">gris cendré</contenuImg>
            <contenuImg CS="0.836" coul="1" lang="en" source="ibm">ash grey color</contenuImg>
            <contenuImg CS="0.868" coul="1" lang="en" source="ibm">gray color</contenuImg>
            <contenuImg CS="0.598" lang="en" source="ibm">transport</contenuImg>
            <contenuImg CS="0.599" lang="en" source="ibm">wheel</contenuImg>
            <contenuImg CS="0.609" lang="en" source="ibm">vehicle</contenuImg>
            <contenuImg CS="0.598" lang="en" source="ibm">wheeled vehicle</contenuImg>
            <contenuImg CS="0.564" lang="en" source="ibm">car</contenuImg>
            <contenuImg CS="0.5" lang="en" source="ibm">Model T  car</contenuImg>
            <contenuImg CS="0.502" lang="en" source="ibm">machine</contenuImg>
            <contenuImg CS="0.501" lang="en" source="ibm">Zamboni  (ice smoothing vehicle in icericks)</contenuImg>
            <contenuImg CS="0.56" lang="en" source="ibm">wheel and axle</contenuImg>
            <contenuImg CS="0.605" lang="en" source="ibm">support</contenuImg>
            <contenuImg CS="0.605" lang="en" source="ibm">seat</contenuImg>
            <contenuImg CS="0.605" lang="en" source="ibm">dickey (of car)</contenuImg>
            <contenuImg CS="0.40" h="866" lang="fr" source="yolo" w="2900" x="36" y="40">voiture</contenuImg>
            <contenuImg CS="0.40" h="866" lang="en" source="yolo" w="2900" x="36" y="40">car</contenuImg>
            <genre source="final">publicité</genre>
            <genre source="md">publicité</genre>
            <fonction source="final">repro/dessin</fonction>
            <tech source="final">imp photoméca</tech>
            <fonction CS="0.62" source="TensorFlow">repro/dessin</fonction>
            <tech CS="1" source="md">imp photoméca</tech>
            <leg>Nos Nouveaux Modèle5 12 HP. 4 Cylindres 1 18 HP. 6 Cylindres 40 HP. 6 Cylindres</leg>
          </ill>
        </ills>
      </page>
      <page hauteurPx="5025" largeurPx="3751" ordre="13">
        <nbMot>76</nbMot>
        <blocTexte>7</blocTexte>
        <blocTab>0</blocTab>
        <blocPub>5</blocPub>
        <blocIll ocr="1">1</blocIll>
        <ills>
          <ill classif="CCyolo CCibm" couleur="gris" h="2653" n="13-1" pub="1" taille="3" w="2717" x="448" y="902">
            <contenuImg CS="0.8" lang="fr" source="ibm">porche</contenuImg>
            <contenuImg CS="0.5" lang="fr" source="ibm">musée (intérieur)</contenuImg>
            <contenuImg CS="0.786" lang="fr" source="ibm">véhicule</contenuImg>
            <contenuImg CS="0.925" coul="1" lang="fr" source="ibm">noir</contenuImg>
            <contenuImg CS="0.621" coul="1" lang="fr" source="ibm">sauge</contenuImg>
            <contenuImg CS="0.621" coul="1" lang="en" source="ibm">sage green color</contenuImg>
            <contenuImg CS="0.925" coul="1" lang="en" source="ibm">black color</contenuImg>
            <contenuImg CS="0.786" lang="en" source="ibm">vehicle</contenuImg>
            <contenuImg CS="0.5" lang="en" source="ibm">Museum (Indoor)</contenuImg>
            <contenuImg CS="0.8" lang="en" source="ibm">porch</contenuImg>
            <contenuImg CS="0.25" h="1136" lang="fr" source="yolo" w="296" x="1890" y="1493">personne</contenuImg>
            <contenuImg CS="0.25" h="1136" lang="en" source="yolo" w="296" x="1890" y="1493">person</contenuImg>
            <contenuImg CS="0.52" h="526" lang="en" source="yolo" w="386" x="1623" y="1303">person</contenuImg>
            <genre source="final">publicité</genre>
            <genre source="md">publicité</genre>
            <fonction source="final">repro/photo</fonction>
            <tech source="final">imp photoméca</tech>
            <fonction CS="0.62" source="TensorFlow">repro/photo</fonction>
            <tech CS="1" source="md">imp photoméca</tech>
            <leg>/a 25 J5P i Notice Franco sur dernande -c -.J .)/n b | Notice Franco sur demande ; ^tv-o ..J</leg>
            <txt>-Il i1 e7~l~  ~Àd~ , -iiiï~, 1 1 -1* v</txt>
          </ill>
        </ills>
      </page>
      <page hauteurPx="5067" largeurPx="3885" ordre="14">
        <nbMot>11</nbMot>
        <blocTexte>3</blocTexte>
        <blocTab>0</blocTab>
        <blocPub>1</blocPub>
        <blocIll ocr="1">1</blocIll>
        <ills>
          <ill classif="CCyolo CCibm" couleur="gris" h="3956" n="14-1" pub="1" taille="5" w="2862" x="615" y="370">
            <contenuImg CS="0.652" lang="fr" source="ibm">cloche</contenuImg>
            <contenuImg CS="0.652" lang="fr" source="ibm">revêtement de protection</contenuImg>
            <contenuImg CS="0.605" lang="fr" source="ibm">euryptéride (arthropode)</contenuImg>
            <contenuImg CS="0.605" lang="fr" source="ibm">invertébré</contenuImg>
            <contenuImg CS="0.605" lang="fr" source="ibm">animal</contenuImg>
            <contenuImg CS="0.5" lang="fr" source="ibm">bombe</contenuImg>
            <contenuImg CS="0.503" lang="fr" source="ibm">dispositif explosif</contenuImg>
            <contenuImg CS="0.597" lang="fr" source="ibm">boisson</contenuImg>
            <contenuImg CS="0.909" coul="1" lang="fr" source="ibm">vert bouteille</contenuImg>
            <contenuImg CS="0.595" coul="1" lang="fr" source="ibm">albâtre</contenuImg>
            <contenuImg CS="0.595" coul="1" lang="en" source="ibm">alabaster color</contenuImg>
            <contenuImg CS="0.909" coul="1" lang="en" source="ibm">bottle green color</contenuImg>
            <contenuImg CS="0.597" lang="en" source="ibm">beverage</contenuImg>
            <contenuImg CS="0.503" lang="en" source="ibm">explosive device</contenuImg>
            <contenuImg CS="0.5" lang="en" source="ibm">bomb</contenuImg>
            <contenuImg CS="0.605" lang="en" source="ibm">animal</contenuImg>
            <contenuImg CS="0.605" lang="en" source="ibm">invertebrate</contenuImg>
            <contenuImg CS="0.605" lang="en" source="ibm">eurypterid  (extint creature)</contenuImg>
            <contenuImg CS="0.652" lang="en" source="ibm">protective covering</contenuImg>
            <contenuImg CS="0.652" lang="en" source="ibm">bell jar</contenuImg>
            <contenuImg CS="0.41" h="2740" lang="fr" source="yolo" w="1053" x="970" y="623">personne</contenuImg>
            <contenuImg CS="0.41" h="2740" lang="en" source="yolo" w="1053" x="970" y="623">person</contenuImg>
            <genre source="final">publicité</genre>
            <genre source="md">publicité</genre>
            <fonction source="final">repro/dessin</fonction>
            <tech source="final">imp photoméca</tech>
            <fonction CS="0.87" source="TensorFlow">repro/dessin</fonction>
            <tech CS="1" source="md">imp photoméca</tech>
            <leg>a Germaine PARIS 24, Rue Pasquier PARIS</leg>
          </ill>
        </ills>
      </page>
      <page hauteurPx="5031" largeurPx="3757" ordre="15">
        <nbMot>774</nbMot>
        <blocTexte>31</blocTexte>
        <blocTab>13</blocTab>
        <blocPub>0</blocPub>
        <blocIll ocr="1">1</blocIll>
        <ills/>
      </page>
      <page hauteurPx="5045" largeurPx="3801" ordre="16">
        <nbMot>72</nbMot>
        <blocTexte>5</blocTexte>
        <blocTab>0</blocTab>
        <blocPub>0</blocPub>
        <blocIll ocr="1">1</blocIll>
        <ills/>
      </page>
      <page hauteurPx="5031" largeurPx="3759" ordre="17">
        <nbMot>397</nbMot>
        <blocTexte>12</blocTexte>
        <blocTab>0</blocTab>
        <blocPub>0</blocPub>
        <blocIll ocr="1">1</blocIll>
        <ills/>
      </page>
      <page hauteurPx="4977" largeurPx="3765" ordre="18">
        <nbMot>591</nbMot>
        <blocTexte>12</blocTexte>
        <blocTab>0</blocTab>
        <blocPub>0</blocPub>
        <blocIll ocr="2">2</blocIll>
        <ills/>
      </page>
      <page hauteurPx="5041" largeurPx="3771" ordre="19">
        <nbMot>584</nbMot>
        <blocTexte>12</blocTexte>
        <blocTab>0</blocTab>
        <blocPub>0</blocPub>
        <blocIll ocr="2">2</blocIll>
        <ills/>
      </page>
      <page hauteurPx="4965" largeurPx="3749" ordre="20">
        <nbMot>204</nbMot>
        <blocTexte>8</blocTexte>
        <blocTab>0</blocTab>
        <blocPub>0</blocPub>
        <blocIll ocr="3">3</blocIll>
        <ills/>
      </page>
      <page hauteurPx="5009" largeurPx="3729" ordre="21">
        <nbMot>536</nbMot>
        <blocTexte>12</blocTexte>
        <blocTab>0</blocTab>
        <blocPub>0</blocPub>
        <blocIll ocr="3">3</blocIll>
        <ills/>
      </page>
      <page hauteurPx="5041" largeurPx="3851" ordre="22">
        <nbMot>108</nbMot>
        <blocTexte>6</blocTexte>
        <blocTab>0</blocTab>
        <blocPub>0</blocPub>
        <blocIll ocr="2">2</blocIll>
        <ills/>
      </page>
      <page hauteurPx="5033" largeurPx="3761" ordre="23">
        <nbMot>69</nbMot>
        <blocTexte>6</blocTexte>
        <blocTab>0</blocTab>
        <blocPub>0</blocPub>
        <blocIll ocr="1">1</blocIll>
        <ills/>
      </page>
      <page hauteurPx="4941" largeurPx="3829" ordre="24">
        <nbMot>169</nbMot>
        <blocTexte>6</blocTexte>
        <blocTab>0</blocTab>
        <blocPub>0</blocPub>
        <blocIll ocr="3">3</blocIll>
        <ills/>
      </page>
      <page hauteurPx="5027" largeurPx="3753" ordre="25">
        <nbMot>482</nbMot>
        <blocTexte>17</blocTexte>
        <blocTab>0</blocTab>
        <blocPub>0</blocPub>
        <blocIll ocr="2">2</blocIll>
        <ills/>
      </page>
      <page hauteurPx="5031" largeurPx="3795" ordre="26">
        <nbMot>759</nbMot>
        <blocTexte>15</blocTexte>
        <blocTab>0</blocTab>
        <blocPub>0</blocPub>
        <blocIll ocr="4">4</blocIll>
        <ills/>
      </page>
      <page hauteurPx="5029" largeurPx="3755" ordre="27">
        <nbMot>649</nbMot>
        <blocTexte>15</blocTexte>
        <blocTab>0</blocTab>
        <blocPub>0</blocPub>
        <blocIll ocr="4">4</blocIll>
        <ills/>
      </page>
      <page hauteurPx="5025" largeurPx="3789" ordre="28">
        <nbMot>215</nbMot>
        <blocTexte>8</blocTexte>
        <blocTab>0</blocTab>
        <blocPub>0</blocPub>
        <blocIll ocr="1">1</blocIll>
        <ills/>
      </page>
      <page hauteurPx="5027" largeurPx="3751" ordre="29">
        <nbMot>976</nbMot>
        <blocTexte>16</blocTexte>
        <blocTab>0</blocTab>
        <blocPub>0</blocPub>
        <blocIll ocr="1">1</blocIll>
        <ills/>
      </page>
      <page hauteurPx="5023" largeurPx="3785" ordre="30">
        <nbMot>657</nbMot>
        <blocTexte>11</blocTexte>
        <blocTab>0</blocTab>
        <blocPub>0</blocPub>
        <blocIll ocr="3">3</blocIll>
        <ills/>
      </page>
      <page hauteurPx="5031" largeurPx="3721" ordre="31">
        <nbMot>661</nbMot>
        <blocTexte>11</blocTexte>
        <blocTab>0</blocTab>
        <blocPub>0</blocPub>
        <blocIll ocr="3">3</blocIll>
        <ills/>
      </page>
      <page hauteurPx="5049" largeurPx="3821" ordre="32">
        <nbMot>219</nbMot>
        <blocTexte>9</blocTexte>
        <blocTab>0</blocTab>
        <blocPub>0</blocPub>
        <blocIll ocr="1">1</blocIll>
        <ills/>
      </page>
      <page hauteurPx="5029" largeurPx="3719" ordre="33">
        <nbMot>185</nbMot>
        <blocTexte>7</blocTexte>
        <blocTab>0</blocTab>
        <blocPub>0</blocPub>
        <blocIll ocr="3">3</blocIll>
        <ills/>
      </page>
      <page hauteurPx="5079" largeurPx="3817" ordre="34">
        <nbMot>846</nbMot>
        <blocTexte>24</blocTexte>
        <blocTab>0</blocTab>
        <blocPub>0</blocPub>
        <blocIll ocr="2">2</blocIll>
        <ills/>
      </page>
      <page hauteurPx="5043" largeurPx="3739" ordre="35">
        <nbMot>713</nbMot>
        <blocTexte>18</blocTexte>
        <blocTab>0</blocTab>
        <blocPub>0</blocPub>
        <blocIll ocr="2">2</blocIll>
        <ills/>
      </page>
      <page hauteurPx="5037" largeurPx="3761" ordre="36">
        <nbMot>133</nbMot>
        <blocTexte>6</blocTexte>
        <blocTab>0</blocTab>
        <blocPub>0</blocPub>
        <blocIll ocr="3">3</blocIll>
        <ills/>
      </page>
      <page hauteurPx="5049" largeurPx="3747" ordre="37">
        <nbMot>160</nbMot>
        <blocTexte>10</blocTexte>
        <blocTab>0</blocTab>
        <blocPub>0</blocPub>
        <blocIll ocr="2">2</blocIll>
        <ills/>
      </page>
      <page hauteurPx="5105" largeurPx="3805" ordre="38">
        <nbMot>239</nbMot>
        <blocTexte>11</blocTexte>
        <blocTab>0</blocTab>
        <blocPub>0</blocPub>
        <blocIll ocr="2">2</blocIll>
        <ills/>
      </page>
      <page hauteurPx="5023" largeurPx="3711" ordre="39">
        <nbMot>247</nbMot>
        <blocTexte>11</blocTexte>
        <blocTab>0</blocTab>
        <blocPub>0</blocPub>
        <blocIll ocr="5">5</blocIll>
        <ills/>
      </page>
      <page hauteurPx="5095" largeurPx="3793" ordre="40">
        <nbMot>265</nbMot>
        <blocTexte>10</blocTexte>
        <blocTab>0</blocTab>
        <blocPub>0</blocPub>
        <blocIll ocr="5">5</blocIll>
        <ills/>
      </page>
      <page hauteurPx="5053" largeurPx="3753" ordre="41">
        <nbMot>118</nbMot>
        <blocTexte>11</blocTexte>
        <blocTab>0</blocTab>
        <blocPub>0</blocPub>
        <blocIll ocr="3">3</blocIll>
        <ills/>
      </page>
      <page hauteurPx="5017" largeurPx="3749" ordre="42">
        <nbMot>125</nbMot>
        <blocTexte>4</blocTexte>
        <blocTab>0</blocTab>
        <blocPub>0</blocPub>
        <blocIll ocr="1">1</blocIll>
        <ills/>
      </page>
      <page hauteurPx="5039" largeurPx="3733" ordre="43">
        <nbMot>1006</nbMot>
        <blocTexte>25</blocTexte>
        <blocTab>0</blocTab>
        <blocPub>0</blocPub>
        <ills/>
        <blocIll ocr="0">1</blocIll>
      </page>
      <page hauteurPx="5029" largeurPx="3763" ordre="44">
        <nbMot>751</nbMot>
        <blocTexte>16</blocTexte>
        <blocTab>0</blocTab>
        <blocPub>0</blocPub>
        <blocIll ocr="1">1</blocIll>
        <ills/>
      </page>
      <page hauteurPx="5009" largeurPx="3693" ordre="45">
        <nbMot>797</nbMot>
        <blocTexte>17</blocTexte>
        <blocTab>0</blocTab>
        <blocPub>0</blocPub>
        <blocIll ocr="3">3</blocIll>
        <ills/>
      </page>
      <page hauteurPx="5063" largeurPx="3809" ordre="46">
        <nbMot>685</nbMot>
        <blocTexte>17</blocTexte>
        <blocTab>0</blocTab>
        <blocPub>0</blocPub>
        <blocIll ocr="4">4</blocIll>
        <ills/>
      </page>
      <page hauteurPx="5035" largeurPx="3687" ordre="47">
        <nbMot>258</nbMot>
        <blocTexte>6</blocTexte>
        <blocTab>0</blocTab>
        <blocPub>0</blocPub>
        <blocIll ocr="1">5</blocIll>
        <ills/>
      </page>
      <page hauteurPx="5061" largeurPx="3711" ordre="48">
        <nbMot>335</nbMot>
        <blocTexte>13</blocTexte>
        <blocTab>0</blocTab>
        <blocPub>0</blocPub>
        <blocIll ocr="2">2</blocIll>
        <ills/>
      </page>
      <page hauteurPx="5025" largeurPx="3675" ordre="49">
        <nbMot>143</nbMot>
        <blocTexte>5</blocTexte>
        <blocTab>0</blocTab>
        <blocPub>0</blocPub>
        <blocIll ocr="3">3</blocIll>
        <ills/>
      </page>
      <page hauteurPx="5059" largeurPx="3759" ordre="50">
        <nbMot>188</nbMot>
        <blocTexte>17</blocTexte>
        <blocTab>0</blocTab>
        <blocPub>0</blocPub>
        <blocIll ocr="4">4</blocIll>
        <ills/>
      </page>
      <page hauteurPx="5025" largeurPx="3675" ordre="51">
        <nbMot>23</nbMot>
        <blocTexte>4</blocTexte>
        <blocTab>0</blocTab>
        <blocPub>0</blocPub>
        <blocIll ocr="1">1</blocIll>
        <ills/>
      </page>
      <page hauteurPx="5039" largeurPx="3745" ordre="52">
        <nbMot>371</nbMot>
        <blocTexte>17</blocTexte>
        <blocTab>0</blocTab>
        <blocPub>0</blocPub>
        <blocIll ocr="2">2</blocIll>
        <ills/>
      </page>
      <page hauteurPx="5025" largeurPx="3675" ordre="53">
        <nbMot>498</nbMot>
        <blocTexte>16</blocTexte>
        <blocTab>0</blocTab>
        <blocPub>0</blocPub>
        <blocIll ocr="2">2</blocIll>
        <ills/>
      </page>
      <page hauteurPx="5019" largeurPx="3753" ordre="54">
        <nbMot>455</nbMot>
        <blocTexte>18</blocTexte>
        <blocTab>0</blocTab>
        <blocPub>0</blocPub>
        <blocIll ocr="4">4</blocIll>
        <ills/>
      </page>
      <page hauteurPx="5033" largeurPx="3685" ordre="55">
        <nbMot>527</nbMot>
        <blocTexte>19</blocTexte>
        <blocTab>0</blocTab>
        <blocPub>0</blocPub>
        <blocIll ocr="6">6</blocIll>
        <ills/>
      </page>
      <page hauteurPx="5037" largeurPx="3773" ordre="56">
        <nbMot>592</nbMot>
        <blocTexte>16</blocTexte>
        <blocTab>0</blocTab>
        <blocPub>0</blocPub>
        <blocIll ocr="5">5</blocIll>
        <ills/>
      </page>
      <page hauteurPx="5009" largeurPx="3653" ordre="57">
        <nbMot>124</nbMot>
        <blocTexte>10</blocTexte>
        <blocTab>0</blocTab>
        <blocPub>0</blocPub>
        <blocIll ocr="2">2</blocIll>
        <ills/>
      </page>
      <page hauteurPx="4965" largeurPx="3687" ordre="58">
        <nbMot>155</nbMot>
        <blocTexte>7</blocTexte>
        <blocTab>0</blocTab>
        <blocPub>0</blocPub>
        <blocIll ocr="2">2</blocIll>
        <ills/>
      </page>
      <page hauteurPx="5025" largeurPx="3675" ordre="59">
        <nbMot>142</nbMot>
        <blocTexte>5</blocTexte>
        <blocTab>0</blocTab>
        <blocPub>0</blocPub>
        <blocIll ocr="1">2</blocIll>
        <ills/>
      </page>
      <page hauteurPx="5039" largeurPx="3709" ordre="60">
        <nbMot>225</nbMot>
        <blocTexte>11</blocTexte>
        <blocTab>0</blocTab>
        <blocPub>0</blocPub>
        <blocIll ocr="5">5</blocIll>
        <ills/>
      </page>
      <page hauteurPx="5025" largeurPx="3673" ordre="61">
        <nbMot>362</nbMot>
        <blocTexte>11</blocTexte>
        <blocTab>0</blocTab>
        <blocPub>0</blocPub>
        <blocIll ocr="6">6</blocIll>
        <ills/>
      </page>
      <page hauteurPx="5083" largeurPx="3769" ordre="62">
        <nbMot>184</nbMot>
        <blocTexte>9</blocTexte>
        <blocTab>0</blocTab>
        <blocPub>0</blocPub>
        <blocIll ocr="1">1</blocIll>
        <ills/>
      </page>
      <page hauteurPx="5037" largeurPx="3691" ordre="63">
        <nbMot>356</nbMot>
        <blocTexte>9</blocTexte>
        <blocTab>0</blocTab>
        <blocPub>7</blocPub>
        <ills>
          <ill classif="CCibm CCyolo" couleur="gris" edit="1" h="1422" n="63-1" pub="1" seg="1" source="hm" time="2021-01-11T19:27:44.42+01:00" w="1242" x="1164" y="455">
            <txt source="google">"| Service d'Information - VOGUE - de Caumartin - Rue Auber - B Malesherbes - Ruel Edouard VII - Rue Scribe - Place - Grand - Hotel - Place - B. des - do - Rue - Rue du Sert - 1/02 - Madeleine - Bd de la Madeleine Bould - des Capucines l'Opera Italiens - Rue de la Paix - Art de l'Opéra - ",</txt>
            <contenuImg CS="0.6" lang="fr" source="ibm">personne</contenuImg>
            <contenuImg CS="0.637" lang="fr" source="ibm">reine (cartes à jouer)</contenuImg>
            <contenuImg CS="0.547" lang="fr" source="ibm">tétraskèle</contenuImg>
            <contenuImg CS="0.5" lang="fr" source="ibm">stylo et encre</contenuImg>
            <contenuImg CS="0.565" coul="1" lang="fr" source="ibm">noir</contenuImg>
            <contenuImg CS="0.32" h="596" lang="fr" source="yolo" w="573" x="340" y="16">personne</contenuImg>
            <contenuImg CS="0.32" h="596" lang="en" source="yolo" w="573" x="340" y="16">person</contenuImg>
            <contenuImg CS="0.565" coul="1" lang="en" source="ibm">black color</contenuImg>
            <contenuImg CS="0.5" lang="en" source="ibm">pen-and-ink</contenuImg>
            <contenuImg CS="0.547" lang="en" source="ibm">tetraskelion</contenuImg>
            <contenuImg CS="0.637" lang="en" source="ibm">queen (playing cards)</contenuImg>
            <contenuImg CS="0.6" lang="en" source="ibm">person</contenuImg>
            <fonction source="final">repro/dessin</fonction>
            <fonction source="md">repro/dessin</fonction>
            <tech source="final">imp photoméca</tech>
            <tech source="md">imp photoméca</tech>
            <genre source="hm" time="2021-01-11T19:28:03.632+01:00">publicité</genre>
            <genre source="final">publicité</genre>
          </ill>
        </ills>
        <blocIll ocr="0">1</blocIll>
      </page>
      <page hauteurPx="5049" largeurPx="3723" ordre="64">
        <nbMot>1179</nbMot>
        <blocTexte>24</blocTexte>
        <blocTab>0</blocTab>
        <blocPub>8</blocPub>
        <blocIll ocr="1">2</blocIll>
        <ills>
          <ill classif="CCibm CCyolo" couleur="gris" edit="1" h="2065" n="64-2" pub="1" seg="1" source="hm" time="2021-01-11T19:28:07.776+01:00" w="1003" x="314" y="387">
            <txt source="google">"64 - DI - Rol - bla, - per! - ELI - PC - 20, - ARNOLD - ",</txt>
            <contenuImg CS="0.684" lang="fr" source="ibm">stylo et encre</contenuImg>
            <contenuImg CS="0.612" lang="fr" source="ibm">musée (intérieur)</contenuImg>
            <contenuImg CS="0.535" lang="fr" source="ibm">élamite (sculptures persanes)</contenuImg>
            <contenuImg CS="0.754" lang="fr" source="ibm">personne</contenuImg>
            <contenuImg CS="0.5" lang="fr" source="ibm">pointe d'argent</contenuImg>
            <contenuImg CS="0.885" coul="1" lang="fr" source="ibm">gris</contenuImg>
            <contenuImg CS="0.789" coul="1" lang="fr" source="ibm">gris cendré</contenuImg>
            <contenuImg CS="0.51" h="1980" lang="fr" source="yolo" w="943" x="26" y="43">personne</contenuImg>
            <contenuImg CS="0.51" h="1980" lang="en" source="yolo" w="943" x="26" y="43">person</contenuImg>
            <contenuImg CS="0.789" coul="1" lang="en" source="ibm">ash grey color</contenuImg>
            <contenuImg CS="0.885" coul="1" lang="en" source="ibm">gray color</contenuImg>
            <contenuImg CS="0.5" lang="en" source="ibm">silverpoint</contenuImg>
            <contenuImg CS="0.754" lang="en" source="ibm">person</contenuImg>
            <contenuImg CS="0.535" lang="en" source="ibm">Elamite (persian carvings/artifacts)</contenuImg>
            <contenuImg CS="0.612" lang="en" source="ibm">Museum (Indoor)</contenuImg>
            <contenuImg CS="0.684" lang="en" source="ibm">pen-and-ink</contenuImg>
            <fonction source="final">repro/dessin</fonction>
            <fonction source="md">repro/dessin</fonction>
            <tech source="final">imp photoméca</tech>
            <tech source="md">imp photoméca</tech>
            <genre source="hm" time="2021-01-11T19:28:29.108+01:00">publicité</genre>
            <genre source="final">publicité</genre>
          </ill>
        </ills>
      </page>
      <page hauteurPx="5009" largeurPx="3653" ordre="65">
        <nbMot>66</nbMot>
        <blocTexte>5</blocTexte>
        <blocTab>0</blocTab>
        <blocPub>4</blocPub>
        <ills>
          <ill classif="CCibm CCyolo" couleur="gris" edit="1" h="2203" n="65-1" pub="1" seg="1" source="hm" time="2021-01-11T19:28:35.692+01:00" w="3201" x="133" y="2596">
            <txt source="google">"· Essences · Poudres · Savons · Lotions. - L-T PIVER - AZURÉA - PARIS . - POMPEIA - GERBERA - FLORAMYE - oc - ",</txt>
            <contenuImg CS="0.677" lang="fr" source="ibm">roue à pignon</contenuImg>
            <contenuImg CS="0.677" lang="fr" source="ibm">roue</contenuImg>
            <contenuImg CS="0.677" lang="fr" source="ibm">machine</contenuImg>
            <contenuImg CS="0.677" lang="fr" source="ibm">dispositif mécanique</contenuImg>
            <contenuImg CS="0.55" lang="fr" source="ibm">linogravure</contenuImg>
            <contenuImg CS="0.5" lang="fr" source="ibm">dent (engrenage)</contenuImg>
            <contenuImg CS="0.595" lang="fr" source="ibm">presse écrite</contenuImg>
            <contenuImg CS="0.6" lang="fr" source="ibm">tissu</contenuImg>
            <contenuImg CS="0.83" coul="1" lang="fr" source="ibm">noir</contenuImg>
            <contenuImg CS="0.706" coul="1" lang="fr" source="ibm">noir charbon</contenuImg>
            <contenuImg y="1" CS="0.69" h="2266" lang="fr" source="yolo" w="3050" x="80">montre</contenuImg>
            <contenuImg y="1" CS="0.69" h="2266" lang="en" source="yolo" w="3050" x="80">clock</contenuImg>
            <contenuImg CS="0.706" coul="1" lang="en" source="ibm">coal black color</contenuImg>
            <contenuImg CS="0.83" coul="1" lang="en" source="ibm">black color</contenuImg>
            <contenuImg CS="0.6" lang="en" source="ibm">fabric</contenuImg>
            <contenuImg CS="0.595" lang="en" source="ibm">print media</contenuImg>
            <contenuImg CS="0.5" lang="en" source="ibm">cog</contenuImg>
            <contenuImg CS="0.55" lang="en" source="ibm">linocut design</contenuImg>
            <contenuImg CS="0.677" lang="en" source="ibm">mechanical device</contenuImg>
            <contenuImg CS="0.677" lang="en" source="ibm">machine</contenuImg>
            <contenuImg CS="0.677" lang="en" source="ibm">wheel</contenuImg>
            <contenuImg CS="0.677" lang="en" source="ibm">sprocket wheel</contenuImg>
            <fonction source="final">repro/dessin</fonction>
            <fonction source="md">repro/dessin</fonction>
            <tech source="final">imp photoméca</tech>
            <tech source="md">imp photoméca</tech>
            <genre source="hm" time="2021-01-11T19:29:08.673+01:00">publicité</genre>
            <genre source="final">publicité</genre>
          </ill>
          <ill classif="CCibm CCyolo" couleur="gris" edit="1" h="1052" n="65-2" pub="1" seg="1" source="hm" time="2021-01-11T19:28:50.942+01:00" w="2754" x="369" y="657">
            <txt source="google">"Exécuté - pour - M. A uguste - Hériot - nar - ",</txt>
            <contenuImg CS="0.881" lang="fr" source="ibm">coffre (de voiture)</contenuImg>
            <contenuImg CS="0.881" lang="fr" source="ibm">siège</contenuImg>
            <contenuImg CS="0.881" lang="fr" source="ibm">support</contenuImg>
            <contenuImg CS="0.5" lang="fr" source="ibm">voiture Ford modèle T</contenuImg>
            <contenuImg CS="0.562" lang="fr" source="ibm">voiture</contenuImg>
            <contenuImg CS="0.575" lang="fr" source="ibm">véhicule à roues</contenuImg>
            <contenuImg CS="0.579" lang="fr" source="ibm">véhicule</contenuImg>
            <contenuImg CS="0.983" coul="1" lang="fr" source="ibm">gris cendré</contenuImg>
            <contenuImg CS="0.34" h="973" lang="fr" source="yolo" w="2586" x="83" y="26">avion</contenuImg>
            <contenuImg CS="0.34" h="973" lang="en" source="yolo" w="2586" x="83" y="26">aeroplane</contenuImg>
            <contenuImg CS="0.983" coul="1" lang="en" source="ibm">ash grey color</contenuImg>
            <contenuImg CS="0.579" lang="en" source="ibm">vehicle</contenuImg>
            <contenuImg CS="0.575" lang="en" source="ibm">wheeled vehicle</contenuImg>
            <contenuImg CS="0.562" lang="en" source="ibm">car</contenuImg>
            <contenuImg CS="0.5" lang="en" source="ibm">Model T  car</contenuImg>
            <contenuImg CS="0.881" lang="en" source="ibm">support</contenuImg>
            <contenuImg CS="0.881" lang="en" source="ibm">seat</contenuImg>
            <contenuImg CS="0.881" lang="en" source="ibm">dickey (of car)</contenuImg>
            <fonction source="final">repro/dessin</fonction>
            <fonction source="md">repro/dessin</fonction>
            <tech source="final">imp photoméca</tech>
            <tech source="md">imp photoméca</tech>
            <genre source="hm" time="2021-01-11T19:29:06.71+01:00">publicité</genre>
            <genre source="final">publicité</genre>
          </ill>
        </ills>
        <blocIll ocr="0">2</blocIll>
      </page>
      <page hauteurPx="5079" largeurPx="3763" ordre="66">
        <nbMot>920</nbMot>
        <blocTexte>24</blocTexte>
        <blocTab>0</blocTab>
        <blocPub>5</blocPub>
        <blocIll ocr="1">3</blocIll>
        <ills>
          <ill classif="CCibm" couleur="gris" edit="1" h="1031" n="66-2" pub="1" seg="1" source="hm" time="2021-01-11T19:33:16.728+01:00" w="1538" x="317" y="2648">
            <txt source="google">"Clawdy - ",</txt>
            <contenuImg CS="0.836" lang="fr" source="ibm">pointe d'argent</contenuImg>
            <contenuImg CS="0.775" lang="fr" source="ibm">salle d'étude</contenuImg>
            <contenuImg CS="0.5" lang="fr" source="ibm">stylo et encre</contenuImg>
            <contenuImg CS="0.786" lang="fr" source="ibm">tissu</contenuImg>
            <contenuImg CS="0.899" coul="1" lang="fr" source="ibm">sauge</contenuImg>
            <contenuImg CS="0.6" coul="1" lang="fr" source="ibm">ivoire (couleur)</contenuImg>
            <contenuImg CS="0.6" coul="1" lang="en" source="ibm">ivory color</contenuImg>
            <contenuImg CS="0.899" coul="1" lang="en" source="ibm">sage green color</contenuImg>
            <contenuImg CS="0.786" lang="en" source="ibm">fabric</contenuImg>
            <contenuImg CS="0.5" lang="en" source="ibm">pen-and-ink</contenuImg>
            <contenuImg CS="0.775" lang="en" source="ibm">study</contenuImg>
            <contenuImg CS="0.836" lang="en" source="ibm">silverpoint</contenuImg>
            <fonction source="final">repro/dessin</fonction>
            <fonction source="md">repro/dessin</fonction>
            <tech source="final">imp photoméca</tech>
            <tech source="md">imp photoméca</tech>
            <genre source="hm" time="2021-01-11T19:33:42.23+01:00">publicité</genre>
            <genre source="final">publicité</genre>
          </ill>
          <ill classif="CCibm CCyolo" couleur="gris" edit="1" h="1258" n="66-3" pub="1" seg="1" source="hm" time="2021-01-11T19:33:29.673+01:00" w="961" x="601" y="420">
            <txt source="google">"OK - ",</txt>
            <contenuImg CS="0.774" lang="fr" source="ibm">télégraphie sans fil</contenuImg>
            <contenuImg CS="0.774" lang="fr" source="ibm">télécommunication</contenuImg>
            <contenuImg CS="0.519" lang="fr" source="ibm">appareil à gaz</contenuImg>
            <contenuImg CS="0.5" lang="fr" source="ibm">machine de von Neumann</contenuImg>
            <contenuImg CS="0.5" lang="fr" source="ibm">ordinateur numérique</contenuImg>
            <contenuImg CS="0.501" lang="fr" source="ibm">ordinateur</contenuImg>
            <contenuImg CS="0.503" lang="fr" source="ibm">machine</contenuImg>
            <contenuImg CS="0.599" lang="fr" source="ibm">équipement électronique</contenuImg>
            <contenuImg CS="0.6" lang="fr" source="ibm">pièce</contenuImg>
            <contenuImg CS="0.824" coul="1" lang="fr" source="ibm">gris</contenuImg>
            <contenuImg CS="0.783" coul="1" lang="fr" source="ibm">albâtre</contenuImg>
            <contenuImg CS="0.98" h="543" lang="fr" source="yolo" w="386" x="403" y="703">chaise</contenuImg>
            <contenuImg CS="0.31" h="106" lang="fr" source="yolo" w="60" x="243" y="553">vase</contenuImg>
            <contenuImg CS="0.31" h="106" lang="en" source="yolo" w="60" x="243" y="553">vase</contenuImg>
            <contenuImg CS="0.98" h="543" lang="en" source="yolo" w="386" x="403" y="703">chair</contenuImg>
            <contenuImg CS="0.783" coul="1" lang="en" source="ibm">alabaster color</contenuImg>
            <contenuImg CS="0.824" coul="1" lang="en" source="ibm">gray color</contenuImg>
            <contenuImg CS="0.6" lang="en" source="ibm">room</contenuImg>
            <contenuImg CS="0.599" lang="en" source="ibm">electronic equipment</contenuImg>
            <contenuImg CS="0.503" lang="en" source="ibm">machine</contenuImg>
            <contenuImg CS="0.501" lang="en" source="ibm">computer</contenuImg>
            <contenuImg CS="0.5" lang="en" source="ibm">digital computer</contenuImg>
            <contenuImg CS="0.5" lang="en" source="ibm">von Neumann machine</contenuImg>
            <contenuImg CS="0.519" lang="en" source="ibm">gas fixture</contenuImg>
            <contenuImg CS="0.774" lang="en" source="ibm">telecommunication</contenuImg>
            <contenuImg CS="0.774" lang="en" source="ibm">wireless telegraphy</contenuImg>
            <fonction source="final">repro/dessin</fonction>
            <fonction source="md">repro/dessin</fonction>
            <tech source="final">imp photoméca</tech>
            <tech source="md">imp photoméca</tech>
            <genre source="hm" time="2021-01-11T19:33:44.353+01:00">publicité</genre>
            <genre source="final">publicité</genre>
          </ill>
        </ills>
      </page>
      <page hauteurPx="5057" largeurPx="3653" ordre="67">
        <nbMot>86</nbMot>
        <blocTexte>5</blocTexte>
        <blocTab>0</blocTab>
        <blocPub>4</blocPub>
        <ills>
          <ill classif="CCibm CCyolo" couleur="gris" edit="1" h="2292" n="67-1" pub="1" seg="1" source="hm" time="2021-01-11T19:32:54.704+01:00" w="1842" x="884" y="641">
            <txt source="google">"DOA - ",</txt>
            <contenuImg CS="0.721" lang="fr" source="ibm">suffragette</contenuImg>
            <contenuImg CS="0.721" lang="fr" source="ibm">personne</contenuImg>
            <contenuImg CS="0.595" lang="fr" source="ibm">pièce</contenuImg>
            <contenuImg CS="0.851" coul="1" lang="fr" source="ibm">gris cendré</contenuImg>
            <contenuImg CS="0.564" coul="1" lang="fr" source="ibm">sauge</contenuImg>
            <contenuImg CS="0.88" h="2126" lang="fr" source="yolo" w="1806" x="3" y="126">personne</contenuImg>
            <contenuImg CS="0.88" h="2126" lang="en" source="yolo" w="1806" x="3" y="126">person</contenuImg>
            <contenuImg CS="0.564" coul="1" lang="en" source="ibm">sage green color</contenuImg>
            <contenuImg CS="0.851" coul="1" lang="en" source="ibm">ash grey color</contenuImg>
            <contenuImg CS="0.595" lang="en" source="ibm">room</contenuImg>
            <contenuImg CS="0.721" lang="en" source="ibm">person</contenuImg>
            <contenuImg CS="0.721" lang="en" source="ibm">women's voting rights activist</contenuImg>
            <fonction source="final">repro/dessin</fonction>
            <fonction source="md">repro/dessin</fonction>
            <tech source="final">imp photoméca</tech>
            <tech source="md">imp photoméca</tech>
            <genre source="hm" time="2021-01-11T19:33:53.549+01:00">publicité</genre>
            <genre source="final">publicité</genre>
          </ill>
        </ills>
        <blocIll ocr="0">1</blocIll>
      </page>
      <page hauteurPx="5025" largeurPx="3689" ordre="68">
        <nbMot>1131</nbMot>
        <blocTexte>28</blocTexte>
        <blocTab>0</blocTab>
        <blocPub>10</blocPub>
        <blocIll ocr="3">4</blocIll>
        <ills>
          <ill classif="CCyolo CCibm" couleur="gris" edit="1" h="411" n="68-1" pub="1" taille="0" w="448" x="380" y="1712">
            <contenuImg CS="0.851" lang="fr" source="ibm">jeton</contenuImg>
            <contenuImg CS="0.937" lang="fr" source="ibm">cercle</contenuImg>
            <contenuImg CS="0.556" lang="fr" source="ibm">jeton de métro</contenuImg>
            <contenuImg CS="0.801" lang="fr" source="ibm">disque</contenuImg>
            <contenuImg CS="0.98" coul="1" lang="fr" source="ibm">gris</contenuImg>
            <contenuImg CS="0.98" coul="1" lang="en" source="ibm">gray color</contenuImg>
            <contenuImg CS="0.801" lang="en" source="ibm">disk</contenuImg>
            <contenuImg CS="0.556" lang="en" source="ibm">subway token</contenuImg>
            <contenuImg CS="0.937" lang="en" source="ibm">circle</contenuImg>
            <contenuImg CS="0.851" lang="en" source="ibm">token</contenuImg>
            <contenuImg CS="0.59" h="403" lang="fr" source="yolo" w="410" x="16" y="0">frisbee</contenuImg>
            <contenuImg CS="0.59" h="403" lang="en" source="yolo" w="410" x="16" y="0">frisbee</contenuImg>
            <fonction source="final">repro/dessin</fonction>
            <tech source="final">imp photoméca</tech>
            <fonction CS="0.51" source="TensorFlow">repro/dessin</fonction>
            <tech CS="1" source="md">imp photoméca</tech>
            <leg>1 Tout vrai Vêtement NICOLL est signé de cette griffe.</leg>
            <txt>En la circonstance le confort et le pratique sont à considérer comme indispensables, ce que NICOLL a su allier à toutes les autres qualités de ce qu il crée. NICOLL a en effet prévu les diverses nécessités de la saison et s est appliqué à répondre à chaque occasion en créant des modèles spéciaux qui, par leur ligne, leurs tissus ravissants, 1 élégance et le bon goût, qui les caracté risent tous, sont l idéal pour cet été.</txt>
            <genre source="hm" time="2020-11-01T16:40:53.804+01:00">publicité</genre>
            <genre source="final">publicité</genre>
          </ill>
          <ill classif="CCyolo CCibm" couleur="gris" edit="1" h="1426" n="68-2" pub="1" taille="0" w="778" x="997" y="510">
            <contenuImg CS="0.941" lang="fr" source="ibm">salle d'étude</contenuImg>
            <contenuImg CS="0.656" lang="fr" source="ibm">stylo et encre</contenuImg>
            <contenuImg CS="0.933" coul="1" lang="fr" source="ibm">gris</contenuImg>
            <contenuImg CS="0.931" coul="1" lang="fr" source="ibm">gris cendré</contenuImg>
            <contenuImg CS="0.931" coul="1" lang="en" source="ibm">ash grey color</contenuImg>
            <contenuImg CS="0.933" coul="1" lang="en" source="ibm">gray color</contenuImg>
            <contenuImg CS="0.656" lang="en" source="ibm">pen-and-ink</contenuImg>
            <contenuImg CS="0.941" lang="en" source="ibm">study</contenuImg>
            <contenuImg CS="0.55" h="1356" lang="fr" source="yolo" w="586" x="93" y="30">personne</contenuImg>
            <contenuImg CS="0.55" h="1356" lang="en" source="yolo" w="586" x="93" y="30">person</contenuImg>
            <fonction source="final">repro/dessin</fonction>
            <tech source="final">imp photoméca</tech>
            <fonction CS="0.98" source="TensorFlow">repro/dessin</fonction>
            <tech CS="1" source="md">imp photoméca</tech>
            <leg>Ce manteau a une grande élégance 1 par sa simplicité de ligne. Exécuté H en tissu moelleux et souple, il est très I distingué pour la ville et très pratique I pour le voyage. En cuir c est le vêteI ment parfait pour l auto ; son col H transformable est alors très apprécié.</leg>
            <txt>1 Tout vrai Vêtement NICOLL est signé de cette griffe. En la circonstance le confort et le pratique sont à considérer comme indispensables, ce que NICOLL a su allier à toutes les autres qualités de ce qu il crée.</txt>
            <genre source="hm" time="2021-01-11T19:29:20.93+01:00">publicité</genre>
            <genre source="final">publicité</genre>
          </ill>
          <ill classif="CCibm CCyolo" couleur="gris" edit="1" h="1018" n="68-4" pub="1" seg="1" source="hm" time="2021-01-11T19:29:25.528+01:00" w="1249" x="303" y="3198">
            <txt source="google">"\"STUDIO\"\\\"ANSCO\"\u003eKODAK\" GAUMONT\" - FORMAT 4 x 6 Va - Pour DEBUTANTS - 6/9 x 9 9x12 - Prix depuis 55 frs. - \"PLAIT\" - LEVEST POCKET \"ANSCO\" LEVEST POCKET\"KODAK\" LES STÉRÉOSPIDOS 6x13 - Mootut Bois Gaine Prix depuis 1400 ft - Prix depuis 11 0 frs Prix depuis 100 frs Mostle MÉTALLIQUE. Prir depuis 525 fr. - VÉRASCOPE RICHARD - FORMAT - 45x107 - LE JUNIOR \"ANSCo\" LES BROWNIES PLIANTS\" KODAK\" - Prix depuis 140 frs Prix depuis 140 frs. - FORMAT OX9 - FOLDINGS 6/2x941 9x12 - Prix depuis 110 frs. - \"PLATOS - FORMATS 6x9 - 6/11 - 8x14 - Prix depuis 475 frs - LONTOSCOPE - FORMATS 45 x 107 ET 6x13 - MH@O - LEVEST Pocker ANSCO \"DE LUXE LES\"KODAK \"JUNIORS - Formats 6Y2 x 9 ET 9x12 - FORMA - BX9 - FORMATS 6x9 T 672x11 - ",</txt>
            <contenuImg CS="0.969" lang="fr" source="ibm">timbre papier</contenuImg>
            <contenuImg CS="0.969" lang="fr" source="ibm">document écrit</contenuImg>
            <contenuImg CS="0.797" lang="fr" source="ibm">presse écrite</contenuImg>
            <contenuImg CS="0.664" coul="1" lang="fr" source="ibm">vert olive</contenuImg>
            <contenuImg CS="0.618" coul="1" lang="fr" source="ibm">sauge</contenuImg>
            <contenuImg CS="0.31" h="113" lang="fr" source="yolo" w="60" x="480" y="120">téléphone mobile</contenuImg>
            <contenuImg CS="0.31" h="113" lang="en" source="yolo" w="60" x="480" y="120">cell phone</contenuImg>
            <contenuImg CS="0.49" h="190" lang="en" source="yolo" w="93" x="393" y="76">cell phone</contenuImg>
            <contenuImg CS="0.84" h="180" lang="en" source="yolo" w="80" x="803" y="83">cell phone</contenuImg>
            <contenuImg CS="0.618" coul="1" lang="en" source="ibm">sage green color</contenuImg>
            <contenuImg CS="0.664" coul="1" lang="en" source="ibm">olive green color</contenuImg>
            <contenuImg CS="0.797" lang="en" source="ibm">print media</contenuImg>
            <contenuImg CS="0.969" lang="en" source="ibm">written document</contenuImg>
            <contenuImg CS="0.969" lang="en" source="ibm">paper-based stamps/currency</contenuImg>
            <fonction source="final">repro/dessin</fonction>
            <fonction source="md">repro/dessin</fonction>
            <tech source="final">imp photoméca</tech>
            <tech source="md">imp photoméca</tech>
            <genre source="hm" time="2021-01-11T19:29:53.465+01:00">publicité</genre>
            <genre source="final">publicité</genre>
          </ill>
        </ills>
      </page>
      <page hauteurPx="5083" largeurPx="3689" ordre="69">
        <nbMot>243</nbMot>
        <blocTexte>17</blocTexte>
        <blocTab>0</blocTab>
        <blocPub>16</blocPub>
        <ills>
          <ill classif="CCibm CCyolo" couleur="gris" edit="1" h="893" n="69-1" pub="1" seg="1" source="hm" time="2021-01-11T19:30:56.29+01:00" w="524" x="1905" y="2634">
            <txt source="google">"S - 62 - ",</txt>
            <contenuImg CS="0.907" lang="fr" source="ibm">salle d'étude</contenuImg>
            <contenuImg CS="0.5" lang="fr" source="ibm">carte</contenuImg>
            <contenuImg CS="0.797" lang="fr" source="ibm">câble</contenuImg>
            <contenuImg CS="0.778" lang="fr" source="ibm">cellule</contenuImg>
            <contenuImg CS="0.933" coul="1" lang="fr" source="ibm">gris</contenuImg>
            <contenuImg CS="0.32" h="870" lang="fr" source="yolo" w="503" x="6" y="6">personne</contenuImg>
            <contenuImg CS="0.32" h="870" lang="en" source="yolo" w="503" x="6" y="6">person</contenuImg>
            <contenuImg CS="0.933" coul="1" lang="en" source="ibm">gray color</contenuImg>
            <contenuImg CS="0.778" lang="en" source="ibm">cell</contenuImg>
            <contenuImg CS="0.797" lang="en" source="ibm">wire</contenuImg>
            <contenuImg CS="0.5" lang="en" source="ibm">map</contenuImg>
            <contenuImg CS="0.907" lang="en" source="ibm">study</contenuImg>
            <fonction source="final">repro/dessin</fonction>
            <fonction source="md">repro/dessin</fonction>
            <tech source="final">imp photoméca</tech>
            <tech source="md">imp photoméca</tech>
            <genre source="hm" time="2021-01-11T19:32:45.288+01:00">publicité</genre>
            <genre source="final">publicité</genre>
          </ill>
          <ill classif="CCibm" couleur="gris" edit="1" h="1075" n="69-2" pub="1" seg="1" source="hm" time="2021-01-11T19:32:11.087+01:00" w="776" x="1965" y="1221">
            <txt source="google">"27, Bould D - ",</txt>
            <contenuImg CS="0.819" lang="fr" source="ibm">salle d'étude</contenuImg>
            <contenuImg CS="0.5" lang="fr" source="ibm">tendeur</contenuImg>
            <contenuImg CS="0.511" lang="fr" source="ibm">ouvre-boîte</contenuImg>
            <contenuImg CS="0.511" lang="fr" source="ibm">outil</contenuImg>
            <contenuImg CS="0.806" coul="1" lang="fr" source="ibm">gris</contenuImg>
            <contenuImg CS="0.806" coul="1" lang="en" source="ibm">gray color</contenuImg>
            <contenuImg CS="0.511" lang="en" source="ibm">tool</contenuImg>
            <contenuImg CS="0.511" lang="en" source="ibm">opener</contenuImg>
            <contenuImg CS="0.5" lang="en" source="ibm">bottle screw</contenuImg>
            <contenuImg CS="0.819" lang="en" source="ibm">study</contenuImg>
            <fonction source="final">repro/dessin</fonction>
            <fonction source="md">repro/dessin</fonction>
            <tech source="final">imp photoméca</tech>
            <tech source="md">imp photoméca</tech>
            <genre source="hm" time="2021-01-11T19:32:46.931+01:00">publicité</genre>
            <genre source="final">publicité</genre>
          </ill>
          <ill classif="CCibm CCyolo" couleur="gris" edit="1" h="1682" n="69-3" pub="1" seg="1" source="hm" time="2021-01-11T19:32:25.949+01:00" w="1524" x="198" y="2608">
            <txt source="google">"Pochette soie Birmane - (Exclusil) - Pochette satin citron, - garniture onyx - Sac satin blanc, - garniture onyx - MODÈLES - D'ÉTÉ - ",</txt>
            <contenuImg CS="0.751" lang="fr" source="ibm">pochette de soiré</contenuImg>
            <contenuImg CS="0.656" lang="fr" source="ibm">réticule (sac à main)</contenuImg>
            <contenuImg CS="0.5" lang="fr" source="ibm">sac à main</contenuImg>
            <contenuImg CS="0.577" lang="fr" source="ibm">sac</contenuImg>
            <contenuImg CS="0.982" coul="1" lang="fr" source="ibm">gris</contenuImg>
            <contenuImg CS="0.739" coul="1" lang="fr" source="ibm">gris cendré</contenuImg>
            <contenuImg CS="0.27" h="1683" lang="fr" source="yolo" w="1493" x="10" y="10">réfrigérateur</contenuImg>
            <contenuImg CS="0.27" h="1683" lang="en" source="yolo" w="1493" x="10" y="10">refrigerator</contenuImg>
            <contenuImg CS="0.739" coul="1" lang="en" source="ibm">ash grey color</contenuImg>
            <contenuImg CS="0.982" coul="1" lang="en" source="ibm">gray color</contenuImg>
            <contenuImg CS="0.577" lang="en" source="ibm">bag</contenuImg>
            <contenuImg CS="0.5" lang="en" source="ibm">purse</contenuImg>
            <contenuImg CS="0.656" lang="en" source="ibm">reticule (handbag)</contenuImg>
            <contenuImg CS="0.901" lang="en" source="ibm">handbag</contenuImg>
            <contenuImg CS="0.751" lang="en" source="ibm">evening bag</contenuImg>
            <fonction source="final">repro/dessin</fonction>
            <fonction source="md">repro/dessin</fonction>
            <tech source="final">imp photoméca</tech>
            <tech source="md">imp photoméca</tech>
            <genre source="hm" time="2021-01-11T19:32:43.428+01:00">publicité</genre>
            <genre source="final">publicité</genre>
          </ill>
        </ills>
        <blocIll ocr="0">3</blocIll>
      </page>
      <page hauteurPx="5035" largeurPx="3703" ordre="70">
        <nbMot>1108</nbMot>
        <blocTexte>34</blocTexte>
        <blocTab>0</blocTab>
        <blocPub>13</blocPub>
        <blocIll ocr="3">4</blocIll>
        <ills>
          <ill classif="CCyolo CCibm" couleur="gris" edit="1" h="1142" n="70-1" pub="1" taille="0" w="710" x="274" y="642">
            <contenuImg CS="0.901" lang="fr" source="ibm">salle d'étude</contenuImg>
            <contenuImg CS="0.632" lang="fr" source="ibm">pointe d'argent</contenuImg>
            <contenuImg CS="0.5" lang="fr" source="ibm">stylo et encre</contenuImg>
            <contenuImg CS="0.894" coul="1" lang="fr" source="ibm">gris cendré</contenuImg>
            <contenuImg CS="0.712" coul="1" lang="fr" source="ibm">gris</contenuImg>
            <contenuImg CS="0.712" coul="1" lang="en" source="ibm">gray color</contenuImg>
            <contenuImg CS="0.894" coul="1" lang="en" source="ibm">ash grey color</contenuImg>
            <contenuImg CS="0.5" lang="en" source="ibm">pen-and-ink</contenuImg>
            <contenuImg CS="0.632" lang="en" source="ibm">silverpoint</contenuImg>
            <contenuImg CS="0.901" lang="en" source="ibm">study</contenuImg>
            <contenuImg CS="0.37" h="230" lang="fr" source="yolo" w="40" x="666" y="126">raquette de tennis</contenuImg>
            <contenuImg CS="0.37" h="230" lang="en" source="yolo" w="40" x="666" y="126">tennis racket</contenuImg>
            <fonction source="final">repro/dessin</fonction>
            <tech source="final">imp photoméca</tech>
            <fonction CS="0.96" source="TensorFlow">repro/dessin</fonction>
            <tech CS="1" source="md">imp photoméca</tech>
            <leg>de BERTHE BARREÏROS 4, RUE DES CAPUCINES angle de la rue de la Paix PARIS</leg>
            <txt>LES ENVELOPPEMENTS ÉLÉGANTS 56 VOGUE</txt>
            <genre source="hm" time="2020-11-01T16:41:11.44+01:00">publicité</genre>
            <genre source="final">publicité</genre>
          </ill>
          <ill classif="CCibm" couleur="gris" h="443" n="70-3" pub="1" taille="0" w="442" x="2992" y="1216">
            <contenuImg CS="0.794" lang="fr" source="ibm">écusson d'épaule</contenuImg>
            <contenuImg CS="0.883" lang="fr" source="ibm">tissu</contenuImg>
            <contenuImg CS="0.558" lang="fr" source="ibm">pièce</contenuImg>
            <contenuImg CS="0.5" lang="fr" source="ibm">brassard</contenuImg>
            <contenuImg CS="0.504" lang="fr" source="ibm">assiette</contenuImg>
            <contenuImg CS="0.508" lang="fr" source="ibm">bouclier</contenuImg>
            <contenuImg CS="0.508" lang="fr" source="ibm">revêtement de protection</contenuImg>
            <contenuImg CS="0.797" lang="fr" source="ibm">ustensile</contenuImg>
            <contenuImg CS="0.943" coul="1" lang="fr" source="ibm">vert olive</contenuImg>
            <contenuImg CS="0.943" coul="1" lang="en" source="ibm">olive green color</contenuImg>
            <contenuImg CS="0.797" lang="en" source="ibm">utensil</contenuImg>
            <contenuImg CS="0.508" lang="en" source="ibm">protective covering</contenuImg>
            <contenuImg CS="0.508" lang="en" source="ibm">shield</contenuImg>
            <contenuImg CS="0.504" lang="en" source="ibm">plate</contenuImg>
            <contenuImg CS="0.5" lang="en" source="ibm">brassard (armour)</contenuImg>
            <contenuImg CS="0.558" lang="en" source="ibm">patch</contenuImg>
            <contenuImg CS="0.883" lang="en" source="ibm">fabric</contenuImg>
            <contenuImg CS="0.794" lang="en" source="ibm">shoulder patch</contenuImg>
            <genre source="final">publicité</genre>
            <genre source="md">publicité</genre>
            <fonction source="final">repro/dessin</fonction>
            <tech source="final">imp photoméca</tech>
            <fonction CS="0.90" source="TensorFlow">repro/dessin</fonction>
            <tech CS="1" source="md">imp photoméca</tech>
            <leg>SIÈGE SOCIAL : Lyon, 14/16, Rue Tronchet MAISONS DE VENTE : Paris, 119, Rue Réaumur Tél. : Centr. 33-18 Louvre 41-59 Londres, 33, Old Change New-York, 72-94 Madison Av. (Ne vendent pas à la clientèle particulière.) AVERTISSEMENT POUR LE COPYRIGHT</leg>
            <txt>DESCOURS   GENTHON Soieries Société Anonyme au Capital de 6.000.000 de francs 8 Fabricants de Mousselines, Crêpes Tissus Nouveautés Façonnés et Imprimés J. R. F.</txt>
          </ill>
          <ill classif="CCibm CCyolo" couleur="gris" edit="1" h="2195" n="70-4" pub="1" seg="1" source="hm" time="2021-01-11T19:30:06.36+01:00" w="803" x="219" y="2524">
            <txt source="google">"un - E - M - M - E - RIGAUD - 16, Rue de la Paix, - ",</txt>
            <contenuImg CS="0.78" lang="fr" source="ibm">personne</contenuImg>
            <contenuImg CS="0.835" lang="fr" source="ibm">journal de classe</contenuImg>
            <contenuImg CS="0.846" lang="fr" source="ibm">journal</contenuImg>
            <contenuImg CS="0.846" lang="fr" source="ibm">média</contenuImg>
            <contenuImg CS="0.768" lang="fr" source="ibm">couverture de livre</contenuImg>
            <contenuImg CS="0.768" lang="fr" source="ibm">emballage</contenuImg>
            <contenuImg CS="0.801" lang="fr" source="ibm">presse écrite</contenuImg>
            <contenuImg CS="0.8" coul="1" lang="fr" source="ibm">gris</contenuImg>
            <contenuImg CS="0.583" coul="1" lang="fr" source="ibm">albâtre</contenuImg>
            <contenuImg CS="0.45" h="1116" lang="fr" source="yolo" w="683" x="70" y="590">personne</contenuImg>
            <contenuImg CS="0.45" h="1116" lang="en" source="yolo" w="683" x="70" y="590">person</contenuImg>
            <contenuImg CS="0.583" coul="1" lang="en" source="ibm">alabaster color</contenuImg>
            <contenuImg CS="0.8" coul="1" lang="en" source="ibm">gray color</contenuImg>
            <contenuImg CS="0.801" lang="en" source="ibm">print media</contenuImg>
            <contenuImg CS="0.768" lang="en" source="ibm">wrapping</contenuImg>
            <contenuImg CS="0.768" lang="en" source="ibm">book jacket</contenuImg>
            <contenuImg CS="0.846" lang="en" source="ibm">medium</contenuImg>
            <contenuImg CS="0.846" lang="en" source="ibm">newspaper</contenuImg>
            <contenuImg CS="0.835" lang="en" source="ibm">school newspaper</contenuImg>
            <contenuImg CS="0.78" lang="en" source="ibm">person</contenuImg>
            <fonction source="final">repro/dessin</fonction>
            <fonction source="md">repro/dessin</fonction>
            <tech source="final">imp photoméca</tech>
            <tech source="md">imp photoméca</tech>
            <genre source="hm" time="2021-01-11T19:30:22.477+01:00">publicité</genre>
            <genre source="final">publicité</genre>
          </ill>
        </ills>
      </page>
      <page hauteurPx="5073" largeurPx="3635" ordre="71">
        <nbMot>3</nbMot>
        <blocTexte>1</blocTexte>
        <blocTab>0</blocTab>
        <blocPub>1</blocPub>
        <ills>
          <ill classif="CCibm" couleur="gris" edit="1" h="4316" n="71-1" pub="1" seg="1" source="hm" time="2021-01-11T19:30:29.686+01:00" w="3266" x="113" y="318">
            <txt source="google">"brine Corgette - Crére forrigan - bamboo - repe - Créés et fabriquos - exclusivement par: - BIANCHINI FERIER - 24 bis Avenue del Opéra - el - Exigez les - de votre Couturiere - BA - R115) - 2011 - ",</txt>
            <contenuImg CS="0.833" lang="fr" source="ibm">gazette</contenuImg>
            <contenuImg CS="0.854" lang="fr" source="ibm">journal</contenuImg>
            <contenuImg CS="0.854" lang="fr" source="ibm">média</contenuImg>
            <contenuImg CS="0.801" lang="fr" source="ibm">presse écrite</contenuImg>
            <contenuImg CS="0.787" lang="fr" source="ibm">tissu</contenuImg>
            <contenuImg CS="1" coul="1" lang="fr" source="ibm">gris</contenuImg>
            <contenuImg CS="1" coul="1" lang="en" source="ibm">gray color</contenuImg>
            <contenuImg CS="0.787" lang="en" source="ibm">fabric</contenuImg>
            <contenuImg CS="0.801" lang="en" source="ibm">print media</contenuImg>
            <contenuImg CS="0.854" lang="en" source="ibm">medium</contenuImg>
            <contenuImg CS="0.854" lang="en" source="ibm">newspaper</contenuImg>
            <contenuImg CS="0.833" lang="en" source="ibm">gazette</contenuImg>
            <fonction source="final">repro/dessin</fonction>
            <fonction source="md">repro/dessin</fonction>
            <tech source="final">imp photoméca</tech>
            <tech source="md">imp photoméca</tech>
            <genre source="hm" time="2021-01-11T19:30:45.931+01:00">publicité</genre>
            <genre source="final">publicité</genre>
          </ill>
        </ills>
        <blocIll ocr="0">1</blocIll>
      </page>
      <page hauteurPx="5049" largeurPx="3721" ordre="72">
        <nbMot>47</nbMot>
        <blocTexte>3</blocTexte>
        <blocTab>0</blocTab>
        <blocPub>2</blocPub>
        <ills>
          <ill classif="CCibm" couleur="gris" edit="1" h="3872" n="72-1" pub="1" seg="1" source="hm" time="2021-01-11T19:34:02.905+01:00" w="3029" x="235" y="570">
            <txt source="google">"CONDUITE INTERRE - TROIS PLACES - NULN - USINES CITROËN, - QUAI DE JAVEL - 115 - 143, - PARIS - ",</txt>
            <contenuImg CS="0.804" lang="fr" source="ibm">tribunal</contenuImg>
            <contenuImg CS="0.856" lang="fr" source="ibm">bâtiment</contenuImg>
            <contenuImg CS="0.5" lang="fr" source="ibm">immeuble de bureaux</contenuImg>
            <contenuImg CS="0.798" lang="fr" source="ibm">silhouette</contenuImg>
            <contenuImg CS="0.795" lang="fr" source="ibm">pièce</contenuImg>
            <contenuImg CS="0.991" coul="1" lang="fr" source="ibm">gris</contenuImg>
            <contenuImg CS="0.991" coul="1" lang="en" source="ibm">gray color</contenuImg>
            <contenuImg CS="0.795" lang="en" source="ibm">room</contenuImg>
            <contenuImg CS="0.798" lang="en" source="ibm">figure</contenuImg>
            <contenuImg CS="0.5" lang="en" source="ibm">office building</contenuImg>
            <contenuImg CS="0.856" lang="en" source="ibm">building</contenuImg>
            <contenuImg CS="0.804" lang="en" source="ibm">courthouse</contenuImg>
            <fonction source="final">repro/dessin</fonction>
            <fonction source="md">repro/dessin</fonction>
            <tech source="final">imp photoméca</tech>
            <tech source="md">imp photoméca</tech>
            <genre source="hm" time="2021-01-11T19:34:36.089+01:00">publicité</genre>
            <genre source="final">publicité</genre>
          </ill>
        </ills>
        <blocIll ocr="0">1</blocIll>
      </page>
    </pages>
  </contenus>
</analyseAlto>