<analyseAlto>
  <metad>
    <type>R</type>
    <ID>bpt6k6537261s</ID>
    <notice>cb343833568</notice>
    <titre>Vogue 1921/01/01 (Volume 2, Numéro 2)</titre>
    <dateEdition>1921-01-01</dateEdition>
    <lang>fre</lang>
    <source>BnF</source>
    <nbPage>64</nbPage>
  </metad>
  <contenus>
    <largeur>156</largeur>
    <hauteur>214</hauteur>
    <largeurPx>3693</largeurPx>
    <hauteurPx>5073</hauteurPx>
    <pages>
      <page hauteurPx="5073" largeurPx="3693" ordre="1">
        <nbMot>13</nbMot>
        <blocTexte>2</blocTexte>
        <blocTab>0</blocTab>
        <blocPub>0</blocPub>
        <blocIll ocr="1">1</blocIll>
        <ills/>
      </page>
      <page hauteurPx="5063" largeurPx="3693" ordre="2">
        <nbMot>8</nbMot>
        <blocTexte>1</blocTexte>
        <blocTab>0</blocTab>
        <blocPub>1</blocPub>
        <blocIll ocr="1">1</blocIll>
        <ills>
          <ill classif="CCibm" couleur="coul" edit="1" h="4335" n="2-1" pub="1" taille="5" w="2935" x="465" y="247">
            <contenuImg CS="0.81" lang="fr" source="ibm">chlamys (coquillage)</contenuImg>
            <contenuImg CS="0.81" lang="fr" source="ibm">manteau</contenuImg>
            <contenuImg CS="0.81" lang="fr" source="ibm">survêtement</contenuImg>
            <contenuImg CS="0.81" lang="fr" source="ibm">vêtement</contenuImg>
            <contenuImg CS="0.5" lang="fr" source="ibm">coquille Saint-Jacques</contenuImg>
            <contenuImg CS="0.801" lang="fr" source="ibm">vêtements</contenuImg>
            <contenuImg CS="0.799" lang="fr" source="ibm">fruits de mer</contenuImg>
            <contenuImg CS="0.982" coul="1" lang="fr" source="ibm">ivoire (couleur)</contenuImg>
            <contenuImg CS="0.784" coul="1" lang="fr" source="ibm">albâtre</contenuImg>
            <contenuImg CS="0.784" coul="1" lang="en" source="ibm">alabaster color</contenuImg>
            <contenuImg CS="0.982" coul="1" lang="en" source="ibm">ivory color</contenuImg>
            <contenuImg CS="0.799" lang="en" source="ibm">shellfish</contenuImg>
            <contenuImg CS="0.801" lang="en" source="ibm">clothing</contenuImg>
            <contenuImg CS="0.5" lang="en" source="ibm">scallop shell</contenuImg>
            <contenuImg CS="0.81" lang="en" source="ibm">garment</contenuImg>
            <contenuImg CS="0.81" lang="en" source="ibm">overgarment</contenuImg>
            <contenuImg CS="0.81" lang="en" source="ibm">cloak</contenuImg>
            <contenuImg CS="0.81" lang="en" source="ibm">chlamys (shell)</contenuImg>
            <contenuImg b="97" coul="1" g="90" r="95" source="colorific" type="bkg">#5f5a61</contenuImg>
            <contenuImg b="122" coul="1" g="149" ordre="7" r="179" source="colorific" type="frg">#b3957a</contenuImg>
            <contenuImg b="67" coul="1" g="74" ordre="6" r="124" source="colorific" type="frg">#7c4a43</contenuImg>
            <contenuImg b="150" coul="1" g="149" ordre="5" r="150" source="colorific" type="frg">#969596</contenuImg>
            <contenuImg b="100" coul="1" g="121" ordre="4" r="171" source="colorific" type="frg">#ab7964</contenuImg>
            <contenuImg b="59" coul="1" g="56" ordre="3" r="58" source="colorific" type="frg">#3a383b</contenuImg>
            <contenuImg b="180" coul="1" g="187" ordre="2" r="209" source="colorific" type="frg">#d1bbb4</contenuImg>
            <contenuImg b="255" coul="1" g="255" ordre="1" r="255" source="colorific" type="frg">#ffffff</contenuImg>
            <genre source="final">publicité</genre>
            <genre source="md">publicité</genre>
            <fonction source="final">repro/dessin</fonction>
            <fonction CS="0.72" source="TensorFlow">repro/dessin</fonction>
            <tech CS="1" source="md">imp photoméca</tech>
            <leg>LES SJISONS DE N [ L DE:  VHIVER</leg>
            <tech source="hm" time="2020-12-03T15:48:11.915+01:00">imp photoméca</tech>
            <tech source="final">imp photoméca</tech>
          </ill>
        </ills>
      </page>
      <page hauteurPx="5059" largeurPx="3671" ordre="3">
        <nbMot>16</nbMot>
        <blocTexte>2</blocTexte>
        <blocTab>0</blocTab>
        <blocPub>1</blocPub>
        <blocIll ocr="1">1</blocIll>
        <ills>
          <ill classif="CCyolo CCibm" couleur="gris" edit="true" h="3215" n="3-1" pub="1" taille="4" w="3019" x="329" y="517">
            <contenuImg CS="0.5" lang="fr" source="ibm">suffragette</contenuImg>
            <contenuImg CS="0.539" lang="fr" source="ibm">stylo et encre</contenuImg>
            <contenuImg CS="0.501" lang="fr" source="ibm">personne</contenuImg>
            <contenuImg CS="0.594" lang="fr" source="ibm">presse écrite</contenuImg>
            <contenuImg CS="0.824" coul="1" lang="fr" source="ibm">olive</contenuImg>
            <contenuImg CS="0.699" coul="1" lang="fr" source="ibm">noir</contenuImg>
            <contenuImg CS="0.699" coul="1" lang="en" source="ibm">black color</contenuImg>
            <contenuImg CS="0.824" coul="1" lang="en" source="ibm">olive color</contenuImg>
            <contenuImg CS="0.594" lang="en" source="ibm">print media</contenuImg>
            <contenuImg CS="0.501" lang="en" source="ibm">person</contenuImg>
            <contenuImg CS="0.5" lang="en" source="ibm">women's voting rights activist</contenuImg>
            <contenuImg CS="0.539" lang="en" source="ibm">pen-and-ink</contenuImg>
            <contenuImg CS="0.28" h="2983" lang="fr" source="yolo" w="1003" x="1730" y="90">personne</contenuImg>
            <contenuImg CS="0.28" h="2983" lang="en" source="yolo" w="1003" x="1730" y="90">person</contenuImg>
            <contenuImg CS="0.58" h="2553" lang="en" source="yolo" w="696" x="1320" y="133">person</contenuImg>
            <contenuImg CS="0.71" h="2833" lang="en" source="yolo" w="696" x="786" y="120">person</contenuImg>
            <contenuImg CS="0.84" h="2710" lang="en" source="yolo" w="913" x="26" y="256">person</contenuImg>
            <genre source="final">publicité</genre>
            <genre source="md">publicité</genre>
            <fonction source="final">repro/photo</fonction>
            <fonction CS="0.75" source="TensorFlow">repro/photo</fonction>
            <tech CS="1" source="md">imp photoméca</tech>
            <leg>.4m  fi  .2 âlue de Id Pdix ÀÉ4L PARIS 184 egerli. Sireel LONDON W.I</leg>
            <txt>rOGUE i rOGUE i</txt>
            <tech source="hm" time="2020-12-03T15:48:11.915+01:00">imp photoméca</tech>
            <tech source="final">imp photoméca</tech>
          </ill>
        </ills>
      </page>
      <page hauteurPx="5069" largeurPx="3713" ordre="4">
        <nbMot>162</nbMot>
        <blocTexte>7</blocTexte>
        <blocTab>0</blocTab>
        <blocPub>6</blocPub>
        <blocIll ocr="0">0</blocIll>
      </page>
      <page hauteurPx="5063" largeurPx="3687" ordre="5">
        <nbMot>240</nbMot>
        <blocTexte>17</blocTexte>
        <blocTab>0</blocTab>
        <blocPub>16</blocPub>
        <ills>
          <ill classif="CCibm CCyolo" couleur="gris" edit="1" h="2739" n="5-1" pub="1" seg="1" source="hm" time="2020-12-01T18:56:49.22+01:00" w="2445" x="589" y="860">
            <contenuImg CS="0.658" lang="fr" source="ibm">carte</contenuImg>
            <contenuImg CS="0.6" lang="fr" source="ibm">pointe d'argent</contenuImg>
            <contenuImg CS="0.5" lang="fr" source="ibm">salle d'étude</contenuImg>
            <contenuImg CS="0.595" lang="fr" source="ibm">cellule</contenuImg>
            <contenuImg CS="0.597" lang="fr" source="ibm">pièce</contenuImg>
            <contenuImg CS="0.981" coul="1" lang="fr" source="ibm">gris</contenuImg>
            <contenuImg y="1" CS="0.74" h="2840" lang="fr" source="yolo" w="2326" x="50">livre</contenuImg>
            <contenuImg y="1" CS="0.74" h="2840" lang="en" source="yolo" w="2326" x="50">book</contenuImg>
            <contenuImg CS="0.981" coul="1" lang="en" source="ibm">gray color</contenuImg>
            <contenuImg CS="0.597" lang="en" source="ibm">room</contenuImg>
            <contenuImg CS="0.595" lang="en" source="ibm">cell</contenuImg>
            <contenuImg CS="0.5" lang="en" source="ibm">study</contenuImg>
            <contenuImg CS="0.6" lang="en" source="ibm">silverpoint</contenuImg>
            <contenuImg CS="0.658" lang="en" source="ibm">map</contenuImg>
            <txt source="google">"ARYS - de la Paix, 3 - PARIS - Fards (rose pour blonde, - rose pour brune, rose - mandarine, ocre clair, - ocre fonce, bistre, mauve, - rouge foncé, rachel clair. - rose naturel, rouge vif, - chair), 5.50 fco 6 fr. - Blanche, chair, rose naturel, rose - pour brune, rachel clair, rachel - foncé, ocre. - Aux délicieux parfums de grand luxe - Un Jour Viendra, - Parlez-lui de Moi, - Premier Oui, - L'Amour dans le Coeur, - L'Anneau merveilleux, - Ambre Vermeil, - Fox-Trot, Faisons un rêve - Aux fleurs - Rose, Mimosa, Violette, Lilas, - Muguel, Eillet, Jasmin, - Cyclamen - BOUQUETS: - Un Jour viendra, - Parlez-lui de Moi, Premier Oui, - Rose sans fin, Ambre vermeil, - L'Anneau merveilleux, - L'Amour dans le Cour. - EXTRAITS: - Eillet, Rose, Mimos - Violette, Cyclamen, Jas - Lilas, Muguet, Iris - Héliotrope, Chypre - DERNIÈRES CRÉATIONS: - ",</txt>
            <fonction source="final">repro/dessin</fonction>
            <fonction source="md">repro/dessin</fonction>
            <genre source="hm" time="2020-12-01T18:57:44.427+01:00">publicité</genre>
            <genre source="final">publicité</genre>
            <tech source="hm" time="2020-12-03T15:48:11.915+01:00">imp photoméca</tech>
            <tech source="final">imp photoméca</tech>
          </ill>
          <ill classif="CCibm CCyolo" couleur="gris" edit="1" h="1297" n="5-2" pub="1" seg="1" source="hm" time="2020-12-01T18:58:03.956+01:00" w="1303" x="230" y="3310">
            <txt source="google">"leg - C - ",</txt>
            <contenuImg CS="0.71" lang="fr" source="ibm">tabatière</contenuImg>
            <contenuImg CS="0.83" lang="fr" source="ibm">boîte</contenuImg>
            <contenuImg CS="0.579" lang="fr" source="ibm">pyxide (boîte)</contenuImg>
            <contenuImg CS="0.518" lang="fr" source="ibm">faïence</contenuImg>
            <contenuImg CS="0.518" lang="fr" source="ibm">ustensile</contenuImg>
            <contenuImg CS="0.8" lang="fr" source="ibm">vaisselle</contenuImg>
            <contenuImg CS="0.868" coul="1" lang="fr" source="ibm">ivoire (couleur)</contenuImg>
            <contenuImg CS="0.813" coul="1" lang="fr" source="ibm">gris</contenuImg>
            <contenuImg CS="0.96" h="1276" lang="fr" source="yolo" w="1260" x="30" y="3">vase</contenuImg>
            <contenuImg CS="0.96" h="1276" lang="en" source="yolo" w="1260" x="30" y="3">vase</contenuImg>
            <contenuImg CS="0.813" coul="1" lang="en" source="ibm">gray color</contenuImg>
            <contenuImg CS="0.868" coul="1" lang="en" source="ibm">ivory color</contenuImg>
            <contenuImg CS="0.8" lang="en" source="ibm">tableware</contenuImg>
            <contenuImg CS="0.518" lang="en" source="ibm">utensil</contenuImg>
            <contenuImg CS="0.518" lang="en" source="ibm">earthenware</contenuImg>
            <contenuImg CS="0.5" lang="en" source="ibm">faience eartherware</contenuImg>
            <contenuImg CS="0.579" lang="en" source="ibm">pyxis (box)</contenuImg>
            <contenuImg CS="0.83" lang="en" source="ibm">box</contenuImg>
            <contenuImg CS="0.71" lang="en" source="ibm">snuffbox</contenuImg>
            <fonction source="final">repro/dessin</fonction>
            <fonction source="md">repro/dessin</fonction>
            <genre source="hm" time="2020-12-01T18:58:17.695+01:00">publicité</genre>
            <genre source="final">publicité</genre>
            <tech source="hm" time="2020-12-03T15:48:11.915+01:00">imp photoméca</tech>
            <tech source="final">imp photoméca</tech>
          </ill>
        </ills>
        <blocIll ocr="0">2</blocIll>
      </page>
      <page hauteurPx="5057" largeurPx="3717" ordre="6">
        <nbMot>50</nbMot>
        <blocTexte>5</blocTexte>
        <blocTab>0</blocTab>
        <blocPub>4</blocPub>
        <blocIll ocr="1">1</blocIll>
        <ills>
          <ill classif="CCyolo CCibm" couleur="gris" edit="true" h="1529" n="6-1" pub="1" taille="2" w="2833" x="569" y="1183">
            <contenuImg CS="0.67" lang="fr" source="ibm">salon</contenuImg>
            <contenuImg CS="0.831" lang="fr" source="ibm">pièce</contenuImg>
            <contenuImg CS="0.649" lang="fr" source="ibm">chambre</contenuImg>
            <contenuImg CS="0.5" lang="fr" source="ibm">musée (intérieur)</contenuImg>
            <contenuImg CS="0.79" coul="1" lang="fr" source="ibm">sauge</contenuImg>
            <contenuImg CS="0.773" coul="1" lang="fr" source="ibm">albâtre</contenuImg>
            <contenuImg CS="0.773" coul="1" lang="en" source="ibm">alabaster color</contenuImg>
            <contenuImg CS="0.79" coul="1" lang="en" source="ibm">sage green color</contenuImg>
            <contenuImg CS="0.5" lang="en" source="ibm">Museum (Indoor)</contenuImg>
            <contenuImg CS="0.649" lang="en" source="ibm">bedroom</contenuImg>
            <contenuImg CS="0.831" lang="en" source="ibm">room</contenuImg>
            <contenuImg CS="0.67" lang="en" source="ibm">living room</contenuImg>
            <contenuImg CS="0.77" h="570" lang="fr" source="yolo" w="303" x="2376" y="780">chaise</contenuImg>
            <contenuImg CS="0.77" h="570" lang="en" source="yolo" w="303" x="2376" y="780">chair</contenuImg>
            <contenuImg CS="0.94" h="680" lang="en" source="yolo" w="496" x="663" y="746">chair</contenuImg>
            <contenuImg CS="0.99" h="640" lang="en" source="yolo" w="540" x="1896" y="873">chair</contenuImg>
            <genre source="final">publicité</genre>
            <genre source="md">publicité</genre>
            <fonction source="final">repro/photo</fonction>
            <fonction CS="0.81" source="TensorFlow">repro/photo</fonction>
            <tech CS="1" source="md">imp photoméca</tech>
            <leg>~V ~~7). n ;ffi3ouckr ÿrdoir est Doté pe^nJ-~o ariô Q^ùz/t riy, r   e/o eou^e/D c/  A ?^e/^le4 /ruzttsfieS</leg>
            <txt>~ ) r*~ ~V $ié Ç^c-au/rieri Af r/ Ç^Z/neuté-^e/??  2/77^-e.) d- e   cW éa * , j((//Y t  Il IV V OGU E</txt>
            <tech source="hm" time="2020-12-03T15:48:11.915+01:00">imp photoméca</tech>
            <tech source="final">imp photoméca</tech>
          </ill>
        </ills>
      </page>
      <page hauteurPx="5045" largeurPx="3661" ordre="7">
        <nbMot>872</nbMot>
        <blocTexte>35</blocTexte>
        <blocTab>8</blocTab>
        <blocPub>0</blocPub>
        <blocIll ocr="1">1</blocIll>
        <ills/>
      </page>
      <page hauteurPx="5075" largeurPx="3739" ordre="8">
        <nbMot>57</nbMot>
        <blocTexte>2</blocTexte>
        <blocTab>0</blocTab>
        <blocPub>0</blocPub>
        <blocIll ocr="1">1</blocIll>
        <ills/>
      </page>
      <page hauteurPx="5055" largeurPx="3659" ordre="9">
        <nbMot>857</nbMot>
        <blocTexte>23</blocTexte>
        <blocTab>0</blocTab>
        <blocPub>0</blocPub>
        <blocIll ocr="2">2</blocIll>
        <ills/>
      </page>
      <page hauteurPx="5041" largeurPx="3657" ordre="10">
        <nbMot>840</nbMot>
        <blocTexte>16</blocTexte>
        <blocTab>0</blocTab>
        <blocPub>0</blocPub>
        <blocIll ocr="2">2</blocIll>
        <ills/>
      </page>
      <page hauteurPx="5045" largeurPx="3625" ordre="11">
        <nbMot>824</nbMot>
        <blocTexte>17</blocTexte>
        <blocTab>0</blocTab>
        <blocPub>0</blocPub>
        <blocIll ocr="2">2</blocIll>
        <ills/>
      </page>
      <page hauteurPx="5061" largeurPx="3681" ordre="12">
        <nbMot>338</nbMot>
        <blocTexte>8</blocTexte>
        <blocTab>0</blocTab>
        <blocPub>0</blocPub>
        <blocIll ocr="5">5</blocIll>
        <ills/>
      </page>
      <page hauteurPx="5095" largeurPx="3691" ordre="13">
        <nbMot>871</nbMot>
        <blocTexte>13</blocTexte>
        <blocTab>0</blocTab>
        <blocPub>0</blocPub>
        <blocIll ocr="2">2</blocIll>
        <ills/>
      </page>
      <page hauteurPx="5073" largeurPx="3707" ordre="14">
        <nbMot>738</nbMot>
        <blocTexte>15</blocTexte>
        <blocTab>0</blocTab>
        <blocPub>0</blocPub>
        <blocIll ocr="6">6</blocIll>
        <ills/>
      </page>
      <page hauteurPx="5077" largeurPx="3667" ordre="15">
        <nbMot>877</nbMot>
        <blocTexte>16</blocTexte>
        <blocTab>0</blocTab>
        <blocPub>0</blocPub>
        <blocIll ocr="4">4</blocIll>
        <ills/>
      </page>
      <page hauteurPx="5095" largeurPx="3739" ordre="16">
        <nbMot>597</nbMot>
        <blocTexte>15</blocTexte>
        <blocTab>0</blocTab>
        <blocPub>0</blocPub>
        <blocIll ocr="2">2</blocIll>
        <ills/>
      </page>
      <page hauteurPx="5067" largeurPx="3651" ordre="17">
        <nbMot>91</nbMot>
        <blocTexte>4</blocTexte>
        <blocTab>0</blocTab>
        <blocPub>0</blocPub>
        <blocIll ocr="1">1</blocIll>
        <ills/>
      </page>
      <page hauteurPx="5113" largeurPx="3785" ordre="18">
        <nbMot>561</nbMot>
        <blocTexte>15</blocTexte>
        <blocTab>0</blocTab>
        <blocPub>0</blocPub>
        <blocIll ocr="4">3</blocIll>
        <ills/>
      </page>
      <page hauteurPx="5053" largeurPx="3633" ordre="19">
        <nbMot>726</nbMot>
        <blocTexte>31</blocTexte>
        <blocTab>0</blocTab>
        <blocPub>0</blocPub>
        <blocIll ocr="6">6</blocIll>
        <ills/>
      </page>
      <page hauteurPx="5065" largeurPx="3669" ordre="20">
        <nbMot>691</nbMot>
        <blocTexte>18</blocTexte>
        <blocTab>0</blocTab>
        <blocPub>0</blocPub>
        <blocIll ocr="3">3</blocIll>
        <ills/>
      </page>
      <page hauteurPx="5089" largeurPx="3683" ordre="21">
        <nbMot>1064</nbMot>
        <blocTexte>12</blocTexte>
        <blocTab>0</blocTab>
        <blocPub>0</blocPub>
        <blocIll ocr="2">2</blocIll>
        <ills/>
      </page>
      <page hauteurPx="5057" largeurPx="3677" ordre="22">
        <nbMot>162</nbMot>
        <blocTexte>9</blocTexte>
        <blocTab>0</blocTab>
        <blocPub>0</blocPub>
        <blocIll ocr="2">2</blocIll>
        <ills/>
      </page>
      <page hauteurPx="5053" largeurPx="3625" ordre="23">
        <nbMot>162</nbMot>
        <blocTexte>9</blocTexte>
        <blocTab>0</blocTab>
        <blocPub>0</blocPub>
        <blocIll ocr="3">3</blocIll>
        <ills/>
      </page>
      <page hauteurPx="5113" largeurPx="3753" ordre="24">
        <nbMot>569</nbMot>
        <blocTexte>18</blocTexte>
        <blocTab>0</blocTab>
        <blocPub>0</blocPub>
        <blocIll ocr="1">1</blocIll>
        <ills/>
      </page>
      <page hauteurPx="5125" largeurPx="3727" ordre="25">
        <nbMot>125</nbMot>
        <blocTexte>4</blocTexte>
        <blocTab>0</blocTab>
        <blocPub>0</blocPub>
        <blocIll ocr="1">1</blocIll>
        <ills/>
      </page>
      <page hauteurPx="5097" largeurPx="3699" ordre="26">
        <nbMot>159</nbMot>
        <blocTexte>3</blocTexte>
        <blocTab>0</blocTab>
        <blocPub>0</blocPub>
        <blocIll ocr="2">2</blocIll>
        <ills/>
      </page>
      <page hauteurPx="5073" largeurPx="3653" ordre="27">
        <nbMot>823</nbMot>
        <blocTexte>22</blocTexte>
        <blocTab>0</blocTab>
        <blocPub>0</blocPub>
        <blocIll ocr="2">2</blocIll>
        <ills/>
      </page>
      <page hauteurPx="5129" largeurPx="3723" ordre="28">
        <nbMot>185</nbMot>
        <blocTexte>7</blocTexte>
        <blocTab>0</blocTab>
        <blocPub>0</blocPub>
        <blocIll ocr="3">3</blocIll>
        <ills/>
      </page>
      <page hauteurPx="5075" largeurPx="3657" ordre="29">
        <nbMot>188</nbMot>
        <blocTexte>10</blocTexte>
        <blocTab>0</blocTab>
        <blocPub>0</blocPub>
        <blocIll ocr="3">3</blocIll>
        <ills/>
      </page>
      <page hauteurPx="5097" largeurPx="3681" ordre="30">
        <nbMot>245</nbMot>
        <blocTexte>8</blocTexte>
        <blocTab>0</blocTab>
        <blocPub>0</blocPub>
        <blocIll ocr="3">3</blocIll>
        <ills/>
      </page>
      <page hauteurPx="5075" largeurPx="3655" ordre="31">
        <nbMot>651</nbMot>
        <blocTexte>18</blocTexte>
        <blocTab>0</blocTab>
        <blocPub>0</blocPub>
        <blocIll ocr="4">4</blocIll>
        <ills/>
      </page>
      <page hauteurPx="5133" largeurPx="3713" ordre="32">
        <nbMot>147</nbMot>
        <blocTexte>6</blocTexte>
        <blocTab>0</blocTab>
        <blocPub>0</blocPub>
        <blocIll ocr="1">1</blocIll>
        <ills/>
      </page>
      <page hauteurPx="5077" largeurPx="3657" ordre="33">
        <nbMot>1194</nbMot>
        <blocTexte>25</blocTexte>
        <blocTab>0</blocTab>
        <blocPub>0</blocPub>
        <blocIll ocr="0">0</blocIll>
      </page>
      <page hauteurPx="5107" largeurPx="3727" ordre="34">
        <nbMot>320</nbMot>
        <blocTexte>10</blocTexte>
        <blocTab>0</blocTab>
        <blocPub>0</blocPub>
        <blocIll ocr="3">3</blocIll>
        <ills/>
      </page>
      <page hauteurPx="5083" largeurPx="3665" ordre="35">
        <nbMot>321</nbMot>
        <blocTexte>10</blocTexte>
        <blocTab>0</blocTab>
        <blocPub>0</blocPub>
        <blocIll ocr="3">3</blocIll>
        <ills/>
      </page>
      <page hauteurPx="5077" largeurPx="3653" ordre="36">
        <nbMot>25</nbMot>
        <blocTexte>2</blocTexte>
        <blocTab>0</blocTab>
        <blocPub>0</blocPub>
        <blocIll ocr="1">1</blocIll>
        <ills/>
      </page>
      <page hauteurPx="5053" largeurPx="3625" ordre="37">
        <nbMot>191</nbMot>
        <blocTexte>13</blocTexte>
        <blocTab>0</blocTab>
        <blocPub>0</blocPub>
        <blocIll ocr="5">5</blocIll>
        <ills/>
      </page>
      <page hauteurPx="5095" largeurPx="3677" ordre="38">
        <nbMot>161</nbMot>
        <blocTexte>13</blocTexte>
        <blocTab>0</blocTab>
        <blocPub>0</blocPub>
        <blocIll ocr="4">4</blocIll>
        <ills/>
      </page>
      <page hauteurPx="5071" largeurPx="3633" ordre="39">
        <nbMot>25</nbMot>
        <blocTexte>2</blocTexte>
        <blocTab>0</blocTab>
        <blocPub>0</blocPub>
        <blocIll ocr="1">1</blocIll>
        <ills/>
      </page>
      <page hauteurPx="5069" largeurPx="3625" ordre="40">
        <nbMot>794</nbMot>
        <blocTexte>16</blocTexte>
        <blocTab>0</blocTab>
        <blocPub>0</blocPub>
        <blocIll ocr="4">4</blocIll>
        <ills/>
      </page>
      <page hauteurPx="5057" largeurPx="3613" ordre="41">
        <nbMot>258</nbMot>
        <blocTexte>9</blocTexte>
        <blocTab>0</blocTab>
        <blocPub>0</blocPub>
        <blocIll ocr="4">4</blocIll>
        <ills/>
      </page>
      <page hauteurPx="5107" largeurPx="3675" ordre="42">
        <nbMot>162</nbMot>
        <blocTexte>7</blocTexte>
        <blocTab>0</blocTab>
        <blocPub>0</blocPub>
        <blocIll ocr="3">3</blocIll>
        <ills/>
      </page>
      <page hauteurPx="5061" largeurPx="3613" ordre="43">
        <nbMot>155</nbMot>
        <blocTexte>7</blocTexte>
        <blocTab>0</blocTab>
        <blocPub>0</blocPub>
        <blocIll ocr="3">3</blocIll>
        <ills/>
      </page>
      <page hauteurPx="5087" largeurPx="3677" ordre="44">
        <nbMot>46</nbMot>
        <blocTexte>4</blocTexte>
        <blocTab>0</blocTab>
        <blocPub>0</blocPub>
        <blocIll ocr="1">1</blocIll>
        <ills/>
      </page>
      <page hauteurPx="5061" largeurPx="3693" ordre="45">
        <nbMot>173</nbMot>
        <blocTexte>12</blocTexte>
        <blocTab>0</blocTab>
        <blocPub>0</blocPub>
        <blocIll ocr="2">2</blocIll>
        <ills/>
      </page>
      <page hauteurPx="5057" largeurPx="3665" ordre="46">
        <nbMot>108</nbMot>
        <blocTexte>4</blocTexte>
        <blocTab>0</blocTab>
        <blocPub>0</blocPub>
        <blocIll ocr="2">2</blocIll>
        <ills/>
      </page>
      <page hauteurPx="5085" largeurPx="3677" ordre="47">
        <nbMot>218</nbMot>
        <blocTexte>10</blocTexte>
        <blocTab>0</blocTab>
        <blocPub>0</blocPub>
        <blocIll ocr="4">4</blocIll>
        <ills/>
      </page>
      <page hauteurPx="5093" largeurPx="3703" ordre="48">
        <nbMot>232</nbMot>
        <blocTexte>11</blocTexte>
        <blocTab>0</blocTab>
        <blocPub>0</blocPub>
        <blocIll ocr="4">4</blocIll>
        <ills/>
      </page>
      <page hauteurPx="5073" largeurPx="3673" ordre="49">
        <nbMot>863</nbMot>
        <blocTexte>19</blocTexte>
        <blocTab>0</blocTab>
        <blocPub>0</blocPub>
        <blocIll ocr="3">3</blocIll>
        <ills/>
      </page>
      <page hauteurPx="5117" largeurPx="3699" ordre="50">
        <nbMot>774</nbMot>
        <blocTexte>20</blocTexte>
        <blocTab>0</blocTab>
        <blocPub>0</blocPub>
        <blocIll ocr="5">5</blocIll>
        <ills/>
      </page>
      <page hauteurPx="5095" largeurPx="3643" ordre="51">
        <nbMot>1055</nbMot>
        <blocTexte>32</blocTexte>
        <blocTab>0</blocTab>
        <blocPub>0</blocPub>
        <blocIll ocr="5">5</blocIll>
        <ills/>
      </page>
      <page hauteurPx="5117" largeurPx="3691" ordre="52">
        <nbMot>718</nbMot>
        <blocTexte>21</blocTexte>
        <blocTab>0</blocTab>
        <blocPub>0</blocPub>
        <blocIll ocr="3">3</blocIll>
        <ills/>
      </page>
      <page hauteurPx="5119" largeurPx="3677" ordre="53">
        <nbMot>188</nbMot>
        <blocTexte>7</blocTexte>
        <blocTab>0</blocTab>
        <blocPub>0</blocPub>
        <blocIll ocr="3">3</blocIll>
        <ills/>
      </page>
      <page hauteurPx="5073" largeurPx="3645" ordre="54">
        <nbMot>326</nbMot>
        <blocTexte>11</blocTexte>
        <blocTab>0</blocTab>
        <blocPub>0</blocPub>
        <blocIll ocr="6">6</blocIll>
        <ills/>
      </page>
      <page hauteurPx="5105" largeurPx="3659" ordre="55">
        <nbMot>614</nbMot>
        <blocTexte>23</blocTexte>
        <blocTab>0</blocTab>
        <blocPub>0</blocPub>
        <blocIll ocr="3">3</blocIll>
        <ills/>
      </page>
      <page hauteurPx="5103" largeurPx="3701" ordre="56">
        <nbMot>1185</nbMot>
        <blocTexte>27</blocTexte>
        <blocTab>0</blocTab>
        <blocPub>5</blocPub>
        <blocIll ocr="2">3</blocIll>
        <ills>
          <ill classif="CCyolo CCibm" couleur="gris" edit="1" h="771" n="56-1" pub="1" taille="0" w="989" x="317" y="226">
            <contenuImg CS="0.793" lang="fr" source="ibm">personne</contenuImg>
            <contenuImg CS="0.607" lang="fr" source="ibm">clavecin (instrument de musique)</contenuImg>
            <contenuImg CS="0.629" lang="fr" source="ibm">instrument à cordes</contenuImg>
            <contenuImg CS="0.832" lang="fr" source="ibm">instrument de musique</contenuImg>
            <contenuImg CS="0.539" lang="fr" source="ibm">machine de renforcement musculaire</contenuImg>
            <contenuImg CS="0.539" lang="fr" source="ibm">appareil</contenuImg>
            <contenuImg CS="0.5" lang="fr" source="ibm">vibraphone</contenuImg>
            <contenuImg CS="0.51" lang="fr" source="ibm">instrument à percussion</contenuImg>
            <contenuImg CS="0.799" lang="fr" source="ibm">équipement sportif</contenuImg>
            <contenuImg CS="0.966" coul="1" lang="fr" source="ibm">noir</contenuImg>
            <contenuImg CS="0.806" coul="1" lang="fr" source="ibm">noir charbon</contenuImg>
            <contenuImg CS="0.806" coul="1" lang="en" source="ibm">coal black color</contenuImg>
            <contenuImg CS="0.966" coul="1" lang="en" source="ibm">black color</contenuImg>
            <contenuImg CS="0.799" lang="en" source="ibm">sports equipment</contenuImg>
            <contenuImg CS="0.51" lang="en" source="ibm">percussion instrument</contenuImg>
            <contenuImg CS="0.5" lang="en" source="ibm">vibraphone</contenuImg>
            <contenuImg CS="0.539" lang="en" source="ibm">apparatus</contenuImg>
            <contenuImg CS="0.539" lang="en" source="ibm">reformer instrument</contenuImg>
            <contenuImg CS="0.832" lang="en" source="ibm">musical instrument</contenuImg>
            <contenuImg CS="0.629" lang="en" source="ibm">stringed instrument</contenuImg>
            <contenuImg CS="0.607" lang="en" source="ibm">harpsichord (musical instrument)</contenuImg>
            <contenuImg CS="0.793" lang="en" source="ibm">person</contenuImg>
            <contenuImg CS="0.81" h="483" lang="fr" source="yolo" w="256" x="503" y="153">personne</contenuImg>
            <contenuImg CS="0.74" h="230" lang="fr" source="yolo" w="286" x="210" y="500">banc</contenuImg>
            <contenuImg CS="0.46" h="96" lang="fr" source="yolo" w="33" x="443" y="73">cravate</contenuImg>
            <contenuImg CS="0.46" h="96" lang="en" source="yolo" w="33" x="443" y="73">tie</contenuImg>
            <contenuImg CS="0.74" h="230" lang="en" source="yolo" w="286" x="210" y="500">bench</contenuImg>
            <contenuImg CS="0.81" h="483" lang="en" source="yolo" w="256" x="503" y="153">person</contenuImg>
            <contenuImg y="1" CS="0.90" h="563" lang="en" source="yolo" w="220" x="310">person</contenuImg>
            <contenuImg CS="0.95" h="343" lang="en" source="yolo" w="176" x="660" y="100">person</contenuImg>
            <contenuImg CS="0.98" h="496" lang="en" source="yolo" w="280" x="130" y="183">person</contenuImg>
            <fonction source="final">repro/dessin</fonction>
            <fonction CS="0.63" source="TensorFlow">repro/dessin</fonction>
            <tech CS="1" source="md">imp photoméca</tech>
            <leg>ORCHESTRE SYMPHONIQUE ! GUm. }cun.--. = ! C YYV\NV\s},  MOAJUÔo ctvjl  YY\.O 1 dA/Y\ ~ CUUL-. g PIGALL A I 77 tue, $CULLd 01 —Tel: cenïpal-ia-ôo ou au p PE ICAN 26 R. de Penlhièvre- : Paris. m Tel. Elysée 55-64 ; both are recognized as H the smartest and most THE PELICAN BAND M up-to-date establish, = The rendez-vous of PnEn LIlCoA.KN , B„ A, Nv D = ments in Paris. -the smart set. Pigall  s : Diners, Soupers Orchestres et danse Pelican s: Thés, Diners, Soupers J[ |f I jE/Ef?</leg>
            <txt>5° 17 0 GUE 5° 17 0 GUE</txt>
            <genre source="hm" time="2020-12-01T19:00:25.56+01:00">publicité</genre>
            <genre source="final">publicité</genre>
            <tech source="hm" time="2020-12-03T15:48:11.915+01:00">imp photoméca</tech>
            <tech source="final">imp photoméca</tech>
          </ill>
          <ill classif="CCyolo CCibm" couleur="gris" edit="true" h="1618" n="56-2" pub="1" taille="1" w="1420" x="415" y="997">
            <contenuImg CS="0.566" lang="fr" source="ibm">atterrisseur spatial</contenuImg>
            <contenuImg CS="0.609" lang="fr" source="ibm">vaisseau spatial</contenuImg>
            <contenuImg CS="0.724" lang="fr" source="ibm">artisanat</contenuImg>
            <contenuImg CS="0.724" lang="fr" source="ibm">véhicule</contenuImg>
            <contenuImg CS="0.535" lang="fr" source="ibm">dirigeable</contenuImg>
            <contenuImg CS="0.535" lang="fr" source="ibm">engin plus léger que l'air</contenuImg>
            <contenuImg CS="0.537" lang="fr" source="ibm">avion</contenuImg>
            <contenuImg CS="0.513" lang="fr" source="ibm">rotor principal</contenuImg>
            <contenuImg CS="0.601" lang="fr" source="ibm">mécanisme rotatif</contenuImg>
            <contenuImg CS="0.5" lang="fr" source="ibm">satellite</contenuImg>
            <contenuImg CS="0.599" lang="fr" source="ibm">mécanisme</contenuImg>
            <contenuImg CS="0.936" coul="1" lang="fr" source="ibm">noir</contenuImg>
            <contenuImg CS="0.641" coul="1" lang="fr" source="ibm">noir charbon</contenuImg>
            <contenuImg CS="0.641" coul="1" lang="en" source="ibm">coal black color</contenuImg>
            <contenuImg CS="0.936" coul="1" lang="en" source="ibm">black color</contenuImg>
            <contenuImg CS="0.599" lang="en" source="ibm">mechanism</contenuImg>
            <contenuImg CS="0.5" lang="en" source="ibm">satellite</contenuImg>
            <contenuImg CS="0.601" lang="en" source="ibm">rotating mechanism</contenuImg>
            <contenuImg CS="0.513" lang="en" source="ibm">main rotor</contenuImg>
            <contenuImg CS="0.537" lang="en" source="ibm">aircraft</contenuImg>
            <contenuImg CS="0.535" lang="en" source="ibm">lighter-than-air craft</contenuImg>
            <contenuImg CS="0.535" lang="en" source="ibm">airship</contenuImg>
            <contenuImg CS="0.724" lang="en" source="ibm">vehicle</contenuImg>
            <contenuImg CS="0.724" lang="en" source="ibm">craft</contenuImg>
            <contenuImg CS="0.609" lang="en" source="ibm">spacecraft</contenuImg>
            <contenuImg CS="0.566" lang="en" source="ibm">space lander</contenuImg>
            <contenuImg CS="0.79" h="80" lang="fr" source="yolo" w="123" x="580" y="316">cravate</contenuImg>
            <contenuImg CS="0.50" h="1520" lang="fr" source="yolo" w="910" x="163" y="50">personne</contenuImg>
            <contenuImg CS="0.50" h="1520" lang="en" source="yolo" w="910" x="163" y="50">person</contenuImg>
            <contenuImg CS="0.79" h="80" lang="en" source="yolo" w="123" x="580" y="316">tie</contenuImg>
            <genre source="final">publicité</genre>
            <genre source="md">publicité</genre>
            <fonction source="final">repro/dessin</fonction>
            <fonction CS="0.97" source="TensorFlow">repro/dessin</fonction>
            <tech CS="1" source="md">imp photoméca</tech>
            <leg>! GUm. }cun.--. = ! C YYV\NV\s},  MOAJUÔo ctvjl  YY\.O 1 dA/Y\ ~ CUUL-. g PIGALL A I 77 tue, $CULLd 01 —Tel: cenïpal-ia-ôo ou au p PE ICAN 26 R. de Penlhièvre- : Paris. m Tel. Elysée 55-64 ; both are recognized as H the smartest and most THE PELICAN BAND M up-to-date establish, = The rendez-vous of PnEn LIlCoA.KN , B„ A, Nv D = ments in Paris. -the smart set. Pigall  s : Diners, Soupers Orchestres et danse Pelican s: Thés, Diners, Soupers J[ |f I jE/Ef? Orchestres et danse Illlllllllllllllllllllllllllllllllllllllllllllllll^^ °</leg>
            <txt>ORCHESTRE SYMPHONIQUE 5° 17 0 GUE</txt>
            <tech source="hm" time="2020-12-03T15:48:11.915+01:00">imp photoméca</tech>
            <tech source="final">imp photoméca</tech>
          </ill>
          <ill classif="CCibm CCyolo" couleur="gris" edit="1" h="699" n="56-3" pub="1" seg="1" source="hm" time="2020-12-01T18:59:39.502+01:00" w="851" x="1065" y="4059">
            <contenuImg CS="0.54" lang="fr" source="ibm">professeur de ballet</contenuImg>
            <contenuImg CS="0.542" lang="fr" source="ibm">danseur</contenuImg>
            <contenuImg CS="0.542" lang="fr" source="ibm">artiste</contenuImg>
            <contenuImg CS="0.616" lang="fr" source="ibm">personne</contenuImg>
            <contenuImg CS="0.52" lang="fr" source="ibm">cyclisme</contenuImg>
            <contenuImg CS="0.523" lang="fr" source="ibm">sport</contenuImg>
            <contenuImg CS="0.501" lang="fr" source="ibm">personne rasée de près</contenuImg>
            <contenuImg CS="0.5" lang="fr" source="ibm">grosse caisse</contenuImg>
            <contenuImg CS="0.514" lang="fr" source="ibm">tambour</contenuImg>
            <contenuImg CS="0.518" lang="fr" source="ibm">instrument à percussion</contenuImg>
            <contenuImg CS="0.528" lang="fr" source="ibm">instrument de musique</contenuImg>
            <contenuImg CS="0.6" lang="fr" source="ibm">arme</contenuImg>
            <contenuImg CS="0.6" lang="fr" source="ibm">vélo</contenuImg>
            <contenuImg CS="0.974" coul="1" lang="fr" source="ibm">noir</contenuImg>
            <contenuImg CS="0.798" coul="1" lang="fr" source="ibm">noir charbon</contenuImg>
            <contenuImg CS="0.38" h="480" lang="fr" source="yolo" w="296" x="520" y="210">personne</contenuImg>
            <contenuImg CS="0.30" h="136" lang="fr" source="yolo" w="50" x="176" y="153">cravate</contenuImg>
            <contenuImg CS="0.30" h="136" lang="en" source="yolo" w="50" x="176" y="153">tie</contenuImg>
            <contenuImg CS="0.38" h="480" lang="en" source="yolo" w="296" x="520" y="210">person</contenuImg>
            <contenuImg CS="0.50" h="216" lang="en" source="yolo" w="110" x="730" y="183">person</contenuImg>
            <contenuImg CS="0.78" h="273" lang="en" source="yolo" w="200" x="340" y="170">person</contenuImg>
            <contenuImg CS="0.97" h="506" lang="en" source="yolo" w="370" x="3" y="73">person</contenuImg>
            <contenuImg CS="0.798" coul="1" lang="en" source="ibm">coal black color</contenuImg>
            <contenuImg CS="0.974" coul="1" lang="en" source="ibm">black color</contenuImg>
            <contenuImg CS="0.6" lang="en" source="ibm">bicycle</contenuImg>
            <contenuImg CS="0.6" lang="en" source="ibm">weapon</contenuImg>
            <contenuImg CS="0.528" lang="en" source="ibm">musical instrument</contenuImg>
            <contenuImg CS="0.518" lang="en" source="ibm">percussion instrument</contenuImg>
            <contenuImg CS="0.514" lang="en" source="ibm">drum</contenuImg>
            <contenuImg CS="0.5" lang="en" source="ibm">bass drum</contenuImg>
            <contenuImg CS="0.501" lang="en" source="ibm">clean shaven person</contenuImg>
            <contenuImg CS="0.523" lang="en" source="ibm">sport</contenuImg>
            <contenuImg CS="0.52" lang="en" source="ibm">bicycling</contenuImg>
            <contenuImg CS="0.616" lang="en" source="ibm">person</contenuImg>
            <contenuImg CS="0.542" lang="en" source="ibm">entertainer</contenuImg>
            <contenuImg CS="0.542" lang="en" source="ibm">dancer</contenuImg>
            <contenuImg CS="0.54" lang="en" source="ibm">ballet teacher</contenuImg>
            <fonction source="final">repro/dessin</fonction>
            <fonction source="md">repro/dessin</fonction>
            <genre source="hm" time="2020-12-01T19:00:05.318+01:00">publicité</genre>
            <genre source="final">publicité</genre>
            <tech source="hm" time="2020-12-03T15:48:11.915+01:00">imp photoméca</tech>
            <tech source="final">imp photoméca</tech>
          </ill>
        </ills>
      </page>
      <page hauteurPx="5087" largeurPx="3631" ordre="57">
        <nbMot>49</nbMot>
        <blocTexte>6</blocTexte>
        <blocTab>0</blocTab>
        <blocPub>5</blocPub>
        <ills>
          <ill classif="CCibm CCyolo" couleur="gris" edit="1" h="3527" n="57-1" pub="1" seg="1" source="hm" time="2020-12-01T19:00:30.954+01:00" w="3315" x="78" y="332">
            <contenuImg CS="0.635" lang="fr" source="ibm">suffragette</contenuImg>
            <contenuImg CS="0.635" lang="fr" source="ibm">personne</contenuImg>
            <contenuImg CS="0.601" lang="fr" source="ibm">laboratoire de physique</contenuImg>
            <contenuImg CS="0.751" lang="fr" source="ibm">pièce</contenuImg>
            <contenuImg CS="0.5" lang="fr" source="ibm">studio d'art</contenuImg>
            <contenuImg CS="0.599" lang="fr" source="ibm">presse écrite</contenuImg>
            <contenuImg CS="0.81" coul="1" lang="fr" source="ibm">gris cendré</contenuImg>
            <contenuImg CS="0.736" coul="1" lang="fr" source="ibm">albâtre</contenuImg>
            <contenuImg CS="0.42" h="226" lang="fr" source="yolo" w="366" x="1390" y="2666">verre à vin</contenuImg>
            <contenuImg CS="0.30" h="3646" lang="fr" source="yolo" w="2290" x="236" y="26">personne</contenuImg>
            <contenuImg CS="0.29" h="126" lang="fr" source="yolo" w="370" x="1006" y="2753">bol</contenuImg>
            <contenuImg CS="0.29" h="126" lang="en" source="yolo" w="370" x="1006" y="2753">bowl</contenuImg>
            <contenuImg CS="0.30" h="3646" lang="en" source="yolo" w="2290" x="236" y="26">person</contenuImg>
            <contenuImg CS="0.42" h="226" lang="en" source="yolo" w="366" x="1390" y="2666">wine glass</contenuImg>
            <contenuImg CS="0.62" h="556" lang="en" source="yolo" w="330" x="783" y="2390">wine glass</contenuImg>
            <contenuImg CS="0.75" h="453" lang="en" source="yolo" w="273" x="2190" y="2450">wine glass</contenuImg>
            <contenuImg CS="0.736" coul="1" lang="en" source="ibm">alabaster color</contenuImg>
            <contenuImg CS="0.81" coul="1" lang="en" source="ibm">ash grey color</contenuImg>
            <contenuImg CS="0.599" lang="en" source="ibm">print media</contenuImg>
            <contenuImg CS="0.5" lang="en" source="ibm">Art Studio</contenuImg>
            <contenuImg CS="0.751" lang="en" source="ibm">room</contenuImg>
            <contenuImg CS="0.601" lang="en" source="ibm">Physics Laboratory</contenuImg>
            <contenuImg CS="0.635" lang="en" source="ibm">person</contenuImg>
            <contenuImg CS="0.635" lang="en" source="ibm">women's voting rights activist</contenuImg>
            <txt source="google">"1 Janvier - Tout - pour la Table - pour leHome. - les plus jolis - Cadeaux: - Sacs , bijoux - Tout - orfevrerie - , etc. - WAREN - MAPPIN &amp; WEBB - France Ltd. - 1 Rue de la Paix, PARIS - LONDRES - NICE - MONTE-CARLO - BIARRITZ - ",</txt>
            <fonction source="final">repro/dessin</fonction>
            <fonction source="md">repro/dessin</fonction>
            <genre source="hm" time="2020-12-01T19:01:08.014+01:00">publicité</genre>
            <genre source="final">publicité</genre>
            <tech source="hm" time="2020-12-03T15:48:11.915+01:00">imp photoméca</tech>
            <tech source="final">imp photoméca</tech>
          </ill>
        </ills>
        <blocIll ocr="0">1</blocIll>
      </page>
      <page hauteurPx="5121" largeurPx="3695" ordre="58">
        <nbMot>607</nbMot>
        <blocTexte>24</blocTexte>
        <blocTab>0</blocTab>
        <blocPub>7</blocPub>
        <blocIll ocr="2">4</blocIll>
        <ills>
          <ill classif="CCibm CCyolo" couleur="gris" edit="1" h="261" n="58-3" pub="1" seg="1" source="hm" time="2020-12-01T19:01:16.514+01:00" w="230" x="3159" y="2977">
            <contenuImg CS="0.599" lang="fr" source="ibm">personne</contenuImg>
            <contenuImg CS="0.74" lang="fr" source="ibm">lyre (harpe)</contenuImg>
            <contenuImg CS="0.74" lang="fr" source="ibm">cordophone (instrument de musique)</contenuImg>
            <contenuImg CS="0.796" lang="fr" source="ibm">instrument à cordes</contenuImg>
            <contenuImg CS="0.797" lang="fr" source="ibm">instrument de musique</contenuImg>
            <contenuImg CS="0.527" lang="fr" source="ibm">tire-botte</contenuImg>
            <contenuImg CS="0.518" lang="fr" source="ibm">lingerie</contenuImg>
            <contenuImg CS="0.52" lang="fr" source="ibm">sous-vêtements</contenuImg>
            <contenuImg CS="0.52" lang="fr" source="ibm">sous-vêtement</contenuImg>
            <contenuImg CS="0.52" lang="fr" source="ibm">vêtement</contenuImg>
            <contenuImg CS="0.5" lang="fr" source="ibm">chanfron (armure de cheval)</contenuImg>
            <contenuImg CS="0.5" lang="fr" source="ibm">assiette</contenuImg>
            <contenuImg CS="0.503" lang="fr" source="ibm">bouclier</contenuImg>
            <contenuImg CS="0.503" lang="fr" source="ibm">revêtement de protection</contenuImg>
            <contenuImg CS="0.598" lang="fr" source="ibm">arme</contenuImg>
            <contenuImg CS="0.6" lang="fr" source="ibm">vêtements</contenuImg>
            <contenuImg CS="0.961" coul="1" lang="fr" source="ibm">noir</contenuImg>
            <contenuImg CS="0.66" h="240" lang="fr" source="yolo" w="183" x="20" y="10">personne</contenuImg>
            <contenuImg CS="0.66" h="240" lang="en" source="yolo" w="183" x="20" y="10">person</contenuImg>
            <contenuImg CS="0.961" coul="1" lang="en" source="ibm">black color</contenuImg>
            <contenuImg CS="0.6" lang="en" source="ibm">clothing</contenuImg>
            <contenuImg CS="0.598" lang="en" source="ibm">weapon</contenuImg>
            <contenuImg CS="0.503" lang="en" source="ibm">protective covering</contenuImg>
            <contenuImg CS="0.503" lang="en" source="ibm">shield</contenuImg>
            <contenuImg CS="0.5" lang="en" source="ibm">plate</contenuImg>
            <contenuImg CS="0.5" lang="en" source="ibm">chanfron (horse armor)</contenuImg>
            <contenuImg CS="0.52" lang="en" source="ibm">garment</contenuImg>
            <contenuImg CS="0.52" lang="en" source="ibm">undergarment</contenuImg>
            <contenuImg CS="0.52" lang="en" source="ibm">underwear</contenuImg>
            <contenuImg CS="0.518" lang="en" source="ibm">lingerie</contenuImg>
            <contenuImg CS="0.527" lang="en" source="ibm">bootjack</contenuImg>
            <contenuImg CS="0.797" lang="en" source="ibm">musical instrument</contenuImg>
            <contenuImg CS="0.796" lang="en" source="ibm">stringed instrument</contenuImg>
            <contenuImg CS="0.74" lang="en" source="ibm">chordophone (musical instrument)</contenuImg>
            <contenuImg CS="0.74" lang="en" source="ibm">lyre (harp)</contenuImg>
            <contenuImg CS="0.599" lang="en" source="ibm">person</contenuImg>
            <fonction source="final">repro/dessin</fonction>
            <fonction source="md">repro/dessin</fonction>
            <genre source="hm" time="2020-12-01T19:01:48.727+01:00">publicité</genre>
            <genre source="final">publicité</genre>
            <tech source="hm" time="2020-12-03T15:48:11.915+01:00">imp photoméca</tech>
            <tech source="final">imp photoméca</tech>
          </ill>
          <ill classif="CCibm" couleur="gris" edit="1" h="461" n="58-4" pub="1" seg="1" source="hm" time="2020-12-01T19:01:29.965+01:00" w="467" x="3050" y="431">
            <txt source="google">"P - ",</txt>
            <contenuImg CS="0.786" lang="fr" source="ibm">écu (héraldique)</contenuImg>
            <contenuImg CS="0.802" lang="fr" source="ibm">bouclier</contenuImg>
            <contenuImg CS="0.802" lang="fr" source="ibm">armure</contenuImg>
            <contenuImg CS="0.802" lang="fr" source="ibm">revêtement de protection</contenuImg>
            <contenuImg CS="0.5" lang="fr" source="ibm">coupe-cigare</contenuImg>
            <contenuImg CS="0.5" lang="fr" source="ibm">coutellerie</contenuImg>
            <contenuImg CS="0.5" lang="fr" source="ibm">outil</contenuImg>
            <contenuImg CS="0.791" lang="fr" source="ibm">mécanisme</contenuImg>
            <contenuImg CS="0.907" coul="1" lang="fr" source="ibm">charbon (couleur)</contenuImg>
            <contenuImg CS="0.598" coul="1" lang="fr" source="ibm">marron</contenuImg>
            <contenuImg CS="0.598" coul="1" lang="en" source="ibm">maroon color</contenuImg>
            <contenuImg CS="0.907" coul="1" lang="en" source="ibm">charcoal color</contenuImg>
            <contenuImg CS="0.791" lang="en" source="ibm">mechanism</contenuImg>
            <contenuImg CS="0.5" lang="en" source="ibm">tool</contenuImg>
            <contenuImg CS="0.5" lang="en" source="ibm">cutlery</contenuImg>
            <contenuImg CS="0.5" lang="en" source="ibm">cigar cutter</contenuImg>
            <contenuImg CS="0.802" lang="en" source="ibm">protective covering</contenuImg>
            <contenuImg CS="0.802" lang="en" source="ibm">armor</contenuImg>
            <contenuImg CS="0.802" lang="en" source="ibm">shield</contenuImg>
            <contenuImg CS="0.786" lang="en" source="ibm">escutcheon shield</contenuImg>
            <fonction source="final">repro/dessin</fonction>
            <fonction source="md">repro/dessin</fonction>
            <genre source="hm" time="2020-12-01T19:01:46.162+01:00">publicité</genre>
            <genre source="final">publicité</genre>
            <tech source="hm" time="2020-12-03T15:48:11.915+01:00">imp photoméca</tech>
            <tech source="final">imp photoméca</tech>
          </ill>
        </ills>
      </page>
      <page hauteurPx="5117" largeurPx="3687" ordre="59">
        <nbMot>470</nbMot>
        <blocTexte>8</blocTexte>
        <blocTab>0</blocTab>
        <blocPub>7</blocPub>
        <ills>
          <ill classif="CCibm" couleur="gris" edit="1" h="2696" n="59-1" pub="1" seg="1" source="hm" time="2020-12-01T19:01:54.073+01:00" w="2690" x="393" y="780">
            <contenuImg CS="0.84" lang="fr" source="ibm">stylo et encre</contenuImg>
            <contenuImg CS="0.5" lang="fr" source="ibm">galerie d'art</contenuImg>
            <contenuImg CS="0.5" lang="fr" source="ibm">pièce</contenuImg>
            <contenuImg CS="0.788" lang="fr" source="ibm">tissu</contenuImg>
            <contenuImg CS="0.885" coul="1" lang="fr" source="ibm">gris cendré</contenuImg>
            <contenuImg CS="0.594" coul="1" lang="fr" source="ibm">gris</contenuImg>
            <contenuImg CS="0.594" coul="1" lang="en" source="ibm">gray color</contenuImg>
            <contenuImg CS="0.885" coul="1" lang="en" source="ibm">ash grey color</contenuImg>
            <contenuImg CS="0.788" lang="en" source="ibm">fabric</contenuImg>
            <contenuImg CS="0.5" lang="en" source="ibm">room</contenuImg>
            <contenuImg CS="0.5" lang="en" source="ibm">art gallery</contenuImg>
            <contenuImg CS="0.84" lang="en" source="ibm">pen-and-ink</contenuImg>
            <txt source="google">"- 2 - NOC - To - pour les soins intimes de la femme - antiseptique que - ate femme doit - oir sur sa table - de toilette. - Excellent produit - toxique, décongestion - antileucorrhéique, rés - et cicatrisant. Odeur - agréable. Usage cc - tres économique. - sure un bien-être - BERT - Lil - que dose jetée dans - litres d'eau nous - e la solution parfumée - a Parisienne a adoptée - les soins rituels de sa - Onne. - Etablissements Chatelain - de Valenciennes, Paris, - pharmacies. La boite fer - la double boite - fco 10,5 - Ico 30 r. - Sauvée, grâce à la Gyraldose. - que nous aurons ajouté que, mieux encore et plus facilement qu'elle n'aide \"La Gyraldose desinfecte comme aucun autre produit ne pourrait le faire - guérir, la Gyraldose met à l'abri de la métrite les femmes qui en font un donnée l'énergie du thymol ; et elle le fait sans danger, n etant nullement tox - ant usage pour les soins de la toilette intime, il nous semblera bien difficile Elle deterge, en outre, les muqueuses autant qu'elle arrete toute putrefac - mettre que son efficacité puisse être aujourdhui simplement discutée. Cette comme pourrait le faire une éponge s'imbibant aisément de tous les produit - Cité de la Gyraldose nous a été aussi demontrée d'une façon péremptoire secretion, grâce a l'alumine sulfatée. La preparation des solutions necess - les infections puerperales et, en général, dans les suites de couches. - pour les soins de la toilette intime est des plus facile, attendu qu'il s'agit d'aj - Prof. LASSABATIE, - simplement à l'eau bouillie les quantités indiquées pour avoir un litre de lic - toute pret pour l'injection.\" - Ancien Professeur aux Ecoles de Médecine navale - Dr. CANAC - ",</txt>
            <fonction source="final">repro/dessin</fonction>
            <fonction source="md">repro/dessin</fonction>
            <genre source="hm" time="2020-12-01T19:02:18.253+01:00">publicité</genre>
            <genre source="final">publicité</genre>
            <tech source="hm" time="2020-12-03T15:48:11.915+01:00">imp photoméca</tech>
            <tech source="final">imp photoméca</tech>
          </ill>
        </ills>
        <blocIll ocr="0">1</blocIll>
      </page>
      <page hauteurPx="5093" largeurPx="3691" ordre="60">
        <nbMot>794</nbMot>
        <blocTexte>21</blocTexte>
        <blocTab>0</blocTab>
        <blocPub>7</blocPub>
        <blocIll ocr="2">4</blocIll>
        <ills>
          <ill classif="CCibm" couleur="gris" edit="1" h="2239" n="60-3" pub="1" seg="1" source="hm" time="2020-12-01T19:02:29.398+01:00" w="1577" x="322" y="2506">
            <txt source="google">"Raco - Lingerie - de Luxe - Gousseaux - 354.rue S Honoré - ari - GiP:entrap 92o5 - pour hommes - D***** - ",</txt>
            <contenuImg CS="0.918" lang="fr" source="ibm">salle d'étude</contenuImg>
            <contenuImg CS="0.613" lang="fr" source="ibm">pointe d'argent</contenuImg>
            <contenuImg CS="0.799" lang="fr" source="ibm">pièce</contenuImg>
            <contenuImg CS="0.567" coul="1" lang="fr" source="ibm">albâtre</contenuImg>
            <contenuImg CS="0.502" coul="1" lang="fr" source="ibm">gris</contenuImg>
            <contenuImg CS="0.502" coul="1" lang="en" source="ibm">gray color</contenuImg>
            <contenuImg CS="0.567" coul="1" lang="en" source="ibm">alabaster color</contenuImg>
            <contenuImg CS="0.799" lang="en" source="ibm">room</contenuImg>
            <contenuImg CS="0.613" lang="en" source="ibm">silverpoint</contenuImg>
            <contenuImg CS="0.918" lang="en" source="ibm">study</contenuImg>
            <fonction source="final">repro/dessin</fonction>
            <fonction source="md">repro/dessin</fonction>
            <genre source="hm" time="2020-12-01T19:03:08.5+01:00">publicité</genre>
            <genre source="final">publicité</genre>
            <tech source="hm" time="2020-12-03T15:48:11.915+01:00">imp photoméca</tech>
            <tech source="final">imp photoméca</tech>
          </ill>
          <ill classif="CCibm CCyolo" couleur="gris" edit="1" h="1419" n="60-4" pub="1" seg="1" source="hm" time="2020-12-01T19:02:42.541+01:00" w="1055" x="334" y="224">
            <txt source="google">"ELIZABE - ELIZ - Blo - la gral - Améric - éclatant - toute - d'ouvri - où to - dont le - facial e - 197777 - C - ",</txt>
            <contenuImg CS="0.632" lang="fr" source="ibm">stylo et encre</contenuImg>
            <contenuImg CS="0.572" lang="fr" source="ibm">pyélogramme intraveineux</contenuImg>
            <contenuImg CS="0.573" lang="fr" source="ibm">radiogramme</contenuImg>
            <contenuImg CS="0.549" lang="fr" source="ibm">timbre papier</contenuImg>
            <contenuImg CS="0.549" lang="fr" source="ibm">document écrit</contenuImg>
            <contenuImg CS="0.5" lang="fr" source="ibm">cortex cérébral</contenuImg>
            <contenuImg CS="0.599" lang="fr" source="ibm">plante</contenuImg>
            <contenuImg CS="0.585" lang="fr" source="ibm">micro-organisme</contenuImg>
            <contenuImg CS="0.589" lang="fr" source="ibm">forme amorphe</contenuImg>
            <contenuImg CS="0.52" coul="1" lang="fr" source="ibm">sauge</contenuImg>
            <contenuImg y="1" CS="0.41" h="1460" lang="fr" source="yolo" w="1040" x="0">livre</contenuImg>
            <contenuImg y="1" CS="0.41" h="1460" lang="en" source="yolo" w="1040" x="0">book</contenuImg>
            <contenuImg CS="0.52" coul="1" lang="en" source="ibm">sage green color</contenuImg>
            <contenuImg CS="0.589" lang="en" source="ibm">amorphous shape</contenuImg>
            <contenuImg CS="0.585" lang="en" source="ibm">microorganism</contenuImg>
            <contenuImg CS="0.599" lang="en" source="ibm">plant</contenuImg>
            <contenuImg CS="0.5" lang="en" source="ibm">cerebral cortex</contenuImg>
            <contenuImg CS="0.549" lang="en" source="ibm">written document</contenuImg>
            <contenuImg CS="0.549" lang="en" source="ibm">paper-based stamps/currency</contenuImg>
            <contenuImg CS="0.573" lang="en" source="ibm">radiogram</contenuImg>
            <contenuImg CS="0.572" lang="en" source="ibm">intravenous pyelogram</contenuImg>
            <contenuImg CS="0.632" lang="en" source="ibm">pen-and-ink</contenuImg>
            <fonction source="final">repro/dessin</fonction>
            <fonction source="md">repro/dessin</fonction>
            <genre source="hm" time="2020-12-01T19:03:06.641+01:00">publicité</genre>
            <genre source="final">publicité</genre>
            <tech source="hm" time="2020-12-03T15:48:11.915+01:00">imp photoméca</tech>
            <tech source="final">imp photoméca</tech>
          </ill>
        </ills>
      </page>
      <page hauteurPx="5077" largeurPx="3629" ordre="61">
        <nbMot>329</nbMot>
        <blocTexte>20</blocTexte>
        <blocTab>0</blocTab>
        <blocPub>19</blocPub>
        <blocIll ocr="1">2</blocIll>
        <ills>
          <ill classif="CCibm" couleur="gris" edit="true" h="1614" n="61-1" pub="1" seg="1" source="hm" taille="2" w="3024" x="169" y="399">
            <contenuImg CS="0.878" lang="fr" source="ibm">musée (intérieur)</contenuImg>
            <contenuImg CS="0.5" lang="fr" source="ibm">linogravure</contenuImg>
            <contenuImg CS="0.788" lang="fr" source="ibm">bâtiment</contenuImg>
            <contenuImg CS="0.887" coul="1" lang="fr" source="ibm">noir</contenuImg>
            <contenuImg CS="0.71" coul="1" lang="fr" source="ibm">gris</contenuImg>
            <contenuImg CS="0.71" coul="1" lang="en" source="ibm">gray color</contenuImg>
            <contenuImg CS="0.887" coul="1" lang="en" source="ibm">black color</contenuImg>
            <contenuImg CS="0.788" lang="en" source="ibm">building</contenuImg>
            <contenuImg CS="0.5" lang="en" source="ibm">linocut design</contenuImg>
            <contenuImg CS="0.878" lang="en" source="ibm">Museum (Indoor)</contenuImg>
            <genre source="final">publicité</genre>
            <genre source="md">publicité</genre>
            <fonction source="final">repro/photo</fonction>
            <fonction CS="0.55" source="TensorFlow">repro/photo</fonction>
            <tech CS="1" source="md">imp photoméca</tech>
            <leg>Parfum DE NOEL 1920 1 JbrxÉE Jll JÎua jy PARU L HIVER EN SUISSE Pour tous renseignements concernant les billets de Chemins de fer, les Voyages, les Sports d hiver et les Fêtes sportives et divertissements, les Stations d hiver, les Stations balnéraires, Sanatoria, les Établissements d Instruction officiels et privés, les Écoles, s adresser à: L OFFICE SUISSE DU TOURISME, Lowenstrasse, 55, Zurich, 1 et sa Succursale, Place St.-François, 6 LAUSANNE. L AGENCE OFFICIELLE DES CHEMINS DE FER FÉDÉRAUX, rue Lafayette, 20 PARIS. Aux Bureaux de L AMERICAN EXPRESS Co., en France.</leg>
            <txt>] a n vie r 55 ] a n vie r 55</txt>
            <tech source="hm" time="2020-12-03T15:48:11.915+01:00">imp photoméca</tech>
            <tech source="final">imp photoméca</tech>
          </ill>
          <ill classif="CCibm CCyolo" couleur="gris" edit="1" h="823" n="61-2" pub="1" seg="1" source="hm" time="2020-12-01T19:03:30.476+01:00" w="2063" x="1194" y="3699">
            <txt source="google">"MONTREUX - OBERLAND BERNOIS - EXCERNE - Jom - BERNE - MONTREUX - zwEISIMMEN - INTERLAKEN - SKI - CHATEAV -D'OEX - SAANENMOSER - BOBSLEIGH - SAANEN STAAD - CURLING HOCKEY - OSONLOUT - SRATING - SEO AVANTS - TAS MONTREUX - SKIKJÖRING - GENEVE - OGLION - ROVGEMONT - S - e - DEBATTE OCAVX - ",</txt>
            <contenuImg CS="0.72" lang="fr" source="ibm">enveloppe</contenuImg>
            <contenuImg CS="0.72" lang="fr" source="ibm">emballage</contenuImg>
            <contenuImg CS="0.5" lang="fr" source="ibm">diagramme de Venn</contenuImg>
            <contenuImg CS="0.593" lang="fr" source="ibm">boisson</contenuImg>
            <contenuImg CS="0.959" coul="1" lang="fr" source="ibm">gris</contenuImg>
            <contenuImg y="1" CS="0.26" h="830" lang="fr" source="yolo" w="1980" x="46">livre</contenuImg>
            <contenuImg y="1" CS="0.26" h="830" lang="en" source="yolo" w="1980" x="46">book</contenuImg>
            <contenuImg CS="0.959" coul="1" lang="en" source="ibm">gray color</contenuImg>
            <contenuImg CS="0.593" lang="en" source="ibm">beverage</contenuImg>
            <contenuImg CS="0.5" lang="en" source="ibm">Venn diagram</contenuImg>
            <contenuImg CS="0.72" lang="en" source="ibm">wrapping</contenuImg>
            <contenuImg CS="0.72" lang="en" source="ibm">envelope</contenuImg>
            <fonction source="final">repro/dessin</fonction>
            <fonction source="md">repro/dessin</fonction>
            <genre source="hm" time="2020-12-01T19:03:44.707+01:00">publicité</genre>
            <genre source="final">publicité</genre>
            <tech source="hm" time="2020-12-03T15:48:11.915+01:00">imp photoméca</tech>
            <tech source="final">imp photoméca</tech>
          </ill>
        </ills>
      </page>
      <page hauteurPx="5061" largeurPx="3665" ordre="62">
        <nbMot>704</nbMot>
        <blocTexte>21</blocTexte>
        <blocTab>0</blocTab>
        <blocPub>19</blocPub>
        <ills>
          <ill classif="CCibm CCyolo" couleur="gris" edit="1" h="1099" n="62-1" pub="1" seg="1" source="hm" time="2020-12-01T19:03:49.779+01:00" w="1606" x="366" y="348">
            <contenuImg CS="0.597" lang="fr" source="ibm">personne</contenuImg>
            <contenuImg CS="0.54" lang="fr" source="ibm">timbre papier</contenuImg>
            <contenuImg CS="0.54" lang="fr" source="ibm">document écrit</contenuImg>
            <contenuImg CS="0.509" lang="fr" source="ibm">stylo et encre</contenuImg>
            <contenuImg CS="0.5" lang="fr" source="ibm">musée (intérieur)</contenuImg>
            <contenuImg CS="0.59" lang="fr" source="ibm">presse écrite</contenuImg>
            <contenuImg CS="0.632" coul="1" lang="fr" source="ibm">gris</contenuImg>
            <contenuImg CS="0.612" coul="1" lang="fr" source="ibm">jaune pâle</contenuImg>
            <contenuImg CS="0.34" h="786" lang="fr" source="yolo" w="393" x="586" y="63">personne</contenuImg>
            <contenuImg CS="0.25" h="1063" lang="fr" source="yolo" w="1533" x="26" y="26">montre</contenuImg>
            <contenuImg CS="0.25" h="1063" lang="en" source="yolo" w="1533" x="26" y="26">clock</contenuImg>
            <contenuImg CS="0.34" h="786" lang="en" source="yolo" w="393" x="586" y="63">person</contenuImg>
            <contenuImg CS="0.612" coul="1" lang="en" source="ibm">pale yellow color</contenuImg>
            <contenuImg CS="0.632" coul="1" lang="en" source="ibm">gray color</contenuImg>
            <contenuImg CS="0.59" lang="en" source="ibm">print media</contenuImg>
            <contenuImg CS="0.5" lang="en" source="ibm">Museum (Indoor)</contenuImg>
            <contenuImg CS="0.509" lang="en" source="ibm">pen-and-ink</contenuImg>
            <contenuImg CS="0.54" lang="en" source="ibm">written document</contenuImg>
            <contenuImg CS="0.54" lang="en" source="ibm">paper-based stamps/currency</contenuImg>
            <contenuImg CS="0.597" lang="en" source="ibm">person</contenuImg>
            <txt source="google">"PRODUITS - DU Dr. DYS - VD. Byg - D. Dyd - HELAS, - Nous nous plaignons toutes, surtout en cette saison de la dureté calcaire des eaux de nos ablutions. - Pourquoi se lamenter puisque le Docteur DYS depuis de nombreuses années deja a mis le rende à - côte du mal - Ses délicieux sachets de toilette, ses cremes, ses poudres, ses lotion nous suveront - Ecrivez V. DARSY son preparateur, 54 Fbg. St Honoré et il vous enverrain des traitements - ",</txt>
            <fonction source="final">repro/dessin</fonction>
            <fonction source="md">repro/dessin</fonction>
            <genre source="hm" time="2020-12-01T19:04:45.25+01:00">publicité</genre>
            <genre source="final">publicité</genre>
            <tech source="hm" time="2020-12-03T15:48:11.915+01:00">imp photoméca</tech>
            <tech source="final">imp photoméca</tech>
          </ill>
          <ill classif="CCibm CCyolo" couleur="gris" edit="1" h="1319" n="62-2" pub="1" seg="1" source="hm" time="2020-12-01T19:04:14.51+01:00" w="1337" x="470" y="2886">
            <txt source="google">"BE - PAIRE DE BOUTONS EN ARGENT PLATINE - NACRE AU CENTRE - 50 FR - BOUTON CHEMISE OR - PERLE POTIEZ - 85 FA - PENDANTS D'OREILLES - 530 FR - PENDANTS D'OREILLES - CHAINETTES PLATINE - CHAINETTES PLATINE - MONTURE OR AVEC - MONTURE OR AVEC - FERIES POTIEZ - PERLES POTIEZ ETONYX - 350 FR - 490 R - 375 - CONTRE - BAGUES PLATINE - SUR VOTRE - MANDAT POSTE - SERTIES DE 6 ROSES AVEC - DEMANDE NOUS - ENVOI FRANCO - PERLE POTIEZ - ENVERRONS NOTRE - DE CES BIJOUX - NOTICE ILLUSTRÉE - ",</txt>
            <contenuImg CS="0.655" lang="fr" source="ibm">LP</contenuImg>
            <contenuImg CS="0.655" lang="fr" source="ibm">dispositif mémoire</contenuImg>
            <contenuImg CS="0.532" lang="fr" source="ibm">pochette de disque</contenuImg>
            <contenuImg CS="0.532" lang="fr" source="ibm">manche</contenuImg>
            <contenuImg CS="0.5" lang="fr" source="ibm">disque</contenuImg>
            <contenuImg CS="0.5" lang="fr" source="ibm">cercle</contenuImg>
            <contenuImg CS="0.59" lang="fr" source="ibm">assiette</contenuImg>
            <contenuImg CS="0.601" lang="fr" source="ibm">enregistrement</contenuImg>
            <contenuImg CS="0.596" lang="fr" source="ibm">vêtements</contenuImg>
            <contenuImg CS="0.594" lang="fr" source="ibm">coiffure</contenuImg>
            <contenuImg CS="0.838" coul="1" lang="fr" source="ibm">gris</contenuImg>
            <contenuImg CS="0.524" coul="1" lang="fr" source="ibm">charbon (couleur)</contenuImg>
            <contenuImg CS="0.76" h="1283" lang="fr" source="yolo" w="1290" x="23" y="10">montre</contenuImg>
            <contenuImg CS="0.76" h="1283" lang="en" source="yolo" w="1290" x="23" y="10">clock</contenuImg>
            <contenuImg CS="0.524" coul="1" lang="en" source="ibm">charcoal color</contenuImg>
            <contenuImg CS="0.838" coul="1" lang="en" source="ibm">gray color</contenuImg>
            <contenuImg CS="0.594" lang="en" source="ibm">headdress</contenuImg>
            <contenuImg CS="0.596" lang="en" source="ibm">clothing</contenuImg>
            <contenuImg CS="0.601" lang="en" source="ibm">recording</contenuImg>
            <contenuImg CS="0.59" lang="en" source="ibm">plate</contenuImg>
            <contenuImg CS="0.5" lang="en" source="ibm">circle</contenuImg>
            <contenuImg CS="0.5" lang="en" source="ibm">disk</contenuImg>
            <contenuImg CS="0.532" lang="en" source="ibm">sleeve</contenuImg>
            <contenuImg CS="0.532" lang="en" source="ibm">record sleeve</contenuImg>
            <contenuImg CS="0.655" lang="en" source="ibm">memory device</contenuImg>
            <contenuImg CS="0.655" lang="en" source="ibm">LP</contenuImg>
            <fonction source="final">repro/dessin</fonction>
            <fonction source="md">repro/dessin</fonction>
            <genre source="hm" time="2020-12-01T19:04:43.21+01:00">publicité</genre>
            <genre source="final">publicité</genre>
            <tech source="hm" time="2020-12-03T15:48:11.915+01:00">imp photoméca</tech>
            <tech source="final">imp photoméca</tech>
          </ill>
        </ills>
        <blocIll ocr="0">2</blocIll>
      </page>
      <page hauteurPx="5093" largeurPx="3651" ordre="63">
        <nbMot>40</nbMot>
        <blocTexte>3</blocTexte>
        <blocTab>0</blocTab>
        <blocPub>3</blocPub>
        <ills>
          <ill classif="CCibm CCyolo" couleur="gris" edit="1" h="3151" n="63-1" pub="1" seg="1" source="hm" time="2020-12-01T19:04:49.793+01:00" w="2524" x="389" y="365">
            <contenuImg CS="0.741" lang="fr" source="ibm">pointe d'argent</contenuImg>
            <contenuImg CS="0.585" lang="fr" source="ibm">salle d'étude</contenuImg>
            <contenuImg CS="0.505" lang="fr" source="ibm">musée (intérieur)</contenuImg>
            <contenuImg CS="0.5" lang="fr" source="ibm">stylo et encre</contenuImg>
            <contenuImg CS="0.597" lang="fr" source="ibm">pièce</contenuImg>
            <contenuImg CS="0.944" coul="1" lang="fr" source="ibm">gris cendré</contenuImg>
            <contenuImg CS="0.657" coul="1" lang="fr" source="ibm">gris</contenuImg>
            <contenuImg CS="0.65" h="2506" lang="fr" source="yolo" w="2106" x="186" y="73">personne</contenuImg>
            <contenuImg CS="0.65" h="2506" lang="en" source="yolo" w="2106" x="186" y="73">person</contenuImg>
            <contenuImg CS="0.657" coul="1" lang="en" source="ibm">gray color</contenuImg>
            <contenuImg CS="0.944" coul="1" lang="en" source="ibm">ash grey color</contenuImg>
            <contenuImg CS="0.597" lang="en" source="ibm">room</contenuImg>
            <contenuImg CS="0.5" lang="en" source="ibm">pen-and-ink</contenuImg>
            <contenuImg CS="0.505" lang="en" source="ibm">Museum (Indoor)</contenuImg>
            <contenuImg CS="0.585" lang="en" source="ibm">study</contenuImg>
            <contenuImg CS="0.741" lang="en" source="ibm">silverpoint</contenuImg>
            <txt source="google">"Claude - ENVOI DE NOTRE - CATALOGUE - ILLUSTRÉ CONTRE - 1 fr. 50 - Téléph. Central or -12 - che Besfosse - ",</txt>
            <fonction source="final">repro/dessin</fonction>
            <fonction source="md">repro/dessin</fonction>
            <genre source="hm" time="2020-12-01T19:05:12.381+01:00">publicité</genre>
            <genre source="final">publicité</genre>
            <tech source="hm" time="2020-12-03T15:48:11.915+01:00">imp photoméca</tech>
            <tech source="final">imp photoméca</tech>
          </ill>
        </ills>
        <blocIll ocr="0">1</blocIll>
      </page>
      <page hauteurPx="5079" largeurPx="3671" ordre="64">
        <nbMot>62</nbMot>
        <blocTexte>4</blocTexte>
        <blocTab>0</blocTab>
        <blocPub>4</blocPub>
        <ills>
          <ill classif="CCibm CCyolo" couleur="coul" edit="1" h="4575" n="64-1" pub="1" seg="1" source="hm" time="2020-12-01T19:05:17.489+01:00" w="3315" x="324" y="201">
            <contenuImg CS="0.683" lang="fr" source="ibm">couverture de livre</contenuImg>
            <contenuImg CS="0.683" lang="fr" source="ibm">emballage</contenuImg>
            <contenuImg CS="0.919" lang="fr" source="ibm">magazine</contenuImg>
            <contenuImg CS="0.593" lang="fr" source="ibm">supplément illustré</contenuImg>
            <contenuImg CS="0.5" lang="fr" source="ibm">magazine d'information</contenuImg>
            <contenuImg CS="0.801" lang="fr" source="ibm">presse écrite</contenuImg>
            <contenuImg CS="0.973" coul="1" lang="fr" source="ibm">brun rougeâtre</contenuImg>
            <contenuImg CS="0.27" h="1473" lang="fr" source="yolo" w="2386" x="200" y="1450">personne</contenuImg>
            <contenuImg CS="0.27" h="1473" lang="en" source="yolo" w="2386" x="200" y="1450">person</contenuImg>
            <contenuImg b="146" coul="1" g="178" ordre="8" r="192" source="colorific" type="frg">#c0b292</contenuImg>
            <contenuImg b="114" coul="1" g="185" ordre="7" r="225" source="colorific" type="frg">#e1b972</contenuImg>
            <contenuImg b="255" coul="1" g="255" ordre="6" r="255" source="colorific" type="frg">#ffffff</contenuImg>
            <contenuImg b="82" coul="1" g="82" ordre="5" r="101" source="colorific" type="frg">#655252</contenuImg>
            <contenuImg b="157" coul="1" g="164" ordre="4" r="178" source="colorific" type="frg">#b2a49d</contenuImg>
            <contenuImg b="150" coul="1" g="122" ordre="3" r="93" source="colorific" type="frg">#5d7a96</contenuImg>
            <contenuImg b="136" coul="1" g="132" ordre="2" r="127" source="colorific" type="frg">#7f8488</contenuImg>
            <contenuImg b="93" coul="1" g="81" ordre="1" r="82" source="colorific" type="frg">#52515d</contenuImg>
            <contenuImg CS="0.973" coul="1" lang="en" source="ibm">reddish brown color</contenuImg>
            <contenuImg CS="0.801" lang="en" source="ibm">print media</contenuImg>
            <contenuImg CS="0.5" lang="en" source="ibm">news magazine</contenuImg>
            <contenuImg CS="0.593" lang="en" source="ibm">colour supplement</contenuImg>
            <contenuImg CS="0.919" lang="en" source="ibm">magazine</contenuImg>
            <contenuImg CS="0.683" lang="en" source="ibm">wrapping</contenuImg>
            <contenuImg CS="0.683" lang="en" source="ibm">book jacket</contenuImg>
            <txt source="google">"LA BOHÈME - PARFUM ENIVRANT - ARLY - ARLY - VIVAUDOU - DELETTREZ - 15. RUE ROYALE - PARIS - LONDRES - NEW-YORK - ORPAYNE - EDMUND EVANS LTO LONDON - ",</txt>
            <fonction source="final">repro/dessin</fonction>
            <fonction source="md">repro/dessin</fonction>
            <genre source="hm" time="2020-12-01T19:05:45.122+01:00">publicité</genre>
            <genre source="final">publicité</genre>
            <tech source="hm" time="2020-12-03T15:48:11.915+01:00">imp photoméca</tech>
            <tech source="final">imp photoméca</tech>
          </ill>
        </ills>
        <blocIll ocr="0">1</blocIll>
      </page>
    </pages>
  </contenus>
</analyseAlto>