<analyseAlto>
  <metad>
    <type>R</type>
    <ID>bpt6k6537266v</ID>
    <notice>cb343833568</notice>
    <titre>Vogue 1921/03/15 (Volume 2, Numéro 7)</titre>
    <dateEdition>1921-03-15</dateEdition>
    <lang>fre</lang>
    <source>BnF</source>
    <nbPage>60</nbPage>
  </metad>
  <contenus>
    <largeur>160</largeur>
    <hauteur>214</hauteur>
    <largeurPx>3793</largeurPx>
    <hauteurPx>5065</hauteurPx>
    <pages>
      <page hauteurPx="5065" largeurPx="3793" ordre="1">
        <nbMot>5</nbMot>
        <blocTexte>2</blocTexte>
        <blocTab>0</blocTab>
        <blocPub>0</blocPub>
        <blocIll ocr="1">1</blocIll>
        <ills/>
      </page>
      <page hauteurPx="5119" largeurPx="3615" ordre="2">
        <nbMot>30</nbMot>
        <blocTexte>2</blocTexte>
        <blocTab>0</blocTab>
        <blocPub>0</blocPub>
        <blocIll ocr="1">1</blocIll>
        <ills>
          <ill classif="CCyolo CCibm" couleur="gris" edit="true" h="2458" n="2-1" pub="1" taille="3" w="3062" x="416" y="1258">
            <contenuImg CS="0.733" lang="fr" source="ibm">cabane Nissen</contenuImg>
            <contenuImg CS="0.736" lang="fr" source="ibm">abri</contenuImg>
            <contenuImg CS="0.629" lang="fr" source="ibm">antichambre</contenuImg>
            <contenuImg CS="0.787" lang="fr" source="ibm">pièce</contenuImg>
            <contenuImg CS="0.567" lang="fr" source="ibm">alcôve</contenuImg>
            <contenuImg CS="0.568" lang="fr" source="ibm">haie bocagère</contenuImg>
            <contenuImg CS="0.5" lang="fr" source="ibm">salon</contenuImg>
            <contenuImg CS="0.591" lang="fr" source="ibm">bâtiment</contenuImg>
            <contenuImg CS="0.897" coul="1" lang="fr" source="ibm">sauge</contenuImg>
            <contenuImg CS="0.592" coul="1" lang="fr" source="ibm">gris cendré</contenuImg>
            <contenuImg CS="0.592" coul="1" lang="en" source="ibm">ash grey color</contenuImg>
            <contenuImg CS="0.897" coul="1" lang="en" source="ibm">sage green color</contenuImg>
            <contenuImg CS="0.591" lang="en" source="ibm">building</contenuImg>
            <contenuImg CS="0.5" lang="en" source="ibm">lounge</contenuImg>
            <contenuImg CS="0.568" lang="en" source="ibm">enclosure</contenuImg>
            <contenuImg CS="0.567" lang="en" source="ibm">recess</contenuImg>
            <contenuImg CS="0.787" lang="en" source="ibm">room</contenuImg>
            <contenuImg CS="0.629" lang="en" source="ibm">anteroom</contenuImg>
            <contenuImg CS="0.736" lang="en" source="ibm">shelter</contenuImg>
            <contenuImg CS="0.733" lang="en" source="ibm">Nissen hut</contenuImg>
            <contenuImg CS="0.75" h="636" lang="fr" source="yolo" w="716" x="1480" y="1550">chaise</contenuImg>
            <contenuImg CS="0.75" h="636" lang="en" source="yolo" w="716" x="1480" y="1550">chair</contenuImg>
            <contenuImg CS="0.93" h="610" lang="en" source="yolo" w="660" x="210" y="1533">chair</contenuImg>
            <contenuImg CS="0.97" h="713" lang="en" source="yolo" w="460" x="2480" y="1256">chair</contenuImg>
            <contenuImg CS="0.99" h="753" lang="en" source="yolo" w="553" x="843" y="1226">chair</contenuImg>
            <genre source="final">publicité</genre>
            <genre source="md">publicité</genre>
            <fonction source="final">repro/photo</fonction>
            <fonction CS="0.96" source="TensorFlow">repro/photo</fonction>
            <tech CS="1" source="md">imp photoméca</tech>
            <leg>d; lourww CI TWZauJ^ 1 /,)(w, J-Z:(J/J  V ~2~É~~-/OO S^u/fn /- / * S//L {*Y/  //te y/ïz/vé C).</leg>
            <txt>^au/rzariÂf c J~e~ ~~VT ~2/7 c  Q(7/n Lùâ£ e/?2^2/2^ de  , cMa/im. ^j^^cier^ w  eA) ^au/rzariÂf c J~e~ ~~VT ~2/7 c  Q(7/n Lùâ£ e/?2^2/2^ de  , cMa/im. ^j^^cier^ w  eA)</txt>
            <tech source="hm" time="2020-12-03T15:43:35.399+01:00">imp photoméca</tech>
            <tech source="final">imp photoméca</tech>
          </ill>
        </ills>
      </page>
      <page hauteurPx="5073" largeurPx="3773" ordre="3">
        <nbMot>22</nbMot>
        <blocTexte>6</blocTexte>
        <blocTab>0</blocTab>
        <blocPub>0</blocPub>
        <blocIll ocr="1">1</blocIll>
        <ills>
          <ill classif="CCyolo CCibm" couleur="gris" edit="true" h="3261" n="3-1" pub="1" taille="4" w="3284" x="135" y="834">
            <contenuImg CS="0.579" lang="fr" source="ibm">photomicrographie</contenuImg>
            <contenuImg CS="0.54" lang="fr" source="ibm">négatif</contenuImg>
            <contenuImg CS="0.544" lang="fr" source="ibm">film photographique</contenuImg>
            <contenuImg CS="0.544" lang="fr" source="ibm">matériel photographique</contenuImg>
            <contenuImg CS="0.5" lang="fr" source="ibm">tapis oriental</contenuImg>
            <contenuImg CS="0.531" lang="fr" source="ibm">couverture</contenuImg>
            <contenuImg CS="0.532" lang="fr" source="ibm">revêtement de sol</contenuImg>
            <contenuImg CS="0.599" lang="fr" source="ibm">cellule</contenuImg>
            <contenuImg CS="0.6" lang="fr" source="ibm">tissu</contenuImg>
            <contenuImg CS="0.822" coul="1" lang="fr" source="ibm">violet</contenuImg>
            <contenuImg CS="0.822" coul="1" lang="en" source="ibm">purple color</contenuImg>
            <contenuImg CS="0.6" lang="en" source="ibm">fabric</contenuImg>
            <contenuImg CS="0.599" lang="en" source="ibm">cell</contenuImg>
            <contenuImg CS="0.532" lang="en" source="ibm">floor cover</contenuImg>
            <contenuImg CS="0.531" lang="en" source="ibm">rug</contenuImg>
            <contenuImg CS="0.5" lang="en" source="ibm">oriental rug</contenuImg>
            <contenuImg CS="0.544" lang="en" source="ibm">photographic equipment</contenuImg>
            <contenuImg CS="0.544" lang="en" source="ibm">photographic film</contenuImg>
            <contenuImg CS="0.54" lang="en" source="ibm">negative</contenuImg>
            <contenuImg CS="0.579" lang="en" source="ibm">photomicrograph (photograph)</contenuImg>
            <contenuImg CS="0.99" h="2616" lang="fr" source="yolo" w="790" x="1803" y="353">personne</contenuImg>
            <contenuImg CS="0.70" h="226" lang="fr" source="yolo" w="60" x="1276" y="773">cravate</contenuImg>
            <contenuImg CS="0.70" h="226" lang="en" source="yolo" w="60" x="1276" y="773">tie</contenuImg>
            <contenuImg CS="0.72" h="353" lang="en" source="yolo" w="66" x="2100" y="786">tie</contenuImg>
            <contenuImg CS="0.99" h="2616" lang="en" source="yolo" w="790" x="1803" y="353">person</contenuImg>
            <contenuImg CS="1.00" h="2623" lang="en" source="yolo" w="803" x="940" y="356">person</contenuImg>
            <fonction CS="0.81" source="TensorFlow">repro/photo</fonction>
            <tech CS="1" source="md">imp photoméca</tech>
            <leg>TAILOR PARI5 I 8 20 AVENUE DE L OPÉRA TÉLÉPHONE: CENTRAL, 96.16 96.34 LONDON CANNE5 NICE</leg>
            <txt>BARC LAY VOG U E</txt>
            <fonction source="hm" time="2020-11-10T15:24:22.168+01:00">repro/dessin</fonction>
            <fonction source="final">repro/dessin</fonction>
            <genre source="hm" time="2020-12-02T19:57:14.038+01:00">publicité</genre>
            <genre source="final">publicité</genre>
            <tech source="hm" time="2020-12-03T15:43:35.399+01:00">imp photoméca</tech>
            <tech source="final">imp photoméca</tech>
          </ill>
        </ills>
      </page>
      <page hauteurPx="5097" largeurPx="3545" ordre="4">
        <nbMot>67</nbMot>
        <blocTexte>6</blocTexte>
        <blocTab>0</blocTab>
        <blocPub>0</blocPub>
        <blocIll ocr="1">1</blocIll>
        <ills>
          <ill classif="CCyolo CCibm" couleur="gris" edit="true" h="2499" n="4-1" pub="1" taille="2" w="1920" x="982" y="604">
            <contenuImg CS="0.699" lang="fr" source="ibm">suffragette</contenuImg>
            <contenuImg CS="0.7" lang="fr" source="ibm">personne</contenuImg>
            <contenuImg CS="0.5" lang="fr" source="ibm">menu-vair</contenuImg>
            <contenuImg CS="0.596" lang="fr" source="ibm">pièce</contenuImg>
            <contenuImg CS="0.922" coul="1" lang="fr" source="ibm">gris cendré</contenuImg>
            <contenuImg CS="0.922" coul="1" lang="en" source="ibm">ash grey color</contenuImg>
            <contenuImg CS="0.596" lang="en" source="ibm">room</contenuImg>
            <contenuImg CS="0.5" lang="en" source="ibm">miniver</contenuImg>
            <contenuImg CS="0.7" lang="en" source="ibm">person</contenuImg>
            <contenuImg CS="0.699" lang="en" source="ibm">women's voting rights activist</contenuImg>
            <contenuImg CS="0.99" h="2230" lang="fr" source="yolo" w="1543" x="223" y="166">personne</contenuImg>
            <contenuImg CS="0.99" h="2230" lang="en" source="yolo" w="1543" x="223" y="166">person</contenuImg>
            <genre source="final">publicité</genre>
            <genre source="md">publicité</genre>
            <fonction source="final">repro/photo</fonction>
            <fonction CS="0.99" source="TensorFlow">repro/photo</fonction>
            <tech CS="1" source="md">imp photoméca</tech>
            <leg>L ES CREATIONS TECLA ne sont ni annoncées, ni vendues comme perles orientales, nous ne pouvons donc être rendus responsables du fait qu elles sont généralement prises pour telles, en tous lieux et a toutes occasions ou elles sont portées en public. IFÊ,I  10 ^ue de la tfaioc,</leg>
            <txt>ii V 0 GUE 1 ii V 0 GUE 1</txt>
            <tech source="hm" time="2020-12-03T15:43:35.399+01:00">imp photoméca</tech>
            <tech source="final">imp photoméca</tech>
          </ill>
        </ills>
      </page>
      <page hauteurPx="5113" largeurPx="3847" ordre="5">
        <nbMot>240</nbMot>
        <blocTexte>18</blocTexte>
        <blocTab>0</blocTab>
        <blocPub>17</blocPub>
        <blocIll ocr="2">3</blocIll>
        <ills>
          <ill classif="CCyolo CCibm" couleur="gris" edit="1" h="1326" n="5-1" pub="1" taille="0" w="1068" x="340" y="3340">
            <contenuImg CS="0.653" lang="fr" source="ibm">disque</contenuImg>
            <contenuImg CS="0.653" lang="fr" source="ibm">cercle</contenuImg>
            <contenuImg CS="0.53" lang="fr" source="ibm">bouclier</contenuImg>
            <contenuImg CS="0.53" lang="fr" source="ibm">revêtement de protection</contenuImg>
            <contenuImg CS="0.512" lang="fr" source="ibm">LP</contenuImg>
            <contenuImg CS="0.512" lang="fr" source="ibm">dispositif mémoire</contenuImg>
            <contenuImg CS="0.5" lang="fr" source="ibm">foramen magnum</contenuImg>
            <contenuImg CS="0.6" lang="fr" source="ibm">enregistrement</contenuImg>
            <contenuImg CS="0.6" lang="fr" source="ibm">radiogramme</contenuImg>
            <contenuImg CS="0.902" coul="1" lang="fr" source="ibm">gris</contenuImg>
            <contenuImg CS="0.816" coul="1" lang="fr" source="ibm">charbon (couleur)</contenuImg>
            <contenuImg CS="0.816" coul="1" lang="en" source="ibm">charcoal color</contenuImg>
            <contenuImg CS="0.902" coul="1" lang="en" source="ibm">gray color</contenuImg>
            <contenuImg CS="0.6" lang="en" source="ibm">radiogram</contenuImg>
            <contenuImg CS="0.6" lang="en" source="ibm">recording</contenuImg>
            <contenuImg CS="0.5" lang="en" source="ibm">foramen magnum</contenuImg>
            <contenuImg CS="0.512" lang="en" source="ibm">memory device</contenuImg>
            <contenuImg CS="0.512" lang="en" source="ibm">LP</contenuImg>
            <contenuImg CS="0.53" lang="en" source="ibm">protective covering</contenuImg>
            <contenuImg CS="0.53" lang="en" source="ibm">shield</contenuImg>
            <contenuImg CS="0.653" lang="en" source="ibm">circle</contenuImg>
            <contenuImg CS="0.653" lang="en" source="ibm">disk</contenuImg>
            <contenuImg CS="0.45" h="1310" lang="fr" source="yolo" w="960" x="43" y="0">vase</contenuImg>
            <contenuImg CS="0.45" h="1310" lang="en" source="yolo" w="960" x="43" y="0">vase</contenuImg>
            <fonction source="final">repro/dessin</fonction>
            <fonction CS="0.96" source="TensorFlow">repro/dessin</fonction>
            <tech CS="1" source="md">imp photoméca</tech>
            <leg>Parfum Fleuri Les Parfums d Arys rendent les fleurs jalouses. ARYS 3 rue de la Paix 3 PARIS Toutes Parfumeries et Grands Magasins</leg>
            <txt>Faisons un Rêve Le fl acon d  art, fco. 50 fr. Evoque le printemps Envoi franco sur demande du Carnet e acon art, co. r. de Beauté du Dr. Reymondon</txt>
            <genre source="hm" time="2020-12-02T19:57:20.777+01:00">publicité</genre>
            <genre source="final">publicité</genre>
            <tech source="hm" time="2020-12-03T15:43:35.399+01:00">imp photoméca</tech>
            <tech source="final">imp photoméca</tech>
          </ill>
          <ill classif="CCibm" couleur="gris" edit="true" h="1386" n="5-2" pub="1" taille="0" w="1098" x="2203" y="3295">
            <contenuImg CS="0.614" lang="fr" source="ibm">cellule</contenuImg>
            <contenuImg CS="0.59" lang="fr" source="ibm">flan (monnaie)</contenuImg>
            <contenuImg CS="0.591" lang="fr" source="ibm">cercle</contenuImg>
            <contenuImg CS="0.511" lang="fr" source="ibm">ciliée (organisme)</contenuImg>
            <contenuImg CS="0.519" lang="fr" source="ibm">micro-organisme</contenuImg>
            <contenuImg CS="0.5" lang="fr" source="ibm">gastrula (organisme)</contenuImg>
            <contenuImg CS="0.5" lang="fr" source="ibm">animal</contenuImg>
            <contenuImg CS="0.601" lang="fr" source="ibm">disque</contenuImg>
            <contenuImg CS="0.597" lang="fr" source="ibm">silhouette</contenuImg>
            <contenuImg CS="0.588" lang="fr" source="ibm">plante</contenuImg>
            <contenuImg CS="0.924" coul="1" lang="fr" source="ibm">gris</contenuImg>
            <contenuImg CS="0.705" coul="1" lang="fr" source="ibm">sauge</contenuImg>
            <contenuImg CS="0.705" coul="1" lang="en" source="ibm">sage green color</contenuImg>
            <contenuImg CS="0.924" coul="1" lang="en" source="ibm">gray color</contenuImg>
            <contenuImg CS="0.588" lang="en" source="ibm">plant</contenuImg>
            <contenuImg CS="0.597" lang="en" source="ibm">figure</contenuImg>
            <contenuImg CS="0.601" lang="en" source="ibm">disk</contenuImg>
            <contenuImg CS="0.5" lang="en" source="ibm">animal</contenuImg>
            <contenuImg CS="0.5" lang="en" source="ibm">gastrula (organism)</contenuImg>
            <contenuImg CS="0.519" lang="en" source="ibm">microorganism</contenuImg>
            <contenuImg CS="0.511" lang="en" source="ibm">ciliate (organism)</contenuImg>
            <contenuImg CS="0.591" lang="en" source="ibm">circle</contenuImg>
            <contenuImg CS="0.59" lang="en" source="ibm">planchet</contenuImg>
            <contenuImg CS="0.614" lang="en" source="ibm">cell</contenuImg>
            <genre source="final">publicité</genre>
            <genre source="md">publicité</genre>
            <fonction source="final">repro/dessin</fonction>
            <fonction CS="0.78" source="TensorFlow">repro/dessin</fonction>
            <tech CS="1" source="md">imp photoméca</tech>
            <leg>Parfum Troublant, Captivant, Pénétrant</leg>
            <txt>Un Jour Viendra Toutes Parfumeries et Grands Magasins</txt>
            <tech source="hm" time="2020-12-03T15:43:35.399+01:00">imp photoméca</tech>
            <tech source="final">imp photoméca</tech>
          </ill>
          <ill classif="CCibm CCyolo" couleur="gris" edit="1" h="1727" n="5-3" pub="1" seg="1" source="hm" time="2020-12-02T19:57:21.754+01:00" w="1537" x="972" y="890">
            <txt source="google">"Parj - Po - 2 - 1 - Cr - Tu - Ba - Ea - La - Sa - Fa - fr. - fr. - ",</txt>
            <contenuImg CS="0.933" lang="fr" source="ibm">stylo et encre</contenuImg>
            <contenuImg CS="0.594" lang="fr" source="ibm">linogravure</contenuImg>
            <contenuImg CS="0.787" lang="fr" source="ibm">pièce</contenuImg>
            <contenuImg CS="0.8" coul="1" lang="fr" source="ibm">gris</contenuImg>
            <contenuImg CS="0.795" coul="1" lang="fr" source="ibm">noir</contenuImg>
            <contenuImg CS="0.30" h="1450" lang="fr" source="yolo" w="1270" x="266" y="243">cheval</contenuImg>
            <contenuImg CS="0.30" h="1450" lang="en" source="yolo" w="1270" x="266" y="243">horse</contenuImg>
            <contenuImg CS="0.795" coul="1" lang="en" source="ibm">black color</contenuImg>
            <contenuImg CS="0.8" coul="1" lang="en" source="ibm">gray color</contenuImg>
            <contenuImg CS="0.787" lang="en" source="ibm">room</contenuImg>
            <contenuImg CS="0.594" lang="en" source="ibm">linocut design</contenuImg>
            <contenuImg CS="0.933" lang="en" source="ibm">pen-and-ink</contenuImg>
            <fonction source="final">repro/dessin</fonction>
            <fonction source="md">repro/dessin</fonction>
            <genre source="hm" time="2020-12-02T19:57:39.024+01:00">publicité</genre>
            <genre source="final">publicité</genre>
            <tech source="hm" time="2020-12-03T15:43:35.399+01:00">imp photoméca</tech>
            <tech source="final">imp photoméca</tech>
          </ill>
        </ills>
      </page>
      <page hauteurPx="5097" largeurPx="3631" ordre="6">
        <nbMot>17</nbMot>
        <blocTexte>2</blocTexte>
        <blocTab>0</blocTab>
        <blocPub>0</blocPub>
        <blocIll ocr="1">1</blocIll>
        <ills>
          <ill classif="CCibm CCyolo" couleur="gris" edit="true" h="3808" n="6-1" pub="1" seg="1" source="hm" taille="5" w="2574" x="716" y="641">
            <contenuImg CS="0.599" lang="fr" source="ibm">personne</contenuImg>
            <contenuImg CS="0.602" lang="fr" source="ibm">hystérosalpingographie (rayons x)</contenuImg>
            <contenuImg CS="0.604" lang="fr" source="ibm">radiogramme</contenuImg>
            <contenuImg CS="0.58" lang="fr" source="ibm">galerie d'art</contenuImg>
            <contenuImg CS="0.58" lang="fr" source="ibm">pièce</contenuImg>
            <contenuImg CS="0.5" lang="fr" source="ibm">porte-voix</contenuImg>
            <contenuImg CS="0.5" lang="fr" source="ibm">haut-parleur</contenuImg>
            <contenuImg CS="0.5" lang="fr" source="ibm">appareil électrique</contenuImg>
            <contenuImg CS="0.992" coul="1" lang="fr" source="ibm">noir</contenuImg>
            <contenuImg CS="0.68" h="3560" lang="fr" source="yolo" w="1690" x="200" y="223">personne</contenuImg>
            <contenuImg CS="0.68" h="3560" lang="en" source="yolo" w="1690" x="200" y="223">person</contenuImg>
            <contenuImg CS="0.992" coul="1" lang="en" source="ibm">black color</contenuImg>
            <contenuImg CS="0.5" lang="en" source="ibm">electrical device</contenuImg>
            <contenuImg CS="0.5" lang="en" source="ibm">loudspeaker</contenuImg>
            <contenuImg CS="0.5" lang="en" source="ibm">bullhorn</contenuImg>
            <contenuImg CS="0.58" lang="en" source="ibm">room</contenuImg>
            <contenuImg CS="0.58" lang="en" source="ibm">art gallery</contenuImg>
            <contenuImg CS="0.604" lang="en" source="ibm">radiogram</contenuImg>
            <contenuImg CS="0.602" lang="en" source="ibm">hysterosalpingogram (x-ray)</contenuImg>
            <contenuImg CS="0.599" lang="en" source="ibm">person</contenuImg>
            <fonction source="final">repro/photo</fonction>
            <fonction CS="0.97" source="TensorFlow">repro/photo</fonction>
            <tech CS="1" source="md">imp photoméca</tech>
            <leg>Me Marthe Régnier dans le  Caducée  habillée par Madekine et Madeleine 104, Champs Elysées</leg>
            <txt>iv FOGi iv iv FOGi iv</txt>
            <genre source="hm" time="2020-12-02T19:58:09.736+01:00">publicité</genre>
            <genre source="final">publicité</genre>
            <tech source="hm" time="2020-12-03T15:43:35.399+01:00">imp photoméca</tech>
            <tech source="final">imp photoméca</tech>
          </ill>
        </ills>
      </page>
      <page hauteurPx="5125" largeurPx="3863" ordre="7">
        <nbMot>980</nbMot>
        <blocTexte>31</blocTexte>
        <blocTab>5</blocTab>
        <blocPub>0</blocPub>
        <blocIll ocr="1">1</blocIll>
        <ills/>
      </page>
      <page hauteurPx="5099" largeurPx="3553" ordre="8">
        <nbMot>63</nbMot>
        <blocTexte>2</blocTexte>
        <blocTab>0</blocTab>
        <blocPub>0</blocPub>
        <blocIll ocr="1">1</blocIll>
        <ills/>
      </page>
      <page hauteurPx="5073" largeurPx="3793" ordre="9">
        <nbMot>701</nbMot>
        <blocTexte>22</blocTexte>
        <blocTab>0</blocTab>
        <blocPub>0</blocPub>
        <blocIll ocr="1">1</blocIll>
        <ills/>
      </page>
      <page hauteurPx="5107" largeurPx="3593" ordre="10">
        <nbMot>616</nbMot>
        <blocTexte>21</blocTexte>
        <blocTab>0</blocTab>
        <blocPub>0</blocPub>
        <blocIll ocr="3">3</blocIll>
        <ills/>
      </page>
      <page hauteurPx="5151" largeurPx="3725" ordre="11">
        <nbMot>649</nbMot>
        <blocTexte>16</blocTexte>
        <blocTab>0</blocTab>
        <blocPub>0</blocPub>
        <blocIll ocr="3">3</blocIll>
        <ills/>
      </page>
      <page hauteurPx="5077" largeurPx="3549" ordre="12">
        <nbMot>449</nbMot>
        <blocTexte>14</blocTexte>
        <blocTab>0</blocTab>
        <blocPub>0</blocPub>
        <blocIll ocr="3">3</blocIll>
        <ills/>
      </page>
      <page hauteurPx="5157" largeurPx="3733" ordre="13">
        <nbMot>358</nbMot>
        <blocTexte>12</blocTexte>
        <blocTab>0</blocTab>
        <blocPub>0</blocPub>
        <blocIll ocr="3">3</blocIll>
        <ills/>
      </page>
      <page hauteurPx="5095" largeurPx="3573" ordre="14">
        <nbMot>693</nbMot>
        <blocTexte>14</blocTexte>
        <blocTab>0</blocTab>
        <blocPub>0</blocPub>
        <blocIll ocr="3">3</blocIll>
        <ills/>
      </page>
      <page hauteurPx="5157" largeurPx="3733" ordre="15">
        <nbMot>659</nbMot>
        <blocTexte>18</blocTexte>
        <blocTab>0</blocTab>
        <blocPub>0</blocPub>
        <blocIll ocr="3">3</blocIll>
        <ills/>
      </page>
      <page hauteurPx="5105" largeurPx="3601" ordre="16">
        <nbMot>159</nbMot>
        <blocTexte>9</blocTexte>
        <blocTab>0</blocTab>
        <blocPub>0</blocPub>
        <blocIll ocr="3">3</blocIll>
        <ills/>
      </page>
      <page hauteurPx="5161" largeurPx="3775" ordre="17">
        <nbMot>614</nbMot>
        <blocTexte>18</blocTexte>
        <blocTab>0</blocTab>
        <blocPub>0</blocPub>
        <blocIll ocr="3">3</blocIll>
        <ills/>
      </page>
      <page hauteurPx="5103" largeurPx="3577" ordre="18">
        <nbMot>387</nbMot>
        <blocTexte>18</blocTexte>
        <blocTab>0</blocTab>
        <blocPub>0</blocPub>
        <blocIll ocr="2">2</blocIll>
        <ills/>
      </page>
      <page hauteurPx="5187" largeurPx="3809" ordre="19">
        <nbMot>633</nbMot>
        <blocTexte>20</blocTexte>
        <blocTab>0</blocTab>
        <blocPub>0</blocPub>
        <blocIll ocr="1">1</blocIll>
        <ills/>
      </page>
      <page hauteurPx="5129" largeurPx="3603" ordre="20">
        <nbMot>309</nbMot>
        <blocTexte>8</blocTexte>
        <blocTab>0</blocTab>
        <blocPub>0</blocPub>
        <blocIll ocr="2">2</blocIll>
        <ills/>
      </page>
      <page hauteurPx="5191" largeurPx="3815" ordre="21">
        <nbMot>284</nbMot>
        <blocTexte>7</blocTexte>
        <blocTab>0</blocTab>
        <blocPub>0</blocPub>
        <blocIll ocr="2">2</blocIll>
        <ills/>
      </page>
      <page hauteurPx="5149" largeurPx="3625" ordre="22">
        <nbMot>270</nbMot>
        <blocTexte>11</blocTexte>
        <blocTab>0</blocTab>
        <blocPub>0</blocPub>
        <blocIll ocr="3">3</blocIll>
        <ills/>
      </page>
      <page hauteurPx="5137" largeurPx="3741" ordre="23">
        <nbMot>935</nbMot>
        <blocTexte>32</blocTexte>
        <blocTab>0</blocTab>
        <blocPub>0</blocPub>
        <blocIll ocr="5">5</blocIll>
        <ills/>
      </page>
      <page hauteurPx="5091" largeurPx="3581" ordre="24">
        <nbMot>166</nbMot>
        <blocTexte>8</blocTexte>
        <blocTab>0</blocTab>
        <blocPub>0</blocPub>
        <blocIll ocr="4">4</blocIll>
        <ills/>
      </page>
      <page hauteurPx="5137" largeurPx="3741" ordre="25">
        <nbMot>185</nbMot>
        <blocTexte>8</blocTexte>
        <blocTab>0</blocTab>
        <blocPub>0</blocPub>
        <blocIll ocr="3">3</blocIll>
        <ills/>
      </page>
      <page hauteurPx="5097" largeurPx="3551" ordre="26">
        <nbMot>304</nbMot>
        <blocTexte>5</blocTexte>
        <blocTab>0</blocTab>
        <blocPub>0</blocPub>
        <blocIll ocr="2">2</blocIll>
        <ills/>
      </page>
      <page hauteurPx="5145" largeurPx="3779" ordre="27">
        <nbMot>624</nbMot>
        <blocTexte>15</blocTexte>
        <blocTab>0</blocTab>
        <blocPub>0</blocPub>
        <blocIll ocr="3">3</blocIll>
        <ills/>
      </page>
      <page hauteurPx="5101" largeurPx="3589" ordre="28">
        <nbMot>383</nbMot>
        <blocTexte>18</blocTexte>
        <blocTab>0</blocTab>
        <blocPub>0</blocPub>
        <blocIll ocr="2">2</blocIll>
        <ills/>
      </page>
      <page hauteurPx="5147" largeurPx="3783" ordre="29">
        <nbMot>753</nbMot>
        <blocTexte>16</blocTexte>
        <blocTab>0</blocTab>
        <blocPub>0</blocPub>
        <blocIll ocr="2">2</blocIll>
        <ills/>
      </page>
      <page hauteurPx="5109" largeurPx="3531" ordre="30">
        <nbMot>537</nbMot>
        <blocTexte>17</blocTexte>
        <blocTab>0</blocTab>
        <blocPub>0</blocPub>
        <blocIll ocr="3">3</blocIll>
        <ills/>
      </page>
      <page hauteurPx="5123" largeurPx="3697" ordre="31">
        <nbMot>1018</nbMot>
        <blocTexte>22</blocTexte>
        <blocTab>0</blocTab>
        <blocPub>0</blocPub>
        <blocIll ocr="5">5</blocIll>
        <ills/>
      </page>
      <page hauteurPx="5141" largeurPx="3579" ordre="32">
        <nbMot>232</nbMot>
        <blocTexte>10</blocTexte>
        <blocTab>0</blocTab>
        <blocPub>0</blocPub>
        <blocIll ocr="2">3</blocIll>
        <ills/>
      </page>
      <page hauteurPx="5127" largeurPx="3705" ordre="33">
        <nbMot>189</nbMot>
        <blocTexte>8</blocTexte>
        <blocTab>0</blocTab>
        <blocPub>0</blocPub>
        <blocIll ocr="2">3</blocIll>
        <ills/>
      </page>
      <page hauteurPx="5107" largeurPx="3559" ordre="34">
        <nbMot>136</nbMot>
        <blocTexte>8</blocTexte>
        <blocTab>0</blocTab>
        <blocPub>0</blocPub>
        <blocIll ocr="3">3</blocIll>
        <ills/>
      </page>
      <page hauteurPx="5153" largeurPx="3739" ordre="35">
        <nbMot>107</nbMot>
        <blocTexte>8</blocTexte>
        <blocTab>0</blocTab>
        <blocPub>0</blocPub>
        <blocIll ocr="3">3</blocIll>
        <ills/>
      </page>
      <page hauteurPx="5069" largeurPx="3517" ordre="36">
        <nbMot>222</nbMot>
        <blocTexte>7</blocTexte>
        <blocTab>0</blocTab>
        <blocPub>0</blocPub>
        <blocIll ocr="3">3</blocIll>
        <ills/>
      </page>
      <page hauteurPx="5125" largeurPx="3701" ordre="37">
        <nbMot>201</nbMot>
        <blocTexte>10</blocTexte>
        <blocTab>0</blocTab>
        <blocPub>0</blocPub>
        <blocIll ocr="6">6</blocIll>
        <ills/>
      </page>
      <page hauteurPx="5105" largeurPx="3583" ordre="38">
        <nbMot>90</nbMot>
        <blocTexte>4</blocTexte>
        <blocTab>0</blocTab>
        <blocPub>0</blocPub>
        <blocIll ocr="1">1</blocIll>
        <ills/>
      </page>
      <page hauteurPx="5139" largeurPx="3719" ordre="39">
        <nbMot>1071</nbMot>
        <blocTexte>23</blocTexte>
        <blocTab>0</blocTab>
        <blocPub>0</blocPub>
        <blocIll ocr="1">1</blocIll>
        <ills/>
      </page>
      <page hauteurPx="5081" largeurPx="3549" ordre="40">
        <nbMot>19</nbMot>
        <blocTexte>2</blocTexte>
        <blocTab>0</blocTab>
        <blocPub>0</blocPub>
        <blocIll ocr="1">1</blocIll>
        <ills/>
      </page>
      <page hauteurPx="5125" largeurPx="3701" ordre="41">
        <nbMot>338</nbMot>
        <blocTexte>10</blocTexte>
        <blocTab>0</blocTab>
        <blocPub>0</blocPub>
        <blocIll ocr="3">3</blocIll>
        <ills/>
      </page>
      <page hauteurPx="5077" largeurPx="3509" ordre="42">
        <nbMot>198</nbMot>
        <blocTexte>15</blocTexte>
        <blocTab>0</blocTab>
        <blocPub>0</blocPub>
        <blocIll ocr="5">5</blocIll>
        <ills/>
      </page>
      <page hauteurPx="5133" largeurPx="3735" ordre="43">
        <nbMot>157</nbMot>
        <blocTexte>6</blocTexte>
        <blocTab>0</blocTab>
        <blocPub>0</blocPub>
        <blocIll ocr="2">2</blocIll>
        <ills/>
      </page>
      <page hauteurPx="5119" largeurPx="3589" ordre="44">
        <nbMot>133</nbMot>
        <blocTexte>12</blocTexte>
        <blocTab>0</blocTab>
        <blocPub>0</blocPub>
        <blocIll ocr="2">2</blocIll>
        <ills/>
      </page>
      <page hauteurPx="5135" largeurPx="3759" ordre="45">
        <nbMot>123</nbMot>
        <blocTexte>3</blocTexte>
        <blocTab>0</blocTab>
        <blocPub>0</blocPub>
        <blocIll ocr="2">2</blocIll>
        <ills/>
      </page>
      <page hauteurPx="5081" largeurPx="3537" ordre="46">
        <nbMot>289</nbMot>
        <blocTexte>17</blocTexte>
        <blocTab>0</blocTab>
        <blocPub>0</blocPub>
        <blocIll ocr="3">3</blocIll>
        <ills/>
      </page>
      <page hauteurPx="5145" largeurPx="3775" ordre="47">
        <nbMot>594</nbMot>
        <blocTexte>17</blocTexte>
        <blocTab>0</blocTab>
        <blocPub>0</blocPub>
        <blocIll ocr="2">2</blocIll>
        <ills/>
      </page>
      <page hauteurPx="5077" largeurPx="3533" ordre="48">
        <nbMot>223</nbMot>
        <blocTexte>8</blocTexte>
        <blocTab>0</blocTab>
        <blocPub>0</blocPub>
        <blocIll ocr="5">5</blocIll>
        <ills/>
      </page>
      <page hauteurPx="5105" largeurPx="3633" ordre="49">
        <nbMot>222</nbMot>
        <blocTexte>11</blocTexte>
        <blocTab>0</blocTab>
        <blocPub>0</blocPub>
        <blocIll ocr="4">4</blocIll>
        <ills/>
      </page>
      <page hauteurPx="5097" largeurPx="3561" ordre="50">
        <nbMot>259</nbMot>
        <blocTexte>8</blocTexte>
        <blocTab>0</blocTab>
        <blocPub>0</blocPub>
        <blocIll ocr="4">4</blocIll>
        <ills/>
      </page>
      <page hauteurPx="5123" largeurPx="3689" ordre="51">
        <nbMot>259</nbMot>
        <blocTexte>12</blocTexte>
        <blocTab>0</blocTab>
        <blocPub>0</blocPub>
        <blocIll ocr="5">5</blocIll>
        <ills/>
      </page>
      <page hauteurPx="5091" largeurPx="3545" ordre="52">
        <nbMot>269</nbMot>
        <blocTexte>13</blocTexte>
        <blocTab>0</blocTab>
        <blocPub>0</blocPub>
        <blocIll ocr="2">2</blocIll>
        <ills/>
      </page>
      <page hauteurPx="5117" largeurPx="3625" ordre="53">
        <nbMot>233</nbMot>
        <blocTexte>13</blocTexte>
        <blocTab>0</blocTab>
        <blocPub>0</blocPub>
        <blocIll ocr="3">3</blocIll>
        <ills/>
      </page>
      <page hauteurPx="5077" largeurPx="3521" ordre="54">
        <nbMot>149</nbMot>
        <blocTexte>9</blocTexte>
        <blocTab>0</blocTab>
        <blocPub>0</blocPub>
        <blocIll ocr="5">5</blocIll>
        <ills/>
      </page>
      <page hauteurPx="5109" largeurPx="3637" ordre="55">
        <nbMot>53</nbMot>
        <blocTexte>6</blocTexte>
        <blocTab>0</blocTab>
        <blocPub>0</blocPub>
        <blocIll ocr="1">3</blocIll>
        <ills>
          <ill classif="CCibm CCyolo" couleur="gris" edit="true" h="1891" n="55-1" pub="1" seg="1" source="hm" taille="3" w="3249" x="36" y="266">
            <contenuImg CS="0.748" lang="fr" source="ibm">télégraphie sans fil</contenuImg>
            <contenuImg CS="0.832" lang="fr" source="ibm">télécommunication</contenuImg>
            <contenuImg CS="0.5" lang="fr" source="ibm">télégraphie</contenuImg>
            <contenuImg CS="0.5" lang="fr" source="ibm">radiotélégraphe</contenuImg>
            <contenuImg CS="0.503" lang="fr" source="ibm">système de communication</contenuImg>
            <contenuImg CS="0.514" lang="fr" source="ibm">système</contenuImg>
            <contenuImg CS="0.79" lang="fr" source="ibm">enregistreur</contenuImg>
            <contenuImg CS="0.8" lang="fr" source="ibm">équipement électronique</contenuImg>
            <contenuImg CS="0.815" coul="1" lang="fr" source="ibm">gris</contenuImg>
            <contenuImg CS="0.512" coul="1" lang="fr" source="ibm">gris cendré</contenuImg>
            <contenuImg CS="0.53" h="153" lang="fr" source="yolo" w="446" x="1976" y="1220">cuillère</contenuImg>
            <contenuImg CS="0.45" h="326" lang="fr" source="yolo" w="173" x="1066" y="990">bouteille</contenuImg>
            <contenuImg CS="0.34" h="213" lang="fr" source="yolo" w="193" x="816" y="1020">tasse</contenuImg>
            <contenuImg CS="0.34" h="213" lang="en" source="yolo" w="193" x="816" y="1020">cup</contenuImg>
            <contenuImg CS="0.35" h="116" lang="en" source="yolo" w="103" x="2216" y="1386">cup</contenuImg>
            <contenuImg CS="0.45" h="326" lang="en" source="yolo" w="173" x="1066" y="990">bottle</contenuImg>
            <contenuImg CS="0.46" h="186" lang="en" source="yolo" w="153" x="1283" y="1210">cup</contenuImg>
            <contenuImg CS="0.53" h="153" lang="en" source="yolo" w="446" x="1976" y="1220">spoon</contenuImg>
            <contenuImg CS="0.55" h="320" lang="en" source="yolo" w="163" x="1906" y="880">bottle</contenuImg>
            <contenuImg CS="0.62" h="200" lang="en" source="yolo" w="160" x="1733" y="1076">cup</contenuImg>
            <contenuImg CS="0.63" h="283" lang="en" source="yolo" w="233" x="1426" y="1073">cup</contenuImg>
            <contenuImg CS="0.66" h="116" lang="en" source="yolo" w="473" x="2373" y="1330">spoon</contenuImg>
            <contenuImg CS="0.70" h="106" lang="en" source="yolo" w="560" x="2326" y="1156">spoon</contenuImg>
            <contenuImg CS="0.76" h="83" lang="en" source="yolo" w="563" x="2120" y="1026">spoon</contenuImg>
            <contenuImg CS="0.512" coul="1" lang="en" source="ibm">ash grey color</contenuImg>
            <contenuImg CS="0.815" coul="1" lang="en" source="ibm">gray color</contenuImg>
            <contenuImg CS="0.8" lang="en" source="ibm">electronic equipment</contenuImg>
            <contenuImg CS="0.79" lang="en" source="ibm">recorder</contenuImg>
            <contenuImg CS="0.514" lang="en" source="ibm">system</contenuImg>
            <contenuImg CS="0.503" lang="en" source="ibm">communication system</contenuImg>
            <contenuImg CS="0.5" lang="en" source="ibm">radiotelegraph</contenuImg>
            <contenuImg CS="0.5" lang="en" source="ibm">telegraphy</contenuImg>
            <contenuImg CS="0.832" lang="en" source="ibm">telecommunication</contenuImg>
            <contenuImg CS="0.748" lang="en" source="ibm">wireless telegraphy</contenuImg>
            <fonction source="final">repro/photo</fonction>
            <fonction CS="0.88" source="TensorFlow">repro/photo</fonction>
            <tech CS="1" source="md">imp photoméca</tech>
            <leg>MALLETTE EN PEAU DE CROCODILE MALLETTE de voyage en peau de crocodile doublée soie contenant un magnifique nécessaire complet d articles de toilette avec monture d écaillé et argent massif. Un catalogue illustré sera envoyé franco sur demande. MÃJIDJIDKN êWEBIB (France) Ctd i Rue de la Paix, Paris</leg>
            <txt>jj iMars 49 jj iMars 49</txt>
            <genre source="hm" time="2020-12-02T20:04:16.339+01:00">publicité</genre>
            <genre source="final">publicité</genre>
            <tech source="hm" time="2020-12-03T15:43:35.399+01:00">imp photoméca</tech>
            <tech source="final">imp photoméca</tech>
          </ill>
          <ill classif="CCibm CCyolo" couleur="gris" edit="true" h="224" n="55-2" pub="1" seg="1" source="hm" taille="3" w="418" x="2588" y="2188">
            <contenuImg CS="0.546" lang="fr" source="ibm">arénavirus (virus)</contenuImg>
            <contenuImg CS="0.673" lang="fr" source="ibm">micro-organisme</contenuImg>
            <contenuImg CS="0.517" lang="fr" source="ibm">cellule</contenuImg>
            <contenuImg CS="0.512" lang="fr" source="ibm">arabesque (ornement)</contenuImg>
            <contenuImg CS="0.509" lang="fr" source="ibm">cortex cérébral</contenuImg>
            <contenuImg CS="0.5" lang="fr" source="ibm">virus Marburg</contenuImg>
            <contenuImg CS="0.599" lang="fr" source="ibm">tissu</contenuImg>
            <contenuImg CS="1" coul="1" lang="fr" source="ibm">gris cendré</contenuImg>
            <contenuImg CS="0.43" h="216" lang="fr" source="yolo" w="406" x="6" y="3">montre</contenuImg>
            <contenuImg CS="0.43" h="216" lang="en" source="yolo" w="406" x="6" y="3">clock</contenuImg>
            <contenuImg CS="1" coul="1" lang="en" source="ibm">ash grey color</contenuImg>
            <contenuImg CS="0.599" lang="en" source="ibm">fabric</contenuImg>
            <contenuImg CS="0.5" lang="en" source="ibm">Marburg virus</contenuImg>
            <contenuImg CS="0.509" lang="en" source="ibm">cerebral cortex</contenuImg>
            <contenuImg CS="0.512" lang="en" source="ibm">arabesque (ornament)</contenuImg>
            <contenuImg CS="0.517" lang="en" source="ibm">cell</contenuImg>
            <contenuImg CS="0.673" lang="en" source="ibm">microorganism</contenuImg>
            <contenuImg CS="0.546" lang="en" source="ibm">arenavirus (virus)</contenuImg>
            <fonction source="final">repro/photo</fonction>
            <fonction CS="0.88" source="TensorFlow">repro/photo</fonction>
            <tech CS="1" source="md">imp photoméca</tech>
            <leg>MALLETTE EN PEAU DE CROCODILE MALLETTE de voyage en peau de crocodile doublée soie contenant un magnifique nécessaire complet d articles de toilette avec monture d écaillé et argent massif. Un catalogue illustré sera envoyé franco sur demande. MÃJIDJIDKN êWEBIB (France) Ctd i Rue de la Paix, Paris</leg>
            <txt>jj iMars 49 jj iMars 49</txt>
            <genre source="hm" time="2020-12-02T20:04:21.675+01:00">publicité</genre>
            <genre source="final">publicité</genre>
            <tech source="hm" time="2020-12-03T15:43:35.399+01:00">imp photoméca</tech>
            <tech source="final">imp photoméca</tech>
          </ill>
          <ill classif="CCibm" couleur="gris" edit="1" h="376" n="55-3" pub="1" seg="1" source="hm" time="2020-12-02T20:04:27.418+01:00" w="2660" x="359" y="4514">
            <contenuImg CS="0.662" lang="fr" source="ibm">quipu (machine à calculer)</contenuImg>
            <contenuImg CS="0.662" lang="fr" source="ibm">calculatrice</contenuImg>
            <contenuImg CS="0.662" lang="fr" source="ibm">machine</contenuImg>
            <contenuImg CS="0.621" lang="fr" source="ibm">support d'étagère</contenuImg>
            <contenuImg CS="0.622" lang="fr" source="ibm">support mural</contenuImg>
            <contenuImg CS="0.622" lang="fr" source="ibm">support</contenuImg>
            <contenuImg CS="0.5" lang="fr" source="ibm">dentelle de Valenciennes</contenuImg>
            <contenuImg CS="0.523" lang="fr" source="ibm">dentelle</contenuImg>
            <contenuImg CS="0.523" lang="fr" source="ibm">tissu</contenuImg>
            <contenuImg CS="0.6" lang="fr" source="ibm">plante</contenuImg>
            <contenuImg CS="0.597" lang="fr" source="ibm">micro-organisme</contenuImg>
            <contenuImg CS="0.594" lang="fr" source="ibm">outil</contenuImg>
            <contenuImg CS="0.919" coul="1" lang="fr" source="ibm">gris</contenuImg>
            <contenuImg CS="0.699" coul="1" lang="fr" source="ibm">ivoire (couleur)</contenuImg>
            <contenuImg CS="0.699" coul="1" lang="en" source="ibm">ivory color</contenuImg>
            <contenuImg CS="0.919" coul="1" lang="en" source="ibm">gray color</contenuImg>
            <contenuImg CS="0.594" lang="en" source="ibm">tool</contenuImg>
            <contenuImg CS="0.597" lang="en" source="ibm">microorganism</contenuImg>
            <contenuImg CS="0.6" lang="en" source="ibm">plant</contenuImg>
            <contenuImg CS="0.523" lang="en" source="ibm">fabric</contenuImg>
            <contenuImg CS="0.523" lang="en" source="ibm">lace</contenuImg>
            <contenuImg CS="0.5" lang="en" source="ibm">Valenciennes lace</contenuImg>
            <contenuImg CS="0.622" lang="en" source="ibm">support</contenuImg>
            <contenuImg CS="0.622" lang="en" source="ibm">wall bracket</contenuImg>
            <contenuImg CS="0.621" lang="en" source="ibm">shelf bracket</contenuImg>
            <contenuImg CS="0.662" lang="en" source="ibm">machine</contenuImg>
            <contenuImg CS="0.662" lang="en" source="ibm">calculator</contenuImg>
            <contenuImg CS="0.662" lang="en" source="ibm">quipu calculator</contenuImg>
            <fonction source="final">repro/dessin</fonction>
            <fonction source="md">repro/dessin</fonction>
            <genre source="hm" time="2020-12-02T20:04:46.417+01:00">publicité</genre>
            <genre source="final">publicité</genre>
            <tech source="hm" time="2020-12-03T15:43:35.399+01:00">imp photoméca</tech>
            <tech source="final">imp photoméca</tech>
          </ill>
        </ills>
      </page>
      <page hauteurPx="5077" largeurPx="3521" ordre="56">
        <nbMot>1166</nbMot>
        <blocTexte>27</blocTexte>
        <blocTab>0</blocTab>
        <blocPub>6</blocPub>
        <blocIll ocr="2">3</blocIll>
        <ills>
          <ill classif="CCibm" couleur="gris" edit="1" h="2244" n="56-3" pub="1" seg="1" source="hm" time="2020-12-02T20:04:59.337+01:00" w="1561" x="361" y="268">
            <txt source="google">"Jacos - Lingerie - de Luxe - Trousseaux - 354.rue S Honoré - gari - GiP:optrap 92.03 - pour homme - 164 - 124 - Det - 1920 - ",</txt>
            <contenuImg CS="0.75" lang="fr" source="ibm">pointe d'argent</contenuImg>
            <contenuImg CS="0.653" lang="fr" source="ibm">salle d'étude</contenuImg>
            <contenuImg CS="0.572" lang="fr" source="ibm">studio d'art</contenuImg>
            <contenuImg CS="0.572" lang="fr" source="ibm">pièce</contenuImg>
            <contenuImg CS="0.736" coul="1" lang="fr" source="ibm">gris</contenuImg>
            <contenuImg CS="0.719" coul="1" lang="fr" source="ibm">gris cendré</contenuImg>
            <contenuImg CS="0.719" coul="1" lang="en" source="ibm">ash grey color</contenuImg>
            <contenuImg CS="0.736" coul="1" lang="en" source="ibm">gray color</contenuImg>
            <contenuImg CS="0.572" lang="en" source="ibm">room</contenuImg>
            <contenuImg CS="0.572" lang="en" source="ibm">Art Studio</contenuImg>
            <contenuImg CS="0.653" lang="en" source="ibm">study</contenuImg>
            <contenuImg CS="0.75" lang="en" source="ibm">silverpoint</contenuImg>
            <fonction source="final">repro/dessin</fonction>
            <fonction source="md">repro/dessin</fonction>
            <genre source="hm" time="2020-12-02T20:05:21.741+01:00">publicité</genre>
            <genre source="final">publicité</genre>
            <tech source="hm" time="2020-12-03T15:43:35.399+01:00">imp photoméca</tech>
            <tech source="final">imp photoméca</tech>
          </ill>
        </ills>
      </page>
      <page hauteurPx="5095" largeurPx="3767" ordre="57">
        <nbMot>482</nbMot>
        <blocTexte>13</blocTexte>
        <blocTab>0</blocTab>
        <blocPub>12</blocPub>
        <ills>
          <ill classif="CCibm CCyolo" couleur="gris" edit="1" h="3973" n="57-1" pub="1" seg="1" source="hm" time="2020-12-02T20:05:34.113+01:00" w="2366" x="608" y="803">
            <contenuImg CS="0.835" lang="fr" source="ibm">mémorial</contenuImg>
            <contenuImg CS="0.535" lang="fr" source="ibm">suffragette</contenuImg>
            <contenuImg CS="0.535" lang="fr" source="ibm">personne</contenuImg>
            <contenuImg CS="0.5" lang="fr" source="ibm">casque à pointe</contenuImg>
            <contenuImg CS="0.5" lang="fr" source="ibm">casque</contenuImg>
            <contenuImg CS="0.5" lang="fr" source="ibm">assiette</contenuImg>
            <contenuImg CS="0.5" lang="fr" source="ibm">bouclier</contenuImg>
            <contenuImg CS="0.5" lang="fr" source="ibm">revêtement de protection</contenuImg>
            <contenuImg CS="0.799" lang="fr" source="ibm">arme</contenuImg>
            <contenuImg CS="0.777" lang="fr" source="ibm">presse écrite</contenuImg>
            <contenuImg CS="0.937" coul="1" lang="fr" source="ibm">gris</contenuImg>
            <contenuImg CS="0.766" coul="1" lang="fr" source="ibm">albâtre</contenuImg>
            <contenuImg CS="0.82" h="3310" lang="fr" source="yolo" w="980" x="716" y="356">personne</contenuImg>
            <contenuImg CS="0.43" h="230" lang="fr" source="yolo" w="226" x="1493" y="1506">téléphone mobile</contenuImg>
            <contenuImg CS="0.43" h="230" lang="en" source="yolo" w="226" x="1493" y="1506">cell phone</contenuImg>
            <contenuImg CS="0.82" h="3310" lang="en" source="yolo" w="980" x="716" y="356">person</contenuImg>
            <contenuImg CS="0.766" coul="1" lang="en" source="ibm">alabaster color</contenuImg>
            <contenuImg CS="0.937" coul="1" lang="en" source="ibm">gray color</contenuImg>
            <contenuImg CS="0.777" lang="en" source="ibm">print media</contenuImg>
            <contenuImg CS="0.799" lang="en" source="ibm">weapon</contenuImg>
            <contenuImg CS="0.5" lang="en" source="ibm">protective covering</contenuImg>
            <contenuImg CS="0.5" lang="en" source="ibm">shield</contenuImg>
            <contenuImg CS="0.5" lang="en" source="ibm">plate</contenuImg>
            <contenuImg CS="0.5" lang="en" source="ibm">helmet</contenuImg>
            <contenuImg CS="0.5" lang="en" source="ibm">pickelhaube (helmet)</contenuImg>
            <contenuImg CS="0.535" lang="en" source="ibm">person</contenuImg>
            <contenuImg CS="0.535" lang="en" source="ibm">women's voting rights activist</contenuImg>
            <contenuImg CS="0.835" lang="en" source="ibm">memorial</contenuImg>
            <txt source="google">"désencrasse l'organ - Rhumatismes - Goutte - Gravelle - Artério - Sclérose - Obésité - en desclérosant les - en les débarrassant - les scories, dépôts - et calcaires qui e - et en pétrifient - URODON - Comm. a l'Acad. de M - 10 Novembre 1908 - Comm. d l'Acad. des Sc - (14 Décembre 1908 - où il peut exister, l'acide urique ne saurait - cet énergique dissolvant et mobilisateur - nal. Celui-ci le chasse de partout: des - aires, des parois digestives qu'il alourdit, - tuniques vasculaires artérielles, qu'il - Herme qu'il empate, comme des alvéoles - et des éléments nerveux qu'il imprègne.. - it la mul.iplicité d'effets bienfaisants - lavage de l'organisme qui, lui seul, - l'indications thérapeutiques. Qu'on ait - e discuter, c'est fâcheux: Il ne semble - - à notre époque, d'en méconnaitre et - - la valeur. - Dr BETTOUX, - la Faculté de Médecine de Montpellier - URODONAL nel - rein, lave le foie, e - ticulations. Il assa - artères et évite - été donné d'observer des entérite: aigues - ctieuse, des fièvres typhoides et des - chez des individus assez touchés au - artério-scléreux ou rénal et soumis au - de l'Urodonal depuis un certain temps: - té frappé de l'absence de complications - chirurgicales et de la guérison rela. - de, alors que l'état de l'organisme ne - e espérer.\" - Professeur CHARVET, - Ex-professeur agrégé - de la Faculte de Médecine de Lyon. - Etabliss. Chatelain, 2 r. - Paris, et ttes.phcie - f 10 fr. 50: les - URODONA - Bain - toni - Scle - mat - la fe - Card - fran - frant - ONAL - ne vé. - aignée - acide - rates - Baul - mat - Lum - La - les 3 - tes) - ",</txt>
            <fonction source="final">repro/dessin</fonction>
            <fonction source="md">repro/dessin</fonction>
            <genre source="hm" time="2020-12-02T20:07:02.226+01:00">publicité</genre>
            <genre source="final">publicité</genre>
            <tech source="hm" time="2020-12-03T15:43:35.399+01:00">imp photoméca</tech>
            <tech source="final">imp photoméca</tech>
          </ill>
        </ills>
        <blocIll ocr="0">1</blocIll>
      </page>
      <page hauteurPx="5089" largeurPx="3537" ordre="58">
        <nbMot>1105</nbMot>
        <blocTexte>31</blocTexte>
        <blocTab>0</blocTab>
        <blocPub>2</blocPub>
        <ills/>
        <blocIll ocr="0">1</blocIll>
      </page>
      <page hauteurPx="5115" largeurPx="3661" ordre="59">
        <nbMot>49</nbMot>
        <blocTexte>2</blocTexte>
        <blocTab>0</blocTab>
        <blocPub>2</blocPub>
        <ills>
          <ill classif="CCibm" couleur="gris" edit="1" h="4507" n="59-1" pub="1" seg="1" source="hm" time="2020-12-02T20:07:27.974+01:00" w="3330" x="48" y="219">
            <contenuImg CS="0.674" lang="fr" source="ibm">78 tours (disque)</contenuImg>
            <contenuImg CS="0.674" lang="fr" source="ibm">dispositif mémoire</contenuImg>
            <contenuImg CS="0.634" lang="fr" source="ibm">sous-bock</contenuImg>
            <contenuImg CS="0.5" lang="fr" source="ibm">cimetière</contenuImg>
            <contenuImg CS="0.753" coul="1" lang="fr" source="ibm">gris</contenuImg>
            <contenuImg CS="0.753" coul="1" lang="en" source="ibm">gray color</contenuImg>
            <contenuImg CS="0.5" lang="en" source="ibm">cemetery</contenuImg>
            <contenuImg CS="0.634" lang="en" source="ibm">beer mat</contenuImg>
            <contenuImg CS="0.674" lang="en" source="ibm">memory device</contenuImg>
            <contenuImg CS="0.674" lang="en" source="ibm">seventy-eight (record)</contenuImg>
            <txt source="google">"390. Soc - 30 000 - DORILLY - Sa Crème Sa Poudre. Ses Parfums - 4, Rue de la Paix - PARIS - 0 - SW - ",</txt>
            <fonction source="final">repro/dessin</fonction>
            <fonction source="md">repro/dessin</fonction>
            <genre source="hm" time="2020-12-02T20:07:47.773+01:00">publicité</genre>
            <genre source="final">publicité</genre>
            <tech source="hm" time="2020-12-03T15:43:35.399+01:00">imp photoméca</tech>
            <tech source="final">imp photoméca</tech>
          </ill>
        </ills>
        <blocIll ocr="0">1</blocIll>
      </page>
      <page hauteurPx="5163" largeurPx="3595" ordre="60">
        <nbMot>10</nbMot>
        <blocTexte>1</blocTexte>
        <blocTab>0</blocTab>
        <blocPub>1</blocPub>
        <ills>
          <ill classif="CCibm CCyolo" couleur="coul" edit="1" h="4606" n="60-1" pub="1" seg="1" source="hm" time="2020-12-02T20:07:51.462+01:00" w="3318" x="239" y="191">
            <txt source="google">"D'Orsay Paris - Fleur de France - FLEUR DE FRANCE - D'ORSAY - Dernieres Creations - Camelias d'Orsay - Chypre d'Orsay - Ambre - ",</txt>
            <contenuImg CS="0.991" lang="fr" source="ibm">couverture de livre</contenuImg>
            <contenuImg CS="0.991" lang="fr" source="ibm">emballage</contenuImg>
            <contenuImg CS="0.787" lang="fr" source="ibm">presse écrite</contenuImg>
            <contenuImg CS="1" coul="1" lang="fr" source="ibm">albâtre</contenuImg>
            <contenuImg CS="0.36" h="1953" lang="fr" source="yolo" w="773" x="1846" y="923">personne</contenuImg>
            <contenuImg CS="0.32" h="3726" lang="fr" source="yolo" w="3246" x="43" y="363">moniteur</contenuImg>
            <contenuImg CS="0.32" h="3726" lang="en" source="yolo" w="3246" x="43" y="363">tvmonitor</contenuImg>
            <contenuImg CS="0.36" h="1953" lang="en" source="yolo" w="773" x="1846" y="923">person</contenuImg>
            <contenuImg CS="0.44" h="1986" lang="en" source="yolo" w="773" x="486" y="656">person</contenuImg>
            <contenuImg CS="0.52" h="2033" lang="en" source="yolo" w="926" x="1033" y="640">person</contenuImg>
            <contenuImg b="102" coul="1" g="97" ordre="10" r="117" source="colorific" type="frg">#756166</contenuImg>
            <contenuImg b="85" coul="1" g="79" ordre="9" r="123" source="colorific" type="frg">#7b4f55</contenuImg>
            <contenuImg b="255" coul="1" g="255" ordre="8" r="255" source="colorific" type="frg">#ffffff</contenuImg>
            <contenuImg b="142" coul="1" g="135" ordre="7" r="128" source="colorific" type="frg">#80878e</contenuImg>
            <contenuImg b="88" coul="1" g="71" ordre="6" r="64" source="colorific" type="frg">#404758</contenuImg>
            <contenuImg b="146" coul="1" g="150" ordre="5" r="159" source="colorific" type="frg">#9f9692</contenuImg>
            <contenuImg b="128" coul="1" g="135" ordre="4" r="127" source="colorific" type="frg">#7f8780</contenuImg>
            <contenuImg b="186" coul="1" g="202" ordre="3" r="212" source="colorific" type="frg">#d4caba</contenuImg>
            <contenuImg b="133" coul="1" g="100" ordre="2" r="65" source="colorific" type="frg">#416485</contenuImg>
            <contenuImg b="121" coul="1" g="110" ordre="1" r="80" source="colorific" type="frg">#506e79</contenuImg>
            <contenuImg CS="1" coul="1" lang="en" source="ibm">alabaster color</contenuImg>
            <contenuImg CS="0.787" lang="en" source="ibm">print media</contenuImg>
            <contenuImg CS="0.991" lang="en" source="ibm">wrapping</contenuImg>
            <contenuImg CS="0.991" lang="en" source="ibm">book jacket</contenuImg>
            <fonction source="final">repro/dessin</fonction>
            <fonction source="md">repro/dessin</fonction>
            <genre source="hm" time="2020-12-02T20:08:17.954+01:00">publicité</genre>
            <genre source="final">publicité</genre>
            <tech source="hm" time="2020-12-03T15:43:35.399+01:00">imp photoméca</tech>
            <tech source="final">imp photoméca</tech>
          </ill>
        </ills>
        <blocIll ocr="0">1</blocIll>
      </page>
    </pages>
  </contenus>
</analyseAlto>