<analyseAlto>
  <metad>
    <type>R</type>
    <ID>bpt6k65386513</ID>
    <notice>cb343833568</notice>
    <titre>Vogue 1922/03/01 (Volume 4, Numéro 5)</titre>
    <dateEdition>1922-03-01</dateEdition>
    <lang>fre</lang>
    <source>BnF</source>
    <nbPage>62</nbPage>
  </metad>
  <contenus>
    <largeur>155</largeur>
    <hauteur>215</hauteur>
    <largeurPx>3677</largeurPx>
    <hauteurPx>5079</hauteurPx>
    <pages>
      <page hauteurPx="5079" largeurPx="3677" ordre="1">
        <nbMot>16</nbMot>
        <blocTexte>5</blocTexte>
        <blocTab>0</blocTab>
        <blocPub>0</blocPub>
        <blocIll ocr="1">1</blocIll>
        <ills/>
      </page>
      <page hauteurPx="5047" largeurPx="3523" ordre="2">
        <nbMot>57</nbMot>
        <blocTexte>4</blocTexte>
        <blocTab>0</blocTab>
        <blocPub>4</blocPub>
        <blocIll ocr="1">1</blocIll>
        <ills>
          <ill classif="CCyolo CCibm" couleur="gris" h="1431" n="2-1" pub="1" taille="2" w="3339" x="178" y="292">
            <contenuImg CS="0.5" lang="fr" source="ibm">berline</contenuImg>
            <contenuImg CS="0.509" lang="fr" source="ibm">roue de voiture</contenuImg>
            <contenuImg CS="0.692" lang="fr" source="ibm">chassis (véhicule)</contenuImg>
            <contenuImg CS="0.56" lang="fr" source="ibm">carrosserie</contenuImg>
            <contenuImg CS="0.513" lang="fr" source="ibm">roue</contenuImg>
            <contenuImg CS="0.513" lang="fr" source="ibm">machine</contenuImg>
            <contenuImg CS="0.513" lang="fr" source="ibm">dispositif mécanique</contenuImg>
            <contenuImg CS="0.616" lang="fr" source="ibm">voiture</contenuImg>
            <contenuImg CS="0.66" lang="fr" source="ibm">véhicule à roues</contenuImg>
            <contenuImg CS="0.665" lang="fr" source="ibm">véhicule</contenuImg>
            <contenuImg CS="0.902" coul="1" lang="fr" source="ibm">gris</contenuImg>
            <contenuImg CS="0.802" coul="1" lang="fr" source="ibm">gris cendré</contenuImg>
            <contenuImg CS="0.802" coul="1" lang="en" source="ibm">ash grey color</contenuImg>
            <contenuImg CS="0.902" coul="1" lang="en" source="ibm">gray color</contenuImg>
            <contenuImg CS="0.665" lang="en" source="ibm">vehicle</contenuImg>
            <contenuImg CS="0.66" lang="en" source="ibm">wheeled vehicle</contenuImg>
            <contenuImg CS="0.616" lang="en" source="ibm">car</contenuImg>
            <contenuImg CS="0.5" lang="en" source="ibm">sedan</contenuImg>
            <contenuImg CS="0.513" lang="en" source="ibm">mechanical device</contenuImg>
            <contenuImg CS="0.513" lang="en" source="ibm">machine</contenuImg>
            <contenuImg CS="0.513" lang="en" source="ibm">wheel</contenuImg>
            <contenuImg CS="0.509" lang="en" source="ibm">car wheel</contenuImg>
            <contenuImg CS="0.56" lang="en" source="ibm">bodywork</contenuImg>
            <contenuImg CS="0.692" lang="en" source="ibm">body (of vehicle)</contenuImg>
            <contenuImg CS="0.64" h="876" lang="fr" source="yolo" w="3010" x="236" y="516">camion</contenuImg>
            <contenuImg CS="0.64" h="876" lang="en" source="yolo" w="3010" x="236" y="516">truck</contenuImg>
            <genre source="final">publicité</genre>
            <genre source="md">publicité</genre>
            <fonction source="final">repro/dessin</fonction>
            <tech source="final">imp photoméca</tech>
            <fonction CS="0.73" source="TensorFlow">repro/dessin</fonction>
            <tech CS="1" source="md">imp photoméca</tech>
            <leg>40 ]8HP GALERIE D EXPOSITION 12   10 H 6 CYLINDRES ,   ESSAIS CYLINDRE 9 53, Avenue des Cliamps-Élysées, 53 PARIS 1922</leg>
          </ill>
        </ills>
      </page>
      <page hauteurPx="4993" largeurPx="3537" ordre="3">
        <nbMot>16</nbMot>
        <blocTexte>6</blocTexte>
        <blocTab>0</blocTab>
        <blocPub>0</blocPub>
        <blocIll ocr="1">1</blocIll>
        <ills>
          <ill classif="CCyolo CCibm" couleur="gris" edit="1" h="4108" n="3-1" pub="1" taille="5" w="3049" x="107" y="327">
            <contenuImg CS="0.797" lang="fr" source="ibm">personne</contenuImg>
            <contenuImg CS="0.917" lang="fr" source="ibm">pointe d'argent</contenuImg>
            <contenuImg CS="0.502" lang="fr" source="ibm">salle d'étude</contenuImg>
            <contenuImg CS="0.989" coul="1" lang="fr" source="ibm">gris</contenuImg>
            <contenuImg CS="0.989" coul="1" lang="en" source="ibm">gray color</contenuImg>
            <contenuImg CS="0.502" lang="en" source="ibm">study</contenuImg>
            <contenuImg CS="0.917" lang="en" source="ibm">silverpoint</contenuImg>
            <contenuImg CS="0.797" lang="en" source="ibm">person</contenuImg>
            <contenuImg CS="0.99" h="1146" lang="fr" source="yolo" w="1333" x="1270" y="453">parapluie</contenuImg>
            <contenuImg CS="0.91" h="2993" lang="fr" source="yolo" w="1063" x="1380" y="856">personne</contenuImg>
            <contenuImg CS="0.91" h="2993" lang="en" source="yolo" w="1063" x="1380" y="856">person</contenuImg>
            <contenuImg CS="0.99" h="1146" lang="en" source="yolo" w="1333" x="1270" y="453">umbrella</contenuImg>
            <fonction source="final">repro/dessin</fonction>
            <tech source="final">imp photoméca</tech>
            <fonction CS="0.70" source="TensorFlow">repro/dessin</fonction>
            <tech CS="1" source="md">imp photoméca</tech>
            <leg>LES ROBES DE PRINTEMPS ET D ÉTÉ a Germaine 24, RUE PASQUIER PARIS</leg>
            <genre source="hm" time="2021-01-08T19:12:31.418+01:00">publicité</genre>
            <genre source="final">publicité</genre>
          </ill>
        </ills>
      </page>
      <page hauteurPx="5053" largeurPx="3557" ordre="4">
        <nbMot>68</nbMot>
        <blocTexte>5</blocTexte>
        <blocTab>0</blocTab>
        <blocPub>3</blocPub>
        <ills>
          <ill classif="CCibm" couleur="gris" edit="1" h="4543" n="4-1" pub="1" seg="1" source="hm" time="2021-01-08T19:12:36.511+01:00" w="3267" x="256" y="260">
            <txt source="google">"BROCA ROMA - TAIMER - Bouquet - auso - nouveaux effluvel - DANS TOUTES LES BONNES MAISONS - Flacon de série en écrin - 24 fr. - Flacon de cristal en écrin .. - 38 fr. - BROCARD &amp; Cie - PARFUMEURS, - 8, RUE NOUVELLE, PARIS (9) - USINE A AUBERVILLIERS - ",</txt>
            <contenuImg CS="0.514" lang="fr" source="ibm">boulangerie</contenuImg>
            <contenuImg CS="0.516" lang="fr" source="ibm">boutique</contenuImg>
            <contenuImg CS="0.516" lang="fr" source="ibm">magasin de détail</contenuImg>
            <contenuImg CS="0.628" lang="fr" source="ibm">bâtiment</contenuImg>
            <contenuImg CS="0.505" lang="fr" source="ibm">café</contenuImg>
            <contenuImg CS="0.564" lang="fr" source="ibm">restaurant</contenuImg>
            <contenuImg CS="0.508" lang="fr" source="ibm">flasque</contenuImg>
            <contenuImg CS="0.52" lang="fr" source="ibm">bouteille</contenuImg>
            <contenuImg CS="0.5" lang="fr" source="ibm">rhum</contenuImg>
            <contenuImg CS="0.505" lang="fr" source="ibm">alcool</contenuImg>
            <contenuImg CS="0.511" lang="fr" source="ibm">boisson alcoolisée</contenuImg>
            <contenuImg CS="0.513" lang="fr" source="ibm">boisson</contenuImg>
            <contenuImg CS="0.513" lang="fr" source="ibm">aliments</contenuImg>
            <contenuImg CS="0.972" coul="1" lang="fr" source="ibm">gris</contenuImg>
            <contenuImg CS="0.972" coul="1" lang="en" source="ibm">gray color</contenuImg>
            <contenuImg CS="0.513" lang="en" source="ibm">food</contenuImg>
            <contenuImg CS="0.513" lang="en" source="ibm">beverage</contenuImg>
            <contenuImg CS="0.511" lang="en" source="ibm">alcoholic beverage</contenuImg>
            <contenuImg CS="0.505" lang="en" source="ibm">liquor</contenuImg>
            <contenuImg CS="0.5" lang="en" source="ibm">rum</contenuImg>
            <contenuImg CS="0.52" lang="en" source="ibm">bottle</contenuImg>
            <contenuImg CS="0.508" lang="en" source="ibm">flask</contenuImg>
            <contenuImg CS="0.504" lang="en" source="ibm">hipflask</contenuImg>
            <contenuImg CS="0.564" lang="en" source="ibm">restaurant</contenuImg>
            <contenuImg CS="0.505" lang="en" source="ibm">cafe</contenuImg>
            <contenuImg CS="0.628" lang="en" source="ibm">building</contenuImg>
            <contenuImg CS="0.516" lang="en" source="ibm">retail store</contenuImg>
            <contenuImg CS="0.516" lang="en" source="ibm">shop</contenuImg>
            <contenuImg CS="0.514" lang="en" source="ibm">bakery</contenuImg>
            <fonction source="final">repro/dessin</fonction>
            <fonction source="md">repro/dessin</fonction>
            <tech source="final">imp photoméca</tech>
            <tech source="md">imp photoméca</tech>
            <genre source="hm" time="2021-01-08T19:13:02.881+01:00">publicité</genre>
            <genre source="final">publicité</genre>
          </ill>
        </ills>
        <blocIll ocr="0">1</blocIll>
      </page>
      <page hauteurPx="5023" largeurPx="3573" ordre="5">
        <nbMot>26</nbMot>
        <blocTexte>6</blocTexte>
        <blocTab>0</blocTab>
        <blocPub>4</blocPub>
        <ills>
          <ill classif="CCibm" couleur="gris" edit="1" h="3786" n="5-1" pub="1" seg="1" source="hm" time="2021-01-08T19:13:07.312+01:00" w="2575" x="146" y="849">
            <txt source="google">"Joseph - op) - Couturier - 10 - CA - \u003c\u003c - 27 - Salammba - en - Robe fulgurante - blanche motif - de corail. - avec - Per - ",</txt>
            <contenuImg CS="0.74" lang="fr" source="ibm">stylo et encre</contenuImg>
            <contenuImg CS="0.559" lang="fr" source="ibm">salle d'étude</contenuImg>
            <contenuImg CS="0.847" lang="fr" source="ibm">personne</contenuImg>
            <contenuImg CS="0.731" coul="1" lang="fr" source="ibm">gris cendré</contenuImg>
            <contenuImg CS="0.718" coul="1" lang="fr" source="ibm">noir</contenuImg>
            <contenuImg CS="0.718" coul="1" lang="en" source="ibm">black color</contenuImg>
            <contenuImg CS="0.731" coul="1" lang="en" source="ibm">ash grey color</contenuImg>
            <contenuImg CS="0.847" lang="en" source="ibm">person</contenuImg>
            <contenuImg CS="0.559" lang="en" source="ibm">study</contenuImg>
            <contenuImg CS="0.74" lang="en" source="ibm">pen-and-ink</contenuImg>
            <fonction source="final">repro/dessin</fonction>
            <fonction source="md">repro/dessin</fonction>
            <tech source="final">imp photoméca</tech>
            <tech source="md">imp photoméca</tech>
            <genre source="hm" time="2021-01-08T19:16:33.34+01:00">publicité</genre>
            <genre source="final">publicité</genre>
          </ill>
        </ills>
        <blocIll ocr="0">1</blocIll>
      </page>
      <page hauteurPx="5063" largeurPx="3545" ordre="6">
        <nbMot>21</nbMot>
        <blocTexte>7</blocTexte>
        <blocTab>0</blocTab>
        <blocPub>5</blocPub>
        <blocIll ocr="1">1</blocIll>
        <ills>
          <ill classif="CCyolo CCibm" couleur="gris" h="3660" n="6-1" pub="1" taille="5" w="3278" x="239" y="342">
            <contenuImg CS="0.852" lang="fr" source="ibm">suffragette</contenuImg>
            <contenuImg CS="0.852" lang="fr" source="ibm">personne</contenuImg>
            <contenuImg CS="0.5" lang="fr" source="ibm">musée (intérieur)</contenuImg>
            <contenuImg CS="0.798" lang="fr" source="ibm">instrument de musique</contenuImg>
            <contenuImg CS="0.786" lang="fr" source="ibm">pièce</contenuImg>
            <contenuImg CS="0.796" coul="1" lang="fr" source="ibm">noir</contenuImg>
            <contenuImg CS="0.506" coul="1" lang="fr" source="ibm">gris</contenuImg>
            <contenuImg CS="0.506" coul="1" lang="en" source="ibm">gray color</contenuImg>
            <contenuImg CS="0.796" coul="1" lang="en" source="ibm">black color</contenuImg>
            <contenuImg CS="0.786" lang="en" source="ibm">room</contenuImg>
            <contenuImg CS="0.798" lang="en" source="ibm">musical instrument</contenuImg>
            <contenuImg CS="0.5" lang="en" source="ibm">Museum (Indoor)</contenuImg>
            <contenuImg CS="0.852" lang="en" source="ibm">person</contenuImg>
            <contenuImg CS="0.852" lang="en" source="ibm">women's voting rights activist</contenuImg>
            <contenuImg CS="0.85" h="3073" lang="fr" source="yolo" w="813" x="1556" y="340">personne</contenuImg>
            <contenuImg CS="0.85" h="3073" lang="en" source="yolo" w="813" x="1556" y="340">person</contenuImg>
            <contenuImg CS="0.96" h="2360" lang="en" source="yolo" w="1306" x="200" y="1006">person</contenuImg>
            <genre source="final">publicité</genre>
            <genre source="md">publicité</genre>
            <fonction source="final">repro/photo</fonction>
            <tech source="final">imp photoméca</tech>
            <fonction CS="0.93" source="TensorFlow">repro/photo</fonction>
            <tech CS="1" source="md">imp photoméca</tech>
            <leg>B ERN ARD Adresse Télég. : BERNAROPR A PARIS 33, avenue de l Opéra PARIS</leg>
          </ill>
        </ills>
      </page>
      <page hauteurPx="4993" largeurPx="3529" ordre="7">
        <nbMot>876</nbMot>
        <blocTexte>32</blocTexte>
        <blocTab>8</blocTab>
        <blocPub>0</blocPub>
        <blocIll ocr="1">1</blocIll>
        <ills/>
      </page>
      <page hauteurPx="5129" largeurPx="3637" ordre="8">
        <nbMot>55</nbMot>
        <blocTexte>3</blocTexte>
        <blocTab>0</blocTab>
        <blocPub>0</blocPub>
        <blocIll ocr="1">1</blocIll>
        <ills/>
      </page>
      <page hauteurPx="4993" largeurPx="3529" ordre="9">
        <nbMot>762</nbMot>
        <blocTexte>25</blocTexte>
        <blocTab>0</blocTab>
        <blocPub>0</blocPub>
        <blocIll ocr="2">2</blocIll>
        <ills/>
      </page>
      <page hauteurPx="5115" largeurPx="3619" ordre="10">
        <nbMot>504</nbMot>
        <blocTexte>15</blocTexte>
        <blocTab>0</blocTab>
        <blocPub>0</blocPub>
        <blocIll ocr="5">5</blocIll>
        <ills/>
      </page>
      <page hauteurPx="5007" largeurPx="3549" ordre="11">
        <nbMot>507</nbMot>
        <blocTexte>15</blocTexte>
        <blocTab>0</blocTab>
        <blocPub>0</blocPub>
        <blocIll ocr="5">5</blocIll>
        <ills/>
      </page>
      <page hauteurPx="5079" largeurPx="3565" ordre="12">
        <nbMot>454</nbMot>
        <blocTexte>16</blocTexte>
        <blocTab>0</blocTab>
        <blocPub>0</blocPub>
        <blocIll ocr="6">6</blocIll>
        <ills/>
      </page>
      <page hauteurPx="4993" largeurPx="3557" ordre="13">
        <nbMot>450</nbMot>
        <blocTexte>15</blocTexte>
        <blocTab>0</blocTab>
        <blocPub>0</blocPub>
        <blocIll ocr="6">6</blocIll>
        <ills/>
      </page>
      <page hauteurPx="5097" largeurPx="3603" ordre="14">
        <nbMot>277</nbMot>
        <blocTexte>10</blocTexte>
        <blocTab>0</blocTab>
        <blocPub>0</blocPub>
        <blocIll ocr="4">4</blocIll>
        <ills/>
      </page>
      <page hauteurPx="5003" largeurPx="3543" ordre="15">
        <nbMot>470</nbMot>
        <blocTexte>10</blocTexte>
        <blocTab>0</blocTab>
        <blocPub>0</blocPub>
        <blocIll ocr="2">2</blocIll>
        <ills/>
      </page>
      <page hauteurPx="5115" largeurPx="3621" ordre="16">
        <nbMot>400</nbMot>
        <blocTexte>12</blocTexte>
        <blocTab>0</blocTab>
        <blocPub>0</blocPub>
        <blocIll ocr="2">2</blocIll>
        <ills/>
      </page>
      <page hauteurPx="4997" largeurPx="3565" ordre="17">
        <nbMot>406</nbMot>
        <blocTexte>15</blocTexte>
        <blocTab>0</blocTab>
        <blocPub>0</blocPub>
        <blocIll ocr="2">2</blocIll>
        <ills/>
      </page>
      <page hauteurPx="5061" largeurPx="3537" ordre="18">
        <nbMot>160</nbMot>
        <blocTexte>11</blocTexte>
        <blocTab>0</blocTab>
        <blocPub>0</blocPub>
        <blocIll ocr="1">1</blocIll>
        <ills/>
      </page>
      <page hauteurPx="4985" largeurPx="3549" ordre="19">
        <nbMot>165</nbMot>
        <blocTexte>9</blocTexte>
        <blocTab>0</blocTab>
        <blocPub>0</blocPub>
        <blocIll ocr="1">1</blocIll>
        <ills/>
      </page>
      <page hauteurPx="5061" largeurPx="3533" ordre="20">
        <nbMot>892</nbMot>
        <blocTexte>26</blocTexte>
        <blocTab>0</blocTab>
        <blocPub>0</blocPub>
        <blocIll ocr="3">2</blocIll>
        <ills/>
      </page>
      <page hauteurPx="4989" largeurPx="3561" ordre="21">
        <nbMot>154</nbMot>
        <blocTexte>7</blocTexte>
        <blocTab>0</blocTab>
        <blocPub>0</blocPub>
        <blocIll ocr="3">3</blocIll>
        <ills/>
      </page>
      <page hauteurPx="5041" largeurPx="3509" ordre="22">
        <nbMot>126</nbMot>
        <blocTexte>6</blocTexte>
        <blocTab>0</blocTab>
        <blocPub>0</blocPub>
        <blocIll ocr="1">3</blocIll>
        <ills/>
      </page>
      <page hauteurPx="5017" largeurPx="3609" ordre="23">
        <nbMot>151</nbMot>
        <blocTexte>8</blocTexte>
        <blocTab>0</blocTab>
        <blocPub>0</blocPub>
        <blocIll ocr="2">2</blocIll>
        <ills/>
      </page>
      <page hauteurPx="5071" largeurPx="3551" ordre="24">
        <nbMot>803</nbMot>
        <blocTexte>23</blocTexte>
        <blocTab>0</blocTab>
        <blocPub>0</blocPub>
        <blocIll ocr="2">2</blocIll>
        <ills/>
      </page>
      <page hauteurPx="4981" largeurPx="3557" ordre="25">
        <nbMot>215</nbMot>
        <blocTexte>9</blocTexte>
        <blocTab>0</blocTab>
        <blocPub>0</blocPub>
        <blocIll ocr="4">6</blocIll>
        <ills/>
      </page>
      <page hauteurPx="5063" largeurPx="3541" ordre="26">
        <nbMot>726</nbMot>
        <blocTexte>15</blocTexte>
        <blocTab>0</blocTab>
        <blocPub>0</blocPub>
        <blocIll ocr="1">1</blocIll>
        <ills/>
      </page>
      <page hauteurPx="4997" largeurPx="3579" ordre="27">
        <nbMot>244</nbMot>
        <blocTexte>11</blocTexte>
        <blocTab>0</blocTab>
        <blocPub>0</blocPub>
        <blocIll ocr="5">5</blocIll>
        <ills/>
      </page>
      <page hauteurPx="5063" largeurPx="3531" ordre="28">
        <nbMot>460</nbMot>
        <blocTexte>11</blocTexte>
        <blocTab>0</blocTab>
        <blocPub>0</blocPub>
        <blocIll ocr="2">2</blocIll>
        <ills/>
      </page>
      <page hauteurPx="5007" largeurPx="3595" ordre="29">
        <nbMot>246</nbMot>
        <blocTexte>18</blocTexte>
        <blocTab>0</blocTab>
        <blocPub>0</blocPub>
        <blocIll ocr="4">4</blocIll>
        <ills/>
      </page>
      <page hauteurPx="5071" largeurPx="3537" ordre="30">
        <nbMot>63</nbMot>
        <blocTexte>5</blocTexte>
        <blocTab>0</blocTab>
        <blocPub>0</blocPub>
        <blocIll ocr="1">1</blocIll>
        <ills/>
      </page>
      <page hauteurPx="4997" largeurPx="3583" ordre="31">
        <nbMot>1074</nbMot>
        <blocTexte>30</blocTexte>
        <blocTab>0</blocTab>
        <blocPub>0</blocPub>
        <blocIll ocr="1">1</blocIll>
        <ills/>
      </page>
      <page hauteurPx="5045" largeurPx="3501" ordre="32">
        <nbMot>34</nbMot>
        <blocTexte>3</blocTexte>
        <blocTab>0</blocTab>
        <blocPub>0</blocPub>
        <blocIll ocr="1">1</blocIll>
        <ills/>
      </page>
      <page hauteurPx="4981" largeurPx="3561" ordre="33">
        <nbMot>413</nbMot>
        <blocTexte>11</blocTexte>
        <blocTab>0</blocTab>
        <blocPub>0</blocPub>
        <blocIll ocr="2">2</blocIll>
        <ills/>
      </page>
      <page hauteurPx="5045" largeurPx="3501" ordre="34">
        <nbMot>461</nbMot>
        <blocTexte>15</blocTexte>
        <blocTab>0</blocTab>
        <blocPub>0</blocPub>
        <blocIll ocr="3">3</blocIll>
        <ills/>
      </page>
      <page hauteurPx="5001" largeurPx="3587" ordre="35">
        <nbMot>190</nbMot>
        <blocTexte>11</blocTexte>
        <blocTab>0</blocTab>
        <blocPub>0</blocPub>
        <blocIll ocr="5">5</blocIll>
        <ills/>
      </page>
      <page hauteurPx="5057" largeurPx="3511" ordre="36">
        <nbMot>469</nbMot>
        <blocTexte>14</blocTexte>
        <blocTab>0</blocTab>
        <blocPub>0</blocPub>
        <blocIll ocr="3">3</blocIll>
        <ills/>
      </page>
      <page hauteurPx="5009" largeurPx="3599" ordre="37">
        <nbMot>104</nbMot>
        <blocTexte>6</blocTexte>
        <blocTab>0</blocTab>
        <blocPub>0</blocPub>
        <blocIll ocr="1">1</blocIll>
        <ills/>
      </page>
      <page hauteurPx="5083" largeurPx="3547" ordre="38">
        <nbMot>613</nbMot>
        <blocTexte>17</blocTexte>
        <blocTab>0</blocTab>
        <blocPub>0</blocPub>
        <blocIll ocr="1">1</blocIll>
        <ills/>
      </page>
      <page hauteurPx="4997" largeurPx="3583" ordre="39">
        <nbMot>390</nbMot>
        <blocTexte>8</blocTexte>
        <blocTab>0</blocTab>
        <blocPub>0</blocPub>
        <blocIll ocr="2">2</blocIll>
        <ills/>
      </page>
      <page hauteurPx="5119" largeurPx="3595" ordre="40">
        <nbMot>93</nbMot>
        <blocTexte>7</blocTexte>
        <blocTab>0</blocTab>
        <blocPub>0</blocPub>
        <blocIll ocr="2">2</blocIll>
        <ills/>
      </page>
      <page hauteurPx="5007" largeurPx="3597" ordre="41">
        <nbMot>99</nbMot>
        <blocTexte>5</blocTexte>
        <blocTab>0</blocTab>
        <blocPub>0</blocPub>
        <blocIll ocr="2">2</blocIll>
        <ills/>
      </page>
      <page hauteurPx="5107" largeurPx="3573" ordre="42">
        <nbMot>202</nbMot>
        <blocTexte>10</blocTexte>
        <blocTab>0</blocTab>
        <blocPub>0</blocPub>
        <blocIll ocr="1">1</blocIll>
        <ills/>
      </page>
      <page hauteurPx="4981" largeurPx="3561" ordre="43">
        <nbMot>275</nbMot>
        <blocTexte>12</blocTexte>
        <blocTab>0</blocTab>
        <blocPub>0</blocPub>
        <blocIll ocr="8">8</blocIll>
        <ills/>
      </page>
      <page hauteurPx="5081" largeurPx="3543" ordre="44">
        <nbMot>1020</nbMot>
        <blocTexte>24</blocTexte>
        <blocTab>0</blocTab>
        <blocPub>0</blocPub>
        <blocIll ocr="3">3</blocIll>
        <ills/>
      </page>
      <page hauteurPx="4981" largeurPx="3561" ordre="45">
        <nbMot>220</nbMot>
        <blocTexte>9</blocTexte>
        <blocTab>0</blocTab>
        <blocPub>0</blocPub>
        <blocIll ocr="6">6</blocIll>
        <ills/>
      </page>
      <page hauteurPx="5073" largeurPx="3521" ordre="46">
        <nbMot>193</nbMot>
        <blocTexte>10</blocTexte>
        <blocTab>0</blocTab>
        <blocPub>0</blocPub>
        <blocIll ocr="2">2</blocIll>
        <ills/>
      </page>
      <page hauteurPx="5011" largeurPx="3603" ordre="47">
        <nbMot>295</nbMot>
        <blocTexte>11</blocTexte>
        <blocTab>0</blocTab>
        <blocPub>0</blocPub>
        <blocIll ocr="1">1</blocIll>
        <ills/>
      </page>
      <page hauteurPx="5057" largeurPx="3497" ordre="48">
        <nbMot>158</nbMot>
        <blocTexte>11</blocTexte>
        <blocTab>0</blocTab>
        <blocPub>0</blocPub>
        <blocIll ocr="5">5</blocIll>
        <ills/>
      </page>
      <page hauteurPx="5031" largeurPx="3667" ordre="49">
        <nbMot>217</nbMot>
        <blocTexte>15</blocTexte>
        <blocTab>0</blocTab>
        <blocPub>0</blocPub>
        <blocIll ocr="6">6</blocIll>
        <ills/>
      </page>
      <page hauteurPx="5053" largeurPx="3497" ordre="50">
        <nbMot>249</nbMot>
        <blocTexte>15</blocTexte>
        <blocTab>0</blocTab>
        <blocPub>0</blocPub>
        <blocIll ocr="7">7</blocIll>
        <ills/>
      </page>
      <page hauteurPx="5011" largeurPx="3637" ordre="51">
        <nbMot>233</nbMot>
        <blocTexte>11</blocTexte>
        <blocTab>0</blocTab>
        <blocPub>0</blocPub>
        <blocIll ocr="6">6</blocIll>
        <ills/>
      </page>
      <page hauteurPx="5053" largeurPx="3497" ordre="52">
        <nbMot>243</nbMot>
        <blocTexte>14</blocTexte>
        <blocTab>0</blocTab>
        <blocPub>0</blocPub>
        <blocIll ocr="7">7</blocIll>
        <ills/>
      </page>
      <page hauteurPx="4977" largeurPx="3573" ordre="53">
        <nbMot>287</nbMot>
        <blocTexte>13</blocTexte>
        <blocTab>0</blocTab>
        <blocPub>0</blocPub>
        <blocIll ocr="7">7</blocIll>
        <ills/>
      </page>
      <page hauteurPx="5069" largeurPx="3519" ordre="54">
        <nbMot>282</nbMot>
        <blocTexte>14</blocTexte>
        <blocTab>0</blocTab>
        <blocPub>0</blocPub>
        <blocIll ocr="7">7</blocIll>
        <ills/>
      </page>
      <page hauteurPx="5025" largeurPx="3633" ordre="55">
        <nbMot>56</nbMot>
        <blocTexte>6</blocTexte>
        <blocTab>0</blocTab>
        <blocPub>3</blocPub>
        <blocIll ocr="1">1</blocIll>
        <ills>
          <ill classif="CCyolo CCibm" couleur="gris" h="2359" n="55-1" pub="1" taille="3" w="3358" x="59" y="2412">
            <contenuImg CS="0.645" lang="fr" source="ibm">voiture Ford modèle T</contenuImg>
            <contenuImg CS="0.763" lang="fr" source="ibm">voiture</contenuImg>
            <contenuImg CS="0.8" lang="fr" source="ibm">véhicule à roues</contenuImg>
            <contenuImg CS="0.805" lang="fr" source="ibm">véhicule</contenuImg>
            <contenuImg CS="0.551" lang="fr" source="ibm">voiture sans chevaux</contenuImg>
            <contenuImg CS="0.527" lang="fr" source="ibm">coffre (de voiture)</contenuImg>
            <contenuImg CS="0.527" lang="fr" source="ibm">siège</contenuImg>
            <contenuImg CS="0.527" lang="fr" source="ibm">support</contenuImg>
            <contenuImg CS="0.5" lang="fr" source="ibm">musée (intérieur)</contenuImg>
            <contenuImg CS="0.782" coul="1" lang="fr" source="ibm">gris cendré</contenuImg>
            <contenuImg CS="0.735" coul="1" lang="fr" source="ibm">rose (couleur)</contenuImg>
            <contenuImg CS="0.735" coul="1" lang="en" source="ibm">pink color</contenuImg>
            <contenuImg CS="0.782" coul="1" lang="en" source="ibm">ash grey color</contenuImg>
            <contenuImg CS="0.5" lang="en" source="ibm">Museum (Indoor)</contenuImg>
            <contenuImg CS="0.527" lang="en" source="ibm">support</contenuImg>
            <contenuImg CS="0.527" lang="en" source="ibm">seat</contenuImg>
            <contenuImg CS="0.527" lang="en" source="ibm">dickey (of car)</contenuImg>
            <contenuImg CS="0.551" lang="en" source="ibm">horseless carriage</contenuImg>
            <contenuImg CS="0.805" lang="en" source="ibm">vehicle</contenuImg>
            <contenuImg CS="0.8" lang="en" source="ibm">wheeled vehicle</contenuImg>
            <contenuImg CS="0.763" lang="en" source="ibm">car</contenuImg>
            <contenuImg CS="0.645" lang="en" source="ibm">Model T  car</contenuImg>
            <contenuImg CS="0.88" h="1056" lang="fr" source="yolo" w="2853" x="536" y="1206">voiture</contenuImg>
            <contenuImg CS="0.81" h="210" lang="fr" source="yolo" w="126" x="2603" y="1256">personne</contenuImg>
            <contenuImg CS="0.81" h="210" lang="en" source="yolo" w="126" x="2603" y="1256">person</contenuImg>
            <contenuImg CS="0.88" h="1056" lang="en" source="yolo" w="2853" x="536" y="1206">car</contenuImg>
            <contenuImg CS="0.94" h="290" lang="en" source="yolo" w="376" x="1903" y="1273">person</contenuImg>
            <genre source="final">publicité</genre>
            <genre source="md">publicité</genre>
            <fonction source="final">repro/dessin</fonction>
            <tech source="final">imp photoméca</tech>
            <fonction CS="0.56" source="TensorFlow">repro/dessin</fonction>
            <tech CS="1" source="md">imp photoméca</tech>
            <txt>^4 VOITURE DELÀ GE  grâce à jsôcl ùnrue £u.nwru euxde  kà ?!ion icabk éxdadicm 0?fit fa voiture pré/ërée de lia ed-1,(CI vlc-t = e Il y -~  ~~ Uc¡u  idod: le mcx^è/e^ cJJIx CYLINDREJ GRAND SPORT DEUX LITRES cf PORT -11 HP.</txt>
          </ill>
        </ills>
      </page>
      <page hauteurPx="5107" largeurPx="3623" ordre="56">
        <nbMot>1184</nbMot>
        <blocTexte>29</blocTexte>
        <blocTab>0</blocTab>
        <blocPub>2</blocPub>
        <blocIll ocr="1">1</blocIll>
        <ills>
          <ill classif="CCyolo CCibm" couleur="gris" h="1920" n="56-1" pub="1" taille="1" w="1366" x="483" y="559">
            <contenuImg CS="0.799" lang="fr" source="ibm">suffragette</contenuImg>
            <contenuImg CS="0.799" lang="fr" source="ibm">personne</contenuImg>
            <contenuImg CS="0.5" lang="fr" source="ibm">musée (intérieur)</contenuImg>
            <contenuImg CS="0.599" lang="fr" source="ibm">pièce</contenuImg>
            <contenuImg CS="0.677" coul="1" lang="fr" source="ibm">gris cendré</contenuImg>
            <contenuImg CS="0.621" coul="1" lang="fr" source="ibm">noir charbon</contenuImg>
            <contenuImg CS="0.621" coul="1" lang="en" source="ibm">coal black color</contenuImg>
            <contenuImg CS="0.677" coul="1" lang="en" source="ibm">ash grey color</contenuImg>
            <contenuImg CS="0.599" lang="en" source="ibm">room</contenuImg>
            <contenuImg CS="0.5" lang="en" source="ibm">Museum (Indoor)</contenuImg>
            <contenuImg CS="0.799" lang="en" source="ibm">person</contenuImg>
            <contenuImg CS="0.799" lang="en" source="ibm">women's voting rights activist</contenuImg>
            <contenuImg CS="0.91" h="1773" lang="fr" source="yolo" w="1246" x="46" y="113">personne</contenuImg>
            <contenuImg CS="0.91" h="1773" lang="en" source="yolo" w="1246" x="46" y="113">person</contenuImg>
            <genre source="final">publicité</genre>
            <genre source="md">publicité</genre>
            <fonction source="final">repro/photo</fonction>
            <tech source="final">imp photoméca</tech>
            <fonction CS="0.98" source="TensorFlow">repro/photo</fonction>
            <tech CS="1" source="md">imp photoméca</tech>
            <leg>Le Plus Grand Hommage Q D ON puisse rendre aux merveilleuses Créations Técla c est de les voir porter par des femmes du plus grand monde pour lesquelles la dépen se ne compte pas, et dépense ne com p te pas, et qui n ont à se préoccuper en rien de la question d argent pour satisfaire leurs désirs.</leg>
          </ill>
        </ills>
      </page>
      <page hauteurPx="4969" largeurPx="3561" ordre="57">
        <nbMot>34</nbMot>
        <blocTexte>8</blocTexte>
        <blocTab>0</blocTab>
        <blocPub>5</blocPub>
        <blocIll ocr="1">1</blocIll>
        <ills>
          <ill classif="CCyolo CCibm" couleur="gris" h="2413" n="57-1" pub="1" taille="3" w="3097" x="154" y="533">
            <contenuImg CS="0.51" lang="fr" source="ibm">couchette</contenuImg>
            <contenuImg CS="0.511" lang="fr" source="ibm">lit</contenuImg>
            <contenuImg CS="0.511" lang="fr" source="ibm">meubles</contenuImg>
            <contenuImg CS="0.559" lang="fr" source="ibm">personne</contenuImg>
            <contenuImg CS="0.503" lang="fr" source="ibm">base militaire</contenuImg>
            <contenuImg CS="0.503" lang="fr" source="ibm">structure défensive</contenuImg>
            <contenuImg CS="0.5" lang="fr" source="ibm">célébrité</contenuImg>
            <contenuImg CS="0.502" lang="fr" source="ibm">adulte</contenuImg>
            <contenuImg CS="0.717" coul="1" lang="fr" source="ibm">noir</contenuImg>
            <contenuImg CS="0.667" coul="1" lang="fr" source="ibm">charbon (couleur)</contenuImg>
            <contenuImg CS="0.667" coul="1" lang="en" source="ibm">charcoal color</contenuImg>
            <contenuImg CS="0.717" coul="1" lang="en" source="ibm">black color</contenuImg>
            <contenuImg CS="0.502" lang="en" source="ibm">adult</contenuImg>
            <contenuImg CS="0.5" lang="en" source="ibm">celebrity</contenuImg>
            <contenuImg CS="0.503" lang="en" source="ibm">defensive structure</contenuImg>
            <contenuImg CS="0.503" lang="en" source="ibm">Army Base</contenuImg>
            <contenuImg CS="0.559" lang="en" source="ibm">person</contenuImg>
            <contenuImg CS="0.511" lang="en" source="ibm">furniture</contenuImg>
            <contenuImg CS="0.511" lang="en" source="ibm">bed</contenuImg>
            <contenuImg CS="0.51" lang="en" source="ibm">berth (build in bed)</contenuImg>
            <contenuImg CS="0.96" h="2256" lang="fr" source="yolo" w="2343" x="573" y="30">personne</contenuImg>
            <contenuImg CS="0.96" h="2256" lang="en" source="yolo" w="2343" x="573" y="30">person</contenuImg>
            <genre source="final">publicité</genre>
            <genre source="md">publicité</genre>
            <fonction source="final">repro/photo</fonction>
            <tech source="final">imp photoméca</tech>
            <fonction CS="0.99" source="TensorFlow">repro/photo</fonction>
            <tech CS="1" source="md">imp photoméca</tech>
            <leg>GEO PARIS COUTURIER 29, Rue d Astorg</leg>
          </ill>
        </ills>
      </page>
      <page hauteurPx="5103" largeurPx="3581" ordre="58">
        <nbMot>250</nbMot>
        <blocTexte>26</blocTexte>
        <blocTab>0</blocTab>
        <blocPub>24</blocPub>
        <blocIll ocr="4">6</blocIll>
        <ills>
          <ill classif="CCibm" couleur="gris" edit="1" h="1003" n="58-1" pub="1" taille="0" w="609" x="356" y="285">
            <contenuImg CS="0.97" lang="fr" source="ibm">salle d'étude</contenuImg>
            <contenuImg CS="0.5" lang="fr" source="ibm">stylo et encre</contenuImg>
            <contenuImg CS="0.857" coul="1" lang="fr" source="ibm">gris</contenuImg>
            <contenuImg CS="0.754" coul="1" lang="fr" source="ibm">émeraude (couleur)</contenuImg>
            <contenuImg CS="0.754" coul="1" lang="en" source="ibm">emerald color</contenuImg>
            <contenuImg CS="0.857" coul="1" lang="en" source="ibm">gray color</contenuImg>
            <contenuImg CS="0.5" lang="en" source="ibm">pen-and-ink</contenuImg>
            <contenuImg CS="0.97" lang="en" source="ibm">study</contenuImg>
            <fonction source="final">repro/dessin</fonction>
            <tech source="final">imp photoméca</tech>
            <fonction CS="0.99" source="TensorFlow">repro/dessin</fonction>
            <tech CS="1" source="md">imp photoméca</tech>
            <leg>CHRYSIS Robe fillette de 10 à 14 ans, crêpe marocain rouge, garnie gansé main, grande ceinture drapée, terminée par des pétales de chrysanthème.</leg>
            <genre source="hm" time="2021-01-08T19:23:30.896+01:00">publicité</genre>
            <genre source="final">publicité</genre>
          </ill>
          <ill classif="CCyolo CCibm" couleur="gris" edit="1" h="839" n="58-2" pub="1" taille="0" w="304" x="526" y="1620">
            <contenuImg CS="0.945" lang="fr" source="ibm">stylo et encre</contenuImg>
            <contenuImg CS="0.816" lang="fr" source="ibm">salle d'étude</contenuImg>
            <contenuImg CS="0.905" coul="1" lang="fr" source="ibm">gris cendré</contenuImg>
            <contenuImg CS="0.73" coul="1" lang="fr" source="ibm">gris</contenuImg>
            <contenuImg CS="0.73" coul="1" lang="en" source="ibm">gray color</contenuImg>
            <contenuImg CS="0.905" coul="1" lang="en" source="ibm">ash grey color</contenuImg>
            <contenuImg CS="0.816" lang="en" source="ibm">study</contenuImg>
            <contenuImg CS="0.945" lang="en" source="ibm">pen-and-ink</contenuImg>
            <contenuImg x="1" CS="0.84" h="763" lang="fr" source="yolo" w="300" y="40">personne</contenuImg>
            <contenuImg x="1" CS="0.84" h="763" lang="en" source="yolo" w="300" y="40">person</contenuImg>
            <fonction source="final">repro/dessin</fonction>
            <tech source="final">imp photoméca</tech>
            <fonction CS="0.99" source="TensorFlow">repro/dessin</fonction>
            <tech CS="1" source="md">imp photoméca</tech>
            <leg>BOBY Costume crêpe marocain rouge, garni plissé crêpe de Chine ivoire.</leg>
            <txt>Chapeau marocain assorti. CHRYSIS Robe fillette de 10 à 14 ans, crêpe marocain rouge, garnie gansé main, grande ceinture drapée, terminée par des pétales de chrysanthème.</txt>
            <genre source="hm" time="2021-01-08T19:23:28.763+01:00">publicité</genre>
            <genre source="final">publicité</genre>
          </ill>
          <ill classif="CCyolo CCibm" couleur="gris" edit="1" h="987" n="58-3" pub="1" taille="0" w="406" x="485" y="2783">
            <contenuImg CS="0.985" lang="fr" source="ibm">salle d'étude</contenuImg>
            <contenuImg CS="0.5" lang="fr" source="ibm">stylo et encre</contenuImg>
            <contenuImg CS="0.984" coul="1" lang="fr" source="ibm">gris cendré</contenuImg>
            <contenuImg CS="0.984" coul="1" lang="en" source="ibm">ash grey color</contenuImg>
            <contenuImg CS="0.5" lang="en" source="ibm">pen-and-ink</contenuImg>
            <contenuImg CS="0.985" lang="en" source="ibm">study</contenuImg>
            <contenuImg CS="0.90" h="963" lang="fr" source="yolo" w="390" x="0" y="20">personne</contenuImg>
            <contenuImg CS="0.90" h="963" lang="en" source="yolo" w="390" x="0" y="20">person</contenuImg>
            <fonction source="final">repro/dessin</fonction>
            <tech source="final">imp photoméca</tech>
            <fonction CS="0.99" source="TensorFlow">repro/dessin</fonction>
            <tech CS="1" source="md">imp photoméca</tech>
            <leg>Il CAPUCINE Robe fillette de 6 à 10 ans, en serge souple capucine garnie nervures et ruban en satin ciré noir. Très élégante.</leg>
            <txt>LINDO Chapeau marocain assorti. Très seyant. BOBY Costume crêpe marocain rouge, garni plissé crêpe de Chine ivoire.</txt>
            <genre source="hm" time="2021-01-08T19:23:26.088+01:00">publicité</genre>
            <genre source="final">publicité</genre>
          </ill>
          <ill classif="CCibm" couleur="gris" h="469" n="58-4" pub="1" taille="0" w="438" x="3027" y="3649">
            <contenuImg CS="0.619" lang="fr" source="ibm">écusson d'épaule</contenuImg>
            <contenuImg CS="0.738" lang="fr" source="ibm">tissu</contenuImg>
            <contenuImg CS="0.55" lang="fr" source="ibm">pyrographe</contenuImg>
            <contenuImg CS="0.509" lang="fr" source="ibm">Spode (porcelaine)</contenuImg>
            <contenuImg CS="0.533" lang="fr" source="ibm">porcelaine</contenuImg>
            <contenuImg CS="0.533" lang="fr" source="ibm">ustensile</contenuImg>
            <contenuImg CS="0.508" lang="fr" source="ibm">blason</contenuImg>
            <contenuImg CS="0.508" lang="fr" source="ibm">arbre</contenuImg>
            <contenuImg CS="0.508" lang="fr" source="ibm">silhouette</contenuImg>
            <contenuImg CS="0.5" lang="fr" source="ibm">pièce</contenuImg>
            <contenuImg CS="0.693" coul="1" lang="fr" source="ibm">vert olive</contenuImg>
            <contenuImg CS="0.524" coul="1" lang="fr" source="ibm">charbon (couleur)</contenuImg>
            <contenuImg CS="0.524" coul="1" lang="en" source="ibm">charcoal color</contenuImg>
            <contenuImg CS="0.693" coul="1" lang="en" source="ibm">olive green color</contenuImg>
            <contenuImg CS="0.5" lang="en" source="ibm">patch</contenuImg>
            <contenuImg CS="0.508" lang="en" source="ibm">figure</contenuImg>
            <contenuImg CS="0.508" lang="en" source="ibm">tree</contenuImg>
            <contenuImg CS="0.508" lang="en" source="ibm">stemma</contenuImg>
            <contenuImg CS="0.533" lang="en" source="ibm">utensil</contenuImg>
            <contenuImg CS="0.533" lang="en" source="ibm">porcelain</contenuImg>
            <contenuImg CS="0.509" lang="en" source="ibm">Spode (porcelian)</contenuImg>
            <contenuImg CS="0.55" lang="en" source="ibm">pyrograph (design)</contenuImg>
            <contenuImg CS="0.738" lang="en" source="ibm">fabric</contenuImg>
            <contenuImg CS="0.619" lang="en" source="ibm">shoulder patch</contenuImg>
            <genre source="final">publicité</genre>
            <genre source="md">publicité</genre>
            <fonction source="final">repro/dessin</fonction>
            <tech source="final">imp photoméca</tech>
            <fonction CS="0.92" source="TensorFlow">repro/dessin</fonction>
            <tech CS="1" source="md">imp photoméca</tech>
            <leg>Siège Social : LYON, 14, 16, Rue Tronchel MAISONS DE VENTE : PARIS 119, Rue Réaumur 9 Central: 33-18 Louvre: 41*5 LONDRES 33, Old Change NEW-YORK --72-74, Madison Avenue</leg>
            <txt>Mousselines Crêpes et Nouveautés DESCOURS   GENTHON SOIERIES Société Anonyme au Capital de 6.000.000 de francs m</txt>
          </ill>
          <ill classif="CCibm CCyolo" couleur="gris" edit="1" h="1942" n="58-5" pub="1" seg="1" source="hm" time="2021-01-08T19:23:33.31+01:00" w="874" x="1147" y="464">
            <txt source="google">"JE - 104, F - Robe - ma - Applicatic - der - ",</txt>
            <contenuImg CS="0.574" lang="fr" source="ibm">robe académique</contenuImg>
            <contenuImg CS="0.574" lang="fr" source="ibm">robe</contenuImg>
            <contenuImg CS="0.58" lang="fr" source="ibm">vêtements d'extérieur</contenuImg>
            <contenuImg CS="0.558" lang="fr" source="ibm">doublet (veste)</contenuImg>
            <contenuImg CS="0.858" lang="fr" source="ibm">survêtement</contenuImg>
            <contenuImg CS="0.86" lang="fr" source="ibm">vêtement</contenuImg>
            <contenuImg CS="0.503" lang="fr" source="ibm">manteau à queue d'hirondelle</contenuImg>
            <contenuImg CS="0.502" lang="fr" source="ibm">redingote</contenuImg>
            <contenuImg CS="0.5" lang="fr" source="ibm">manteau d'opéra</contenuImg>
            <contenuImg CS="0.571" lang="fr" source="ibm">manteau</contenuImg>
            <contenuImg CS="0.801" lang="fr" source="ibm">vêtements</contenuImg>
            <contenuImg CS="0.937" coul="1" lang="fr" source="ibm">gris</contenuImg>
            <contenuImg y="1" CS="0.65" h="1953" lang="fr" source="yolo" w="660" x="40">personne</contenuImg>
            <contenuImg y="1" CS="0.65" h="1953" lang="en" source="yolo" w="660" x="40">person</contenuImg>
            <contenuImg CS="0.937" coul="1" lang="en" source="ibm">gray color</contenuImg>
            <contenuImg CS="0.801" lang="en" source="ibm">clothing</contenuImg>
            <contenuImg CS="0.571" lang="en" source="ibm">cloak</contenuImg>
            <contenuImg CS="0.5" lang="en" source="ibm">opera cloak</contenuImg>
            <contenuImg CS="0.502" lang="en" source="ibm">frock coat</contenuImg>
            <contenuImg CS="0.503" lang="en" source="ibm">swallow-tailed coat</contenuImg>
            <contenuImg CS="0.86" lang="en" source="ibm">garment</contenuImg>
            <contenuImg CS="0.858" lang="en" source="ibm">overgarment</contenuImg>
            <contenuImg CS="0.777" lang="en" source="ibm">coat</contenuImg>
            <contenuImg CS="0.558" lang="en" source="ibm">doublet jacket</contenuImg>
            <contenuImg CS="0.58" lang="en" source="ibm">outerwear</contenuImg>
            <contenuImg CS="0.574" lang="en" source="ibm">gown</contenuImg>
            <contenuImg CS="0.574" lang="en" source="ibm">academic gown</contenuImg>
            <fonction source="final">repro/dessin</fonction>
            <fonction source="md">repro/dessin</fonction>
            <tech source="final">imp photoméca</tech>
            <tech source="md">imp photoméca</tech>
            <genre source="hm" time="2021-01-08T19:24:06.442+01:00">publicité</genre>
            <genre source="final">publicité</genre>
          </ill>
          <ill classif="CCibm CCyolo" couleur="gris" edit="1" h="2012" n="58-6" pub="1" seg="1" source="hm" time="2021-01-08T19:24:08.952+01:00" w="702" x="2822" y="378">
            <txt source="google">"CREME - SIMON - PARIS - Unique - pour la - Toilette des Dames - La qualité de ses éléments - conserve à la peau sa fraî- - cheur, sa finesse et son éclat. - Son parſum est délicat. - POUDRE et SAVON - MBA SIM - ",</txt>
            <contenuImg CS="0.567" lang="fr" source="ibm">rhum</contenuImg>
            <contenuImg CS="0.658" lang="fr" source="ibm">alcool</contenuImg>
            <contenuImg CS="0.663" lang="fr" source="ibm">boisson alcoolisée</contenuImg>
            <contenuImg CS="0.663" lang="fr" source="ibm">boisson</contenuImg>
            <contenuImg CS="0.663" lang="fr" source="ibm">aliments</contenuImg>
            <contenuImg CS="0.531" lang="fr" source="ibm">whisky</contenuImg>
            <contenuImg CS="0.5" lang="fr" source="ibm">whisky écossais</contenuImg>
            <contenuImg CS="0.599" lang="fr" source="ibm">presse écrite</contenuImg>
            <contenuImg CS="0.785" coul="1" lang="fr" source="ibm">olive</contenuImg>
            <contenuImg CS="0.52" h="253" lang="fr" source="yolo" w="126" x="340" y="1753">bouteille</contenuImg>
            <contenuImg CS="0.52" h="253" lang="en" source="yolo" w="126" x="340" y="1753">bottle</contenuImg>
            <contenuImg CS="0.785" coul="1" lang="en" source="ibm">olive color</contenuImg>
            <contenuImg CS="0.599" lang="en" source="ibm">print media</contenuImg>
            <contenuImg CS="0.5" lang="en" source="ibm">Scotch whiskey</contenuImg>
            <contenuImg CS="0.531" lang="en" source="ibm">whiskey</contenuImg>
            <contenuImg CS="0.663" lang="en" source="ibm">food</contenuImg>
            <contenuImg CS="0.663" lang="en" source="ibm">beverage</contenuImg>
            <contenuImg CS="0.663" lang="en" source="ibm">alcoholic beverage</contenuImg>
            <contenuImg CS="0.658" lang="en" source="ibm">liquor</contenuImg>
            <contenuImg CS="0.567" lang="en" source="ibm">rum</contenuImg>
            <fonction source="final">repro/dessin</fonction>
            <fonction source="md">repro/dessin</fonction>
            <tech source="final">imp photoméca</tech>
            <tech source="md">imp photoméca</tech>
            <genre source="hm" time="2021-01-08T19:24:26.853+01:00">publicité</genre>
            <genre source="final">publicité</genre>
          </ill>
        </ills>
      </page>
      <page hauteurPx="4969" largeurPx="3517" ordre="59">
        <nbMot>363</nbMot>
        <blocTexte>12</blocTexte>
        <blocTab>0</blocTab>
        <blocPub>0</blocPub>
        <blocIll ocr="0">0</blocIll>
      </page>
      <page hauteurPx="5105" largeurPx="3591" ordre="60">
        <nbMot>418</nbMot>
        <blocTexte>13</blocTexte>
        <blocTab>0</blocTab>
        <blocPub>8</blocPub>
        <blocIll ocr="1">3</blocIll>
        <ills>
          <ill classif="CCyolo CCibm" couleur="gris" h="2034" n="60-1" pub="1" taille="3" w="3317" x="235" y="2577">
            <contenuImg CS="0.639" lang="fr" source="ibm">village</contenuImg>
            <contenuImg CS="0.582" lang="fr" source="ibm">chaîne de montagnes</contenuImg>
            <contenuImg CS="0.718" lang="fr" source="ibm">nature</contenuImg>
            <contenuImg CS="0.539" lang="fr" source="ibm">vallée</contenuImg>
            <contenuImg CS="0.5" lang="fr" source="ibm">station de ski</contenuImg>
            <contenuImg CS="0.5" lang="fr" source="ibm">hôtel</contenuImg>
            <contenuImg CS="0.5" lang="fr" source="ibm">bâtiment</contenuImg>
            <contenuImg CS="0.597" lang="fr" source="ibm">route</contenuImg>
            <contenuImg CS="0.953" coul="1" lang="fr" source="ibm">gris</contenuImg>
            <contenuImg CS="0.699" coul="1" lang="fr" source="ibm">noir</contenuImg>
            <contenuImg CS="0.699" coul="1" lang="en" source="ibm">black color</contenuImg>
            <contenuImg CS="0.953" coul="1" lang="en" source="ibm">gray color</contenuImg>
            <contenuImg CS="0.597" lang="en" source="ibm">road</contenuImg>
            <contenuImg CS="0.5" lang="en" source="ibm">building</contenuImg>
            <contenuImg CS="0.5" lang="en" source="ibm">hotel</contenuImg>
            <contenuImg CS="0.5" lang="en" source="ibm">ski resort</contenuImg>
            <contenuImg CS="0.539" lang="en" source="ibm">valley</contenuImg>
            <contenuImg CS="0.718" lang="en" source="ibm">nature</contenuImg>
            <contenuImg CS="0.582" lang="en" source="ibm">mountain range</contenuImg>
            <contenuImg CS="0.639" lang="en" source="ibm">Village</contenuImg>
            <contenuImg CS="0.31" h="96" lang="fr" source="yolo" w="116" x="630" y="486">oiseau</contenuImg>
            <contenuImg CS="0.31" h="96" lang="en" source="yolo" w="116" x="630" y="486">bird</contenuImg>
            <contenuImg CS="0.41" h="123" lang="en" source="yolo" w="116" x="1476" y="643">bird</contenuImg>
            <contenuImg CS="0.61" h="150" lang="en" source="yolo" w="180" x="653" y="376">bird</contenuImg>
            <contenuImg CS="0.77" h="190" lang="en" source="yolo" w="223" x="300" y="143">bird</contenuImg>
            <contenuImg CS="0.77" h="76" lang="en" source="yolo" w="153" x="1630" y="763">bird</contenuImg>
            <contenuImg CS="0.83" h="153" lang="en" source="yolo" w="203" x="1033" y="543">bird</contenuImg>
            <contenuImg CS="0.84" h="83" lang="en" source="yolo" w="156" x="1340" y="693">bird</contenuImg>
            <genre source="final">publicité</genre>
            <genre source="md">publicité</genre>
            <fonction source="final">repro/photo</fonction>
            <tech source="final">imp photoméca</tech>
            <fonction CS="0.49" source="TensorFlow">repro/photo</fonction>
            <tech CS="1" source="md">imp photoméca</tech>
            <leg>DOIJC1S FRANCK » LE PARFUM DE PA R I s</leg>
            <txt>fOR«*T 6X9 ro»«ATa 6*9-67**11 8*14L Prix depuis 395 frs. t Pnx depuis 140frs AK Prix depuis 150 frs   Prix depuis 4401rs LES d L ONTOSCOPE m ir» ■fsfl  o. ,,,.  . , ■h1 m m m JLEVESTPOCKETTUISCO DE LU* £ LES KODAK JUNIORS I *■■11#  ro»nATS 6/2X9 BT 9x 12 F0,WAT x 9 t T 6 /2 X JI Ew Prix depuis 340 frs VA Prix depuis 385 frs w Prix depuis 272 frs  APrix depuis 12OOfn MF\ tioujPojsÊoo,nj EHJTOCK TOUTE; I  EJMAÏQUY D dppmjij ET TOUT CE QUI COHCERTIE LAPHIM o ~-~ J APPAREtLSDELUXE LEVESTPOCKET  ANSCO  LESBROWHIESPLIAUTS KODAK I</txt>
          </ill>
          <ill classif="CCibm" couleur="gris" edit="1" h="1262" n="60-2" pub="1" seg="1" source="hm" time="2021-01-08T19:24:35.864+01:00" w="1447" x="2071" y="1016">
            <txt source="google">"“PLAIT \"X\"ANSCO\" SKODAK” GAUMONT\" - CA - FORMAT 4 X 64/2 - LEVEST POCKET \"AMSCO\" LE VEST POCKET \"KODAK\" LES STEREOSPIDOS 6x13 - FOLDINGS 6/2 x 9 er 9x12 - FORMAT 4 x 612 Modele Bois Gaine, Prix depuis 1250 - Prix depuis 75 frs Prix depuis 130 frs. Prix depuis 135 frs. MODELE METALLIQUE. Prix depuis 1800 - 'NOXA\" - VÉRASCOPE RICHARD - FORMAT - 45x10 - APPAREILS DE LUXE LEVEST POCKET\"ANSCO\" LES BROWNIESPLIANTS KODAK“ - FORMAT 6V2X9 - FORMAT BX9 FORMATS 6x9 - 6/2 xII - 8 x 14 - Prix depuis 395 frs. Prix depuis 140 frs. Prix depuis 150 frs Prix depuis 440 frs - Les\" S.O.M! - LONTOSCOPE - FORMATS 45 x 107 tr 6x13 - CRO - E@O - LEVEST POCKET ANSCO \"DE LUXE LES \"KODAK \"JUNIORS - Prix depuis 385 frs Prix depuis 272 frs Prix depuis 1200 frs. - FORMATS 672 9 9x12 - Prix depuis 540 frs. - FORMAT - X9 - FORMATS 6x9 er 6V2x11 - ",</txt>
            <contenuImg CS="0.957" lang="fr" source="ibm">timbre papier</contenuImg>
            <contenuImg CS="0.957" lang="fr" source="ibm">document écrit</contenuImg>
            <contenuImg CS="0.799" lang="fr" source="ibm">presse écrite</contenuImg>
            <contenuImg CS="0.545" coul="1" lang="fr" source="ibm">vert olive</contenuImg>
            <contenuImg CS="0.545" coul="1" lang="en" source="ibm">olive green color</contenuImg>
            <contenuImg CS="0.799" lang="en" source="ibm">print media</contenuImg>
            <contenuImg CS="0.957" lang="en" source="ibm">written document</contenuImg>
            <contenuImg CS="0.957" lang="en" source="ibm">paper-based stamps/currency</contenuImg>
            <fonction source="final">repro/dessin</fonction>
            <fonction source="md">repro/dessin</fonction>
            <tech source="final">imp photoméca</tech>
            <tech source="md">imp photoméca</tech>
            <genre source="hm" time="2021-01-08T19:25:13.889+01:00">publicité</genre>
            <genre source="final">publicité</genre>
          </ill>
          <ill classif="CCibm CCyolo" couleur="gris" edit="1" h="893" n="60-3" pub="1" seg="1" source="hm" time="2021-01-08T19:24:52.978+01:00" w="539" x="324" y="1540">
            <contenuImg CS="0.844" lang="fr" source="ibm">salle d'étude</contenuImg>
            <contenuImg CS="0.5" lang="fr" source="ibm">étendoir à linge</contenuImg>
            <contenuImg CS="0.5" lang="fr" source="ibm">cadre</contenuImg>
            <contenuImg CS="0.502" lang="fr" source="ibm">structure porteuse</contenuImg>
            <contenuImg CS="0.929" coul="1" lang="fr" source="ibm">gris</contenuImg>
            <contenuImg CS="0.40" h="890" lang="fr" source="yolo" w="503" x="13" y="0">personne</contenuImg>
            <contenuImg CS="0.40" h="890" lang="en" source="yolo" w="503" x="13" y="0">person</contenuImg>
            <contenuImg CS="0.929" coul="1" lang="en" source="ibm">gray color</contenuImg>
            <contenuImg CS="0.502" lang="en" source="ibm">supporting structure</contenuImg>
            <contenuImg CS="0.5" lang="en" source="ibm">framework</contenuImg>
            <contenuImg CS="0.5" lang="en" source="ibm">clotheshorse</contenuImg>
            <contenuImg CS="0.844" lang="en" source="ibm">study</contenuImg>
            <fonction source="final">repro/dessin</fonction>
            <fonction source="md">repro/dessin</fonction>
            <tech source="final">imp photoméca</tech>
            <tech source="md">imp photoméca</tech>
            <genre source="hm" time="2021-01-08T19:25:12.019+01:00">publicité</genre>
            <genre source="final">publicité</genre>
          </ill>
        </ills>
      </page>
      <page hauteurPx="5001" largeurPx="3581" ordre="61">
        <nbMot>2</nbMot>
        <blocTexte>1</blocTexte>
        <blocTab>0</blocTab>
        <blocPub>1</blocPub>
        <ills>
          <ill classif="CCibm" couleur="gris" edit="1" h="4359" n="61-1" pub="1" seg="1" source="hm" time="2021-01-08T19:25:18.925+01:00" w="3297" x="87" y="302">
            <txt source="google">"Crêpe Georgette - Crêpe Romain - frêne erigan - D - Créés et fabriquos - exclusivement par: - BIANCHINE FERIER - 24 bis Avenue de Opéra - Les Mais Cissus tour - lar - Exigez les - de votre Couturiere - WA - C - ",</txt>
            <contenuImg CS="0.876" lang="fr" source="ibm">gazette</contenuImg>
            <contenuImg CS="0.888" lang="fr" source="ibm">journal</contenuImg>
            <contenuImg CS="0.888" lang="fr" source="ibm">média</contenuImg>
            <contenuImg CS="0.801" lang="fr" source="ibm">presse écrite</contenuImg>
            <contenuImg CS="0.785" lang="fr" source="ibm">tissu</contenuImg>
            <contenuImg CS="1" coul="1" lang="fr" source="ibm">gris</contenuImg>
            <contenuImg CS="1" coul="1" lang="en" source="ibm">gray color</contenuImg>
            <contenuImg CS="0.785" lang="en" source="ibm">fabric</contenuImg>
            <contenuImg CS="0.801" lang="en" source="ibm">print media</contenuImg>
            <contenuImg CS="0.888" lang="en" source="ibm">medium</contenuImg>
            <contenuImg CS="0.888" lang="en" source="ibm">newspaper</contenuImg>
            <contenuImg CS="0.876" lang="en" source="ibm">gazette</contenuImg>
            <fonction source="final">repro/dessin</fonction>
            <fonction source="md">repro/dessin</fonction>
            <tech source="final">imp photoméca</tech>
            <tech source="md">imp photoméca</tech>
            <genre source="hm" time="2021-01-08T19:25:49.077+01:00">publicité</genre>
            <genre source="final">publicité</genre>
          </ill>
        </ills>
        <blocIll ocr="0">1</blocIll>
      </page>
      <page hauteurPx="5089" largeurPx="3543" ordre="62">
        <nbMot>20</nbMot>
        <blocTexte>3</blocTexte>
        <blocTab>0</blocTab>
        <blocPub>1</blocPub>
        <blocIll ocr="1">1</blocIll>
        <ills>
          <ill classif="CCyolo CCibm" couleur="gris" derniere="true" h="4570" n="62-1" pub="1" taille="7" w="3335" x="180" y="185">
            <contenuImg CS="0.635" lang="fr" source="ibm">musée (intérieur)</contenuImg>
            <contenuImg CS="0.519" lang="fr" source="ibm">parking</contenuImg>
            <contenuImg CS="0.501" lang="fr" source="ibm">intersection</contenuImg>
            <contenuImg CS="0.502" lang="fr" source="ibm">jonction</contenuImg>
            <contenuImg CS="0.5" lang="fr" source="ibm">rue</contenuImg>
            <contenuImg CS="0.5" lang="fr" source="ibm">route</contenuImg>
            <contenuImg CS="0.599" lang="fr" source="ibm">véhicule</contenuImg>
            <contenuImg CS="0.987" coul="1" lang="fr" source="ibm">gris</contenuImg>
            <contenuImg CS="0.987" coul="1" lang="en" source="ibm">gray color</contenuImg>
            <contenuImg CS="0.599" lang="en" source="ibm">vehicle</contenuImg>
            <contenuImg CS="0.5" lang="en" source="ibm">road</contenuImg>
            <contenuImg CS="0.5" lang="en" source="ibm">street</contenuImg>
            <contenuImg CS="0.502" lang="en" source="ibm">junction</contenuImg>
            <contenuImg CS="0.501" lang="en" source="ibm">intersection</contenuImg>
            <contenuImg CS="0.519" lang="en" source="ibm">Parking Lot</contenuImg>
            <contenuImg CS="0.635" lang="en" source="ibm">Museum (Indoor)</contenuImg>
            <contenuImg CS="1.00" h="1316" lang="fr" source="yolo" w="1413" x="213" y="2743">cheval</contenuImg>
            <contenuImg CS="0.45" h="663" lang="fr" source="yolo" w="350" x="746" y="2613">personne</contenuImg>
            <contenuImg CS="0.45" h="663" lang="en" source="yolo" w="350" x="746" y="2613">person</contenuImg>
            <contenuImg CS="1.00" h="1316" lang="en" source="yolo" w="1413" x="213" y="2743">horse</contenuImg>
            <genre source="final">publicité</genre>
            <genre source="md">publicité</genre>
            <fonction source="final">repro/dessin</fonction>
            <tech source="final">imp photoméca</tech>
            <fonction CS="0.61" source="TensorFlow">repro/dessin</fonction>
            <tech CS="1" source="md">imp photoméca</tech>
            <leg>ns-ns -QIMJXjzùs S OLveë~ynf^ IÉ</leg>
            <txt>G. de MALHERBE et C; , Imp., 12, Passage des Favorites ParN Ta feront (Hpf F, GïIFRTN,</txt>
          </ill>
        </ills>
      </page>
    </pages>
  </contenus>
</analyseAlto>