<analyseAlto>
  <metad>
    <type>R</type>
    <ID>bpt6k65382257</ID>
    <notice>cb343833568</notice>
    <titre>Vogue 1924/09/01 (Volume 5, Numéro 9)</titre>
    <dateEdition>1924-09-01</dateEdition>
    <lang>fre</lang>
    <source>BnF</source>
    <nbPage>70</nbPage>
  </metad>
  <contenus>
    <largeur>158</largeur>
    <hauteur>216</hauteur>
    <largeurPx>3743</largeurPx>
    <hauteurPx>5121</hauteurPx>
    <pages>
      <page hauteurPx="5121" largeurPx="3743" ordre="1">
        <nbMot>25</nbMot>
        <blocTexte>2</blocTexte>
        <blocTab>0</blocTab>
        <blocPub>0</blocPub>
        <blocIll ocr="1">1</blocIll>
        <ills/>
      </page>
      <page hauteurPx="5149" largeurPx="3825" ordre="2">
        <nbMot>14</nbMot>
        <blocTexte>2</blocTexte>
        <blocTab>0</blocTab>
        <blocPub>0</blocPub>
        <blocIll ocr="2">2</blocIll>
        <ills>
          <ill classif="CCyolo CCibm" couleur="coul" edit="1" h="1919" n="2-1" pub="1" taille="1" w="1390" x="1312" y="801">
            <contenuImg CS="0.812" lang="fr" source="ibm">chambre</contenuImg>
            <contenuImg CS="0.812" lang="fr" source="ibm">pièce</contenuImg>
            <contenuImg CS="0.723" lang="fr" source="ibm">piste de ski</contenuImg>
            <contenuImg CS="0.723" lang="fr" source="ibm">pente</contenuImg>
            <contenuImg CS="0.723" lang="fr" source="ibm">nature</contenuImg>
            <contenuImg CS="0.792" lang="fr" source="ibm">bâtiment</contenuImg>
            <contenuImg CS="0.53" coul="1" lang="fr" source="ibm">rose pâle</contenuImg>
            <contenuImg CS="0.519" coul="1" lang="fr" source="ibm">rose (couleur)</contenuImg>
            <contenuImg CS="0.519" coul="1" lang="en" source="ibm">pink color</contenuImg>
            <contenuImg CS="0.53" coul="1" lang="en" source="ibm">rose color</contenuImg>
            <contenuImg CS="0.792" lang="en" source="ibm">building</contenuImg>
            <contenuImg CS="0.723" lang="en" source="ibm">nature</contenuImg>
            <contenuImg CS="0.723" lang="en" source="ibm">slope</contenuImg>
            <contenuImg CS="0.723" lang="en" source="ibm">ski slope</contenuImg>
            <contenuImg CS="0.812" lang="en" source="ibm">room</contenuImg>
            <contenuImg CS="0.812" lang="en" source="ibm">bedroom</contenuImg>
            <contenuImg CS="0.812" lang="en" source="ibm">person's room</contenuImg>
            <contenuImg CS="0.76" h="1613" lang="fr" source="yolo" w="1133" x="113" y="0">gâteau</contenuImg>
            <contenuImg CS="0.76" h="1613" lang="en" source="yolo" w="1133" x="113" y="0">cake</contenuImg>
            <contenuImg b="255" coul="1" g="255" r="255" source="colorific" type="bkg">#ffffff</contenuImg>
            <contenuImg b="138" coul="1" g="133" ordre="10" r="124" source="colorific" type="frg">#7c858a</contenuImg>
            <contenuImg b="81" coul="1" g="86" ordre="9" r="104" source="colorific" type="frg">#685651</contenuImg>
            <contenuImg b="126" coul="1" g="148" ordre="8" r="209" source="colorific" type="frg">#d1947e</contenuImg>
            <contenuImg b="112" coul="1" g="138" ordre="7" r="153" source="colorific" type="frg">#998a70</contenuImg>
            <contenuImg b="142" coul="1" g="193" ordre="6" r="225" source="colorific" type="frg">#e1c18e</contenuImg>
            <contenuImg b="120" coul="1" g="168" ordre="5" r="163" source="colorific" type="frg">#a3a878</contenuImg>
            <contenuImg b="94" coul="1" g="100" ordre="4" r="165" source="colorific" type="frg">#a5645e</contenuImg>
            <contenuImg b="86" coul="1" g="95" ordre="3" r="98" source="colorific" type="frg">#625f56</contenuImg>
            <contenuImg b="122" coul="1" g="122" ordre="2" r="158" source="colorific" type="frg">#9e7a7a</contenuImg>
            <contenuImg b="179" coul="1" g="184" ordre="1" r="188" source="colorific" type="frg">#bcb8b3</contenuImg>
            <fonction source="final">repro/dessin</fonction>
            <tech source="final">imp photoméca</tech>
            <fonction CS="0.85" source="TensorFlow">repro/dessin</fonction>
            <tech CS="1" source="md">imp photoméca</tech>
            <leg>il MON PARFUMfi BOURJOIS Créateur des Jidrds CENDRE DE ROSES C ROUGE MANDARINE</leg>
            <genre source="hm" time="2020-11-01T10:06:23.189+01:00">publicité</genre>
            <genre source="final">publicité</genre>
          </ill>
          <ill classif="CCyolo CCibm" couleur="gris" edit="1" h="1312" n="2-2" pub="1" taille="1" w="3172" x="433" y="2708">
            <contenuImg CS="0.875" lang="fr" source="ibm">flasque</contenuImg>
            <contenuImg CS="0.876" lang="fr" source="ibm">bouteille</contenuImg>
            <contenuImg CS="0.779" lang="fr" source="ibm">machinerie</contenuImg>
            <contenuImg CS="0.8" lang="fr" source="ibm">toilette</contenuImg>
            <contenuImg CS="0.96" coul="1" lang="fr" source="ibm">gris</contenuImg>
            <contenuImg CS="0.96" coul="1" lang="en" source="ibm">gray color</contenuImg>
            <contenuImg CS="0.8" lang="en" source="ibm">toiletry</contenuImg>
            <contenuImg CS="0.779" lang="en" source="ibm">machinery</contenuImg>
            <contenuImg CS="0.876" lang="en" source="ibm">bottle</contenuImg>
            <contenuImg CS="0.875" lang="en" source="ibm">flask</contenuImg>
            <contenuImg CS="0.704" lang="en" source="ibm">hipflask</contenuImg>
            <contenuImg CS="0.26" h="696" lang="fr" source="yolo" w="846" x="1363" y="583">bol</contenuImg>
            <contenuImg CS="0.26" h="696" lang="en" source="yolo" w="846" x="1363" y="583">bowl</contenuImg>
            <fonction source="final">repro/photo</fonction>
            <tech source="final">imp photoméca</tech>
            <fonction CS="0.43" source="TensorFlow">repro/photo</fonction>
            <tech CS="1" source="md">imp photoméca</tech>
            <leg>il MON PARFUMfi BOURJOIS Créateur des Jidrds CENDRE DE ROSES C ROUGE MANDARINE</leg>
            <genre source="hm" time="2020-11-01T10:06:26.346+01:00">publicité</genre>
            <genre source="final">publicité</genre>
          </ill>
        </ills>
      </page>
      <page hauteurPx="5117" largeurPx="3737" ordre="3">
        <nbMot>645</nbMot>
        <blocTexte>34</blocTexte>
        <blocTab>11</blocTab>
        <blocPub>0</blocPub>
        <blocIll ocr="1">1</blocIll>
        <ills/>
      </page>
      <page hauteurPx="5127" largeurPx="3797" ordre="4">
        <nbMot>139</nbMot>
        <blocTexte>4</blocTexte>
        <blocTab>0</blocTab>
        <blocPub>0</blocPub>
        <blocIll ocr="2">2</blocIll>
        <ills/>
      </page>
      <page hauteurPx="5141" largeurPx="3781" ordre="5">
        <nbMot>408</nbMot>
        <blocTexte>11</blocTexte>
        <blocTab>0</blocTab>
        <blocPub>0</blocPub>
        <blocIll ocr="1">1</blocIll>
        <ills/>
      </page>
      <page hauteurPx="5185" largeurPx="3873" ordre="6">
        <nbMot>566</nbMot>
        <blocTexte>12</blocTexte>
        <blocTab>0</blocTab>
        <blocPub>0</blocPub>
        <blocIll ocr="5">5</blocIll>
        <ills/>
      </page>
      <page hauteurPx="5171" largeurPx="3823" ordre="7">
        <nbMot>566</nbMot>
        <blocTexte>11</blocTexte>
        <blocTab>0</blocTab>
        <blocPub>0</blocPub>
        <blocIll ocr="5">5</blocIll>
        <ills/>
      </page>
      <page hauteurPx="5169" largeurPx="3851" ordre="8">
        <nbMot>131</nbMot>
        <blocTexte>4</blocTexte>
        <blocTab>0</blocTab>
        <blocPub>0</blocPub>
        <blocIll ocr="2">2</blocIll>
        <ills/>
      </page>
      <page hauteurPx="5149" largeurPx="3791" ordre="9">
        <nbMot>115</nbMot>
        <blocTexte>4</blocTexte>
        <blocTab>0</blocTab>
        <blocPub>0</blocPub>
        <blocIll ocr="2">2</blocIll>
        <ills/>
      </page>
      <page hauteurPx="5147" largeurPx="3823" ordre="10">
        <nbMot>113</nbMot>
        <blocTexte>8</blocTexte>
        <blocTab>0</blocTab>
        <blocPub>0</blocPub>
        <blocIll ocr="2">2</blocIll>
        <ills/>
      </page>
      <page hauteurPx="5117" largeurPx="3747" ordre="11">
        <nbMot>119</nbMot>
        <blocTexte>8</blocTexte>
        <blocTab>0</blocTab>
        <blocPub>0</blocPub>
        <blocIll ocr="2">2</blocIll>
        <ills/>
      </page>
      <page hauteurPx="5205" largeurPx="3897" ordre="12">
        <nbMot>81</nbMot>
        <blocTexte>7</blocTexte>
        <blocTab>0</blocTab>
        <blocPub>0</blocPub>
        <blocIll ocr="3">3</blocIll>
        <ills/>
      </page>
      <page hauteurPx="5139" largeurPx="3777" ordre="13">
        <nbMot>785</nbMot>
        <blocTexte>36</blocTexte>
        <blocTab>0</blocTab>
        <blocPub>0</blocPub>
        <blocIll ocr="5">5</blocIll>
        <ills/>
      </page>
      <page hauteurPx="5189" largeurPx="3877" ordre="14">
        <nbMot>1260</nbMot>
        <blocTexte>58</blocTexte>
        <blocTab>0</blocTab>
        <blocPub>0</blocPub>
        <blocIll ocr="8">8</blocIll>
        <ills/>
      </page>
      <page hauteurPx="5151" largeurPx="3787" ordre="15">
        <nbMot>957</nbMot>
        <blocTexte>42</blocTexte>
        <blocTab>0</blocTab>
        <blocPub>0</blocPub>
        <blocIll ocr="9">9</blocIll>
        <ills/>
      </page>
      <page hauteurPx="5193" largeurPx="3881" ordre="16">
        <nbMot>15</nbMot>
        <blocTexte>2</blocTexte>
        <blocTab>0</blocTab>
        <blocPub>0</blocPub>
        <blocIll ocr="1">1</blocIll>
        <ills/>
      </page>
      <page hauteurPx="5133" largeurPx="3761" ordre="17">
        <nbMot>14</nbMot>
        <blocTexte>2</blocTexte>
        <blocTab>0</blocTab>
        <blocPub>0</blocPub>
        <blocIll ocr="1">1</blocIll>
        <ills/>
      </page>
      <page hauteurPx="5147" largeurPx="3819" ordre="18">
        <nbMot>215</nbMot>
        <blocTexte>15</blocTexte>
        <blocTab>0</blocTab>
        <blocPub>0</blocPub>
        <blocIll ocr="2">2</blocIll>
        <ills/>
      </page>
      <page hauteurPx="5149" largeurPx="3769" ordre="19">
        <nbMot>226</nbMot>
        <blocTexte>15</blocTexte>
        <blocTab>0</blocTab>
        <blocPub>0</blocPub>
        <blocIll ocr="2">2</blocIll>
        <ills/>
      </page>
      <page hauteurPx="5113" largeurPx="3777" ordre="20">
        <nbMot>444</nbMot>
        <blocTexte>14</blocTexte>
        <blocTab>0</blocTab>
        <blocPub>0</blocPub>
        <blocIll ocr="3">3</blocIll>
        <ills/>
      </page>
      <page hauteurPx="5127" largeurPx="3737" ordre="21">
        <nbMot>440</nbMot>
        <blocTexte>10</blocTexte>
        <blocTab>0</blocTab>
        <blocPub>0</blocPub>
        <blocIll ocr="3">3</blocIll>
        <ills/>
      </page>
      <page hauteurPx="5147" largeurPx="3821" ordre="22">
        <nbMot>487</nbMot>
        <blocTexte>14</blocTexte>
        <blocTab>0</blocTab>
        <blocPub>0</blocPub>
        <blocIll ocr="2">2</blocIll>
        <ills/>
      </page>
      <page hauteurPx="5169" largeurPx="3797" ordre="23">
        <nbMot>489</nbMot>
        <blocTexte>12</blocTexte>
        <blocTab>0</blocTab>
        <blocPub>0</blocPub>
        <blocIll ocr="2">2</blocIll>
        <ills/>
      </page>
      <page hauteurPx="5141" largeurPx="3815" ordre="24">
        <nbMot>440</nbMot>
        <blocTexte>15</blocTexte>
        <blocTab>0</blocTab>
        <blocPub>0</blocPub>
        <blocIll ocr="3">3</blocIll>
        <ills/>
      </page>
      <page hauteurPx="5125" largeurPx="3737" ordre="25">
        <nbMot>130</nbMot>
        <blocTexte>10</blocTexte>
        <blocTab>0</blocTab>
        <blocPub>0</blocPub>
        <blocIll ocr="1">1</blocIll>
        <ills/>
      </page>
      <page hauteurPx="5159" largeurPx="3839" ordre="26">
        <nbMot>217</nbMot>
        <blocTexte>15</blocTexte>
        <blocTab>0</blocTab>
        <blocPub>0</blocPub>
        <blocIll ocr="1">1</blocIll>
        <ills/>
      </page>
      <page hauteurPx="5131" largeurPx="3745" ordre="27">
        <nbMot>502</nbMot>
        <blocTexte>22</blocTexte>
        <blocTab>0</blocTab>
        <blocPub>0</blocPub>
        <blocIll ocr="1">1</blocIll>
        <ills/>
      </page>
      <page hauteurPx="5185" largeurPx="3875" ordre="28">
        <nbMot>580</nbMot>
        <blocTexte>15</blocTexte>
        <blocTab>0</blocTab>
        <blocPub>0</blocPub>
        <blocIll ocr="4">4</blocIll>
        <ills>
          <ill classif="CCibm" couleur="gris" h="526" n="28-4" pub="1" taille="0" w="538" x="2577" y="4108">
            <contenuImg CS="0.504" lang="fr" source="ibm">boîte de Petri</contenuImg>
            <contenuImg CS="0.537" lang="fr" source="ibm">plectre (pour instrument à cordes)</contenuImg>
            <contenuImg CS="0.505" lang="fr" source="ibm">plat</contenuImg>
            <contenuImg CS="0.506" lang="fr" source="ibm">vaisselle</contenuImg>
            <contenuImg CS="0.506" lang="fr" source="ibm">ustensile</contenuImg>
            <contenuImg CS="0.5" lang="fr" source="ibm">coeur</contenuImg>
            <contenuImg CS="0.5" lang="fr" source="ibm">couverture</contenuImg>
            <contenuImg CS="0.5" lang="fr" source="ibm">revêtement de sol</contenuImg>
            <contenuImg CS="0.597" lang="fr" source="ibm">disque</contenuImg>
            <contenuImg CS="0.592" lang="fr" source="ibm">tissu</contenuImg>
            <contenuImg CS="0.941" coul="1" lang="fr" source="ibm">gris</contenuImg>
            <contenuImg CS="0.672" coul="1" lang="fr" source="ibm">sauge</contenuImg>
            <contenuImg CS="0.672" coul="1" lang="en" source="ibm">sage green color</contenuImg>
            <contenuImg CS="0.941" coul="1" lang="en" source="ibm">gray color</contenuImg>
            <contenuImg CS="0.592" lang="en" source="ibm">fabric</contenuImg>
            <contenuImg CS="0.597" lang="en" source="ibm">disk</contenuImg>
            <contenuImg CS="0.5" lang="en" source="ibm">floor cover</contenuImg>
            <contenuImg CS="0.5" lang="en" source="ibm">rug</contenuImg>
            <contenuImg CS="0.5" lang="en" source="ibm">hearthrug</contenuImg>
            <contenuImg CS="0.506" lang="en" source="ibm">utensil</contenuImg>
            <contenuImg CS="0.506" lang="en" source="ibm">tableware</contenuImg>
            <contenuImg CS="0.505" lang="en" source="ibm">dish</contenuImg>
            <contenuImg CS="0.504" lang="en" source="ibm">Petri dish</contenuImg>
            <contenuImg CS="0.537" lang="en" source="ibm">pick (for string instrument)</contenuImg>
            <genre source="final">publicité</genre>
            <genre source="md">publicité</genre>
            <fonction source="final">repro/dessin</fonction>
            <tech source="final">imp photoméca</tech>
            <fonction CS="0.39" source="TensorFlow">repro/dessin</fonction>
            <tech CS="1" source="md">imp photoméca</tech>
            <leg>L ES clans Marokaia. Tissu à surface granitée inspiré des étoffes marocaines, et décorée de grands quadrillés de plusieurs couleurs, avec une large bordure unie qui fera desmanteaux de voyage et de campagne des plus seyants et pratiques</leg>
            <txt>L E ziblikasha gansé, est un kasha zibeliné sur lequel des raies de différentes couleurs ront groupées, alternant avec des raies d uni. Les couleurs sont au nombre de cinq et l ensemble est doux au toucher grâce aux longs duvets de la surface L ES pavés poplavella sont des carrés veloutés vert, marine, noir ou brun foncé, encadrés d un large quadrillé en deux autres tons, ou deux teintes de la même couleur harmon ieusement réunies sur un fond rayé de la même manière qu une popeline</txt>
          </ill>
        </ills>
      </page>
      <page hauteurPx="5137" largeurPx="3753" ordre="29">
        <nbMot>609</nbMot>
        <blocTexte>16</blocTexte>
        <blocTab>0</blocTab>
        <blocPub>0</blocPub>
        <blocIll ocr="4">4</blocIll>
        <ills/>
      </page>
      <page hauteurPx="5151" largeurPx="3823" ordre="30">
        <nbMot>603</nbMot>
        <blocTexte>13</blocTexte>
        <blocTab>0</blocTab>
        <blocPub>0</blocPub>
        <blocIll ocr="4">4</blocIll>
        <ills>
          <ill classif="CCyolo CCibm" couleur="gris" h="529" n="30-4" pub="1" taille="0" w="547" x="2592" y="4087">
            <contenuImg CS="0.875" lang="fr" source="ibm">filtre</contenuImg>
            <contenuImg CS="0.527" lang="fr" source="ibm">intercom</contenuImg>
            <contenuImg CS="0.53" lang="fr" source="ibm">haut-parleur</contenuImg>
            <contenuImg CS="0.53" lang="fr" source="ibm">appareil électrique</contenuImg>
            <contenuImg CS="0.524" lang="fr" source="ibm">tamis</contenuImg>
            <contenuImg CS="0.5" lang="fr" source="ibm">réflecteur</contenuImg>
            <contenuImg CS="0.791" lang="fr" source="ibm">disque</contenuImg>
            <contenuImg CS="0.983" coul="1" lang="fr" source="ibm">gris cendré</contenuImg>
            <contenuImg CS="0.77" coul="1" lang="fr" source="ibm">sauge</contenuImg>
            <contenuImg CS="0.77" coul="1" lang="en" source="ibm">sage green color</contenuImg>
            <contenuImg CS="0.983" coul="1" lang="en" source="ibm">ash grey color</contenuImg>
            <contenuImg CS="0.791" lang="en" source="ibm">disk</contenuImg>
            <contenuImg CS="0.5" lang="en" source="ibm">reflector</contenuImg>
            <contenuImg CS="0.524" lang="en" source="ibm">sifter</contenuImg>
            <contenuImg CS="0.53" lang="en" source="ibm">electrical device</contenuImg>
            <contenuImg CS="0.53" lang="en" source="ibm">loudspeaker</contenuImg>
            <contenuImg CS="0.527" lang="en" source="ibm">squawk box</contenuImg>
            <contenuImg CS="0.875" lang="en" source="ibm">filter</contenuImg>
            <contenuImg CS="0.754" lang="en" source="ibm">sieve</contenuImg>
            <contenuImg CS="0.96" h="490" lang="fr" source="yolo" w="516" x="3" y="23">raquette de tennis</contenuImg>
            <contenuImg CS="0.96" h="490" lang="en" source="yolo" w="516" x="3" y="23">tennis racket</contenuImg>
            <genre source="final">publicité</genre>
            <genre source="md">publicité</genre>
            <fonction source="final">repro/texte</fonction>
            <tech source="final">imp photoméca</tech>
            <fonction CS="0.41" source="TensorFlow">repro/texte</fonction>
            <tech CS="1" source="md">imp photoméca</tech>
            <leg>LE  Djersacôte  sera très en faveur cette saison, de même que toutes les étoffes côtelées. Il se fait en uni et en chiné de deux tons de la même couleur, gris, beige, brun.</leg>
            <txt>LES broderies sont toujours d une grande richesse de dessin et de couleur. Celle-ci, exéi cutée sur un panéi cla en velours panne ? très épais, mélange plusieurs couleurs avec de l or et de l argent et en fait un tissu somptueux pour manteaux du soir rjN exemple de tissu à la fois brodé et imprimé, tel que les conçoit Rodier. Celui-ci est un tchinacrêpe noir brodé de noir et imprimé de motifs aux couleurs vives d un dessin très fin, disposés en larges raies dont l effet est des plus délicats</txt>
          </ill>
        </ills>
      </page>
      <page hauteurPx="5159" largeurPx="3785" ordre="31">
        <nbMot>602</nbMot>
        <blocTexte>15</blocTexte>
        <blocTab>0</blocTab>
        <blocPub>0</blocPub>
        <blocIll ocr="4">4</blocIll>
        <ills/>
      </page>
      <page hauteurPx="5129" largeurPx="3793" ordre="32">
        <nbMot>656</nbMot>
        <blocTexte>16</blocTexte>
        <blocTab>0</blocTab>
        <blocPub>0</blocPub>
        <blocIll ocr="5">5</blocIll>
        <ills/>
      </page>
      <page hauteurPx="5155" largeurPx="3777" ordre="33">
        <nbMot>681</nbMot>
        <blocTexte>15</blocTexte>
        <blocTab>0</blocTab>
        <blocPub>0</blocPub>
        <blocIll ocr="5">5</blocIll>
        <ills/>
      </page>
      <page hauteurPx="5129" largeurPx="3825" ordre="34">
        <nbMot>268</nbMot>
        <blocTexte>8</blocTexte>
        <blocTab>0</blocTab>
        <blocPub>0</blocPub>
        <blocIll ocr="1">1</blocIll>
        <ills>
          <ill classif="CCyolo CCibm" couleur="gris" h="4289" n="34-1" pub="1" taille="6" w="3190" x="461" y="419">
            <contenuImg CS="0.523" lang="fr" source="ibm">papier</contenuImg>
            <contenuImg CS="0.505" lang="fr" source="ibm">presse écrite</contenuImg>
            <contenuImg CS="0.624" lang="fr" source="ibm">média</contenuImg>
            <contenuImg CS="0.503" lang="fr" source="ibm">journal de classe</contenuImg>
            <contenuImg CS="0.565" lang="fr" source="ibm">journal</contenuImg>
            <contenuImg CS="0.5" lang="fr" source="ibm">document écrit</contenuImg>
            <contenuImg CS="0.598" lang="fr" source="ibm">silhouette</contenuImg>
            <contenuImg CS="0.891" coul="1" lang="fr" source="ibm">gris</contenuImg>
            <contenuImg CS="0.891" coul="1" lang="en" source="ibm">gray color</contenuImg>
            <contenuImg CS="0.598" lang="en" source="ibm">figure</contenuImg>
            <contenuImg CS="0.5" lang="en" source="ibm">written document</contenuImg>
            <contenuImg CS="0.565" lang="en" source="ibm">newspaper</contenuImg>
            <contenuImg CS="0.503" lang="en" source="ibm">school newspaper</contenuImg>
            <contenuImg CS="0.624" lang="en" source="ibm">medium</contenuImg>
            <contenuImg CS="0.505" lang="en" source="ibm">print media</contenuImg>
            <contenuImg CS="0.523" lang="en" source="ibm">paper</contenuImg>
            <contenuImg CS="0.27" h="1593" lang="fr" source="yolo" w="1903" x="153" y="893">livre</contenuImg>
            <contenuImg CS="0.27" h="1593" lang="en" source="yolo" w="1903" x="153" y="893">book</contenuImg>
            <contenuImg CS="0.42" h="2203" lang="en" source="yolo" w="3153" x="6" y="2083">book</contenuImg>
            <genre source="final">publicité</genre>
            <genre source="md">publicité</genre>
            <fonction source="final">repro/dessin</fonction>
            <tech source="final">imp photoméca</tech>
            <fonction CS="0.38" source="TensorFlow">repro/dessin</fonction>
            <tech CS="1" source="md">imp photoméca</tech>
            <leg>QP t]. ES nouvelles bfoderies de Lefranc dégagent avant tout une impression d harmonie parfaite, et l étonnante variété de leurs dessins va des primitifs aux modernes sans cesser de s adapter parfaitement aux goûts actuels. , Le fil, la soie, la laine, le métal s appliquent en motifs variés sûr tous les genres de tissus, mais particulièrement sur le satin, le velours, l or et l argent. Une inspection minutieuse est parfois nécessaire pour découvrir certains motifs minuscules, tels ceux qui ornent de leur pointillé très fin les paillettes mouchetées Des tubes de gélatine dorés ou colorés remplacent la classique perle tube, offrant sur ces dernières l avantage d une plus grande légèreté et ne pesant pas, comme elles, sur le tissu. Certaines imitations de perles utilisées pour la broderie sont si parfaites qu on en pourrait faire des colliers, et les pierres de couleur sont montées avec autant de soin que si elles étaient destinées à être portées en bague. Le ruban ombré bordé de métal, une chenille très fine, des perles de toutes formes et de toutes dimensions, y compris une perle chinée de deux tons, la cellophane dans ses différentes applications, de fragiles laminettes, sont les principales matières, entre beaucoup d autres, employées par Lefranc suivant des procédés qui varient avec chaque modèle,.</leg>
            <txt>emprunte aux jJPimLtyJ; et aux Mwerlqaf. La callee, C/L cfte #ao</txt>
          </ill>
        </ills>
      </page>
      <page hauteurPx="5117" largeurPx="3725" ordre="35">
        <nbMot>155</nbMot>
        <blocTexte>8</blocTexte>
        <blocTab>0</blocTab>
        <blocPub>0</blocPub>
        <blocIll ocr="3">3</blocIll>
        <ills/>
      </page>
      <page hauteurPx="5113" largeurPx="3805" ordre="36">
        <nbMot>50</nbMot>
        <blocTexte>2</blocTexte>
        <blocTab>0</blocTab>
        <blocPub>0</blocPub>
        <blocIll ocr="1">1</blocIll>
        <ills/>
      </page>
      <page hauteurPx="5123" largeurPx="3735" ordre="37">
        <nbMot>1038</nbMot>
        <blocTexte>24</blocTexte>
        <blocTab>0</blocTab>
        <blocPub>0</blocPub>
        <blocIll ocr="0">0</blocIll>
      </page>
      <page hauteurPx="5127" largeurPx="3823" ordre="38">
        <nbMot>196</nbMot>
        <blocTexte>6</blocTexte>
        <blocTab>0</blocTab>
        <blocPub>0</blocPub>
        <blocIll ocr="1">1</blocIll>
        <ills/>
      </page>
      <page hauteurPx="5143" largeurPx="3761" ordre="39">
        <nbMot>137</nbMot>
        <blocTexte>4</blocTexte>
        <blocTab>0</blocTab>
        <blocPub>0</blocPub>
        <blocIll ocr="1">1</blocIll>
        <ills/>
      </page>
      <page hauteurPx="5155" largeurPx="3861" ordre="40">
        <nbMot>93</nbMot>
        <blocTexte>6</blocTexte>
        <blocTab>0</blocTab>
        <blocPub>0</blocPub>
        <blocIll ocr="1">1</blocIll>
        <ills/>
      </page>
      <page hauteurPx="5085" largeurPx="3681" ordre="41">
        <nbMot>100</nbMot>
        <blocTexte>5</blocTexte>
        <blocTab>0</blocTab>
        <blocPub>0</blocPub>
        <blocIll ocr="1">1</blocIll>
        <ills/>
      </page>
      <page hauteurPx="5149" largeurPx="3853" ordre="42">
        <nbMot>132</nbMot>
        <blocTexte>7</blocTexte>
        <blocTab>0</blocTab>
        <blocPub>0</blocPub>
        <blocIll ocr="1">1</blocIll>
        <ills/>
      </page>
      <page hauteurPx="5113" largeurPx="3721" ordre="43">
        <nbMot>542</nbMot>
        <blocTexte>16</blocTexte>
        <blocTab>0</blocTab>
        <blocPub>0</blocPub>
        <blocIll ocr="3">3</blocIll>
        <ills/>
      </page>
      <page hauteurPx="5133" largeurPx="3825" ordre="44">
        <nbMot>708</nbMot>
        <blocTexte>13</blocTexte>
        <blocTab>0</blocTab>
        <blocPub>0</blocPub>
        <blocIll ocr="1">1</blocIll>
        <ills/>
      </page>
      <page hauteurPx="5125" largeurPx="3737" ordre="45">
        <nbMot>170</nbMot>
        <blocTexte>8</blocTexte>
        <blocTab>0</blocTab>
        <blocPub>0</blocPub>
        <blocIll ocr="3">3</blocIll>
        <ills/>
      </page>
      <page hauteurPx="5135" largeurPx="3765" ordre="46">
        <nbMot>282</nbMot>
        <blocTexte>14</blocTexte>
        <blocTab>0</blocTab>
        <blocPub>0</blocPub>
        <blocIll ocr="3">3</blocIll>
        <ills/>
      </page>
      <page hauteurPx="5219" largeurPx="3869" ordre="47">
        <nbMot>19</nbMot>
        <blocTexte>2</blocTexte>
        <blocTab>0</blocTab>
        <blocPub>0</blocPub>
        <blocIll ocr="1">1</blocIll>
        <ills>
          <ill classif="CCyolo CCibm" couleur="coul" edit="1" h="3618" n="47-1" pub="1" taille="4" w="2804" x="547" y="890">
            <contenuImg CS="0.557" lang="fr" source="ibm">personnes</contenuImg>
            <contenuImg CS="0.761" lang="fr" source="ibm">personne</contenuImg>
            <contenuImg CS="0.504" lang="fr" source="ibm">brocart (tissu)</contenuImg>
            <contenuImg CS="0.511" lang="fr" source="ibm">tissu</contenuImg>
            <contenuImg CS="0.502" lang="fr" source="ibm">personne en coiffe</contenuImg>
            <contenuImg CS="0.5" lang="fr" source="ibm">sarape (châle)</contenuImg>
            <contenuImg CS="0.501" lang="fr" source="ibm">manteau</contenuImg>
            <contenuImg CS="0.503" lang="fr" source="ibm">survêtement</contenuImg>
            <contenuImg CS="0.515" lang="fr" source="ibm">vêtement</contenuImg>
            <contenuImg CS="0.6" lang="fr" source="ibm">vêtements</contenuImg>
            <contenuImg CS="0.865" coul="1" lang="fr" source="ibm">pourpre tyrien</contenuImg>
            <contenuImg CS="0.773" coul="1" lang="fr" source="ibm">violet</contenuImg>
            <contenuImg CS="0.773" coul="1" lang="en" source="ibm">purple color</contenuImg>
            <contenuImg CS="0.865" coul="1" lang="en" source="ibm">Tyrian purple color</contenuImg>
            <contenuImg CS="0.6" lang="en" source="ibm">clothing</contenuImg>
            <contenuImg CS="0.515" lang="en" source="ibm">garment</contenuImg>
            <contenuImg CS="0.503" lang="en" source="ibm">overgarment</contenuImg>
            <contenuImg CS="0.501" lang="en" source="ibm">cloak</contenuImg>
            <contenuImg CS="0.5" lang="en" source="ibm">serape (shawl)</contenuImg>
            <contenuImg CS="0.502" lang="en" source="ibm">person in headdress</contenuImg>
            <contenuImg CS="0.511" lang="en" source="ibm">fabric</contenuImg>
            <contenuImg CS="0.504" lang="en" source="ibm">brocade (fabric)</contenuImg>
            <contenuImg CS="0.761" lang="en" source="ibm">person</contenuImg>
            <contenuImg CS="0.557" lang="en" source="ibm">people</contenuImg>
            <contenuImg CS="0.44" h="2536" lang="fr" source="yolo" w="1430" x="6" y="530">parapluie</contenuImg>
            <contenuImg CS="0.44" h="2536" lang="en" source="yolo" w="1430" x="6" y="530">umbrella</contenuImg>
            <contenuImg b="255" coul="1" g="255" r="255" source="colorific" type="bkg">#ffffff</contenuImg>
            <contenuImg b="80" coul="1" g="71" ordre="10" r="128" source="colorific" type="frg">#804750</contenuImg>
            <contenuImg b="50" coul="1" g="64" ordre="9" r="124" source="colorific" type="frg">#7c4032</contenuImg>
            <contenuImg b="90" coul="1" g="58" ordre="8" r="92" source="colorific" type="frg">#5c3a5a</contenuImg>
            <contenuImg b="144" coul="1" g="150" ordre="7" r="163" source="colorific" type="frg">#a39690</contenuImg>
            <contenuImg b="111" coul="1" g="154" ordre="6" r="201" source="colorific" type="frg">#c99a6f</contenuImg>
            <contenuImg b="64" coul="1" g="101" ordre="5" r="183" source="colorific" type="frg">#b76540</contenuImg>
            <contenuImg b="177" coul="1" g="168" ordre="4" r="213" source="colorific" type="frg">#d5a8b1</contenuImg>
            <contenuImg b="174" coul="1" g="206" ordre="3" r="225" source="colorific" type="frg">#e1ceae</contenuImg>
            <contenuImg b="57" coul="1" g="53" ordre="2" r="54" source="colorific" type="frg">#363539</contenuImg>
            <contenuImg b="118" coul="1" g="94" ordre="1" r="184" source="colorific" type="frg">#b85e76</contenuImg>
            <fonction source="final">repro/dessin</fonction>
            <tech source="final">imp photoméca</tech>
            <fonction CS="0.79" source="TensorFlow">repro/dessin</fonction>
            <tech CS="1" source="md">imp photoméca</tech>
            <leg>béâtes ^roaerùzs Y£112 fd MAURICE. LEIFRAMC *. oi§ 22 Rue -de icx. E3 x tcj vu». Fbtrûs</leg>
            <txt>, e r Septembre 45 , e r Septembre 45</txt>
            <genre source="hm" time="2020-11-02T16:26:31.103+01:00">publicité</genre>
            <genre source="final">publicité</genre>
          </ill>
        </ills>
      </page>
      <page hauteurPx="5157" largeurPx="3693" ordre="48">
        <nbMot>8</nbMot>
        <blocTexte>2</blocTexte>
        <blocTab>0</blocTab>
        <blocPub>1</blocPub>
        <blocIll ocr="0">0</blocIll>
      </page>
      <page hauteurPx="5141" largeurPx="3761" ordre="49">
        <nbMot>40</nbMot>
        <blocTexte>5</blocTexte>
        <blocTab>0</blocTab>
        <blocPub>4</blocPub>
        <blocIll ocr="0">0</blocIll>
      </page>
      <page hauteurPx="5171" largeurPx="3771" ordre="50">
        <nbMot>1165</nbMot>
        <blocTexte>31</blocTexte>
        <blocTab>0</blocTab>
        <blocPub>4</blocPub>
        <blocIll ocr="0">0</blocIll>
      </page>
      <page hauteurPx="5109" largeurPx="3697" ordre="51">
        <nbMot>126</nbMot>
        <blocTexte>11</blocTexte>
        <blocTab>0</blocTab>
        <blocPub>10</blocPub>
        <blocIll ocr="0">0</blocIll>
      </page>
      <page hauteurPx="5167" largeurPx="3767" ordre="52">
        <nbMot>991</nbMot>
        <blocTexte>33</blocTexte>
        <blocTab>0</blocTab>
        <blocPub>12</blocPub>
        <blocIll ocr="0">0</blocIll>
      </page>
      <page hauteurPx="5135" largeurPx="3733" ordre="53">
        <nbMot>240</nbMot>
        <blocTexte>6</blocTexte>
        <blocTab>0</blocTab>
        <blocPub>5</blocPub>
        <blocIll ocr="0">0</blocIll>
      </page>
      <page hauteurPx="5221" largeurPx="3841" ordre="54">
        <nbMot>899</nbMot>
        <blocTexte>30</blocTexte>
        <blocTab>0</blocTab>
        <blocPub>11</blocPub>
        <blocIll ocr="0">0</blocIll>
      </page>
      <page hauteurPx="5169" largeurPx="3781" ordre="55">
        <nbMot>162</nbMot>
        <blocTexte>7</blocTexte>
        <blocTab>0</blocTab>
        <blocPub>4</blocPub>
        <blocIll ocr="1">1</blocIll>
        <ills>
          <ill classif="CCibm" couleur="gris" h="2755" n="55-1" pub="1" taille="1" w="1449" x="1962" y="530">
            <contenuImg CS="0.638" coul="1" lang="fr" source="ibm">rouge châtain</contenuImg>
            <contenuImg CS="0.918" lang="fr" source="ibm">barrière de glace</contenuImg>
            <contenuImg CS="0.919" lang="fr" source="ibm">masse de glace</contenuImg>
            <contenuImg CS="0.919" lang="fr" source="ibm">nature</contenuImg>
            <contenuImg CS="0.781" lang="fr" source="ibm">bâtiment</contenuImg>
            <contenuImg CS="0.788" lang="fr" source="ibm">véhicule</contenuImg>
            <contenuImg CS="0.851" coul="1" lang="fr" source="ibm">brun rougeâtre</contenuImg>
            <contenuImg CS="0.638" coul="1" lang="en" source="ibm">chestnut red color</contenuImg>
            <contenuImg CS="0.851" coul="1" lang="en" source="ibm">reddish brown color</contenuImg>
            <contenuImg CS="0.788" lang="en" source="ibm">vehicle</contenuImg>
            <contenuImg CS="0.781" lang="en" source="ibm">building</contenuImg>
            <contenuImg CS="0.919" lang="en" source="ibm">nature</contenuImg>
            <contenuImg CS="0.919" lang="en" source="ibm">ice mass</contenuImg>
            <contenuImg CS="0.918" lang="en" source="ibm">Ice Shelf</contenuImg>
            <genre source="final">publicité</genre>
            <genre source="md">publicité</genre>
            <fonction source="final">repro/dessin</fonction>
            <tech source="final">imp photoméca</tech>
            <fonction CS="0.60" source="TensorFlow">repro/dessin</fonction>
            <tech CS="1" source="md">imp photoméca</tech>
            <leg>cjSa. ptlcxusir de Id ckaoe s ajoute pour l élégante le plaisir de revêtir cette somptueuse toilette de velours rouge, constellée de rubis, à laquelle de multiples bandes de tulle donnent une légèreté imprévue.</leg>
            <txt>E JÔEURRE I ; 27 rue de ROME ; ! LINGERIE DE LUXE i R. C. Seine 14.178 : Présente sa nouvelle E collection d hiver i en = Robes, Manteaux, et Ensembles i pour i l après-midi et pour le soir : TÉLÉPHONE : GUTENBERG 64-72 A PARIS Ë ê R. C. Seine 251.799 58 bis, RUE SAINTE-ANNE ê iiiiiiiiiiiiiiiiiiiiiiimiiiiiiiiiiiiiiiiiiiiiiiiiiiiiiiiiiiHiiiiiiiiiiiimiiiiiiiiiiimiiiiiiiiimiiiiiuiiiiimiiiiiiiiiiiiiiiir</txt>
          </ill>
        </ills>
      </page>
      <page hauteurPx="5145" largeurPx="3737" ordre="56">
        <nbMot>828</nbMot>
        <blocTexte>20</blocTexte>
        <blocTab>0</blocTab>
        <blocPub>1</blocPub>
        <blocIll ocr="1">1</blocIll>
        <ills>
          <ill classif="CCibm" couleur="gris" h="961" n="56-1" pub="1" taille="0" w="1186" x="2301" y="249">
            <contenuImg CS="0.83" lang="fr" source="ibm">dentelle de Bruxelles</contenuImg>
            <contenuImg CS="0.881" lang="fr" source="ibm">dentelle</contenuImg>
            <contenuImg CS="0.881" lang="fr" source="ibm">tissu</contenuImg>
            <contenuImg CS="0.5" lang="fr" source="ibm">point d'aiguille</contenuImg>
            <contenuImg CS="0.799" lang="fr" source="ibm">coiffure</contenuImg>
            <contenuImg CS="0.924" coul="1" lang="fr" source="ibm">sauge</contenuImg>
            <contenuImg CS="0.876" coul="1" lang="fr" source="ibm">gris cendré</contenuImg>
            <contenuImg CS="0.876" coul="1" lang="en" source="ibm">ash grey color</contenuImg>
            <contenuImg CS="0.924" coul="1" lang="en" source="ibm">sage green color</contenuImg>
            <contenuImg CS="0.799" lang="en" source="ibm">headdress</contenuImg>
            <contenuImg CS="0.5" lang="en" source="ibm">needlepoint</contenuImg>
            <contenuImg CS="0.881" lang="en" source="ibm">fabric</contenuImg>
            <contenuImg CS="0.881" lang="en" source="ibm">lace</contenuImg>
            <contenuImg CS="0.83" lang="en" source="ibm">Brussels lace</contenuImg>
            <genre source="final">publicité</genre>
            <genre source="md">publicité</genre>
            <fonction source="final">repro/dessin</fonction>
            <tech source="final">imp photoméca</tech>
            <fonction CS="0.85" source="TensorFlow">repro/dessin</fonction>
            <tech CS="1" source="md">imp photoméca</tech>
            <leg>Une REVUE des ÉLÉGANCES de la  SAISON  nous permet de DISCERNER D UN COUP D ŒIL ce que LUI DOIT LA MODE D AUTOMNE ( Suite de la page 13)</leg>
            <txt>~j Qu elles soient longues ou courtes, y~ ou qu on leur laisse reprendre ~~j leur taille primitive, les plus ~j~! iclics ires sont toujours ( mbel1ies par un peigne signé : EXIGER LA SIGNATURE SUR CHAQUE PEIGNE dp s ,. y ■wr-* 54 VOCUE</txt>
          </ill>
        </ills>
      </page>
      <page hauteurPx="5151" largeurPx="3763" ordre="57">
        <nbMot>62</nbMot>
        <blocTexte>9</blocTexte>
        <blocTab>0</blocTab>
        <blocPub>3</blocPub>
        <blocIll ocr="1">1</blocIll>
        <ills>
          <ill classif="CCyolo CCibm" couleur="gris" h="2721" n="57-1" pub="1" taille="1" w="1558" x="1866" y="463">
            <contenuImg CS="0.881" lang="fr" source="ibm">salle d'étude</contenuImg>
            <contenuImg CS="0.5" lang="fr" source="ibm">navire de guerre</contenuImg>
            <contenuImg CS="0.5" lang="fr" source="ibm">navire</contenuImg>
            <contenuImg CS="0.5" lang="fr" source="ibm">embarcation</contenuImg>
            <contenuImg CS="0.511" lang="fr" source="ibm">artisanat</contenuImg>
            <contenuImg CS="0.511" lang="fr" source="ibm">véhicule</contenuImg>
            <contenuImg CS="1" coul="1" lang="fr" source="ibm">gris</contenuImg>
            <contenuImg CS="1" coul="1" lang="en" source="ibm">gray color</contenuImg>
            <contenuImg CS="0.511" lang="en" source="ibm">vehicle</contenuImg>
            <contenuImg CS="0.511" lang="en" source="ibm">craft</contenuImg>
            <contenuImg CS="0.5" lang="en" source="ibm">watercraft</contenuImg>
            <contenuImg CS="0.5" lang="en" source="ibm">ship</contenuImg>
            <contenuImg CS="0.5" lang="en" source="ibm">warship</contenuImg>
            <contenuImg CS="0.881" lang="en" source="ibm">study</contenuImg>
            <contenuImg CS="0.98" h="2126" lang="fr" source="yolo" w="760" x="520" y="363">personne</contenuImg>
            <contenuImg CS="0.98" h="2126" lang="en" source="yolo" w="760" x="520" y="363">person</contenuImg>
            <genre source="final">publicité</genre>
            <genre source="md">publicité</genre>
            <fonction source="final">repro/dessin</fonction>
            <tech source="final">imp photoméca</tech>
            <fonction CS="0.76" source="TensorFlow">repro/dessin</fonction>
            <tech CS="1" source="md">imp photoméca</tech>
            <leg>Robe  Créole  H Robe en ottoman de soie marron garnie de bandes de gazelle et de glands de soie du même ton f^ïv? GEORGETTE ROBES, MANTEAUX, FOURRURES</leg>
            <txt>ARCieNCIE Fait un soulier d essayage , ~T3 8^^ m~. pour toute nouvelle cliente avant d exécuter la commande 243, Rue SaintHonoré PARIS</txt>
          </ill>
        </ills>
      </page>
      <page hauteurPx="5173" largeurPx="3777" ordre="58">
        <nbMot>897</nbMot>
        <blocTexte>20</blocTexte>
        <blocTab>0</blocTab>
        <blocPub>0</blocPub>
        <blocIll ocr="2">2</blocIll>
        <ills/>
      </page>
      <page hauteurPx="5195" largeurPx="3825" ordre="59">
        <nbMot>74</nbMot>
        <blocTexte>10</blocTexte>
        <blocTab>0</blocTab>
        <blocPub>6</blocPub>
        <blocIll ocr="1">1</blocIll>
        <ills>
          <ill classif="CCyolo CCibm" couleur="gris" h="3266" n="59-1" pub="1" taille="2" w="1511" x="1948" y="395">
            <contenuImg CS="0.95" lang="fr" source="ibm">rapporteur (angle)</contenuImg>
            <contenuImg CS="0.95" lang="fr" source="ibm">instrument de dessin</contenuImg>
            <contenuImg CS="0.5" lang="fr" source="ibm">arche</contenuImg>
            <contenuImg CS="0.768" lang="fr" source="ibm">manette</contenuImg>
            <contenuImg CS="0.789" lang="fr" source="ibm">photo avec lignes</contenuImg>
            <contenuImg CS="0.896" coul="1" lang="fr" source="ibm">sauge</contenuImg>
            <contenuImg CS="0.774" coul="1" lang="fr" source="ibm">gris</contenuImg>
            <contenuImg CS="0.774" coul="1" lang="en" source="ibm">gray color</contenuImg>
            <contenuImg CS="0.896" coul="1" lang="en" source="ibm">sage green color</contenuImg>
            <contenuImg CS="0.789" lang="en" source="ibm">photo with lines</contenuImg>
            <contenuImg CS="0.768" lang="en" source="ibm">controller</contenuImg>
            <contenuImg CS="0.5" lang="en" source="ibm">arch</contenuImg>
            <contenuImg CS="0.95" lang="en" source="ibm">drafting instrument</contenuImg>
            <contenuImg CS="0.95" lang="en" source="ibm">protractor</contenuImg>
            <contenuImg CS="0.61" h="3183" lang="fr" source="yolo" w="1253" x="123" y="60">personne</contenuImg>
            <contenuImg CS="0.61" h="3183" lang="en" source="yolo" w="1253" x="123" y="60">person</contenuImg>
            <genre source="final">publicité</genre>
            <genre source="md">publicité</genre>
            <fonction source="final">repro/dessin</fonction>
            <tech source="final">imp photoméca</tech>
            <fonction CS="1.00" source="TensorFlow">repro/dessin</fonction>
            <tech CS="1" source="md">imp photoméca</tech>
            <leg>Tailleur en poplavelline chaudron garni de taupe. QJ\)EPrt=HAW 2, Rue Volney, Paris Tél. : Central 66-19 TOUS LES MODÈLES DE MARTHE PWCHART SONT DÉPOSÉS</leg>
            <txt>B HENRY et TALLET 1, Rue de Castiglione Perle grise ~t~ Robe crêpe de Chine /, gris brodé liliane grise 0 /* *■ et perles cristal</txt>
          </ill>
        </ills>
      </page>
      <page hauteurPx="5161" largeurPx="3759" ordre="60">
        <nbMot>1317</nbMot>
        <blocTexte>42</blocTexte>
        <blocTab>0</blocTab>
        <blocPub>0</blocPub>
        <blocIll ocr="4">4</blocIll>
        <ills/>
      </page>
      <page hauteurPx="5135" largeurPx="3741" ordre="61">
        <nbMot>454</nbMot>
        <blocTexte>9</blocTexte>
        <blocTab>0</blocTab>
        <blocPub>6</blocPub>
        <blocIll ocr="2">2</blocIll>
        <ills>
          <ill classif="CCyolo CCibm" couleur="gris" h="2778" n="61-2" pub="1" taille="1" w="1444" x="1870" y="479">
            <contenuImg CS="0.996" lang="fr" source="ibm">musée (intérieur)</contenuImg>
            <contenuImg CS="0.798" coul="1" lang="fr" source="ibm">gris</contenuImg>
            <contenuImg CS="0.774" coul="1" lang="fr" source="ibm">noir</contenuImg>
            <contenuImg CS="0.774" coul="1" lang="en" source="ibm">black color</contenuImg>
            <contenuImg CS="0.798" coul="1" lang="en" source="ibm">gray color</contenuImg>
            <contenuImg CS="0.996" lang="en" source="ibm">Museum (Indoor)</contenuImg>
            <contenuImg CS="0.37" h="1426" lang="fr" source="yolo" w="373" x="900" y="966">personne</contenuImg>
            <contenuImg CS="0.37" h="1426" lang="en" source="yolo" w="373" x="900" y="966">person</contenuImg>
            <contenuImg CS="0.76" h="1440" lang="en" source="yolo" w="570" x="120" y="946">person</contenuImg>
            <contenuImg CS="0.78" h="1780" lang="en" source="yolo" w="623" x="433" y="626">person</contenuImg>
            <genre source="final">publicité</genre>
            <genre source="md">publicité</genre>
            <fonction source="final">repro/dessin</fonction>
            <tech source="final">imp photoméca</tech>
            <fonction CS="0.94" source="TensorFlow">repro/dessin</fonction>
            <tech CS="1" source="md">imp photoméca</tech>
            <leg>de Id pefde  W2 ur est fêté par un garden-party auquel sont conviées ses petites amies, adorables l une, dans sa robe en Georgette blanc brodé de roses. Le volant évasé qui forme la jupe est garni de bouclettes en crêpe. Flot de rubans vertsà l épaule. La deuxième coquette est vêtue de crêpe rewsport vert incrusté de bandes plissées. Sa grande sœur porte une charmante toilette en taffetas changeant mauve et bleu-vert dont la collerette est faite de ruches posées sur mousseline changeante.</leg>
            <txt>1 ETUDE COMPLÈTE DU FRANÇAIS Examens facultatifs à la fin de 1 année HISTOIRE DE L ART ARTS D AGRÉMENTS Visites de Musées et Monuments Concerts Théâtres Excursions CHAUFFAGE CENTRAL GRAND JARDIN TENNIS MME BERNT LIE 39, Rue du Château 9, Avenue Victor-Hugo I Téléphone BOULOGNE-SUR-SEINE ROIlIO!J/!e 15-1 --------1 LE LIERRE 1 INSTITUTION DE JEUNES FILLES (autorisée de l Académie de Parié, 1920) PARC DES PRINCES TOUT PRÈS DU BOIS DE BOULOGNE</txt>
          </ill>
        </ills>
      </page>
      <page hauteurPx="5215" largeurPx="3803" ordre="62">
        <nbMot>838</nbMot>
        <blocTexte>24</blocTexte>
        <blocTab>0</blocTab>
        <blocPub>1</blocPub>
        <blocIll ocr="1">1</blocIll>
        <ills>
          <ill classif="CCibm" couleur="gris" h="2009" n="62-1" pub="1" taille="1" w="1456" x="385" y="457">
            <contenuImg CS="0.905" lang="fr" source="ibm">musée (intérieur)</contenuImg>
            <contenuImg CS="0.5" lang="fr" source="ibm">château d'eau</contenuImg>
            <contenuImg CS="0.5" lang="fr" source="ibm">réservoir</contenuImg>
            <contenuImg CS="0.5" lang="fr" source="ibm">réservoir de stockage</contenuImg>
            <contenuImg CS="0.787" lang="fr" source="ibm">bâtiment</contenuImg>
            <contenuImg CS="0.797" lang="fr" source="ibm">pièce</contenuImg>
            <contenuImg CS="0.821" coul="1" lang="fr" source="ibm">noir</contenuImg>
            <contenuImg CS="0.728" coul="1" lang="fr" source="ibm">gris</contenuImg>
            <contenuImg CS="0.728" coul="1" lang="en" source="ibm">gray color</contenuImg>
            <contenuImg CS="0.821" coul="1" lang="en" source="ibm">black color</contenuImg>
            <contenuImg CS="0.797" lang="en" source="ibm">room</contenuImg>
            <contenuImg CS="0.787" lang="en" source="ibm">building</contenuImg>
            <contenuImg CS="0.5" lang="en" source="ibm">storage tank</contenuImg>
            <contenuImg CS="0.5" lang="en" source="ibm">reservoir</contenuImg>
            <contenuImg CS="0.5" lang="en" source="ibm">water tower</contenuImg>
            <contenuImg CS="0.905" lang="en" source="ibm">Museum (Indoor)</contenuImg>
            <genre source="final">publicité</genre>
            <genre source="md">publicité</genre>
            <fonction source="final">repro/photo</fonction>
            <tech source="final">imp photoméca</tech>
            <fonction CS="0.47" source="TensorFlow">repro/photo</fonction>
            <tech CS="1" source="md">imp photoméca</tech>
            <leg>LA GRANDE MAISON DE BLANC BOULI? DES CAPUCINES ET RUE HALÉVV (PLACE DE L OPÉRA) CAN NES PARIS LONDRES II D EAU VILLE</leg>
            <txt>1 6o VOCUE  M 1 6o VOCUE  M</txt>
          </ill>
        </ills>
      </page>
      <page hauteurPx="5179" largeurPx="3801" ordre="63">
        <nbMot>207</nbMot>
        <blocTexte>16</blocTexte>
        <blocTab>0</blocTab>
        <blocPub>15</blocPub>
        <blocIll ocr="0">0</blocIll>
      </page>
      <page hauteurPx="5177" largeurPx="3749" ordre="64">
        <nbMot>1343</nbMot>
        <blocTexte>24</blocTexte>
        <blocTab>0</blocTab>
        <blocPub>7</blocPub>
        <blocIll ocr="0">0</blocIll>
      </page>
      <page hauteurPx="5161" largeurPx="3775" ordre="65">
        <nbMot>139</nbMot>
        <blocTexte>8</blocTexte>
        <blocTab>0</blocTab>
        <blocPub>7</blocPub>
        <blocIll ocr="0">0</blocIll>
      </page>
      <page hauteurPx="5213" largeurPx="3799" ordre="66">
        <nbMot>276</nbMot>
        <blocTexte>22</blocTexte>
        <blocTab>0</blocTab>
        <blocPub>21</blocPub>
        <blocIll ocr="0">0</blocIll>
      </page>
      <page hauteurPx="5181" largeurPx="3805" ordre="67">
        <nbMot>312</nbMot>
        <blocTexte>14</blocTexte>
        <blocTab>0</blocTab>
        <blocPub>13</blocPub>
        <blocIll ocr="0">0</blocIll>
      </page>
      <page hauteurPx="5145" largeurPx="3705" ordre="68">
        <nbMot>761</nbMot>
        <blocTexte>37</blocTexte>
        <blocTab>0</blocTab>
        <blocPub>36</blocPub>
        <blocIll ocr="0">0</blocIll>
      </page>
      <page hauteurPx="5109" largeurPx="3705" ordre="69">
        <nbMot>57</nbMot>
        <blocTexte>5</blocTexte>
        <blocTab>0</blocTab>
        <blocPub>5</blocPub>
        <blocIll ocr="0">0</blocIll>
      </page>
      <page hauteurPx="5193" largeurPx="3851" ordre="70">
        <nbMot>28</nbMot>
        <blocTexte>2</blocTexte>
        <blocTab>0</blocTab>
        <blocPub>1</blocPub>
        <blocIll ocr="0">0</blocIll>
      </page>
    </pages>
  </contenus>
</analyseAlto>