<analyseAlto>
  <metad>
    <type>R</type>
    <ID>bpt6k6538657k</ID>
    <notice>cb343833568</notice>
    <titre>Vogue 1922/06/01 (Volume 4, Numéro 11)</titre>
    <dateEdition>1922-06-01</dateEdition>
    <lang>fre</lang>
    <source>BnF</source>
    <nbPage>78</nbPage>
  </metad>
  <contenus>
    <largeur>156</largeur>
    <hauteur>213</hauteur>
    <largeurPx>3689</largeurPx>
    <hauteurPx>5037</hauteurPx>
    <pages>
      <page hauteurPx="5037" largeurPx="3689" ordre="1">
        <nbMot>20</nbMot>
        <blocTexte>4</blocTexte>
        <blocTab>0</blocTab>
        <blocPub>0</blocPub>
        <blocIll ocr="1">1</blocIll>
        <ills/>
      </page>
      <page hauteurPx="5059" largeurPx="3531" ordre="2">
        <nbMot>47</nbMot>
        <blocTexte>5</blocTexte>
        <blocTab>0</blocTab>
        <blocPub>5</blocPub>
        <blocIll ocr="1">1</blocIll>
        <ills>
          <ill classif="CCyolo CCibm" couleur="gris" h="2677" n="2-1" pub="1" taille="3" w="2754" x="457" y="821">
            <contenuImg CS="0.594" lang="fr" source="ibm">personne</contenuImg>
            <contenuImg CS="0.77" lang="fr" source="ibm">porche</contenuImg>
            <contenuImg CS="0.577" lang="fr" source="ibm">voiture Ford modèle T</contenuImg>
            <contenuImg CS="0.58" lang="fr" source="ibm">voiture</contenuImg>
            <contenuImg CS="0.581" lang="fr" source="ibm">véhicule à roues</contenuImg>
            <contenuImg CS="0.584" lang="fr" source="ibm">véhicule</contenuImg>
            <contenuImg CS="0.5" lang="fr" source="ibm">porche d'entrée</contenuImg>
            <contenuImg CS="0.838" coul="1" lang="fr" source="ibm">noir</contenuImg>
            <contenuImg CS="0.718" coul="1" lang="fr" source="ibm">sauge</contenuImg>
            <contenuImg CS="0.718" coul="1" lang="en" source="ibm">sage green color</contenuImg>
            <contenuImg CS="0.838" coul="1" lang="en" source="ibm">black color</contenuImg>
            <contenuImg CS="0.5" lang="en" source="ibm">front porch</contenuImg>
            <contenuImg CS="0.584" lang="en" source="ibm">vehicle</contenuImg>
            <contenuImg CS="0.581" lang="en" source="ibm">wheeled vehicle</contenuImg>
            <contenuImg CS="0.58" lang="en" source="ibm">car</contenuImg>
            <contenuImg CS="0.577" lang="en" source="ibm">Model T  car</contenuImg>
            <contenuImg CS="0.77" lang="en" source="ibm">porch</contenuImg>
            <contenuImg CS="0.594" lang="en" source="ibm">person</contenuImg>
            <contenuImg CS="0.31" h="1136" lang="fr" source="yolo" w="2690" x="36" y="1520">camion</contenuImg>
            <contenuImg CS="0.28" h="1146" lang="fr" source="yolo" w="300" x="1903" y="1510">personne</contenuImg>
            <contenuImg CS="0.28" h="1146" lang="en" source="yolo" w="300" x="1903" y="1510">person</contenuImg>
            <contenuImg CS="0.31" h="1136" lang="en" source="yolo" w="2690" x="36" y="1520">truck</contenuImg>
            <contenuImg CS="0.54" h="526" lang="en" source="yolo" w="393" x="1630" y="1316">person</contenuImg>
            <genre source="final">publicité</genre>
            <genre source="md">publicité</genre>
            <fonction source="final">repro/photo</fonction>
            <tech source="final">imp photoméca</tech>
            <fonction CS="0.90" source="TensorFlow">repro/photo</fonction>
            <tech CS="1" source="md">imp photoméca</tech>
            <leg>25 J-P. Notice Franco sur demande  n. , SOCIÉTÉ ANONYME DES AUTOMOBILES ET CYCLES PEUGEOT</leg>
          </ill>
        </ills>
      </page>
      <page hauteurPx="5001" largeurPx="3573" ordre="3">
        <nbMot>18</nbMot>
        <blocTexte>3</blocTexte>
        <blocTab>0</blocTab>
        <blocPub>0</blocPub>
        <blocIll ocr="1">1</blocIll>
        <ills>
          <ill classif="CCyolo CCibm" couleur="gris" edit="1" h="3334" n="3-1" pub="1" taille="3" w="2359" x="526" y="694">
            <contenuImg CS="0.5" lang="fr" source="ibm">aube (robe en tissu blanc)</contenuImg>
            <contenuImg CS="0.566" lang="fr" source="ibm">suffragette</contenuImg>
            <contenuImg CS="0.558" lang="fr" source="ibm">surplis (robe ample)</contenuImg>
            <contenuImg CS="0.628" lang="fr" source="ibm">cimetière</contenuImg>
            <contenuImg CS="0.566" lang="fr" source="ibm">personne</contenuImg>
            <contenuImg CS="0.666" lang="fr" source="ibm">robe</contenuImg>
            <contenuImg CS="0.667" lang="fr" source="ibm">vêtements d'extérieur</contenuImg>
            <contenuImg CS="0.6" lang="fr" source="ibm">vêtements</contenuImg>
            <contenuImg CS="0.768" coul="1" lang="fr" source="ibm">albâtre</contenuImg>
            <contenuImg CS="0.761" coul="1" lang="fr" source="ibm">ivoire (couleur)</contenuImg>
            <contenuImg CS="0.761" coul="1" lang="en" source="ibm">ivory color</contenuImg>
            <contenuImg CS="0.768" coul="1" lang="en" source="ibm">alabaster color</contenuImg>
            <contenuImg CS="0.6" lang="en" source="ibm">clothing</contenuImg>
            <contenuImg CS="0.5" lang="en" source="ibm">alb (white cloth dress)</contenuImg>
            <contenuImg CS="0.667" lang="en" source="ibm">outerwear</contenuImg>
            <contenuImg CS="0.666" lang="en" source="ibm">gown</contenuImg>
            <contenuImg CS="0.558" lang="en" source="ibm">surplice (loose dress)</contenuImg>
            <contenuImg CS="0.566" lang="en" source="ibm">person</contenuImg>
            <contenuImg CS="0.566" lang="en" source="ibm">women's voting rights activist</contenuImg>
            <contenuImg CS="0.628" lang="en" source="ibm">cemetery</contenuImg>
            <contenuImg CS="0.96" h="2640" lang="fr" source="yolo" w="1600" x="316" y="493">personne</contenuImg>
            <contenuImg CS="0.96" h="2640" lang="en" source="yolo" w="1600" x="316" y="493">person</contenuImg>
            <fonction source="final">repro/photo</fonction>
            <tech source="final">imp photoméca</tech>
            <fonction CS="0.89" source="TensorFlow">repro/photo</fonction>
            <tech CS="1" source="md">imp photoméca</tech>
            <leg>Mlle LUCY MAREIL du Théâtre des Nouveautés Habillée par</leg>
            <txt>jer Juin jer Juin</txt>
            <genre source="hm" time="2021-01-11T17:33:08.454+01:00">publicité</genre>
            <genre source="final">publicité</genre>
          </ill>
        </ills>
      </page>
      <page hauteurPx="5073" largeurPx="3549" ordre="4">
        <nbMot>160</nbMot>
        <blocTexte>7</blocTexte>
        <blocTab>0</blocTab>
        <blocPub>0</blocPub>
        <blocIll ocr="2">2</blocIll>
        <ills>
          <ill classif="CCyolo CCibm" couleur="gris" edit="1" h="1911" n="4-1" pub="1" taille="2" w="3266" x="207" y="301">
            <contenuImg CS="0.599" lang="fr" source="ibm">personne</contenuImg>
            <contenuImg CS="0.695" lang="fr" source="ibm">école</contenuImg>
            <contenuImg CS="0.695" lang="fr" source="ibm">bâtiment</contenuImg>
            <contenuImg CS="0.579" lang="fr" source="ibm">musée (intérieur)</contenuImg>
            <contenuImg CS="0.5" lang="fr" source="ibm">pagne herbe</contenuImg>
            <contenuImg CS="0.501" lang="fr" source="ibm">jupe</contenuImg>
            <contenuImg CS="0.513" lang="fr" source="ibm">vêtement</contenuImg>
            <contenuImg CS="0.6" lang="fr" source="ibm">vêtements</contenuImg>
            <contenuImg CS="0.922" coul="1" lang="fr" source="ibm">gris</contenuImg>
            <contenuImg CS="0.647" coul="1" lang="fr" source="ibm">gris cendré</contenuImg>
            <contenuImg CS="0.647" coul="1" lang="en" source="ibm">ash grey color</contenuImg>
            <contenuImg CS="0.922" coul="1" lang="en" source="ibm">gray color</contenuImg>
            <contenuImg CS="0.6" lang="en" source="ibm">clothing</contenuImg>
            <contenuImg CS="0.513" lang="en" source="ibm">garment</contenuImg>
            <contenuImg CS="0.501" lang="en" source="ibm">skirt</contenuImg>
            <contenuImg CS="0.5" lang="en" source="ibm">grass skirt</contenuImg>
            <contenuImg CS="0.579" lang="en" source="ibm">Museum (Indoor)</contenuImg>
            <contenuImg CS="0.695" lang="en" source="ibm">building</contenuImg>
            <contenuImg CS="0.695" lang="en" source="ibm">school</contenuImg>
            <contenuImg CS="0.599" lang="en" source="ibm">person</contenuImg>
            <contenuImg CS="0.40" h="1150" lang="fr" source="yolo" w="920" x="853" y="676">cheval</contenuImg>
            <contenuImg CS="0.30" h="1713" lang="fr" source="yolo" w="736" x="2360" y="63">personne</contenuImg>
            <contenuImg CS="0.30" h="1713" lang="en" source="yolo" w="736" x="2360" y="63">person</contenuImg>
            <contenuImg CS="0.40" h="1150" lang="en" source="yolo" w="920" x="853" y="676">horse</contenuImg>
            <contenuImg CS="0.67" h="1743" lang="en" source="yolo" w="553" x="266" y="73">person</contenuImg>
            <fonction source="final">repro/dessin</fonction>
            <tech source="final">imp photoméca</tech>
            <fonction CS="0.62" source="TensorFlow">repro/dessin</fonction>
            <tech CS="1" source="md">imp photoméca</tech>
            <leg>VOICI, DANS LE PARC ROMANTIQUE, TROIS BEAUTÊS ADORABLEMENT HABILLÉES PAR BOUt</leg>
            <genre source="hm" time="2021-01-11T17:33:13.188+01:00">publicité</genre>
            <genre source="final">publicité</genre>
          </ill>
          <ill classif="CCibm" couleur="gris" edit="1" h="2219" n="4-2" pub="1" taille="3" w="3354" x="119" y="2659">
            <contenuImg CS="0.843" lang="fr" source="ibm">barrière de glace</contenuImg>
            <contenuImg CS="0.843" lang="fr" source="ibm">masse de glace</contenuImg>
            <contenuImg CS="0.982" lang="fr" source="ibm">nature</contenuImg>
            <contenuImg CS="0.654" lang="fr" source="ibm">chaîne de montagnes</contenuImg>
            <contenuImg CS="0.505" lang="fr" source="ibm">canyon</contenuImg>
            <contenuImg CS="0.558" lang="fr" source="ibm">vallée</contenuImg>
            <contenuImg CS="0.5" lang="fr" source="ibm">Badlands (parc)</contenuImg>
            <contenuImg CS="0.983" coul="1" lang="fr" source="ibm">gris</contenuImg>
            <contenuImg CS="0.983" coul="1" lang="en" source="ibm">gray color</contenuImg>
            <contenuImg CS="0.5" lang="en" source="ibm">Badlands</contenuImg>
            <contenuImg CS="0.558" lang="en" source="ibm">valley</contenuImg>
            <contenuImg CS="0.505" lang="en" source="ibm">canyon</contenuImg>
            <contenuImg CS="0.654" lang="en" source="ibm">mountain range</contenuImg>
            <contenuImg CS="0.982" lang="en" source="ibm">nature</contenuImg>
            <contenuImg CS="0.843" lang="en" source="ibm">ice mass</contenuImg>
            <contenuImg CS="0.843" lang="en" source="ibm">Ice Shelf</contenuImg>
            <tech source="final">imp photoméca</tech>
            <fonction CS="0.59" source="TensorFlow">repro/texte</fonction>
            <tech CS="1" source="md">imp photoméca</tech>
            <leg>LE SÉJOUR IDÉAL Situé dans un paysage de rêve, au milieu de ses forêts de sapins, baigné par l incomparable lac du Bourget, AIX-LES-BAINS est la villégiature idéale et le plus beau centre d excursions de France.</leg>
            <txt>Jamais robes de lingerie furent-elles si féeriques et si jeunes que MADONE SÉDUCTION FLEURS DE CHINE   Il est vraique Boué a créé ici un style charmant. L emploi de merveilleux lamés, rehaussant h légèreté des tulles, des organdis brodés, des dentelles, donne aux robes de lingerie de Boué une note exclusive, unique d élégance précieuse et raffinée. | VOICI, DANS LE PARC ROMANTIQUE, TROIS BEAUTÊS ADORABLEMENT HABILLÉES PAR BOUt</txt>
            <genre source="hm" time="2020-11-04T14:35:12.123+01:00">publicité</genre>
            <genre source="final">publicité</genre>
            <fonction source="hm" time="2020-11-04T14:35:24.478+01:00">repro/photo</fonction>
            <fonction source="final">repro/photo</fonction>
          </ill>
        </ills>
      </page>
      <page hauteurPx="5041" largeurPx="3625" ordre="5">
        <nbMot>95</nbMot>
        <blocTexte>6</blocTexte>
        <blocTab>0</blocTab>
        <blocPub>4</blocPub>
        <blocIll ocr="1">1</blocIll>
        <ills>
          <ill classif="CCyolo CCibm" couleur="gris" h="931" n="5-1" pub="1" taille="1" w="2993" x="275" y="630">
            <contenuImg CS="0.616" lang="fr" source="ibm">roue de voiture</contenuImg>
            <contenuImg CS="0.699" lang="fr" source="ibm">coffre (de voiture)</contenuImg>
            <contenuImg CS="0.699" lang="fr" source="ibm">siège</contenuImg>
            <contenuImg CS="0.699" lang="fr" source="ibm">support</contenuImg>
            <contenuImg CS="0.626" lang="fr" source="ibm">roue</contenuImg>
            <contenuImg CS="0.626" lang="fr" source="ibm">machine</contenuImg>
            <contenuImg CS="0.626" lang="fr" source="ibm">dispositif mécanique</contenuImg>
            <contenuImg CS="0.5" lang="fr" source="ibm">roue et essieu</contenuImg>
            <contenuImg CS="0.599" lang="fr" source="ibm">voiture</contenuImg>
            <contenuImg CS="0.599" lang="fr" source="ibm">transport</contenuImg>
            <contenuImg CS="0.597" lang="fr" source="ibm">véhicule</contenuImg>
            <contenuImg CS="0.906" coul="1" lang="fr" source="ibm">gris cendré</contenuImg>
            <contenuImg CS="0.796" coul="1" lang="fr" source="ibm">gris</contenuImg>
            <contenuImg CS="0.796" coul="1" lang="en" source="ibm">gray color</contenuImg>
            <contenuImg CS="0.906" coul="1" lang="en" source="ibm">ash grey color</contenuImg>
            <contenuImg CS="0.597" lang="en" source="ibm">vehicle</contenuImg>
            <contenuImg CS="0.599" lang="en" source="ibm">transport</contenuImg>
            <contenuImg CS="0.599" lang="en" source="ibm">car</contenuImg>
            <contenuImg CS="0.5" lang="en" source="ibm">wheel and axle</contenuImg>
            <contenuImg CS="0.626" lang="en" source="ibm">mechanical device</contenuImg>
            <contenuImg CS="0.626" lang="en" source="ibm">machine</contenuImg>
            <contenuImg CS="0.626" lang="en" source="ibm">wheel</contenuImg>
            <contenuImg CS="0.616" lang="en" source="ibm">car wheel</contenuImg>
            <contenuImg CS="0.699" lang="en" source="ibm">support</contenuImg>
            <contenuImg CS="0.699" lang="en" source="ibm">seat</contenuImg>
            <contenuImg CS="0.699" lang="en" source="ibm">dickey (of car)</contenuImg>
            <contenuImg CS="0.48" h="836" lang="fr" source="yolo" w="2966" x="26" y="53">voiture</contenuImg>
            <contenuImg CS="0.48" h="836" lang="en" source="yolo" w="2966" x="26" y="53">car</contenuImg>
            <genre source="final">publicité</genre>
            <genre source="md">publicité</genre>
            <fonction source="final">repro/dessin</fonction>
            <tech source="final">imp photoméca</tech>
            <fonction CS="0.63" source="TensorFlow">repro/dessin</fonction>
            <tech CS="1" source="md">imp photoméca</tech>
            <leg>Nos Nouveaux Modèles 12 HP. 4 Cylindres 18 HP. 6 Cylindre-s 40 HP. 6 Cylindres</leg>
            <txt>iii 1er Juin</txt>
          </ill>
        </ills>
      </page>
      <page hauteurPx="5083" largeurPx="3565" ordre="6">
        <nbMot>349</nbMot>
        <blocTexte>7</blocTexte>
        <blocTab>0</blocTab>
        <blocPub>6</blocPub>
        <ills>
          <ill classif="CCibm CCyolo" couleur="gris" edit="1" h="2150" n="6-1" pub="1" seg="1" source="hm" time="2021-01-11T17:34:04.495+01:00" w="3267" x="253" y="253">
            <txt source="google">"MAPPINE - WEBB - 1 RUE DE LA PAIX - PARIS - 7a - Mallettes - Luxe - de - 13 km - NICE - 8 Avenue de Verdun - BIARRITZ - 2 rue Mazagran - MONTE CARLO Galerie Charles III - ARNOLD - ",</txt>
            <contenuImg CS="0.682" lang="fr" source="ibm">musée (intérieur)</contenuImg>
            <contenuImg CS="0.535" lang="fr" source="ibm">librairie</contenuImg>
            <contenuImg CS="0.54" lang="fr" source="ibm">boutique</contenuImg>
            <contenuImg CS="0.54" lang="fr" source="ibm">magasin de détail</contenuImg>
            <contenuImg CS="0.54" lang="fr" source="ibm">bâtiment</contenuImg>
            <contenuImg CS="0.5" lang="fr" source="ibm">couverture de livre</contenuImg>
            <contenuImg CS="0.501" lang="fr" source="ibm">emballage</contenuImg>
            <contenuImg CS="0.6" lang="fr" source="ibm">presse écrite</contenuImg>
            <contenuImg CS="0.534" coul="1" lang="fr" source="ibm">gris</contenuImg>
            <contenuImg CS="0.25" h="2106" lang="fr" source="yolo" w="3003" x="146" y="10">livre</contenuImg>
            <contenuImg CS="0.25" h="2106" lang="en" source="yolo" w="3003" x="146" y="10">book</contenuImg>
            <contenuImg CS="0.534" coul="1" lang="en" source="ibm">gray color</contenuImg>
            <contenuImg CS="0.6" lang="en" source="ibm">print media</contenuImg>
            <contenuImg CS="0.501" lang="en" source="ibm">wrapping</contenuImg>
            <contenuImg CS="0.5" lang="en" source="ibm">book jacket</contenuImg>
            <contenuImg CS="0.54" lang="en" source="ibm">building</contenuImg>
            <contenuImg CS="0.54" lang="en" source="ibm">retail store</contenuImg>
            <contenuImg CS="0.54" lang="en" source="ibm">shop</contenuImg>
            <contenuImg CS="0.535" lang="en" source="ibm">bookshop</contenuImg>
            <contenuImg CS="0.682" lang="en" source="ibm">Museum (Indoor)</contenuImg>
            <fonction source="final">repro/dessin</fonction>
            <fonction source="md">repro/dessin</fonction>
            <tech source="final">imp photoméca</tech>
            <tech source="md">imp photoméca</tech>
            <genre source="hm" time="2021-01-11T17:35:07.345+01:00">publicité</genre>
            <genre source="final">publicité</genre>
          </ill>
          <ill classif="CCibm CCyolo" couleur="gris" edit="1" h="1624" n="6-2" pub="1" seg="1" source="hm" time="2021-01-11T17:34:32.334+01:00" w="663" x="338" y="2587">
            <txt source="google">"17 - ",</txt>
            <contenuImg CS="0.841" lang="fr" source="ibm">salle d'étude</contenuImg>
            <contenuImg CS="0.722" lang="fr" source="ibm">stylo et encre</contenuImg>
            <contenuImg CS="0.941" coul="1" lang="fr" source="ibm">gris</contenuImg>
            <contenuImg CS="0.64" h="1440" lang="fr" source="yolo" w="520" x="63" y="136">personne</contenuImg>
            <contenuImg CS="0.64" h="1440" lang="en" source="yolo" w="520" x="63" y="136">person</contenuImg>
            <contenuImg CS="0.941" coul="1" lang="en" source="ibm">gray color</contenuImg>
            <contenuImg CS="0.722" lang="en" source="ibm">pen-and-ink</contenuImg>
            <contenuImg CS="0.841" lang="en" source="ibm">study</contenuImg>
            <fonction source="final">repro/dessin</fonction>
            <fonction source="md">repro/dessin</fonction>
            <tech source="final">imp photoméca</tech>
            <tech source="md">imp photoméca</tech>
            <genre source="hm" time="2021-01-11T17:35:02.333+01:00">publicité</genre>
            <genre source="final">publicité</genre>
          </ill>
          <ill classif="CCibm CCyolo" couleur="gris" edit="1" h="1624" n="6-3" pub="1" seg="1" source="hm" time="2021-01-11T17:34:45.785+01:00" w="742" x="2739" y="2638">
            <contenuImg CS="0.895" lang="fr" source="ibm">stylo et encre</contenuImg>
            <contenuImg CS="0.829" lang="fr" source="ibm">salle d'étude</contenuImg>
            <contenuImg CS="0.999" coul="1" lang="fr" source="ibm">gris</contenuImg>
            <contenuImg CS="0.76" h="180" lang="fr" source="yolo" w="56" x="33" y="393">personne</contenuImg>
            <contenuImg CS="0.26" h="106" lang="fr" source="yolo" w="50" x="40" y="526">sac à main</contenuImg>
            <contenuImg CS="0.26" h="106" lang="en" source="yolo" w="50" x="40" y="526">handbag</contenuImg>
            <contenuImg CS="0.76" h="180" lang="en" source="yolo" w="56" x="33" y="393">person</contenuImg>
            <contenuImg CS="0.78" h="603" lang="en" source="yolo" w="203" x="56" y="330">person</contenuImg>
            <contenuImg CS="0.95" h="1323" lang="en" source="yolo" w="420" x="156" y="236">person</contenuImg>
            <contenuImg CS="0.999" coul="1" lang="en" source="ibm">gray color</contenuImg>
            <contenuImg CS="0.829" lang="en" source="ibm">study</contenuImg>
            <contenuImg CS="0.895" lang="en" source="ibm">pen-and-ink</contenuImg>
            <fonction source="final">repro/dessin</fonction>
            <fonction source="md">repro/dessin</fonction>
            <tech source="final">imp photoméca</tech>
            <tech source="md">imp photoméca</tech>
            <genre source="hm" time="2021-01-11T17:35:04.523+01:00">publicité</genre>
            <genre source="final">publicité</genre>
          </ill>
        </ills>
        <blocIll ocr="0">3</blocIll>
      </page>
      <page hauteurPx="5029" largeurPx="3623" ordre="7">
        <nbMot>10</nbMot>
        <blocTexte>2</blocTexte>
        <blocTab>0</blocTab>
        <blocPub>0</blocPub>
        <blocIll ocr="1">1</blocIll>
        <ills>
          <ill classif="CCibm" couleur="gris" edit="1" h="3907" n="7-1" pub="1" taille="5" w="2769" x="386" y="392">
            <contenuImg CS="0.599" lang="fr" source="ibm">personne</contenuImg>
            <contenuImg CS="0.645" lang="fr" source="ibm">euryptéride (arthropode)</contenuImg>
            <contenuImg CS="0.645" lang="fr" source="ibm">invertébré</contenuImg>
            <contenuImg CS="0.645" lang="fr" source="ibm">animal</contenuImg>
            <contenuImg CS="0.5" lang="fr" source="ibm">manteau à queue d'hirondelle</contenuImg>
            <contenuImg CS="0.504" lang="fr" source="ibm">manteau</contenuImg>
            <contenuImg CS="0.505" lang="fr" source="ibm">survêtement</contenuImg>
            <contenuImg CS="0.51" lang="fr" source="ibm">vêtement</contenuImg>
            <contenuImg CS="0.596" lang="fr" source="ibm">radiogramme</contenuImg>
            <contenuImg CS="0.6" lang="fr" source="ibm">vêtements</contenuImg>
            <contenuImg CS="0.982" coul="1" lang="fr" source="ibm">gris</contenuImg>
            <contenuImg CS="0.982" coul="1" lang="en" source="ibm">gray color</contenuImg>
            <contenuImg CS="0.6" lang="en" source="ibm">clothing</contenuImg>
            <contenuImg CS="0.596" lang="en" source="ibm">radiogram</contenuImg>
            <contenuImg CS="0.51" lang="en" source="ibm">garment</contenuImg>
            <contenuImg CS="0.505" lang="en" source="ibm">overgarment</contenuImg>
            <contenuImg CS="0.504" lang="en" source="ibm">coat</contenuImg>
            <contenuImg CS="0.5" lang="en" source="ibm">swallow-tailed coat</contenuImg>
            <contenuImg CS="0.645" lang="en" source="ibm">animal</contenuImg>
            <contenuImg CS="0.645" lang="en" source="ibm">invertebrate</contenuImg>
            <contenuImg CS="0.645" lang="en" source="ibm">eurypterid  (extint creature)</contenuImg>
            <contenuImg CS="0.599" lang="en" source="ibm">person</contenuImg>
            <fonction source="final">repro/dessin</fonction>
            <tech source="final">imp photoméca</tech>
            <fonction CS="0.68" source="TensorFlow">repro/dessin</fonction>
            <tech CS="1" source="md">imp photoméca</tech>
            <leg>a Germaine PARIS 24, Rue Pasquier PARTS</leg>
            <txt>Ie1 Juin v Ie1 Juin v</txt>
            <genre source="hm" time="2021-01-11T17:35:13.647+01:00">publicité</genre>
            <genre source="final">publicité</genre>
          </ill>
        </ills>
      </page>
      <page hauteurPx="5115" largeurPx="3609" ordre="8">
        <nbMot>262</nbMot>
        <blocTexte>16</blocTexte>
        <blocTab>0</blocTab>
        <blocPub>15</blocPub>
        <blocIll ocr="1">4</blocIll>
        <ills>
          <ill classif="CCyolo CCibm" couleur="gris" h="1496" n="8-1" pub="1" taille="1" w="1668" x="177" y="335">
            <contenuImg CS="0.797" lang="fr" source="ibm">stylo et encre</contenuImg>
            <contenuImg CS="0.545" lang="fr" source="ibm">salle d'étude</contenuImg>
            <contenuImg CS="0.5" lang="fr" source="ibm">cortex cérébral</contenuImg>
            <contenuImg CS="0.586" lang="fr" source="ibm">plante</contenuImg>
            <contenuImg CS="0.589" lang="fr" source="ibm">micro-organisme</contenuImg>
            <contenuImg CS="0.599" lang="fr" source="ibm">radiogramme</contenuImg>
            <contenuImg CS="0.939" coul="1" lang="fr" source="ibm">gris</contenuImg>
            <contenuImg CS="0.939" coul="1" lang="en" source="ibm">gray color</contenuImg>
            <contenuImg CS="0.599" lang="en" source="ibm">radiogram</contenuImg>
            <contenuImg CS="0.589" lang="en" source="ibm">microorganism</contenuImg>
            <contenuImg CS="0.586" lang="en" source="ibm">plant</contenuImg>
            <contenuImg CS="0.5" lang="en" source="ibm">cerebral cortex</contenuImg>
            <contenuImg CS="0.545" lang="en" source="ibm">study</contenuImg>
            <contenuImg CS="0.797" lang="en" source="ibm">pen-and-ink</contenuImg>
            <contenuImg y="1" CS="0.59" h="1543" lang="fr" source="yolo" w="1580" x="46">montre</contenuImg>
            <contenuImg y="1" CS="0.59" h="1543" lang="en" source="yolo" w="1580" x="46">clock</contenuImg>
            <genre source="final">publicité</genre>
            <genre source="md">publicité</genre>
            <fonction source="final">repro/dessin</fonction>
            <tech source="final">imp photoméca</tech>
            <fonction CS="0.73" source="TensorFlow">repro/dessin</fonction>
            <tech CS="1" source="md">imp photoméca</tech>
            <leg>ILE, TOUQUE! PARIÈ PlAGE LA MER LA FORÊT TENNIS: 17 COURTS GOLF : 27 TROUS Concours Hippique. Canots Automobiles Tir aux Pigeons. Polo SPLENDIDE CASINO ouvert jusqu au Ier octobre Ejres HOTELS DE 1er ORDRE A /f  Hn s 5. de 4de ■= LONDRES LONDRES ( i ~-~ —— 6  L AUX</leg>
            <txt>vi VOGUE vi VOGUE</txt>
          </ill>
          <ill classif="CCibm CCyolo" couleur="gris" edit="1" h="1463" n="8-2" pub="1" seg="1" source="hm" time="2021-01-11T17:35:18.826+01:00" w="1522" x="238" y="3236">
            <txt source="google">"A - Hres - Hres - de - PARIS - 4 - 'de - LONDRES - Gu - ",</txt>
            <contenuImg CS="0.839" lang="fr" source="ibm">stylo et encre</contenuImg>
            <contenuImg CS="0.839" lang="fr" source="ibm">salle d'étude</contenuImg>
            <contenuImg CS="0.778" coul="1" lang="fr" source="ibm">gris</contenuImg>
            <contenuImg CS="0.77" coul="1" lang="fr" source="ibm">vert olive</contenuImg>
            <contenuImg y="1" CS="0.68" h="1506" lang="fr" source="yolo" w="1483" x="20">livre</contenuImg>
            <contenuImg y="1" CS="0.68" h="1506" lang="en" source="yolo" w="1483" x="20">book</contenuImg>
            <contenuImg CS="0.77" coul="1" lang="en" source="ibm">olive green color</contenuImg>
            <contenuImg CS="0.778" coul="1" lang="en" source="ibm">gray color</contenuImg>
            <contenuImg CS="0.839" lang="en" source="ibm">study</contenuImg>
            <contenuImg CS="0.839" lang="en" source="ibm">pen-and-ink</contenuImg>
            <fonction source="final">repro/dessin</fonction>
            <fonction source="md">repro/dessin</fonction>
            <tech source="final">imp photoméca</tech>
            <tech source="md">imp photoméca</tech>
            <genre source="hm" time="2021-01-11T17:36:14.346+01:00">publicité</genre>
            <genre source="final">publicité</genre>
          </ill>
          <ill classif="CCibm CCyolo" couleur="gris" edit="1" h="2570" n="8-3" pub="1" seg="1" source="hm" time="2021-01-11T17:35:39.039+01:00" w="1166" x="2156" y="978">
            <txt source="google">"TEMENTS - ARTICLES - HOMMES - JR - SO 212 - LA CAMPAGNE - alpaga noir et noir rayé, - 62 » - e fantaisie. rayée - 29, 25 » et 19 75 - toile nationale blanche ou kak - ",</txt>
            <contenuImg CS="0.927" lang="fr" source="ibm">zoot suit</contenuImg>
            <contenuImg CS="0.928" lang="fr" source="ibm">costume</contenuImg>
            <contenuImg CS="0.928" lang="fr" source="ibm">vêtement</contenuImg>
            <contenuImg CS="0.5" lang="fr" source="ibm">suffragette</contenuImg>
            <contenuImg CS="0.501" lang="fr" source="ibm">personne</contenuImg>
            <contenuImg CS="0.801" lang="fr" source="ibm">vêtements</contenuImg>
            <contenuImg CS="0.956" coul="1" lang="fr" source="ibm">gris</contenuImg>
            <contenuImg CS="0.97" h="2556" lang="fr" source="yolo" w="753" x="370" y="13">personne</contenuImg>
            <contenuImg CS="0.48" h="96" lang="fr" source="yolo" w="120" x="663" y="350">cravate</contenuImg>
            <contenuImg CS="0.48" h="96" lang="en" source="yolo" w="120" x="663" y="350">tie</contenuImg>
            <contenuImg CS="0.97" h="2556" lang="en" source="yolo" w="753" x="370" y="13">person</contenuImg>
            <contenuImg CS="0.956" coul="1" lang="en" source="ibm">gray color</contenuImg>
            <contenuImg CS="0.801" lang="en" source="ibm">clothing</contenuImg>
            <contenuImg CS="0.501" lang="en" source="ibm">person</contenuImg>
            <contenuImg CS="0.5" lang="en" source="ibm">women's voting rights activist</contenuImg>
            <contenuImg CS="0.928" lang="en" source="ibm">garment</contenuImg>
            <contenuImg CS="0.928" lang="en" source="ibm">suit of clothes</contenuImg>
            <contenuImg CS="0.927" lang="en" source="ibm">zoot suit</contenuImg>
            <fonction source="final">repro/dessin</fonction>
            <fonction source="md">repro/dessin</fonction>
            <tech source="final">imp photoméca</tech>
            <tech source="md">imp photoméca</tech>
            <genre source="hm" time="2021-01-11T17:36:16.325+01:00">publicité</genre>
            <genre source="final">publicité</genre>
          </ill>
          <ill classif="CCibm CCyolo" couleur="gris" edit="1" h="1012" n="8-4" pub="1" seg="1" source="hm" time="2021-01-11T17:35:58.562+01:00" w="1439" x="1978" y="3694">
            <txt source="google">"J917. MOUCHOIR linon - mercerisé fond blanc, vi - gnettes couleur et ourlet - jour 45 X 45... 2 25 - H 22044. BATH SOAP pour - la toilette et pour le bain. - La boite de 3 pains. - 2 25 - SE 4004. - CHAUSSETTES de - coton, semelles ren- - forcées, noir, gris, - cuir et mode. - 2 25 - HOB - AB 144. - RASOIR de - sûreté mécanique, - métal argenté, de - H 22045. BROSSE - ",</txt>
            <contenuImg CS="0.519" lang="fr" source="ibm">molette (équitation)</contenuImg>
            <contenuImg CS="0.519" lang="fr" source="ibm">roue</contenuImg>
            <contenuImg CS="0.519" lang="fr" source="ibm">machine</contenuImg>
            <contenuImg CS="0.521" lang="fr" source="ibm">dispositif mécanique</contenuImg>
            <contenuImg CS="0.504" lang="fr" source="ibm">outil manuel</contenuImg>
            <contenuImg CS="0.572" lang="fr" source="ibm">outil</contenuImg>
            <contenuImg CS="0.502" lang="fr" source="ibm">étrier en fer (cheval)</contenuImg>
            <contenuImg CS="0.502" lang="fr" source="ibm">support</contenuImg>
            <contenuImg CS="0.5" lang="fr" source="ibm">bit</contenuImg>
            <contenuImg CS="0.988" coul="1" lang="fr" source="ibm">gris</contenuImg>
            <contenuImg CS="0.783" coul="1" lang="fr" source="ibm">gris cendré</contenuImg>
            <contenuImg CS="0.85" h="456" lang="fr" source="yolo" w="513" x="906" y="530">sac à main</contenuImg>
            <contenuImg CS="0.85" h="456" lang="en" source="yolo" w="513" x="906" y="530">handbag</contenuImg>
            <contenuImg CS="0.783" coul="1" lang="en" source="ibm">ash grey color</contenuImg>
            <contenuImg CS="0.988" coul="1" lang="en" source="ibm">gray color</contenuImg>
            <contenuImg CS="0.5" lang="en" source="ibm">bit</contenuImg>
            <contenuImg CS="0.502" lang="en" source="ibm">support</contenuImg>
            <contenuImg CS="0.502" lang="en" source="ibm">stirrup iron (for horse)</contenuImg>
            <contenuImg CS="0.572" lang="en" source="ibm">tool</contenuImg>
            <contenuImg CS="0.504" lang="en" source="ibm">hand tool</contenuImg>
            <contenuImg CS="0.521" lang="en" source="ibm">mechanical device</contenuImg>
            <contenuImg CS="0.519" lang="en" source="ibm">machine</contenuImg>
            <contenuImg CS="0.519" lang="en" source="ibm">wheel</contenuImg>
            <contenuImg CS="0.519" lang="en" source="ibm">rowel (wheel)</contenuImg>
            <fonction source="final">repro/dessin</fonction>
            <fonction source="md">repro/dessin</fonction>
            <tech source="final">imp photoméca</tech>
            <tech source="md">imp photoméca</tech>
            <genre source="hm" time="2021-01-11T17:36:18.355+01:00">publicité</genre>
            <genre source="final">publicité</genre>
          </ill>
        </ills>
      </page>
      <page hauteurPx="5005" largeurPx="3569" ordre="9">
        <nbMot>450</nbMot>
        <blocTexte>14</blocTexte>
        <blocTab>0</blocTab>
        <blocPub>13</blocPub>
        <ills>
          <ill classif="CCibm CCyolo" couleur="gris" edit="1" h="3702" n="9-1" pub="1" seg="1" source="hm" time="2021-01-11T17:36:24.389+01:00" w="3191" x="114" y="344">
            <txt source="google">"DADAN - SABANI - PARIS - PARFUMS D'ORIENT ET - D'EXTRÊME ORIENT - SABAN - VASMA - HA - N° 1003. Nos douze extraits dans un élégant coffret - Le coffret. 90 fr. - No 1028. Ambre de Delhi concentré, flacon et écrin - de grand luxe. Spécial pour cigarettes. - Le flacon - or .. - 95 fr. - GABAN - NO 666 - Yasmak \", parfum - syrien, flacon taillé, - écrin gainé satin. - Le flacon 75 fr. - ARIS - N° 1029. Ligéia, parfum de Manille, dans un flacon - d'origine laqué noir et or.. - Le flacon. 65 fr. - Crème de Beauté, Secret Hindou. - Le pot .. - 12 fr. - D - ANS votre home et sur vous-mêmes, créez cette personna- - lité qui caractérise la femme de goût. L'Ambre de Delhi - est une centeur exquise de fumoir discret et de fourrures - chaudes. Le \" Yasmak est d'une fraîcheur sans égale, c'est un - véritable secret des Harems... Le “ Ligéia \" qui vient de Manille, - dans son flacon de_laque poudré d'or, est mystérieux comme celle - dont il évoque le souvenir... Le “ Daïmo \" est léger et subtil, - mais sa ténacité est incomparable...“ Fleurs d'Annam est un - mélange savant concentré de mille fleurs d'Annam... On les sent - toutes, on n'en définit aucune... Le Ming est très frais. - N° 80. Poudre parfumée à l'Ambre de Delhi. - Teintes : ocre clair et foncé, naturelle, rachel - et blanche - La boîte. 9 fr. - SAIGON. - SARA - ",</txt>
            <contenuImg CS="0.5" lang="fr" source="ibm">journal de classe</contenuImg>
            <contenuImg CS="0.604" lang="fr" source="ibm">journal</contenuImg>
            <contenuImg CS="0.604" lang="fr" source="ibm">média</contenuImg>
            <contenuImg CS="0.601" lang="fr" source="ibm">presse écrite</contenuImg>
            <contenuImg CS="0.975" coul="1" lang="fr" source="ibm">gris</contenuImg>
            <contenuImg CS="0.40" h="896" lang="fr" source="yolo" w="406" x="320" y="2776">bouteille</contenuImg>
            <contenuImg x="1" CS="0.40" h="3663" lang="fr" source="yolo" w="3350" y="40">réfrigérateur</contenuImg>
            <contenuImg CS="0.26" h="213" lang="fr" source="yolo" w="143" x="1346" y="3143">montre</contenuImg>
            <contenuImg CS="0.26" h="213" lang="en" source="yolo" w="143" x="1346" y="3143">clock</contenuImg>
            <contenuImg x="1" CS="0.40" h="3663" lang="en" source="yolo" w="3350" y="40">refrigerator</contenuImg>
            <contenuImg CS="0.40" h="896" lang="en" source="yolo" w="406" x="320" y="2776">bottle</contenuImg>
            <contenuImg CS="0.975" coul="1" lang="en" source="ibm">gray color</contenuImg>
            <contenuImg CS="0.601" lang="en" source="ibm">print media</contenuImg>
            <contenuImg CS="0.604" lang="en" source="ibm">medium</contenuImg>
            <contenuImg CS="0.604" lang="en" source="ibm">newspaper</contenuImg>
            <contenuImg CS="0.5" lang="en" source="ibm">school newspaper</contenuImg>
            <fonction source="final">repro/dessin</fonction>
            <fonction source="md">repro/dessin</fonction>
            <tech source="final">imp photoméca</tech>
            <tech source="md">imp photoméca</tech>
            <genre source="hm" time="2021-01-11T17:36:45.895+01:00">publicité</genre>
            <genre source="final">publicité</genre>
          </ill>
        </ills>
        <blocIll ocr="0">1</blocIll>
      </page>
      <page hauteurPx="5045" largeurPx="3509" ordre="10">
        <nbMot>26</nbMot>
        <blocTexte>5</blocTexte>
        <blocTab>0</blocTab>
        <blocPub>0</blocPub>
        <blocIll ocr="1">1</blocIll>
        <ills>
          <ill classif="CCyolo CCibm" couleur="gris" edit="1" h="3594" n="10-1" pub="1" taille="3" w="2126" x="788" y="400">
            <contenuImg CS="0.5" lang="fr" source="ibm">suffragette</contenuImg>
            <contenuImg CS="0.912" lang="fr" source="ibm">musée (intérieur)</contenuImg>
            <contenuImg CS="0.501" lang="fr" source="ibm">personne</contenuImg>
            <contenuImg CS="0.795" lang="fr" source="ibm">pièce</contenuImg>
            <contenuImg CS="0.94" coul="1" lang="fr" source="ibm">gris</contenuImg>
            <contenuImg CS="0.588" coul="1" lang="fr" source="ibm">gris cendré</contenuImg>
            <contenuImg CS="0.588" coul="1" lang="en" source="ibm">ash grey color</contenuImg>
            <contenuImg CS="0.94" coul="1" lang="en" source="ibm">gray color</contenuImg>
            <contenuImg CS="0.795" lang="en" source="ibm">room</contenuImg>
            <contenuImg CS="0.501" lang="en" source="ibm">person</contenuImg>
            <contenuImg CS="0.5" lang="en" source="ibm">women's voting rights activist</contenuImg>
            <contenuImg CS="0.912" lang="en" source="ibm">Museum (Indoor)</contenuImg>
            <contenuImg CS="0.99" h="2923" lang="fr" source="yolo" w="1036" x="500" y="393">personne</contenuImg>
            <contenuImg CS="0.36" h="836" lang="fr" source="yolo" w="630" x="1456" y="1660">chien</contenuImg>
            <contenuImg CS="0.34" h="240" lang="fr" source="yolo" w="483" x="1186" y="1860">gant de baseball</contenuImg>
            <contenuImg CS="0.34" h="240" lang="en" source="yolo" w="483" x="1186" y="1860">baseball glove</contenuImg>
            <contenuImg CS="0.36" h="836" lang="en" source="yolo" w="630" x="1456" y="1660">dog</contenuImg>
            <contenuImg CS="0.99" h="2923" lang="en" source="yolo" w="1036" x="500" y="393">person</contenuImg>
            <fonction source="final">repro/photo</fonction>
            <tech source="final">imp photoméca</tech>
            <fonction CS="0.97" source="TensorFlow">repro/photo</fonction>
            <tech CS="1" source="md">imp photoméca</tech>
            <leg>ORCHIDÉE Robe crêpe Georgette mauve, fleurs brodées mauve et argent.</leg>
            <txt>viii FOGUE viii FOGUE</txt>
            <genre source="hm" time="2021-01-11T17:36:50.306+01:00">publicité</genre>
            <genre source="final">publicité</genre>
          </ill>
        </ills>
      </page>
      <page hauteurPx="5035" largeurPx="3607" ordre="11">
        <nbMot>663</nbMot>
        <blocTexte>27</blocTexte>
        <blocTab>5</blocTab>
        <blocPub>0</blocPub>
        <blocIll ocr="1">1</blocIll>
        <ills/>
      </page>
      <page hauteurPx="5045" largeurPx="3509" ordre="12">
        <nbMot>79</nbMot>
        <blocTexte>4</blocTexte>
        <blocTab>0</blocTab>
        <blocPub>0</blocPub>
        <blocIll ocr="1">1</blocIll>
        <ills/>
      </page>
      <page hauteurPx="5013" largeurPx="3577" ordre="13">
        <nbMot>625</nbMot>
        <blocTexte>14</blocTexte>
        <blocTab>0</blocTab>
        <blocPub>0</blocPub>
        <blocIll ocr="1">1</blocIll>
        <ills/>
      </page>
      <page hauteurPx="5079" largeurPx="3557" ordre="14">
        <nbMot>454</nbMot>
        <blocTexte>13</blocTexte>
        <blocTab>0</blocTab>
        <blocPub>0</blocPub>
        <blocIll ocr="5">5</blocIll>
        <ills/>
      </page>
      <page hauteurPx="5013" largeurPx="3577" ordre="15">
        <nbMot>381</nbMot>
        <blocTexte>8</blocTexte>
        <blocTab>0</blocTab>
        <blocPub>0</blocPub>
        <blocIll ocr="1">1</blocIll>
        <ills/>
      </page>
      <page hauteurPx="5089" largeurPx="3589" ordre="16">
        <nbMot>516</nbMot>
        <blocTexte>10</blocTexte>
        <blocTab>0</blocTab>
        <blocPub>0</blocPub>
        <blocIll ocr="5">5</blocIll>
        <ills/>
      </page>
      <page hauteurPx="5013" largeurPx="3577" ordre="17">
        <nbMot>139</nbMot>
        <blocTexte>8</blocTexte>
        <blocTab>0</blocTab>
        <blocPub>0</blocPub>
        <blocIll ocr="1">1</blocIll>
        <ills/>
      </page>
      <page hauteurPx="5093" largeurPx="3613" ordre="18">
        <nbMot>98</nbMot>
        <blocTexte>8</blocTexte>
        <blocTab>0</blocTab>
        <blocPub>0</blocPub>
        <blocIll ocr="3">3</blocIll>
        <ills/>
      </page>
      <page hauteurPx="5053" largeurPx="3633" ordre="19">
        <nbMot>349</nbMot>
        <blocTexte>11</blocTexte>
        <blocTab>0</blocTab>
        <blocPub>0</blocPub>
        <blocIll ocr="2">3</blocIll>
        <ills/>
      </page>
      <page hauteurPx="5101" largeurPx="3605" ordre="20">
        <nbMot>131</nbMot>
        <blocTexte>6</blocTexte>
        <blocTab>0</blocTab>
        <blocPub>0</blocPub>
        <blocIll ocr="2">2</blocIll>
        <ills/>
      </page>
      <page hauteurPx="5013" largeurPx="3589" ordre="21">
        <nbMot>192</nbMot>
        <blocTexte>11</blocTexte>
        <blocTab>0</blocTab>
        <blocPub>0</blocPub>
        <blocIll ocr="3">3</blocIll>
        <ills/>
      </page>
      <page hauteurPx="5053" largeurPx="3541" ordre="22">
        <nbMot>989</nbMot>
        <blocTexte>30</blocTexte>
        <blocTab>0</blocTab>
        <blocPub>0</blocPub>
        <blocIll ocr="2">3</blocIll>
        <ills/>
      </page>
      <page hauteurPx="5013" largeurPx="3589" ordre="23">
        <nbMot>156</nbMot>
        <blocTexte>8</blocTexte>
        <blocTab>0</blocTab>
        <blocPub>0</blocPub>
        <blocIll ocr="1">4</blocIll>
        <ills/>
      </page>
      <page hauteurPx="5067" largeurPx="3575" ordre="24">
        <nbMot>1363</nbMot>
        <blocTexte>20</blocTexte>
        <blocTab>0</blocTab>
        <blocPub>0</blocPub>
        <blocIll ocr="1">1</blocIll>
        <ills/>
      </page>
      <page hauteurPx="5035" largeurPx="3621" ordre="25">
        <nbMot>1062</nbMot>
        <blocTexte>16</blocTexte>
        <blocTab>0</blocTab>
        <blocPub>0</blocPub>
        <blocIll ocr="2">2</blocIll>
        <ills/>
      </page>
      <page hauteurPx="5053" largeurPx="3557" ordre="26">
        <nbMot>1039</nbMot>
        <blocTexte>24</blocTexte>
        <blocTab>0</blocTab>
        <blocPub>0</blocPub>
        <blocIll ocr="1">1</blocIll>
        <ills/>
      </page>
      <page hauteurPx="5033" largeurPx="3647" ordre="27">
        <nbMot>626</nbMot>
        <blocTexte>17</blocTexte>
        <blocTab>0</blocTab>
        <blocPub>0</blocPub>
        <blocIll ocr="4">4</blocIll>
        <ills/>
      </page>
      <page hauteurPx="5085" largeurPx="3613" ordre="28">
        <nbMot>589</nbMot>
        <blocTexte>16</blocTexte>
        <blocTab>0</blocTab>
        <blocPub>0</blocPub>
        <blocIll ocr="5">5</blocIll>
        <ills/>
      </page>
      <page hauteurPx="5055" largeurPx="3663" ordre="29">
        <nbMot>587</nbMot>
        <blocTexte>13</blocTexte>
        <blocTab>0</blocTab>
        <blocPub>0</blocPub>
        <blocIll ocr="4">4</blocIll>
        <ills/>
      </page>
      <page hauteurPx="5065" largeurPx="3587" ordre="30">
        <nbMot>1070</nbMot>
        <blocTexte>22</blocTexte>
        <blocTab>0</blocTab>
        <blocPub>0</blocPub>
        <blocIll ocr="1">1</blocIll>
        <ills/>
      </page>
      <page hauteurPx="5065" largeurPx="3679" ordre="31">
        <nbMot>970</nbMot>
        <blocTexte>17</blocTexte>
        <blocTab>0</blocTab>
        <blocPub>0</blocPub>
        <blocIll ocr="2">2</blocIll>
        <ills/>
      </page>
      <page hauteurPx="5085" largeurPx="3585" ordre="32">
        <nbMot>144</nbMot>
        <blocTexte>8</blocTexte>
        <blocTab>0</blocTab>
        <blocPub>0</blocPub>
        <blocIll ocr="1">2</blocIll>
        <ills/>
      </page>
      <page hauteurPx="5049" largeurPx="3645" ordre="33">
        <nbMot>146</nbMot>
        <blocTexte>7</blocTexte>
        <blocTab>0</blocTab>
        <blocPub>0</blocPub>
        <blocIll ocr="1">2</blocIll>
        <ills/>
      </page>
      <page hauteurPx="5121" largeurPx="3637" ordre="34">
        <nbMot>98</nbMot>
        <blocTexte>7</blocTexte>
        <blocTab>0</blocTab>
        <blocPub>0</blocPub>
        <blocIll ocr="1">1</blocIll>
        <ills/>
      </page>
      <page hauteurPx="5039" largeurPx="3681" ordre="35">
        <nbMot>922</nbMot>
        <blocTexte>26</blocTexte>
        <blocTab>0</blocTab>
        <blocPub>0</blocPub>
        <blocIll ocr="1">1</blocIll>
        <ills/>
      </page>
      <page hauteurPx="5081" largeurPx="3581" ordre="36">
        <nbMot>190</nbMot>
        <blocTexte>9</blocTexte>
        <blocTab>0</blocTab>
        <blocPub>0</blocPub>
        <blocIll ocr="5">5</blocIll>
        <ills/>
      </page>
      <page hauteurPx="5085" largeurPx="3723" ordre="37">
        <nbMot>31</nbMot>
        <blocTexte>3</blocTexte>
        <blocTab>0</blocTab>
        <blocPub>0</blocPub>
        <blocIll ocr="1">1</blocIll>
        <ills/>
      </page>
      <page hauteurPx="5053" largeurPx="3541" ordre="38">
        <nbMot>122</nbMot>
        <blocTexte>9</blocTexte>
        <blocTab>0</blocTab>
        <blocPub>0</blocPub>
        <blocIll ocr="1">2</blocIll>
        <ills/>
      </page>
      <page hauteurPx="5095" largeurPx="3739" ordre="39">
        <nbMot>100</nbMot>
        <blocTexte>6</blocTexte>
        <blocTab>0</blocTab>
        <blocPub>0</blocPub>
        <blocIll ocr="1">2</blocIll>
        <ills/>
      </page>
      <page hauteurPx="5083" largeurPx="3583" ordre="40">
        <nbMot>160</nbMot>
        <blocTexte>6</blocTexte>
        <blocTab>0</blocTab>
        <blocPub>0</blocPub>
        <blocIll ocr="4">4</blocIll>
        <ills/>
      </page>
      <page hauteurPx="5029" largeurPx="3637" ordre="41">
        <nbMot>530</nbMot>
        <blocTexte>13</blocTexte>
        <blocTab>0</blocTab>
        <blocPub>0</blocPub>
        <blocIll ocr="3">3</blocIll>
        <ills/>
      </page>
      <page hauteurPx="5053" largeurPx="3541" ordre="42">
        <nbMot>84</nbMot>
        <blocTexte>5</blocTexte>
        <blocTab>0</blocTab>
        <blocPub>0</blocPub>
        <blocIll ocr="1">1</blocIll>
        <ills/>
      </page>
      <page hauteurPx="5085" largeurPx="3713" ordre="43">
        <nbMot>77</nbMot>
        <blocTexte>3</blocTexte>
        <blocTab>0</blocTab>
        <blocPub>0</blocPub>
        <blocIll ocr="2">2</blocIll>
        <ills/>
      </page>
      <page hauteurPx="5077" largeurPx="3573" ordre="44">
        <nbMot>546</nbMot>
        <blocTexte>11</blocTexte>
        <blocTab>0</blocTab>
        <blocPub>0</blocPub>
        <blocIll ocr="3">3</blocIll>
        <ills/>
      </page>
      <page hauteurPx="5087" largeurPx="3721" ordre="45">
        <nbMot>109</nbMot>
        <blocTexte>9</blocTexte>
        <blocTab>0</blocTab>
        <blocPub>0</blocPub>
        <blocIll ocr="1">3</blocIll>
        <ills/>
      </page>
      <page hauteurPx="5101" largeurPx="3629" ordre="46">
        <nbMot>142</nbMot>
        <blocTexte>9</blocTexte>
        <blocTab>0</blocTab>
        <blocPub>0</blocPub>
        <blocIll ocr="2">2</blocIll>
        <ills/>
      </page>
      <page hauteurPx="5027" largeurPx="3627" ordre="47">
        <nbMot>842</nbMot>
        <blocTexte>24</blocTexte>
        <blocTab>0</blocTab>
        <blocPub>0</blocPub>
        <blocIll ocr="3">3</blocIll>
        <ills/>
      </page>
      <page hauteurPx="5053" largeurPx="3553" ordre="48">
        <nbMot>136</nbMot>
        <blocTexte>9</blocTexte>
        <blocTab>0</blocTab>
        <blocPub>0</blocPub>
        <blocIll ocr="4">4</blocIll>
        <ills/>
      </page>
      <page hauteurPx="5045" largeurPx="3641" ordre="49">
        <nbMot>924</nbMot>
        <blocTexte>22</blocTexte>
        <blocTab>0</blocTab>
        <blocPub>0</blocPub>
        <blocIll ocr="2">2</blocIll>
        <ills/>
      </page>
      <page hauteurPx="5071" largeurPx="3579" ordre="50">
        <nbMot>727</nbMot>
        <blocTexte>17</blocTexte>
        <blocTab>0</blocTab>
        <blocPub>0</blocPub>
        <blocIll ocr="1">1</blocIll>
        <ills/>
      </page>
      <page hauteurPx="5037" largeurPx="3703" ordre="51">
        <nbMot>311</nbMot>
        <blocTexte>10</blocTexte>
        <blocTab>0</blocTab>
        <blocPub>0</blocPub>
        <blocIll ocr="3">3</blocIll>
        <ills/>
      </page>
      <page hauteurPx="5053" largeurPx="3553" ordre="52">
        <nbMot>930</nbMot>
        <blocTexte>21</blocTexte>
        <blocTab>0</blocTab>
        <blocPub>0</blocPub>
        <blocIll ocr="3">3</blocIll>
        <ills/>
      </page>
      <page hauteurPx="5045" largeurPx="3733" ordre="53">
        <nbMot>595</nbMot>
        <blocTexte>17</blocTexte>
        <blocTab>0</blocTab>
        <blocPub>0</blocPub>
        <blocIll ocr="5">5</blocIll>
        <ills/>
      </page>
      <page hauteurPx="5053" largeurPx="3553" ordre="54">
        <nbMot>203</nbMot>
        <blocTexte>9</blocTexte>
        <blocTab>0</blocTab>
        <blocPub>0</blocPub>
        <blocIll ocr="5">5</blocIll>
        <ills/>
      </page>
      <page hauteurPx="5037" largeurPx="3727" ordre="55">
        <nbMot>297</nbMot>
        <blocTexte>14</blocTexte>
        <blocTab>0</blocTab>
        <blocPub>0</blocPub>
        <blocIll ocr="6">6</blocIll>
        <ills/>
      </page>
      <page hauteurPx="5053" largeurPx="3553" ordre="56">
        <nbMot>260</nbMot>
        <blocTexte>15</blocTexte>
        <blocTab>0</blocTab>
        <blocPub>0</blocPub>
        <blocIll ocr="6">6</blocIll>
        <ills/>
      </page>
      <page hauteurPx="5023" largeurPx="3707" ordre="57">
        <nbMot>153</nbMot>
        <blocTexte>12</blocTexte>
        <blocTab>0</blocTab>
        <blocPub>0</blocPub>
        <blocIll ocr="5">5</blocIll>
        <ills/>
      </page>
      <page hauteurPx="5053" largeurPx="3549" ordre="58">
        <nbMot>252</nbMot>
        <blocTexte>13</blocTexte>
        <blocTab>0</blocTab>
        <blocPub>0</blocPub>
        <blocIll ocr="3">5</blocIll>
        <ills/>
      </page>
      <page hauteurPx="5005" largeurPx="3681" ordre="59">
        <nbMot>300</nbMot>
        <blocTexte>15</blocTexte>
        <blocTab>0</blocTab>
        <blocPub>13</blocPub>
        <blocIll ocr="2">3</blocIll>
        <ills>
          <ill classif="CCyolo CCibm" couleur="gris" edit="1" h="1321" n="59-1" pub="1" taille="0" w="1085" x="427" y="2642">
            <contenuImg CS="0.726" lang="fr" source="ibm">télégraphie sans fil</contenuImg>
            <contenuImg CS="0.726" lang="fr" source="ibm">télécommunication</contenuImg>
            <contenuImg CS="0.669" lang="fr" source="ibm">machine de von Neumann</contenuImg>
            <contenuImg CS="0.669" lang="fr" source="ibm">ordinateur numérique</contenuImg>
            <contenuImg CS="0.67" lang="fr" source="ibm">ordinateur</contenuImg>
            <contenuImg CS="0.67" lang="fr" source="ibm">machine</contenuImg>
            <contenuImg CS="0.5" lang="fr" source="ibm">crématorium</contenuImg>
            <contenuImg CS="0.5" lang="fr" source="ibm">bâtiment</contenuImg>
            <contenuImg CS="0.598" lang="fr" source="ibm">équipement électronique</contenuImg>
            <contenuImg CS="0.599" lang="fr" source="ibm">pièce</contenuImg>
            <contenuImg CS="0.878" coul="1" lang="fr" source="ibm">gris</contenuImg>
            <contenuImg CS="0.878" coul="1" lang="en" source="ibm">gray color</contenuImg>
            <contenuImg CS="0.599" lang="en" source="ibm">room</contenuImg>
            <contenuImg CS="0.598" lang="en" source="ibm">electronic equipment</contenuImg>
            <contenuImg CS="0.5" lang="en" source="ibm">building</contenuImg>
            <contenuImg CS="0.5" lang="en" source="ibm">crematory</contenuImg>
            <contenuImg CS="0.67" lang="en" source="ibm">machine</contenuImg>
            <contenuImg CS="0.67" lang="en" source="ibm">computer</contenuImg>
            <contenuImg CS="0.669" lang="en" source="ibm">digital computer</contenuImg>
            <contenuImg CS="0.669" lang="en" source="ibm">von Neumann machine</contenuImg>
            <contenuImg CS="0.726" lang="en" source="ibm">telecommunication</contenuImg>
            <contenuImg CS="0.726" lang="en" source="ibm">wireless telegraphy</contenuImg>
            <contenuImg CS="0.99" h="550" lang="fr" source="yolo" w="390" x="450" y="746">chaise</contenuImg>
            <contenuImg CS="0.99" h="550" lang="en" source="yolo" w="390" x="450" y="746">chair</contenuImg>
            <fonction source="final">repro/photo</fonction>
            <tech source="final">imp photoméca</tech>
            <fonction CS="0.96" source="TensorFlow">repro/photo</fonction>
            <tech CS="1" source="md">imp photoméca</tech>
            <leg>Salon d Époque Empire Sous le DIRECTOIRE et 1EMPIRE, on s attachait à l élégance des lignes. Pour reconstituer ou compléter en ancien une pièce de ces styles, seul un spécialiste de confiance a le choix et les documents nécessaires. AU DIRECTOIRE 46, rue du Bac, Paris. -:Téléphone : FLEURUS 00-76</leg>
            <txt>: Plus de 1.000 Trên-Cars en circulation dans le monde entier Champs-Elysées : : £ S S s/1S ET NOTICE SUR DEMANDE (Passy 75-41) PARIS: COURBEVOIE ■ 1^ jf. ■</txt>
            <genre source="hm" time="2020-11-01T12:36:33.438+01:00">publicité</genre>
            <genre source="final">publicité</genre>
          </ill>
          <ill classif="CCyolo CCibm" couleur="gris" h="366" n="59-2" pub="1" taille="0" w="335" x="2515" y="2654">
            <contenuImg CS="0.596" lang="fr" source="ibm">personne</contenuImg>
            <contenuImg CS="0.748" lang="fr" source="ibm">instrument à cordes</contenuImg>
            <contenuImg CS="0.756" lang="fr" source="ibm">instrument de musique</contenuImg>
            <contenuImg CS="0.593" lang="fr" source="ibm">lyre (harpe)</contenuImg>
            <contenuImg CS="0.593" lang="fr" source="ibm">cordophone (instrument de musique)</contenuImg>
            <contenuImg CS="0.507" lang="fr" source="ibm">chanfron (armure de cheval)</contenuImg>
            <contenuImg CS="0.507" lang="fr" source="ibm">assiette</contenuImg>
            <contenuImg CS="0.544" lang="fr" source="ibm">bouclier</contenuImg>
            <contenuImg CS="0.544" lang="fr" source="ibm">revêtement de protection</contenuImg>
            <contenuImg CS="0.5" lang="fr" source="ibm">appareil à gaz</contenuImg>
            <contenuImg CS="0.817" coul="1" lang="fr" source="ibm">émeraude (couleur)</contenuImg>
            <contenuImg CS="0.605" coul="1" lang="fr" source="ibm">noir</contenuImg>
            <contenuImg CS="0.605" coul="1" lang="en" source="ibm">black color</contenuImg>
            <contenuImg CS="0.817" coul="1" lang="en" source="ibm">emerald color</contenuImg>
            <contenuImg CS="0.5" lang="en" source="ibm">gas fixture</contenuImg>
            <contenuImg CS="0.544" lang="en" source="ibm">protective covering</contenuImg>
            <contenuImg CS="0.544" lang="en" source="ibm">shield</contenuImg>
            <contenuImg CS="0.507" lang="en" source="ibm">plate</contenuImg>
            <contenuImg CS="0.507" lang="en" source="ibm">chanfron (horse armor)</contenuImg>
            <contenuImg CS="0.593" lang="en" source="ibm">chordophone (musical instrument)</contenuImg>
            <contenuImg CS="0.593" lang="en" source="ibm">lyre (harp)</contenuImg>
            <contenuImg CS="0.756" lang="en" source="ibm">musical instrument</contenuImg>
            <contenuImg CS="0.748" lang="en" source="ibm">stringed instrument</contenuImg>
            <contenuImg CS="0.596" lang="en" source="ibm">person</contenuImg>
            <contenuImg CS="0.44" h="213" lang="fr" source="yolo" w="280" x="23" y="43">avion</contenuImg>
            <contenuImg CS="0.44" h="213" lang="en" source="yolo" w="280" x="23" y="43">aeroplane</contenuImg>
            <genre source="final">publicité</genre>
            <genre source="md">publicité</genre>
            <fonction source="final">repro/dessin</fonction>
            <tech source="final">imp photoméca</tech>
            <fonction CS="0.95" source="TensorFlow">repro/dessin</fonction>
            <tech CS="1" source="md">imp photoméca</tech>
            <leg>6 JOURS PAR SEMAINE 52 SEMAINES PAR AN un personnel féminin de choix fouille les coins et les recoins de Paris pour y découvrir les derniers rafifnements de l élégance parisienne. Le résultat de ces recherches sera fourni</leg>
            <txt>AU DIRECTOIRE 46, rue du Bac, Paris. -:Téléphone : FLEURUS 00-76 Pour reconstituer ou compléter en ancien une pièce de ces styles, seul un spécialiste de confiance a le choix et les documents nécessaires.</txt>
          </ill>
          <ill classif="CCibm CCyolo" couleur="gris" edit="1" h="1997" n="59-3" pub="1" seg="1" source="hm" time="2021-01-11T19:20:50.715+01:00" w="2134" x="129" y="234">
            <txt source="google">"11 - Henri-Labourdette - CARROSSIER - CHARGE UTILE - 250\" - LETREN-CAR - PORTE TOUT - ET VOUS SUIT - MÊME A IOOKm. A L'HEURE - 35, CHAMPS-ÉLYSEES, PARIS - Usine - 68, Boulev. de Verdun - COURBEVOIE - DRAEGER - ",</txt>
            <contenuImg CS="0.868" lang="fr" source="ibm">78 tours (disque)</contenuImg>
            <contenuImg CS="0.868" lang="fr" source="ibm">dispositif mémoire</contenuImg>
            <contenuImg CS="0.506" lang="fr" source="ibm">sous-bock</contenuImg>
            <contenuImg CS="0.5" lang="fr" source="ibm">disque d'enregistrement de phonographe</contenuImg>
            <contenuImg CS="0.5" lang="fr" source="ibm">cercle</contenuImg>
            <contenuImg CS="0.801" lang="fr" source="ibm">enregistrement</contenuImg>
            <contenuImg CS="0.798" lang="fr" source="ibm">presse écrite</contenuImg>
            <contenuImg CS="0.887" coul="1" lang="fr" source="ibm">gris</contenuImg>
            <contenuImg CS="0.40" h="540" lang="fr" source="yolo" w="200" x="1063" y="423">personne</contenuImg>
            <contenuImg CS="0.40" h="540" lang="en" source="yolo" w="200" x="1063" y="423">person</contenuImg>
            <contenuImg CS="0.887" coul="1" lang="en" source="ibm">gray color</contenuImg>
            <contenuImg CS="0.798" lang="en" source="ibm">print media</contenuImg>
            <contenuImg CS="0.801" lang="en" source="ibm">recording</contenuImg>
            <contenuImg CS="0.5" lang="en" source="ibm">circle</contenuImg>
            <contenuImg CS="0.5" lang="en" source="ibm">phonograph recording disk</contenuImg>
            <contenuImg CS="0.506" lang="en" source="ibm">beer mat</contenuImg>
            <contenuImg CS="0.868" lang="en" source="ibm">memory device</contenuImg>
            <contenuImg CS="0.868" lang="en" source="ibm">seventy-eight (record)</contenuImg>
            <fonction source="final">repro/dessin</fonction>
            <fonction source="md">repro/dessin</fonction>
            <tech source="final">imp photoméca</tech>
            <tech source="md">imp photoméca</tech>
            <genre source="hm" time="2021-01-11T19:21:05.054+01:00">publicité</genre>
            <genre source="final">publicité</genre>
          </ill>
        </ills>
      </page>
      <page hauteurPx="5103" largeurPx="3621" ordre="60">
        <nbMot>1056</nbMot>
        <blocTexte>34</blocTexte>
        <blocTab>0</blocTab>
        <blocPub>14</blocPub>
        <blocIll ocr="0">0</blocIll>
      </page>
      <page hauteurPx="5005" largeurPx="3681" ordre="61">
        <nbMot>71</nbMot>
        <blocTexte>4</blocTexte>
        <blocTab>0</blocTab>
        <blocPub>3</blocPub>
        <blocIll ocr="1">1</blocIll>
        <ills>
          <ill classif="CCyolo CCibm" couleur="gris" h="2363" n="61-1" pub="1" taille="2" w="1940" x="842" y="477">
            <contenuImg CS="0.799" lang="fr" source="ibm">personne</contenuImg>
            <contenuImg CS="0.808" lang="fr" source="ibm">cimetière</contenuImg>
            <contenuImg CS="0.518" lang="fr" source="ibm">dune de sable</contenuImg>
            <contenuImg CS="0.518" lang="fr" source="ibm">crête</contenuImg>
            <contenuImg CS="0.518" lang="fr" source="ibm">nature</contenuImg>
            <contenuImg CS="0.5" lang="fr" source="ibm">musée (intérieur)</contenuImg>
            <contenuImg CS="0.92" coul="1" lang="fr" source="ibm">gris</contenuImg>
            <contenuImg CS="0.92" coul="1" lang="en" source="ibm">gray color</contenuImg>
            <contenuImg CS="0.5" lang="en" source="ibm">Museum (Indoor)</contenuImg>
            <contenuImg CS="0.518" lang="en" source="ibm">nature</contenuImg>
            <contenuImg CS="0.518" lang="en" source="ibm">ridge</contenuImg>
            <contenuImg CS="0.518" lang="en" source="ibm">sand dune</contenuImg>
            <contenuImg CS="0.808" lang="en" source="ibm">cemetery</contenuImg>
            <contenuImg CS="0.799" lang="en" source="ibm">person</contenuImg>
            <contenuImg CS="0.96" h="1956" lang="fr" source="yolo" w="1153" x="383" y="363">personne</contenuImg>
            <contenuImg CS="0.96" h="1956" lang="en" source="yolo" w="1153" x="383" y="363">person</contenuImg>
            <genre source="final">publicité</genre>
            <genre source="md">publicité</genre>
            <fonction source="final">repro/photo</fonction>
            <tech source="final">imp photoméca</tech>
            <fonction CS="0.91" source="TensorFlow">repro/photo</fonction>
            <tech CS="1" source="md">imp photoméca</tech>
            <leg>C est Dommage de faire entrer en ligne de compte la question argent quand il s agit des Perles Orientales ou des Créations Técla qui toutes deux sont aussi ineffablement belles.</leg>
            <txt>Ier Juin SI Ier Juin SI</txt>
          </ill>
        </ills>
      </page>
      <page hauteurPx="5065" largeurPx="3565" ordre="62">
        <nbMot>1121</nbMot>
        <blocTexte>28</blocTexte>
        <blocTab>0</blocTab>
        <blocPub>5</blocPub>
        <blocIll ocr="1">2</blocIll>
        <ills>
          <ill classif="CCibm" couleur="gris" h="1055" n="62-1" pub="1" taille="0" w="1563" x="269" y="269">
            <contenuImg CS="0.89" lang="fr" source="ibm">pointe d'argent</contenuImg>
            <contenuImg CS="0.736" lang="fr" source="ibm">salle d'étude</contenuImg>
            <contenuImg CS="0.5" lang="fr" source="ibm">stylo et encre</contenuImg>
            <contenuImg CS="0.772" lang="fr" source="ibm">tissu</contenuImg>
            <contenuImg CS="0.928" coul="1" lang="fr" source="ibm">sauge</contenuImg>
            <contenuImg CS="0.59" coul="1" lang="fr" source="ibm">vert olive</contenuImg>
            <contenuImg CS="0.59" coul="1" lang="en" source="ibm">olive green color</contenuImg>
            <contenuImg CS="0.928" coul="1" lang="en" source="ibm">sage green color</contenuImg>
            <contenuImg CS="0.772" lang="en" source="ibm">fabric</contenuImg>
            <contenuImg CS="0.5" lang="en" source="ibm">pen-and-ink</contenuImg>
            <contenuImg CS="0.736" lang="en" source="ibm">study</contenuImg>
            <contenuImg CS="0.89" lang="en" source="ibm">silverpoint</contenuImg>
            <genre source="final">publicité</genre>
            <genre source="md">publicité</genre>
            <fonction source="final">repro/dessin</fonction>
            <tech source="final">imp photoméca</tech>
            <fonction CS="0.90" source="TensorFlow">repro/dessin</fonction>
            <tech CS="1" source="md">imp photoméca</tech>
            <leg>* 1 H Ondule vos cheveux pour toujours. EE j| Même l eau ne la défrise pas E; ! DESFOSSÉ i S 265, rue Saint-Honoré S = possède seul les instal= = lations indispensables = i M. EUGÈNE i 5 de Londres, lui prête = =5 son concours personnel SE — Le système breteté de la Maison permet la retouche exclusive des racines — liiiiiiiiiiiiiiiiiiiiiiiiiiiiiiiiiiiiiiiiiiiiiiiiiiiiiiiiiiiiiiiiiiiiiiiiiiiiiiiiiiiiiiiiiiiiiiiiiiiiiiiiiiiiiiiiiiiiiiiiiiiiiiiiini</leg>
            <txt>52 rOGUE 52 rOGUE</txt>
          </ill>
          <ill classif="CCibm CCyolo" couleur="gris" edit="1" h="2218" n="62-2" pub="1" seg="1" source="hm" time="2021-01-11T19:21:15.714+01:00" w="1636" x="209" y="2521">
            <contenuImg CS="0.521" lang="fr" source="ibm">disque d'enregistrement de phonographe</contenuImg>
            <contenuImg CS="0.522" lang="fr" source="ibm">cercle</contenuImg>
            <contenuImg CS="0.502" lang="fr" source="ibm">sous-bock</contenuImg>
            <contenuImg CS="0.5" lang="fr" source="ibm">78 tours (disque)</contenuImg>
            <contenuImg CS="0.501" lang="fr" source="ibm">dispositif mémoire</contenuImg>
            <contenuImg CS="0.601" lang="fr" source="ibm">disque</contenuImg>
            <contenuImg CS="0.6" lang="fr" source="ibm">enregistrement</contenuImg>
            <contenuImg CS="0.599" lang="fr" source="ibm">boisson</contenuImg>
            <contenuImg CS="0.842" coul="1" lang="fr" source="ibm">gris</contenuImg>
            <contenuImg y="1" CS="0.31" h="2273" lang="fr" source="yolo" w="1590" x="26">stop (panneau)</contenuImg>
            <contenuImg y="1" CS="0.31" h="2273" lang="en" source="yolo" w="1590" x="26">stop sign</contenuImg>
            <contenuImg CS="0.842" coul="1" lang="en" source="ibm">gray color</contenuImg>
            <contenuImg CS="0.599" lang="en" source="ibm">beverage</contenuImg>
            <contenuImg CS="0.6" lang="en" source="ibm">recording</contenuImg>
            <contenuImg CS="0.601" lang="en" source="ibm">disk</contenuImg>
            <contenuImg CS="0.501" lang="en" source="ibm">memory device</contenuImg>
            <contenuImg CS="0.5" lang="en" source="ibm">seventy-eight (record)</contenuImg>
            <contenuImg CS="0.502" lang="en" source="ibm">beer mat</contenuImg>
            <contenuImg CS="0.522" lang="en" source="ibm">circle</contenuImg>
            <contenuImg CS="0.521" lang="en" source="ibm">phonograph recording disk</contenuImg>
            <fonction source="final">repro/dessin</fonction>
            <fonction source="md">repro/dessin</fonction>
            <tech source="final">imp photoméca</tech>
            <tech source="md">imp photoméca</tech>
            <genre source="hm" time="2021-01-11T19:21:31.905+01:00">publicité</genre>
            <genre source="final">publicité</genre>
          </ill>
        </ills>
      </page>
      <page hauteurPx="5009" largeurPx="3669" ordre="63">
        <nbMot>11</nbMot>
        <blocTexte>2</blocTexte>
        <blocTab>0</blocTab>
        <blocPub>1</blocPub>
        <blocIll ocr="1">1</blocIll>
        <ills>
          <ill classif="CCyolo CCibm" couleur="gris" h="3929" n="63-1" pub="1" taille="6" w="3389" x="155" y="167">
            <contenuImg CS="0.574" lang="fr" source="ibm">rideau</contenuImg>
            <contenuImg CS="0.576" lang="fr" source="ibm">écran</contenuImg>
            <contenuImg CS="0.576" lang="fr" source="ibm">revêtement de protection</contenuImg>
            <contenuImg CS="0.539" lang="fr" source="ibm">draperie</contenuImg>
            <contenuImg CS="0.542" lang="fr" source="ibm">tissu</contenuImg>
            <contenuImg CS="0.5" lang="fr" source="ibm">chambre</contenuImg>
            <contenuImg CS="0.5" lang="fr" source="ibm">pièce</contenuImg>
            <contenuImg CS="0.597" lang="fr" source="ibm">toilette</contenuImg>
            <contenuImg CS="0.729" coul="1" lang="fr" source="ibm">gris</contenuImg>
            <contenuImg CS="0.729" coul="1" lang="en" source="ibm">gray color</contenuImg>
            <contenuImg CS="0.597" lang="en" source="ibm">toiletry</contenuImg>
            <contenuImg CS="0.5" lang="en" source="ibm">room</contenuImg>
            <contenuImg CS="0.5" lang="en" source="ibm">bedroom</contenuImg>
            <contenuImg CS="0.542" lang="en" source="ibm">fabric</contenuImg>
            <contenuImg CS="0.539" lang="en" source="ibm">drapery</contenuImg>
            <contenuImg CS="0.576" lang="en" source="ibm">protective covering</contenuImg>
            <contenuImg CS="0.576" lang="en" source="ibm">screen</contenuImg>
            <contenuImg CS="0.574" lang="en" source="ibm">curtain</contenuImg>
            <contenuImg CS="0.54" h="1740" lang="fr" source="yolo" w="1313" x="993" y="2103">bouteille</contenuImg>
            <contenuImg x="1" CS="0.54" h="3770" lang="fr" source="yolo" w="3526" y="110">personne</contenuImg>
            <contenuImg x="1" CS="0.54" h="3770" lang="en" source="yolo" w="3526" y="110">person</contenuImg>
            <contenuImg CS="0.54" h="1740" lang="en" source="yolo" w="1313" x="993" y="2103">bottle</contenuImg>
            <genre source="final">publicité</genre>
            <genre source="md">publicité</genre>
            <fonction source="final">repro/photo</fonction>
            <tech source="final">imp photoméca</tech>
            <fonction CS="0.72" source="TensorFlow">repro/photo</fonction>
            <tech CS="1" source="md">imp photoméca</tech>
            <leg>[   * I t ~/MitrMr~ PARIS J</leg>
            <txt>Ier Juin 53 Ier Juin 53</txt>
          </ill>
        </ills>
      </page>
      <page hauteurPx="5053" largeurPx="3561" ordre="64">
        <nbMot>1459</nbMot>
        <blocTexte>32</blocTexte>
        <blocTab>0</blocTab>
        <blocPub>8</blocPub>
        <blocIll ocr="2">3</blocIll>
        <ills>
          <ill classif="CCibm" couleur="gris" edit="1" h="445" n="64-1" pub="1" taille="0" w="475" x="294" y="1220">
            <contenuImg CS="0.842" lang="fr" source="ibm">pièce</contenuImg>
            <contenuImg CS="0.966" lang="fr" source="ibm">tissu</contenuImg>
            <contenuImg CS="0.821" lang="fr" source="ibm">écusson d'épaule</contenuImg>
            <contenuImg CS="0.5" lang="fr" source="ibm">brassard</contenuImg>
            <contenuImg CS="0.501" lang="fr" source="ibm">assiette</contenuImg>
            <contenuImg CS="0.51" lang="fr" source="ibm">bouclier</contenuImg>
            <contenuImg CS="0.51" lang="fr" source="ibm">revêtement de protection</contenuImg>
            <contenuImg CS="0.793" coul="1" lang="fr" source="ibm">vert olive</contenuImg>
            <contenuImg CS="0.662" coul="1" lang="fr" source="ibm">charbon (couleur)</contenuImg>
            <contenuImg CS="0.662" coul="1" lang="en" source="ibm">charcoal color</contenuImg>
            <contenuImg CS="0.793" coul="1" lang="en" source="ibm">olive green color</contenuImg>
            <contenuImg CS="0.51" lang="en" source="ibm">protective covering</contenuImg>
            <contenuImg CS="0.51" lang="en" source="ibm">shield</contenuImg>
            <contenuImg CS="0.501" lang="en" source="ibm">plate</contenuImg>
            <contenuImg CS="0.5" lang="en" source="ibm">brassard (armour)</contenuImg>
            <contenuImg CS="0.821" lang="en" source="ibm">shoulder patch</contenuImg>
            <contenuImg CS="0.966" lang="en" source="ibm">fabric</contenuImg>
            <contenuImg CS="0.842" lang="en" source="ibm">patch</contenuImg>
            <fonction source="final">repro/dessin</fonction>
            <tech source="final">imp photoméca</tech>
            <fonction CS="0.89" source="TensorFlow">repro/dessin</fonction>
            <tech CS="1" source="md">imp photoméca</tech>
            <leg>SIÈGE SOCIAL : Lyon, 14/16, Rue Tronchet MAISONS DE VENTE : Paris, 119, Rue Réaumur Tél. : Centr. 33-18 — Louvre 41-59 Londres, 33, Old Change New-York, 72-94 Madison Av. (Ne vendent pas à la clientèle particulière.) V E ,,.. f ç</leg>
            <txt>DESCOURS   GENTHON Soieries Société Anonyme au Capital de 6.000.000 de francs G Fabricants de Mousselines, Crêpes Tissus Nouveautés Façonnés et Imprimés 54 FOC UE</txt>
            <genre source="hm" time="2020-11-01T12:36:36.908+01:00">publicité</genre>
            <genre source="final">publicité</genre>
          </ill>
          <ill classif="CCyolo CCibm" couleur="gris" h="1045" n="64-2" pub="1" taille="0" w="582" x="162" y="2517">
            <contenuImg CS="0.957" lang="fr" source="ibm">salle d'étude</contenuImg>
            <contenuImg CS="0.5" lang="fr" source="ibm">stylo et encre</contenuImg>
            <contenuImg CS="0.986" coul="1" lang="fr" source="ibm">gris</contenuImg>
            <contenuImg CS="0.986" coul="1" lang="en" source="ibm">gray color</contenuImg>
            <contenuImg CS="0.5" lang="en" source="ibm">pen-and-ink</contenuImg>
            <contenuImg CS="0.957" lang="en" source="ibm">study</contenuImg>
            <contenuImg CS="0.32" h="1020" lang="fr" source="yolo" w="570" x="0" y="23">brosse à dents</contenuImg>
            <contenuImg CS="0.32" h="1020" lang="en" source="yolo" w="570" x="0" y="23">toothbrush</contenuImg>
            <genre source="final">publicité</genre>
            <genre source="md">publicité</genre>
            <fonction source="final">repro/dessin</fonction>
            <tech source="final">imp photoméca</tech>
            <fonction CS="0.95" source="TensorFlow">repro/dessin</fonction>
            <tech CS="1" source="md">imp photoméca</tech>
            <leg>TOUTE JOLIE FEMME PEUT AVOIR JAMBE SVELTE : CHEVILLE FINE O en portant 1 heure par jour : en portant 1 heure par jour la Bande en Caoutchouc radio-actif: spéciale pour amincir la cheville 5 CRÉATION DU a DOCTEUR MONTEIL : HYCIÉNISTE-SPÉCIALISTE : 8 et 10, PASSAGE CHOISEUL : PARIS-OPERA.</leg>
            <txt>RIGAUD 16, Rue de la Paix, V E ,,.. f ç</txt>
          </ill>
          <ill classif="CCibm CCyolo" couleur="gris" edit="1" h="2235" n="64-3" pub="1" seg="1" source="hm" time="2021-01-11T19:21:38.712+01:00" w="811" x="989" y="240">
            <contenuImg CS="0.781" lang="fr" source="ibm">personne</contenuImg>
            <contenuImg CS="0.828" lang="fr" source="ibm">journal de classe</contenuImg>
            <contenuImg CS="0.839" lang="fr" source="ibm">journal</contenuImg>
            <contenuImg CS="0.839" lang="fr" source="ibm">média</contenuImg>
            <contenuImg CS="0.686" lang="fr" source="ibm">couverture de livre</contenuImg>
            <contenuImg CS="0.686" lang="fr" source="ibm">emballage</contenuImg>
            <contenuImg CS="0.801" lang="fr" source="ibm">presse écrite</contenuImg>
            <contenuImg CS="0.855" coul="1" lang="fr" source="ibm">noir</contenuImg>
            <contenuImg CS="0.583" coul="1" lang="fr" source="ibm">albâtre</contenuImg>
            <contenuImg CS="0.42" h="1103" lang="fr" source="yolo" w="683" x="73" y="616">personne</contenuImg>
            <contenuImg CS="0.42" h="1103" lang="en" source="yolo" w="683" x="73" y="616">person</contenuImg>
            <contenuImg CS="0.583" coul="1" lang="en" source="ibm">alabaster color</contenuImg>
            <contenuImg CS="0.855" coul="1" lang="en" source="ibm">black color</contenuImg>
            <contenuImg CS="0.801" lang="en" source="ibm">print media</contenuImg>
            <contenuImg CS="0.686" lang="en" source="ibm">wrapping</contenuImg>
            <contenuImg CS="0.686" lang="en" source="ibm">book jacket</contenuImg>
            <contenuImg CS="0.839" lang="en" source="ibm">medium</contenuImg>
            <contenuImg CS="0.839" lang="en" source="ibm">newspaper</contenuImg>
            <contenuImg CS="0.828" lang="en" source="ibm">school newspaper</contenuImg>
            <contenuImg CS="0.781" lang="en" source="ibm">person</contenuImg>
            <fonction source="final">repro/dessin</fonction>
            <fonction source="md">repro/dessin</fonction>
            <tech source="final">imp photoméca</tech>
            <tech source="md">imp photoméca</tech>
            <genre source="hm" time="2021-01-11T19:21:58.286+01:00">publicité</genre>
            <genre source="final">publicité</genre>
          </ill>
        </ills>
      </page>
      <page hauteurPx="5009" largeurPx="3669" ordre="65">
        <nbMot>21</nbMot>
        <blocTexte>3</blocTexte>
        <blocTab>0</blocTab>
        <blocPub>2</blocPub>
        <blocIll ocr="1">2</blocIll>
        <ills>
          <ill classif="CCyolo CCibm" couleur="gris" h="2303" n="65-1" pub="1" taille="3" w="3470" x="105" y="2532">
            <contenuImg CS="0.918" lang="fr" source="ibm">boulangerie</contenuImg>
            <contenuImg CS="0.918" lang="fr" source="ibm">boutique</contenuImg>
            <contenuImg CS="0.918" lang="fr" source="ibm">magasin de détail</contenuImg>
            <contenuImg CS="0.918" lang="fr" source="ibm">bâtiment</contenuImg>
            <contenuImg CS="0.922" coul="1" lang="fr" source="ibm">ivoire (couleur)</contenuImg>
            <contenuImg CS="0.735" coul="1" lang="fr" source="ibm">albâtre</contenuImg>
            <contenuImg CS="0.735" coul="1" lang="en" source="ibm">alabaster color</contenuImg>
            <contenuImg CS="0.922" coul="1" lang="en" source="ibm">ivory color</contenuImg>
            <contenuImg CS="0.918" lang="en" source="ibm">building</contenuImg>
            <contenuImg CS="0.918" lang="en" source="ibm">retail store</contenuImg>
            <contenuImg CS="0.918" lang="en" source="ibm">shop</contenuImg>
            <contenuImg CS="0.918" lang="en" source="ibm">bakery</contenuImg>
            <contenuImg CS="0.70" h="710" lang="fr" source="yolo" w="1510" x="380" y="1316">bol</contenuImg>
            <contenuImg CS="0.70" h="710" lang="en" source="yolo" w="1510" x="380" y="1316">bowl</contenuImg>
            <genre source="final">publicité</genre>
            <genre source="md">publicité</genre>
            <fonction source="final">repro/texte</fonction>
            <tech source="final">imp photoméca</tech>
            <fonction CS="0.33" source="TensorFlow">repro/texte</fonction>
            <tech CS="1" source="md">imp photoméca</tech>
            <txt>LeTepIYER JE~ AZURÉA PARIS. POMPEIA 3 E FLORAMYE GERBERA  3 P • Essences • Poudres Savons. Lotions.</txt>
          </ill>
          <ill classif="CCibm CCyolo" couleur="gris" edit="1" h="2199" n="65-2" pub="1" seg="1" source="hm" time="2021-01-11T19:22:02.621+01:00" w="3265" x="193" y="258">
            <txt source="google">". - Essences · Poudres · Savons · Lotions. - L-T PIVER - AZURÉA - FLORAMYE - GERBERA - PARIS - POMPEIA - os - ",</txt>
            <contenuImg CS="0.618" lang="fr" source="ibm">linogravure</contenuImg>
            <contenuImg CS="0.549" lang="fr" source="ibm">roue à pignon</contenuImg>
            <contenuImg CS="0.549" lang="fr" source="ibm">roue</contenuImg>
            <contenuImg CS="0.549" lang="fr" source="ibm">machine</contenuImg>
            <contenuImg CS="0.55" lang="fr" source="ibm">dispositif mécanique</contenuImg>
            <contenuImg CS="0.5" lang="fr" source="ibm">musée (intérieur)</contenuImg>
            <contenuImg CS="0.6" lang="fr" source="ibm">tissu</contenuImg>
            <contenuImg CS="0.844" coul="1" lang="fr" source="ibm">noir</contenuImg>
            <contenuImg CS="0.774" coul="1" lang="fr" source="ibm">noir charbon</contenuImg>
            <contenuImg y="1" CS="0.63" h="2283" lang="fr" source="yolo" w="3080" x="90">montre</contenuImg>
            <contenuImg y="1" CS="0.63" h="2283" lang="en" source="yolo" w="3080" x="90">clock</contenuImg>
            <contenuImg CS="0.774" coul="1" lang="en" source="ibm">coal black color</contenuImg>
            <contenuImg CS="0.844" coul="1" lang="en" source="ibm">black color</contenuImg>
            <contenuImg CS="0.6" lang="en" source="ibm">fabric</contenuImg>
            <contenuImg CS="0.5" lang="en" source="ibm">Museum (Indoor)</contenuImg>
            <contenuImg CS="0.55" lang="en" source="ibm">mechanical device</contenuImg>
            <contenuImg CS="0.549" lang="en" source="ibm">machine</contenuImg>
            <contenuImg CS="0.549" lang="en" source="ibm">wheel</contenuImg>
            <contenuImg CS="0.549" lang="en" source="ibm">sprocket wheel</contenuImg>
            <contenuImg CS="0.618" lang="en" source="ibm">linocut design</contenuImg>
            <fonction source="final">repro/dessin</fonction>
            <fonction source="md">repro/dessin</fonction>
            <tech source="final">imp photoméca</tech>
            <tech source="md">imp photoméca</tech>
            <genre source="hm" time="2021-01-11T19:22:19.292+01:00">publicité</genre>
            <genre source="final">publicité</genre>
          </ill>
        </ills>
      </page>
      <page hauteurPx="5085" largeurPx="3623" ordre="66">
        <nbMot>2006</nbMot>
        <blocTexte>31</blocTexte>
        <blocTab>0</blocTab>
        <blocPub>2</blocPub>
        <blocIll ocr="1">2</blocIll>
        <ills>
          <ill classif="CCyolo CCibm" couleur="gris" edit="1" h="851" n="66-1" pub="1" taille="0" w="666" x="693" y="1352">
            <contenuImg CS="0.5" lang="fr" source="ibm">suffragette</contenuImg>
            <contenuImg CS="0.614" lang="fr" source="ibm">pointe d'argent</contenuImg>
            <contenuImg CS="0.553" lang="fr" source="ibm">portrait</contenuImg>
            <contenuImg CS="0.553" lang="fr" source="ibm">personnes</contenuImg>
            <contenuImg CS="0.738" lang="fr" source="ibm">personne</contenuImg>
            <contenuImg CS="0.588" lang="fr" source="ibm">micro-organisme</contenuImg>
            <contenuImg CS="0.914" coul="1" lang="fr" source="ibm">gris cendré</contenuImg>
            <contenuImg CS="0.763" coul="1" lang="fr" source="ibm">gris</contenuImg>
            <contenuImg CS="0.763" coul="1" lang="en" source="ibm">gray color</contenuImg>
            <contenuImg CS="0.914" coul="1" lang="en" source="ibm">ash grey color</contenuImg>
            <contenuImg CS="0.588" lang="en" source="ibm">microorganism</contenuImg>
            <contenuImg CS="0.5" lang="en" source="ibm">women's voting rights activist</contenuImg>
            <contenuImg CS="0.738" lang="en" source="ibm">person</contenuImg>
            <contenuImg CS="0.553" lang="en" source="ibm">people</contenuImg>
            <contenuImg CS="0.553" lang="en" source="ibm">portrait</contenuImg>
            <contenuImg CS="0.614" lang="en" source="ibm">silverpoint</contenuImg>
            <contenuImg CS="0.41" h="746" lang="fr" source="yolo" w="476" x="83" y="93">personne</contenuImg>
            <contenuImg CS="0.41" h="746" lang="en" source="yolo" w="476" x="83" y="93">person</contenuImg>
            <fonction source="final">repro/photo</fonction>
            <tech source="final">imp photoméca</tech>
            <fonction CS="0.84" source="TensorFlow">repro/photo</fonction>
            <tech CS="1" source="md">imp photoméca</tech>
            <leg>Mil Renée Deville dont le teint est reconnu comme étant le plus parfait au monde. Elle se sert de K iiia ei le recommande comme le produit le plus remarquable qu il soit.</leg>
            <txt>Avec chaque flacon de Kijja, vous recevrez à titre gracieux une curieuse et remarquable brochure intitulée « Comment vous Embellir et vous Rajeunir en même temps. -L Art et le Secret de Séduire tels que les employa Cléopâtre, la plus grande Enchanteresse de tous temps n. Si vous désirez lire cette trochure avant d essayer Kijja, elle vous sera remise gracieusement et sur simple demande dans toutes les bonnes parfumeries et pharmacies ou Lien envoyez un timbre de 25 centimes, à Tckalon, 7, rue Auber, Département 92 A de Paris et un exemplaire de la brochure vous sera adressé gratis et franco sous enveloppe fermée sans en-tête. frappante dès la première application de Kijja.</txt>
            <genre source="hm" time="2020-11-01T12:36:21.947+01:00">publicité</genre>
            <genre source="final">publicité</genre>
          </ill>
          <ill classif="CCibm CCyolo" couleur="gris" edit="1" h="1087" n="66-2" pub="1" seg="1" source="hm" time="2021-01-11T19:22:24.14+01:00" w="1298" x="374" y="3236">
            <txt source="google">"\"STUDIO\" \"ANSCO\"KODAK\" \"GAUMONT - ORRAY 4X67 - Pour DEBUTANTS - GlX99X12 - Prix depuis 55 frs - \"PLAIT' - LE VEST POCKET \"ANSCO\" | LEVEST POCKET \"KODAK\" LES STEREOSPIDOS 6x13 - For 4X6A Mooert Bois Gaine Prix depuis 1400 Ft - Prix depuis 11 0rs Prix depuis 100 frs Moodle METALLIQUE Prix depuis 525 - VERASCOPE RICHARD - FORMAT - 45x107 - FORMAT OX - FOLDINGS 672294 9x12 - Prix depuis 110 frs. - \"PLATOS - LE JUNIOR \"ANSCO\" LES BROWNIES PLIANTS KODAK\" - Poenars 6x9-67x!) - 8719 - Prix depuis 140 frs Prix depuis 140 frs. Prix depuis 475 frs - LONTOSCOPE - FORMATS 45 x 107 kr 6x13 - FORMAS 6Y2x9 T 9x12 - LEVEST POCKET ANSCO \"DE LUXE LESKODAK\"JUNIORS - Prix depuis 255 frs - Prix depuis 240 frs - FORMATS 6x9 7 6 Vax 11 - Prix depuis 125 frs. - Prix depuis 1260 frs - ",</txt>
            <contenuImg CS="0.991" lang="fr" source="ibm">timbre papier</contenuImg>
            <contenuImg CS="0.991" lang="fr" source="ibm">document écrit</contenuImg>
            <contenuImg CS="0.783" lang="fr" source="ibm">presse écrite</contenuImg>
            <contenuImg CS="0.672" coul="1" lang="fr" source="ibm">vert olive</contenuImg>
            <contenuImg CS="0.32" h="190" lang="fr" source="yolo" w="80" x="820" y="76">téléphone mobile</contenuImg>
            <contenuImg CS="0.32" h="190" lang="en" source="yolo" w="80" x="820" y="76">cell phone</contenuImg>
            <contenuImg CS="0.672" coul="1" lang="en" source="ibm">olive green color</contenuImg>
            <contenuImg CS="0.783" lang="en" source="ibm">print media</contenuImg>
            <contenuImg CS="0.991" lang="en" source="ibm">written document</contenuImg>
            <contenuImg CS="0.991" lang="en" source="ibm">paper-based stamps/currency</contenuImg>
            <fonction source="final">repro/dessin</fonction>
            <fonction source="md">repro/dessin</fonction>
            <tech source="final">imp photoméca</tech>
            <tech source="md">imp photoméca</tech>
            <genre source="hm" time="2021-01-11T19:22:39.118+01:00">publicité</genre>
            <genre source="final">publicité</genre>
          </ill>
        </ills>
      </page>
      <page hauteurPx="5059" largeurPx="3705" ordre="67">
        <nbMot>0</nbMot>
        <blocTexte>0</blocTexte>
        <blocTab>0</blocTab>
        <blocPub>0</blocPub>
        <blocIll ocr="1">1</blocIll>
        <ills>
          <ill classif="CCibm" couleur="gris" edit="1" h="4414" n="67-1" pub="1" taille="6" w="3404" x="75" y="300">
            <txt source="google">"Créne Gergette - friène Romain - Crére forrigan - Créés et fabriquos - exclusivement par: - 12 BIANCHINL FERIER - 0= 240is Avenue de Opéra - Lektais Gabus pour - ps Rotes adultes - Exigez les - devotre Couturière - ",</txt>
            <contenuImg CS="0.851" lang="fr" source="ibm">gazette</contenuImg>
            <contenuImg CS="0.868" lang="fr" source="ibm">journal</contenuImg>
            <contenuImg CS="0.868" lang="fr" source="ibm">média</contenuImg>
            <contenuImg CS="0.801" lang="fr" source="ibm">presse écrite</contenuImg>
            <contenuImg CS="0.79" lang="fr" source="ibm">tissu</contenuImg>
            <contenuImg CS="1" coul="1" lang="fr" source="ibm">gris</contenuImg>
            <contenuImg CS="1" coul="1" lang="en" source="ibm">gray color</contenuImg>
            <contenuImg CS="0.79" lang="en" source="ibm">fabric</contenuImg>
            <contenuImg CS="0.801" lang="en" source="ibm">print media</contenuImg>
            <contenuImg CS="0.868" lang="en" source="ibm">medium</contenuImg>
            <contenuImg CS="0.868" lang="en" source="ibm">newspaper</contenuImg>
            <contenuImg CS="0.851" lang="en" source="ibm">gazette</contenuImg>
            <fonction source="final">repro/texte</fonction>
            <tech source="final">imp photoméca</tech>
            <fonction CS="0.91" source="TensorFlow">repro/texte</fonction>
            <tech CS="1" source="md">imp photoméca</tech>
            <genre source="hm" time="2020-11-01T12:36:25.809+01:00">publicité</genre>
            <genre source="final">publicité</genre>
          </ill>
        </ills>
      </page>
      <page hauteurPx="5077" largeurPx="3661" ordre="68">
        <nbMot>20</nbMot>
        <blocTexte>1</blocTexte>
        <blocTab>0</blocTab>
        <blocPub>0</blocPub>
        <blocIll ocr="1">1</blocIll>
        <ills>
          <ill classif="CCyolo CCibm" couleur="gris" edit="1" h="4586" n="68-1" pub="1" taille="7" w="3353" x="207" y="226">
            <contenuImg CS="0.67" lang="fr" source="ibm">blason</contenuImg>
            <contenuImg CS="0.67" lang="fr" source="ibm">arbre</contenuImg>
            <contenuImg CS="0.67" lang="fr" source="ibm">silhouette</contenuImg>
            <contenuImg CS="0.516" lang="fr" source="ibm">châtelaine (chaîne)</contenuImg>
            <contenuImg CS="0.5" lang="fr" source="ibm">lavallière</contenuImg>
            <contenuImg CS="0.6" lang="fr" source="ibm">connecteur électrique</contenuImg>
            <contenuImg CS="0.939" coul="1" lang="fr" source="ibm">gris</contenuImg>
            <contenuImg CS="0.939" coul="1" lang="en" source="ibm">gray color</contenuImg>
            <contenuImg CS="0.6" lang="en" source="ibm">electrical connector</contenuImg>
            <contenuImg CS="0.5" lang="en" source="ibm">lavaliere (jewelled pendent)</contenuImg>
            <contenuImg CS="0.516" lang="en" source="ibm">chatelaine (chain)</contenuImg>
            <contenuImg CS="0.67" lang="en" source="ibm">figure</contenuImg>
            <contenuImg CS="0.67" lang="en" source="ibm">tree</contenuImg>
            <contenuImg CS="0.67" lang="en" source="ibm">stemma</contenuImg>
            <contenuImg CS="0.48" h="740" lang="fr" source="yolo" w="1956" x="756" y="366">moto</contenuImg>
            <contenuImg CS="0.48" h="740" lang="en" source="yolo" w="1956" x="756" y="366">motorbike</contenuImg>
            <fonction source="final">repro/dessin</fonction>
            <tech source="final">imp photoméca</tech>
            <fonction CS="0.57" source="TensorFlow">repro/dessin</fonction>
            <tech CS="1" source="md">imp photoméca</tech>
            <txt>Le Gérant CHARLES GUÉRIN. , Le Gérant : CHARLEs GUÉRIN. G, de MALHERBEet Cie, Imp., 12, Passage des Favorites, Paris. Le Gérant CHARLES GUÉRIN. , Le Gérant : CHARLEs GUÉRIN. G, de MALHERBEet Cie, Imp., 12, Passage des Favorites, Paris.</txt>
            <genre source="hm" time="2020-11-01T12:36:13.283+01:00">publicité</genre>
            <genre source="final">publicité</genre>
          </ill>
        </ills>
      </page>
      <page hauteurPx="5045" largeurPx="3691" ordre="69">
        <nbMot>0</nbMot>
        <blocTexte>0</blocTexte>
        <blocTab>0</blocTab>
        <blocPub>0</blocPub>
        <blocIll ocr="0">0</blocIll>
      </page>
      <page hauteurPx="5045" largeurPx="3621" ordre="70">
        <nbMot>0</nbMot>
        <blocTexte>0</blocTexte>
        <blocTab>0</blocTab>
        <blocPub>0</blocPub>
        <blocIll ocr="0">0</blocIll>
      </page>
      <page hauteurPx="5051" largeurPx="3723" ordre="71">
        <nbMot>0</nbMot>
        <blocTexte>0</blocTexte>
        <blocTab>0</blocTab>
        <blocPub>0</blocPub>
        <blocIll ocr="0">0</blocIll>
      </page>
      <page hauteurPx="5123" largeurPx="3705" ordre="72">
        <nbMot>0</nbMot>
        <blocTexte>0</blocTexte>
        <blocTab>0</blocTab>
        <blocPub>0</blocPub>
        <blocIll ocr="0">0</blocIll>
      </page>
      <page hauteurPx="5025" largeurPx="3709" ordre="73">
        <nbMot>0</nbMot>
        <blocTexte>0</blocTexte>
        <blocTab>0</blocTab>
        <blocPub>0</blocPub>
        <blocIll ocr="0">0</blocIll>
      </page>
      <page hauteurPx="5069" largeurPx="3637" ordre="74">
        <nbMot>0</nbMot>
        <blocTexte>0</blocTexte>
        <blocTab>0</blocTab>
        <blocPub>0</blocPub>
        <blocIll ocr="0">0</blocIll>
      </page>
      <page hauteurPx="5045" largeurPx="3541" ordre="75">
        <nbMot>0</nbMot>
        <blocTexte>0</blocTexte>
        <blocTab>0</blocTab>
        <blocPub>0</blocPub>
        <blocIll ocr="0">0</blocIll>
      </page>
      <page hauteurPx="5053" largeurPx="3617" ordre="76">
        <nbMot>0</nbMot>
        <blocTexte>0</blocTexte>
        <blocTab>0</blocTab>
        <blocPub>0</blocPub>
        <blocIll ocr="0">0</blocIll>
      </page>
      <page hauteurPx="5109" largeurPx="3869" ordre="77">
        <nbMot>0</nbMot>
        <blocTexte>0</blocTexte>
        <blocTab>0</blocTab>
        <blocPub>0</blocPub>
        <blocIll ocr="0">0</blocIll>
      </page>
      <page hauteurPx="5205" largeurPx="3933" ordre="78">
        <nbMot>0</nbMot>
        <blocTexte>0</blocTexte>
        <blocTab>0</blocTab>
        <blocPub>0</blocPub>
        <blocIll ocr="0">0</blocIll>
      </page>
    </pages>
  </contenus>
</analyseAlto>