<analyseAlto>
  <metad>
    <type>R</type>
    <ID>bpt6k65388259</ID>
    <notice>cb343833568</notice>
    <titre>Vogue 1926/02/01 (Volume 7, Numéro 2)</titre>
    <dateEdition>1926-02-01</dateEdition>
    <lang>fre</lang>
    <source>BnF</source>
    <nbPage>86</nbPage>
  </metad>
  <contenus>
    <largeur>157</largeur>
    <hauteur>217</hauteur>
    <largeurPx>3725</largeurPx>
    <hauteurPx>5143</hauteurPx>
    <pages>
      <page hauteurPx="5143" largeurPx="3725" ordre="1">
        <nbMot>30</nbMot>
        <blocTexte>1</blocTexte>
        <blocTab>0</blocTab>
        <blocPub>0</blocPub>
        <blocIll ocr="1">1</blocIll>
        <ills/>
      </page>
      <page hauteurPx="5063" largeurPx="3783" ordre="2">
        <nbMot>48</nbMot>
        <blocTexte>10</blocTexte>
        <blocTab>0</blocTab>
        <blocPub>0</blocPub>
        <blocIll ocr="2">2</blocIll>
        <ills>
          <ill classif="CCibm" couleur="gris" edit="1" h="660" n="2-1" pub="1" taille="0" w="3077" x="330" y="375">
            <contenuImg CS="0.979" lang="fr" source="ibm">stylo et encre</contenuImg>
            <contenuImg CS="0.5" lang="fr" source="ibm">salle d'étude</contenuImg>
            <contenuImg CS="0.968" coul="1" lang="fr" source="ibm">gris</contenuImg>
            <contenuImg CS="0.968" coul="1" lang="en" source="ibm">gray color</contenuImg>
            <contenuImg CS="0.5" lang="en" source="ibm">study</contenuImg>
            <contenuImg CS="0.979" lang="en" source="ibm">pen-and-ink</contenuImg>
            <fonction source="final">repro/dessin</fonction>
            <tech source="final">imp photoméca</tech>
            <fonction CS="0.95" source="TensorFlow">repro/dessin</fonction>
            <tech CS="1" source="md">imp photoméca</tech>
            <leg>OEM 1926 APRÈS AVOIR AU COURS DE L ANNÉE BATTU 91 RECORDS DELAGE TRIOMPHE DANS DEUX GRANDS PRIX</leg>
            <genre source="hm" time="2020-11-01T16:36:58.122+01:00">publicité</genre>
            <genre source="final">publicité</genre>
          </ill>
          <ill classif="CCyolo CCibm" couleur="gris" edit="1" h="1178" n="2-2" pub="1" taille="1" w="3175" x="277" y="3307">
            <contenuImg CS="0.739" lang="fr" source="ibm">stylo et encre</contenuImg>
            <contenuImg CS="0.5" lang="fr" source="ibm">salle d'étude</contenuImg>
            <contenuImg CS="0.594" lang="fr" source="ibm">plante</contenuImg>
            <contenuImg CS="0.921" coul="1" lang="fr" source="ibm">sauge</contenuImg>
            <contenuImg CS="0.921" coul="1" lang="en" source="ibm">sage green color</contenuImg>
            <contenuImg CS="0.594" lang="en" source="ibm">plant</contenuImg>
            <contenuImg CS="0.5" lang="en" source="ibm">study</contenuImg>
            <contenuImg CS="0.739" lang="en" source="ibm">pen-and-ink</contenuImg>
            <contenuImg CS="0.35" h="590" lang="fr" source="yolo" w="870" x="1150" y="13">camion</contenuImg>
            <contenuImg CS="0.35" h="590" lang="en" source="yolo" w="870" x="1150" y="13">truck</contenuImg>
            <fonction source="final">repro/dessin</fonction>
            <tech source="final">imp photoméca</tech>
            <fonction CS="0.89" source="TensorFlow">repro/dessin</fonction>
            <tech CS="1" source="md">imp photoméca</tech>
            <leg>VI 140 ----.; CHAMPS-ÉLYSÉES PARIS 1</leg>
            <txt>PREMIER : DIVO DEUXIÈME : BENOIST TROISIÈME: THOMAS GRAND PRIX D ESPAGNE</txt>
            <genre source="hm" time="2020-11-01T16:36:55.917+01:00">publicité</genre>
            <genre source="final">publicité</genre>
          </ill>
        </ills>
      </page>
      <page hauteurPx="5153" largeurPx="3737" ordre="3">
        <nbMot>766</nbMot>
        <blocTexte>28</blocTexte>
        <blocTab>9</blocTab>
        <blocPub>7</blocPub>
        <blocIll ocr="1">1</blocIll>
        <ills/>
      </page>
      <page hauteurPx="5047" largeurPx="3761" ordre="4">
        <nbMot>142</nbMot>
        <blocTexte>8</blocTexte>
        <blocTab>0</blocTab>
        <blocPub>0</blocPub>
        <blocIll ocr="1">1</blocIll>
        <ills/>
      </page>
      <page hauteurPx="5133" largeurPx="3709" ordre="5">
        <nbMot>357</nbMot>
        <blocTexte>14</blocTexte>
        <blocTab>0</blocTab>
        <blocPub>0</blocPub>
        <blocIll ocr="2">2</blocIll>
        <ills/>
      </page>
      <page hauteurPx="5029" largeurPx="3737" ordre="6">
        <nbMot>288</nbMot>
        <blocTexte>9</blocTexte>
        <blocTab>0</blocTab>
        <blocPub>0</blocPub>
        <blocIll ocr="1">1</blocIll>
        <ills/>
      </page>
      <page hauteurPx="5131" largeurPx="3707" ordre="7">
        <nbMot>317</nbMot>
        <blocTexte>7</blocTexte>
        <blocTab>0</blocTab>
        <blocPub>0</blocPub>
        <blocIll ocr="1">1</blocIll>
        <ills/>
      </page>
      <page hauteurPx="5099" largeurPx="3831" ordre="8">
        <nbMot>145</nbMot>
        <blocTexte>9</blocTexte>
        <blocTab>0</blocTab>
        <blocPub>0</blocPub>
        <blocIll ocr="1">1</blocIll>
        <ills/>
      </page>
      <page hauteurPx="5143" largeurPx="3725" ordre="9">
        <nbMot>324</nbMot>
        <blocTexte>13</blocTexte>
        <blocTab>0</blocTab>
        <blocPub>0</blocPub>
        <blocIll ocr="1">1</blocIll>
        <ills/>
      </page>
      <page hauteurPx="5097" largeurPx="3831" ordre="10">
        <nbMot>120</nbMot>
        <blocTexte>5</blocTexte>
        <blocTab>0</blocTab>
        <blocPub>0</blocPub>
        <blocIll ocr="3">3</blocIll>
        <ills>
          <ill classif="CCyolo CCibm" couleur="gris" h="2940" n="10-3" pub="1" taille="1" w="1036" x="2538" y="1711">
            <contenuImg CS="0.5" lang="fr" source="ibm">robe à clapet</contenuImg>
            <contenuImg CS="0.523" lang="fr" source="ibm">vêtements gris</contenuImg>
            <contenuImg CS="0.514" lang="fr" source="ibm">robe</contenuImg>
            <contenuImg CS="0.509" lang="fr" source="ibm">stylo et encre</contenuImg>
            <contenuImg CS="0.71" lang="fr" source="ibm">personne</contenuImg>
            <contenuImg CS="0.601" lang="fr" source="ibm">vêtements</contenuImg>
            <contenuImg CS="0.596" lang="fr" source="ibm">tissu</contenuImg>
            <contenuImg CS="0.925" coul="1" lang="fr" source="ibm">gris</contenuImg>
            <contenuImg CS="0.743" coul="1" lang="fr" source="ibm">gris cendré</contenuImg>
            <contenuImg CS="0.743" coul="1" lang="en" source="ibm">ash grey color</contenuImg>
            <contenuImg CS="0.925" coul="1" lang="en" source="ibm">gray color</contenuImg>
            <contenuImg CS="0.596" lang="en" source="ibm">fabric</contenuImg>
            <contenuImg CS="0.601" lang="en" source="ibm">clothing</contenuImg>
            <contenuImg CS="0.71" lang="en" source="ibm">person</contenuImg>
            <contenuImg CS="0.5" lang="en" source="ibm">person in flapper dress</contenuImg>
            <contenuImg CS="0.509" lang="en" source="ibm">pen-and-ink</contenuImg>
            <contenuImg CS="0.514" lang="en" source="ibm">dress</contenuImg>
            <contenuImg CS="0.523" lang="en" source="ibm">grey clothing</contenuImg>
            <contenuImg CS="0.67" h="2803" lang="fr" source="yolo" w="963" x="16" y="93">personne</contenuImg>
            <contenuImg CS="0.67" h="2803" lang="en" source="yolo" w="963" x="16" y="93">person</contenuImg>
            <genre source="final">publicité</genre>
            <genre source="md">publicité</genre>
            <fonction source="final">repro/dessin</fonction>
            <tech source="final">imp photoméca</tech>
            <fonction CS="0.96" source="TensorFlow">repro/dessin</fonction>
            <tech CS="1" source="md">imp photoméca</tech>
            <txt>pré fente un modèle en tuffor dJartreuse brodé de fils d or où sont mis en relief : la persistance de la blouse sweater éijjarpe flottante — le col roulé le jumper sans mandes la jupe ample. o remarque sur ce modèle de Vionnet en crêpe bois de rofe : la coupe compliquée du jabot le corfage blousant au-deffus des hanses moulées •—■ la silhouette droite et ample le travail de jours.</txt>
          </ill>
        </ills>
      </page>
      <page hauteurPx="5101" largeurPx="3665" ordre="11">
        <nbMot>119</nbMot>
        <blocTexte>5</blocTexte>
        <blocTab>0</blocTab>
        <blocPub>0</blocPub>
        <blocIll ocr="3">3</blocIll>
        <ills/>
      </page>
      <page hauteurPx="5095" largeurPx="3821" ordre="12">
        <nbMot>128</nbMot>
        <blocTexte>5</blocTexte>
        <blocTab>0</blocTab>
        <blocPub>0</blocPub>
        <blocIll ocr="3">3</blocIll>
        <ills/>
      </page>
      <page hauteurPx="5141" largeurPx="3719" ordre="13">
        <nbMot>131</nbMot>
        <blocTexte>4</blocTexte>
        <blocTab>0</blocTab>
        <blocPub>0</blocPub>
        <blocIll ocr="3">3</blocIll>
        <ills/>
      </page>
      <page hauteurPx="5225" largeurPx="3955" ordre="14">
        <nbMot>115</nbMot>
        <blocTexte>5</blocTexte>
        <blocTab>0</blocTab>
        <blocPub>0</blocPub>
        <blocIll ocr="3">3</blocIll>
        <ills/>
      </page>
      <page hauteurPx="5125" largeurPx="3697" ordre="15">
        <nbMot>122</nbMot>
        <blocTexte>4</blocTexte>
        <blocTab>0</blocTab>
        <blocPub>0</blocPub>
        <blocIll ocr="3">3</blocIll>
        <ills/>
      </page>
      <page hauteurPx="5085" largeurPx="3825" ordre="16">
        <nbMot>147</nbMot>
        <blocTexte>7</blocTexte>
        <blocTab>0</blocTab>
        <blocPub>0</blocPub>
        <blocIll ocr="1">1</blocIll>
        <ills/>
      </page>
      <page hauteurPx="5101" largeurPx="3665" ordre="17">
        <nbMot>144</nbMot>
        <blocTexte>9</blocTexte>
        <blocTab>0</blocTab>
        <blocPub>0</blocPub>
        <blocIll ocr="1">1</blocIll>
        <ills/>
      </page>
      <page hauteurPx="5037" largeurPx="3761" ordre="18">
        <nbMot>365</nbMot>
        <blocTexte>11</blocTexte>
        <blocTab>0</blocTab>
        <blocPub>0</blocPub>
        <blocIll ocr="2">2</blocIll>
        <ills/>
      </page>
      <page hauteurPx="5145" largeurPx="3727" ordre="19">
        <nbMot>175</nbMot>
        <blocTexte>7</blocTexte>
        <blocTab>0</blocTab>
        <blocPub>0</blocPub>
        <blocIll ocr="1">1</blocIll>
        <ills/>
      </page>
      <page hauteurPx="5037" largeurPx="3759" ordre="20">
        <nbMot>89</nbMot>
        <blocTexte>6</blocTexte>
        <blocTab>0</blocTab>
        <blocPub>0</blocPub>
        <blocIll ocr="1">1</blocIll>
        <ills/>
      </page>
      <page hauteurPx="5117" largeurPx="3687" ordre="21">
        <nbMot>83</nbMot>
        <blocTexte>8</blocTexte>
        <blocTab>0</blocTab>
        <blocPub>0</blocPub>
        <blocIll ocr="1">1</blocIll>
        <ills/>
      </page>
      <page hauteurPx="5095" largeurPx="3841" ordre="22">
        <nbMot>11</nbMot>
        <blocTexte>2</blocTexte>
        <blocTab>0</blocTab>
        <blocPub>0</blocPub>
        <blocIll ocr="2">2</blocIll>
        <ills/>
      </page>
      <page hauteurPx="5161" largeurPx="3747" ordre="23">
        <nbMot>5</nbMot>
        <blocTexte>2</blocTexte>
        <blocTab>0</blocTab>
        <blocPub>0</blocPub>
        <blocIll ocr="2">2</blocIll>
        <ills/>
      </page>
      <page hauteurPx="5013" largeurPx="3729" ordre="24">
        <nbMot>17</nbMot>
        <blocTexte>3</blocTexte>
        <blocTab>0</blocTab>
        <blocPub>0</blocPub>
        <blocIll ocr="1">1</blocIll>
        <ills/>
      </page>
      <page hauteurPx="5125" largeurPx="3699" ordre="25">
        <nbMot>350</nbMot>
        <blocTexte>14</blocTexte>
        <blocTab>0</blocTab>
        <blocPub>0</blocPub>
        <blocIll ocr="1">1</blocIll>
        <ills/>
      </page>
      <page hauteurPx="5055" largeurPx="3853" ordre="26">
        <nbMot>470</nbMot>
        <blocTexte>10</blocTexte>
        <blocTab>0</blocTab>
        <blocPub>0</blocPub>
        <blocIll ocr="2">2</blocIll>
        <ills/>
      </page>
      <page hauteurPx="5135" largeurPx="3713" ordre="27">
        <nbMot>439</nbMot>
        <blocTexte>12</blocTexte>
        <blocTab>0</blocTab>
        <blocPub>0</blocPub>
        <blocIll ocr="2">2</blocIll>
        <ills/>
      </page>
      <page hauteurPx="5013" largeurPx="3797" ordre="28">
        <nbMot>3</nbMot>
        <blocTexte>1</blocTexte>
        <blocTab>0</blocTab>
        <blocPub>0</blocPub>
        <blocIll ocr="1">1</blocIll>
        <ills/>
      </page>
      <page hauteurPx="5125" largeurPx="3697" ordre="29">
        <nbMot>3</nbMot>
        <blocTexte>1</blocTexte>
        <blocTab>0</blocTab>
        <blocPub>0</blocPub>
        <blocIll ocr="1">1</blocIll>
        <ills/>
      </page>
      <page hauteurPx="5013" largeurPx="3797" ordre="30">
        <nbMot>55</nbMot>
        <blocTexte>4</blocTexte>
        <blocTab>0</blocTab>
        <blocPub>0</blocPub>
        <blocIll ocr="1">1</blocIll>
        <ills/>
      </page>
      <page hauteurPx="5179" largeurPx="3773" ordre="31">
        <nbMot>767</nbMot>
        <blocTexte>20</blocTexte>
        <blocTab>0</blocTab>
        <blocPub>0</blocPub>
        <blocIll ocr="1">1</blocIll>
        <ills/>
      </page>
      <page hauteurPx="5013" largeurPx="3797" ordre="32">
        <nbMot>374</nbMot>
        <blocTexte>22</blocTexte>
        <blocTab>0</blocTab>
        <blocPub>0</blocPub>
        <blocIll ocr="4">4</blocIll>
        <ills/>
      </page>
      <page hauteurPx="5129" largeurPx="3703" ordre="33">
        <nbMot>576</nbMot>
        <blocTexte>14</blocTexte>
        <blocTab>0</blocTab>
        <blocPub>0</blocPub>
        <blocIll ocr="1">1</blocIll>
        <ills/>
      </page>
      <page hauteurPx="5013" largeurPx="3761" ordre="34">
        <nbMot>144</nbMot>
        <blocTexte>5</blocTexte>
        <blocTab>0</blocTab>
        <blocPub>0</blocPub>
        <blocIll ocr="2">2</blocIll>
        <ills/>
      </page>
      <page hauteurPx="5115" largeurPx="3683" ordre="35">
        <nbMot>280</nbMot>
        <blocTexte>11</blocTexte>
        <blocTab>0</blocTab>
        <blocPub>0</blocPub>
        <blocIll ocr="1">1</blocIll>
        <ills/>
      </page>
      <page hauteurPx="5053" largeurPx="3813" ordre="36">
        <nbMot>159</nbMot>
        <blocTexte>6</blocTexte>
        <blocTab>0</blocTab>
        <blocPub>0</blocPub>
        <blocIll ocr="1">1</blocIll>
        <ills/>
      </page>
      <page hauteurPx="5155" largeurPx="3739" ordre="37">
        <nbMot>467</nbMot>
        <blocTexte>12</blocTexte>
        <blocTab>0</blocTab>
        <blocPub>0</blocPub>
        <blocIll ocr="2">2</blocIll>
        <ills/>
      </page>
      <page hauteurPx="5065" largeurPx="3829" ordre="38">
        <nbMot>110</nbMot>
        <blocTexte>6</blocTexte>
        <blocTab>0</blocTab>
        <blocPub>0</blocPub>
        <blocIll ocr="3">3</blocIll>
        <ills/>
      </page>
      <page hauteurPx="5137" largeurPx="3717" ordre="39">
        <nbMot>945</nbMot>
        <blocTexte>17</blocTexte>
        <blocTab>0</blocTab>
        <blocPub>0</blocPub>
        <blocIll ocr="1">1</blocIll>
        <ills/>
      </page>
      <page hauteurPx="5085" largeurPx="3857" ordre="40">
        <nbMot>215</nbMot>
        <blocTexte>5</blocTexte>
        <blocTab>0</blocTab>
        <blocPub>0</blocPub>
        <blocIll ocr="1">1</blocIll>
        <ills/>
      </page>
      <page hauteurPx="5121" largeurPx="3691" ordre="41">
        <nbMot>535</nbMot>
        <blocTexte>16</blocTexte>
        <blocTab>0</blocTab>
        <blocPub>0</blocPub>
        <blocIll ocr="1">1</blocIll>
        <ills/>
      </page>
      <page hauteurPx="5043" largeurPx="3801" ordre="42">
        <nbMot>118</nbMot>
        <blocTexte>12</blocTexte>
        <blocTab>0</blocTab>
        <blocPub>0</blocPub>
        <blocIll ocr="4">4</blocIll>
        <ills/>
      </page>
      <page hauteurPx="5123" largeurPx="3695" ordre="43">
        <nbMot>131</nbMot>
        <blocTexte>11</blocTexte>
        <blocTab>0</blocTab>
        <blocPub>0</blocPub>
        <blocIll ocr="1">1</blocIll>
        <ills/>
      </page>
      <page hauteurPx="5025" largeurPx="3777" ordre="44">
        <nbMot>188</nbMot>
        <blocTexte>10</blocTexte>
        <blocTab>0</blocTab>
        <blocPub>0</blocPub>
        <blocIll ocr="2">2</blocIll>
        <ills/>
      </page>
      <page hauteurPx="5127" largeurPx="3701" ordre="45">
        <nbMot>178</nbMot>
        <blocTexte>9</blocTexte>
        <blocTab>0</blocTab>
        <blocPub>0</blocPub>
        <blocIll ocr="2">2</blocIll>
        <ills/>
      </page>
      <page hauteurPx="5031" largeurPx="3785" ordre="46">
        <nbMot>185</nbMot>
        <blocTexte>12</blocTexte>
        <blocTab>0</blocTab>
        <blocPub>0</blocPub>
        <blocIll ocr="1">1</blocIll>
        <ills/>
      </page>
      <page hauteurPx="5123" largeurPx="3695" ordre="47">
        <nbMot>8565</nbMot>
        <blocTexte>63</blocTexte>
        <blocTab>0</blocTab>
        <blocPub>59</blocPub>
        <blocIll ocr="0">0</blocIll>
      </page>
      <page hauteurPx="5115" largeurPx="3897" ordre="48">
        <nbMot>158</nbMot>
        <blocTexte>12</blocTexte>
        <blocTab>0</blocTab>
        <blocPub>11</blocPub>
        <blocIll ocr="0">0</blocIll>
      </page>
      <page hauteurPx="5143" largeurPx="3763" ordre="49">
        <nbMot>184</nbMot>
        <blocTexte>5</blocTexte>
        <blocTab>0</blocTab>
        <blocPub>4</blocPub>
        <blocIll ocr="0">0</blocIll>
      </page>
      <page hauteurPx="5047" largeurPx="3807" ordre="50">
        <nbMot>110</nbMot>
        <blocTexte>12</blocTexte>
        <blocTab>0</blocTab>
        <blocPub>11</blocPub>
        <blocIll ocr="0">0</blocIll>
      </page>
      <page hauteurPx="5145" largeurPx="3765" ordre="51">
        <nbMot>613</nbMot>
        <blocTexte>22</blocTexte>
        <blocTab>0</blocTab>
        <blocPub>0</blocPub>
        <blocIll ocr="1">1</blocIll>
        <ills/>
      </page>
      <page hauteurPx="5035" largeurPx="3791" ordre="52">
        <nbMot>1334</nbMot>
        <blocTexte>35</blocTexte>
        <blocTab>0</blocTab>
        <blocPub>8</blocPub>
        <blocIll ocr="1">1</blocIll>
        <ills>
          <ill classif="CCibm" couleur="gris" h="969" n="52-1" pub="1" taille="0" w="873" x="776" y="3707">
            <contenuImg CS="0.93" lang="fr" source="ibm">personnes</contenuImg>
            <contenuImg CS="0.93" lang="fr" source="ibm">personne</contenuImg>
            <contenuImg CS="0.964" coul="1" lang="fr" source="ibm">émeraude (couleur)</contenuImg>
            <contenuImg CS="0.964" coul="1" lang="en" source="ibm">emerald color</contenuImg>
            <contenuImg CS="0.93" lang="en" source="ibm">person</contenuImg>
            <contenuImg CS="0.93" lang="en" source="ibm">people</contenuImg>
            <genre source="final">publicité</genre>
            <genre source="md">publicité</genre>
            <fonction source="final">repro/dessin</fonction>
            <tech source="final">imp photoméca</tech>
            <fonction CS="1.00" source="TensorFlow">repro/dessin</fonction>
            <tech CS="1" source="md">imp photoméca</tech>
            <leg>S VOTRE VOITURE POUR 1926 VOTRE VOITURE POUR. 1926 (Suite de la page 25) I : Une voiture automobile est un ensemble mécanique, qui doit être conçu pour obtenir de ce moyen de locomotion le meilleur rendement, c est-à-dire, pour une moindre dépense, une vitesse plus grande et un confort maximum. Certains constructeurs, Voisin, Bugatti, en France, quelques autres à l étranger, Font compris et ont créé des véhicules dont la forme fût établie suivant les lois de la cinématique et de l aérodynamique.</leg>
            <txt>MILAN, 74, Foro Bonaparte MADAME X 13, Rue Taitbout PARIS — Rayon 8 V.</txt>
          </ill>
        </ills>
      </page>
      <page hauteurPx="5163" largeurPx="3791" ordre="53">
        <nbMot>411</nbMot>
        <blocTexte>9</blocTexte>
        <blocTab>0</blocTab>
        <blocPub>8</blocPub>
        <blocIll ocr="0">0</blocIll>
      </page>
      <page hauteurPx="5059" largeurPx="3787" ordre="54">
        <nbMot>956</nbMot>
        <blocTexte>19</blocTexte>
        <blocTab>0</blocTab>
        <blocPub>2</blocPub>
        <blocIll ocr="0">0</blocIll>
      </page>
      <page hauteurPx="5137" largeurPx="3755" ordre="55">
        <nbMot>49</nbMot>
        <blocTexte>6</blocTexte>
        <blocTab>0</blocTab>
        <blocPub>5</blocPub>
        <blocIll ocr="0">0</blocIll>
      </page>
      <page hauteurPx="5073" largeurPx="3803" ordre="56">
        <nbMot>566</nbMot>
        <blocTexte>47</blocTexte>
        <blocTab>0</blocTab>
        <blocPub>4</blocPub>
        <blocIll ocr="1">1</blocIll>
        <ills>
          <ill classif="CCyolo CCibm" couleur="gris" h="2713" n="56-1" pub="1" taille="1" w="1030" x="623" y="548">
            <contenuImg CS="0.5" lang="fr" source="ibm">pied-de-poule (tissu)</contenuImg>
            <contenuImg CS="0.613" lang="fr" source="ibm">surcot</contenuImg>
            <contenuImg CS="0.828" lang="fr" source="ibm">survêtement</contenuImg>
            <contenuImg CS="0.831" lang="fr" source="ibm">vêtement</contenuImg>
            <contenuImg CS="0.567" lang="fr" source="ibm">tunique</contenuImg>
            <contenuImg CS="0.567" lang="fr" source="ibm">manteau</contenuImg>
            <contenuImg CS="0.523" lang="fr" source="ibm">redingote</contenuImg>
            <contenuImg CS="0.801" lang="fr" source="ibm">vêtements</contenuImg>
            <contenuImg CS="0.696" coul="1" lang="fr" source="ibm">sauge</contenuImg>
            <contenuImg CS="0.696" coul="1" lang="en" source="ibm">sage green color</contenuImg>
            <contenuImg CS="0.801" lang="en" source="ibm">clothing</contenuImg>
            <contenuImg CS="0.5" lang="en" source="ibm">houndstooth check</contenuImg>
            <contenuImg CS="0.523" lang="en" source="ibm">frock coat</contenuImg>
            <contenuImg CS="0.567" lang="en" source="ibm">cloak</contenuImg>
            <contenuImg CS="0.567" lang="en" source="ibm">tunic</contenuImg>
            <contenuImg CS="0.831" lang="en" source="ibm">garment</contenuImg>
            <contenuImg CS="0.828" lang="en" source="ibm">overgarment</contenuImg>
            <contenuImg CS="0.718" lang="en" source="ibm">coat</contenuImg>
            <contenuImg CS="0.613" lang="en" source="ibm">surcoat</contenuImg>
            <contenuImg CS="0.94" h="2580" lang="fr" source="yolo" w="936" x="26" y="36">personne</contenuImg>
            <contenuImg CS="0.94" h="2580" lang="en" source="yolo" w="936" x="26" y="36">person</contenuImg>
            <genre source="final">publicité</genre>
            <genre source="md">publicité</genre>
            <fonction source="final">repro/dessin</fonction>
            <tech source="final">imp photoméca</tech>
            <fonction CS="0.70" source="TensorFlow">repro/dessin</fonction>
            <tech CS="1" source="md">imp photoméca</tech>
            <leg>ROXANE manteau tricot de soie mastic, brodé camaïeu bleu, garni fourrure ALIX LEBRETON 27, rue de 15, rue de Marignan Turin CANNES — BIARRITZ</leg>
            <txt>54 VOGUE 54 VOGUE</txt>
          </ill>
        </ills>
      </page>
      <page hauteurPx="5183" largeurPx="3817" ordre="57">
        <nbMot>141</nbMot>
        <blocTexte>7</blocTexte>
        <blocTab>0</blocTab>
        <blocPub>0</blocPub>
        <blocIll ocr="1">1</blocIll>
        <ills/>
      </page>
      <page hauteurPx="5097" largeurPx="3837" ordre="58">
        <nbMot>334</nbMot>
        <blocTexte>18</blocTexte>
        <blocTab>0</blocTab>
        <blocPub>6</blocPub>
        <blocIll ocr="2">2</blocIll>
        <ills/>
      </page>
      <page hauteurPx="5243" largeurPx="3901" ordre="59">
        <nbMot>4</nbMot>
        <blocTexte>2</blocTexte>
        <blocTab>0</blocTab>
        <blocPub>0</blocPub>
        <blocIll ocr="1">1</blocIll>
        <ills/>
      </page>
      <page hauteurPx="5093" largeurPx="3831" ordre="60">
        <nbMot>366</nbMot>
        <blocTexte>16</blocTexte>
        <blocTab>0</blocTab>
        <blocPub>0</blocPub>
        <blocIll ocr="6">5</blocIll>
        <ills/>
      </page>
      <page hauteurPx="5159" largeurPx="3787" ordre="61">
        <nbMot>28</nbMot>
        <blocTexte>5</blocTexte>
        <blocTab>0</blocTab>
        <blocPub>4</blocPub>
        <blocIll ocr="1">1</blocIll>
        <ills>
          <ill classif="CCibm" couleur="gris" h="1314" n="61-1" pub="1" taille="0" w="1025" x="1377" y="642">
            <contenuImg CS="0.722" lang="fr" source="ibm">bandana</contenuImg>
            <contenuImg CS="0.722" lang="fr" source="ibm">tissu</contenuImg>
            <contenuImg CS="0.601" lang="fr" source="ibm">linogravure</contenuImg>
            <contenuImg CS="0.585" lang="fr" source="ibm">cravate</contenuImg>
            <contenuImg CS="0.734" lang="fr" source="ibm">vêtement</contenuImg>
            <contenuImg CS="0.5" lang="fr" source="ibm">shorts</contenuImg>
            <contenuImg CS="0.507" lang="fr" source="ibm">caleçon</contenuImg>
            <contenuImg CS="0.507" lang="fr" source="ibm">sous-vêtement</contenuImg>
            <contenuImg CS="0.6" lang="fr" source="ibm">vêtements</contenuImg>
            <contenuImg CS="0.891" coul="1" lang="fr" source="ibm">gris</contenuImg>
            <contenuImg CS="0.816" coul="1" lang="fr" source="ibm">gris cendré</contenuImg>
            <contenuImg CS="0.816" coul="1" lang="en" source="ibm">ash grey color</contenuImg>
            <contenuImg CS="0.891" coul="1" lang="en" source="ibm">gray color</contenuImg>
            <contenuImg CS="0.6" lang="en" source="ibm">clothing</contenuImg>
            <contenuImg CS="0.507" lang="en" source="ibm">undergarment</contenuImg>
            <contenuImg CS="0.507" lang="en" source="ibm">underpants</contenuImg>
            <contenuImg CS="0.5" lang="en" source="ibm">shorts</contenuImg>
            <contenuImg CS="0.734" lang="en" source="ibm">garment</contenuImg>
            <contenuImg CS="0.585" lang="en" source="ibm">neckwear</contenuImg>
            <contenuImg CS="0.551" lang="en" source="ibm">necktie</contenuImg>
            <contenuImg CS="0.601" lang="en" source="ibm">linocut design</contenuImg>
            <contenuImg CS="0.722" lang="en" source="ibm">fabric</contenuImg>
            <contenuImg CS="0.722" lang="en" source="ibm">bandanna</contenuImg>
            <genre source="final">publicité</genre>
            <genre source="md">publicité</genre>
            <fonction source="final">repro/dessin</fonction>
            <tech source="final">imp photoméca</tech>
            <fonction CS="0.95" source="TensorFlow">repro/dessin</fonction>
            <tech CS="1" source="md">imp photoméca</tech>
            <leg>77 Champs -Elysées Paris Palais de marbre meubles et Objets d art Décoration Galerie de Tableaux Création de mercier frères 100. Fq santoine Paris</leg>
            <txt>je r Février 59 je r Février 59</txt>
          </ill>
        </ills>
      </page>
      <page hauteurPx="5067" largeurPx="3795" ordre="62">
        <nbMot>1163</nbMot>
        <blocTexte>30</blocTexte>
        <blocTab>0</blocTab>
        <blocPub>3</blocPub>
        <blocIll ocr="1">1</blocIll>
        <ills>
          <ill classif="CCyolo CCibm" couleur="gris" h="3701" n="62-1" pub="1" taille="2" w="1695" x="195" y="247">
            <contenuImg CS="0.903" lang="fr" source="ibm">musée (intérieur)</contenuImg>
            <contenuImg CS="0.78" lang="fr" source="ibm">presse écrite</contenuImg>
            <contenuImg CS="0.799" lang="fr" source="ibm">pièce</contenuImg>
            <contenuImg CS="0.954" coul="1" lang="fr" source="ibm">gris</contenuImg>
            <contenuImg CS="0.652" coul="1" lang="fr" source="ibm">gris cendré</contenuImg>
            <contenuImg CS="0.652" coul="1" lang="en" source="ibm">ash grey color</contenuImg>
            <contenuImg CS="0.954" coul="1" lang="en" source="ibm">gray color</contenuImg>
            <contenuImg CS="0.799" lang="en" source="ibm">room</contenuImg>
            <contenuImg CS="0.78" lang="en" source="ibm">print media</contenuImg>
            <contenuImg CS="0.903" lang="en" source="ibm">Museum (Indoor)</contenuImg>
            <contenuImg CS="0.98" h="1480" lang="fr" source="yolo" w="766" x="496" y="246">personne</contenuImg>
            <contenuImg CS="0.98" h="1480" lang="en" source="yolo" w="766" x="496" y="246">person</contenuImg>
            <contenuImg CS="0.99" h="1603" lang="en" source="yolo" w="703" x="626" y="2006">person</contenuImg>
            <genre source="final">publicité</genre>
            <genre source="md">publicité</genre>
            <fonction source="final">repro/photo</fonction>
            <tech source="final">imp photoméca</tech>
            <fonction CS="0.99" source="TensorFlow">repro/photo</fonction>
            <tech CS="1" source="md">imp photoméca</tech>
            <leg>L allure dégagée de Mlle Yvon ne Vallée, la gracieuse artiste qui triomphe actuellement à Paris, est mise en valeur par la jupe brevetée d</leg>
            <txt>6o VOGUE 6o VOGUE</txt>
          </ill>
        </ills>
      </page>
      <page hauteurPx="5139" largeurPx="3757" ordre="63">
        <nbMot>36</nbMot>
        <blocTexte>3</blocTexte>
        <blocTab>0</blocTab>
        <blocPub>2</blocPub>
        <blocIll ocr="0">0</blocIll>
      </page>
      <page hauteurPx="5079" largeurPx="3813" ordre="64">
        <nbMot>955</nbMot>
        <blocTexte>33</blocTexte>
        <blocTab>0</blocTab>
        <blocPub>5</blocPub>
        <blocIll ocr="1">1</blocIll>
        <ills>
          <ill classif="CCibm" couleur="gris" h="549" n="64-1" pub="1" taille="0" w="910" x="601" y="1542">
            <contenuImg CS="0.542" lang="fr" source="ibm">tangram (puzzle chinois)</contenuImg>
            <contenuImg CS="0.825" lang="fr" source="ibm">personne</contenuImg>
            <contenuImg CS="0.5" lang="fr" source="ibm">triangle obtus</contenuImg>
            <contenuImg CS="0.612" lang="fr" source="ibm">triangle</contenuImg>
            <contenuImg CS="0.612" lang="fr" source="ibm">polygone</contenuImg>
            <contenuImg CS="0.612" lang="fr" source="ibm">silhouette</contenuImg>
            <contenuImg CS="0.797" lang="fr" source="ibm">drapeau</contenuImg>
            <contenuImg CS="0.798" lang="fr" source="ibm">vêtements</contenuImg>
            <contenuImg CS="0.795" lang="fr" source="ibm">tissu</contenuImg>
            <contenuImg CS="0.974" coul="1" lang="fr" source="ibm">noir</contenuImg>
            <contenuImg CS="0.974" coul="1" lang="en" source="ibm">black color</contenuImg>
            <contenuImg CS="0.795" lang="en" source="ibm">fabric</contenuImg>
            <contenuImg CS="0.798" lang="en" source="ibm">clothing</contenuImg>
            <contenuImg CS="0.797" lang="en" source="ibm">flag</contenuImg>
            <contenuImg CS="0.612" lang="en" source="ibm">figure</contenuImg>
            <contenuImg CS="0.612" lang="en" source="ibm">polygon</contenuImg>
            <contenuImg CS="0.612" lang="en" source="ibm">triangle</contenuImg>
            <contenuImg CS="0.5" lang="en" source="ibm">obtuse triangle</contenuImg>
            <contenuImg CS="0.542" lang="en" source="ibm">tangram (chinese puzzle)</contenuImg>
            <contenuImg CS="0.825" lang="en" source="ibm">person</contenuImg>
            <genre source="final">publicité</genre>
            <genre source="md">publicité</genre>
            <fonction source="final">repro/dessin</fonction>
            <tech source="final">imp photoméca</tech>
            <fonction CS="0.94" source="TensorFlow">repro/dessin</fonction>
            <tech CS="1" source="md">imp photoméca</tech>
            <leg>Illile.. Mtl-UI N 7 5« fg saiiit-lionoré paris Lettre. — Monsieur le Directeur. Le numéro de mon abonnement à Vogue, suivant reçu du est. Je vous prie de me faire indiquer s il existe un ou des ouvrages, catalogues, etc.. contenant une description technique ou historique, avec, si possible, des photographies ou gravures des broderies et dentelles contenues d ans les collections du Musée de Cluny. Dans l affirmative.</leg>
          </ill>
        </ills>
      </page>
      <page hauteurPx="5169" largeurPx="3799" ordre="65">
        <nbMot>167</nbMot>
        <blocTexte>6</blocTexte>
        <blocTab>0</blocTab>
        <blocPub>5</blocPub>
        <blocIll ocr="0">0</blocIll>
      </page>
      <page hauteurPx="5041" largeurPx="3761" ordre="66">
        <nbMot>230</nbMot>
        <blocTexte>11</blocTexte>
        <blocTab>0</blocTab>
        <blocPub>3</blocPub>
        <blocIll ocr="2">2</blocIll>
        <ills/>
      </page>
      <page hauteurPx="5139" largeurPx="3757" ordre="67">
        <nbMot>25</nbMot>
        <blocTexte>4</blocTexte>
        <blocTab>0</blocTab>
        <blocPub>0</blocPub>
        <blocIll ocr="1">1</blocIll>
        <ills>
          <ill classif="CCyolo CCibm" couleur="gris" edit="1" h="2436" n="67-1" pub="1" taille="3" w="3086" x="297" y="609">
            <contenuImg CS="0.778" lang="fr" source="ibm">allée</contenuImg>
            <contenuImg CS="0.778" lang="fr" source="ibm">route</contenuImg>
            <contenuImg CS="0.59" lang="fr" source="ibm">cabanon</contenuImg>
            <contenuImg CS="0.59" lang="fr" source="ibm">bâtiment</contenuImg>
            <contenuImg CS="0.557" lang="fr" source="ibm">dépotoir</contenuImg>
            <contenuImg CS="0.5" lang="fr" source="ibm">parking</contenuImg>
            <contenuImg CS="0.58" lang="fr" source="ibm">nature</contenuImg>
            <contenuImg CS="0.584" lang="fr" source="ibm">véhicule</contenuImg>
            <contenuImg CS="0.931" coul="1" lang="fr" source="ibm">gris</contenuImg>
            <contenuImg CS="0.931" coul="1" lang="en" source="ibm">gray color</contenuImg>
            <contenuImg CS="0.584" lang="en" source="ibm">vehicle</contenuImg>
            <contenuImg CS="0.58" lang="en" source="ibm">nature</contenuImg>
            <contenuImg CS="0.5" lang="en" source="ibm">Parking Lot</contenuImg>
            <contenuImg CS="0.557" lang="en" source="ibm">junkyard</contenuImg>
            <contenuImg CS="0.59" lang="en" source="ibm">building</contenuImg>
            <contenuImg CS="0.59" lang="en" source="ibm">shed</contenuImg>
            <contenuImg CS="0.778" lang="en" source="ibm">road</contenuImg>
            <contenuImg CS="0.778" lang="en" source="ibm">driveway</contenuImg>
            <contenuImg CS="0.96" h="906" lang="fr" source="yolo" w="2360" x="273" y="1110">camion</contenuImg>
            <contenuImg CS="0.96" h="906" lang="en" source="yolo" w="2360" x="273" y="1110">truck</contenuImg>
            <fonction source="final">repro/photo</fonction>
            <tech source="final">imp photoméca</tech>
            <fonction CS="0.90" source="TensorFlow">repro/photo</fonction>
            <tech CS="1" source="md">imp photoméca</tech>
            <leg>CONDUITE INTÉRIEURE 6 PLACES VOISIN SUR CHASSIS 18 C.V. TYPE C. 3 LONG AUTOMOBILES VOISIN 63, Champs-Élysées, PARU ÉL YSÉES : 59-38</leg>
            <txt>Ier Février 65 Ier Février 65</txt>
            <genre source="hm" time="2020-11-01T16:37:52.842+01:00">publicité</genre>
            <genre source="final">publicité</genre>
          </ill>
        </ills>
      </page>
      <page hauteurPx="5113" largeurPx="3859" ordre="68">
        <nbMot>331</nbMot>
        <blocTexte>11</blocTexte>
        <blocTab>0</blocTab>
        <blocPub>1</blocPub>
        <blocIll ocr="1">1</blocIll>
        <ills/>
      </page>
      <page hauteurPx="5141" largeurPx="3759" ordre="69">
        <nbMot>26</nbMot>
        <blocTexte>2</blocTexte>
        <blocTab>0</blocTab>
        <blocPub>1</blocPub>
        <blocIll ocr="1">1</blocIll>
        <ills>
          <ill classif="CCyolo CCibm" couleur="gris" h="3222" n="69-1" pub="1" taille="4" w="2846" x="372" y="601">
            <contenuImg CS="0.828" lang="fr" source="ibm">musée (intérieur)</contenuImg>
            <contenuImg CS="0.799" lang="fr" source="ibm">bâtiment</contenuImg>
            <contenuImg CS="0.788" lang="fr" source="ibm">pièce</contenuImg>
            <contenuImg CS="0.906" coul="1" lang="fr" source="ibm">gris</contenuImg>
            <contenuImg CS="0.523" coul="1" lang="fr" source="ibm">noir charbon</contenuImg>
            <contenuImg CS="0.523" coul="1" lang="en" source="ibm">coal black color</contenuImg>
            <contenuImg CS="0.906" coul="1" lang="en" source="ibm">gray color</contenuImg>
            <contenuImg CS="0.788" lang="en" source="ibm">room</contenuImg>
            <contenuImg CS="0.799" lang="en" source="ibm">building</contenuImg>
            <contenuImg CS="0.828" lang="en" source="ibm">Museum (Indoor)</contenuImg>
            <contenuImg CS="0.60" h="113" lang="fr" source="yolo" w="93" x="1570" y="2263">personne</contenuImg>
            <contenuImg CS="0.60" h="113" lang="en" source="yolo" w="93" x="1570" y="2263">person</contenuImg>
            <genre source="final">publicité</genre>
            <genre source="md">publicité</genre>
            <fonction source="final">repro/photo</fonction>
            <tech source="final">imp photoméca</tech>
            <fonction CS="0.72" source="TensorFlow">repro/photo</fonction>
            <tech CS="1" source="md">imp photoméca</tech>
            <leg>C a T e YM A-N -N  ~—  = Lt J ■ r T?~ Qt s^  a rroffertes en Vogue</leg>
            <txt>------------jer Février 67 ------------jer Février 67</txt>
          </ill>
        </ills>
      </page>
      <page hauteurPx="5061" largeurPx="3787" ordre="70">
        <nbMot>241</nbMot>
        <blocTexte>19</blocTexte>
        <blocTab>0</blocTab>
        <blocPub>18</blocPub>
        <blocIll ocr="3">3</blocIll>
        <ills>
          <ill classif="CCibm" couleur="gris" edit="1" h="1260" n="70-1" pub="1" taille="0" w="1305" x="2152" y="382">
            <contenuImg CS="0.675" lang="fr" source="ibm">treille</contenuImg>
            <contenuImg CS="0.675" lang="fr" source="ibm">cadre</contenuImg>
            <contenuImg CS="0.676" lang="fr" source="ibm">structure porteuse</contenuImg>
            <contenuImg CS="0.52" lang="fr" source="ibm">photogravure</contenuImg>
            <contenuImg CS="0.5" lang="fr" source="ibm">salle d'étude</contenuImg>
            <contenuImg CS="0.595" lang="fr" source="ibm">bâtiment</contenuImg>
            <contenuImg CS="0.995" coul="1" lang="fr" source="ibm">gris</contenuImg>
            <contenuImg CS="0.995" coul="1" lang="en" source="ibm">gray color</contenuImg>
            <contenuImg CS="0.595" lang="en" source="ibm">building</contenuImg>
            <contenuImg CS="0.5" lang="en" source="ibm">study</contenuImg>
            <contenuImg CS="0.52" lang="en" source="ibm">photogravure (print)</contenuImg>
            <contenuImg CS="0.676" lang="en" source="ibm">supporting structure</contenuImg>
            <contenuImg CS="0.675" lang="en" source="ibm">framework</contenuImg>
            <contenuImg CS="0.675" lang="en" source="ibm">trellis (supporting structure for planst)</contenuImg>
            <fonction source="final">repro/dessin</fonction>
            <tech source="final">imp photoméca</tech>
            <fonction CS="0.86" source="TensorFlow">repro/dessin</fonction>
            <tech CS="1" source="md">imp photoméca</tech>
            <leg>Situation unique — ■» Renommé dans le inonde entier pour son service impeccable et son confort parfait. THE PLAZA FRED STERRY FIFTH AVENUE AT CENTRAL PARK joHN o. sTt MANAGER NEW YORK MANAGER NEW YORK SI VOUS ALLEZ A BOSTON, DESCENDEZ AU COPLEY PLAZA</leg>
            <txt>CgL RESTAURANT CONTINENTAL 5, FACE AUx TUILERIFS FACE AUX TUILERIES CUISINE RÉPUTÉE Adr cfans* an fuxe dejjrrancf |j IH 20 uiz 1 la HOTEL</txt>
            <genre source="hm" time="2020-11-01T16:37:50.659+01:00">publicité</genre>
            <genre source="final">publicité</genre>
          </ill>
          <ill classif="CCibm" couleur="gris" edit="1" h="1109" n="70-2" pub="1" taille="0" w="900" x="224" y="2549">
            <contenuImg CS="0.894" lang="fr" source="ibm">ruine</contenuImg>
            <contenuImg CS="0.894" lang="fr" source="ibm">bâtiment</contenuImg>
            <contenuImg CS="0.5" lang="fr" source="ibm">guérite</contenuImg>
            <contenuImg CS="0.5" lang="fr" source="ibm">abri</contenuImg>
            <contenuImg CS="0.912" coul="1" lang="fr" source="ibm">gris</contenuImg>
            <contenuImg CS="0.891" coul="1" lang="fr" source="ibm">noir</contenuImg>
            <contenuImg CS="0.891" coul="1" lang="en" source="ibm">black color</contenuImg>
            <contenuImg CS="0.912" coul="1" lang="en" source="ibm">gray color</contenuImg>
            <contenuImg CS="0.5" lang="en" source="ibm">shelter</contenuImg>
            <contenuImg CS="0.5" lang="en" source="ibm">sentry box</contenuImg>
            <contenuImg CS="0.894" lang="en" source="ibm">building</contenuImg>
            <contenuImg CS="0.894" lang="en" source="ibm">ruin</contenuImg>
            <fonction source="final">repro/photo</fonction>
            <tech source="final">imp photoméca</tech>
            <fonction CS="0.72" source="TensorFlow">repro/photo</fonction>
            <tech CS="1" source="md">imp photoméca</tech>
            <leg>ROME EDEN HOTEL Maison de tout premier ordre donnant sur les jardins du fameux Pincio, Villa Médicis et Villa Borghèse. L air pur, le soleil et la tranquillité dans le centre de la Ville Eternelle. PARKER S HOTEL Corso Vittorio Emmanuele — L Hôtel le mieux situé de NAPLES Panorama incomparable de la ville, du Vésuve et de la haie. — Cuisine soignée. Service attentif. — Chambres confortables. — Installation entièrement moderne. — Eau chaude et froide. — Admirable centre d excursion.</leg>
            <txt>Situation unique — ■» Renommé dans le inonde entier pour son service impeccable et son confort parfait. THE PLAZA FRED STERRY FIFTH AVENUE AT CENTRAL PARK joHN o. sTt MANAGER NEW YORK MANAGER NEW YORK SI VOUS ALLEZ A BOSTON, DESCENDEZ AU COPLEY PLAZA CgL RESTAURANT CONTINENTAL 5, FACE AUx TUILERIFS FACE AUX TUILERIES CUISINE RÉPUTÉE Adr cfans* an fuxe dejjrrancf |j IH 20 uiz 1 la</txt>
            <genre source="hm" time="2020-11-01T16:37:55.329+01:00">publicité</genre>
            <genre source="final">publicité</genre>
          </ill>
          <ill classif="CCyolo CCibm" couleur="gris" h="690" n="70-3" pub="1" taille="0" w="1642" x="1177" y="2571">
            <contenuImg CS="0.5" lang="fr" source="ibm">timbre papier</contenuImg>
            <contenuImg CS="0.704" lang="fr" source="ibm">carte</contenuImg>
            <contenuImg CS="0.693" lang="fr" source="ibm">stylo et encre</contenuImg>
            <contenuImg CS="0.569" lang="fr" source="ibm">salle d'étude</contenuImg>
            <contenuImg CS="0.501" lang="fr" source="ibm">document écrit</contenuImg>
            <contenuImg CS="0.587" lang="fr" source="ibm">cellule</contenuImg>
            <contenuImg CS="0.976" coul="1" lang="fr" source="ibm">gris</contenuImg>
            <contenuImg CS="0.976" coul="1" lang="en" source="ibm">gray color</contenuImg>
            <contenuImg CS="0.587" lang="en" source="ibm">cell</contenuImg>
            <contenuImg CS="0.501" lang="en" source="ibm">written document</contenuImg>
            <contenuImg CS="0.5" lang="en" source="ibm">paper-based stamps/currency</contenuImg>
            <contenuImg CS="0.569" lang="en" source="ibm">study</contenuImg>
            <contenuImg CS="0.693" lang="en" source="ibm">pen-and-ink</contenuImg>
            <contenuImg CS="0.704" lang="en" source="ibm">map</contenuImg>
            <contenuImg CS="0.43" h="656" lang="fr" source="yolo" w="1523" x="60" y="26">moniteur</contenuImg>
            <contenuImg CS="0.43" h="656" lang="en" source="yolo" w="1523" x="60" y="26">tvmonitor</contenuImg>
            <genre source="final">publicité</genre>
            <genre source="md">publicité</genre>
            <fonction source="final">repro/dessin</fonction>
            <tech source="final">imp photoméca</tech>
            <fonction CS="0.43" source="TensorFlow">repro/dessin</fonction>
            <tech CS="1" source="md">imp photoméca</tech>
            <leg>PARKER S HOTEL Corso Vittorio Emmanuele — L Hôtel le mieux situé de NAPLES Panorama incomparable de la ville, du Vésuve et de la haie. — Cuisine soignée. Service attentif. — Chambres confortables. — Installation entièrement moderne. — Eau chaude et froide. — Admirable centre d excursion.</leg>
            <txt>L air pur, le soleil et la tranquillité dans le centre de la Ville Eternelle. Maison de tout premier ordre donnant sur les jardins du fameux Pincio, Villa Médicis et Villa Borghèse.</txt>
          </ill>
        </ills>
      </page>
      <page hauteurPx="5147" largeurPx="3767" ordre="71">
        <nbMot>137</nbMot>
        <blocTexte>10</blocTexte>
        <blocTab>0</blocTab>
        <blocPub>9</blocPub>
        <blocIll ocr="0">0</blocIll>
      </page>
      <page hauteurPx="5041" largeurPx="3761" ordre="72">
        <nbMot>1745</nbMot>
        <blocTexte>44</blocTexte>
        <blocTab>0</blocTab>
        <blocPub>19</blocPub>
        <blocIll ocr="1">1</blocIll>
        <ills>
          <ill classif="CCyolo CCibm" couleur="gris" h="455" n="72-1" pub="1" taille="0" w="485" x="470" y="2651">
            <contenuImg CS="0.664" lang="fr" source="ibm">faïence majolique</contenuImg>
            <contenuImg CS="0.666" lang="fr" source="ibm">faïence</contenuImg>
            <contenuImg CS="0.666" lang="fr" source="ibm">ustensile</contenuImg>
            <contenuImg CS="0.582" lang="fr" source="ibm">blason</contenuImg>
            <contenuImg CS="0.582" lang="fr" source="ibm">arbre</contenuImg>
            <contenuImg CS="0.582" lang="fr" source="ibm">silhouette</contenuImg>
            <contenuImg CS="0.5" lang="fr" source="ibm">stylo et encre</contenuImg>
            <contenuImg CS="0.717" coul="1" lang="fr" source="ibm">gris</contenuImg>
            <contenuImg CS="0.669" coul="1" lang="fr" source="ibm">gris cendré</contenuImg>
            <contenuImg CS="0.669" coul="1" lang="en" source="ibm">ash grey color</contenuImg>
            <contenuImg CS="0.717" coul="1" lang="en" source="ibm">gray color</contenuImg>
            <contenuImg CS="0.5" lang="en" source="ibm">pen-and-ink</contenuImg>
            <contenuImg CS="0.582" lang="en" source="ibm">figure</contenuImg>
            <contenuImg CS="0.582" lang="en" source="ibm">tree</contenuImg>
            <contenuImg CS="0.582" lang="en" source="ibm">stemma</contenuImg>
            <contenuImg CS="0.666" lang="en" source="ibm">utensil</contenuImg>
            <contenuImg CS="0.666" lang="en" source="ibm">earthenware</contenuImg>
            <contenuImg CS="0.664" lang="en" source="ibm">majolica earthenware</contenuImg>
            <contenuImg CS="0.59" h="400" lang="fr" source="yolo" w="440" x="20" y="26">montre</contenuImg>
            <contenuImg CS="0.59" h="400" lang="en" source="yolo" w="440" x="20" y="26">clock</contenuImg>
            <genre source="final">publicité</genre>
            <genre source="md">publicité</genre>
            <fonction source="final">repro/dessin</fonction>
            <tech source="final">imp photoméca</tech>
            <fonction CS="0.92" source="TensorFlow">repro/dessin</fonction>
            <tech CS="1" source="md">imp photoméca</tech>
            <leg>HOTEL BRISTOL ROME A first class hotel of world-wide renown. Central, quiet, sunny, ideal for a long stay. 100 bed-rooms with running water. 50 bath-rooms.</leg>
            <txt>VENISE LUCERNE VENISE Hôtel National. Le premier hôtel Royal Danieli. Hôtel de luxe sur de luxe. Tout confort moderne. Situé sur le Grand Canal, à proximité de Saintle lac. Cuisine excellente. Marc, et élégante. Cuisine renommée.</txt>
          </ill>
        </ills>
      </page>
      <page hauteurPx="5137" largeurPx="3753" ordre="73">
        <nbMot>268</nbMot>
        <blocTexte>7</blocTexte>
        <blocTab>0</blocTab>
        <blocPub>6</blocPub>
        <blocIll ocr="1">1</blocIll>
        <ills>
          <ill classif="CCyolo CCibm" couleur="gris" h="2229" n="73-1" pub="1" taille="3" w="3342" x="152" y="312">
            <contenuImg CS="0.86" lang="fr" source="ibm">stylo et encre</contenuImg>
            <contenuImg CS="0.572" lang="fr" source="ibm">salle d'étude</contenuImg>
            <contenuImg CS="0.869" coul="1" lang="fr" source="ibm">gris</contenuImg>
            <contenuImg CS="0.671" coul="1" lang="fr" source="ibm">noir</contenuImg>
            <contenuImg CS="0.671" coul="1" lang="en" source="ibm">black color</contenuImg>
            <contenuImg CS="0.869" coul="1" lang="en" source="ibm">gray color</contenuImg>
            <contenuImg CS="0.572" lang="en" source="ibm">study</contenuImg>
            <contenuImg CS="0.86" lang="en" source="ibm">pen-and-ink</contenuImg>
            <contenuImg CS="0.79" h="2166" lang="fr" source="yolo" w="3083" x="183" y="20">livre</contenuImg>
            <contenuImg CS="0.67" h="240" lang="fr" source="yolo" w="503" x="53" y="1193">vélo</contenuImg>
            <contenuImg CS="0.25" h="313" lang="fr" source="yolo" w="223" x="1800" y="1076">personne</contenuImg>
            <contenuImg CS="0.25" h="313" lang="en" source="yolo" w="223" x="1800" y="1076">person</contenuImg>
            <contenuImg CS="0.37" h="176" lang="en" source="yolo" w="53" x="246" y="993">person</contenuImg>
            <contenuImg CS="0.67" h="240" lang="en" source="yolo" w="503" x="53" y="1193">bicycle</contenuImg>
            <contenuImg CS="0.79" h="2166" lang="en" source="yolo" w="3083" x="183" y="20">book</contenuImg>
            <genre source="final">publicité</genre>
            <genre source="md">publicité</genre>
            <fonction source="final">repro/dessin</fonction>
            <tech source="final">imp photoméca</tech>
            <fonction CS="0.83" source="TensorFlow">repro/dessin</fonction>
            <tech CS="1" source="md">imp photoméca</tech>
            <leg>L hiver aux pays de l Islam et des Ruines Antiques MAROC — ALGÉRIE — TUNISIE   DÉSERT Le billet forfaitaire de la Ste des Voyages et Hôtels Nord-Africains service touristique de la Cie Gle TRANSATLANTIQUE Vous délivre de tous soucis et de tous aléas, parce qu il est celui d une organisation L AFRIQUE DU NORD CENTRALISANT est le pays idéal Les TRAVERSÉES MARITIMES pour passer l hiver. par paquebots confortables et luxueux en cabines de priorité.</leg>
            <txt>Ier Février 71 Ier Février 71</txt>
          </ill>
        </ills>
      </page>
      <page hauteurPx="5057" largeurPx="3781" ordre="74">
        <nbMot>899</nbMot>
        <blocTexte>28</blocTexte>
        <blocTab>1</blocTab>
        <blocPub>6</blocPub>
        <blocIll ocr="2">2</blocIll>
        <ills>
          <ill classif="CCyolo CCibm" couleur="gris" edit="1" h="1483" n="74-1" pub="1" taille="0" w="546" x="344" y="434">
            <contenuImg CS="0.969" lang="fr" source="ibm">entonnoir</contenuImg>
            <contenuImg CS="0.5" lang="fr" source="ibm">fil à plomb</contenuImg>
            <contenuImg CS="0.801" lang="fr" source="ibm">forme ronde</contenuImg>
            <contenuImg CS="0.84" coul="1" lang="fr" source="ibm">ivoire (couleur)</contenuImg>
            <contenuImg CS="0.54" coul="1" lang="fr" source="ibm">gris cendré</contenuImg>
            <contenuImg CS="0.54" coul="1" lang="en" source="ibm">ash grey color</contenuImg>
            <contenuImg CS="0.84" coul="1" lang="en" source="ibm">ivory color</contenuImg>
            <contenuImg CS="0.801" lang="en" source="ibm">round shape</contenuImg>
            <contenuImg CS="0.5" lang="en" source="ibm">plumb bob</contenuImg>
            <contenuImg CS="0.969" lang="en" source="ibm">funnel</contenuImg>
            <contenuImg CS="0.77" h="1423" lang="fr" source="yolo" w="460" x="50" y="23">parapluie</contenuImg>
            <contenuImg CS="0.77" h="1423" lang="en" source="yolo" w="460" x="50" y="23">umbrella</contenuImg>
            <fonction source="final">repro/dessin</fonction>
            <tech source="final">imp photoméca</tech>
            <fonction CS="0.81" source="TensorFlow">repro/dessin</fonction>
            <tech CS="1" source="md">imp photoméca</tech>
            <leg>BBHHB CANNES OMBRELLES PARAPLUIES EN TOUT « CAS BRIGG  SONS 33, Avenue de l Opéra 23, Saint-James Street, PARIS LONDON Tt : L : f LYS E ES 791 2 TÉL. : ELYSÉES 79-12 SUZANNE GLÉ J. PERRAUDIN Sr</leg>
            <txt>72 VOGUE 72 VOGUE</txt>
            <genre source="hm" time="2020-11-01T16:38:09.072+01:00">publicité</genre>
            <genre source="final">publicité</genre>
          </ill>
          <ill classif="CCibm" couleur="gris" h="345" n="74-2" pub="1" taille="0" w="397" x="1250" y="1430">
            <contenuImg CS="0.666" lang="fr" source="ibm">arabesque (ornement)</contenuImg>
            <contenuImg CS="0.5" lang="fr" source="ibm">tissu damassé</contenuImg>
            <contenuImg CS="0.501" lang="fr" source="ibm">tissu</contenuImg>
            <contenuImg CS="0.595" lang="fr" source="ibm">ustensile</contenuImg>
            <contenuImg CS="0.597" lang="fr" source="ibm">micro-organisme</contenuImg>
            <contenuImg CS="0.806" coul="1" lang="fr" source="ibm">gris</contenuImg>
            <contenuImg CS="0.585" coul="1" lang="fr" source="ibm">gris cendré</contenuImg>
            <contenuImg CS="0.585" coul="1" lang="en" source="ibm">ash grey color</contenuImg>
            <contenuImg CS="0.806" coul="1" lang="en" source="ibm">gray color</contenuImg>
            <contenuImg CS="0.597" lang="en" source="ibm">microorganism</contenuImg>
            <contenuImg CS="0.595" lang="en" source="ibm">utensil</contenuImg>
            <contenuImg CS="0.501" lang="en" source="ibm">fabric</contenuImg>
            <contenuImg CS="0.5" lang="en" source="ibm">damask fabric</contenuImg>
            <contenuImg CS="0.666" lang="en" source="ibm">arabesque (ornament)</contenuImg>
            <genre source="final">publicité</genre>
            <genre source="md">publicité</genre>
            <fonction source="final">repro/dessin</fonction>
            <tech source="final">imp photoméca</tech>
            <fonction CS="0.94" source="TensorFlow">repro/dessin</fonction>
            <tech CS="1" source="md">imp photoméca</tech>
            <leg>BRIGG  SONS 33, Avenue de l Opéra 23, Saint-James Street, PARIS LONDON</leg>
            <txt>CANNES OMBRELLES PARAPLUIES EN TOUT « CAS BBHHB</txt>
          </ill>
        </ills>
      </page>
      <page hauteurPx="5167" largeurPx="3797" ordre="75">
        <nbMot>147</nbMot>
        <blocTexte>6</blocTexte>
        <blocTab>0</blocTab>
        <blocPub>5</blocPub>
        <blocIll ocr="0">0</blocIll>
      </page>
      <page hauteurPx="5053" largeurPx="3775" ordre="76">
        <nbMot>987</nbMot>
        <blocTexte>30</blocTexte>
        <blocTab>0</blocTab>
        <blocPub>5</blocPub>
        <blocIll ocr="0">0</blocIll>
      </page>
      <page hauteurPx="5141" largeurPx="3759" ordre="77">
        <nbMot>70</nbMot>
        <blocTexte>5</blocTexte>
        <blocTab>0</blocTab>
        <blocPub>4</blocPub>
        <blocIll ocr="0">0</blocIll>
      </page>
      <page hauteurPx="5041" largeurPx="3761" ordre="78">
        <nbMot>406</nbMot>
        <blocTexte>18</blocTexte>
        <blocTab>0</blocTab>
        <blocPub>17</blocPub>
        <blocIll ocr="0">0</blocIll>
      </page>
      <page hauteurPx="5101" largeurPx="3705" ordre="79">
        <nbMot>162</nbMot>
        <blocTexte>9</blocTexte>
        <blocTab>0</blocTab>
        <blocPub>8</blocPub>
        <blocIll ocr="1">1</blocIll>
        <ills>
          <ill classif="CCyolo CCibm" couleur="gris" h="1534" n="79-1" pub="1" taille="1" w="2193" x="52" y="3181">
            <contenuImg CS="0.893" lang="fr" source="ibm">salle blanche</contenuImg>
            <contenuImg CS="0.893" lang="fr" source="ibm">pièce</contenuImg>
            <contenuImg CS="0.804" coul="1" lang="fr" source="ibm">sauge</contenuImg>
            <contenuImg CS="0.702" coul="1" lang="fr" source="ibm">gris</contenuImg>
            <contenuImg CS="0.702" coul="1" lang="en" source="ibm">gray color</contenuImg>
            <contenuImg CS="0.804" coul="1" lang="en" source="ibm">sage green color</contenuImg>
            <contenuImg CS="0.893" lang="en" source="ibm">room</contenuImg>
            <contenuImg CS="0.893" lang="en" source="ibm">clean room</contenuImg>
            <contenuImg CS="0.53" h="343" lang="fr" source="yolo" w="140" x="1516" y="340">bouteille</contenuImg>
            <contenuImg CS="0.37" h="153" lang="fr" source="yolo" w="106" x="1086" y="550">tasse</contenuImg>
            <contenuImg CS="0.27" h="243" lang="fr" source="yolo" w="123" x="1383" y="456">vase</contenuImg>
            <contenuImg CS="0.27" h="243" lang="en" source="yolo" w="123" x="1383" y="456">vase</contenuImg>
            <contenuImg CS="0.37" h="153" lang="en" source="yolo" w="106" x="1086" y="550">cup</contenuImg>
            <contenuImg CS="0.47" h="163" lang="en" source="yolo" w="106" x="1706" y="596">cup</contenuImg>
            <contenuImg CS="0.53" h="343" lang="en" source="yolo" w="140" x="1516" y="340">bottle</contenuImg>
            <contenuImg CS="0.61" h="156" lang="en" source="yolo" w="106" x="1596" y="550">cup</contenuImg>
            <genre source="final">publicité</genre>
            <genre source="md">publicité</genre>
            <fonction source="final">repro/photo</fonction>
            <tech source="final">imp photoméca</tech>
            <fonction CS="0.91" source="TensorFlow">repro/photo</fonction>
            <tech CS="1" source="md">imp photoméca</tech>
            <leg>P«5t ils lAsubl S : = ôablesr à thé=iS ahl s àj u^=== là apôaax=  S 3?ac/ailL a^ é5 l £  ampadaip 55==S oat ss===== le5 P tite.5 tablas cLéecspaU^ s .</leg>
            <txt>m^s^^sssssmSsssssssssssssssss^sssssssssssssssssssssssssssssssssssssssssssssssssssssssi^^ IHL Jo Ltatoift. e Ppttli CPlC:=2 £Pvie .:o: J   .I1.-i à th « Plats^6oud pts =S ou.s les obf ts util s 3O RUE FEYDEAUJPARXS soup la table SOIERIES VERON   LAJOINIE 30, T^ue du 4~Septembre  PARIS LONDRES, 167, Oxford Street 7, Bd des Capucines BRUXELLES, 81, Rue Jourdan LYON, 6, Rue Royale Gerrard 663 NICE, 20, Avenue Saint-Lambert BORDEAUX,43, R.Ste-Catherine SAN-SEBASTI AN TURIN, 13, Via S. Francesco 8, Pedro Egana Été 1926 Crêpe Gitania Satin Atlantic Crêpe Andalou Adresse Télégraphie: Crêpe Miarka Cent. 44-70^—- eut. 01 -11 resse le egrap lque: repe Jar a Cent. 44-70 Gut. 01-11 VERLAJONEV Crêpe Primevère R. C. Seine 159-738 NE VEND PAS A LA CLIENTÈLE PARTICULIÈRE</txt>
          </ill>
        </ills>
      </page>
      <page hauteurPx="5121" largeurPx="3869" ordre="80">
        <nbMot>202</nbMot>
        <blocTexte>11</blocTexte>
        <blocTab>0</blocTab>
        <blocPub>10</blocPub>
        <blocIll ocr="3">3</blocIll>
        <ills>
          <ill classif="CCibm" couleur="gris" edit="1" h="941" n="80-1" pub="1" taille="0" w="1214" x="477" y="394">
            <contenuImg CS="0.798" lang="fr" source="ibm">personne</contenuImg>
            <contenuImg CS="0.938" lang="fr" source="ibm">pointe d'argent</contenuImg>
            <contenuImg CS="0.5" lang="fr" source="ibm">salle d'étude</contenuImg>
            <contenuImg CS="0.753" coul="1" lang="fr" source="ibm">noir</contenuImg>
            <contenuImg CS="0.558" coul="1" lang="fr" source="ibm">gris cendré</contenuImg>
            <contenuImg CS="0.558" coul="1" lang="en" source="ibm">ash grey color</contenuImg>
            <contenuImg CS="0.753" coul="1" lang="en" source="ibm">black color</contenuImg>
            <contenuImg CS="0.5" lang="en" source="ibm">study</contenuImg>
            <contenuImg CS="0.938" lang="en" source="ibm">silverpoint</contenuImg>
            <contenuImg CS="0.798" lang="en" source="ibm">person</contenuImg>
            <fonction source="final">repro/dessin</fonction>
            <tech source="final">imp photoméca</tech>
            <fonction CS="0.85" source="TensorFlow">repro/dessin</fonction>
            <tech CS="1" source="md">imp photoméca</tech>
            <leg>! Gardez à votre beauté son charme séducteur ! i É VITEZ, Mesdames, la transpiration qui souille vos corsages j : et risque de compromettre vos attraits naturels. Rien de : i plus désagréable à vous-même et aux autres. Employez, pour i j vous en préserver, pour en neutraliser l odeur, l eau de toilette i ODO-RO-110 inoffensive et efficace, antiseptique et d un facile usage. Deux fois par semaine faites à vos dessous de bras, où s intensifie surtout la transpiration, des applications de cette eau merveilleuse, le meilleur préventif contre la transpiration et la moiteur. EAU DE TOILETTE ODO-RO-NO Le Flacon franco contre remboursement ou mandat-poste de 1 7 fr. 50 La Crème ODO-RO-NO invisible et désodorante est recommandée pour les transpirations légères.</leg>
            <txt>---lh 78 VOGUE ---lh 78 VOGUE</txt>
            <genre source="hm" time="2020-11-01T16:37:59.797+01:00">publicité</genre>
            <genre source="final">publicité</genre>
          </ill>
          <ill classif="CCyolo CCibm" couleur="gris" edit="1" h="637" n="80-2" pub="1" taille="0" w="289" x="242" y="1828">
            <contenuImg CS="0.5" lang="fr" source="ibm">verre à brandy</contenuImg>
            <contenuImg CS="0.584" lang="fr" source="ibm">burette (bouteille)</contenuImg>
            <contenuImg CS="0.75" lang="fr" source="ibm">bouteille</contenuImg>
            <contenuImg CS="0.534" lang="fr" source="ibm">cruche</contenuImg>
            <contenuImg CS="0.501" lang="fr" source="ibm">verre à boire</contenuImg>
            <contenuImg CS="0.502" lang="fr" source="ibm">vaisselle</contenuImg>
            <contenuImg CS="0.502" lang="fr" source="ibm">ustensile</contenuImg>
            <contenuImg CS="0.596" lang="fr" source="ibm">boisson</contenuImg>
            <contenuImg CS="0.901" coul="1" lang="fr" source="ibm">vert bouteille</contenuImg>
            <contenuImg CS="0.507" coul="1" lang="fr" source="ibm">gris</contenuImg>
            <contenuImg CS="0.507" coul="1" lang="en" source="ibm">gray color</contenuImg>
            <contenuImg CS="0.901" coul="1" lang="en" source="ibm">bottle green color</contenuImg>
            <contenuImg CS="0.596" lang="en" source="ibm">beverage</contenuImg>
            <contenuImg CS="0.502" lang="en" source="ibm">utensil</contenuImg>
            <contenuImg CS="0.502" lang="en" source="ibm">tableware</contenuImg>
            <contenuImg CS="0.501" lang="en" source="ibm">drinking glass</contenuImg>
            <contenuImg CS="0.5" lang="en" source="ibm">brandy snifter</contenuImg>
            <contenuImg CS="0.534" lang="en" source="ibm">jug</contenuImg>
            <contenuImg CS="0.75" lang="en" source="ibm">bottle</contenuImg>
            <contenuImg CS="0.584" lang="en" source="ibm">cruet (bottle)</contenuImg>
            <contenuImg CS="0.697" lang="en" source="ibm">flagon vessel</contenuImg>
            <contenuImg CS="0.95" h="510" lang="fr" source="yolo" w="196" x="80" y="60">vase</contenuImg>
            <contenuImg CS="0.95" h="510" lang="en" source="yolo" w="196" x="80" y="60">vase</contenuImg>
            <fonction source="final">repro/dessin</fonction>
            <tech source="final">imp photoméca</tech>
            <fonction CS="0.56" source="TensorFlow">repro/dessin</fonction>
            <tech CS="1" source="md">imp photoméca</tech>
            <leg>inoffensive et efficace, antiseptique et d un facile usage. Deux fois par semaine faites à vos dessous de bras, où s intensifie surtout la transpiration, des applications de cette eau merveilleuse, le meilleur préventif contre la transpiration et la moiteur.</leg>
            <txt>i É VITEZ, Mesdames, la transpiration qui souille vos corsages j : et risque de compromettre vos attraits naturels. Rien de : i plus désagréable à vous-même et aux autres. Employez, pour i j vous en préserver, pour en neutraliser l odeur, l eau de toilette i ODO-RO-110 ! Gardez à votre beauté son charme séducteur !</txt>
            <genre source="hm" time="2020-11-01T16:38:06.914+01:00">publicité</genre>
            <genre source="final">publicité</genre>
          </ill>
          <ill classif="CCyolo CCibm" couleur="gris" h="964" n="80-3" pub="1" taille="0" w="1320" x="2207" y="356">
            <contenuImg CS="0.5" lang="fr" source="ibm">tardigrade</contenuImg>
            <contenuImg CS="0.921" lang="fr" source="ibm">komondor (chien)</contenuImg>
            <contenuImg CS="0.922" lang="fr" source="ibm">chien de berger</contenuImg>
            <contenuImg CS="0.922" lang="fr" source="ibm">chien</contenuImg>
            <contenuImg CS="0.922" lang="fr" source="ibm">animal domestique</contenuImg>
            <contenuImg CS="0.948" lang="fr" source="ibm">animal</contenuImg>
            <contenuImg CS="0.5" lang="fr" source="ibm">invertébré</contenuImg>
            <contenuImg CS="0.797" lang="fr" source="ibm">vêtements</contenuImg>
            <contenuImg CS="0.796" lang="fr" source="ibm">tissu</contenuImg>
            <contenuImg CS="0.983" coul="1" lang="fr" source="ibm">gris cendré</contenuImg>
            <contenuImg CS="0.983" coul="1" lang="en" source="ibm">ash grey color</contenuImg>
            <contenuImg CS="0.796" lang="en" source="ibm">fabric</contenuImg>
            <contenuImg CS="0.797" lang="en" source="ibm">clothing</contenuImg>
            <contenuImg CS="0.5" lang="en" source="ibm">invertebrate</contenuImg>
            <contenuImg CS="0.5" lang="en" source="ibm">tardigrade</contenuImg>
            <contenuImg CS="0.948" lang="en" source="ibm">animal</contenuImg>
            <contenuImg CS="0.922" lang="en" source="ibm">domestic animal</contenuImg>
            <contenuImg CS="0.922" lang="en" source="ibm">dog</contenuImg>
            <contenuImg CS="0.922" lang="en" source="ibm">shepherd dog</contenuImg>
            <contenuImg CS="0.921" lang="en" source="ibm">komondor dog</contenuImg>
            <contenuImg CS="0.38" h="930" lang="fr" source="yolo" w="1246" x="33" y="20">personne</contenuImg>
            <contenuImg CS="0.38" h="930" lang="en" source="yolo" w="1246" x="33" y="20">person</contenuImg>
            <genre source="final">publicité</genre>
            <genre source="md">publicité</genre>
            <fonction source="final">repro/dessin</fonction>
            <tech source="final">imp photoméca</tech>
            <fonction CS="0.47" source="TensorFlow">repro/dessin</fonction>
            <tech CS="1" source="md">imp photoméca</tech>
            <leg>AChotelin 55.Rue dif Pet!!r-Chaml?[_Parirr Prèf l Avenue de l Opéra) PLUMES HAUTE MODE CPOSSES AI GRETTES PARA DIS AUTRUCHES ÉVENTAI LS-COIFFURE5</leg>
            <txt>Pour la Suisse : a Genève, Agence Américaine. En France, dans toutes les pharmacies, Parfumeries, Magasins de Nouveautés, ou à l AGENCE AMERICAINE, 38, avenue de l Opéra, PARIS (1er) ou a Américaine.</txt>
          </ill>
        </ills>
      </page>
      <page hauteurPx="5133" largeurPx="3749" ordre="81">
        <nbMot>62</nbMot>
        <blocTexte>5</blocTexte>
        <blocTab>0</blocTab>
        <blocPub>4</blocPub>
        <blocIll ocr="0">0</blocIll>
      </page>
      <page hauteurPx="5041" largeurPx="3761" ordre="82">
        <nbMot>128</nbMot>
        <blocTexte>9</blocTexte>
        <blocTab>0</blocTab>
        <blocPub>8</blocPub>
        <blocIll ocr="0">0</blocIll>
      </page>
      <page hauteurPx="5129" largeurPx="3743" ordre="83">
        <nbMot>251</nbMot>
        <blocTexte>15</blocTexte>
        <blocTab>0</blocTab>
        <blocPub>14</blocPub>
        <blocIll ocr="2">2</blocIll>
        <ills>
          <ill classif="CCibm" couleur="gris" edit="1" h="554" n="83-1" pub="1" taille="0" w="372" x="356" y="2781">
            <contenuImg CS="0.5" lang="fr" source="ibm">timbre papier</contenuImg>
            <contenuImg CS="0.801" lang="fr" source="ibm">peuple ancien</contenuImg>
            <contenuImg CS="0.887" lang="fr" source="ibm">personne</contenuImg>
            <contenuImg CS="0.57" lang="fr" source="ibm">personnes</contenuImg>
            <contenuImg CS="0.528" lang="fr" source="ibm">flan (monnaie)</contenuImg>
            <contenuImg CS="0.528" lang="fr" source="ibm">cercle</contenuImg>
            <contenuImg CS="0.5" lang="fr" source="ibm">document écrit</contenuImg>
            <contenuImg CS="0.8" lang="fr" source="ibm">disque</contenuImg>
            <contenuImg CS="0.798" lang="fr" source="ibm">radiogramme</contenuImg>
            <contenuImg CS="0.811" coul="1" lang="fr" source="ibm">gris</contenuImg>
            <contenuImg CS="0.614" coul="1" lang="fr" source="ibm">noir</contenuImg>
            <contenuImg CS="0.614" coul="1" lang="en" source="ibm">black color</contenuImg>
            <contenuImg CS="0.811" coul="1" lang="en" source="ibm">gray color</contenuImg>
            <contenuImg CS="0.798" lang="en" source="ibm">radiogram</contenuImg>
            <contenuImg CS="0.8" lang="en" source="ibm">disk</contenuImg>
            <contenuImg CS="0.5" lang="en" source="ibm">written document</contenuImg>
            <contenuImg CS="0.5" lang="en" source="ibm">paper-based stamps/currency</contenuImg>
            <contenuImg CS="0.528" lang="en" source="ibm">circle</contenuImg>
            <contenuImg CS="0.528" lang="en" source="ibm">planchet</contenuImg>
            <contenuImg CS="0.57" lang="en" source="ibm">people</contenuImg>
            <contenuImg CS="0.887" lang="en" source="ibm">person</contenuImg>
            <contenuImg CS="0.801" lang="en" source="ibm">ancient person</contenuImg>
            <fonction source="final">repro/dessin</fonction>
            <tech source="final">imp photoméca</tech>
            <fonction CS="0.67" source="TensorFlow">repro/dessin</fonction>
            <tech CS="1" source="md">imp photoméca</tech>
            <leg>GRISINA BREVETÉ TOUS PAYS. SON MAINTIEN GORGE INVISIBLE SES EXQUISES PARURES DE LINGERIE SES RAVISSANTS DÉSHABILLÉS SES CEINTURES ESTHÉTIQUES</leg>
            <txt>Par I;ilégance particulière de sa façon moderne.par la résistance exceptionnelle de son tricot élostique,elle donne à la silhouette féminine la lign nouvelle exigée par la mode actuelle. Elle rend les hanches gracieuses.la taille soupleet svelte et procure un bien être parfait.Modèles de haute élégance, amaigrissants et mcidicaux @LesCEINTURES ROUSSEL ne sont en vente qu aux magasins J.ROUSSEL Pour éviter toute imitation Laçage ad ressez-vous directement: Modèle marquant breveté L«i» sur la robe 83,B? Malesherbes _Téi : Laborde 25-81 S.G.D.G j BRUXELLES : 144.rue Neuve 83,B,alesherb Tél: Laborde 258  ANVERS : 1.rue Ouellin ) DEMANDEZ LE CATALOGUE ILLUSTRÉ SçU.^CCU.Fri.e.. o2ifO,RnIIiEoCr^ DDEI Gutenberg 72-94 ANVERS : 1 ,rue Ouellin DEMANDEZ LE CATALOGUE tLLUSTRÉ Suceur 26,rueCddet Gutenberg 72 94 PRIX A PARTIR DE FRS.50 j h~ ~E~ CEÏNTURE ROUSSEL tJ~E~t~ LA PEINE DESCEINTURES PLASTIQUES</txt>
            <genre source="hm" time="2020-11-01T16:37:57.735+01:00">publicité</genre>
            <genre source="final">publicité</genre>
          </ill>
          <ill classif="CCyolo CCibm" couleur="gris" h="1709" n="83-2" pub="1" taille="0" w="933" x="2642" y="2629">
            <contenuImg CS="0.516" lang="fr" source="ibm">suffragette</contenuImg>
            <contenuImg CS="0.5" lang="fr" source="ibm">robe à clapet</contenuImg>
            <contenuImg CS="0.587" lang="fr" source="ibm">personnes</contenuImg>
            <contenuImg CS="0.989" lang="fr" source="ibm">personne</contenuImg>
            <contenuImg CS="0.797" lang="fr" source="ibm">vêtements</contenuImg>
            <contenuImg CS="0.793" lang="fr" source="ibm">tissu</contenuImg>
            <contenuImg CS="0.961" coul="1" lang="fr" source="ibm">sauge</contenuImg>
            <contenuImg CS="0.725" coul="1" lang="fr" source="ibm">gris</contenuImg>
            <contenuImg CS="0.725" coul="1" lang="en" source="ibm">gray color</contenuImg>
            <contenuImg CS="0.961" coul="1" lang="en" source="ibm">sage green color</contenuImg>
            <contenuImg CS="0.793" lang="en" source="ibm">fabric</contenuImg>
            <contenuImg CS="0.797" lang="en" source="ibm">clothing</contenuImg>
            <contenuImg CS="0.5" lang="en" source="ibm">person in flapper dress</contenuImg>
            <contenuImg CS="0.516" lang="en" source="ibm">women's voting rights activist</contenuImg>
            <contenuImg CS="0.989" lang="en" source="ibm">person</contenuImg>
            <contenuImg CS="0.587" lang="en" source="ibm">people</contenuImg>
            <contenuImg CS="0.94" h="1586" lang="fr" source="yolo" w="483" x="196" y="76">personne</contenuImg>
            <contenuImg CS="0.94" h="1586" lang="en" source="yolo" w="483" x="196" y="76">person</contenuImg>
            <genre source="final">publicité</genre>
            <genre source="md">publicité</genre>
            <fonction source="final">repro/photo</fonction>
            <tech source="final">imp photoméca</tech>
            <fonction CS="0.88" source="TensorFlow">repro/photo</fonction>
            <tech CS="1" source="md">imp photoméca</tech>
            <leg>ROGER BERNARD COUTURIER FOURRURES MANTEAUX TAILLEURS =ROBES = LINGERIE 279 Rue .Sairst-Honore (Angle de la RueRDvaleJ</leg>
            <txt>MARY NOWITZKY 82, RUE DES PETITS-CHAMPS ( VENDOME) TÉLÉPHONE : GUTENBERG 58-52 LE 27 JANVIER SERA MONTRÉE LA NOUVELLE COLLECTION DE COSTUMES DE SPORT PYJAMAS, ROBES D INTÉRIEUR PAR</txt>
          </ill>
        </ills>
      </page>
      <page hauteurPx="5075" largeurPx="3805" ordre="84">
        <nbMot>739</nbMot>
        <blocTexte>33</blocTexte>
        <blocTab>0</blocTab>
        <blocPub>32</blocPub>
        <blocIll ocr="4">4</blocIll>
        <ills>
          <ill classif="CCyolo CCibm" couleur="gris" edit="1" h="842" n="84-1" pub="1" taille="0" w="692" x="255" y="526">
            <contenuImg CS="0.963" lang="fr" source="ibm">porte-toast</contenuImg>
            <contenuImg CS="0.963" lang="fr" source="ibm">grille</contenuImg>
            <contenuImg CS="0.963" lang="fr" source="ibm">cadre</contenuImg>
            <contenuImg CS="0.963" lang="fr" source="ibm">structure porteuse</contenuImg>
            <contenuImg CS="0.798" lang="fr" source="ibm">vaisselle</contenuImg>
            <contenuImg CS="0.725" coul="1" lang="fr" source="ibm">sauge</contenuImg>
            <contenuImg CS="0.596" coul="1" lang="fr" source="ibm">gris cendré</contenuImg>
            <contenuImg CS="0.596" coul="1" lang="en" source="ibm">ash grey color</contenuImg>
            <contenuImg CS="0.725" coul="1" lang="en" source="ibm">sage green color</contenuImg>
            <contenuImg CS="0.798" lang="en" source="ibm">tableware</contenuImg>
            <contenuImg CS="0.963" lang="en" source="ibm">supporting structure</contenuImg>
            <contenuImg CS="0.963" lang="en" source="ibm">framework</contenuImg>
            <contenuImg CS="0.963" lang="en" source="ibm">rack</contenuImg>
            <contenuImg CS="0.963" lang="en" source="ibm">toastrack</contenuImg>
            <contenuImg CS="0.48" h="810" lang="fr" source="yolo" w="576" x="36" y="13">vase</contenuImg>
            <contenuImg CS="0.48" h="810" lang="en" source="yolo" w="576" x="36" y="13">vase</contenuImg>
            <fonction source="final">repro/dessin</fonction>
            <tech source="final">imp photoméca</tech>
            <fonction CS="1.00" source="TensorFlow">repro/dessin</fonction>
            <tech CS="1" source="md">imp photoméca</tech>
            <leg>j Scalon robes manteaux présentera sa collection d été tous les jours à partir du 6 février 11 bis, rue de surène .— paris près la madeleine Téléphone : ÉIJ sés 94.34</leg>
            <txt>VOGUE 8:: 1 rOGUE VOGUE 8:: 1 rOGUE</txt>
            <genre source="hm" time="2020-11-01T16:38:04.155+01:00">publicité</genre>
            <genre source="final">publicité</genre>
          </ill>
          <ill classif="CCyolo CCibm" couleur="gris" edit="1" h="1037" n="84-2" pub="1" taille="0" w="436" x="1143" y="308">
            <contenuImg CS="0.881" lang="fr" source="ibm">balzane (cheval)</contenuImg>
            <contenuImg CS="0.881" lang="fr" source="ibm">ongulé à doigts irréguliers (mammifère à sabots)</contenuImg>
            <contenuImg CS="0.881" lang="fr" source="ibm">mammifère</contenuImg>
            <contenuImg CS="0.881" lang="fr" source="ibm">animal</contenuImg>
            <contenuImg CS="0.639" lang="fr" source="ibm">ligament (corps)</contenuImg>
            <contenuImg CS="0.639" lang="fr" source="ibm">personne</contenuImg>
            <contenuImg CS="0.5" lang="fr" source="ibm">arthrogramme (rayons x)</contenuImg>
            <contenuImg CS="0.531" lang="fr" source="ibm">radiogramme</contenuImg>
            <contenuImg CS="0.939" coul="1" lang="fr" source="ibm">gris cendré</contenuImg>
            <contenuImg CS="0.802" coul="1" lang="fr" source="ibm">gris</contenuImg>
            <contenuImg CS="0.802" coul="1" lang="en" source="ibm">gray color</contenuImg>
            <contenuImg CS="0.939" coul="1" lang="en" source="ibm">ash grey color</contenuImg>
            <contenuImg CS="0.531" lang="en" source="ibm">radiogram</contenuImg>
            <contenuImg CS="0.5" lang="en" source="ibm">arthrogram (x-ray)</contenuImg>
            <contenuImg CS="0.639" lang="en" source="ibm">person</contenuImg>
            <contenuImg CS="0.639" lang="en" source="ibm">ligament (of body)</contenuImg>
            <contenuImg CS="0.881" lang="en" source="ibm">animal</contenuImg>
            <contenuImg CS="0.881" lang="en" source="ibm">mammal</contenuImg>
            <contenuImg CS="0.881" lang="en" source="ibm">odd-toed ungulate (hoofed mammal)</contenuImg>
            <contenuImg CS="0.881" lang="en" source="ibm">coronet of horse</contenuImg>
            <contenuImg CS="0.76" h="893" lang="fr" source="yolo" w="416" x="0" y="6">personne</contenuImg>
            <contenuImg CS="0.76" h="893" lang="en" source="yolo" w="416" x="0" y="6">person</contenuImg>
            <fonction source="final">repro/photo</fonction>
            <tech source="final">imp photoméca</tech>
            <fonction CS="0.95" source="TensorFlow">repro/photo</fonction>
            <tech CS="1" source="md">imp photoméca</tech>
            <leg>LES BONNETERIES RÉUNIES Dépôt à PARIS, 12, Rue Cadet vendent aux Prix de Fabrique * les Bas les plus solides les plus élégants Tous nos articles avec coutures diminuées, semelles renforcée et baguettes à jour mode.</leg>
            <txt>j Scalon robes manteaux présentera sa collection d été tous les jours à partir du 6 février 11 bis, rue de surène .— paris près la madeleine Téléphone : ÉIJ sés 94.34 VOGUE 8:: 1 rOGUE</txt>
            <genre source="hm" time="2020-11-01T16:38:02.052+01:00">publicité</genre>
            <genre source="final">publicité</genre>
          </ill>
          <ill classif="CCibm" couleur="gris" edit="1" h="1691" n="84-3" pub="1" taille="0" w="872" x="2827" y="308">
            <contenuImg CS="0.9" lang="fr" source="ibm">salle d'étude</contenuImg>
            <contenuImg CS="0.506" lang="fr" source="ibm">pointe d'argent</contenuImg>
            <contenuImg CS="0.967" coul="1" lang="fr" source="ibm">gris</contenuImg>
            <contenuImg CS="0.967" coul="1" lang="en" source="ibm">gray color</contenuImg>
            <contenuImg CS="0.506" lang="en" source="ibm">silverpoint</contenuImg>
            <contenuImg CS="0.9" lang="en" source="ibm">study</contenuImg>
            <fonction source="final">repro/dessin</fonction>
            <tech source="final">imp photoméca</tech>
            <fonction CS="0.91" source="TensorFlow">repro/dessin</fonction>
            <tech CS="1" source="md">imp photoméca</tech>
            <leg>MARIE IODKO COUTURE PARIS. 10. RUE CAUMARTIN 1 TÉL. 0UT. 16-88 LIFT TÉL. GU«r. 15-88 LIFT1</leg>
            <txt>H OBÉSITÉ. Rh«mausma Ni Chirurgie Ni Paraffine t BON pour une BoBÈSiT~Ur~ m 14 ANS DE PRATIQUE apphatln ra, UI e Kl Intestins. Ur* plaStic. ANS DE PRATIQUE. {je]aRoséod Arizane(2à7h.) Monde Succès à l Institut Physiodermique.   Dé, loppe ou lédu it* 107, rue Saint.Lazare (9  rr~) In-fe^Ëaim Seins, Hancbe. CbeV1 es, 43. Pass. du Havre,2 étage. ns 1 ul YSlOdermique Traite : ■ ■ Opère lui-même de 2 h à 7 h.</txt>
            <genre source="hm" time="2020-11-01T16:38:11.782+01:00">publicité</genre>
            <genre source="final">publicité</genre>
          </ill>
          <ill classif="CCibm" couleur="gris" h="1767" n="84-4" pub="1" taille="0" w="797" x="315" y="2548">
            <contenuImg CS="0.797" lang="fr" source="ibm">personne</contenuImg>
            <contenuImg CS="0.928" lang="fr" source="ibm">stylo et encre</contenuImg>
            <contenuImg CS="0.793" lang="fr" source="ibm">presse écrite</contenuImg>
            <contenuImg CS="0.832" coul="1" lang="fr" source="ibm">noir</contenuImg>
            <contenuImg CS="0.639" coul="1" lang="fr" source="ibm">gris</contenuImg>
            <contenuImg CS="0.639" coul="1" lang="en" source="ibm">gray color</contenuImg>
            <contenuImg CS="0.832" coul="1" lang="en" source="ibm">black color</contenuImg>
            <contenuImg CS="0.793" lang="en" source="ibm">print media</contenuImg>
            <contenuImg CS="0.928" lang="en" source="ibm">pen-and-ink</contenuImg>
            <contenuImg CS="0.797" lang="en" source="ibm">person</contenuImg>
            <genre source="final">publicité</genre>
            <genre source="md">publicité</genre>
            <fonction source="final">repro/dessin</fonction>
            <tech source="final">imp photoméca</tech>
            <fonction CS="0.96" source="TensorFlow">repro/dessin</fonction>
            <tech CS="1" source="md">imp photoméca</tech>
            <leg>LINGERIE Blouses-DéshabillésRobes lingerie Linge de Maison-Stores-Coussins.</leg>
            <txt>MARIE IODKO COUTURE PARIS. 10. RUE CAUMARTIN 1 TÉL. 0UT. 16-88 LIFT TÉL. GU«r. 15-88 LIFT1 H OBÉSITÉ. Rh«mausma Ni Chirurgie Ni Paraffine t BON pour une BoBÈSiT~Ur~ m 14 ANS DE PRATIQUE apphatln ra, UI e Kl Intestins. Ur* plaStic. ANS DE PRATIQUE. {je]aRoséod Arizane(2à7h.) Monde Succès à l Institut Physiodermique.</txt>
          </ill>
        </ills>
      </page>
      <page hauteurPx="5101" largeurPx="3705" ordre="85">
        <nbMot>112</nbMot>
        <blocTexte>2</blocTexte>
        <blocTab>0</blocTab>
        <blocPub>2</blocPub>
        <blocIll ocr="0">0</blocIll>
      </page>
      <page hauteurPx="5081" largeurPx="3813" ordre="86">
        <nbMot>176</nbMot>
        <blocTexte>9</blocTexte>
        <blocTab>0</blocTab>
        <blocPub>0</blocPub>
        <blocIll ocr="1">1</blocIll>
        <ills>
          <ill classif="CCyolo CCibm" couleur="coul" derniere="true" edit="1" h="2198" n="86-1" pub="1" taille="1" w="1699" x="1098" y="331">
            <contenuImg CS="0.79" coul="1" lang="fr" source="ibm">rouge châtain</contenuImg>
            <contenuImg CS="0.588" lang="fr" source="ibm">promenade (esplanade)</contenuImg>
            <contenuImg CS="0.514" lang="fr" source="ibm">plage</contenuImg>
            <contenuImg CS="0.545" lang="fr" source="ibm">nature</contenuImg>
            <contenuImg CS="0.5" lang="fr" source="ibm">personnes</contenuImg>
            <contenuImg CS="0.66" lang="fr" source="ibm">personne</contenuImg>
            <contenuImg CS="0.79" coul="1" lang="en" source="ibm">chestnut red color</contenuImg>
            <contenuImg CS="0.66" lang="en" source="ibm">person</contenuImg>
            <contenuImg CS="0.5" lang="en" source="ibm">people</contenuImg>
            <contenuImg CS="0.545" lang="en" source="ibm">nature</contenuImg>
            <contenuImg CS="0.514" lang="en" source="ibm">beach</contenuImg>
            <contenuImg CS="0.588" lang="en" source="ibm">Promenade</contenuImg>
            <contenuImg CS="0.28" h="786" lang="fr" source="yolo" w="173" x="160" y="1313">personne</contenuImg>
            <contenuImg CS="0.28" h="143" lang="fr" source="yolo" w="26" x="746" y="1383">cravate</contenuImg>
            <contenuImg CS="0.28" h="143" lang="en" source="yolo" w="26" x="746" y="1383">tie</contenuImg>
            <contenuImg CS="0.28" h="786" lang="en" source="yolo" w="173" x="160" y="1313">person</contenuImg>
            <contenuImg CS="0.40" h="203" lang="en" source="yolo" w="90" x="573" y="1260">person</contenuImg>
            <contenuImg CS="0.41" h="156" lang="en" source="yolo" w="33" x="366" y="1423">tie</contenuImg>
            <contenuImg CS="0.44" h="590" lang="en" source="yolo" w="143" x="1480" y="1270">person</contenuImg>
            <contenuImg CS="0.53" h="196" lang="en" source="yolo" w="96" x="630" y="1276">person</contenuImg>
            <contenuImg CS="0.64" h="730" lang="en" source="yolo" w="190" x="53" y="1356">person</contenuImg>
            <contenuImg CS="0.64" h="523" lang="en" source="yolo" w="186" x="666" y="1300">person</contenuImg>
            <contenuImg CS="0.88" h="706" lang="en" source="yolo" w="143" x="1176" y="1300">person</contenuImg>
            <contenuImg CS="0.93" h="770" lang="en" source="yolo" w="303" x="430" y="1320">person</contenuImg>
            <contenuImg CS="0.94" h="883" lang="en" source="yolo" w="303" x="223" y="1220">person</contenuImg>
            <contenuImg CS="0.95" h="783" lang="en" source="yolo" w="383" x="760" y="1323">person</contenuImg>
            <contenuImg b="163" coul="1" g="174" ordre="10" r="196" source="colorific" type="frg">#c4aea3</contenuImg>
            <contenuImg b="123" coul="1" g="139" ordre="9" r="151" source="colorific" type="frg">#978b7b</contenuImg>
            <contenuImg b="152" coul="1" g="126" ordre="8" r="118" source="colorific" type="frg">#767e98</contenuImg>
            <contenuImg b="68" coul="1" g="67" ordre="7" r="99" source="colorific" type="frg">#634344</contenuImg>
            <contenuImg b="97" coul="1" g="108" ordre="6" r="137" source="colorific" type="frg">#896c61</contenuImg>
            <contenuImg b="255" coul="1" g="255" ordre="5" r="255" source="colorific" type="frg">#ffffff</contenuImg>
            <contenuImg b="198" coul="1" g="183" ordre="4" r="176" source="colorific" type="frg">#b0b7c6</contenuImg>
            <contenuImg b="177" coul="1" g="199" ordre="3" r="207" source="colorific" type="frg">#cfc7b1</contenuImg>
            <contenuImg b="129" coul="1" g="126" ordre="2" r="131" source="colorific" type="frg">#837e81</contenuImg>
            <contenuImg b="86" coul="1" g="75" ordre="1" r="89" source="colorific" type="frg">#594b56</contenuImg>
            <tech source="final">imp photoméca</tech>
            <fonction CS="0.52" source="TensorFlow">repro/photo</fonction>
            <tech CS="1" source="md">imp photoméca</tech>
            <leg>Habette à Cannes A mer ensoleillée n est qu une palpitation de rayons au creux de la blanche promenade éventée de palméà. C est l heure élégante sur la Crôisette, et le Tout-Paris se retrouve loin de l hiver morose dans l enchantement éternel des rivagéà privilégiés. Et qui serait le point de mire de toutéà 1é5 admirations et de tous 1é5 hommagéi, sinon Babette?</leg>
            <genre source="hm" time="2020-11-01T16:38:14.132+01:00">publicité</genre>
            <fonction source="hm" time="2020-12-08T15:12:24.62+01:00">repro/dessin</fonction>
            <fonction source="final">repro/dessin</fonction>
            <genre source="hm" time="2021-02-01T19:01:12.525+01:00">publicité</genre>
          </ill>
        </ills>
      </page>
    </pages>
  </contenus>
</analyseAlto>