<analyseAlto>
  <metad>
    <type>R</type>
    <ID>bpt6k6538648m</ID>
    <notice>cb343833568</notice>
    <titre>Vogue 1922/01/15 (Volume 4, Numéro 2)</titre>
    <dateEdition>1922-01-15</dateEdition>
    <lang>fre</lang>
    <source>BnF</source>
    <nbPage>56</nbPage>
  </metad>
  <contenus>
    <largeur>157</largeur>
    <hauteur>216</hauteur>
    <largeurPx>3715</largeurPx>
    <hauteurPx>5109</hauteurPx>
    <pages>
      <page hauteurPx="5109" largeurPx="3715" ordre="1">
        <nbMot>11</nbMot>
        <blocTexte>2</blocTexte>
        <blocTab>0</blocTab>
        <blocPub>0</blocPub>
        <blocIll ocr="1">1</blocIll>
        <ills/>
      </page>
      <page hauteurPx="5033" largeurPx="3657" ordre="2">
        <nbMot>0</nbMot>
        <blocTexte>0</blocTexte>
        <blocTab>0</blocTab>
        <blocPub>0</blocPub>
        <blocIll ocr="1">1</blocIll>
        <ills>
          <ill classif="CCibm" couleur="gris" edit="1" h="4428" n="2-1" pub="1" taille="6" w="3382" x="168" y="305">
            <txt source="google">"10 - Préne Congette - frêne Romain - Créne Korrigan - Crợés et fabriqués - exclusivement par. - Le BIANCHINK FERIER - 24 bis Avenue del Opéra - 24 - revesacuer - Exigez les - devotre Couturière - ",</txt>
            <contenuImg CS="0.773" lang="fr" source="ibm">gazette</contenuImg>
            <contenuImg CS="0.799" lang="fr" source="ibm">journal</contenuImg>
            <contenuImg CS="0.799" lang="fr" source="ibm">média</contenuImg>
            <contenuImg CS="0.601" lang="fr" source="ibm">presse écrite</contenuImg>
            <contenuImg CS="0.599" lang="fr" source="ibm">tissu</contenuImg>
            <contenuImg CS="1" coul="1" lang="fr" source="ibm">gris</contenuImg>
            <contenuImg CS="1" coul="1" lang="en" source="ibm">gray color</contenuImg>
            <contenuImg CS="0.599" lang="en" source="ibm">fabric</contenuImg>
            <contenuImg CS="0.601" lang="en" source="ibm">print media</contenuImg>
            <contenuImg CS="0.799" lang="en" source="ibm">medium</contenuImg>
            <contenuImg CS="0.799" lang="en" source="ibm">newspaper</contenuImg>
            <contenuImg CS="0.773" lang="en" source="ibm">gazette</contenuImg>
            <fonction source="final">repro/texte</fonction>
            <tech source="final">imp photoméca</tech>
            <fonction CS="0.89" source="TensorFlow">repro/texte</fonction>
            <tech CS="1" source="md">imp photoméca</tech>
            <genre source="hm" time="2020-11-01T15:30:52.425+01:00">publicité</genre>
            <genre source="final">publicité</genre>
          </ill>
        </ills>
      </page>
      <page hauteurPx="5067" largeurPx="3649" ordre="3">
        <nbMot>941</nbMot>
        <blocTexte>31</blocTexte>
        <blocTab>7</blocTab>
        <blocPub>0</blocPub>
        <blocIll ocr="1">1</blocIll>
        <ills/>
      </page>
      <page hauteurPx="5073" largeurPx="3721" ordre="4">
        <nbMot>67</nbMot>
        <blocTexte>4</blocTexte>
        <blocTab>0</blocTab>
        <blocPub>0</blocPub>
        <blocIll ocr="1">1</blocIll>
        <ills/>
      </page>
      <page hauteurPx="5085" largeurPx="3675" ordre="5">
        <nbMot>434</nbMot>
        <blocTexte>11</blocTexte>
        <blocTab>0</blocTab>
        <blocPub>0</blocPub>
        <blocIll ocr="2">2</blocIll>
        <ills/>
      </page>
      <page hauteurPx="5073" largeurPx="3739" ordre="6">
        <nbMot>416</nbMot>
        <blocTexte>7</blocTexte>
        <blocTab>0</blocTab>
        <blocPub>0</blocPub>
        <blocIll ocr="3">3</blocIll>
        <ills/>
      </page>
      <page hauteurPx="5089" largeurPx="3679" ordre="7">
        <nbMot>465</nbMot>
        <blocTexte>10</blocTexte>
        <blocTab>0</blocTab>
        <blocPub>0</blocPub>
        <blocIll ocr="3">3</blocIll>
        <ills/>
      </page>
      <page hauteurPx="5099" largeurPx="3777" ordre="8">
        <nbMot>583</nbMot>
        <blocTexte>12</blocTexte>
        <blocTab>0</blocTab>
        <blocPub>0</blocPub>
        <blocIll ocr="2">2</blocIll>
        <ills/>
      </page>
      <page hauteurPx="5083" largeurPx="3671" ordre="9">
        <nbMot>1132</nbMot>
        <blocTexte>34</blocTexte>
        <blocTab>0</blocTab>
        <blocPub>0</blocPub>
        <blocIll ocr="2">2</blocIll>
        <ills/>
      </page>
      <page hauteurPx="5103" largeurPx="3701" ordre="10">
        <nbMot>131</nbMot>
        <blocTexte>10</blocTexte>
        <blocTab>0</blocTab>
        <blocPub>0</blocPub>
        <blocIll ocr="1">2</blocIll>
        <ills/>
      </page>
      <page hauteurPx="5085" largeurPx="3673" ordre="11">
        <nbMot>249</nbMot>
        <blocTexte>11</blocTexte>
        <blocTab>0</blocTab>
        <blocPub>0</blocPub>
        <blocIll ocr="3">3</blocIll>
        <ills/>
      </page>
      <page hauteurPx="5061" largeurPx="3675" ordre="12">
        <nbMot>1086</nbMot>
        <blocTexte>22</blocTexte>
        <blocTab>0</blocTab>
        <blocPub>0</blocPub>
        <blocIll ocr="5">5</blocIll>
        <ills/>
      </page>
      <page hauteurPx="5089" largeurPx="3681" ordre="13">
        <nbMot>410</nbMot>
        <blocTexte>13</blocTexte>
        <blocTab>0</blocTab>
        <blocPub>0</blocPub>
        <blocIll ocr="1">3</blocIll>
        <ills/>
      </page>
      <page hauteurPx="5051" largeurPx="3685" ordre="14">
        <nbMot>978</nbMot>
        <blocTexte>25</blocTexte>
        <blocTab>0</blocTab>
        <blocPub>0</blocPub>
        <blocIll ocr="3">3</blocIll>
        <ills/>
      </page>
      <page hauteurPx="5089" largeurPx="3675" ordre="15">
        <nbMot>623</nbMot>
        <blocTexte>11</blocTexte>
        <blocTab>0</blocTab>
        <blocPub>0</blocPub>
        <blocIll ocr="3">3</blocIll>
        <ills/>
      </page>
      <page hauteurPx="5057" largeurPx="3655" ordre="16">
        <nbMot>168</nbMot>
        <blocTexte>12</blocTexte>
        <blocTab>0</blocTab>
        <blocPub>0</blocPub>
        <blocIll ocr="1">3</blocIll>
        <ills/>
      </page>
      <page hauteurPx="5075" largeurPx="3651" ordre="17">
        <nbMot>174</nbMot>
        <blocTexte>7</blocTexte>
        <blocTab>0</blocTab>
        <blocPub>0</blocPub>
        <blocIll ocr="4">4</blocIll>
        <ills/>
      </page>
      <page hauteurPx="5133" largeurPx="3697" ordre="18">
        <nbMot>112</nbMot>
        <blocTexte>8</blocTexte>
        <blocTab>0</blocTab>
        <blocPub>0</blocPub>
        <blocIll ocr="3">3</blocIll>
        <ills/>
      </page>
      <page hauteurPx="5037" largeurPx="3597" ordre="19">
        <nbMot>110</nbMot>
        <blocTexte>7</blocTexte>
        <blocTab>0</blocTab>
        <blocPub>0</blocPub>
        <blocIll ocr="3">3</blocIll>
        <ills/>
      </page>
      <page hauteurPx="5119" largeurPx="3705" ordre="20">
        <nbMot>157</nbMot>
        <blocTexte>8</blocTexte>
        <blocTab>0</blocTab>
        <blocPub>0</blocPub>
        <blocIll ocr="4">3</blocIll>
        <ills/>
      </page>
      <page hauteurPx="5037" largeurPx="3597" ordre="21">
        <nbMot>218</nbMot>
        <blocTexte>14</blocTexte>
        <blocTab>0</blocTab>
        <blocPub>0</blocPub>
        <blocIll ocr="6">6</blocIll>
        <ills/>
      </page>
      <page hauteurPx="5045" largeurPx="3649" ordre="22">
        <nbMot>191</nbMot>
        <blocTexte>12</blocTexte>
        <blocTab>0</blocTab>
        <blocPub>0</blocPub>
        <blocIll ocr="2">2</blocIll>
        <ills/>
      </page>
      <page hauteurPx="5037" largeurPx="3597" ordre="23">
        <nbMot>273</nbMot>
        <blocTexte>7</blocTexte>
        <blocTab>0</blocTab>
        <blocPub>0</blocPub>
        <blocIll ocr="1">1</blocIll>
        <ills/>
      </page>
      <page hauteurPx="5111" largeurPx="3735" ordre="24">
        <nbMot>211</nbMot>
        <blocTexte>6</blocTexte>
        <blocTab>0</blocTab>
        <blocPub>0</blocPub>
        <blocIll ocr="3">3</blocIll>
        <ills/>
      </page>
      <page hauteurPx="5065" largeurPx="3635" ordre="25">
        <nbMot>176</nbMot>
        <blocTexte>9</blocTexte>
        <blocTab>0</blocTab>
        <blocPub>0</blocPub>
        <blocIll ocr="3">2</blocIll>
        <ills/>
      </page>
      <page hauteurPx="5115" largeurPx="3735" ordre="26">
        <nbMot>305</nbMot>
        <blocTexte>12</blocTexte>
        <blocTab>0</blocTab>
        <blocPub>0</blocPub>
        <blocIll ocr="5">5</blocIll>
        <ills/>
      </page>
      <page hauteurPx="5073" largeurPx="3647" ordre="27">
        <nbMot>219</nbMot>
        <blocTexte>12</blocTexte>
        <blocTab>0</blocTab>
        <blocPub>0</blocPub>
        <blocIll ocr="3">3</blocIll>
        <ills/>
      </page>
      <page hauteurPx="5069" largeurPx="3673" ordre="28">
        <nbMot>664</nbMot>
        <blocTexte>21</blocTexte>
        <blocTab>0</blocTab>
        <blocPub>0</blocPub>
        <blocIll ocr="6">6</blocIll>
        <ills/>
      </page>
      <page hauteurPx="5075" largeurPx="3651" ordre="29">
        <nbMot>209</nbMot>
        <blocTexte>7</blocTexte>
        <blocTab>0</blocTab>
        <blocPub>0</blocPub>
        <blocIll ocr="1">1</blocIll>
        <ills/>
      </page>
      <page hauteurPx="5061" largeurPx="3697" ordre="30">
        <nbMot>837</nbMot>
        <blocTexte>24</blocTexte>
        <blocTab>0</blocTab>
        <blocPub>0</blocPub>
        <blocIll ocr="3">3</blocIll>
        <ills/>
      </page>
      <page hauteurPx="5063" largeurPx="3631" ordre="31">
        <nbMot>547</nbMot>
        <blocTexte>17</blocTexte>
        <blocTab>0</blocTab>
        <blocPub>0</blocPub>
        <blocIll ocr="1">3</blocIll>
        <ills/>
      </page>
      <page hauteurPx="5097" largeurPx="3717" ordre="32">
        <nbMot>220</nbMot>
        <blocTexte>10</blocTexte>
        <blocTab>0</blocTab>
        <blocPub>0</blocPub>
        <blocIll ocr="2">3</blocIll>
        <ills/>
      </page>
      <page hauteurPx="5085" largeurPx="3663" ordre="33">
        <nbMot>190</nbMot>
        <blocTexte>14</blocTexte>
        <blocTab>0</blocTab>
        <blocPub>0</blocPub>
        <blocIll ocr="5">6</blocIll>
        <ills/>
      </page>
      <page hauteurPx="5075" largeurPx="3689" ordre="34">
        <nbMot>84</nbMot>
        <blocTexte>4</blocTexte>
        <blocTab>0</blocTab>
        <blocPub>0</blocPub>
        <blocIll ocr="1">1</blocIll>
        <ills/>
      </page>
      <page hauteurPx="5031" largeurPx="3595" ordre="35">
        <nbMot>1080</nbMot>
        <blocTexte>25</blocTexte>
        <blocTab>0</blocTab>
        <blocPub>0</blocPub>
        <blocIll ocr="1">1</blocIll>
        <ills/>
      </page>
      <page hauteurPx="5045" largeurPx="3601" ordre="36">
        <nbMot>31</nbMot>
        <blocTexte>4</blocTexte>
        <blocTab>0</blocTab>
        <blocPub>0</blocPub>
        <blocIll ocr="2">1</blocIll>
        <ills/>
      </page>
      <page hauteurPx="5013" largeurPx="3577" ordre="37">
        <nbMot>134</nbMot>
        <blocTexte>13</blocTexte>
        <blocTab>0</blocTab>
        <blocPub>0</blocPub>
        <blocIll ocr="5">5</blocIll>
        <ills/>
      </page>
      <page hauteurPx="5045" largeurPx="3657" ordre="38">
        <nbMot>205</nbMot>
        <blocTexte>9</blocTexte>
        <blocTab>0</blocTab>
        <blocPub>0</blocPub>
        <blocIll ocr="4">4</blocIll>
        <ills/>
      </page>
      <page hauteurPx="5013" largeurPx="3577" ordre="39">
        <nbMot>147</nbMot>
        <blocTexte>14</blocTexte>
        <blocTab>0</blocTab>
        <blocPub>0</blocPub>
        <blocIll ocr="5">5</blocIll>
        <ills/>
      </page>
      <page hauteurPx="5045" largeurPx="3657" ordre="40">
        <nbMot>1344</nbMot>
        <blocTexte>32</blocTexte>
        <blocTab>0</blocTab>
        <blocPub>0</blocPub>
        <blocIll ocr="1">2</blocIll>
        <ills/>
      </page>
      <page hauteurPx="5041" largeurPx="3619" ordre="41">
        <nbMot>569</nbMot>
        <blocTexte>15</blocTexte>
        <blocTab>0</blocTab>
        <blocPub>0</blocPub>
        <blocIll ocr="2">2</blocIll>
        <ills/>
      </page>
      <page hauteurPx="5045" largeurPx="3657" ordre="42">
        <nbMot>419</nbMot>
        <blocTexte>13</blocTexte>
        <blocTab>0</blocTab>
        <blocPub>0</blocPub>
        <blocIll ocr="3">3</blocIll>
        <ills/>
      </page>
      <page hauteurPx="5033" largeurPx="3609" ordre="43">
        <nbMot>413</nbMot>
        <blocTexte>10</blocTexte>
        <blocTab>0</blocTab>
        <blocPub>0</blocPub>
        <blocIll ocr="3">3</blocIll>
        <ills/>
      </page>
      <page hauteurPx="5045" largeurPx="3657" ordre="44">
        <nbMot>1020</nbMot>
        <blocTexte>30</blocTexte>
        <blocTab>0</blocTab>
        <blocPub>0</blocPub>
        <blocIll ocr="3">3</blocIll>
        <ills/>
      </page>
      <page hauteurPx="5039" largeurPx="3617" ordre="45">
        <nbMot>193</nbMot>
        <blocTexte>12</blocTexte>
        <blocTab>0</blocTab>
        <blocPub>0</blocPub>
        <blocIll ocr="1">2</blocIll>
        <ills/>
      </page>
      <page hauteurPx="5089" largeurPx="3717" ordre="46">
        <nbMot>118</nbMot>
        <blocTexte>12</blocTexte>
        <blocTab>0</blocTab>
        <blocPub>0</blocPub>
        <blocIll ocr="3">3</blocIll>
        <ills/>
      </page>
      <page hauteurPx="5051" largeurPx="3633" ordre="47">
        <nbMot>222</nbMot>
        <blocTexte>14</blocTexte>
        <blocTab>0</blocTab>
        <blocPub>0</blocPub>
        <blocIll ocr="4">4</blocIll>
        <ills/>
      </page>
      <page hauteurPx="5097" largeurPx="3689" ordre="48">
        <nbMot>283</nbMot>
        <blocTexte>10</blocTexte>
        <blocTab>0</blocTab>
        <blocPub>0</blocPub>
        <blocIll ocr="6">7</blocIll>
        <ills/>
      </page>
      <page hauteurPx="5031" largeurPx="3605" ordre="49">
        <nbMot>281</nbMot>
        <blocTexte>13</blocTexte>
        <blocTab>0</blocTab>
        <blocPub>0</blocPub>
        <blocIll ocr="3">3</blocIll>
        <ills/>
      </page>
      <page hauteurPx="5083" largeurPx="3663" ordre="50">
        <nbMot>319</nbMot>
        <blocTexte>12</blocTexte>
        <blocTab>0</blocTab>
        <blocPub>0</blocPub>
        <blocIll ocr="6">6</blocIll>
        <ills/>
      </page>
      <page hauteurPx="5013" largeurPx="3581" ordre="51">
        <nbMot>399</nbMot>
        <blocTexte>12</blocTexte>
        <blocTab>0</blocTab>
        <blocPub>0</blocPub>
        <blocIll ocr="1">1</blocIll>
        <ills>
          <ill classif="CCibm CCyolo" couleur="gris" edit="true" h="1622" n="51-1" pub="1" seg="1" source="hm" taille="1" w="1274" x="1090" y="454">
            <contenuImg CS="0.626" lang="fr" source="ibm">personnes</contenuImg>
            <contenuImg CS="0.626" lang="fr" source="ibm">personne</contenuImg>
            <contenuImg CS="0.615" lang="fr" source="ibm">timbre papier</contenuImg>
            <contenuImg CS="0.615" lang="fr" source="ibm">document écrit</contenuImg>
            <contenuImg CS="0.5" lang="fr" source="ibm">flan (monnaie)</contenuImg>
            <contenuImg CS="0.501" lang="fr" source="ibm">cercle</contenuImg>
            <contenuImg CS="0.593" lang="fr" source="ibm">instrument de musique</contenuImg>
            <contenuImg CS="0.6" lang="fr" source="ibm">disque</contenuImg>
            <contenuImg CS="0.595" lang="fr" source="ibm">enregistrement</contenuImg>
            <contenuImg CS="0.659" coul="1" lang="fr" source="ibm">noir</contenuImg>
            <contenuImg CS="0.624" coul="1" lang="fr" source="ibm">émeraude (couleur)</contenuImg>
            <contenuImg CS="0.86" h="1400" lang="fr" source="yolo" w="1003" x="203" y="236">personne</contenuImg>
            <contenuImg CS="0.86" h="1400" lang="en" source="yolo" w="1003" x="203" y="236">person</contenuImg>
            <contenuImg CS="0.624" coul="1" lang="en" source="ibm">emerald color</contenuImg>
            <contenuImg CS="0.659" coul="1" lang="en" source="ibm">black color</contenuImg>
            <contenuImg CS="0.595" lang="en" source="ibm">recording</contenuImg>
            <contenuImg CS="0.6" lang="en" source="ibm">disk</contenuImg>
            <contenuImg CS="0.593" lang="en" source="ibm">musical instrument</contenuImg>
            <contenuImg CS="0.501" lang="en" source="ibm">circle</contenuImg>
            <contenuImg CS="0.5" lang="en" source="ibm">planchet</contenuImg>
            <contenuImg CS="0.615" lang="en" source="ibm">written document</contenuImg>
            <contenuImg CS="0.615" lang="en" source="ibm">paper-based stamps/currency</contenuImg>
            <contenuImg CS="0.626" lang="en" source="ibm">person</contenuImg>
            <contenuImg CS="0.626" lang="en" source="ibm">people</contenuImg>
            <fonction source="final">repro/photo</fonction>
            <tech source="final">imp photoméca</tech>
            <fonction CS="0.60" source="TensorFlow">repro/photo</fonction>
            <tech CS="1" source="md">imp photoméca</tech>
            <leg>c lE nom évoque pour toute femme anglaise ou américaine un sentiment d infinie reconnaissance. Helena Rubinstein. C est la beauté reconquise, la résistance à l âge, le temps maté. Combien de nos sœurs flétries avant leur temps ont pénétré dans le temple de la Beauté</leg>
            <txt>I5 Janvier • 49 I5 Janvier • 49</txt>
            <genre source="hm" time="2021-01-08T16:52:17.289+01:00">publicité</genre>
            <genre source="final">publicité</genre>
          </ill>
        </ills>
      </page>
      <page hauteurPx="5071" largeurPx="3667" ordre="52">
        <nbMot>1315</nbMot>
        <blocTexte>31</blocTexte>
        <blocTab>0</blocTab>
        <blocPub>7</blocPub>
        <ills>
          <ill classif="CCibm" couleur="gris" edit="1" h="2545" n="52-1" pub="1" seg="1" source="hm" time="2021-01-08T16:52:22.966+01:00" w="1323" x="256" y="1543">
            <txt source="google">"K. 10513 - COMBINAISON - jupon - en voile de coton - garnie plis - et jours. - K. 7544 - COMBINA - jupo - en crêpe de - garnie - et - rococo - 14.75 - La matinée assortie. 14.75 - K. 50037. - 49. - ",</txt>
            <contenuImg CS="0.982" lang="fr" source="ibm">salle d'étude</contenuImg>
            <contenuImg CS="0.772" lang="fr" source="ibm">vêtements</contenuImg>
            <contenuImg CS="0.96" coul="1" lang="fr" source="ibm">gris</contenuImg>
            <contenuImg CS="0.892" coul="1" lang="fr" source="ibm">gris cendré</contenuImg>
            <contenuImg CS="0.892" coul="1" lang="en" source="ibm">ash grey color</contenuImg>
            <contenuImg CS="0.96" coul="1" lang="en" source="ibm">gray color</contenuImg>
            <contenuImg CS="0.772" lang="en" source="ibm">clothing</contenuImg>
            <contenuImg CS="0.982" lang="en" source="ibm">study</contenuImg>
            <fonction source="final">repro/dessin</fonction>
            <fonction source="md">repro/dessin</fonction>
            <tech source="final">imp photoméca</tech>
            <tech source="md">imp photoméca</tech>
            <genre source="hm" time="2021-01-08T16:52:43.127+01:00">publicité</genre>
            <genre source="final">publicité</genre>
          </ill>
        </ills>
        <blocIll ocr="0">1</blocIll>
      </page>
      <page hauteurPx="5129" largeurPx="3683" ordre="53">
        <nbMot>142</nbMot>
        <blocTexte>9</blocTexte>
        <blocTab>0</blocTab>
        <blocPub>8</blocPub>
        <blocIll ocr="1">2</blocIll>
        <ills>
          <ill classif="CCyolo CCibm" couleur="gris" h="1125" n="53-1" pub="1" taille="0" w="1685" x="127" y="2675">
            <contenuImg CS="0.599" lang="fr" source="ibm">personne</contenuImg>
            <contenuImg CS="0.7" lang="fr" source="ibm">clavecin (instrument de musique)</contenuImg>
            <contenuImg CS="0.701" lang="fr" source="ibm">instrument à cordes</contenuImg>
            <contenuImg CS="0.702" lang="fr" source="ibm">instrument de musique</contenuImg>
            <contenuImg CS="0.596" lang="fr" source="ibm">instrument</contenuImg>
            <contenuImg CS="0.98" coul="1" lang="fr" source="ibm">noir</contenuImg>
            <contenuImg CS="0.8" coul="1" lang="fr" source="ibm">noir charbon</contenuImg>
            <contenuImg CS="0.8" coul="1" lang="en" source="ibm">coal black color</contenuImg>
            <contenuImg CS="0.98" coul="1" lang="en" source="ibm">black color</contenuImg>
            <contenuImg CS="0.596" lang="en" source="ibm">instrument</contenuImg>
            <contenuImg CS="0.702" lang="en" source="ibm">musical instrument</contenuImg>
            <contenuImg CS="0.701" lang="en" source="ibm">stringed instrument</contenuImg>
            <contenuImg CS="0.7" lang="en" source="ibm">harpsichord (musical instrument)</contenuImg>
            <contenuImg CS="0.599" lang="en" source="ibm">person</contenuImg>
            <contenuImg CS="0.54" h="883" lang="fr" source="yolo" w="300" x="40" y="133">personne</contenuImg>
            <contenuImg CS="0.54" h="883" lang="en" source="yolo" w="300" x="40" y="133">person</contenuImg>
            <contenuImg CS="0.98" h="590" lang="en" source="yolo" w="323" x="536" y="500">person</contenuImg>
            <genre source="final">publicité</genre>
            <genre source="md">publicité</genre>
            <fonction source="final">repro/photo</fonction>
            <tech source="final">imp photoméca</tech>
            <fonction CS="0.99" source="TensorFlow">repro/photo</fonction>
            <tech CS="1" source="md">imp photoméca</tech>
            <leg>1 ODEOLA développe et forme chez les enfants le goût de la musique PARIS SUCCURSALES: I LILLE USIne 1 1. rue B l d la L .b t i i, rue 51, Boitl. de TO LIBERTÉ 6, rue M ARC-SEGUIN DU 4-SEPTEMBRE BRUXELLES PARIS Tél.: Louvre 31-15 6, Rue Thérésienne PARIS ANCIENNE MAISON DAMON SABINO FABRICANT I APPAREILS ) COPIE D ANCIEN D ÉCLAIRAGE ET MODERNE TRANSFORMATIONS D APPAREILS</leg>
            <txt>PARTIR DU Sr„n p ° = uo Ir © ir fl ® ET 111111111111111111111111111111111111111111111 LA ( NOUVELLE COLLECTION SERA MONTRÉE CHEZ * A /f~  n\ !f f~ ~0 t AGNÈS IL MADAME HAVET, DIRECTRICE A 7, RUE AUBER, PARIS</txt>
          </ill>
          <ill classif="CCibm" couleur="gris" edit="1" h="1424" n="53-2" pub="1" seg="1" source="hm" time="2021-01-08T16:52:49.078+01:00" w="1206" x="2051" y="3217">
            <txt source="google">"D'APPAREILS - BRONZES - LUSTRES - A CRISTAUX - FERS FORGÉS - FERRONNERIE - D'ART - BOIS SCULPTÉ - ",</txt>
            <contenuImg CS="0.888" lang="fr" source="ibm">applique (éclairage)</contenuImg>
            <contenuImg CS="0.888" lang="fr" source="ibm">source de lumière</contenuImg>
            <contenuImg CS="0.586" lang="fr" source="ibm">girandole (bougeoir)</contenuImg>
            <contenuImg CS="0.586" lang="fr" source="ibm">étui</contenuImg>
            <contenuImg CS="0.8" lang="fr" source="ibm">support</contenuImg>
            <contenuImg CS="0.68" coul="1" lang="fr" source="ibm">verdâtre</contenuImg>
            <contenuImg CS="0.668" coul="1" lang="fr" source="ibm">cuivre (couleur)</contenuImg>
            <contenuImg CS="0.668" coul="1" lang="en" source="ibm">copper color</contenuImg>
            <contenuImg CS="0.68" coul="1" lang="en" source="ibm">greenishness color</contenuImg>
            <contenuImg CS="0.8" lang="en" source="ibm">holding device</contenuImg>
            <contenuImg CS="0.586" lang="en" source="ibm">holder</contenuImg>
            <contenuImg CS="0.586" lang="en" source="ibm">girandole (candleholder)</contenuImg>
            <contenuImg CS="0.888" lang="en" source="ibm">light source</contenuImg>
            <contenuImg CS="0.888" lang="en" source="ibm">sconce (lighting)</contenuImg>
            <fonction source="final">repro/dessin</fonction>
            <fonction source="md">repro/dessin</fonction>
            <tech source="final">imp photoméca</tech>
            <tech source="md">imp photoméca</tech>
            <genre source="hm" time="2021-01-08T16:53:10.159+01:00">publicité</genre>
            <genre source="final">publicité</genre>
          </ill>
        </ills>
      </page>
      <page hauteurPx="5075" largeurPx="3637" ordre="54">
        <nbMot>593</nbMot>
        <blocTexte>28</blocTexte>
        <blocTab>0</blocTab>
        <blocPub>21</blocPub>
        <ills>
          <ill classif="CCibm" couleur="gris" edit="1" h="1999" n="54-1" pub="1" seg="1" source="hm" time="2021-01-08T16:53:14.229+01:00" w="1276" x="614" y="404">
            <txt source="google">"rose - fulgurante - dentelle d'argent - brillants et perles - nd de soie - rose - OME - 104 - g St-Honoré - mps-Élysées) - LEURS - BES - TEAUX - ",</txt>
            <contenuImg CS="0.596" lang="fr" source="ibm">personne</contenuImg>
            <contenuImg CS="0.651" lang="fr" source="ibm">musée (intérieur)</contenuImg>
            <contenuImg CS="0.525" lang="fr" source="ibm">robe de soirée</contenuImg>
            <contenuImg CS="0.542" lang="fr" source="ibm">vêtements de soirée</contenuImg>
            <contenuImg CS="0.566" lang="fr" source="ibm">robe</contenuImg>
            <contenuImg CS="0.5" lang="fr" source="ibm">stylo et encre</contenuImg>
            <contenuImg CS="0.601" lang="fr" source="ibm">vêtements</contenuImg>
            <contenuImg CS="0.598" lang="fr" source="ibm">tissu</contenuImg>
            <contenuImg CS="0.872" coul="1" lang="fr" source="ibm">ivoire (couleur)</contenuImg>
            <contenuImg CS="0.716" coul="1" lang="fr" source="ibm">gris cendré</contenuImg>
            <contenuImg CS="0.716" coul="1" lang="en" source="ibm">ash grey color</contenuImg>
            <contenuImg CS="0.872" coul="1" lang="en" source="ibm">ivory color</contenuImg>
            <contenuImg CS="0.598" lang="en" source="ibm">fabric</contenuImg>
            <contenuImg CS="0.601" lang="en" source="ibm">clothing</contenuImg>
            <contenuImg CS="0.5" lang="en" source="ibm">pen-and-ink</contenuImg>
            <contenuImg CS="0.566" lang="en" source="ibm">dress</contenuImg>
            <contenuImg CS="0.542" lang="en" source="ibm">eveningwear</contenuImg>
            <contenuImg CS="0.525" lang="en" source="ibm">dinner dress</contenuImg>
            <contenuImg CS="0.651" lang="en" source="ibm">Museum (Indoor)</contenuImg>
            <contenuImg CS="0.596" lang="en" source="ibm">person</contenuImg>
            <fonction source="final">repro/dessin</fonction>
            <fonction source="md">repro/dessin</fonction>
            <tech source="final">imp photoméca</tech>
            <tech source="md">imp photoméca</tech>
            <genre source="hm" time="2021-01-08T16:53:45.414+01:00">publicité</genre>
            <genre source="final">publicité</genre>
          </ill>
        </ills>
        <blocIll ocr="0">1</blocIll>
      </page>
      <page hauteurPx="5059" largeurPx="3625" ordre="55">
        <nbMot>470</nbMot>
        <blocTexte>6</blocTexte>
        <blocTab>0</blocTab>
        <blocPub>6</blocPub>
        <blocIll ocr="0">0</blocIll>
      </page>
      <page hauteurPx="5075" largeurPx="3657" ordre="56">
        <nbMot>27</nbMot>
        <blocTexte>6</blocTexte>
        <blocTab>0</blocTab>
        <blocPub>0</blocPub>
        <blocIll ocr="1">1</blocIll>
        <ills>
          <ill classif="CCyolo CCibm" couleur="gris" derniere="true" edit="1" h="3805" n="56-1" pub="1" taille="3" w="1778" x="521" y="666">
            <contenuImg CS="0.766" lang="fr" source="ibm">banquise</contenuImg>
            <contenuImg CS="0.767" lang="fr" source="ibm">masse de glace</contenuImg>
            <contenuImg CS="0.767" lang="fr" source="ibm">nature</contenuImg>
            <contenuImg CS="0.515" lang="fr" source="ibm">musée d'histoire naturelle</contenuImg>
            <contenuImg CS="0.5" lang="fr" source="ibm">bombe atomique</contenuImg>
            <contenuImg CS="0.503" lang="fr" source="ibm">bombe</contenuImg>
            <contenuImg CS="0.503" lang="fr" source="ibm">dispositif explosif</contenuImg>
            <contenuImg CS="0.595" lang="fr" source="ibm">vêtements</contenuImg>
            <contenuImg CS="0.599" lang="fr" source="ibm">insecte</contenuImg>
            <contenuImg CS="0.627" coul="1" lang="fr" source="ibm">gris</contenuImg>
            <contenuImg CS="0.601" coul="1" lang="fr" source="ibm">ivoire (couleur)</contenuImg>
            <contenuImg CS="0.601" coul="1" lang="en" source="ibm">ivory color</contenuImg>
            <contenuImg CS="0.627" coul="1" lang="en" source="ibm">gray color</contenuImg>
            <contenuImg CS="0.599" lang="en" source="ibm">insect</contenuImg>
            <contenuImg CS="0.595" lang="en" source="ibm">clothing</contenuImg>
            <contenuImg CS="0.503" lang="en" source="ibm">explosive device</contenuImg>
            <contenuImg CS="0.503" lang="en" source="ibm">bomb</contenuImg>
            <contenuImg CS="0.5" lang="en" source="ibm">atom bomb</contenuImg>
            <contenuImg CS="0.515" lang="en" source="ibm">Natural History Museum</contenuImg>
            <contenuImg CS="0.767" lang="en" source="ibm">nature</contenuImg>
            <contenuImg CS="0.767" lang="en" source="ibm">ice mass</contenuImg>
            <contenuImg CS="0.766" lang="en" source="ibm">ice floe</contenuImg>
            <contenuImg CS="0.35" h="3756" lang="fr" source="yolo" w="1536" x="110" y="6">cheval</contenuImg>
            <contenuImg CS="0.35" h="3756" lang="en" source="yolo" w="1536" x="110" y="6">horse</contenuImg>
            <fonction source="final">repro/photo</fonction>
            <tech source="final">imp photoméca</tech>
            <fonction CS="0.51" source="TensorFlow">repro/photo</fonction>
            <tech CS="1" source="md">imp photoméca</tech>
            <leg>Hermine et Singe GRUNWALDT 6, Rue de la Paix, 6 PARIS</leg>
            <txt>G. de MAMIEKBE et C , Imp., 12, Passage des Favorites, Paris. Le Gérant : CHARLES GUÉRIN,</txt>
            <genre source="hm" time="2021-01-08T16:53:52.772+01:00">publicité</genre>
            <genre source="final">publicité</genre>
          </ill>
        </ills>
      </page>
    </pages>
  </contenus>
</analyseAlto>