<analyseAlto>
  <metad>
    <type>R</type>
    <ID>bpt6k6538819k</ID>
    <notice>cb343833568</notice>
    <titre>Vogue 1927/03/01 (Volume 8, Numéro 3)</titre>
    <dateEdition>1927-03-01</dateEdition>
    <lang>fre</lang>
    <source>BnF</source>
    <nbPage>78</nbPage>
  </metad>
  <contenus>
    <largeur>154</largeur>
    <hauteur>215</hauteur>
    <largeurPx>3659</largeurPx>
    <hauteurPx>5095</hauteurPx>
    <pages>
      <page hauteurPx="5095" largeurPx="3659" ordre="1">
        <nbMot>12</nbMot>
        <blocTexte>1</blocTexte>
        <blocTab>0</blocTab>
        <blocPub>0</blocPub>
        <blocIll ocr="1">1</blocIll>
        <ills/>
      </page>
      <page hauteurPx="5099" largeurPx="3649" ordre="2">
        <nbMot>166</nbMot>
        <blocTexte>8</blocTexte>
        <blocTab>0</blocTab>
        <blocPub>8</blocPub>
        <blocIll ocr="1">1</blocIll>
        <ills>
          <ill classif="CCyolo CCibm" couleur="coul" edit="1" h="2301" n="2-1" pub="1" taille="1" w="1810" x="959" y="432">
            <contenuImg CS="0.5" lang="fr" source="ibm">insigne</contenuImg>
            <contenuImg CS="0.541" lang="fr" source="ibm">drapeau</contenuImg>
            <contenuImg CS="0.597" lang="fr" source="ibm">presse écrite</contenuImg>
            <contenuImg CS="0.599" lang="fr" source="ibm">pièce</contenuImg>
            <contenuImg CS="0.605" coul="1" lang="fr" source="ibm">bleu outremer</contenuImg>
            <contenuImg CS="0.605" coul="1" lang="en" source="ibm">ultramarine color</contenuImg>
            <contenuImg CS="0.599" lang="en" source="ibm">room</contenuImg>
            <contenuImg CS="0.597" lang="en" source="ibm">print media</contenuImg>
            <contenuImg CS="0.541" lang="en" source="ibm">flag</contenuImg>
            <contenuImg CS="0.5" lang="en" source="ibm">ensign</contenuImg>
            <contenuImg CS="0.57" h="1110" lang="fr" source="yolo" w="530" x="270" y="580">personne</contenuImg>
            <contenuImg CS="0.43" h="163" lang="fr" source="yolo" w="383" x="733" y="1806">skateboard</contenuImg>
            <contenuImg CS="0.28" h="340" lang="fr" source="yolo" w="216" x="103" y="1760">vase</contenuImg>
            <contenuImg CS="0.28" h="340" lang="en" source="yolo" w="216" x="103" y="1760">vase</contenuImg>
            <contenuImg CS="0.43" h="163" lang="en" source="yolo" w="383" x="733" y="1806">skateboard</contenuImg>
            <contenuImg CS="0.57" h="1110" lang="en" source="yolo" w="530" x="270" y="580">person</contenuImg>
            <contenuImg b="111" coul="1" g="119" ordre="10" r="139" source="colorific" type="frg">#8b776f</contenuImg>
            <contenuImg b="167" coul="1" g="163" ordre="9" r="180" source="colorific" type="frg">#b4a3a7</contenuImg>
            <contenuImg b="56" coul="1" g="52" ordre="8" r="66" source="colorific" type="frg">#423438</contenuImg>
            <contenuImg b="106" coul="1" g="160" ordre="7" r="202" source="colorific" type="frg">#caa06a</contenuImg>
            <contenuImg b="187" coul="1" g="196" ordre="6" r="220" source="colorific" type="frg">#dcc4bb</contenuImg>
            <contenuImg b="99" coul="1" g="88" ordre="5" r="95" source="colorific" type="frg">#5f5863</contenuImg>
            <contenuImg b="255" coul="1" g="255" ordre="4" r="255" source="colorific" type="frg">#ffffff</contenuImg>
            <contenuImg b="129" coul="1" g="100" ordre="3" r="155" source="colorific" type="frg">#9b6481</contenuImg>
            <contenuImg b="180" coul="1" g="202" ordre="2" r="225" source="colorific" type="frg">#e1cab4</contenuImg>
            <contenuImg b="150" coul="1" g="109" ordre="1" r="86" source="colorific" type="frg">#566d96</contenuImg>
            <genre source="final">publicité</genre>
            <genre source="md">publicité</genre>
            <fonction source="final">repro/dessin</fonction>
            <tech source="final">imp photoméca</tech>
            <fonction CS="0.67" source="TensorFlow">repro/dessin</fonction>
            <tech CS="1" source="md">imp photoméca</tech>
            <leg>Babette au Maroc Le désert. Le ciel bleu. Babette sous la tente !</leg>
          </ill>
        </ills>
      </page>
      <page hauteurPx="5061" largeurPx="3621" ordre="3">
        <nbMot>590</nbMot>
        <blocTexte>29</blocTexte>
        <blocTab>3</blocTab>
        <blocPub>0</blocPub>
        <blocIll ocr="0">0</blocIll>
      </page>
      <page hauteurPx="5081" largeurPx="3617" ordre="4">
        <nbMot>61</nbMot>
        <blocTexte>5</blocTexte>
        <blocTab>0</blocTab>
        <blocPub>0</blocPub>
        <blocIll ocr="1">1</blocIll>
        <ills/>
      </page>
      <page hauteurPx="5083" largeurPx="3639" ordre="5">
        <nbMot>387</nbMot>
        <blocTexte>16</blocTexte>
        <blocTab>0</blocTab>
        <blocPub>0</blocPub>
        <blocIll ocr="1">1</blocIll>
        <ills/>
      </page>
      <page hauteurPx="5097" largeurPx="3639" ordre="6">
        <nbMot>354</nbMot>
        <blocTexte>9</blocTexte>
        <blocTab>0</blocTab>
        <blocPub>0</blocPub>
        <blocIll ocr="1">1</blocIll>
        <ills/>
      </page>
      <page hauteurPx="5123" largeurPx="3695" ordre="7">
        <nbMot>356</nbMot>
        <blocTexte>10</blocTexte>
        <blocTab>0</blocTab>
        <blocPub>0</blocPub>
        <blocIll ocr="1">1</blocIll>
        <ills/>
      </page>
      <page hauteurPx="5105" largeurPx="3659" ordre="8">
        <nbMot>71</nbMot>
        <blocTexte>4</blocTexte>
        <blocTab>0</blocTab>
        <blocPub>0</blocPub>
        <blocIll ocr="1">1</blocIll>
        <ills>
          <ill classif="CCyolo CCibm" couleur="gris" h="3076" n="8-1" pub="1" taille="4" w="2858" x="548" y="505">
            <contenuImg CS="0.764" lang="fr" source="ibm">personne</contenuImg>
            <contenuImg CS="0.952" lang="fr" source="ibm">musée (intérieur)</contenuImg>
            <contenuImg CS="0.798" lang="fr" source="ibm">pièce</contenuImg>
            <contenuImg CS="0.797" lang="fr" source="ibm">vêtements</contenuImg>
            <contenuImg CS="0.955" coul="1" lang="fr" source="ibm">albâtre</contenuImg>
            <contenuImg CS="0.72" coul="1" lang="fr" source="ibm">gris cendré</contenuImg>
            <contenuImg CS="0.72" coul="1" lang="en" source="ibm">ash grey color</contenuImg>
            <contenuImg CS="0.955" coul="1" lang="en" source="ibm">alabaster color</contenuImg>
            <contenuImg CS="0.797" lang="en" source="ibm">clothing</contenuImg>
            <contenuImg CS="0.798" lang="en" source="ibm">room</contenuImg>
            <contenuImg CS="0.952" lang="en" source="ibm">Museum (Indoor)</contenuImg>
            <contenuImg CS="0.764" lang="en" source="ibm">person</contenuImg>
            <contenuImg CS="0.81" h="2946" lang="fr" source="yolo" w="2600" x="146" y="96">personne</contenuImg>
            <contenuImg CS="0.81" h="2946" lang="en" source="yolo" w="2600" x="146" y="96">person</contenuImg>
            <genre source="final">publicité</genre>
            <genre source="md">publicité</genre>
            <fonction source="final">repro/dessin</fonction>
            <tech source="final">imp photoméca</tech>
            <fonction CS="0.70" source="TensorFlow">repro/dessin</fonction>
            <tech CS="1" source="md">imp photoméca</tech>
            <leg>MARCELLE ROZE Les garnitures en arrière, sur la nuquet sbnt l un des détails importants de la mode. Elles sont obtenues soit par une fleur ou un motif rapporté, mais plus souvent encore par la passe elle-même, découpée et croisée, ce qui est le cas pour ce feutre mastic dont les bords baissent de côté et relèvent devant f) f -2 u vlaju, rî(-, n ec, 42 ( V</leg>
            <txt>6 VOGUE * 6 VOGUE *</txt>
          </ill>
        </ills>
      </page>
      <page hauteurPx="5093" largeurPx="3655" ordre="9">
        <nbMot>59</nbMot>
        <blocTexte>4</blocTexte>
        <blocTab>0</blocTab>
        <blocPub>0</blocPub>
        <blocIll ocr="1">1</blocIll>
        <ills>
          <ill classif="CCyolo CCibm" couleur="gris" h="3134" n="9-1" pub="1" taille="4" w="2854" x="281" y="395">
            <contenuImg CS="0.55" lang="fr" source="ibm">banquise</contenuImg>
            <contenuImg CS="0.553" lang="fr" source="ibm">masse de glace</contenuImg>
            <contenuImg CS="0.553" lang="fr" source="ibm">nature</contenuImg>
            <contenuImg CS="0.546" lang="fr" source="ibm">infirmière</contenuImg>
            <contenuImg CS="0.547" lang="fr" source="ibm">personne</contenuImg>
            <contenuImg CS="0.501" lang="fr" source="ibm">pointe d'argent</contenuImg>
            <contenuImg CS="0.5" lang="fr" source="ibm">bandeau</contenuImg>
            <contenuImg CS="0.6" lang="fr" source="ibm">pièce</contenuImg>
            <contenuImg CS="0.591" lang="fr" source="ibm">coiffure</contenuImg>
            <contenuImg CS="0.786" coul="1" lang="fr" source="ibm">albâtre</contenuImg>
            <contenuImg CS="0.781" coul="1" lang="fr" source="ibm">gris cendré</contenuImg>
            <contenuImg CS="0.781" coul="1" lang="en" source="ibm">ash grey color</contenuImg>
            <contenuImg CS="0.786" coul="1" lang="en" source="ibm">alabaster color</contenuImg>
            <contenuImg CS="0.591" lang="en" source="ibm">headdress</contenuImg>
            <contenuImg CS="0.6" lang="en" source="ibm">room</contenuImg>
            <contenuImg CS="0.5" lang="en" source="ibm">blindfold</contenuImg>
            <contenuImg CS="0.501" lang="en" source="ibm">silverpoint</contenuImg>
            <contenuImg CS="0.547" lang="en" source="ibm">person</contenuImg>
            <contenuImg CS="0.546" lang="en" source="ibm">nurse</contenuImg>
            <contenuImg CS="0.553" lang="en" source="ibm">nature</contenuImg>
            <contenuImg CS="0.553" lang="en" source="ibm">ice mass</contenuImg>
            <contenuImg CS="0.55" lang="en" source="ibm">ice floe</contenuImg>
            <contenuImg CS="0.83" h="2753" lang="fr" source="yolo" w="2443" x="186" y="223">personne</contenuImg>
            <contenuImg CS="0.83" h="2753" lang="en" source="yolo" w="2443" x="186" y="223">person</contenuImg>
            <genre source="final">publicité</genre>
            <genre source="md">publicité</genre>
            <fonction source="final">repro/dessin</fonction>
            <tech source="final">imp photoméca</tech>
            <fonction CS="0.47" source="TensorFlow">repro/dessin</fonction>
            <tech CS="1" source="md">imp photoméca</tech>
            <leg>/f  ¡;;Z19R!Pk c le 4!ff MARIE-ALPHONSINE La calotte est toujours assouplie d un mouvement drapé plus ou moins accusé, et les bords perdent aussi leur habituelle régularité. Sur cette forme en bambou naturel (qui est une qualité légère de Manille) la passe s évase sur les côtés. Sur le gros-grain marine est posée une ceinture de peau rouge</leg>
            <txt>1er Mars 7 1er Mars 7</txt>
          </ill>
        </ills>
      </page>
      <page hauteurPx="5101" largeurPx="3671" ordre="10">
        <nbMot>90</nbMot>
        <blocTexte>7</blocTexte>
        <blocTab>0</blocTab>
        <blocPub>0</blocPub>
        <blocIll ocr="1">1</blocIll>
        <ills/>
      </page>
      <page hauteurPx="5103" largeurPx="3667" ordre="11">
        <nbMot>164</nbMot>
        <blocTexte>10</blocTexte>
        <blocTab>0</blocTab>
        <blocPub>0</blocPub>
        <blocIll ocr="1">1</blocIll>
        <ills/>
      </page>
      <page hauteurPx="5061" largeurPx="3645" ordre="12">
        <nbMot>2</nbMot>
        <blocTexte>1</blocTexte>
        <blocTab>0</blocTab>
        <blocPub>0</blocPub>
        <blocIll ocr="1">1</blocIll>
        <ills/>
      </page>
      <page hauteurPx="5083" largeurPx="3645" ordre="13">
        <nbMot>545</nbMot>
        <blocTexte>13</blocTexte>
        <blocTab>0</blocTab>
        <blocPub>0</blocPub>
        <blocIll ocr="1">1</blocIll>
        <ills/>
      </page>
      <page hauteurPx="5107" largeurPx="3715" ordre="14">
        <nbMot>417</nbMot>
        <blocTexte>13</blocTexte>
        <blocTab>0</blocTab>
        <blocPub>0</blocPub>
        <blocIll ocr="1">1</blocIll>
        <ills/>
      </page>
      <page hauteurPx="5095" largeurPx="3663" ordre="15">
        <nbMot>427</nbMot>
        <blocTexte>15</blocTexte>
        <blocTab>0</blocTab>
        <blocPub>0</blocPub>
        <blocIll ocr="1">1</blocIll>
        <ills/>
      </page>
      <page hauteurPx="5077" largeurPx="3679" ordre="16">
        <nbMot>488</nbMot>
        <blocTexte>24</blocTexte>
        <blocTab>0</blocTab>
        <blocPub>0</blocPub>
        <blocIll ocr="3">3</blocIll>
        <ills>
          <ill classif="CCibm" couleur="gris" h="2434" n="16-3" pub="1" taille="2" w="1770" x="1796" y="402">
            <contenuImg CS="0.567" lang="fr" source="ibm">alcôve</contenuImg>
            <contenuImg CS="0.713" lang="fr" source="ibm">haie bocagère</contenuImg>
            <contenuImg CS="0.546" lang="fr" source="ibm">chambre funéraire</contenuImg>
            <contenuImg CS="0.54" lang="fr" source="ibm">arche</contenuImg>
            <contenuImg CS="0.5" lang="fr" source="ibm">porte coulissante</contenuImg>
            <contenuImg CS="0.6" lang="fr" source="ibm">pièce</contenuImg>
            <contenuImg CS="0.819" coul="1" lang="fr" source="ibm">gris</contenuImg>
            <contenuImg CS="0.569" coul="1" lang="fr" source="ibm">charbon (couleur)</contenuImg>
            <contenuImg CS="0.569" coul="1" lang="en" source="ibm">charcoal color</contenuImg>
            <contenuImg CS="0.819" coul="1" lang="en" source="ibm">gray color</contenuImg>
            <contenuImg CS="0.6" lang="en" source="ibm">room</contenuImg>
            <contenuImg CS="0.5" lang="en" source="ibm">Barndoor</contenuImg>
            <contenuImg CS="0.54" lang="en" source="ibm">arch</contenuImg>
            <contenuImg CS="0.546" lang="en" source="ibm">burial chamber</contenuImg>
            <contenuImg CS="0.713" lang="en" source="ibm">enclosure</contenuImg>
            <contenuImg CS="0.567" lang="en" source="ibm">recess</contenuImg>
            <genre source="final">publicité</genre>
            <genre source="md">publicité</genre>
            <fonction source="final">repro/photo</fonction>
            <tech source="final">imp photoméca</tech>
            <fonction CS="0.90" source="TensorFlow">repro/photo</fonction>
            <tech CS="1" source="md">imp photoméca</tech>
            <leg>Hoyningen-Huene (En haut) Des fils noirs et blancs sont combinés dans le Tissecla moucheté. (A droite) Le Djersa Buranic Ombraia, rayé horizontalement de couleurs peu voyantes avec effet ombré. (En bas) Le Kashatulla, lainage uni, tissé en réseaux serrés rappelant ceux du tulle (/~) ~7~  r~-e~ c~6/ s~/QL~ JJB-erv comrru^ cb^ C/JZ rorut usue, Tlj3 jj^eajudb2j de la Q/cxZfon. u</leg>
            <txt>Le Tuslikasha, qui a une trame en laine et une chaine en soie, rappelle le tussor. Patou remploie en gris clair JEAN PATOU</txt>
          </ill>
        </ills>
      </page>
      <page hauteurPx="5081" largeurPx="3647" ordre="17">
        <nbMot>496</nbMot>
        <blocTexte>21</blocTexte>
        <blocTab>0</blocTab>
        <blocPub>0</blocPub>
        <blocIll ocr="3">3</blocIll>
        <ills>
          <ill classif="CCyolo CCibm" couleur="gris" h="2235" n="17-3" pub="1" taille="0" w="626" x="2704" y="941">
            <contenuImg CS="0.596" lang="fr" source="ibm">tambour-major</contenuImg>
            <contenuImg CS="0.544" lang="fr" source="ibm">suffragette</contenuImg>
            <contenuImg CS="0.82" lang="fr" source="ibm">personne</contenuImg>
            <contenuImg CS="0.512" lang="fr" source="ibm">personnes</contenuImg>
            <contenuImg CS="0.5" lang="fr" source="ibm">khédive (vice-roi)</contenuImg>
            <contenuImg CS="0.795" lang="fr" source="ibm">assiette</contenuImg>
            <contenuImg CS="0.799" lang="fr" source="ibm">vêtements</contenuImg>
            <contenuImg CS="0.799" lang="fr" source="ibm">armure</contenuImg>
            <contenuImg CS="0.869" coul="1" lang="fr" source="ibm">gris cendré</contenuImg>
            <contenuImg CS="0.664" coul="1" lang="fr" source="ibm">ivoire (couleur)</contenuImg>
            <contenuImg CS="0.664" coul="1" lang="en" source="ibm">ivory color</contenuImg>
            <contenuImg CS="0.869" coul="1" lang="en" source="ibm">ash grey color</contenuImg>
            <contenuImg CS="0.799" lang="en" source="ibm">armor</contenuImg>
            <contenuImg CS="0.799" lang="en" source="ibm">clothing</contenuImg>
            <contenuImg CS="0.795" lang="en" source="ibm">plate</contenuImg>
            <contenuImg CS="0.5" lang="en" source="ibm">Khedive (viceroy)</contenuImg>
            <contenuImg CS="0.512" lang="en" source="ibm">people</contenuImg>
            <contenuImg CS="0.544" lang="en" source="ibm">women's voting rights activist</contenuImg>
            <contenuImg CS="0.82" lang="en" source="ibm">person</contenuImg>
            <contenuImg CS="0.596" lang="en" source="ibm">drum major</contenuImg>
            <contenuImg CS="0.63" h="1966" lang="fr" source="yolo" w="496" x="63" y="246">personne</contenuImg>
            <contenuImg CS="0.31" h="160" lang="fr" source="yolo" w="43" x="213" y="593">cravate</contenuImg>
            <contenuImg CS="0.31" h="160" lang="en" source="yolo" w="43" x="213" y="593">tie</contenuImg>
            <contenuImg CS="0.63" h="1966" lang="en" source="yolo" w="496" x="63" y="246">person</contenuImg>
            <genre source="final">publicité</genre>
            <genre source="md">publicité</genre>
            <fonction source="final">repro/dessin</fonction>
            <tech source="final">imp photoméca</tech>
            <fonction CS="0.79" source="TensorFlow">repro/dessin</fonction>
            <tech CS="1" source="md">imp photoméca</tech>
            <leg>MARY NOWITZKY Le Croky Crêpe est une cotonnade tissée en nids d abeille extrêmement fins. Bandes à impressions Tchainic sorte de très gros crêpe de laine dont chaque fil est en trois épaisseurs. Le Kashacrêpella, crêpella tissé de fils doubles. Le Kashatulla à réseau de tulle, plus léger et plus serré que le précédent tissu de même nom. Le crêpella, si largement employé en ce moment pour le sport et la robe simple, donne naissance à plusieurs variantes. Les deux principales sont le Mouslicrêpella, crêpella mousseline transparent comme du crêpe Georgette, et le Kashacrêpella déjà mentionné dans le précédent paragraphe.</leg>
            <txt>Les dessins viennent en coloris atténués sur ce peignoir de bain où alternent tissage uni et tissage en bouclettes MARY NOWITZKY</txt>
          </ill>
        </ills>
      </page>
      <page hauteurPx="5107" largeurPx="3695" ordre="18">
        <nbMot>493</nbMot>
        <blocTexte>19</blocTexte>
        <blocTab>0</blocTab>
        <blocPub>0</blocPub>
        <blocIll ocr="3">3</blocIll>
        <ills>
          <ill classif="CCyolo CCibm" couleur="gris" h="2023" n="18-3" pub="1" taille="0" w="498" x="2973" y="1162">
            <contenuImg CS="0.5" lang="fr" source="ibm">gilet</contenuImg>
            <contenuImg CS="0.599" lang="fr" source="ibm">personne</contenuImg>
            <contenuImg CS="0.755" lang="fr" source="ibm">jabot (volant de robe)</contenuImg>
            <contenuImg CS="0.505" lang="fr" source="ibm">vêtement</contenuImg>
            <contenuImg CS="0.6" lang="fr" source="ibm">vêtements</contenuImg>
            <contenuImg CS="0.592" lang="fr" source="ibm">tissu</contenuImg>
            <contenuImg CS="0.907" coul="1" lang="fr" source="ibm">gris</contenuImg>
            <contenuImg CS="0.806" coul="1" lang="fr" source="ibm">ivoire (couleur)</contenuImg>
            <contenuImg CS="0.806" coul="1" lang="en" source="ibm">ivory color</contenuImg>
            <contenuImg CS="0.907" coul="1" lang="en" source="ibm">gray color</contenuImg>
            <contenuImg CS="0.592" lang="en" source="ibm">fabric</contenuImg>
            <contenuImg CS="0.6" lang="en" source="ibm">clothing</contenuImg>
            <contenuImg CS="0.505" lang="en" source="ibm">garment</contenuImg>
            <contenuImg CS="0.5" lang="en" source="ibm">waistcoat</contenuImg>
            <contenuImg CS="0.755" lang="en" source="ibm">jabot (ruffle of dress)</contenuImg>
            <contenuImg CS="0.599" lang="en" source="ibm">person</contenuImg>
            <contenuImg CS="0.42" h="1873" lang="fr" source="yolo" w="370" x="26" y="100">personne</contenuImg>
            <contenuImg CS="0.42" h="1873" lang="en" source="yolo" w="370" x="26" y="100">person</contenuImg>
            <genre source="final">publicité</genre>
            <genre source="md">publicité</genre>
            <fonction source="final">repro/dessin</fonction>
            <tech source="final">imp photoméca</tech>
            <fonction CS="0.97" source="TensorFlow">repro/dessin</fonction>
            <tech CS="1" source="md">imp photoméca</tech>
            <leg>MARTIAL ET ARMAND Le crêpe côtelé dont est fait ce modèle a l apparence et le poids d un lourd crêpe de soie. Il est garni de crêpe plus clair zontales ou diagonales. Mais toujours par le seul effet du tissage et le mélange intime des fils de deux, trois ou quatre nuances. Et la petitesse des dessins ainsi formés, la prépondérance donnée à une teinte sur les autres, suppriment les oppositions et tendent à unifier la surface. Le Decania, reproduit sur cette page, est un exemple typique. Sur le fond de laine beige-champagne courent des fils de soie blanche qui dessinent en fines lignes un dessin de parqueterie. L Alvea nous offre une autre version de cette même idée : ici, fils noirs et fils roses s opposent en alvéoles minuscules, mais les seconds dominent suffisamment pour que l étoffe, à courte distance, apparaisse à la vue entièrement rose. (Suite page 56)</leg>
            <txt>Les différentes couleurs des fils ressortent soit en reflets mouchetés ou en petites taches irrégulières, soit en pavés, pieds de poule, petites grecques entrelacées ou carrelages minuscules, soit encore en lignes ondées hori- Dans l ensemble, les nuances très claires sont presque les seules employées pour ce type d étoffe.</txt>
          </ill>
        </ills>
      </page>
      <page hauteurPx="5061" largeurPx="3621" ordre="19">
        <nbMot>119</nbMot>
        <blocTexte>6</blocTexte>
        <blocTab>0</blocTab>
        <blocPub>0</blocPub>
        <blocIll ocr="1">1</blocIll>
        <ills/>
      </page>
      <page hauteurPx="5115" largeurPx="3685" ordre="20">
        <nbMot>682</nbMot>
        <blocTexte>12</blocTexte>
        <blocTab>0</blocTab>
        <blocPub>0</blocPub>
        <blocIll ocr="2">2</blocIll>
        <ills/>
      </page>
      <page hauteurPx="5061" largeurPx="3621" ordre="21">
        <nbMot>804</nbMot>
        <blocTexte>14</blocTexte>
        <blocTab>0</blocTab>
        <blocPub>0</blocPub>
        <blocIll ocr="1">1</blocIll>
        <ills/>
      </page>
      <page hauteurPx="5121" largeurPx="3707" ordre="22">
        <nbMot>39</nbMot>
        <blocTexte>5</blocTexte>
        <blocTab>0</blocTab>
        <blocPub>0</blocPub>
        <blocIll ocr="1">1</blocIll>
        <ills/>
      </page>
      <page hauteurPx="5069" largeurPx="3655" ordre="23">
        <nbMot>32</nbMot>
        <blocTexte>4</blocTexte>
        <blocTab>0</blocTab>
        <blocPub>0</blocPub>
        <blocIll ocr="1">1</blocIll>
        <ills/>
      </page>
      <page hauteurPx="5111" largeurPx="3693" ordre="24">
        <nbMot>145</nbMot>
        <blocTexte>8</blocTexte>
        <blocTab>0</blocTab>
        <blocPub>0</blocPub>
        <blocIll ocr="2">2</blocIll>
        <ills/>
      </page>
      <page hauteurPx="5045" largeurPx="3629" ordre="25">
        <nbMot>153</nbMot>
        <blocTexte>8</blocTexte>
        <blocTab>0</blocTab>
        <blocPub>0</blocPub>
        <blocIll ocr="3">3</blocIll>
        <ills/>
      </page>
      <page hauteurPx="5121" largeurPx="3707" ordre="26">
        <nbMot>285</nbMot>
        <blocTexte>14</blocTexte>
        <blocTab>0</blocTab>
        <blocPub>0</blocPub>
        <blocIll ocr="1">1</blocIll>
        <ills/>
      </page>
      <page hauteurPx="5045" largeurPx="3621" ordre="27">
        <nbMot>149</nbMot>
        <blocTexte>12</blocTexte>
        <blocTab>0</blocTab>
        <blocPub>0</blocPub>
        <blocIll ocr="1">1</blocIll>
        <ills/>
      </page>
      <page hauteurPx="5137" largeurPx="3743" ordre="28">
        <nbMot>59</nbMot>
        <blocTexte>4</blocTexte>
        <blocTab>0</blocTab>
        <blocPub>0</blocPub>
        <blocIll ocr="1">1</blocIll>
        <ills/>
      </page>
      <page hauteurPx="5057" largeurPx="3637" ordre="29">
        <nbMot>952</nbMot>
        <blocTexte>38</blocTexte>
        <blocTab>0</blocTab>
        <blocPub>0</blocPub>
        <blocIll ocr="0">0</blocIll>
      </page>
      <page hauteurPx="5133" largeurPx="3711" ordre="30">
        <nbMot>103</nbMot>
        <blocTexte>5</blocTexte>
        <blocTab>0</blocTab>
        <blocPub>0</blocPub>
        <blocIll ocr="3">3</blocIll>
        <ills/>
      </page>
      <page hauteurPx="5059" largeurPx="3657" ordre="31">
        <nbMot>573</nbMot>
        <blocTexte>22</blocTexte>
        <blocTab>0</blocTab>
        <blocPub>0</blocPub>
        <blocIll ocr="3">3</blocIll>
        <ills>
          <ill classif="CCyolo CCibm" couleur="gris" h="1660" n="31-3" pub="1" taille="0" w="1010" x="2282" y="586">
            <contenuImg CS="0.822" lang="fr" source="ibm">pilote de chasse</contenuImg>
            <contenuImg CS="0.823" lang="fr" source="ibm">aviateur</contenuImg>
            <contenuImg CS="0.823" lang="fr" source="ibm">personne</contenuImg>
            <contenuImg CS="0.5" lang="fr" source="ibm">hystérosalpingographie (rayons x)</contenuImg>
            <contenuImg CS="0.505" lang="fr" source="ibm">radiogramme</contenuImg>
            <contenuImg CS="0.853" coul="1" lang="fr" source="ibm">gris</contenuImg>
            <contenuImg CS="0.684" coul="1" lang="fr" source="ibm">noir</contenuImg>
            <contenuImg CS="0.684" coul="1" lang="en" source="ibm">black color</contenuImg>
            <contenuImg CS="0.853" coul="1" lang="en" source="ibm">gray color</contenuImg>
            <contenuImg CS="0.505" lang="en" source="ibm">radiogram</contenuImg>
            <contenuImg CS="0.5" lang="en" source="ibm">hysterosalpingogram (x-ray)</contenuImg>
            <contenuImg CS="0.823" lang="en" source="ibm">person</contenuImg>
            <contenuImg CS="0.823" lang="en" source="ibm">aviator</contenuImg>
            <contenuImg CS="0.822" lang="en" source="ibm">fighter pilot</contenuImg>
            <contenuImg CS="0.85" h="1323" lang="fr" source="yolo" w="860" x="6" y="170">personne</contenuImg>
            <contenuImg CS="0.85" h="1323" lang="en" source="yolo" w="860" x="6" y="170">person</contenuImg>
            <genre source="final">publicité</genre>
            <genre source="md">publicité</genre>
            <fonction source="final">repro/photo</fonction>
            <tech source="final">imp photoméca</tech>
            <fonction CS="0.99" source="TensorFlow">repro/photo</fonction>
            <tech CS="1" source="md">imp photoméca</tech>
            <leg>Abbé Mme Colette a tenu pendant deux semaines, au théâtre de l Avenue, le rôle de la Vagabonde, son héroïne. Paris lui a fait, ainsi qu à M. Paul Poiret, son partenaire,un accueil des plus sympathiquement chaleureux SUD LA SCENE parj T-. lEy isc~)~ E</leg>
            <txt>Hoyningen-Huene M. Paul Poiret dans une autre de ses incarnations : celle du mime Brague dans La Vagabonde  , la comédie tirée du roman de Mme Colette, dont quelques représentations ont eu lieu au théâtre de l Avenue</txt>
          </ill>
        </ills>
      </page>
      <page hauteurPx="5081" largeurPx="3609" ordre="32">
        <nbMot>104</nbMot>
        <blocTexte>8</blocTexte>
        <blocTab>0</blocTab>
        <blocPub>0</blocPub>
        <blocIll ocr="1">1</blocIll>
        <ills/>
      </page>
      <page hauteurPx="5045" largeurPx="3637" ordre="33">
        <nbMot>47</nbMot>
        <blocTexte>3</blocTexte>
        <blocTab>0</blocTab>
        <blocPub>0</blocPub>
        <blocIll ocr="2">2</blocIll>
        <ills/>
      </page>
      <page hauteurPx="5081" largeurPx="3685" ordre="34">
        <nbMot>117</nbMot>
        <blocTexte>6</blocTexte>
        <blocTab>0</blocTab>
        <blocPub>0</blocPub>
        <blocIll ocr="2">2</blocIll>
        <ills/>
      </page>
      <page hauteurPx="5065" largeurPx="3663" ordre="35">
        <nbMot>140</nbMot>
        <blocTexte>7</blocTexte>
        <blocTab>0</blocTab>
        <blocPub>0</blocPub>
        <blocIll ocr="3">3</blocIll>
        <ills/>
      </page>
      <page hauteurPx="5107" largeurPx="3719" ordre="36">
        <nbMot>107</nbMot>
        <blocTexte>6</blocTexte>
        <blocTab>0</blocTab>
        <blocPub>0</blocPub>
        <blocIll ocr="3">3</blocIll>
        <ills/>
      </page>
      <page hauteurPx="5079" largeurPx="3685" ordre="37">
        <nbMot>128</nbMot>
        <blocTexte>13</blocTexte>
        <blocTab>0</blocTab>
        <blocPub>0</blocPub>
        <blocIll ocr="4">4</blocIll>
        <ills/>
      </page>
      <page hauteurPx="5097" largeurPx="3707" ordre="38">
        <nbMot>251</nbMot>
        <blocTexte>10</blocTexte>
        <blocTab>0</blocTab>
        <blocPub>0</blocPub>
        <blocIll ocr="1">1</blocIll>
        <ills/>
      </page>
      <page hauteurPx="5085" largeurPx="3703" ordre="39">
        <nbMot>341</nbMot>
        <blocTexte>8</blocTexte>
        <blocTab>0</blocTab>
        <blocPub>0</blocPub>
        <blocIll ocr="1">1</blocIll>
        <ills/>
      </page>
      <page hauteurPx="5097" largeurPx="3707" ordre="40">
        <nbMot>397</nbMot>
        <blocTexte>7</blocTexte>
        <blocTab>0</blocTab>
        <blocPub>0</blocPub>
        <blocIll ocr="1">1</blocIll>
        <ills/>
      </page>
      <page hauteurPx="5045" largeurPx="3641" ordre="41">
        <nbMot>565</nbMot>
        <blocTexte>23</blocTexte>
        <blocTab>0</blocTab>
        <blocPub>0</blocPub>
        <blocIll ocr="1">1</blocIll>
        <ills/>
      </page>
      <page hauteurPx="5091" largeurPx="3711" ordre="42">
        <nbMot>383</nbMot>
        <blocTexte>14</blocTexte>
        <blocTab>0</blocTab>
        <blocPub>0</blocPub>
        <blocIll ocr="1">1</blocIll>
        <ills/>
      </page>
      <page hauteurPx="5045" largeurPx="3641" ordre="43">
        <nbMot>437</nbMot>
        <blocTexte>12</blocTexte>
        <blocTab>0</blocTab>
        <blocPub>0</blocPub>
        <blocIll ocr="2">2</blocIll>
        <ills/>
      </page>
      <page hauteurPx="5081" largeurPx="3697" ordre="44">
        <nbMot>244</nbMot>
        <blocTexte>9</blocTexte>
        <blocTab>0</blocTab>
        <blocPub>0</blocPub>
        <blocIll ocr="1">1</blocIll>
        <ills/>
      </page>
      <page hauteurPx="5069" largeurPx="3673" ordre="45">
        <nbMot>253</nbMot>
        <blocTexte>9</blocTexte>
        <blocTab>0</blocTab>
        <blocPub>0</blocPub>
        <blocIll ocr="1">1</blocIll>
        <ills/>
      </page>
      <page hauteurPx="5081" largeurPx="3721" ordre="46">
        <nbMot>403</nbMot>
        <blocTexte>18</blocTexte>
        <blocTab>0</blocTab>
        <blocPub>0</blocPub>
        <blocIll ocr="4">4</blocIll>
        <ills/>
      </page>
      <page hauteurPx="5045" largeurPx="3641" ordre="47">
        <nbMot>103</nbMot>
        <blocTexte>8</blocTexte>
        <blocTab>0</blocTab>
        <blocPub>7</blocPub>
        <blocIll ocr="0">0</blocIll>
      </page>
      <page hauteurPx="5113" largeurPx="3747" ordre="48">
        <nbMot>947</nbMot>
        <blocTexte>24</blocTexte>
        <blocTab>0</blocTab>
        <blocPub>2</blocPub>
        <blocIll ocr="1">1</blocIll>
        <ills/>
      </page>
      <page hauteurPx="5045" largeurPx="3641" ordre="49">
        <nbMot>399</nbMot>
        <blocTexte>8</blocTexte>
        <blocTab>0</blocTab>
        <blocPub>7</blocPub>
        <blocIll ocr="0">0</blocIll>
      </page>
      <page hauteurPx="5081" largeurPx="3721" ordre="50">
        <nbMot>1012</nbMot>
        <blocTexte>28</blocTexte>
        <blocTab>0</blocTab>
        <blocPub>4</blocPub>
        <blocIll ocr="0">0</blocIll>
      </page>
      <page hauteurPx="5065" largeurPx="3669" ordre="51">
        <nbMot>370</nbMot>
        <blocTexte>17</blocTexte>
        <blocTab>0</blocTab>
        <blocPub>16</blocPub>
        <blocIll ocr="5">5</blocIll>
        <ills>
          <ill classif="CCibm" couleur="gris" edit="1" h="597" n="51-3" pub="1" taille="0" w="621" x="241" y="3739">
            <contenuImg CS="0.821" lang="fr" source="ibm">gnomon (cadran solaire)</contenuImg>
            <contenuImg CS="0.821" lang="fr" source="ibm">indicateur</contenuImg>
            <contenuImg CS="0.696" lang="fr" source="ibm">support</contenuImg>
            <contenuImg CS="0.5" lang="fr" source="ibm">cintre</contenuImg>
            <contenuImg CS="0.974" coul="1" lang="fr" source="ibm">gris</contenuImg>
            <contenuImg CS="0.851" coul="1" lang="fr" source="ibm">gris cendré</contenuImg>
            <contenuImg CS="0.851" coul="1" lang="en" source="ibm">ash grey color</contenuImg>
            <contenuImg CS="0.974" coul="1" lang="en" source="ibm">gray color</contenuImg>
            <contenuImg CS="0.5" lang="en" source="ibm">coat hanger</contenuImg>
            <contenuImg CS="0.696" lang="en" source="ibm">support</contenuImg>
            <contenuImg CS="0.567" lang="en" source="ibm">hanger</contenuImg>
            <contenuImg CS="0.821" lang="en" source="ibm">indicator</contenuImg>
            <contenuImg CS="0.821" lang="en" source="ibm">gnomon (sundial)</contenuImg>
            <fonction source="final">repro/dessin</fonction>
            <tech source="final">imp photoméca</tech>
            <fonction CS="0.96" source="TensorFlow">repro/dessin</fonction>
            <tech CS="1" source="md">imp photoméca</tech>
            <leg>Pré Catelan . Sac théâtre lamé fulgurant toutes nuances, fermoir bâté or ou argent, avec pierre assortie</leg>
            <txt>VUITTON Armenonville Sac extra plat lézard, croco, phoque ou renne sur fermoir argent on vermeil</txt>
            <genre source="hm" time="2020-11-01T16:37:16.296+01:00">publicité</genre>
            <genre source="final">publicité</genre>
          </ill>
          <ill classif="CCibm" couleur="gris" h="614" n="51-5" pub="1" taille="0" w="609" x="2637" y="3756">
            <contenuImg CS="0.664" lang="fr" source="ibm">pentagone</contenuImg>
            <contenuImg CS="0.799" lang="fr" source="ibm">polygone</contenuImg>
            <contenuImg CS="0.799" lang="fr" source="ibm">silhouette</contenuImg>
            <contenuImg CS="0.602" lang="fr" source="ibm">quadratique</contenuImg>
            <contenuImg CS="0.5" lang="fr" source="ibm">écran pare-feu</contenuImg>
            <contenuImg CS="0.5" lang="fr" source="ibm">écran</contenuImg>
            <contenuImg CS="0.5" lang="fr" source="ibm">revêtement de protection</contenuImg>
            <contenuImg CS="0.599" lang="fr" source="ibm">sac</contenuImg>
            <contenuImg CS="0.873" coul="1" lang="fr" source="ibm">ivoire (couleur)</contenuImg>
            <contenuImg CS="0.67" coul="1" lang="fr" source="ibm">charbon (couleur)</contenuImg>
            <contenuImg CS="0.67" coul="1" lang="en" source="ibm">charcoal color</contenuImg>
            <contenuImg CS="0.873" coul="1" lang="en" source="ibm">ivory color</contenuImg>
            <contenuImg CS="0.599" lang="en" source="ibm">bag</contenuImg>
            <contenuImg CS="0.5" lang="en" source="ibm">protective covering</contenuImg>
            <contenuImg CS="0.5" lang="en" source="ibm">screen</contenuImg>
            <contenuImg CS="0.5" lang="en" source="ibm">fire screen</contenuImg>
            <contenuImg CS="0.602" lang="en" source="ibm">quadrate</contenuImg>
            <contenuImg CS="0.799" lang="en" source="ibm">figure</contenuImg>
            <contenuImg CS="0.799" lang="en" source="ibm">polygon</contenuImg>
            <contenuImg CS="0.664" lang="en" source="ibm">pentagon</contenuImg>
            <genre source="final">publicité</genre>
            <genre source="md">publicité</genre>
            <fonction source="final">repro/dessin</fonction>
            <tech source="final">imp photoméca</tech>
            <fonction CS="0.97" source="TensorFlow">repro/dessin</fonction>
            <tech CS="1" source="md">imp photoméca</tech>
            <leg>Sac Bâté . Pochette de renne toutes nuances, bâté or ou argent</leg>
            <txt>VUITTON  Acacias . Sac d aprèsmidi. Phoque, lézard ou croco, fermoir recouvert et soufflets</txt>
          </ill>
        </ills>
      </page>
      <page hauteurPx="5081" largeurPx="3721" ordre="52">
        <nbMot>787</nbMot>
        <blocTexte>25</blocTexte>
        <blocTab>0</blocTab>
        <blocPub>4</blocPub>
        <blocIll ocr="0">0</blocIll>
      </page>
      <page hauteurPx="5045" largeurPx="3641" ordre="53">
        <nbMot>30</nbMot>
        <blocTexte>4</blocTexte>
        <blocTab>0</blocTab>
        <blocPub>3</blocPub>
        <blocIll ocr="0">0</blocIll>
      </page>
      <page hauteurPx="5093" largeurPx="3709" ordre="54">
        <nbMot>948</nbMot>
        <blocTexte>21</blocTexte>
        <blocTab>0</blocTab>
        <blocPub>2</blocPub>
        <blocIll ocr="1">1</blocIll>
        <ills>
          <ill classif="CCyolo CCibm" couleur="gris" h="3285" n="54-1" pub="1" taille="2" w="1606" x="302" y="583">
            <contenuImg CS="0.549" lang="fr" source="ibm">barrière de glace</contenuImg>
            <contenuImg CS="0.559" lang="fr" source="ibm">masse de glace</contenuImg>
            <contenuImg CS="0.677" lang="fr" source="ibm">nature</contenuImg>
            <contenuImg CS="0.543" lang="fr" source="ibm">stylo et encre</contenuImg>
            <contenuImg CS="0.5" lang="fr" source="ibm">dune de sable</contenuImg>
            <contenuImg CS="0.5" lang="fr" source="ibm">crête</contenuImg>
            <contenuImg CS="0.599" lang="fr" source="ibm">radiogramme</contenuImg>
            <contenuImg CS="0.59" lang="fr" source="ibm">pièce</contenuImg>
            <contenuImg CS="0.96" coul="1" lang="fr" source="ibm">noir</contenuImg>
            <contenuImg CS="0.671" coul="1" lang="fr" source="ibm">sauge</contenuImg>
            <contenuImg CS="0.671" coul="1" lang="en" source="ibm">sage green color</contenuImg>
            <contenuImg CS="0.96" coul="1" lang="en" source="ibm">black color</contenuImg>
            <contenuImg CS="0.59" lang="en" source="ibm">room</contenuImg>
            <contenuImg CS="0.599" lang="en" source="ibm">radiogram</contenuImg>
            <contenuImg CS="0.5" lang="en" source="ibm">ridge</contenuImg>
            <contenuImg CS="0.5" lang="en" source="ibm">sand dune</contenuImg>
            <contenuImg CS="0.543" lang="en" source="ibm">pen-and-ink</contenuImg>
            <contenuImg CS="0.677" lang="en" source="ibm">nature</contenuImg>
            <contenuImg CS="0.559" lang="en" source="ibm">ice mass</contenuImg>
            <contenuImg CS="0.549" lang="en" source="ibm">Ice Shelf</contenuImg>
            <contenuImg CS="0.25" h="473" lang="fr" source="yolo" w="300" x="250" y="443">personne</contenuImg>
            <contenuImg CS="0.25" h="473" lang="en" source="yolo" w="300" x="250" y="443">person</contenuImg>
            <contenuImg CS="0.44" h="600" lang="en" source="yolo" w="306" x="480" y="170">person</contenuImg>
            <genre source="final">publicité</genre>
            <genre source="md">publicité</genre>
            <fonction source="final">repro/dessin</fonction>
            <tech source="final">imp photoméca</tech>
            <fonction CS="0.93" source="TensorFlow">repro/dessin</fonction>
            <tech CS="1" source="md">imp photoméca</tech>
            <leg>lO^LAC^ VENDOMf IP A R ■ m STUDIO DORLAND L ESPAGNE (Suite de la page 38) monuments de cette époque aussi parfaits que les cathédrales de Léon et de Burgos, dans le détail aussi bien que dans les pièces d orfèvrerie et les vêtements sacerdotaux. Le voyageur dont nous suivons les pas passe du style mauresque à celui de l époque de Charles-Quint. Ce style fait penser au travail des joailliers ou, mieux, des orfèvres. Les décorations, dont les Espagnols sont prodigues, semblent être repoussées.</leg>
            <txt>52 rOGUE 52 rOGUE</txt>
          </ill>
        </ills>
      </page>
      <page hauteurPx="5045" largeurPx="3641" ordre="55">
        <nbMot>235</nbMot>
        <blocTexte>12</blocTexte>
        <blocTab>0</blocTab>
        <blocPub>11</blocPub>
        <blocIll ocr="0">0</blocIll>
      </page>
      <page hauteurPx="5081" largeurPx="3673" ordre="56">
        <nbMot>988</nbMot>
        <blocTexte>21</blocTexte>
        <blocTab>0</blocTab>
        <blocPub>2</blocPub>
        <blocIll ocr="1">1</blocIll>
        <ills>
          <ill classif="CCyolo CCibm" couleur="gris" h="2113" n="56-1" pub="1" taille="1" w="1428" x="487" y="316">
            <contenuImg CS="0.928" lang="fr" source="ibm">linogravure</contenuImg>
            <contenuImg CS="0.512" lang="fr" source="ibm">stylo et encre</contenuImg>
            <contenuImg CS="0.796" lang="fr" source="ibm">presse écrite</contenuImg>
            <contenuImg CS="0.899" coul="1" lang="fr" source="ibm">noir</contenuImg>
            <contenuImg CS="0.7" coul="1" lang="fr" source="ibm">noir charbon</contenuImg>
            <contenuImg CS="0.7" coul="1" lang="en" source="ibm">coal black color</contenuImg>
            <contenuImg CS="0.899" coul="1" lang="en" source="ibm">black color</contenuImg>
            <contenuImg CS="0.796" lang="en" source="ibm">print media</contenuImg>
            <contenuImg CS="0.512" lang="en" source="ibm">pen-and-ink</contenuImg>
            <contenuImg CS="0.928" lang="en" source="ibm">linocut design</contenuImg>
            <contenuImg CS="0.40" h="2113" lang="fr" source="yolo" w="1346" x="26" y="6">montre</contenuImg>
            <contenuImg CS="0.40" h="2113" lang="en" source="yolo" w="1346" x="26" y="6">clock</contenuImg>
            <genre source="final">publicité</genre>
            <genre source="md">publicité</genre>
            <fonction source="final">repro/dessin</fonction>
            <tech source="final">imp photoméca</tech>
            <fonction CS="0.69" source="TensorFlow">repro/dessin</fonction>
            <tech CS="1" source="md">imp photoméca</tech>
            <leg>ON prétend que certains ChiI nois parvenaient à discerI ner l origine des thés les plus I différents, et à dire dans quelles ■ fermes des monts Bohé ou dans I quels couvents bouddhiques, les I feuilles précieuses avaient été I recueillies. Et l on dit aussi que l érudition d un odorat subtil leur I permettait d analyser tous les I parfums, de distinguer les aroI mes qui entraient dans la com■ position des plus mystérieux I bouquets d essences. Mais le I Mélange d Eliane, fruit de lonI gues recherches pourrait défier I la science des Fils du Ciel, car en I lui sommeillent des principes jusqu ici inconnus qui en font ■ le parfum le plus rare, le plus I original, le parfum que la femme I élégante attendait impatiemment</leg>
            <txt>54 VOGUl 54 VOGUl</txt>
          </ill>
        </ills>
      </page>
      <page hauteurPx="5079" largeurPx="3689" ordre="57">
        <nbMot>120</nbMot>
        <blocTexte>5</blocTexte>
        <blocTab>0</blocTab>
        <blocPub>4</blocPub>
        <blocIll ocr="0">0</blocIll>
      </page>
      <page hauteurPx="5081" largeurPx="3601" ordre="58">
        <nbMot>797</nbMot>
        <blocTexte>22</blocTexte>
        <blocTab>0</blocTab>
        <blocPub>2</blocPub>
        <blocIll ocr="0">0</blocIll>
      </page>
      <page hauteurPx="5071" largeurPx="3675" ordre="59">
        <nbMot>85</nbMot>
        <blocTexte>8</blocTexte>
        <blocTab>0</blocTab>
        <blocPub>7</blocPub>
        <blocIll ocr="2">2</blocIll>
        <ills>
          <ill classif="CCyolo CCibm" couleur="gris" edit="1" h="574" n="59-1" pub="1" taille="0" w="287" x="768" y="473">
            <contenuImg CS="0.635" lang="fr" source="ibm">salwar (robe)</contenuImg>
            <contenuImg CS="0.649" lang="fr" source="ibm">churidars (costume)</contenuImg>
            <contenuImg CS="0.5" lang="fr" source="ibm">robe-manteau</contenuImg>
            <contenuImg CS="0.791" lang="fr" source="ibm">personne</contenuImg>
            <contenuImg CS="0.798" lang="fr" source="ibm">pantalon</contenuImg>
            <contenuImg CS="0.805" lang="fr" source="ibm">vêtement</contenuImg>
            <contenuImg CS="0.511" lang="fr" source="ibm">robe</contenuImg>
            <contenuImg CS="0.801" lang="fr" source="ibm">vêtements</contenuImg>
            <contenuImg CS="0.963" coul="1" lang="fr" source="ibm">charbon (couleur)</contenuImg>
            <contenuImg CS="0.963" coul="1" lang="en" source="ibm">charcoal color</contenuImg>
            <contenuImg CS="0.801" lang="en" source="ibm">clothing</contenuImg>
            <contenuImg CS="0.511" lang="en" source="ibm">dress</contenuImg>
            <contenuImg CS="0.5" lang="en" source="ibm">coatdress</contenuImg>
            <contenuImg CS="0.635" lang="en" source="ibm">salwar (dress)</contenuImg>
            <contenuImg CS="0.805" lang="en" source="ibm">garment</contenuImg>
            <contenuImg CS="0.798" lang="en" source="ibm">trouser</contenuImg>
            <contenuImg CS="0.649" lang="en" source="ibm">churidars</contenuImg>
            <contenuImg CS="0.791" lang="en" source="ibm">person</contenuImg>
            <contenuImg CS="0.29" h="526" lang="fr" source="yolo" w="160" x="66" y="36">personne</contenuImg>
            <contenuImg CS="0.29" h="526" lang="en" source="yolo" w="160" x="66" y="36">person</contenuImg>
            <fonction source="final">repro/dessin</fonction>
            <tech source="final">imp photoméca</tech>
            <fonction CS="0.71" source="TensorFlow">repro/dessin</fonction>
            <tech CS="1" source="md">imp photoméca</tech>
            <leg>Une maison nouvelle où l on trouve les plus délicieuses interprétations de la mode à des prix vraiment sou]mk^\</leg>
            <txt>I e r Mars 57 I e r Mars 57</txt>
            <genre source="hm" time="2020-11-01T16:37:14.233+01:00">publicité</genre>
            <genre source="final">publicité</genre>
          </ill>
          <ill classif="CCibm" couleur="gris" h="854" n="59-2" pub="1" taille="0" w="531" x="567" y="3313">
            <contenuImg CS="0.664" lang="fr" source="ibm">triskèle</contenuImg>
            <contenuImg CS="0.6" lang="fr" source="ibm">support d'étagère</contenuImg>
            <contenuImg CS="0.6" lang="fr" source="ibm">support mural</contenuImg>
            <contenuImg CS="0.6" lang="fr" source="ibm">support</contenuImg>
            <contenuImg CS="0.592" lang="fr" source="ibm">micro-organisme</contenuImg>
            <contenuImg CS="0.598" lang="fr" source="ibm">ver</contenuImg>
            <contenuImg CS="0.801" coul="1" lang="fr" source="ibm">charbon (couleur)</contenuImg>
            <contenuImg CS="0.682" coul="1" lang="fr" source="ibm">gris</contenuImg>
            <contenuImg CS="0.682" coul="1" lang="en" source="ibm">gray color</contenuImg>
            <contenuImg CS="0.801" coul="1" lang="en" source="ibm">charcoal color</contenuImg>
            <contenuImg CS="0.598" lang="en" source="ibm">worm</contenuImg>
            <contenuImg CS="0.592" lang="en" source="ibm">microorganism</contenuImg>
            <contenuImg CS="0.6" lang="en" source="ibm">support</contenuImg>
            <contenuImg CS="0.6" lang="en" source="ibm">wall bracket</contenuImg>
            <contenuImg CS="0.6" lang="en" source="ibm">shelf bracket</contenuImg>
            <contenuImg CS="0.664" lang="en" source="ibm">triskele</contenuImg>
            <genre source="final">publicité</genre>
            <genre source="md">publicité</genre>
            <fonction source="final">repro/dessin</fonction>
            <tech source="final">imp photoméca</tech>
            <fonction CS="0.82" source="TensorFlow">repro/dessin</fonction>
            <tech CS="1" source="md">imp photoméca</tech>
            <leg>IO,rue de chaillot 1 PARIS DÉCORATION I comblète ANCIENNE ai MODER.NE</leg>
            <txt>M.C. COARD 90 faub. saiiit-honoré • paris face à l élysée tél. élysées 20-93 cannes : carlton hôtel</txt>
          </ill>
        </ills>
      </page>
      <page hauteurPx="5099" largeurPx="3625" ordre="60">
        <nbMot>1147</nbMot>
        <blocTexte>33</blocTexte>
        <blocTab>0</blocTab>
        <blocPub>1</blocPub>
        <blocIll ocr="1">1</blocIll>
        <ills>
          <ill classif="CCibm" couleur="gris" h="2583" n="60-1" pub="1" taille="1" w="1120" x="454" y="971">
            <contenuImg CS="0.749" lang="fr" source="ibm">salle d'étude</contenuImg>
            <contenuImg CS="0.623" lang="fr" source="ibm">pointe d'argent</contenuImg>
            <contenuImg CS="0.5" lang="fr" source="ibm">chapeau</contenuImg>
            <contenuImg CS="0.5" lang="fr" source="ibm">coiffure</contenuImg>
            <contenuImg CS="0.896" coul="1" lang="fr" source="ibm">gris</contenuImg>
            <contenuImg CS="0.834" coul="1" lang="fr" source="ibm">sauge</contenuImg>
            <contenuImg CS="0.834" coul="1" lang="en" source="ibm">sage green color</contenuImg>
            <contenuImg CS="0.896" coul="1" lang="en" source="ibm">gray color</contenuImg>
            <contenuImg CS="0.5" lang="en" source="ibm">headdress</contenuImg>
            <contenuImg CS="0.5" lang="en" source="ibm">hat</contenuImg>
            <contenuImg CS="0.623" lang="en" source="ibm">silverpoint</contenuImg>
            <contenuImg CS="0.749" lang="en" source="ibm">study</contenuImg>
            <genre source="final">publicité</genre>
            <genre source="md">publicité</genre>
            <fonction source="final">repro/dessin</fonction>
            <tech source="final">imp photoméca</tech>
            <fonction CS="0.92" source="TensorFlow">repro/dessin</fonction>
            <tech CS="1" source="md">imp photoméca</tech>
            <leg>(fYIOiRGIIII MODES 1, RUFDE LA PAIX paris LA BASILIQUE DE LOYOLA Une visite à cet endroit caché dans la montagne procure des sensations à la fois rares et délicieuses. par CLAUDIA CRANSTON.</leg>
            <txt>58 VOGUE 58 VOGUE</txt>
          </ill>
        </ills>
      </page>
      <page hauteurPx="5045" largeurPx="3641" ordre="61">
        <nbMot>5055</nbMot>
        <blocTexte>31</blocTexte>
        <blocTab>0</blocTab>
        <blocPub>30</blocPub>
        <blocIll ocr="0">0</blocIll>
      </page>
      <page hauteurPx="5065" largeurPx="3601" ordre="62">
        <nbMot>967</nbMot>
        <blocTexte>27</blocTexte>
        <blocTab>0</blocTab>
        <blocPub>10</blocPub>
        <blocIll ocr="2">2</blocIll>
        <ills>
          <ill classif="CCibm" couleur="gris" edit="1" h="2320" n="62-1" pub="1" taille="0" w="798" x="186" y="1036">
            <contenuImg CS="0.988" lang="fr" source="ibm">salle d'étude</contenuImg>
            <contenuImg CS="1" coul="1" lang="fr" source="ibm">gris</contenuImg>
            <contenuImg CS="1" coul="1" lang="en" source="ibm">gray color</contenuImg>
            <contenuImg CS="0.988" lang="en" source="ibm">study</contenuImg>
            <fonction source="final">repro/dessin</fonction>
            <tech source="final">imp photoméca</tech>
            <fonction CS="0.98" source="TensorFlow">repro/dessin</fonction>
            <tech CS="1" source="md">imp photoméca</tech>
            <leg>A LA MODE Rien n est plus facile, depuis qu une spécialiste a découvert une coupe extrêmement ingénieuse qui a permis de réaliser une véritable ceinture réductive. Son efficacité vient de ce qu elle profite des mouvements du corps pour masser imperceptiblement les endroits envahis par la graisse. En quelques semaines, elle fait disparaître radicalement toutes les imperfections de la silhouette. Des milliers d attestations ont prouvé que la ceinture de Madame X ne tarde pas à modeler le corps suivant la ligne moderne. Elle permet à n importe quelle femme, au bout de très peu de temps, de porter les modèles des grands couturiers dans leurs proportions à   la mode.</leg>
            <txt>VOllS pouvez acquérir immédiatement et sans Irattemenl----:J LA LIGNE 60 VOGUE</txt>
            <genre source="hm" time="2020-11-01T16:37:12.147+01:00">publicité</genre>
            <genre source="final">publicité</genre>
          </ill>
          <ill classif="CCibm" couleur="gris" h="847" n="62-2" pub="1" taille="0" w="564" x="1200" y="3325">
            <contenuImg CS="0.612" lang="fr" source="ibm">pyélogramme intraveineux</contenuImg>
            <contenuImg CS="0.628" lang="fr" source="ibm">radiogramme</contenuImg>
            <contenuImg CS="0.528" lang="fr" source="ibm">tétraskèle</contenuImg>
            <contenuImg CS="0.504" lang="fr" source="ibm">cortex cérébral</contenuImg>
            <contenuImg CS="0.5" lang="fr" source="ibm">veine</contenuImg>
            <contenuImg CS="0.5" lang="fr" source="ibm">personne</contenuImg>
            <contenuImg CS="0.816" coul="1" lang="fr" source="ibm">gris</contenuImg>
            <contenuImg CS="0.629" coul="1" lang="fr" source="ibm">gris cendré</contenuImg>
            <contenuImg CS="0.629" coul="1" lang="en" source="ibm">ash grey color</contenuImg>
            <contenuImg CS="0.816" coul="1" lang="en" source="ibm">gray color</contenuImg>
            <contenuImg CS="0.5" lang="en" source="ibm">person</contenuImg>
            <contenuImg CS="0.5" lang="en" source="ibm">vein</contenuImg>
            <contenuImg CS="0.504" lang="en" source="ibm">cerebral cortex</contenuImg>
            <contenuImg CS="0.528" lang="en" source="ibm">tetraskelion</contenuImg>
            <contenuImg CS="0.628" lang="en" source="ibm">radiogram</contenuImg>
            <contenuImg CS="0.612" lang="en" source="ibm">intravenous pyelogram</contenuImg>
            <genre source="final">publicité</genre>
            <genre source="md">publicité</genre>
            <fonction source="final">repro/dessin</fonction>
            <tech source="final">imp photoméca</tech>
            <fonction CS="0.99" source="TensorFlow">repro/dessin</fonction>
            <tech CS="1" source="md">imp photoméca</tech>
            <leg>, CIEINTUIPIE PEUUCTIVE MADAME X PAP-IS 15 QUE TAIT EBOLJT (RAYON V.3  \OR^ONAPACTE ;..   ¡),  ,  ,,,w:¡f</leg>
            <txt>Si votre fournisseur habituel vous offre une ceinture qui ne porte pas la marque de Il Madame X lut seule vraie et bonne ceinture réductive demandez-nous la liste des wnagasins où vous pourrez l essayer. ESSAYEZ-LA DÈS AUJOURD HUI Elle est en vente dans tous les Grands JMagasins et toutes les bonnes maisons de corsets et de lingerie.</txt>
          </ill>
        </ills>
      </page>
      <page hauteurPx="5071" largeurPx="3675" ordre="63">
        <nbMot>129</nbMot>
        <blocTexte>7</blocTexte>
        <blocTab>0</blocTab>
        <blocPub>6</blocPub>
        <blocIll ocr="1">1</blocIll>
        <ills>
          <ill classif="CCyolo CCibm" couleur="gris" h="3322" n="63-1" pub="1" taille="2" w="1672" x="1873" y="279">
            <contenuImg CS="0.82" lang="fr" source="ibm">musée (intérieur)</contenuImg>
            <contenuImg CS="0.8" lang="fr" source="ibm">pièce</contenuImg>
            <contenuImg CS="1" coul="1" lang="fr" source="ibm">gris</contenuImg>
            <contenuImg CS="1" coul="1" lang="en" source="ibm">gray color</contenuImg>
            <contenuImg CS="0.8" lang="en" source="ibm">room</contenuImg>
            <contenuImg CS="0.82" lang="en" source="ibm">Museum (Indoor)</contenuImg>
            <contenuImg CS="0.37" h="646" lang="fr" source="yolo" w="133" x="693" y="653">cravate</contenuImg>
            <contenuImg CS="0.37" h="646" lang="en" source="yolo" w="133" x="693" y="653">tie</contenuImg>
            <genre source="final">publicité</genre>
            <genre source="md">publicité</genre>
            <fonction source="final">repro/dessin</fonction>
            <tech source="final">imp photoméca</tech>
            <fonction CS="0.86" source="TensorFlow">repro/dessin</fonction>
            <tech CS="1" source="md">imp photoméca</tech>
            <leg>IBIOBQge 18.1-ue couÏLC/CQ onrin I8.rue de la chttTanlin  Jtl[ç£!R ---i■■■■  STU DIO   **   BORLAND ----—asa</leg>
            <txt>b -wy^y j CHOCOLATIER LA! DE L OPÉRA PARIS TELEPHONE CENTRALI.51 ET DANS rOUTE BONNE CONFISERIE Les grains de café sont de tout petits bonbons, mais une grande création de Schaal. A la ville en auto, au théâtre, les jolies gourmandes grignotent ces friandises finement nuancées. Elles ne se séparent jamais de la bonbonnière qui voisine dans le sac à main avec la glace, la boîte à poudre, les bibelots indispensables et chers.</txt>
          </ill>
        </ills>
      </page>
      <page hauteurPx="5065" largeurPx="3601" ordre="64">
        <nbMot>1030</nbMot>
        <blocTexte>59</blocTexte>
        <blocTab>0</blocTab>
        <blocPub>1</blocPub>
        <blocIll ocr="1">1</blocIll>
        <ills>
          <ill classif="CCyolo CCibm" couleur="gris" h="3341" n="64-1" pub="1" taille="2" w="1683" x="128" y="333">
            <contenuImg CS="0.799" lang="fr" source="ibm">personne</contenuImg>
            <contenuImg CS="0.81" lang="fr" source="ibm">musée (intérieur)</contenuImg>
            <contenuImg CS="0.799" lang="fr" source="ibm">pièce</contenuImg>
            <contenuImg CS="0.795" lang="fr" source="ibm">bâtiment</contenuImg>
            <contenuImg CS="0.799" lang="fr" source="ibm">sport</contenuImg>
            <contenuImg CS="0.719" coul="1" lang="fr" source="ibm">noir</contenuImg>
            <contenuImg CS="0.713" coul="1" lang="fr" source="ibm">gris</contenuImg>
            <contenuImg CS="0.713" coul="1" lang="en" source="ibm">gray color</contenuImg>
            <contenuImg CS="0.719" coul="1" lang="en" source="ibm">black color</contenuImg>
            <contenuImg CS="0.799" lang="en" source="ibm">sport</contenuImg>
            <contenuImg CS="0.795" lang="en" source="ibm">building</contenuImg>
            <contenuImg CS="0.799" lang="en" source="ibm">room</contenuImg>
            <contenuImg CS="0.81" lang="en" source="ibm">Museum (Indoor)</contenuImg>
            <contenuImg CS="0.799" lang="en" source="ibm">person</contenuImg>
            <contenuImg CS="0.41" h="2733" lang="fr" source="yolo" w="950" x="120" y="583">personne</contenuImg>
            <contenuImg CS="0.41" h="2733" lang="en" source="yolo" w="950" x="120" y="583">person</contenuImg>
            <contenuImg CS="0.59" h="1370" lang="en" source="yolo" w="886" x="753" y="1953">person</contenuImg>
            <genre source="final">publicité</genre>
            <genre source="md">publicité</genre>
            <fonction source="final">repro/dessin</fonction>
            <tech source="final">imp photoméca</tech>
            <fonction CS="0.83" source="TensorFlow">repro/dessin</fonction>
            <tech CS="1" source="md">imp photoméca</tech>
            <leg>ID FMI |m o d e j |i? rue duphot || LE COIN DES RECETTES QUE FAIRE AVEC L ORANGE? Une eau de toilette suave.</leg>
            <txt>62 VOGUE 62 VOGUE</txt>
          </ill>
        </ills>
      </page>
      <page hauteurPx="5059" largeurPx="3661" ordre="65">
        <nbMot>46</nbMot>
        <blocTexte>7</blocTexte>
        <blocTab>0</blocTab>
        <blocPub>6</blocPub>
        <blocIll ocr="1">1</blocIll>
        <ills>
          <ill classif="CCyolo CCibm" couleur="gris" h="1030" n="65-1" pub="1" taille="1" w="2153" x="757" y="3062">
            <contenuImg CS="0.812" lang="fr" source="ibm">véhicule à moteur sur chenilles</contenuImg>
            <contenuImg CS="0.815" lang="fr" source="ibm">véhicule militaire</contenuImg>
            <contenuImg CS="0.817" lang="fr" source="ibm">véhicule</contenuImg>
            <contenuImg CS="0.5" lang="fr" source="ibm">coffre (de voiture)</contenuImg>
            <contenuImg CS="0.5" lang="fr" source="ibm">siège</contenuImg>
            <contenuImg CS="0.5" lang="fr" source="ibm">support</contenuImg>
            <contenuImg CS="0.798" lang="fr" source="ibm">voiture</contenuImg>
            <contenuImg CS="0.874" coul="1" lang="fr" source="ibm">charbon (couleur)</contenuImg>
            <contenuImg CS="0.874" coul="1" lang="en" source="ibm">charcoal color</contenuImg>
            <contenuImg CS="0.798" lang="en" source="ibm">car</contenuImg>
            <contenuImg CS="0.5" lang="en" source="ibm">support</contenuImg>
            <contenuImg CS="0.5" lang="en" source="ibm">seat</contenuImg>
            <contenuImg CS="0.5" lang="en" source="ibm">dickey (of car)</contenuImg>
            <contenuImg CS="0.817" lang="en" source="ibm">vehicle</contenuImg>
            <contenuImg CS="0.815" lang="en" source="ibm">military vehicle</contenuImg>
            <contenuImg CS="0.812" lang="en" source="ibm">half track motor vehicle</contenuImg>
            <contenuImg CS="0.85" h="983" lang="fr" source="yolo" w="2026" x="50" y="20">camion</contenuImg>
            <contenuImg CS="0.85" h="983" lang="en" source="yolo" w="2026" x="50" y="20">truck</contenuImg>
            <genre source="final">publicité</genre>
            <genre source="md">publicité</genre>
            <fonction source="final">repro/photo</fonction>
            <tech source="final">imp photoméca</tech>
            <fonction CS="0.70" source="TensorFlow">repro/photo</fonction>
            <tech CS="1" source="md">imp photoméca</tech>
            <leg>RENSEIGNEMENTS 5L1 ■ QàoJrLfZS-Eôj^é S • PAR.! 5, ESSAI S CLOTLS toutes tR;s S^JJZCMJX^O aS et cÁeJL tous 6 s Ajqjztlùs de ôx JrfjzLkxfAJuz.</leg>
            <txt>Af Zf (JeiLcfeat ~~r cie £ cl qA.S.S.</txt>
          </ill>
        </ills>
      </page>
      <page hauteurPx="5073" largeurPx="3621" ordre="66">
        <nbMot>884</nbMot>
        <blocTexte>27</blocTexte>
        <blocTab>0</blocTab>
        <blocPub>1</blocPub>
        <blocIll ocr="1">1</blocIll>
        <ills>
          <ill classif="CCibm" couleur="gris" h="1252" n="66-1" pub="1" taille="0" w="1295" x="390" y="2780">
            <contenuImg CS="0.695" lang="fr" source="ibm">immeuble de bureaux</contenuImg>
            <contenuImg CS="0.751" lang="fr" source="ibm">bâtiment</contenuImg>
            <contenuImg CS="0.503" lang="fr" source="ibm">gratte-ciel</contenuImg>
            <contenuImg CS="0.5" lang="fr" source="ibm">salle d'étude</contenuImg>
            <contenuImg CS="0.993" coul="1" lang="fr" source="ibm">gris</contenuImg>
            <contenuImg CS="0.993" coul="1" lang="en" source="ibm">gray color</contenuImg>
            <contenuImg CS="0.5" lang="en" source="ibm">study</contenuImg>
            <contenuImg CS="0.503" lang="en" source="ibm">skyscraper</contenuImg>
            <contenuImg CS="0.751" lang="en" source="ibm">building</contenuImg>
            <contenuImg CS="0.695" lang="en" source="ibm">office building</contenuImg>
            <genre source="final">publicité</genre>
            <genre source="md">publicité</genre>
            <fonction source="final">repro/dessin</fonction>
            <tech source="final">imp photoméca</tech>
            <fonction CS="0.82" source="TensorFlow">repro/dessin</fonction>
            <tech CS="1" source="md">imp photoméca</tech>
            <leg>Situation unique » Renommé dans le monde entier pour son service impeccable et son confort parfait. —————— THE PLAZA FRED STERR r  FIFTH AVENUE AT CENTRAL PARK JcMN D.OWEN NEW YORK S) VOUS MANAGER A BOSTON, DESCENDEZ AU COPLEY PLAZA t SI VOUS ALLEZ A BOSTON, DESCENDEZ AU COPLEY PLAZA</leg>
            <txt>64 roc U E 64 roc U E</txt>
          </ill>
        </ills>
      </page>
      <page hauteurPx="5065" largeurPx="3667" ordre="67">
        <nbMot>516</nbMot>
        <blocTexte>20</blocTexte>
        <blocTab>0</blocTab>
        <blocPub>19</blocPub>
        <blocIll ocr="2">2</blocIll>
        <ills>
          <ill classif="CCibm" couleur="gris" edit="1" h="493" n="67-1" pub="1" taille="0" w="1272" x="287" y="1082">
            <contenuImg CS="0.76" lang="fr" source="ibm">tremblement de terre</contenuImg>
            <contenuImg CS="0.5" lang="fr" source="ibm">orage</contenuImg>
            <contenuImg CS="0.502" lang="fr" source="ibm">nature</contenuImg>
            <contenuImg CS="0.599" lang="fr" source="ibm">bâtiment</contenuImg>
            <contenuImg CS="1" coul="1" lang="fr" source="ibm">gris</contenuImg>
            <contenuImg CS="1" coul="1" lang="en" source="ibm">gray color</contenuImg>
            <contenuImg CS="0.599" lang="en" source="ibm">building</contenuImg>
            <contenuImg CS="0.502" lang="en" source="ibm">nature</contenuImg>
            <contenuImg CS="0.5" lang="en" source="ibm">Storm</contenuImg>
            <contenuImg CS="0.76" lang="en" source="ibm">Earthquake</contenuImg>
            <fonction source="final">repro/photo</fonction>
            <tech source="final">imp photoméca</tech>
            <fonction CS="0.92" source="TensorFlow">repro/photo</fonction>
            <tech CS="1" source="md">imp photoméca</tech>
            <leg>IlltOIll I i ses Jardins, ses Tennis m wÊ son Restaurant célèbre f m I wÊ pour le raffinement de J sa cuisine ~~J M. BERTOLIN;  Propr. M!!!! )</leg>
            <txt>RIVIERA ITALIENNE 1 A UNE HEURE DE ~: 1 MONTE-CARLO ? -J .|9 ^J| É SFEI M | IF^B m.</txt>
            <genre source="hm" time="2020-11-01T16:37:18.39+01:00">publicité</genre>
            <genre source="final">publicité</genre>
          </ill>
          <ill classif="CCyolo CCibm" couleur="gris" h="1727" n="67-2" pub="1" taille="1" w="1684" x="1854" y="1167">
            <contenuImg CS="0.845" lang="fr" source="ibm">hôtel</contenuImg>
            <contenuImg CS="0.845" lang="fr" source="ibm">bâtiment</contenuImg>
            <contenuImg CS="0.5" lang="fr" source="ibm">motel</contenuImg>
            <contenuImg CS="0.796" lang="fr" source="ibm">sport</contenuImg>
            <contenuImg CS="0.796" lang="fr" source="ibm">pièce</contenuImg>
            <contenuImg CS="0.88" coul="1" lang="fr" source="ibm">gris</contenuImg>
            <contenuImg CS="0.792" coul="1" lang="fr" source="ibm">noir</contenuImg>
            <contenuImg CS="0.792" coul="1" lang="en" source="ibm">black color</contenuImg>
            <contenuImg CS="0.88" coul="1" lang="en" source="ibm">gray color</contenuImg>
            <contenuImg CS="0.796" lang="en" source="ibm">room</contenuImg>
            <contenuImg CS="0.796" lang="en" source="ibm">sport</contenuImg>
            <contenuImg CS="0.5" lang="en" source="ibm">motor hotel</contenuImg>
            <contenuImg CS="0.845" lang="en" source="ibm">building</contenuImg>
            <contenuImg CS="0.845" lang="en" source="ibm">hotel</contenuImg>
            <contenuImg CS="0.805" lang="en" source="ibm">motel</contenuImg>
            <contenuImg CS="0.29" h="1203" lang="fr" source="yolo" w="360" x="673" y="23">personne</contenuImg>
            <contenuImg CS="0.29" h="1203" lang="en" source="yolo" w="360" x="673" y="23">person</contenuImg>
            <contenuImg CS="0.57" h="1190" lang="en" source="yolo" w="413" x="990" y="30">person</contenuImg>
            <genre source="final">publicité</genre>
            <genre source="md">publicité</genre>
            <fonction source="final">repro/dessin</fonction>
            <tech source="final">imp photoméca</tech>
            <fonction CS="0.57" source="TensorFlow">repro/dessin</fonction>
            <tech CS="1" source="md">imp photoméca</tech>
            <leg>COMTE CONTE COMTE M/ZO BIAMCAMAMO VBRDR LâtRINE ME 4NIRAND .ITX.::: E X T K A Il A r I I  E I,\NT I; GÊNES-NAPLES IEW-YORK CI ÊI\ES BARCELONE BRÉSIL ARGENTINE (iE\l S (Sii fjc Social ) dollu Uleritliana | I,OnRES, ClI wa;\  il »■■* 21-81 Cocksiiur Hlrcet, S. \V. 1 , j I O K , a 2. R u Co (I F 1 • Il » I e I «I «• * I» o « t e s j I PARIS (Af C (.;.nf alc). I,M YI  s\IT,\I IM» (l  U;\(:t.; , J!</leg>
            <txt>LLOYD 1 : m f ÊA KfmMBmuAimxU m BA , C5i IB SON LUXE RAFFINÉ. ~N~~N~~ t t grand holel SON LUXE L EXCELSIOR GRAND HOTEL MET A LA DIS~~NiM f~ Nt~fMU~ C. ~kJ ) O POSITION DES TOURISsir a eus e. TES SES LUXUEUSES grand hôtel I ( INSTALLATIONS ET SES D«lEe« s PÉ|TRPAANNGNIE R..Ï S S-AIW JARDINS MAGNIFIQUES des et rangers ..:.:.::::: QUI EN FONT UN ( casapoliti   ——  SÉJOUR  APPRÉCIÉ DES ROIS L HOTEL CHOISI DE 8 8 PRÉFÉRENCE PAR LES 1 , MK —» YFAMILLES ANGLAISES ^^BFLBFLBFLL , ET AME RICAI NES. TOUS LES APPARTEMENTS ET ^B^B ^B u  5 CHAMBRES AVEC EAU ; COURANTE ET SALLES P J^ Bl IB ^B^ CORN*^ DE BAIN PRIVÉES.</txt>
          </ill>
        </ills>
      </page>
      <page hauteurPx="5073" largeurPx="3613" ordre="68">
        <nbMot>2543</nbMot>
        <blocTexte>39</blocTexte>
        <blocTab>0</blocTab>
        <blocPub>38</blocPub>
        <blocIll ocr="2">2</blocIll>
        <ills>
          <ill classif="CCyolo CCibm" couleur="gris" h="607" n="68-2" pub="1" taille="0" w="791" x="2708" y="323">
            <contenuImg CS="0.548" lang="fr" source="ibm">équipement de basket-ball</contenuImg>
            <contenuImg CS="0.626" lang="fr" source="ibm">panier de basquet</contenuImg>
            <contenuImg CS="0.626" lang="fr" source="ibm">support</contenuImg>
            <contenuImg CS="0.5" lang="fr" source="ibm">machine d'Orrerya (planétarium)</contenuImg>
            <contenuImg CS="0.595" lang="fr" source="ibm">silhouette</contenuImg>
            <contenuImg CS="0.595" lang="en" source="ibm">figure</contenuImg>
            <contenuImg CS="0.5" lang="en" source="ibm">orrerya (planaterium)</contenuImg>
            <contenuImg CS="0.548" lang="en" source="ibm">basketball equipment</contenuImg>
            <contenuImg CS="0.626" lang="en" source="ibm">support</contenuImg>
            <contenuImg CS="0.626" lang="en" source="ibm">backboard</contenuImg>
            <contenuImg CS="0.38" h="583" lang="fr" source="yolo" w="726" x="26" y="10">montre</contenuImg>
            <contenuImg CS="0.38" h="583" lang="en" source="yolo" w="726" x="26" y="10">clock</contenuImg>
            <genre source="final">publicité</genre>
            <genre source="md">publicité</genre>
            <fonction source="final">repro/dessin</fonction>
            <tech source="final">imp photoméca</tech>
            <fonction CS="0.89" source="TensorFlow">repro/dessin</fonction>
            <tech CS="1" source="md">imp photoméca</tech>
            <leg>FRANfF Bordighera éternelle. Cet hôtel de grand luxe, par ses suBex-les-Bains frR~AAMl~r~f E. Hôtel Cap Ampeglio. De premier or di re. perbes aménagements, assure au touriste M t )) Aix-les-Bains Ca? Ampeglio. De premier orraffiné une hospitalité distinguée. pres on re!lX c^.?tlZn uniqutTout le confort modcrne Birstol Hôtel. Renommé dans le monde Grand Hôtel des Salines. Belle situation Splendide Royal et Europe , Les hôtels Situation unique. Tout le confort moderne Bristol Hôtel. Renommé dans le monde Grand Hôtel des Sahnes. Belle sItuatIOn Splendide Roal et monde élégant. SituaGolf. Tennis, entier, central. tranquille. On y séjourne longbl~*ssement de bains. Tennis. Golf. Garage.</leg>
            <txt>HOTELS RECOMMANDÉS PAR VOGUE 66 rOGUE</txt>
          </ill>
        </ills>
      </page>
      <page hauteurPx="5055" largeurPx="3655" ordre="69">
        <nbMot>448</nbMot>
        <blocTexte>32</blocTexte>
        <blocTab>0</blocTab>
        <blocPub>31</blocPub>
        <blocIll ocr="3">3</blocIll>
        <ills>
          <ill classif="CCibm" couleur="gris" edit="1" h="1108" n="69-1" pub="1" taille="0" w="751" x="135" y="336">
            <contenuImg CS="0.565" lang="fr" source="ibm">bureau de douane</contenuImg>
            <contenuImg CS="0.565" lang="fr" source="ibm">bâtiment gouvernemental</contenuImg>
            <contenuImg CS="0.572" lang="fr" source="ibm">bâtiment</contenuImg>
            <contenuImg CS="0.503" lang="fr" source="ibm">barque</contenuImg>
            <contenuImg CS="0.503" lang="fr" source="ibm">bateau</contenuImg>
            <contenuImg CS="0.614" lang="fr" source="ibm">embarcation</contenuImg>
            <contenuImg CS="0.625" lang="fr" source="ibm">artisanat</contenuImg>
            <contenuImg CS="0.625" lang="fr" source="ibm">véhicule</contenuImg>
            <contenuImg CS="0.5" lang="fr" source="ibm">navire à vapeur</contenuImg>
            <contenuImg CS="0.504" lang="fr" source="ibm">navire</contenuImg>
            <contenuImg CS="0.998" coul="1" lang="fr" source="ibm">gris</contenuImg>
            <contenuImg CS="0.998" coul="1" lang="en" source="ibm">gray color</contenuImg>
            <contenuImg CS="0.504" lang="en" source="ibm">ship</contenuImg>
            <contenuImg CS="0.5" lang="en" source="ibm">steamship</contenuImg>
            <contenuImg CS="0.625" lang="en" source="ibm">vehicle</contenuImg>
            <contenuImg CS="0.625" lang="en" source="ibm">craft</contenuImg>
            <contenuImg CS="0.614" lang="en" source="ibm">watercraft</contenuImg>
            <contenuImg CS="0.503" lang="en" source="ibm">boat</contenuImg>
            <contenuImg CS="0.503" lang="en" source="ibm">showboat</contenuImg>
            <contenuImg CS="0.572" lang="en" source="ibm">building</contenuImg>
            <contenuImg CS="0.565" lang="en" source="ibm">government building</contenuImg>
            <contenuImg CS="0.565" lang="en" source="ibm">customhouse</contenuImg>
            <fonction source="final">repro/photo</fonction>
            <tech source="final">imp photoméca</tech>
            <fonction CS="0.91" source="TensorFlow">repro/photo</fonction>
            <tech CS="1" source="md">imp photoméca</tech>
            <leg>GARDONE RIVIERA ITALY GRAND HOTEL THE MOST UP TO DATE HOTEL RIGHT ON THE LAKE. ENCHANTING PLACE TO BREAK JOURNEY BETWEEN VENICE AND VILLA D ESTE.</leg>
            <txt>Ier Mars 67 Ier Mars 67</txt>
            <genre source="hm" time="2020-11-01T16:37:10.118+01:00">publicité</genre>
            <genre source="final">publicité</genre>
          </ill>
          <ill classif="CCyolo CCibm" couleur="gris" edit="1" h="268" n="69-2" pub="1" taille="0" w="257" x="1069" y="1630">
            <contenuImg CS="0.607" lang="fr" source="ibm">passe-partout (cadre)</contenuImg>
            <contenuImg CS="0.607" lang="fr" source="ibm">cadre</contenuImg>
            <contenuImg CS="0.607" lang="fr" source="ibm">structure porteuse</contenuImg>
            <contenuImg CS="0.552" lang="fr" source="ibm">peau de tambour</contenuImg>
            <contenuImg CS="0.529" lang="fr" source="ibm">tétraskèle</contenuImg>
            <contenuImg CS="0.5" lang="fr" source="ibm">empreinte</contenuImg>
            <contenuImg CS="0.593" lang="fr" source="ibm">animal</contenuImg>
            <contenuImg CS="0.599" lang="fr" source="ibm">disque</contenuImg>
            <contenuImg CS="0.594" lang="fr" source="ibm">ustensile</contenuImg>
            <contenuImg CS="0.727" coul="1" lang="fr" source="ibm">gris cendré</contenuImg>
            <contenuImg CS="0.723" coul="1" lang="fr" source="ibm">gris</contenuImg>
            <contenuImg CS="0.723" coul="1" lang="en" source="ibm">gray color</contenuImg>
            <contenuImg CS="0.727" coul="1" lang="en" source="ibm">ash grey color</contenuImg>
            <contenuImg CS="0.594" lang="en" source="ibm">utensil</contenuImg>
            <contenuImg CS="0.599" lang="en" source="ibm">disk</contenuImg>
            <contenuImg CS="0.593" lang="en" source="ibm">animal</contenuImg>
            <contenuImg CS="0.5" lang="en" source="ibm">imprint</contenuImg>
            <contenuImg CS="0.529" lang="en" source="ibm">tetraskelion</contenuImg>
            <contenuImg CS="0.552" lang="en" source="ibm">drumhead</contenuImg>
            <contenuImg CS="0.607" lang="en" source="ibm">supporting structure</contenuImg>
            <contenuImg CS="0.607" lang="en" source="ibm">framework</contenuImg>
            <contenuImg CS="0.607" lang="en" source="ibm">passe-partout (frame)</contenuImg>
            <contenuImg CS="0.69" h="246" lang="fr" source="yolo" w="243" x="3" y="13">montre</contenuImg>
            <contenuImg CS="0.69" h="246" lang="en" source="yolo" w="243" x="3" y="13">clock</contenuImg>
            <fonction source="final">repro/dessin</fonction>
            <tech source="final">imp photoméca</tech>
            <fonction CS="0.89" source="TensorFlow">repro/dessin</fonction>
            <tech CS="1" source="md">imp photoméca</tech>
            <leg>HOTEL BRISTOL ROME A first-Class hotel of world-wide 1 renown. Central, quiet, sunny, ideal for a long stay. 100 bed-rooms with running water. 50 bath-rooms 10 private salons. Luxurious suites. Famous cuisine. G. PINCHETTI, manager. I</leg>
            <txt>VILLA IGIEA S tuation unique sur la baie I de Palerme Exposition au „ GRAND HOTEL Midi Saison : Novembre PAL ER ME à Juin Appartements (Sicile) privés Deux Courts de Tennis Golf Renommée universelle U. GALANTI, direc MONTE-CARLO Sea Bathing MIRABEAUBelier th an « New Jersey HOT E L Open the year Restaurant round Near Sea and (près le Casino) Casino Up-to-date F . SCHIPPEL, Proprietor Manager</txt>
            <genre source="hm" time="2020-11-01T16:37:30.743+01:00">publicité</genre>
            <genre source="final">publicité</genre>
          </ill>
          <ill classif="CCibm" couleur="gris" h="586" n="69-3" pub="1" taille="0" w="815" x="565" y="3939">
            <contenuImg CS="0.518" lang="fr" source="ibm">bassin versant</contenuImg>
            <contenuImg CS="0.588" lang="fr" source="ibm">ben (montagne)</contenuImg>
            <contenuImg CS="0.6" lang="fr" source="ibm">nature</contenuImg>
            <contenuImg CS="0.5" lang="fr" source="ibm">ciel gris</contenuImg>
            <contenuImg CS="0.6" lang="fr" source="ibm">pente</contenuImg>
            <contenuImg CS="0.601" lang="fr" source="ibm">élévation naturelle</contenuImg>
            <contenuImg CS="0.599" lang="fr" source="ibm">rive</contenuImg>
            <contenuImg CS="1" coul="1" lang="fr" source="ibm">gris</contenuImg>
            <contenuImg CS="1" coul="1" lang="en" source="ibm">gray color</contenuImg>
            <contenuImg CS="0.599" lang="en" source="ibm">shore</contenuImg>
            <contenuImg CS="0.601" lang="en" source="ibm">natural elevation</contenuImg>
            <contenuImg CS="0.6" lang="en" source="ibm">slope</contenuImg>
            <contenuImg CS="0.5" lang="en" source="ibm">Gray Sky</contenuImg>
            <contenuImg CS="0.518" lang="en" source="ibm">catchment</contenuImg>
            <contenuImg CS="0.6" lang="en" source="ibm">nature</contenuImg>
            <contenuImg CS="0.588" lang="en" source="ibm">ben (mountain)</contenuImg>
            <genre source="final">publicité</genre>
            <genre source="md">publicité</genre>
            <fonction source="final">repro/photo</fonction>
            <tech source="final">imp photoméca</tech>
            <fonction CS="0.52" source="TensorFlow">repro/photo</fonction>
            <tech CS="1" source="md">imp photoméca</tech>
            <leg>Grande Bretagne HOTEL SPLENDIDE 600 lits. 300 salles de bain.</leg>
            <txt>HOTEL VILLA SERBELLONI GRAND HOTEL</txt>
          </ill>
        </ills>
      </page>
      <page hauteurPx="5089" largeurPx="3635" ordre="70">
        <nbMot>309</nbMot>
        <blocTexte>13</blocTexte>
        <blocTab>0</blocTab>
        <blocPub>2</blocPub>
        <blocIll ocr="3">3</blocIll>
        <ills>
          <ill classif="CCyolo CCibm" couleur="gris" edit="1" h="3016" n="70-1" pub="1" taille="2" w="1447" x="316" y="446">
            <contenuImg CS="0.517" lang="fr" source="ibm">suffragette</contenuImg>
            <contenuImg CS="0.555" lang="fr" source="ibm">musée (intérieur)</contenuImg>
            <contenuImg CS="0.518" lang="fr" source="ibm">personne</contenuImg>
            <contenuImg CS="0.5" lang="fr" source="ibm">thérémine (instrument de musique)</contenuImg>
            <contenuImg CS="0.5" lang="fr" source="ibm">instrument de musique</contenuImg>
            <contenuImg CS="0.599" lang="fr" source="ibm">vêtements</contenuImg>
            <contenuImg CS="0.962" coul="1" lang="fr" source="ibm">gris</contenuImg>
            <contenuImg CS="0.826" coul="1" lang="fr" source="ibm">charbon (couleur)</contenuImg>
            <contenuImg CS="0.826" coul="1" lang="en" source="ibm">charcoal color</contenuImg>
            <contenuImg CS="0.962" coul="1" lang="en" source="ibm">gray color</contenuImg>
            <contenuImg CS="0.599" lang="en" source="ibm">clothing</contenuImg>
            <contenuImg CS="0.5" lang="en" source="ibm">musical instrument</contenuImg>
            <contenuImg CS="0.5" lang="en" source="ibm">theremin (music instrument)</contenuImg>
            <contenuImg CS="0.518" lang="en" source="ibm">person</contenuImg>
            <contenuImg CS="0.517" lang="en" source="ibm">women's voting rights activist</contenuImg>
            <contenuImg CS="0.555" lang="en" source="ibm">Museum (Indoor)</contenuImg>
            <contenuImg CS="0.38" h="2620" lang="fr" source="yolo" w="633" x="500" y="296">personne</contenuImg>
            <contenuImg CS="0.38" h="2620" lang="en" source="yolo" w="633" x="500" y="296">person</contenuImg>
            <fonction source="final">repro/dessin</fonction>
            <tech source="final">imp photoméca</tech>
            <fonction CS="0.57" source="TensorFlow">repro/dessin</fonction>
            <tech CS="1" source="md">imp photoméca</tech>
            <leg>mms 39m FRI EDLAND PAQIS MONTRE ACTUELLE-MENT SA COLLECTION Il DE PRINTEMPS STUDIO DOULAND Henri Manuel M. Baty, metteur en scène plein d idées et directeur du Studio des Champs-Elysées, a fait de la petite scène qui lui a été confiée un des principaux boulevards du théâtre d avant-garde. Il vient d y monter  Maya  , curieuse pièce dont notre photographie représente une des scènes</leg>
            <txt>j 68 rOGUE j 68 rOGUE</txt>
            <genre source="hm" time="2020-11-01T16:37:21.045+01:00">publicité</genre>
            <genre source="final">publicité</genre>
          </ill>
          <ill classif="CCyolo CCibm" couleur="gris" h="1800" n="70-3" pub="1" taille="1" w="1389" x="2094" y="3109">
            <contenuImg CS="0.599" lang="fr" source="ibm">personne</contenuImg>
            <contenuImg CS="0.745" lang="fr" source="ibm">antichambre</contenuImg>
            <contenuImg CS="0.745" lang="fr" source="ibm">pièce</contenuImg>
            <contenuImg CS="0.5" lang="fr" source="ibm">musée (intérieur)</contenuImg>
            <contenuImg CS="0.921" coul="1" lang="fr" source="ibm">noir</contenuImg>
            <contenuImg CS="0.592" coul="1" lang="fr" source="ibm">gris</contenuImg>
            <contenuImg CS="0.592" coul="1" lang="en" source="ibm">gray color</contenuImg>
            <contenuImg CS="0.921" coul="1" lang="en" source="ibm">black color</contenuImg>
            <contenuImg CS="0.5" lang="en" source="ibm">Museum (Indoor)</contenuImg>
            <contenuImg CS="0.745" lang="en" source="ibm">room</contenuImg>
            <contenuImg CS="0.745" lang="en" source="ibm">anteroom</contenuImg>
            <contenuImg CS="0.599" lang="en" source="ibm">person</contenuImg>
            <contenuImg CS="0.43" h="360" lang="fr" source="yolo" w="176" x="406" y="806">personne</contenuImg>
            <contenuImg CS="0.29" h="50" lang="fr" source="yolo" w="60" x="620" y="933">cravate</contenuImg>
            <contenuImg CS="0.29" h="50" lang="en" source="yolo" w="60" x="620" y="933">tie</contenuImg>
            <contenuImg CS="0.43" h="360" lang="en" source="yolo" w="176" x="406" y="806">person</contenuImg>
            <contenuImg CS="0.46" h="226" lang="en" source="yolo" w="56" x="353" y="940">tie</contenuImg>
            <contenuImg CS="0.49" h="93" lang="en" source="yolo" w="33" x="930" y="863">tie</contenuImg>
            <contenuImg CS="0.81" h="956" lang="en" source="yolo" w="280" x="796" y="703">person</contenuImg>
            <contenuImg CS="0.83" h="936" lang="en" source="yolo" w="383" x="93" y="766">person</contenuImg>
            <contenuImg CS="0.85" h="916" lang="en" source="yolo" w="256" x="1050" y="760">person</contenuImg>
            <contenuImg CS="0.87" h="766" lang="en" source="yolo" w="443" x="400" y="953">person</contenuImg>
            <contenuImg CS="0.92" h="456" lang="en" source="yolo" w="240" x="563" y="793">person</contenuImg>
            <genre source="final">publicité</genre>
            <genre source="md">publicité</genre>
            <fonction source="final">repro/photo</fonction>
            <tech source="final">imp photoméca</tech>
            <fonction CS="0.99" source="TensorFlow">repro/photo</fonction>
            <tech CS="1" source="md">imp photoméca</tech>
            <leg>Waléry</leg>
            <txt>Cette photographie représente, pendant une répétition au Théâtre Michel du Sexe Fort  , une des plus jolies comédies de Tristan Bernard, l auteur lisant une scène à ses interprètes Oui, c est un gracieux marivaudage d un jeune auteur, M. Léon Ruth. On y voit trois jeunes filles se moquer d un beau jeune homme en lui faisant croire (Suite page yoj ▲</txt>
          </ill>
        </ills>
      </page>
      <page hauteurPx="5075" largeurPx="3683" ordre="71">
        <nbMot>395</nbMot>
        <blocTexte>28</blocTexte>
        <blocTab>0</blocTab>
        <blocPub>27</blocPub>
        <blocIll ocr="2">2</blocIll>
        <ills>
          <ill classif="CCyolo CCibm" couleur="gris" h="948" n="71-2" pub="1" taille="0" w="1053" x="2020" y="2734">
            <contenuImg CS="0.717" lang="fr" source="ibm">maçon</contenuImg>
            <contenuImg CS="0.717" lang="fr" source="ibm">personne</contenuImg>
            <contenuImg CS="0.599" lang="fr" source="ibm">presse écrite</contenuImg>
            <contenuImg CS="0.965" coul="1" lang="fr" source="ibm">albâtre</contenuImg>
            <contenuImg CS="0.965" coul="1" lang="en" source="ibm">alabaster color</contenuImg>
            <contenuImg CS="0.599" lang="en" source="ibm">print media</contenuImg>
            <contenuImg CS="0.717" lang="en" source="ibm">person</contenuImg>
            <contenuImg CS="0.717" lang="en" source="ibm">mason</contenuImg>
            <contenuImg CS="0.83" h="753" lang="fr" source="yolo" w="410" x="590" y="156">personne</contenuImg>
            <contenuImg CS="0.75" h="163" lang="fr" source="yolo" w="340" x="506" y="740">bol</contenuImg>
            <contenuImg CS="0.75" h="163" lang="en" source="yolo" w="340" x="506" y="740">bowl</contenuImg>
            <contenuImg CS="0.83" h="753" lang="en" source="yolo" w="410" x="590" y="156">person</contenuImg>
            <genre source="final">publicité</genre>
            <genre source="md">publicité</genre>
            <fonction source="final">repro/photo</fonction>
            <tech source="final">imp photoméca</tech>
            <fonction CS="0.78" source="TensorFlow">repro/photo</fonction>
            <tech CS="1" source="md">imp photoméca</tech>
            <leg>1 oeu# ÇantdJ?eau I 1 1 1 taranti lavahle 1 1 ~atp~m t i taiWcà M e 1 1 en toutes nuances 1 1 même IeAptuo fencdeA*. 1 1 1 fil Le gant KISLAV se fait en tous genres t 1 pour 1)AM l-S, pour HORIMKS et pour E:ÜA!l:TS.</leg>
            <txt>Défiât de la MçUUtfbcUiTg de/ boWietcTl^ Rgume/. 12 rue Cadet fetri/l (Se recommander de Vogue) Notre Dépôt de PARIS est ouvert à la VENTE DIRECTE tous les jours l après-midi seulement.</txt>
          </ill>
        </ills>
      </page>
      <page hauteurPx="5121" largeurPx="3681" ordre="72">
        <nbMot>581</nbMot>
        <blocTexte>19</blocTexte>
        <blocTab>0</blocTab>
        <blocPub>5</blocPub>
        <blocIll ocr="2">2</blocIll>
        <ills>
          <ill classif="CCyolo CCibm" couleur="gris" h="1978" n="72-2" pub="1" taille="1" w="1574" x="1992" y="325">
            <contenuImg CS="0.598" lang="fr" source="ibm">personne</contenuImg>
            <contenuImg CS="0.784" lang="fr" source="ibm">musée (intérieur)</contenuImg>
            <contenuImg CS="0.5" lang="fr" source="ibm">salon</contenuImg>
            <contenuImg CS="0.5" lang="fr" source="ibm">pièce</contenuImg>
            <contenuImg CS="0.913" coul="1" lang="fr" source="ibm">noir</contenuImg>
            <contenuImg CS="0.533" coul="1" lang="fr" source="ibm">gris</contenuImg>
            <contenuImg CS="0.533" coul="1" lang="en" source="ibm">gray color</contenuImg>
            <contenuImg CS="0.913" coul="1" lang="en" source="ibm">black color</contenuImg>
            <contenuImg CS="0.5" lang="en" source="ibm">room</contenuImg>
            <contenuImg CS="0.5" lang="en" source="ibm">living room</contenuImg>
            <contenuImg CS="0.784" lang="en" source="ibm">Museum (Indoor)</contenuImg>
            <contenuImg CS="0.598" lang="en" source="ibm">person</contenuImg>
            <contenuImg CS="0.41" h="906" lang="fr" source="yolo" w="410" x="973" y="316">personne</contenuImg>
            <contenuImg CS="0.28" h="106" lang="fr" source="yolo" w="50" x="596" y="376">cravate</contenuImg>
            <contenuImg CS="0.28" h="106" lang="en" source="yolo" w="50" x="596" y="376">tie</contenuImg>
            <contenuImg CS="0.41" h="906" lang="en" source="yolo" w="410" x="973" y="316">person</contenuImg>
            <contenuImg CS="0.45" h="400" lang="en" source="yolo" w="246" x="756" y="123">person</contenuImg>
            <contenuImg CS="0.70" h="790" lang="en" source="yolo" w="300" x="763" y="326">person</contenuImg>
            <contenuImg CS="0.72" h="1036" lang="en" source="yolo" w="306" x="500" y="160">person</contenuImg>
            <genre source="final">publicité</genre>
            <genre source="md">publicité</genre>
            <fonction source="final">repro/photo</fonction>
            <tech source="final">imp photoméca</tech>
            <fonction CS="0.91" source="TensorFlow">repro/photo</fonction>
            <tech CS="1" source="md">imp photoméca</tech>
            <leg>Une des scènes les plus amusantes des  M erveilleuses aventures du Baron de Crac  , la pièce en trois actes de Cami. que vient de monter, toujours bien inspiré, le Théâtre du Petit Monde</leg>
            <txt>(01110 (Italie) Grand Prix Exposition des Arts Décoratifs Paris 1925</txt>
          </ill>
        </ills>
      </page>
      <page hauteurPx="5089" largeurPx="3703" ordre="73">
        <nbMot>692</nbMot>
        <blocTexte>26</blocTexte>
        <blocTab>0</blocTab>
        <blocPub>25</blocPub>
        <blocIll ocr="1">1</blocIll>
        <ills>
          <ill classif="CCyolo CCibm" couleur="gris" h="1483" n="73-1" pub="1" taille="0" w="1153" x="345" y="784">
            <contenuImg CS="0.772" lang="fr" source="ibm">personne</contenuImg>
            <contenuImg CS="0.987" lang="fr" source="ibm">pointe d'argent</contenuImg>
            <contenuImg CS="0.916" coul="1" lang="fr" source="ibm">gris cendré</contenuImg>
            <contenuImg CS="0.694" coul="1" lang="fr" source="ibm">albâtre</contenuImg>
            <contenuImg CS="0.694" coul="1" lang="en" source="ibm">alabaster color</contenuImg>
            <contenuImg CS="0.916" coul="1" lang="en" source="ibm">ash grey color</contenuImg>
            <contenuImg CS="0.987" lang="en" source="ibm">silverpoint</contenuImg>
            <contenuImg CS="0.772" lang="en" source="ibm">person</contenuImg>
            <contenuImg CS="0.86" h="1213" lang="fr" source="yolo" w="940" x="126" y="153">personne</contenuImg>
            <contenuImg CS="0.86" h="1213" lang="en" source="yolo" w="940" x="126" y="153">person</contenuImg>
            <genre source="final">publicité</genre>
            <genre source="md">publicité</genre>
            <fonction source="final">repro/dessin</fonction>
            <tech source="final">imp photoméca</tech>
            <fonction CS="0.67" source="TensorFlow">repro/dessin</fonction>
            <tech CS="1" source="md">imp photoméca</tech>
            <leg>ELIZABETH ARDEN est persuadée qu aucune crème n est souveraine. Elle a établi les r formules de ses préparations scientifiques d après les besoins définis de l épiderme.</leg>
            <txt>Les Préparations d Elizabeth Arden sont Efficaces parce que leurs formules reposent sur des principes scientifiques et qu elles sont d une pureté immaculée. ie r Mars 71</txt>
          </ill>
        </ills>
      </page>
      <page hauteurPx="5073" largeurPx="3665" ordre="74">
        <nbMot>713</nbMot>
        <blocTexte>23</blocTexte>
        <blocTab>0</blocTab>
        <blocPub>22</blocPub>
        <blocIll ocr="0">0</blocIll>
      </page>
      <page hauteurPx="5069" largeurPx="3675" ordre="75">
        <nbMot>108</nbMot>
        <blocTexte>15</blocTexte>
        <blocTab>0</blocTab>
        <blocPub>14</blocPub>
        <blocIll ocr="1">1</blocIll>
        <ills>
          <ill classif="CCyolo CCibm" couleur="gris" h="1326" n="75-1" pub="1" taille="0" w="680" x="2715" y="2796">
            <contenuImg CS="0.976" lang="fr" source="ibm">stylo et encre</contenuImg>
            <contenuImg CS="0.5" lang="fr" source="ibm">salle d'étude</contenuImg>
            <contenuImg CS="0.804" coul="1" lang="fr" source="ibm">gris</contenuImg>
            <contenuImg CS="0.771" coul="1" lang="fr" source="ibm">gris cendré</contenuImg>
            <contenuImg CS="0.771" coul="1" lang="en" source="ibm">ash grey color</contenuImg>
            <contenuImg CS="0.804" coul="1" lang="en" source="ibm">gray color</contenuImg>
            <contenuImg CS="0.5" lang="en" source="ibm">study</contenuImg>
            <contenuImg CS="0.976" lang="en" source="ibm">pen-and-ink</contenuImg>
            <contenuImg CS="0.75" h="1296" lang="fr" source="yolo" w="606" x="30" y="26">personne</contenuImg>
            <contenuImg CS="0.75" h="1296" lang="en" source="yolo" w="606" x="30" y="26">person</contenuImg>
            <genre source="final">publicité</genre>
            <genre source="md">publicité</genre>
            <fonction source="final">repro/dessin</fonction>
            <tech source="final">imp photoméca</tech>
            <fonction CS="1.00" source="TensorFlow">repro/dessin</fonction>
            <tech CS="1" source="md">imp photoméca</tech>
            <leg>la ceinture 1»4 Sylvie légère et souple en tissu entièrement inextensible, amincira votre corps sans nuire au confort tant apprécié. Se fait en tissu suédé, de soie ou bazin.</leg>
            <txt>QUI DONNERA LE COMPTE RENDU DES COLLECTIONS DES GRANDS COUTURIERS VOGUE DU MOIS D AVRIL</txt>
          </ill>
        </ills>
      </page>
      <page hauteurPx="5071" largeurPx="3651" ordre="76">
        <nbMot>585</nbMot>
        <blocTexte>31</blocTexte>
        <blocTab>0</blocTab>
        <blocPub>30</blocPub>
        <blocIll ocr="1">1</blocIll>
        <ills>
          <ill classif="CCibm" couleur="gris" h="613" n="76-1" pub="1" taille="0" w="566" x="1958" y="753">
            <contenuImg CS="0.956" lang="fr" source="ibm">cadre</contenuImg>
            <contenuImg CS="0.956" lang="fr" source="ibm">structure porteuse</contenuImg>
            <contenuImg CS="0.5" lang="fr" source="ibm">passe-partout (cadre)</contenuImg>
            <contenuImg CS="0.784" lang="fr" source="ibm">tissu</contenuImg>
            <contenuImg CS="0.935" coul="1" lang="fr" source="ibm">gris</contenuImg>
            <contenuImg CS="0.935" coul="1" lang="en" source="ibm">gray color</contenuImg>
            <contenuImg CS="0.784" lang="en" source="ibm">fabric</contenuImg>
            <contenuImg CS="0.5" lang="en" source="ibm">passe-partout (frame)</contenuImg>
            <contenuImg CS="0.956" lang="en" source="ibm">supporting structure</contenuImg>
            <contenuImg CS="0.956" lang="en" source="ibm">framework</contenuImg>
            <contenuImg CS="0.936" lang="en" source="ibm">picture frame</contenuImg>
            <genre source="final">publicité</genre>
            <genre source="md">publicité</genre>
            <fonction source="final">repro/dessin</fonction>
            <tech source="final">imp photoméca</tech>
            <fonction CS="0.94" source="TensorFlow">repro/dessin</fonction>
            <tech CS="1" source="md">imp photoméca</tech>
            <leg>^ecL Çowry JTjxnteajux GftâLe./ Çjchjctrpjs/^ rozu/ ef de l/cyage/  Pafirueojuuc — OotM/yin/ etc.</leg>
            <txt>DADIS (vme) ------i G,-ILLeC~Gl FR ,-. ~Cuc 17, PLUS de Mircrrrue/rul.</txt>
          </ill>
        </ills>
      </page>
      <page hauteurPx="5079" largeurPx="3689" ordre="77">
        <nbMot>4352</nbMot>
        <blocTexte>118</blocTexte>
        <blocTab>0</blocTab>
        <blocPub>118</blocPub>
        <blocIll ocr="0">0</blocIll>
      </page>
      <page hauteurPx="5069" largeurPx="3689" ordre="78">
        <nbMot>34</nbMot>
        <blocTexte>4</blocTexte>
        <blocTab>0</blocTab>
        <blocPub>4</blocPub>
        <blocIll ocr="0">0</blocIll>
      </page>
    </pages>
  </contenus>
</analyseAlto>