<analyseAlto>
  <metad>
    <type>R</type>
    <ID>bpt6k65382346</ID>
    <notice>cb343833568</notice>
    <titre>Vogue 1932/06</titre>
    <dateEdition>1932-06</dateEdition>
    <lang>fre</lang>
    <source>BnF</source>
    <nbPage>76</nbPage>
  </metad>
  <contenus>
    <largeur>159</largeur>
    <hauteur>215</hauteur>
    <largeurPx>3769</largeurPx>
    <hauteurPx>5079</hauteurPx>
    <pages>
      <page hauteurPx="5079" largeurPx="3769" ordre="1">
        <nbMot>63</nbMot>
        <blocTexte>5</blocTexte>
        <blocTab>0</blocTab>
        <blocPub>3</blocPub>
        <blocIll ocr="1">1</blocIll>
        <ills>
          <ill classif="CCyolo CCibm" couleur="gris" h="3160" n="1-1" pub="1" taille="3" une="true" w="2327" x="1256" y="241">
            <contenuImg CS="0.577" lang="fr" source="ibm">verger</contenuImg>
            <contenuImg CS="0.577" lang="fr" source="ibm">arbre</contenuImg>
            <contenuImg CS="0.577" lang="fr" source="ibm">plante</contenuImg>
            <contenuImg CS="0.572" lang="fr" source="ibm">parking</contenuImg>
            <contenuImg CS="0.571" lang="fr" source="ibm">parc</contenuImg>
            <contenuImg CS="0.571" lang="fr" source="ibm">nature</contenuImg>
            <contenuImg CS="0.5" lang="fr" source="ibm">toboggan de jeu</contenuImg>
            <contenuImg CS="0.599" lang="fr" source="ibm">route</contenuImg>
            <contenuImg CS="0.979" coul="1" lang="fr" source="ibm">gris</contenuImg>
            <contenuImg CS="0.979" coul="1" lang="en" source="ibm">gray color</contenuImg>
            <contenuImg CS="0.599" lang="en" source="ibm">road</contenuImg>
            <contenuImg CS="0.5" lang="en" source="ibm">playground slide</contenuImg>
            <contenuImg CS="0.571" lang="en" source="ibm">nature</contenuImg>
            <contenuImg CS="0.571" lang="en" source="ibm">Park</contenuImg>
            <contenuImg CS="0.572" lang="en" source="ibm">Parking Lot</contenuImg>
            <contenuImg CS="0.577" lang="en" source="ibm">plant</contenuImg>
            <contenuImg CS="0.577" lang="en" source="ibm">tree</contenuImg>
            <contenuImg CS="0.577" lang="en" source="ibm">Orchard</contenuImg>
            <contenuImg CS="0.97" h="690" lang="fr" source="yolo" w="313" x="1416" y="2236">personne</contenuImg>
            <contenuImg CS="0.89" h="823" lang="fr" source="yolo" w="1870" x="250" y="2146">camion</contenuImg>
            <contenuImg CS="0.89" h="823" lang="en" source="yolo" w="1870" x="250" y="2146">truck</contenuImg>
            <contenuImg CS="0.97" h="690" lang="en" source="yolo" w="313" x="1416" y="2236">person</contenuImg>
            <genre source="final">publicité</genre>
            <genre source="md">publicité</genre>
            <fonction source="final">repro/photo</fonction>
            <tech source="final">imp photoméca</tech>
            <fonction CS="0.72" source="TensorFlow">repro/photo</fonction>
            <tech CS="1" source="md">imp photoméca</tech>
            <leg>DE L A G E LA BELLE VOITURE FRANÇAISE 140. CHAMPSÉLYSÉES PARIS</leg>
            <txt>LA D8 DELAGE de Mademoiselle Betty Spell, la charmante vedette parisienne qui vient de remporter aux Concours d Elégance de la Côte d Azur : Hyères, Cannes, MonteCarlo, Nice, le GRAND PRIX DE LA PLUS BELLE VOITURE FRANÇAISE et 3 Grands Prix d Excellence (Carros!? Letourneur et Marchand). 1</txt>
          </ill>
        </ills>
      </page>
      <page hauteurPx="5091" largeurPx="3599" ordre="2">
        <nbMot>82</nbMot>
        <blocTexte>4</blocTexte>
        <blocTab>0</blocTab>
        <blocPub>2</blocPub>
        <blocIll ocr="1">1</blocIll>
        <ills>
          <ill classif="CCibm" couleur="gris" h="3094" n="2-1" pub="1" taille="3" w="2573" x="964" y="263">
            <contenuImg CS="0.516" lang="fr" source="ibm">muqueuse</contenuImg>
            <contenuImg CS="0.831" lang="fr" source="ibm">épingle</contenuImg>
            <contenuImg CS="0.831" lang="fr" source="ibm">attache</contenuImg>
            <contenuImg CS="0.831" lang="fr" source="ibm">dispositif de contrainte (chaînes)</contenuImg>
            <contenuImg CS="0.516" lang="fr" source="ibm">champignon</contenuImg>
            <contenuImg CS="0.793" lang="fr" source="ibm">plante</contenuImg>
            <contenuImg CS="0.771" lang="fr" source="ibm">ustensile</contenuImg>
            <contenuImg CS="0.882" coul="1" lang="fr" source="ibm">ivoire (couleur)</contenuImg>
            <contenuImg CS="0.602" coul="1" lang="fr" source="ibm">albâtre</contenuImg>
            <contenuImg CS="0.602" coul="1" lang="en" source="ibm">alabaster color</contenuImg>
            <contenuImg CS="0.882" coul="1" lang="en" source="ibm">ivory color</contenuImg>
            <contenuImg CS="0.771" lang="en" source="ibm">utensil</contenuImg>
            <contenuImg CS="0.793" lang="en" source="ibm">plant</contenuImg>
            <contenuImg CS="0.516" lang="en" source="ibm">fungus</contenuImg>
            <contenuImg CS="0.516" lang="en" source="ibm">mucor</contenuImg>
            <contenuImg CS="0.831" lang="en" source="ibm">restraint (chains)</contenuImg>
            <contenuImg CS="0.831" lang="en" source="ibm">fastener</contenuImg>
            <contenuImg CS="0.831" lang="en" source="ibm">pin</contenuImg>
            <genre source="final">publicité</genre>
            <genre source="md">publicité</genre>
            <fonction source="final">repro/photo</fonction>
            <tech source="final">imp photoméca</tech>
            <fonction CS="0.85" source="TensorFlow">repro/photo</fonction>
            <tech CS="1" source="md">imp photoméca</tech>
            <leg>j a ! Ë/a J F. PINET dont la réputation de qualité et F. PINET dont la réputation de qualité et a ~-~ d élégance est si solidement établie, se # kVIT^ÏS devait de présenter pour la belle saison, /~* la plus jolie collection de souliers blancs ( -~ de tout Paris. Venez admirer les modèles dans ses magasins: I, BOULEVARD DE LA MADELEINE 76, AVENUE DES CHAMPS-ELYSÉES</leg>
          </ill>
        </ills>
      </page>
      <page hauteurPx="5053" largeurPx="3733" ordre="3">
        <nbMot>223</nbMot>
        <blocTexte>7</blocTexte>
        <blocTab>0</blocTab>
        <blocPub>5</blocPub>
        <blocIll ocr="0">0</blocIll>
      </page>
      <page hauteurPx="5077" largeurPx="3609" ordre="4">
        <nbMot>60</nbMot>
        <blocTexte>12</blocTexte>
        <blocTab>0</blocTab>
        <blocPub>10</blocPub>
        <blocIll ocr="1">1</blocIll>
        <ills>
          <ill classif="CCyolo CCibm" couleur="gris" h="1860" n="4-1" pub="1" taille="1" w="1449" x="1969" y="243">
            <contenuImg CS="0.608" lang="fr" source="ibm">suffragette</contenuImg>
            <contenuImg CS="0.521" lang="fr" source="ibm">robe à clapet</contenuImg>
            <contenuImg CS="0.919" lang="fr" source="ibm">personne</contenuImg>
            <contenuImg CS="0.5" lang="fr" source="ibm">personnes</contenuImg>
            <contenuImg CS="0.8" lang="fr" source="ibm">coiffure</contenuImg>
            <contenuImg CS="0.915" coul="1" lang="fr" source="ibm">émeraude (couleur)</contenuImg>
            <contenuImg CS="0.915" coul="1" lang="en" source="ibm">emerald color</contenuImg>
            <contenuImg CS="0.8" lang="en" source="ibm">headdress</contenuImg>
            <contenuImg CS="0.5" lang="en" source="ibm">people</contenuImg>
            <contenuImg CS="0.521" lang="en" source="ibm">person in flapper dress</contenuImg>
            <contenuImg CS="0.919" lang="en" source="ibm">person</contenuImg>
            <contenuImg CS="0.608" lang="en" source="ibm">women's voting rights activist</contenuImg>
            <contenuImg CS="0.95" h="1676" lang="fr" source="yolo" w="1430" x="6" y="110">personne</contenuImg>
            <contenuImg CS="0.95" h="1676" lang="en" source="yolo" w="1430" x="6" y="110">person</contenuImg>
            <genre source="final">publicité</genre>
            <genre source="md">publicité</genre>
            <fonction source="final">repro/photo</fonction>
            <tech source="final">imp photoméca</tech>
            <fonction CS="0.86" source="TensorFlow">repro/photo</fonction>
            <tech CS="1" source="md">imp photoméca</tech>
            <leg>Studio G. L. Manuel frères * j 1. s. germaine page 2 8 1, rue saint-honoré HENRI YERGNE MANTEAUX FOURRURES</leg>
            <txt>CABLE ADDRESS: BOCOMAIN PARIS —— -—— 27-29 TÉLÉPHONE: ÉLYSÉES 27-30 27-31</txt>
          </ill>
        </ills>
      </page>
      <page hauteurPx="5053" largeurPx="3733" ordre="5">
        <nbMot>691</nbMot>
        <blocTexte>21</blocTexte>
        <blocTab>0</blocTab>
        <blocPub>0</blocPub>
        <blocIll ocr="4">4</blocIll>
        <ills>
          <ill classif="CCyolo CCibm" couleur="gris" edit="1" h="1688" n="5-1" pub="1" taille="1" w="2269" x="286" y="201">
            <contenuImg CS="0.793" lang="fr" source="ibm">personne</contenuImg>
            <contenuImg CS="0.939" lang="fr" source="ibm">négatif</contenuImg>
            <contenuImg CS="0.939" lang="fr" source="ibm">film photographique</contenuImg>
            <contenuImg CS="0.939" lang="fr" source="ibm">matériel photographique</contenuImg>
            <contenuImg CS="0.79" lang="fr" source="ibm">presse écrite</contenuImg>
            <contenuImg CS="0.961" coul="1" lang="fr" source="ibm">noir</contenuImg>
            <contenuImg CS="0.731" coul="1" lang="fr" source="ibm">émeraude (couleur)</contenuImg>
            <contenuImg CS="0.731" coul="1" lang="en" source="ibm">emerald color</contenuImg>
            <contenuImg CS="0.961" coul="1" lang="en" source="ibm">black color</contenuImg>
            <contenuImg CS="0.79" lang="en" source="ibm">print media</contenuImg>
            <contenuImg CS="0.939" lang="en" source="ibm">photographic equipment</contenuImg>
            <contenuImg CS="0.939" lang="en" source="ibm">photographic film</contenuImg>
            <contenuImg CS="0.939" lang="en" source="ibm">negative</contenuImg>
            <contenuImg CS="0.793" lang="en" source="ibm">person</contenuImg>
            <contenuImg CS="0.97" h="1016" lang="fr" source="yolo" w="1050" x="606" y="213">personne</contenuImg>
            <contenuImg CS="0.59" h="156" lang="fr" source="yolo" w="160" x="1533" y="1070">tasse</contenuImg>
            <contenuImg CS="0.27" h="546" lang="fr" source="yolo" w="176" x="1920" y="663">bouteille</contenuImg>
            <contenuImg CS="0.27" h="546" lang="en" source="yolo" w="176" x="1920" y="663">bottle</contenuImg>
            <contenuImg CS="0.59" h="156" lang="en" source="yolo" w="160" x="1533" y="1070">cup</contenuImg>
            <contenuImg CS="0.63" h="706" lang="en" source="yolo" w="276" x="1643" y="506">bottle</contenuImg>
            <contenuImg CS="0.66" h="506" lang="en" source="yolo" w="156" x="110" y="763">bottle</contenuImg>
            <contenuImg CS="0.80" h="453" lang="en" source="yolo" w="143" x="1803" y="786">bottle</contenuImg>
            <contenuImg CS="0.88" h="380" lang="en" source="yolo" w="150" x="250" y="890">bottle</contenuImg>
            <contenuImg CS="0.90" h="393" lang="en" source="yolo" w="183" x="413" y="750">bottle</contenuImg>
            <contenuImg CS="0.97" h="1016" lang="en" source="yolo" w="1050" x="606" y="213">person</contenuImg>
            <fonction source="final">repro/photo</fonction>
            <tech source="final">imp photoméca</tech>
            <fonction CS="0.90" source="TensorFlow">repro/photo</fonction>
            <tech CS="1" source="md">imp photoméca</tech>
            <leg>Trilogie moderne. Succès de la femme. Un visage séduisant. une silhouette élancée. une toilette heureuse. La femme qui a réussi cette harmonie peut aller tranquille et sûre d elle-même. Mais que l un seulement de ces éléments de succès fasse défaut, l ensemble s écroule, tant se tiennent entre elles ces trois faces de la beauté féminine. En ce qui concerne votre toilette, il ne nous appartient pas de vous conseiller sur ce sujet. D ailleurs, jamais la mode ne fut plus intelligemment conçue pour offrir à chaque femme la possibilité d y choisir ce qui lui convient le mieux, ce qui met le mieux en valeur sa personnalité. Mais c est justement cette personnalité même, votre corps et votre visage, qu Elizabeth Arden a mission de vous aider à réaliser. Car, aussi chic que puisse être votre toilette, l ensemble sera « raté » si les défauts de votre visage attirent plus le regard que votre joli chapeau, si la nuance de votre maquillage jure avec la couleur de votre robe, si une taille épaisse proteste contre l allure jeune de ce léger et délicieux ensemble de crêpe fleuri. C est pourquoi Elizabeth Arden insiste tant dans votre propre intérêt, pour que vous preniez en égale considération votre visage, votre silhouette et votre toilette, lorsque vous cherchez au fond de vous-même une réponse à cette primordiale question : « Comment arriver à paraître impeccablement soignée ? »</leg>
            <txt>J UI N 1932 5 J UI N 1932 5</txt>
            <genre source="hm" time="2020-10-31T19:48:20.307+01:00">publicité</genre>
            <genre source="final">publicité</genre>
          </ill>
          <ill classif="CCibm" couleur="gris" edit="1" h="517" n="5-2" pub="1" taille="0" w="701" x="2724" y="1249">
            <contenuImg CS="0.98" lang="fr" source="ibm">salle d'étude</contenuImg>
            <contenuImg CS="0.703" coul="1" lang="fr" source="ibm">vert olive</contenuImg>
            <contenuImg CS="0.613" coul="1" lang="fr" source="ibm">gris</contenuImg>
            <contenuImg CS="0.613" coul="1" lang="en" source="ibm">gray color</contenuImg>
            <contenuImg CS="0.703" coul="1" lang="en" source="ibm">olive green color</contenuImg>
            <contenuImg CS="0.98" lang="en" source="ibm">study</contenuImg>
            <fonction source="final">repro/dessin</fonction>
            <tech source="final">imp photoméca</tech>
            <fonction CS="0.72" source="TensorFlow">repro/dessin</fonction>
            <tech CS="1" source="md">imp photoméca</tech>
            <leg>Le fameux traitement d Elizabeth Aiden connu sous le nom de MuscleStrapping-Skin-Toning  , complété de soins appropriés à votre type d épiderme, est le plus efficace que vous puissiez rêver pour votre visage. Et quelle merveilleuse détente que de s abandonner dans une moelleuse chaise longue pendant que des doigts experts recréent votre beauté.</leg>
            <txt>UNE ENTENTE CORDIALE ENTRE VISAGE, SILHOUETTE ET MODE EST INDISPENSABLE. ELIZABETH ARDEN NEW-YORK LONDRES — BERLIN — ROME — MADRID BIARRITZ PARIS LE TOUQUET 2, Rue de la Paix Central 04.28 Préparations Elizabeth Arden, fabriquées en France dans ses propres laboratoires.</txt>
            <genre source="hm" time="2020-10-31T19:48:22.248+01:00">publicité</genre>
            <genre source="final">publicité</genre>
          </ill>
          <ill classif="CCibm" couleur="gris" edit="1" h="512" n="5-3" pub="1" taille="0" w="507" x="2811" y="2472">
            <contenuImg CS="0.912" lang="fr" source="ibm">salle d'étude</contenuImg>
            <contenuImg CS="0.5" lang="fr" source="ibm">pointe d'argent</contenuImg>
            <contenuImg CS="0.778" lang="fr" source="ibm">cellule</contenuImg>
            <contenuImg CS="0.798" lang="fr" source="ibm">micro-organisme</contenuImg>
            <contenuImg CS="0.976" coul="1" lang="fr" source="ibm">gris</contenuImg>
            <contenuImg CS="0.976" coul="1" lang="en" source="ibm">gray color</contenuImg>
            <contenuImg CS="0.798" lang="en" source="ibm">microorganism</contenuImg>
            <contenuImg CS="0.778" lang="en" source="ibm">cell</contenuImg>
            <contenuImg CS="0.5" lang="en" source="ibm">silverpoint</contenuImg>
            <contenuImg CS="0.912" lang="en" source="ibm">study</contenuImg>
            <fonction source="final">repro/dessin</fonction>
            <tech source="final">imp photoméca</tech>
            <fonction CS="0.90" source="TensorFlow">repro/dessin</fonction>
            <tech CS="1" source="md">imp photoméca</tech>
            <leg>Avez-vous déjà assisté aux danses rythmiques des élèves d Elizabeth Arden ?</leg>
            <txt>Le fameux traitement d Elizabeth Aiden connu sous le nom de MuscleStrapping-Skin-Toning  , complété de soins appropriés à votre type d épiderme, est le plus efficace que vous puissiez rêver pour votre visage. Et quelle merveilleuse détente que de s abandonner dans une moelleuse chaise longue pendant que des doigts experts recréent votre beauté. UNE ENTENTE CORDIALE ENTRE VISAGE, SILHOUETTE ET MODE EST INDISPENSABLE.</txt>
            <genre source="hm" time="2020-10-31T19:48:24.887+01:00">publicité</genre>
            <genre source="final">publicité</genre>
          </ill>
          <ill classif="CCibm" couleur="gris" edit="1" h="532" n="5-4" pub="1" taille="0" w="604" x="2744" y="3640">
            <contenuImg CS="0.525" lang="fr" source="ibm">porte-bagages</contenuImg>
            <contenuImg CS="0.578" lang="fr" source="ibm">phare (de véhicule)</contenuImg>
            <contenuImg CS="0.587" lang="fr" source="ibm">source de lumière</contenuImg>
            <contenuImg CS="0.544" lang="fr" source="ibm">chasseur furtif</contenuImg>
            <contenuImg CS="0.545" lang="fr" source="ibm">avion</contenuImg>
            <contenuImg CS="0.551" lang="fr" source="ibm">artisanat</contenuImg>
            <contenuImg CS="0.552" lang="fr" source="ibm">véhicule</contenuImg>
            <contenuImg CS="0.525" lang="fr" source="ibm">grille</contenuImg>
            <contenuImg CS="0.526" lang="fr" source="ibm">cadre</contenuImg>
            <contenuImg CS="0.526" lang="fr" source="ibm">structure porteuse</contenuImg>
            <contenuImg CS="0.5" lang="fr" source="ibm">couchette</contenuImg>
            <contenuImg CS="0.511" lang="fr" source="ibm">lit</contenuImg>
            <contenuImg CS="0.512" lang="fr" source="ibm">meubles</contenuImg>
            <contenuImg CS="0.673" coul="1" lang="fr" source="ibm">charbon (couleur)</contenuImg>
            <contenuImg CS="0.565" coul="1" lang="fr" source="ibm">noir</contenuImg>
            <contenuImg CS="0.565" coul="1" lang="en" source="ibm">black color</contenuImg>
            <contenuImg CS="0.673" coul="1" lang="en" source="ibm">charcoal color</contenuImg>
            <contenuImg CS="0.512" lang="en" source="ibm">furniture</contenuImg>
            <contenuImg CS="0.511" lang="en" source="ibm">bed</contenuImg>
            <contenuImg CS="0.5" lang="en" source="ibm">berth (build in bed)</contenuImg>
            <contenuImg CS="0.526" lang="en" source="ibm">supporting structure</contenuImg>
            <contenuImg CS="0.526" lang="en" source="ibm">framework</contenuImg>
            <contenuImg CS="0.525" lang="en" source="ibm">rack</contenuImg>
            <contenuImg CS="0.525" lang="en" source="ibm">luggage rack</contenuImg>
            <contenuImg CS="0.552" lang="en" source="ibm">vehicle</contenuImg>
            <contenuImg CS="0.551" lang="en" source="ibm">craft</contenuImg>
            <contenuImg CS="0.545" lang="en" source="ibm">aircraft</contenuImg>
            <contenuImg CS="0.544" lang="en" source="ibm">stealth fighter</contenuImg>
            <contenuImg CS="0.587" lang="en" source="ibm">light source</contenuImg>
            <contenuImg CS="0.578" lang="en" source="ibm">headlight (of vehicle)</contenuImg>
            <fonction source="final">repro/dessin</fonction>
            <tech source="final">imp photoméca</tech>
            <fonction CS="0.90" source="TensorFlow">repro/dessin</fonction>
            <tech CS="1" source="md">imp photoméca</tech>
            <leg>Et maintenant, votre visage et votre corps justifieront par leur charme le temps et l argent que vous avez dépensés pour vos nouvelles toilettes. Voyez la cambrure gracieuse et souple de votre taille. la finesse de vos hanches et de vos bras. Elizabeth Arden est contente de vous. Ne l êtes-vous pas aussi?</leg>
            <txt>La finesse de hanches et de taille des exécutantes est l évidence même de l efficacité de ces merveilleux exercices. De quelles transformations prodigieuses n ont pas été témoins les hauts miroirs qui tapissent les murs de cette chambre des miracles : l obésité devenue fine élégance. la gaucherie, assurance ailée. Avez-vous déjà assisté aux danses rythmiques des élèves d Elizabeth Arden ?</txt>
            <genre source="hm" time="2020-10-31T19:48:27.255+01:00">publicité</genre>
            <genre source="final">publicité</genre>
          </ill>
        </ills>
      </page>
      <page hauteurPx="5101" largeurPx="3643" ordre="6">
        <nbMot>35</nbMot>
        <blocTexte>6</blocTexte>
        <blocTab>0</blocTab>
        <blocPub>4</blocPub>
        <blocIll ocr="0">0</blocIll>
      </page>
      <page hauteurPx="5053" largeurPx="3733" ordre="7">
        <nbMot>86</nbMot>
        <blocTexte>5</blocTexte>
        <blocTab>0</blocTab>
        <blocPub>4</blocPub>
        <blocIll ocr="0">0</blocIll>
      </page>
      <page hauteurPx="5155" largeurPx="3719" ordre="8">
        <nbMot>77</nbMot>
        <blocTexte>9</blocTexte>
        <blocTab>0</blocTab>
        <blocPub>8</blocPub>
        <blocIll ocr="0">0</blocIll>
      </page>
      <page hauteurPx="5053" largeurPx="3733" ordre="9">
        <nbMot>143</nbMot>
        <blocTexte>6</blocTexte>
        <blocTab>0</blocTab>
        <blocPub>4</blocPub>
        <blocIll ocr="0">0</blocIll>
      </page>
      <page hauteurPx="5077" largeurPx="3609" ordre="10">
        <nbMot>252</nbMot>
        <blocTexte>17</blocTexte>
        <blocTab>0</blocTab>
        <blocPub>2</blocPub>
        <blocIll ocr="2">2</blocIll>
        <ills>
          <ill classif="CCyolo CCibm" couleur="gris" edit="1" h="1855" n="10-1" pub="1" taille="2" w="3369" x="179" y="202">
            <contenuImg CS="0.911" lang="fr" source="ibm">salle blanche</contenuImg>
            <contenuImg CS="0.911" lang="fr" source="ibm">pièce</contenuImg>
            <contenuImg CS="0.764" lang="fr" source="ibm">musée (intérieur)</contenuImg>
            <contenuImg CS="0.825" coul="1" lang="fr" source="ibm">noir</contenuImg>
            <contenuImg CS="0.534" coul="1" lang="fr" source="ibm">gris</contenuImg>
            <contenuImg CS="0.534" coul="1" lang="en" source="ibm">gray color</contenuImg>
            <contenuImg CS="0.825" coul="1" lang="en" source="ibm">black color</contenuImg>
            <contenuImg CS="0.764" lang="en" source="ibm">Museum (Indoor)</contenuImg>
            <contenuImg CS="0.911" lang="en" source="ibm">room</contenuImg>
            <contenuImg CS="0.911" lang="en" source="ibm">clean room</contenuImg>
            <contenuImg CS="0.67" h="346" lang="fr" source="yolo" w="220" x="1640" y="733">cravate</contenuImg>
            <contenuImg CS="0.65" h="990" lang="fr" source="yolo" w="973" x="2180" y="480">personne</contenuImg>
            <contenuImg CS="0.57" h="430" lang="fr" source="yolo" w="113" x="1773" y="1383">bouteille</contenuImg>
            <contenuImg CS="0.39" h="400" lang="fr" source="yolo" w="183" x="2030" y="1413">tasse</contenuImg>
            <contenuImg CS="0.39" h="400" lang="en" source="yolo" w="183" x="2030" y="1413">cup</contenuImg>
            <contenuImg CS="0.51" h="153" lang="en" source="yolo" w="146" x="943" y="1376">cup</contenuImg>
            <contenuImg CS="0.57" h="430" lang="en" source="yolo" w="113" x="1773" y="1383">bottle</contenuImg>
            <contenuImg CS="0.58" h="436" lang="en" source="yolo" w="106" x="356" y="1380">bottle</contenuImg>
            <contenuImg CS="0.65" h="990" lang="en" source="yolo" w="973" x="2180" y="480">person</contenuImg>
            <contenuImg CS="0.66" h="1180" lang="en" source="yolo" w="1006" x="190" y="370">person</contenuImg>
            <contenuImg CS="0.67" h="346" lang="en" source="yolo" w="220" x="1640" y="733">tie</contenuImg>
            <contenuImg CS="0.69" h="263" lang="en" source="yolo" w="100" x="2850" y="1550">bottle</contenuImg>
            <contenuImg CS="0.88" h="1103" lang="en" source="yolo" w="1076" x="1143" y="380">person</contenuImg>
            <contenuImg CS="0.97" h="580" lang="en" source="yolo" w="206" x="1253" y="1180">bottle</contenuImg>
            <fonction source="final">repro/photo</fonction>
            <tech source="final">imp photoméca</tech>
            <fonction CS="0.94" source="TensorFlow">repro/photo</fonction>
            <tech CS="1" source="md">imp photoméca</tech>
            <leg>VOS Y EUX. VOTRE MENTON. VOTRE COU. irah Issen t-1 (s le secret de voire âge?</leg>
            <genre source="hm" time="2020-10-31T19:48:33.534+01:00">publicité</genre>
            <genre source="final">publicité</genre>
          </ill>
          <ill classif="CCyolo CCibm" couleur="gris" h="1991" n="10-2" pub="1" taille="1" w="1100" x="2303" y="2355">
            <contenuImg CS="0.557" lang="fr" source="ibm">columbarium</contenuImg>
            <contenuImg CS="0.557" lang="fr" source="ibm">haie bocagère</contenuImg>
            <contenuImg CS="0.514" lang="fr" source="ibm">écran</contenuImg>
            <contenuImg CS="0.515" lang="fr" source="ibm">pièce</contenuImg>
            <contenuImg CS="0.501" lang="fr" source="ibm">appareil à gaz</contenuImg>
            <contenuImg CS="0.5" lang="fr" source="ibm">machine de von Neumann</contenuImg>
            <contenuImg CS="0.5" lang="fr" source="ibm">ordinateur numérique</contenuImg>
            <contenuImg CS="0.5" lang="fr" source="ibm">ordinateur</contenuImg>
            <contenuImg CS="0.509" lang="fr" source="ibm">machine</contenuImg>
            <contenuImg CS="0.599" lang="fr" source="ibm">bâtiment</contenuImg>
            <contenuImg CS="0.808" coul="1" lang="fr" source="ibm">gris</contenuImg>
            <contenuImg CS="0.749" coul="1" lang="fr" source="ibm">sauge</contenuImg>
            <contenuImg CS="0.749" coul="1" lang="en" source="ibm">sage green color</contenuImg>
            <contenuImg CS="0.808" coul="1" lang="en" source="ibm">gray color</contenuImg>
            <contenuImg CS="0.599" lang="en" source="ibm">building</contenuImg>
            <contenuImg CS="0.509" lang="en" source="ibm">machine</contenuImg>
            <contenuImg CS="0.5" lang="en" source="ibm">computer</contenuImg>
            <contenuImg CS="0.5" lang="en" source="ibm">digital computer</contenuImg>
            <contenuImg CS="0.5" lang="en" source="ibm">von Neumann machine</contenuImg>
            <contenuImg CS="0.501" lang="en" source="ibm">gas fixture</contenuImg>
            <contenuImg CS="0.515" lang="en" source="ibm">room</contenuImg>
            <contenuImg CS="0.514" lang="en" source="ibm">screen</contenuImg>
            <contenuImg CS="0.557" lang="en" source="ibm">enclosure</contenuImg>
            <contenuImg CS="0.557" lang="en" source="ibm">columbarium</contenuImg>
            <contenuImg CS="0.98" h="1733" lang="fr" source="yolo" w="896" x="96" y="233">personne</contenuImg>
            <contenuImg CS="0.98" h="1733" lang="en" source="yolo" w="896" x="96" y="233">person</contenuImg>
            <genre source="final">publicité</genre>
            <genre source="md">publicité</genre>
            <fonction source="final">repro/photo</fonction>
            <tech source="final">imp photoméca</tech>
            <fonction CS="0.98" source="TensorFlow">repro/photo</fonction>
            <tech CS="1" source="md">imp photoméca</tech>
            <leg>SALONS A : PARIS NEW YORK CHICAGO LOS ANGELES SAN FRANCISCO BUENOS-AYRES AMSTERDAM LA HAYE</leg>
            <txt>NICE CANNES SAINT-RAPHAEL SAINT-JEAN-DE-LUZ DINARD AIX-LES-BAINS MARSEILLE LA BAULE BIARRITZ EVIAN LYON MENTON VICHY SAINT-MAXIME LE TOUQUET DEAUVILLE JUAN-LES-PINS Téléphone Téléphone Elysées 79-01 /C7tX7VJ VVA. Ç I ÛM I û Téléphone 34, Avenue George-V » PARIS » PRODUITS EN VENTE A</txt>
          </ill>
        </ills>
      </page>
      <page hauteurPx="5053" largeurPx="3733" ordre="11">
        <nbMot>196</nbMot>
        <blocTexte>8</blocTexte>
        <blocTab>0</blocTab>
        <blocPub>6</blocPub>
        <blocIll ocr="0">0</blocIll>
      </page>
      <page hauteurPx="5077" largeurPx="3609" ordre="12">
        <nbMot>56</nbMot>
        <blocTexte>15</blocTexte>
        <blocTab>0</blocTab>
        <blocPub>13</blocPub>
        <blocIll ocr="2">2</blocIll>
        <ills>
          <ill classif="CCyolo CCibm" couleur="gris" edit="true" h="2144" n="12-1" pub="1" taille="1" w="1620" x="215" y="191">
            <contenuImg CS="0.519" lang="fr" source="ibm">fenêtre à guillotine</contenuImg>
            <contenuImg CS="0.661" lang="fr" source="ibm">fenêtre</contenuImg>
            <contenuImg CS="0.832" lang="fr" source="ibm">cadre</contenuImg>
            <contenuImg CS="0.832" lang="fr" source="ibm">structure porteuse</contenuImg>
            <contenuImg CS="0.509" lang="fr" source="ibm">ouvrant de fenêtre</contenuImg>
            <contenuImg CS="0.508" lang="fr" source="ibm">porte-serviette</contenuImg>
            <contenuImg CS="0.559" lang="fr" source="ibm">grille</contenuImg>
            <contenuImg CS="0.5" lang="fr" source="ibm">fenêtre tempête</contenuImg>
            <contenuImg CS="0.793" lang="fr" source="ibm">instrument</contenuImg>
            <contenuImg CS="0.798" lang="fr" source="ibm">machine textile</contenuImg>
            <contenuImg CS="0.982" coul="1" lang="fr" source="ibm">gris</contenuImg>
            <contenuImg CS="0.982" coul="1" lang="en" source="ibm">gray color</contenuImg>
            <contenuImg CS="0.798" lang="en" source="ibm">textile machine</contenuImg>
            <contenuImg CS="0.793" lang="en" source="ibm">instrument</contenuImg>
            <contenuImg CS="0.5" lang="en" source="ibm">storm window</contenuImg>
            <contenuImg CS="0.559" lang="en" source="ibm">rack</contenuImg>
            <contenuImg CS="0.508" lang="en" source="ibm">towel rack</contenuImg>
            <contenuImg CS="0.509" lang="en" source="ibm">window sash</contenuImg>
            <contenuImg CS="0.832" lang="en" source="ibm">supporting structure</contenuImg>
            <contenuImg CS="0.832" lang="en" source="ibm">framework</contenuImg>
            <contenuImg CS="0.661" lang="en" source="ibm">window</contenuImg>
            <contenuImg CS="0.519" lang="en" source="ibm">double-hung window</contenuImg>
            <contenuImg CS="0.29" h="1786" lang="fr" source="yolo" w="1536" x="30" y="206">personne</contenuImg>
            <contenuImg CS="0.29" h="1786" lang="en" source="yolo" w="1536" x="30" y="206">person</contenuImg>
            <tech source="final">imp photoméca</tech>
            <fonction CS="0.66" source="TensorFlow">repro/dessin</fonction>
            <tech CS="1" source="md">imp photoméca</tech>
            <leg>Kt YI lA LA DERNIÈRE DÉCOUVERTE DU CÉLÈBRE YnJiiúd de fjôeaafé 26,Œ £ ace T/e^idàme [/ÆVLliJ</leg>
            <fonction source="hm" time="2020-10-29T20:37:07.378+01:00">repro/photo</fonction>
            <fonction source="final">repro/photo</fonction>
            <genre source="hm" time="2020-10-31T19:48:30.486+01:00">publicité</genre>
            <genre source="final">publicité</genre>
          </ill>
          <ill classif="CCyolo CCibm" couleur="gris" h="1758" n="12-2" pub="1" taille="1" w="1496" x="2005" y="191">
            <contenuImg CS="0.578" lang="fr" source="ibm">suffragette</contenuImg>
            <contenuImg CS="0.712" lang="fr" source="ibm">personne</contenuImg>
            <contenuImg CS="0.51" lang="fr" source="ibm">infirmière</contenuImg>
            <contenuImg CS="0.5" lang="fr" source="ibm">pointe d'argent</contenuImg>
            <contenuImg CS="0.6" lang="fr" source="ibm">coiffure</contenuImg>
            <contenuImg CS="0.802" coul="1" lang="fr" source="ibm">sauge</contenuImg>
            <contenuImg CS="0.673" coul="1" lang="fr" source="ibm">gris cendré</contenuImg>
            <contenuImg CS="0.673" coul="1" lang="en" source="ibm">ash grey color</contenuImg>
            <contenuImg CS="0.802" coul="1" lang="en" source="ibm">sage green color</contenuImg>
            <contenuImg CS="0.6" lang="en" source="ibm">headdress</contenuImg>
            <contenuImg CS="0.5" lang="en" source="ibm">silverpoint</contenuImg>
            <contenuImg CS="0.51" lang="en" source="ibm">nurse</contenuImg>
            <contenuImg CS="0.712" lang="en" source="ibm">person</contenuImg>
            <contenuImg CS="0.578" lang="en" source="ibm">women's voting rights activist</contenuImg>
            <contenuImg CS="0.97" h="1636" lang="fr" source="yolo" w="1420" x="26" y="96">personne</contenuImg>
            <contenuImg CS="0.97" h="1636" lang="en" source="yolo" w="1420" x="26" y="96">person</contenuImg>
            <genre source="final">publicité</genre>
            <genre source="md">publicité</genre>
            <fonction source="final">repro/photo</fonction>
            <tech source="final">imp photoméca</tech>
            <fonction CS="0.93" source="TensorFlow">repro/photo</fonction>
            <tech CS="1" source="md">imp photoméca</tech>
            <leg>Photo D ORA NELLY MODES 12, Rue St-Florentin PARIS Lu. w</leg>
            <txt>LE COFFRET DE 10 APPLICATIONS 100 FRS ÇD^épuAllÙm aô-iu  tec deA  ide ô fui/h LE KLYTIAPLASME</txt>
          </ill>
        </ills>
      </page>
      <page hauteurPx="5079" largeurPx="3769" ordre="13">
        <nbMot>240</nbMot>
        <blocTexte>8</blocTexte>
        <blocTab>0</blocTab>
        <blocPub>6</blocPub>
        <blocIll ocr="0">0</blocIll>
      </page>
      <page hauteurPx="5101" largeurPx="3643" ordre="14">
        <nbMot>41</nbMot>
        <blocTexte>4</blocTexte>
        <blocTab>0</blocTab>
        <blocPub>4</blocPub>
        <blocIll ocr="0">0</blocIll>
      </page>
      <page hauteurPx="5097" largeurPx="3793" ordre="15">
        <nbMot>39</nbMot>
        <blocTexte>4</blocTexte>
        <blocTab>0</blocTab>
        <blocPub>4</blocPub>
        <blocIll ocr="0">0</blocIll>
      </page>
      <page hauteurPx="5093" largeurPx="3631" ordre="16">
        <nbMot>61</nbMot>
        <blocTexte>4</blocTexte>
        <blocTab>0</blocTab>
        <blocPub>2</blocPub>
        <blocIll ocr="1">1</blocIll>
        <ills>
          <ill classif="CCyolo CCibm" couleur="gris" h="3483" n="16-1" pub="1" taille="3" w="2270" x="778" y="263">
            <contenuImg CS="0.919" lang="fr" source="ibm">pharmacie</contenuImg>
            <contenuImg CS="0.95" lang="fr" source="ibm">boutique</contenuImg>
            <contenuImg CS="0.95" lang="fr" source="ibm">magasin de détail</contenuImg>
            <contenuImg CS="0.969" lang="fr" source="ibm">bâtiment</contenuImg>
            <contenuImg CS="0.501" lang="fr" source="ibm">café</contenuImg>
            <contenuImg CS="0.522" lang="fr" source="ibm">restaurant</contenuImg>
            <contenuImg CS="0.5" lang="fr" source="ibm">boulangerie</contenuImg>
            <contenuImg CS="0.915" coul="1" lang="fr" source="ibm">gris</contenuImg>
            <contenuImg CS="0.52" coul="1" lang="fr" source="ibm">albâtre</contenuImg>
            <contenuImg CS="0.52" coul="1" lang="en" source="ibm">alabaster color</contenuImg>
            <contenuImg CS="0.915" coul="1" lang="en" source="ibm">gray color</contenuImg>
            <contenuImg CS="0.5" lang="en" source="ibm">bakery</contenuImg>
            <contenuImg CS="0.522" lang="en" source="ibm">restaurant</contenuImg>
            <contenuImg CS="0.501" lang="en" source="ibm">cafe</contenuImg>
            <contenuImg CS="0.969" lang="en" source="ibm">building</contenuImg>
            <contenuImg CS="0.95" lang="en" source="ibm">retail store</contenuImg>
            <contenuImg CS="0.95" lang="en" source="ibm">shop</contenuImg>
            <contenuImg CS="0.919" lang="en" source="ibm">drugstore</contenuImg>
            <contenuImg CS="0.31" h="1916" lang="fr" source="yolo" w="1196" x="516" y="436">montre</contenuImg>
            <contenuImg CS="0.31" h="1916" lang="en" source="yolo" w="1196" x="516" y="436">clock</contenuImg>
            <genre source="final">publicité</genre>
            <genre source="md">publicité</genre>
            <fonction source="final">repro/photo</fonction>
            <tech source="final">imp photoméca</tech>
            <fonction CS="0.96" source="TensorFlow">repro/photo</fonction>
            <tech CS="1" source="md">imp photoméca</tech>
            <leg>NICOLET PARIS L 1 L L E 18 RUE DUPHOT BIARRITZ 33, SOUL  CAFTNOT 206 RUE DE RIVOLI 7. RUE MAZAORAN 56 FAUB6 ST-HONORÉ B E R L I N E 2. UNTER DEN LINDÊN KARLSBAD VIENNE 2.UNTERDENLINDEN ALTE WIESE I, GRABEN 8 AGENT POUR LES ETATS-UNIS ET LE CANADA: M» F.H.SCREATON. 171 MADISON AvE NEW YORK</leg>
          </ill>
        </ills>
      </page>
      <page hauteurPx="5087" largeurPx="3779" ordre="17">
        <nbMot>45</nbMot>
        <blocTexte>9</blocTexte>
        <blocTab>0</blocTab>
        <blocPub>7</blocPub>
        <blocIll ocr="0">0</blocIll>
      </page>
      <page hauteurPx="5077" largeurPx="3609" ordre="18">
        <nbMot>5</nbMot>
        <blocTexte>3</blocTexte>
        <blocTab>0</blocTab>
        <blocPub>0</blocPub>
        <blocIll ocr="1">1</blocIll>
        <ills>
          <ill classif="CCyolo CCibm" couleur="coul" edit="1" h="4310" n="18-1" pub="1" taille="5" w="2653" x="493" y="329">
            <contenuImg CS="0.783" lang="fr" source="ibm">personne</contenuImg>
            <contenuImg CS="0.936" lang="fr" source="ibm">salle d'étude</contenuImg>
            <contenuImg CS="0.5" lang="fr" source="ibm">pointe d'argent</contenuImg>
            <contenuImg CS="0.921" coul="1" lang="fr" source="ibm">albâtre</contenuImg>
            <contenuImg CS="0.921" coul="1" lang="en" source="ibm">alabaster color</contenuImg>
            <contenuImg CS="0.5" lang="en" source="ibm">silverpoint</contenuImg>
            <contenuImg CS="0.936" lang="en" source="ibm">study</contenuImg>
            <contenuImg CS="0.783" lang="en" source="ibm">person</contenuImg>
            <contenuImg CS="0.78" h="4246" lang="fr" source="yolo" w="2280" x="136" y="60">personne</contenuImg>
            <contenuImg CS="0.78" h="4246" lang="en" source="yolo" w="2280" x="136" y="60">person</contenuImg>
            <contenuImg b="255" coul="1" g="255" r="255" source="colorific" type="bkg">#ffffff</contenuImg>
            <contenuImg b="66" coul="1" g="66" ordre="6" r="69" source="colorific" type="frg">#454242</contenuImg>
            <contenuImg b="75" coul="1" g="90" ordre="5" r="124" source="colorific" type="frg">#7c5a4b</contenuImg>
            <contenuImg b="180" coul="1" g="181" ordre="4" r="182" source="colorific" type="frg">#b6b5b4</contenuImg>
            <contenuImg b="90" coul="1" g="126" ordre="3" r="197" source="colorific" type="frg">#c57e5a</contenuImg>
            <contenuImg b="169" coul="1" g="182" ordre="2" r="212" source="colorific" type="frg">#d4b6a9</contenuImg>
            <contenuImg b="111" coul="1" g="111" ordre="1" r="113" source="colorific" type="frg">#716f6f</contenuImg>
            <fonction source="final">repro/dessin</fonction>
            <tech source="final">imp photoméca</tech>
            <fonction CS="0.96" source="TensorFlow">repro/dessin</fonction>
            <tech CS="1" source="md">imp photoméca</tech>
            <leg>ROSE DESCAT</leg>
            <genre source="hm" time="2020-10-31T19:48:44.211+01:00">publicité</genre>
            <genre source="final">publicité</genre>
          </ill>
        </ills>
      </page>
      <page hauteurPx="5053" largeurPx="3761" ordre="19">
        <nbMot>409</nbMot>
        <blocTexte>17</blocTexte>
        <blocTab>4</blocTab>
        <blocPub>0</blocPub>
        <blocIll ocr="1">1</blocIll>
        <ills>
          <ill classif="CCyolo CCibm" couleur="gris" h="1080" n="19-1" pub="1" taille="0" w="1320" x="1724" y="368">
            <contenuImg CS="0.5" lang="fr" source="ibm">Jasmin de Madagascar (plante)</contenuImg>
            <contenuImg CS="0.625" lang="fr" source="ibm">lis de Pâques (fleur)</contenuImg>
            <contenuImg CS="0.625" lang="fr" source="ibm">plante liliacée</contenuImg>
            <contenuImg CS="0.625" lang="fr" source="ibm">rhododendron dusty miller</contenuImg>
            <contenuImg CS="0.847" lang="fr" source="ibm">plante</contenuImg>
            <contenuImg CS="0.8" lang="fr" source="ibm">fleur</contenuImg>
            <contenuImg CS="0.843" coul="1" lang="fr" source="ibm">noir charbon</contenuImg>
            <contenuImg CS="0.834" coul="1" lang="fr" source="ibm">noir</contenuImg>
            <contenuImg CS="0.834" coul="1" lang="en" source="ibm">black color</contenuImg>
            <contenuImg CS="0.843" coul="1" lang="en" source="ibm">coal black color</contenuImg>
            <contenuImg CS="0.8" lang="en" source="ibm">flower</contenuImg>
            <contenuImg CS="0.5" lang="en" source="ibm">stephanotis</contenuImg>
            <contenuImg CS="0.625" lang="en" source="ibm">dusty miller</contenuImg>
            <contenuImg CS="0.847" lang="en" source="ibm">plant</contenuImg>
            <contenuImg CS="0.625" lang="en" source="ibm">liliaceous plant</contenuImg>
            <contenuImg CS="0.625" lang="en" source="ibm">Easter lily</contenuImg>
            <contenuImg CS="0.36" h="913" lang="fr" source="yolo" w="1226" x="43" y="60">plante en pot</contenuImg>
            <contenuImg CS="0.36" h="913" lang="en" source="yolo" w="1226" x="43" y="60">pottedplant</contenuImg>
            <genre source="final">publicité</genre>
            <genre source="md">publicité</genre>
            <fonction source="final">repro/dessin</fonction>
            <tech source="final">imp photoméca</tech>
            <fonction CS="0.78" source="TensorFlow">repro/dessin</fonction>
            <tech CS="1" source="md">imp photoméca</tech>
            <leg>HOYNINGEN-HUENE LE POINT DE VUE DE VOGUE 21 LA VICOMTESSE DE NOAILLES 22 À LA POURSUITE DU SOLEIL 23 VU À CANNES ET À MONTE-CARLO 27 EN JUIN. À PARIS 28 LES FLEURS DES CHAMPS 30 LES RUBANS GROSGRAIN 31 LA FORMULE DES DÎNERS PIQUE-NIQUES 32 AU GOLF DE SAINT-CLOU D 35</leg>
            <txt>SOMMAIRE JUIN 1932</txt>
          </ill>
        </ills>
      </page>
      <page hauteurPx="5117" largeurPx="3663" ordre="20">
        <nbMot>49</nbMot>
        <blocTexte>4</blocTexte>
        <blocTab>0</blocTab>
        <blocPub>0</blocPub>
        <blocIll ocr="1">1</blocIll>
        <ills>
          <ill classif="CCyolo CCibm" couleur="coul" edit="1" h="4341" n="20-1" pub="1" taille="4" w="2279" x="1305" y="257">
            <contenuImg CS="0.825" coul="1" lang="fr" source="ibm">bleu violacé (couleur)</contenuImg>
            <contenuImg CS="0.5" lang="fr" source="ibm">tournure (robe)</contenuImg>
            <contenuImg CS="0.619" lang="fr" source="ibm">mantille (foulard)</contenuImg>
            <contenuImg CS="0.598" lang="fr" source="ibm">personne</contenuImg>
            <contenuImg CS="0.62" lang="fr" source="ibm">écharpe</contenuImg>
            <contenuImg CS="0.773" lang="fr" source="ibm">vêtement</contenuImg>
            <contenuImg CS="0.599" lang="fr" source="ibm">jupe</contenuImg>
            <contenuImg CS="0.5" lang="fr" source="ibm">cadre</contenuImg>
            <contenuImg CS="0.5" lang="fr" source="ibm">structure porteuse</contenuImg>
            <contenuImg CS="0.601" lang="fr" source="ibm">vêtements</contenuImg>
            <contenuImg CS="0.825" coul="1" lang="en" source="ibm">purplish blue color</contenuImg>
            <contenuImg CS="0.601" lang="en" source="ibm">clothing</contenuImg>
            <contenuImg CS="0.5" lang="en" source="ibm">supporting structure</contenuImg>
            <contenuImg CS="0.5" lang="en" source="ibm">framework</contenuImg>
            <contenuImg CS="0.5" lang="en" source="ibm">bustle (dress)</contenuImg>
            <contenuImg CS="0.599" lang="en" source="ibm">skirt</contenuImg>
            <contenuImg CS="0.773" lang="en" source="ibm">garment</contenuImg>
            <contenuImg CS="0.62" lang="en" source="ibm">scarf</contenuImg>
            <contenuImg CS="0.619" lang="en" source="ibm">mantilla (scarf)</contenuImg>
            <contenuImg CS="0.598" lang="en" source="ibm">person</contenuImg>
            <contenuImg CS="0.88" h="3840" lang="fr" source="yolo" w="1286" x="956" y="256">personne</contenuImg>
            <contenuImg CS="0.71" h="450" lang="fr" source="yolo" w="230" x="436" y="3863">verre à vin</contenuImg>
            <contenuImg CS="0.71" h="450" lang="en" source="yolo" w="230" x="436" y="3863">wine glass</contenuImg>
            <contenuImg CS="0.88" h="3840" lang="en" source="yolo" w="1286" x="956" y="256">person</contenuImg>
            <contenuImg b="94" coul="1" g="63" ordre="6" r="57" source="colorific" type="frg">#393f5e</contenuImg>
            <contenuImg b="170" coul="1" g="109" ordre="5" r="90" source="colorific" type="frg">#5a6daa</contenuImg>
            <contenuImg b="177" coul="1" g="180" ordre="4" r="182" source="colorific" type="frg">#b6b4b1</contenuImg>
            <contenuImg b="115" coul="1" g="114" ordre="3" r="115" source="colorific" type="frg">#737273</contenuImg>
            <contenuImg b="55" coul="1" g="54" ordre="2" r="56" source="colorific" type="frg">#383637</contenuImg>
            <contenuImg b="255" coul="1" g="255" ordre="1" r="255" source="colorific" type="frg">#ffffff</contenuImg>
            <fonction source="final">repro/dessin</fonction>
            <tech source="final">imp photoméca</tech>
            <fonction CS="0.50" source="TensorFlow">repro/dessin</fonction>
            <tech CS="1" source="md">imp photoméca</tech>
            <leg>PAQUIN 3, RUE DE LA PAIX PARIS -</leg>
            <txt>Robe de cocktail, en lourd Burgos bleu de France, dont l apparente simplicité naît d une coupe très étudiée. La silhouette, mince à partir de la taille, s épanouit en haut par l ampleur souple des manches. VOGUE</txt>
            <genre source="hm" time="2020-10-31T19:48:53.311+01:00">publicité</genre>
            <genre source="final">publicité</genre>
          </ill>
        </ills>
      </page>
      <page hauteurPx="5087" largeurPx="3805" ordre="21">
        <nbMot>249</nbMot>
        <blocTexte>11</blocTexte>
        <blocTab>0</blocTab>
        <blocPub>0</blocPub>
        <blocIll ocr="1">1</blocIll>
        <ills/>
      </page>
      <page hauteurPx="5093" largeurPx="3631" ordre="22">
        <nbMot>8</nbMot>
        <blocTexte>4</blocTexte>
        <blocTab>0</blocTab>
        <blocPub>0</blocPub>
        <blocIll ocr="1">1</blocIll>
        <ills/>
      </page>
      <page hauteurPx="5067" largeurPx="3781" ordre="23">
        <nbMot>517</nbMot>
        <blocTexte>17</blocTexte>
        <blocTab>0</blocTab>
        <blocPub>0</blocPub>
        <blocIll ocr="1">1</blocIll>
        <ills/>
      </page>
      <page hauteurPx="5127" largeurPx="3679" ordre="24">
        <nbMot>492</nbMot>
        <blocTexte>13</blocTexte>
        <blocTab>0</blocTab>
        <blocPub>0</blocPub>
        <blocIll ocr="1">1</blocIll>
        <ills/>
      </page>
      <page hauteurPx="5105" largeurPx="3831" ordre="25">
        <nbMot>76</nbMot>
        <blocTexte>3</blocTexte>
        <blocTab>0</blocTab>
        <blocPub>0</blocPub>
        <blocIll ocr="1">1</blocIll>
        <ills/>
      </page>
      <page hauteurPx="5125" largeurPx="3677" ordre="26">
        <nbMot>5</nbMot>
        <blocTexte>3</blocTexte>
        <blocTab>0</blocTab>
        <blocPub>0</blocPub>
        <blocIll ocr="1">1</blocIll>
        <ills/>
      </page>
      <page hauteurPx="5075" largeurPx="3789" ordre="27">
        <nbMot>234</nbMot>
        <blocTexte>6</blocTexte>
        <blocTab>0</blocTab>
        <blocPub>0</blocPub>
        <blocIll ocr="1">1</blocIll>
        <ills/>
      </page>
      <page hauteurPx="5147" largeurPx="3709" ordre="28">
        <nbMot>443</nbMot>
        <blocTexte>12</blocTexte>
        <blocTab>0</blocTab>
        <blocPub>0</blocPub>
        <blocIll ocr="1">1</blocIll>
        <ills/>
      </page>
      <page hauteurPx="5069" largeurPx="3783" ordre="29">
        <nbMot>81</nbMot>
        <blocTexte>7</blocTexte>
        <blocTab>0</blocTab>
        <blocPub>0</blocPub>
        <blocIll ocr="1">1</blocIll>
        <ills/>
      </page>
      <page hauteurPx="5101" largeurPx="3643" ordre="30">
        <nbMot>53</nbMot>
        <blocTexte>7</blocTexte>
        <blocTab>0</blocTab>
        <blocPub>0</blocPub>
        <blocIll ocr="1">1</blocIll>
        <ills/>
      </page>
      <page hauteurPx="5053" largeurPx="3761" ordre="31">
        <nbMot>57</nbMot>
        <blocTexte>6</blocTexte>
        <blocTab>0</blocTab>
        <blocPub>0</blocPub>
        <blocIll ocr="1">1</blocIll>
        <ills/>
      </page>
      <page hauteurPx="5125" largeurPx="3677" ordre="32">
        <nbMot>88</nbMot>
        <blocTexte>8</blocTexte>
        <blocTab>0</blocTab>
        <blocPub>0</blocPub>
        <blocIll ocr="1">1</blocIll>
        <ills/>
      </page>
      <page hauteurPx="5077" largeurPx="3793" ordre="33">
        <nbMot>513</nbMot>
        <blocTexte>15</blocTexte>
        <blocTab>0</blocTab>
        <blocPub>0</blocPub>
        <blocIll ocr="1">1</blocIll>
        <ills/>
      </page>
      <page hauteurPx="5077" largeurPx="3609" ordre="34">
        <nbMot>0</nbMot>
        <blocTexte>0</blocTexte>
        <blocTab>0</blocTab>
        <blocPub>0</blocPub>
        <blocIll ocr="1">1</blocIll>
        <ills/>
      </page>
      <page hauteurPx="5053" largeurPx="3761" ordre="35">
        <nbMot>247</nbMot>
        <blocTexte>5</blocTexte>
        <blocTab>0</blocTab>
        <blocPub>0</blocPub>
        <blocIll ocr="2">2</blocIll>
        <ills/>
      </page>
      <page hauteurPx="5093" largeurPx="3631" ordre="36">
        <nbMot>101</nbMot>
        <blocTexte>12</blocTexte>
        <blocTab>0</blocTab>
        <blocPub>0</blocPub>
        <blocIll ocr="1">1</blocIll>
        <ills/>
      </page>
      <page hauteurPx="5065" largeurPx="3775" ordre="37">
        <nbMot>549</nbMot>
        <blocTexte>20</blocTexte>
        <blocTab>0</blocTab>
        <blocPub>0</blocPub>
        <blocIll ocr="1">1</blocIll>
        <ills/>
      </page>
      <page hauteurPx="5089" largeurPx="3625" ordre="38">
        <nbMot>75</nbMot>
        <blocTexte>7</blocTexte>
        <blocTab>0</blocTab>
        <blocPub>0</blocPub>
        <blocIll ocr="1">1</blocIll>
        <ills/>
      </page>
      <page hauteurPx="5053" largeurPx="3761" ordre="39">
        <nbMot>113</nbMot>
        <blocTexte>9</blocTexte>
        <blocTab>0</blocTab>
        <blocPub>0</blocPub>
        <blocIll ocr="1">1</blocIll>
        <ills/>
      </page>
      <page hauteurPx="5095" largeurPx="3597" ordre="40">
        <nbMot>339</nbMot>
        <blocTexte>10</blocTexte>
        <blocTab>0</blocTab>
        <blocPub>0</blocPub>
        <blocIll ocr="2">1</blocIll>
        <ills/>
      </page>
      <page hauteurPx="5053" largeurPx="3761" ordre="41">
        <nbMot>225</nbMot>
        <blocTexte>10</blocTexte>
        <blocTab>0</blocTab>
        <blocPub>0</blocPub>
        <blocIll ocr="1">1</blocIll>
        <ills/>
      </page>
      <page hauteurPx="5093" largeurPx="3595" ordre="42">
        <nbMot>286</nbMot>
        <blocTexte>10</blocTexte>
        <blocTab>0</blocTab>
        <blocPub>0</blocPub>
        <blocIll ocr="1">1</blocIll>
        <ills/>
      </page>
      <page hauteurPx="5097" largeurPx="3819" ordre="43">
        <nbMot>11</nbMot>
        <blocTexte>5</blocTexte>
        <blocTab>0</blocTab>
        <blocPub>0</blocPub>
        <blocIll ocr="1">1</blocIll>
        <ills/>
      </page>
      <page hauteurPx="5119" largeurPx="3633" ordre="44">
        <nbMot>53</nbMot>
        <blocTexte>6</blocTexte>
        <blocTab>0</blocTab>
        <blocPub>0</blocPub>
        <blocIll ocr="1">1</blocIll>
        <ills/>
      </page>
      <page hauteurPx="5087" largeurPx="3807" ordre="45">
        <nbMot>129</nbMot>
        <blocTexte>8</blocTexte>
        <blocTab>0</blocTab>
        <blocPub>0</blocPub>
        <blocIll ocr="1">1</blocIll>
        <ills/>
      </page>
      <page hauteurPx="5093" largeurPx="3595" ordre="46">
        <nbMot>37</nbMot>
        <blocTexte>5</blocTexte>
        <blocTab>0</blocTab>
        <blocPub>0</blocPub>
        <blocIll ocr="1">1</blocIll>
        <ills/>
      </page>
      <page hauteurPx="5109" largeurPx="3837" ordre="47">
        <nbMot>843</nbMot>
        <blocTexte>17</blocTexte>
        <blocTab>0</blocTab>
        <blocPub>0</blocPub>
        <blocIll ocr="0">0</blocIll>
      </page>
      <page hauteurPx="5093" largeurPx="3595" ordre="48">
        <nbMot>116</nbMot>
        <blocTexte>7</blocTexte>
        <blocTab>0</blocTab>
        <blocPub>0</blocPub>
        <blocIll ocr="2">2</blocIll>
        <ills/>
      </page>
      <page hauteurPx="5099" largeurPx="3823" ordre="49">
        <nbMot>238</nbMot>
        <blocTexte>6</blocTexte>
        <blocTab>0</blocTab>
        <blocPub>0</blocPub>
        <blocIll ocr="2">2</blocIll>
        <ills/>
      </page>
      <page hauteurPx="5087" largeurPx="3587" ordre="50">
        <nbMot>351</nbMot>
        <blocTexte>7</blocTexte>
        <blocTab>0</blocTab>
        <blocPub>0</blocPub>
        <blocIll ocr="3">3</blocIll>
        <ills/>
      </page>
      <page hauteurPx="5087" largeurPx="3807" ordre="51">
        <nbMot>23</nbMot>
        <blocTexte>5</blocTexte>
        <blocTab>0</blocTab>
        <blocPub>0</blocPub>
        <blocIll ocr="4">4</blocIll>
        <ills/>
      </page>
      <page hauteurPx="5097" largeurPx="3599" ordre="52">
        <nbMot>142</nbMot>
        <blocTexte>7</blocTexte>
        <blocTab>0</blocTab>
        <blocPub>0</blocPub>
        <blocIll ocr="2">2</blocIll>
        <ills/>
      </page>
      <page hauteurPx="5131" largeurPx="3865" ordre="53">
        <nbMot>8</nbMot>
        <blocTexte>4</blocTexte>
        <blocTab>0</blocTab>
        <blocPub>0</blocPub>
        <blocIll ocr="1">1</blocIll>
        <ills/>
      </page>
      <page hauteurPx="5077" largeurPx="3573" ordre="54">
        <nbMot>143</nbMot>
        <blocTexte>9</blocTexte>
        <blocTab>0</blocTab>
        <blocPub>0</blocPub>
        <blocIll ocr="2">2</blocIll>
        <ills/>
      </page>
      <page hauteurPx="5125" largeurPx="3795" ordre="55">
        <nbMot>131</nbMot>
        <blocTexte>8</blocTexte>
        <blocTab>0</blocTab>
        <blocPub>0</blocPub>
        <blocIll ocr="2">2</blocIll>
        <ills/>
      </page>
      <page hauteurPx="5077" largeurPx="3573" ordre="56">
        <nbMot>104</nbMot>
        <blocTexte>9</blocTexte>
        <blocTab>0</blocTab>
        <blocPub>0</blocPub>
        <blocIll ocr="3">3</blocIll>
        <ills/>
      </page>
      <page hauteurPx="5177" largeurPx="3863" ordre="57">
        <nbMot>236</nbMot>
        <blocTexte>9</blocTexte>
        <blocTab>0</blocTab>
        <blocPub>0</blocPub>
        <blocIll ocr="3">3</blocIll>
        <ills/>
      </page>
      <page hauteurPx="5099" largeurPx="3605" ordre="58">
        <nbMot>304</nbMot>
        <blocTexte>10</blocTexte>
        <blocTab>0</blocTab>
        <blocPub>0</blocPub>
        <blocIll ocr="3">3</blocIll>
        <ills/>
      </page>
      <page hauteurPx="5075" largeurPx="3785" ordre="59">
        <nbMot>254</nbMot>
        <blocTexte>14</blocTexte>
        <blocTab>0</blocTab>
        <blocPub>0</blocPub>
        <blocIll ocr="4">4</blocIll>
        <ills/>
      </page>
      <page hauteurPx="5097" largeurPx="3601" ordre="60">
        <nbMot>273</nbMot>
        <blocTexte>12</blocTexte>
        <blocTab>0</blocTab>
        <blocPub>0</blocPub>
        <blocIll ocr="3">3</blocIll>
        <ills/>
      </page>
      <page hauteurPx="5087" largeurPx="3683" ordre="61">
        <nbMot>489</nbMot>
        <blocTexte>28</blocTexte>
        <blocTab>0</blocTab>
        <blocPub>0</blocPub>
        <blocIll ocr="4">4</blocIll>
        <ills/>
      </page>
      <page hauteurPx="5095" largeurPx="3597" ordre="62">
        <nbMot>590</nbMot>
        <blocTexte>25</blocTexte>
        <blocTab>0</blocTab>
        <blocPub>0</blocPub>
        <blocIll ocr="3">3</blocIll>
        <ills>
          <ill classif="CCyolo CCibm" couleur="gris" edit="1" h="1197" n="62-1" pub="1" taille="0" w="929" x="593" y="547">
            <contenuImg CS="0.97" lang="fr" source="ibm">rondelle de hockey</contenuImg>
            <contenuImg CS="0.97" lang="fr" source="ibm">cercle</contenuImg>
            <contenuImg CS="0.5" lang="fr" source="ibm">78 tours (disque)</contenuImg>
            <contenuImg CS="0.5" lang="fr" source="ibm">dispositif mémoire</contenuImg>
            <contenuImg CS="0.801" lang="fr" source="ibm">disque</contenuImg>
            <contenuImg CS="0.8" lang="fr" source="ibm">enregistrement</contenuImg>
            <contenuImg CS="0.987" coul="1" lang="fr" source="ibm">charbon (couleur)</contenuImg>
            <contenuImg CS="0.987" coul="1" lang="en" source="ibm">charcoal color</contenuImg>
            <contenuImg CS="0.8" lang="en" source="ibm">recording</contenuImg>
            <contenuImg CS="0.801" lang="en" source="ibm">disk</contenuImg>
            <contenuImg CS="0.5" lang="en" source="ibm">memory device</contenuImg>
            <contenuImg CS="0.5" lang="en" source="ibm">seventy-eight (record)</contenuImg>
            <contenuImg CS="0.97" lang="en" source="ibm">circle</contenuImg>
            <contenuImg CS="0.97" lang="en" source="ibm">hockey puck</contenuImg>
            <contenuImg CS="0.98" h="1120" lang="fr" source="yolo" w="890" x="10" y="63">personne</contenuImg>
            <contenuImg CS="0.98" h="1120" lang="en" source="yolo" w="890" x="10" y="63">person</contenuImg>
            <fonction source="final">repro/photo</fonction>
            <tech source="final">imp photoméca</tech>
            <fonction CS="0.68" source="TensorFlow">repro/photo</fonction>
            <tech CS="1" source="md">imp photoméca</tech>
            <leg>0 ~v Ai~~ L~ ks4:1 ae fieaiUk ✓/?• bw ~-~    ~~-OL~t l-</leg>
            <txt>Cette célèbre Artiste dit : 1 VOGUE</txt>
            <genre source="hm" time="2020-10-31T19:49:33.608+01:00">publicité</genre>
            <genre source="final">publicité</genre>
          </ill>
          <ill classif="CCibm" couleur="gris" h="939" n="62-3" pub="1" taille="0" w="903" x="1950" y="3799">
            <contenuImg CS="0.966" lang="fr" source="ibm">wagon à marchandises</contenuImg>
            <contenuImg CS="0.969" lang="fr" source="ibm">wagon</contenuImg>
            <contenuImg CS="0.969" lang="fr" source="ibm">véhicule à roues</contenuImg>
            <contenuImg CS="0.969" lang="fr" source="ibm">véhicule</contenuImg>
            <contenuImg CS="0.5" lang="fr" source="ibm">wagon à marchandise</contenuImg>
            <contenuImg CS="0.953" coul="1" lang="fr" source="ibm">gris</contenuImg>
            <contenuImg CS="0.953" coul="1" lang="en" source="ibm">gray color</contenuImg>
            <contenuImg CS="0.5" lang="en" source="ibm">boxcar</contenuImg>
            <contenuImg CS="0.969" lang="en" source="ibm">vehicle</contenuImg>
            <contenuImg CS="0.969" lang="en" source="ibm">wheeled vehicle</contenuImg>
            <contenuImg CS="0.969" lang="en" source="ibm">railcar</contenuImg>
            <contenuImg CS="0.966" lang="en" source="ibm">freight car</contenuImg>
            <genre source="final">publicité</genre>
            <genre source="md">publicité</genre>
            <fonction source="final">repro/dessin</fonction>
            <tech source="final">imp photoméca</tech>
            <fonction CS="0.94" source="TensorFlow">repro/dessin</fonction>
            <tech CS="1" source="md">imp photoméca</tech>
            <leg>PINET e Un soulier en peau (I alitilOPe blanche ; incrustations, barrette, et talon sont en verni noir • Soulier en chevreau de deux tons de gris-bleu avec double barrette formant petite torsade • Richelieu fermé par trois œillets, avec talon très plat en grosse toile rafla grege e Soulier richelieu en tissu marine garni d incrustations de chevreau perforé du même ton • Sandale de satin blanc très ajouré; deux petits ronds dl-, vant retiennent les lanières e Soulier de toile beige;  e devant est agrémenté d un petit nœud et de découpes à clair Modèles déposés P. A.I. S. Reproduction interdite.</leg>
            <txt>PINET SUITE DE LA PAGE 60</txt>
          </ill>
        </ills>
      </page>
      <page hauteurPx="5073" largeurPx="3687" ordre="63">
        <nbMot>202</nbMot>
        <blocTexte>7</blocTexte>
        <blocTab>0</blocTab>
        <blocPub>5</blocPub>
        <blocIll ocr="0">0</blocIll>
      </page>
      <page hauteurPx="5089" largeurPx="3591" ordre="64">
        <nbMot>1339</nbMot>
        <blocTexte>44</blocTexte>
        <blocTab>0</blocTab>
        <blocPub>12</blocPub>
        <blocIll ocr="1">1</blocIll>
        <ills>
          <ill classif="CCyolo CCibm" couleur="gris" h="1325" n="64-1" pub="1" taille="1" w="1657" x="221" y="263">
            <contenuImg CS="0.551" lang="fr" source="ibm">Rolodex (index à carte)</contenuImg>
            <contenuImg CS="0.584" lang="fr" source="ibm">concertina (instrument de musique)</contenuImg>
            <contenuImg CS="0.589" lang="fr" source="ibm">instrument à anches libres</contenuImg>
            <contenuImg CS="0.589" lang="fr" source="ibm">instrument de musique</contenuImg>
            <contenuImg CS="0.551" lang="fr" source="ibm">meubles</contenuImg>
            <contenuImg CS="0.5" lang="fr" source="ibm">pentagone</contenuImg>
            <contenuImg CS="0.501" lang="fr" source="ibm">polygone</contenuImg>
            <contenuImg CS="0.501" lang="fr" source="ibm">silhouette</contenuImg>
            <contenuImg CS="0.867" coul="1" lang="fr" source="ibm">noir</contenuImg>
            <contenuImg CS="0.812" coul="1" lang="fr" source="ibm">émeraude (couleur)</contenuImg>
            <contenuImg CS="0.812" coul="1" lang="en" source="ibm">emerald color</contenuImg>
            <contenuImg CS="0.867" coul="1" lang="en" source="ibm">black color</contenuImg>
            <contenuImg CS="0.501" lang="en" source="ibm">figure</contenuImg>
            <contenuImg CS="0.501" lang="en" source="ibm">polygon</contenuImg>
            <contenuImg CS="0.5" lang="en" source="ibm">pentagon</contenuImg>
            <contenuImg CS="0.551" lang="en" source="ibm">furniture</contenuImg>
            <contenuImg CS="0.551" lang="en" source="ibm">Rolodex (card index)</contenuImg>
            <contenuImg CS="0.589" lang="en" source="ibm">musical instrument</contenuImg>
            <contenuImg CS="0.589" lang="en" source="ibm">free-reed instrument</contenuImg>
            <contenuImg CS="0.584" lang="en" source="ibm">concertina (musical instrument)</contenuImg>
            <contenuImg CS="0.32" h="1053" lang="fr" source="yolo" w="1546" x="33" y="126">livre</contenuImg>
            <contenuImg CS="0.32" h="1053" lang="en" source="yolo" w="1546" x="33" y="126">book</contenuImg>
            <contenuImg CS="0.89" h="460" lang="en" source="yolo" w="936" x="483" y="150">book</contenuImg>
            <genre source="final">publicité</genre>
            <genre source="md">publicité</genre>
            <fonction source="final">repro/photo</fonction>
            <tech source="final">imp photoméca</tech>
            <fonction CS="0.59" source="TensorFlow">repro/photo</fonction>
            <tech CS="1" source="md">imp photoméca</tech>
            <leg>HORST TOUT CELA POUR 110 FRS Prix Spécial de l Abonnement couplé à V OG U E et au JARDIN DES MODES AVANTAGES Par cet abonnement couplé vous recevrez chez vous les 12 numéros de Vogue et les 12 numéros du Jardin des Modes pour 110 francs au lieu des 144 francs qu ils vous coûteraient achetés aux numéros ou des 1 25 francs souscrits par abonnements ordinaires.</leg>
            <txt>v 0 GUEt 64</txt>
          </ill>
        </ills>
      </page>
      <page hauteurPx="5115" largeurPx="3745" ordre="65">
        <nbMot>82</nbMot>
        <blocTexte>8</blocTexte>
        <blocTab>0</blocTab>
        <blocPub>6</blocPub>
        <blocIll ocr="0">0</blocIll>
      </page>
      <page hauteurPx="5091" largeurPx="3593" ordre="66">
        <nbMot>565</nbMot>
        <blocTexte>29</blocTexte>
        <blocTab>0</blocTab>
        <blocPub>24</blocPub>
        <blocIll ocr="4">4</blocIll>
        <ills>
          <ill classif="CCyolo CCibm" couleur="gris" edit="1" h="923" n="66-1" pub="1" taille="0" w="690" x="237" y="232">
            <contenuImg CS="0.851" lang="fr" source="ibm">stylo et encre</contenuImg>
            <contenuImg CS="0.659" lang="fr" source="ibm">linogravure</contenuImg>
            <contenuImg CS="0.5" lang="fr" source="ibm">salle d'étude</contenuImg>
            <contenuImg CS="0.782" lang="fr" source="ibm">outil</contenuImg>
            <contenuImg CS="0.866" coul="1" lang="fr" source="ibm">gris</contenuImg>
            <contenuImg CS="0.866" coul="1" lang="en" source="ibm">gray color</contenuImg>
            <contenuImg CS="0.782" lang="en" source="ibm">tool</contenuImg>
            <contenuImg CS="0.5" lang="en" source="ibm">study</contenuImg>
            <contenuImg CS="0.659" lang="en" source="ibm">linocut design</contenuImg>
            <contenuImg CS="0.851" lang="en" source="ibm">pen-and-ink</contenuImg>
            <contenuImg CS="0.58" h="426" lang="fr" source="yolo" w="446" x="160" y="150">montre</contenuImg>
            <contenuImg CS="0.58" h="426" lang="en" source="yolo" w="446" x="160" y="150">clock</contenuImg>
            <fonction source="final">repro/dessin</fonction>
            <tech source="final">imp photoméca</tech>
            <fonction CS="0.86" source="TensorFlow">repro/dessin</fonction>
            <tech CS="1" source="md">imp photoméca</tech>
            <leg>Élégance Sport Beauté La fantaisie de la femme élégante a trouvé des moyens habiles pour mouler son corps, assoupli par les sports, dans des ensembles coquets et pratiques. Mais a-t-elle pensé à protéger son visage, à dresser une barrière imperceptible, mais efficace, entre sa beauté charmante et le vent, le soleil, la poussière de la route ses ennemis cruels ? Madame Helena Rubinstein vous offre, comme toujours, un conseil basé sur son expérience et ses recherches. Ses produits sont scientifiquement purs et efficaces, ils vous aideront à embellir et à protéger votre visage en accentuant son charme naturel.</leg>
            <genre source="hm" time="2020-10-31T19:49:44.768+01:00">publicité</genre>
            <genre source="final">publicité</genre>
          </ill>
          <ill classif="CCyolo CCibm" couleur="gris" h="1151" n="66-4" pub="1" taille="0" w="1309" x="2103" y="3522">
            <contenuImg CS="0.594" lang="fr" source="ibm">personne</contenuImg>
            <contenuImg CS="0.561" lang="fr" source="ibm">projecteur</contenuImg>
            <contenuImg CS="0.561" lang="fr" source="ibm">source de lumière</contenuImg>
            <contenuImg CS="0.509" lang="fr" source="ibm">scène de neige</contenuImg>
            <contenuImg CS="0.509" lang="fr" source="ibm">nature</contenuImg>
            <contenuImg CS="0.5" lang="fr" source="ibm">pointe d'argent</contenuImg>
            <contenuImg CS="0.595" lang="fr" source="ibm">sport</contenuImg>
            <contenuImg CS="0.593" lang="fr" source="ibm">radiogramme</contenuImg>
            <contenuImg CS="0.938" coul="1" lang="fr" source="ibm">noir</contenuImg>
            <contenuImg CS="0.891" coul="1" lang="fr" source="ibm">gris</contenuImg>
            <contenuImg CS="0.891" coul="1" lang="en" source="ibm">gray color</contenuImg>
            <contenuImg CS="0.938" coul="1" lang="en" source="ibm">black color</contenuImg>
            <contenuImg CS="0.593" lang="en" source="ibm">radiogram</contenuImg>
            <contenuImg CS="0.595" lang="en" source="ibm">sport</contenuImg>
            <contenuImg CS="0.5" lang="en" source="ibm">silverpoint</contenuImg>
            <contenuImg CS="0.509" lang="en" source="ibm">nature</contenuImg>
            <contenuImg CS="0.509" lang="en" source="ibm">Snow Scene</contenuImg>
            <contenuImg CS="0.561" lang="en" source="ibm">light source</contenuImg>
            <contenuImg CS="0.561" lang="en" source="ibm">floodlight</contenuImg>
            <contenuImg CS="0.594" lang="en" source="ibm">person</contenuImg>
            <contenuImg CS="0.98" h="466" lang="fr" source="yolo" w="276" x="626" y="643">personne</contenuImg>
            <contenuImg CS="0.98" h="466" lang="en" source="yolo" w="276" x="626" y="643">person</contenuImg>
            <genre source="final">publicité</genre>
            <genre source="md">publicité</genre>
            <fonction source="final">repro/photo</fonction>
            <tech source="final">imp photoméca</tech>
            <fonction CS="0.74" source="TensorFlow">repro/photo</fonction>
            <tech CS="1" source="md">imp photoméca</tech>
            <leg>HOYNINGEN-HUENE LE PRINCE A. SCHERVACHIDZÉ QUI A EXÉCUTÉ LES DÉCORS</leg>
            <txt>GEORGES BALANCHINE DONNANT SES DIRECTIVES TAMARA TOUMANOVA, VUE DES COULISSES 1 LES BALLETS RUSSES DE MONTE-CARLO SUITE DE LA PAGE 52</txt>
          </ill>
        </ills>
      </page>
      <page hauteurPx="5057" largeurPx="3665" ordre="67">
        <nbMot>211</nbMot>
        <blocTexte>7</blocTexte>
        <blocTab>0</blocTab>
        <blocPub>5</blocPub>
        <blocIll ocr="1">1</blocIll>
        <ills>
          <ill classif="CCibm" couleur="gris" h="1706" n="67-1" pub="1" taille="2" w="3383" x="77" y="973">
            <contenuImg CS="0.512" lang="fr" source="ibm">négatif</contenuImg>
            <contenuImg CS="0.515" lang="fr" source="ibm">film photographique</contenuImg>
            <contenuImg CS="0.515" lang="fr" source="ibm">matériel photographique</contenuImg>
            <contenuImg CS="0.509" lang="fr" source="ibm">écran d'ordinateur</contenuImg>
            <contenuImg CS="0.557" lang="fr" source="ibm">affichage vidéo</contenuImg>
            <contenuImg CS="0.566" lang="fr" source="ibm">appareil électronique</contenuImg>
            <contenuImg CS="0.502" lang="fr" source="ibm">serveur (ordinateur)</contenuImg>
            <contenuImg CS="0.55" lang="fr" source="ibm">ordinateur</contenuImg>
            <contenuImg CS="0.55" lang="fr" source="ibm">machine</contenuImg>
            <contenuImg CS="0.5" lang="fr" source="ibm">télévision</contenuImg>
            <contenuImg CS="0.5" lang="fr" source="ibm">diffusion (média)</contenuImg>
            <contenuImg CS="0.502" lang="fr" source="ibm">télécommunication</contenuImg>
            <contenuImg CS="0.6" lang="fr" source="ibm">équipement électronique</contenuImg>
            <contenuImg CS="0.597" lang="fr" source="ibm">pièce</contenuImg>
            <contenuImg CS="0.734" coul="1" lang="fr" source="ibm">gris</contenuImg>
            <contenuImg CS="0.632" coul="1" lang="fr" source="ibm">émeraude (couleur)</contenuImg>
            <contenuImg CS="0.632" coul="1" lang="en" source="ibm">emerald color</contenuImg>
            <contenuImg CS="0.734" coul="1" lang="en" source="ibm">gray color</contenuImg>
            <contenuImg CS="0.597" lang="en" source="ibm">room</contenuImg>
            <contenuImg CS="0.6" lang="en" source="ibm">electronic equipment</contenuImg>
            <contenuImg CS="0.502" lang="en" source="ibm">telecommunication</contenuImg>
            <contenuImg CS="0.5" lang="en" source="ibm">broadcasting</contenuImg>
            <contenuImg CS="0.5" lang="en" source="ibm">television</contenuImg>
            <contenuImg CS="0.55" lang="en" source="ibm">machine</contenuImg>
            <contenuImg CS="0.55" lang="en" source="ibm">computer</contenuImg>
            <contenuImg CS="0.502" lang="en" source="ibm">server (computer)</contenuImg>
            <contenuImg CS="0.566" lang="en" source="ibm">electronic device</contenuImg>
            <contenuImg CS="0.557" lang="en" source="ibm">video display</contenuImg>
            <contenuImg CS="0.509" lang="en" source="ibm">computer screen</contenuImg>
            <contenuImg CS="0.515" lang="en" source="ibm">photographic equipment</contenuImg>
            <contenuImg CS="0.515" lang="en" source="ibm">photographic film</contenuImg>
            <contenuImg CS="0.512" lang="en" source="ibm">negative</contenuImg>
            <genre source="final">publicité</genre>
            <genre source="md">publicité</genre>
            <fonction source="final">repro/photo</fonction>
            <tech source="final">imp photoméca</tech>
            <fonction CS="0.87" source="TensorFlow">repro/photo</fonction>
            <tech CS="1" source="md">imp photoméca</tech>
            <leg>Aucun appareil de réfrigération électrique ne peut vous offrir de pareils avantages et une telle garantie pour un prix aussi minime. Maintenant, l espace disponible pour emmagasiner vos denrées est, selon les modèles, de 25 à 35 plus grand, que dans les anciens  Frigidaire  Pour 700 francs, vous pouvez en faire installer un chez vous dès aujourd hui. Vous n aurez ensuite qu à verser douze acomptes mensuels que vous paierez sans même vous en apercevoir</leg>
            <txt>POUR UN DE CES NOUVEAUX FRIGIDAIRE 700 FRANCS COMPTANT.</txt>
          </ill>
        </ills>
      </page>
      <page hauteurPx="5077" largeurPx="3573" ordre="68">
        <nbMot>140</nbMot>
        <blocTexte>6</blocTexte>
        <blocTab>0</blocTab>
        <blocPub>1</blocPub>
        <blocIll ocr="2">2</blocIll>
        <ills>
          <ill classif="CCyolo CCibm" couleur="gris" h="2912" n="68-2" pub="1" taille="2" w="1584" x="1963" y="1856">
            <contenuImg CS="0.611" lang="fr" source="ibm">bureau</contenuImg>
            <contenuImg CS="0.741" lang="fr" source="ibm">bâtiment</contenuImg>
            <contenuImg CS="0.582" lang="fr" source="ibm">salon</contenuImg>
            <contenuImg CS="0.687" lang="fr" source="ibm">pièce</contenuImg>
            <contenuImg CS="0.522" lang="fr" source="ibm">café</contenuImg>
            <contenuImg CS="0.561" lang="fr" source="ibm">restaurant</contenuImg>
            <contenuImg CS="0.5" lang="fr" source="ibm">studio d'art</contenuImg>
            <contenuImg CS="0.908" coul="1" lang="fr" source="ibm">noir</contenuImg>
            <contenuImg CS="0.782" coul="1" lang="fr" source="ibm">gris</contenuImg>
            <contenuImg CS="0.782" coul="1" lang="en" source="ibm">gray color</contenuImg>
            <contenuImg CS="0.908" coul="1" lang="en" source="ibm">black color</contenuImg>
            <contenuImg CS="0.5" lang="en" source="ibm">Art Studio</contenuImg>
            <contenuImg CS="0.561" lang="en" source="ibm">restaurant</contenuImg>
            <contenuImg CS="0.522" lang="en" source="ibm">cafe</contenuImg>
            <contenuImg CS="0.687" lang="en" source="ibm">room</contenuImg>
            <contenuImg CS="0.582" lang="en" source="ibm">living room</contenuImg>
            <contenuImg CS="0.741" lang="en" source="ibm">building</contenuImg>
            <contenuImg CS="0.611" lang="en" source="ibm">office</contenuImg>
            <contenuImg CS="0.79" h="450" lang="fr" source="yolo" w="306" x="690" y="2360">chaise</contenuImg>
            <contenuImg CS="0.51" h="90" lang="fr" source="yolo" w="76" x="210" y="653">montre</contenuImg>
            <contenuImg CS="0.51" h="90" lang="en" source="yolo" w="76" x="210" y="653">clock</contenuImg>
            <contenuImg CS="0.79" h="450" lang="en" source="yolo" w="306" x="690" y="2360">chair</contenuImg>
            <genre source="final">publicité</genre>
            <genre source="md">publicité</genre>
            <fonction source="final">repro/photo</fonction>
            <tech source="final">imp photoméca</tech>
            <fonction CS="0.97" source="TensorFlow">repro/photo</fonction>
            <tech CS="1" source="md">imp photoméca</tech>
            <leg>Il Le Prince de FaucignyLucinge compose un décor original avec des gravures, des programmes, des partitions, des cartes, habillant ainsi un grand placard • Dans le living-room : une table Empire ornée de verreries, un paravent décor vénitien par Waroquier, et, sur une colonne de métal, un beau moulage Il Sur la cheminée du boudoir et sur des étagères en miroir, une collection de chiens en porcelaine anglaise. Bureau peint blanc, avec des plaques de métal</leg>
            <txt>SUITE DE LA PAGE 55 UN DÉCOR TRÈS PERSONNEL</txt>
          </ill>
        </ills>
      </page>
      <page hauteurPx="5101" largeurPx="3753" ordre="69">
        <nbMot>127</nbMot>
        <blocTexte>4</blocTexte>
        <blocTab>0</blocTab>
        <blocPub>2</blocPub>
        <blocIll ocr="0">0</blocIll>
      </page>
      <page hauteurPx="5095" largeurPx="3599" ordre="70">
        <nbMot>793</nbMot>
        <blocTexte>59</blocTexte>
        <blocTab>0</blocTab>
        <blocPub>7</blocPub>
        <blocIll ocr="2">2</blocIll>
        <ills>
          <ill classif="CCyolo CCibm" couleur="gris" edit="1" h="1089" n="70-1" pub="1" taille="0" w="1668" x="196" y="237">
            <contenuImg CS="0.577" lang="fr" source="ibm">podium</contenuImg>
            <contenuImg CS="0.5" lang="fr" source="ibm">personne (famille)</contenuImg>
            <contenuImg CS="0.577" lang="fr" source="ibm">plate-forme</contenuImg>
            <contenuImg CS="0.513" lang="fr" source="ibm">pilote de chasse</contenuImg>
            <contenuImg CS="0.522" lang="fr" source="ibm">aviateur</contenuImg>
            <contenuImg CS="0.654" lang="fr" source="ibm">personne</contenuImg>
            <contenuImg CS="0.508" lang="fr" source="ibm">personnes</contenuImg>
            <contenuImg CS="0.596" lang="fr" source="ibm">vêtements</contenuImg>
            <contenuImg CS="0.912" coul="1" lang="fr" source="ibm">gris</contenuImg>
            <contenuImg CS="0.684" coul="1" lang="fr" source="ibm">sauge</contenuImg>
            <contenuImg CS="0.684" coul="1" lang="en" source="ibm">sage green color</contenuImg>
            <contenuImg CS="0.912" coul="1" lang="en" source="ibm">gray color</contenuImg>
            <contenuImg CS="0.596" lang="en" source="ibm">clothing</contenuImg>
            <contenuImg CS="0.5" lang="en" source="ibm">person (family)</contenuImg>
            <contenuImg CS="0.508" lang="en" source="ibm">people</contenuImg>
            <contenuImg CS="0.654" lang="en" source="ibm">person</contenuImg>
            <contenuImg CS="0.522" lang="en" source="ibm">aviator</contenuImg>
            <contenuImg CS="0.513" lang="en" source="ibm">fighter pilot</contenuImg>
            <contenuImg CS="0.577" lang="en" source="ibm">platform</contenuImg>
            <contenuImg CS="0.577" lang="en" source="ibm">podium</contenuImg>
            <contenuImg CS="0.85" h="946" lang="fr" source="yolo" w="356" x="470" y="100">personne</contenuImg>
            <contenuImg CS="0.27" h="383" lang="fr" source="yolo" w="56" x="553" y="673">batte de baseball</contenuImg>
            <contenuImg CS="0.27" h="383" lang="en" source="yolo" w="56" x="553" y="673">baseball bat</contenuImg>
            <contenuImg CS="0.85" h="946" lang="en" source="yolo" w="356" x="470" y="100">person</contenuImg>
            <contenuImg CS="0.97" h="923" lang="en" source="yolo" w="283" x="783" y="136">person</contenuImg>
            <fonction source="final">repro/dessin</fonction>
            <tech source="final">imp photoméca</tech>
            <fonction CS="0.65" source="TensorFlow">repro/dessin</fonction>
            <tech CS="1" source="md">imp photoméca</tech>
            <leg>Allez aux Lacs Anglais Vivez pendant quelques jours dans cette région où vécurent les plus grands poètes anglais. Sur ces collines et dans ces vallées, discutant des règles de la métrique, Coleridge et Wordsworth cheminèrent.</leg>
            <genre source="hm" time="2020-10-31T19:49:54.336+01:00">publicité</genre>
            <genre source="final">publicité</genre>
          </ill>
          <ill classif="CCibm" couleur="gris" h="1255" n="70-2" pub="1" taille="0" w="1234" x="423" y="2668">
            <contenuImg CS="0.632" lang="fr" source="ibm">mausolée</contenuImg>
            <contenuImg CS="0.632" lang="fr" source="ibm">haie bocagère</contenuImg>
            <contenuImg CS="0.516" lang="fr" source="ibm">immeuble de bureaux</contenuImg>
            <contenuImg CS="0.645" lang="fr" source="ibm">bâtiment</contenuImg>
            <contenuImg CS="0.502" lang="fr" source="ibm">gratte-ciel</contenuImg>
            <contenuImg CS="0.5" lang="fr" source="ibm">autoradiographie</contenuImg>
            <contenuImg CS="0.505" lang="fr" source="ibm">radiogramme</contenuImg>
            <contenuImg CS="0.917" coul="1" lang="fr" source="ibm">gris</contenuImg>
            <contenuImg CS="0.917" coul="1" lang="en" source="ibm">gray color</contenuImg>
            <contenuImg CS="0.505" lang="en" source="ibm">radiogram</contenuImg>
            <contenuImg CS="0.5" lang="en" source="ibm">autoradiograph</contenuImg>
            <contenuImg CS="0.502" lang="en" source="ibm">skyscraper</contenuImg>
            <contenuImg CS="0.645" lang="en" source="ibm">building</contenuImg>
            <contenuImg CS="0.516" lang="en" source="ibm">office building</contenuImg>
            <contenuImg CS="0.632" lang="en" source="ibm">enclosure</contenuImg>
            <contenuImg CS="0.632" lang="en" source="ibm">mausoleum</contenuImg>
            <genre source="final">publicité</genre>
            <genre source="md">publicité</genre>
            <fonction source="final">repro/dessin</fonction>
            <tech source="final">imp photoméca</tech>
            <fonction CS="0.83" source="TensorFlow">repro/dessin</fonction>
            <tech CS="1" source="md">imp photoméca</tech>
            <leg>Situation unique Renommé dans le monde entier pour son service impeceable et son confort parfait. THE PLAZA FRED STERRY t E~~@ FIFTH AVENUE AT CENTRAL PARK jono ZZr MANAGER NEW YORK MANAGER SI VOUS ALLEZ A BOSTON, DESCENDEZ AU COPLEY PLAZA HOTELS RECOMMANDÉS PAR VOGUE</leg>
            <txt>LMS LONDON MIDLAND   SCOTTISH RAILWAY D ANGLETERRE Pour tous renseignements complémentaires, s adresser à D. W. GRANET, 12, boulevard de la Madeleine à Paris. Quelques-uns des meilleurs trains du monde partent de la gare de Euston, à Londres, pour la région des Lacs Anglais.</txt>
          </ill>
        </ills>
      </page>
      <page hauteurPx="5091" largeurPx="3787" ordre="71">
        <nbMot>768</nbMot>
        <blocTexte>16</blocTexte>
        <blocTab>0</blocTab>
        <blocPub>14</blocPub>
        <blocIll ocr="3">3</blocIll>
        <ills>
          <ill classif="CCibm" couleur="gris" h="655" n="71-3" pub="1" taille="0" w="898" x="2574" y="2795">
            <contenuImg CS="0.507" lang="fr" source="ibm">glacier alpin</contenuImg>
            <contenuImg CS="0.599" lang="fr" source="ibm">arête de montagne</contenuImg>
            <contenuImg CS="0.891" lang="fr" source="ibm">nature</contenuImg>
            <contenuImg CS="0.519" lang="fr" source="ibm">Snowy Mountains</contenuImg>
            <contenuImg CS="0.536" lang="fr" source="ibm">glacier</contenuImg>
            <contenuImg CS="0.556" lang="fr" source="ibm">masse de glace</contenuImg>
            <contenuImg CS="0.5" lang="fr" source="ibm">ben (montagne)</contenuImg>
            <contenuImg CS="0.794" lang="fr" source="ibm">pente</contenuImg>
            <contenuImg CS="0.8" lang="fr" source="ibm">élévation naturelle</contenuImg>
            <contenuImg CS="0.959" coul="1" lang="fr" source="ibm">noir</contenuImg>
            <contenuImg CS="0.654" coul="1" lang="fr" source="ibm">gris</contenuImg>
            <contenuImg CS="0.654" coul="1" lang="en" source="ibm">gray color</contenuImg>
            <contenuImg CS="0.959" coul="1" lang="en" source="ibm">black color</contenuImg>
            <contenuImg CS="0.8" lang="en" source="ibm">natural elevation</contenuImg>
            <contenuImg CS="0.794" lang="en" source="ibm">slope</contenuImg>
            <contenuImg CS="0.5" lang="en" source="ibm">ben (mountain)</contenuImg>
            <contenuImg CS="0.556" lang="en" source="ibm">ice mass</contenuImg>
            <contenuImg CS="0.536" lang="en" source="ibm">glacier</contenuImg>
            <contenuImg CS="0.507" lang="en" source="ibm">Alpine glacier</contenuImg>
            <contenuImg CS="0.519" lang="en" source="ibm">Snowy Mountains</contenuImg>
            <contenuImg CS="0.891" lang="en" source="ibm">nature</contenuImg>
            <contenuImg CS="0.599" lang="en" source="ibm">arete (mountain ridgeline)</contenuImg>
            <genre source="final">publicité</genre>
            <genre source="md">publicité</genre>
            <fonction source="final">repro/photo</fonction>
            <tech source="final">imp photoméca</tech>
            <fonction CS="0.83" source="TensorFlow">repro/photo</fonction>
            <tech CS="1" source="md">imp photoméca</tech>
            <leg>Près d AROLLA LA Suisse est le paradis des sports d été : alpinisme, automobilisme, cyclisme, tennis, golf, natation, pêche, etc. Nombreuses stations balnéaires et climatiques. i-~ Partout, hôtels réputés à la portée de chacun : tarifs réduits. Facilités de transport. Renseignements et prospectus gratuits par l Office National Suisse du Tourisme, Zurich et Lausanne. Son Agence à Nice, 3, boulevard Victor-Hugo, l Agence Officielle des Chemins de Fer Fédéraux, Paris, 37, boulevard des Capucines et toutes les Agences de Voyages, ainsi que les Bureaux de Renseignements des Stations ci-dessous indiquées. B E R N ELa pittoresque capitale au pied des CH Ppntri  J Vexvcmurmsiîonnns 1 A A I L C E Centre d importance européenne. CollecAlpes. Centre idéal de tourisme et £ 7UW lR I V H la Suisse. kHn) point Je jépart pQur touf yoyage en SuUse ■ d ]? l i ons d  art réputées (Witz, Holbein, Bocd aviation. Kursaal. Casino. la Suisse. klin). Point de départ pour tout voyage en S isse em, ocOBERLAND BERNOIS L E V A L A 1 S Le plus grand domaine des Alpes au point de vue sportif et touristique. Région la plus I L a I—i V L. I ensoleillée de Suisse. Stations balnéaires et alpestres de 400 à 2.000 mètres d altitude avec Un voyage parle LO E TSC H B E R G prix à la portée de toutes les bourses.</leg>
            <txt>FINHAUT INTERLAKEN</txt>
          </ill>
        </ills>
      </page>
      <page hauteurPx="5107" largeurPx="3617" ordre="72">
        <nbMot>762</nbMot>
        <blocTexte>27</blocTexte>
        <blocTab>0</blocTab>
        <blocPub>15</blocPub>
        <blocIll ocr="3">3</blocIll>
        <ills>
          <ill classif="CCibm" couleur="gris" h="1330" n="72-3" pub="1" taille="0" w="1015" x="2281" y="3176">
            <contenuImg CS="0.651" lang="fr" source="ibm">arthrogramme (rayons x)</contenuImg>
            <contenuImg CS="0.761" lang="fr" source="ibm">radiogramme</contenuImg>
            <contenuImg CS="0.5" lang="fr" source="ibm">ligament (corps)</contenuImg>
            <contenuImg CS="0.5" lang="fr" source="ibm">personne</contenuImg>
            <contenuImg CS="0.6" lang="fr" source="ibm">vêtements</contenuImg>
            <contenuImg CS="0.928" coul="1" lang="fr" source="ibm">noir</contenuImg>
            <contenuImg CS="0.804" coul="1" lang="fr" source="ibm">noir charbon</contenuImg>
            <contenuImg CS="0.804" coul="1" lang="en" source="ibm">coal black color</contenuImg>
            <contenuImg CS="0.928" coul="1" lang="en" source="ibm">black color</contenuImg>
            <contenuImg CS="0.6" lang="en" source="ibm">clothing</contenuImg>
            <contenuImg CS="0.5" lang="en" source="ibm">person</contenuImg>
            <contenuImg CS="0.5" lang="en" source="ibm">ligament (of body)</contenuImg>
            <contenuImg CS="0.761" lang="en" source="ibm">radiogram</contenuImg>
            <contenuImg CS="0.651" lang="en" source="ibm">arthrogram (x-ray)</contenuImg>
            <genre source="final">publicité</genre>
            <genre source="md">publicité</genre>
            <fonction source="final">repro/dessin</fonction>
            <tech source="final">imp photoméca</tech>
            <fonction CS="0.54" source="TensorFlow">repro/dessin</fonction>
            <tech CS="1" source="md">imp photoméca</tech>
            <leg>Apprendre à se tenir sur la tête, l une des phases importantes des exercices préconisés par Elizabeth Arden et que nous montrent bien les marionnettes</leg>
            <txt>accompagnée de quelques-uns de se  spécialistes d exercices, un Ion; voyage aux Etats-Unis et dans le; capitales européennes, montrant également à ses auditrices comment harmoniser un maquillage avec k  teintes à la mode, et récemment elle donnait une intéressante causerie avec grand succès au Thé du Bagdad Miss Arden a fait personnellement.</txt>
          </ill>
        </ills>
      </page>
      <page hauteurPx="5085" largeurPx="3781" ordre="73">
        <nbMot>342</nbMot>
        <blocTexte>22</blocTexte>
        <blocTab>0</blocTab>
        <blocPub>20</blocPub>
        <blocIll ocr="0">0</blocIll>
      </page>
      <page hauteurPx="5095" largeurPx="3597" ordre="74">
        <nbMot>331</nbMot>
        <blocTexte>14</blocTexte>
        <blocTab>0</blocTab>
        <blocPub>6</blocPub>
        <blocIll ocr="4">4</blocIll>
        <ills>
          <ill classif="CCyolo CCibm" couleur="gris" edit="1" h="1037" n="74-1" pub="1" taille="0" w="1331" x="464" y="263">
            <contenuImg CS="0.511" lang="fr" source="ibm">suffragette</contenuImg>
            <contenuImg CS="0.814" lang="fr" source="ibm">portrait photo</contenuImg>
            <contenuImg CS="0.512" lang="fr" source="ibm">personne</contenuImg>
            <contenuImg CS="0.5" lang="fr" source="ibm">pointe d'argent</contenuImg>
            <contenuImg CS="0.951" coul="1" lang="fr" source="ibm">gris cendré</contenuImg>
            <contenuImg CS="0.741" coul="1" lang="fr" source="ibm">gris</contenuImg>
            <contenuImg CS="0.741" coul="1" lang="en" source="ibm">gray color</contenuImg>
            <contenuImg CS="0.951" coul="1" lang="en" source="ibm">ash grey color</contenuImg>
            <contenuImg CS="0.5" lang="en" source="ibm">silverpoint</contenuImg>
            <contenuImg CS="0.512" lang="en" source="ibm">person</contenuImg>
            <contenuImg CS="0.511" lang="en" source="ibm">women's voting rights activist</contenuImg>
            <contenuImg CS="0.814" lang="en" source="ibm">portrait picture</contenuImg>
            <contenuImg CS="0.85" h="996" lang="fr" source="yolo" w="1293" x="33" y="23">personne</contenuImg>
            <contenuImg CS="0.85" h="996" lang="en" source="yolo" w="1293" x="33" y="23">person</contenuImg>
            <fonction source="final">repro/photo</fonction>
            <tech source="final">imp photoméca</tech>
            <fonction CS="0.51" source="TensorFlow">repro/photo</fonction>
            <tech CS="1" source="md">imp photoméca</tech>
            <leg>Ne laissez pas le film enlaidir votre sourire Libérez vos dents du film pour qu elles retrouvent beauté et éclat Le Pepsodent est doublement effiprovenant des aliments, du tabac, cace: Il débarrasse les dents de la Il est important, par conséquent, pellicule (film) et polit merveilleud en débarrasser les dents dont l éclai sement leur émail ; c est pourquoi ne dépend, en somme, que de la pâte il les rend si belles. dentifrice dont on se sert. Pepsodent La pellicule (film) est un dépôt libère les dents du film et leur visqueux qui s attache aux dents; il communique un brillant sans égal.</leg>
            <genre source="hm" time="2020-10-31T19:50:05.374+01:00">publicité</genre>
            <genre source="final">publicité</genre>
          </ill>
          <ill classif="CCyolo CCibm" couleur="gris" h="831" n="74-4" pub="1" taille="0" w="1613" x="1924" y="3969">
            <contenuImg CS="0.78" lang="fr" source="ibm">pot en terre cuite</contenuImg>
            <contenuImg CS="0.915" lang="fr" source="ibm">pot</contenuImg>
            <contenuImg CS="0.654" lang="fr" source="ibm">amphore</contenuImg>
            <contenuImg CS="0.5" lang="fr" source="ibm">céramique</contenuImg>
            <contenuImg CS="0.799" lang="fr" source="ibm">ustensile</contenuImg>
            <contenuImg CS="1" coul="1" lang="fr" source="ibm">albâtre</contenuImg>
            <contenuImg CS="1" coul="1" lang="en" source="ibm">alabaster color</contenuImg>
            <contenuImg CS="0.799" lang="en" source="ibm">utensil</contenuImg>
            <contenuImg CS="0.5" lang="en" source="ibm">ceramic</contenuImg>
            <contenuImg CS="0.654" lang="en" source="ibm">amphora (jar)</contenuImg>
            <contenuImg CS="0.915" lang="en" source="ibm">jar</contenuImg>
            <contenuImg CS="0.78" lang="en" source="ibm">earthenware jar</contenuImg>
            <contenuImg CS="0.93" h="433" lang="fr" source="yolo" w="260" x="1093" y="196">vase</contenuImg>
            <contenuImg CS="0.75" h="130" lang="fr" source="yolo" w="230" x="383" y="580">bol</contenuImg>
            <contenuImg CS="0.75" h="130" lang="en" source="yolo" w="230" x="383" y="580">bowl</contenuImg>
            <contenuImg CS="0.92" h="166" lang="en" source="yolo" w="253" x="626" y="560">bowl</contenuImg>
            <contenuImg CS="0.93" h="136" lang="en" source="yolo" w="280" x="103" y="563">bowl</contenuImg>
            <contenuImg CS="0.93" h="433" lang="en" source="yolo" w="260" x="1093" y="196">vase</contenuImg>
            <contenuImg CS="0.95" h="390" lang="en" source="yolo" w="283" x="733" y="276">vase</contenuImg>
            <contenuImg CS="0.95" h="133" lang="en" source="yolo" w="246" x="1013" y="553">bowl</contenuImg>
            <contenuImg CS="0.96" h="330" lang="en" source="yolo" w="256" x="370" y="270">vase</contenuImg>
            <contenuImg CS="0.97" h="156" lang="en" source="yolo" w="213" x="1310" y="553">bowl</contenuImg>
            <genre source="final">publicité</genre>
            <genre source="md">publicité</genre>
            <fonction source="final">repro/dessin</fonction>
            <tech source="final">imp photoméca</tech>
            <fonction CS="0.55" source="TensorFlow">repro/dessin</fonction>
            <tech CS="1" source="md">imp photoméca</tech>
            <leg>THIRIET</leg>
            <txt>après de laborieuses recherches, lui; font le plus grand honneur. Ce ne 1 sont autour de lui que formes bien assises et savamment équiIibrée,  que profils sobres et purs parés des ; plus séduisantes couleurs, fruits d un travail créateur qui l apparente aux grands Japonais  et  Chinob  des meilleures époques. 1931, au Salon des Artistes Décora-, teurs. La qualité de la pâte commej celle des émaux obtenus par Artiga,!</txt>
          </ill>
        </ills>
      </page>
      <page hauteurPx="5081" largeurPx="3775" ordre="75">
        <nbMot>1298</nbMot>
        <blocTexte>47</blocTexte>
        <blocTab>0</blocTab>
        <blocPub>45</blocPub>
        <blocIll ocr="0">0</blocIll>
      </page>
      <page hauteurPx="5077" largeurPx="3573" ordre="76">
        <nbMot>918</nbMot>
        <blocTexte>23</blocTexte>
        <blocTab>0</blocTab>
        <blocPub>2</blocPub>
        <blocIll ocr="0">0</blocIll>
      </page>
    </pages>
  </contenus>
</analyseAlto>