<analyseAlto>
  <metad>
    <type>R</type>
    <ID>bpt6k6538238v</ID>
    <notice>cb343833568</notice>
    <titre>Vogue 1932/10</titre>
    <dateEdition>1932-10</dateEdition>
    <lang>fre</lang>
    <source>BnF</source>
    <nbPage>86</nbPage>
  </metad>
  <contenus>
    <largeur>155</largeur>
    <hauteur>216</hauteur>
    <largeurPx>3675</largeurPx>
    <hauteurPx>5103</hauteurPx>
    <pages>
      <page hauteurPx="5103" largeurPx="3675" ordre="1">
        <nbMot>27</nbMot>
        <blocTexte>5</blocTexte>
        <blocTab>0</blocTab>
        <blocPub>0</blocPub>
        <blocIll ocr="1">1</blocIll>
        <ills/>
      </page>
      <page hauteurPx="5123" largeurPx="3511" ordre="2">
        <nbMot>21</nbMot>
        <blocTexte>3</blocTexte>
        <blocTab>0</blocTab>
        <blocPub>1</blocPub>
        <blocIll ocr="0">0</blocIll>
      </page>
      <page hauteurPx="5097" largeurPx="3667" ordre="3">
        <nbMot>19</nbMot>
        <blocTexte>3</blocTexte>
        <blocTab>0</blocTab>
        <blocPub>0</blocPub>
        <blocIll ocr="1">1</blocIll>
        <ills/>
      </page>
      <page hauteurPx="5123" largeurPx="3511" ordre="4">
        <nbMot>30</nbMot>
        <blocTexte>5</blocTexte>
        <blocTab>0</blocTab>
        <blocPub>4</blocPub>
        <blocIll ocr="1">1</blocIll>
        <ills>
          <ill classif="CCyolo CCibm" couleur="gris" h="4387" n="4-1" pub="1" taille="3" w="1492" x="355" y="342">
            <contenuImg CS="0.702" lang="fr" source="ibm">robe d'après-midi</contenuImg>
            <contenuImg CS="0.809" lang="fr" source="ibm">robe</contenuImg>
            <contenuImg CS="0.635" lang="fr" source="ibm">piédestal</contenuImg>
            <contenuImg CS="0.635" lang="fr" source="ibm">support</contenuImg>
            <contenuImg CS="0.5" lang="fr" source="ibm">burette (bouteille)</contenuImg>
            <contenuImg CS="0.509" lang="fr" source="ibm">bouteille</contenuImg>
            <contenuImg CS="0.801" lang="fr" source="ibm">vêtements</contenuImg>
            <contenuImg CS="0.986" coul="1" lang="fr" source="ibm">gris</contenuImg>
            <contenuImg CS="0.986" coul="1" lang="en" source="ibm">gray color</contenuImg>
            <contenuImg CS="0.801" lang="en" source="ibm">clothing</contenuImg>
            <contenuImg CS="0.509" lang="en" source="ibm">bottle</contenuImg>
            <contenuImg CS="0.5" lang="en" source="ibm">cruet (bottle)</contenuImg>
            <contenuImg CS="0.635" lang="en" source="ibm">support</contenuImg>
            <contenuImg CS="0.635" lang="en" source="ibm">pedestal</contenuImg>
            <contenuImg CS="0.809" lang="en" source="ibm">dress</contenuImg>
            <contenuImg CS="0.8" lang="en" source="ibm">gown</contenuImg>
            <contenuImg CS="0.702" lang="en" source="ibm">tea gown</contenuImg>
            <contenuImg CS="0.44" h="4046" lang="fr" source="yolo" w="996" x="120" y="80">personne</contenuImg>
            <contenuImg CS="0.44" h="4046" lang="en" source="yolo" w="996" x="120" y="80">person</contenuImg>
            <genre source="final">publicité</genre>
            <genre source="md">publicité</genre>
            <fonction source="final">repro/dessin</fonction>
            <tech source="final">imp photoméca</tech>
            <fonction CS="0.67" source="TensorFlow">repro/dessin</fonction>
            <tech CS="1" source="md">imp photoméca</tech>
            <leg>DCEUILLET DOUCET POUR LE SOIR VOIR AUSSI SA COLLECTION FANTAISIE A DES PRIX EXTRÊMEMENT RÉDUITS MIRANDE A.M. DOUCET 19 s 21 , RUE DE LA PAIX , PARÎ-T</leg>
            <txt>4 VOGUE 4 VOGUE</txt>
          </ill>
        </ills>
      </page>
      <page hauteurPx="5077" largeurPx="3641" ordre="5">
        <nbMot>13</nbMot>
        <blocTexte>2</blocTexte>
        <blocTab>0</blocTab>
        <blocPub>1</blocPub>
        <blocIll ocr="0">0</blocIll>
      </page>
      <page hauteurPx="5127" largeurPx="3515" ordre="6">
        <nbMot>11</nbMot>
        <blocTexte>2</blocTexte>
        <blocTab>0</blocTab>
        <blocPub>1</blocPub>
        <blocIll ocr="1">1</blocIll>
        <ills>
          <ill classif="CCibm" couleur="gris" h="4257" n="6-1" pub="1" taille="6" w="3229" x="241" y="266">
            <contenuImg CS="0.566" lang="fr" source="ibm">vêtements gris</contenuImg>
            <contenuImg CS="0.713" lang="fr" source="ibm">sous-vêtement</contenuImg>
            <contenuImg CS="0.713" lang="fr" source="ibm">vêtement</contenuImg>
            <contenuImg CS="0.5" lang="fr" source="ibm">sous-vêtements</contenuImg>
            <contenuImg CS="0.594" lang="fr" source="ibm">caleçon</contenuImg>
            <contenuImg CS="0.601" lang="fr" source="ibm">vêtements</contenuImg>
            <contenuImg CS="0.592" lang="fr" source="ibm">revêtement de protection</contenuImg>
            <contenuImg CS="0.927" coul="1" lang="fr" source="ibm">gris</contenuImg>
            <contenuImg CS="0.92" coul="1" lang="fr" source="ibm">gris cendré</contenuImg>
            <contenuImg CS="0.92" coul="1" lang="en" source="ibm">ash grey color</contenuImg>
            <contenuImg CS="0.927" coul="1" lang="en" source="ibm">gray color</contenuImg>
            <contenuImg CS="0.592" lang="en" source="ibm">protective covering</contenuImg>
            <contenuImg CS="0.601" lang="en" source="ibm">clothing</contenuImg>
            <contenuImg CS="0.594" lang="en" source="ibm">underpants</contenuImg>
            <contenuImg CS="0.5" lang="en" source="ibm">underwear</contenuImg>
            <contenuImg CS="0.713" lang="en" source="ibm">garment</contenuImg>
            <contenuImg CS="0.713" lang="en" source="ibm">undergarment</contenuImg>
            <contenuImg CS="0.566" lang="en" source="ibm">grey clothing</contenuImg>
            <genre source="final">publicité</genre>
            <genre source="md">publicité</genre>
            <fonction source="final">repro/dessin</fonction>
            <tech source="final">imp photoméca</tech>
            <fonction CS="0.94" source="TensorFlow">repro/dessin</fonction>
            <tech CS="1" source="md">imp photoméca</tech>
            <leg>MADAME MARIE ALPHONSINE-HODES 73, Avenue des Champs-Élysces PARIS</leg>
            <txt>0 VOGUE 0 VOGUE</txt>
          </ill>
        </ills>
      </page>
      <page hauteurPx="5103" largeurPx="3675" ordre="7">
        <nbMot>121</nbMot>
        <blocTexte>6</blocTexte>
        <blocTab>0</blocTab>
        <blocPub>5</blocPub>
        <blocIll ocr="0">0</blocIll>
      </page>
      <page hauteurPx="5147" largeurPx="3545" ordre="8">
        <nbMot>12</nbMot>
        <blocTexte>3</blocTexte>
        <blocTab>0</blocTab>
        <blocPub>0</blocPub>
        <blocIll ocr="0">0</blocIll>
      </page>
      <page hauteurPx="5101" largeurPx="3675" ordre="9">
        <nbMot>611</nbMot>
        <blocTexte>27</blocTexte>
        <blocTab>0</blocTab>
        <blocPub>0</blocPub>
        <blocIll ocr="1">1</blocIll>
        <ills>
          <ill classif="CCyolo CCibm" couleur="gris" edit="1" h="2832" n="9-1" pub="1" taille="2" w="1986" x="132" y="701">
            <contenuImg CS="0.972" lang="fr" source="ibm">musée (intérieur)</contenuImg>
            <contenuImg CS="0.785" lang="fr" source="ibm">pièce</contenuImg>
            <contenuImg CS="0.96" coul="1" lang="fr" source="ibm">albâtre</contenuImg>
            <contenuImg CS="0.96" coul="1" lang="en" source="ibm">alabaster color</contenuImg>
            <contenuImg CS="0.785" lang="en" source="ibm">room</contenuImg>
            <contenuImg CS="0.972" lang="en" source="ibm">Museum (Indoor)</contenuImg>
            <contenuImg CS="0.54" h="1153" lang="fr" source="yolo" w="863" x="590" y="1620">personne</contenuImg>
            <contenuImg CS="0.54" h="1153" lang="en" source="yolo" w="863" x="590" y="1620">person</contenuImg>
            <fonction source="final">repro/photo</fonction>
            <tech source="final">imp photoméca</tech>
            <fonction CS="0.73" source="TensorFlow">repro/photo</fonction>
            <tech CS="1" source="md">imp photoméca</tech>
            <leg>Pendant que vous suivez une série de traitements dans les Salons d Elizabeth Arden, maintenez votre charme par l emploi chez vous des préparations suivantes :</leg>
            <txt>ÉPHÉMÉRIDE DE LA BEAUTÉ OCTOBRE 1932 9</txt>
            <genre source="hm" time="2020-11-01T16:13:48.709+01:00">publicité</genre>
            <genre source="final">publicité</genre>
          </ill>
        </ills>
      </page>
      <page hauteurPx="5123" largeurPx="3511" ordre="10">
        <nbMot>21</nbMot>
        <blocTexte>2</blocTexte>
        <blocTab>0</blocTab>
        <blocPub>1</blocPub>
        <blocIll ocr="0">0</blocIll>
      </page>
      <page hauteurPx="5077" largeurPx="3641" ordre="11">
        <nbMot>148</nbMot>
        <blocTexte>6</blocTexte>
        <blocTab>0</blocTab>
        <blocPub>5</blocPub>
        <blocIll ocr="0">0</blocIll>
      </page>
      <page hauteurPx="5127" largeurPx="3513" ordre="12">
        <nbMot>649</nbMot>
        <blocTexte>23</blocTexte>
        <blocTab>0</blocTab>
        <blocPub>21</blocPub>
        <blocIll ocr="1">1</blocIll>
        <ills>
          <ill classif="CCyolo CCibm" couleur="gris" h="2351" n="12-1" pub="1" taille="1" w="1759" x="311" y="266">
            <contenuImg CS="0.6" lang="fr" source="ibm">personne</contenuImg>
            <contenuImg CS="0.592" lang="fr" source="ibm">galerie d'art</contenuImg>
            <contenuImg CS="0.708" lang="fr" source="ibm">pièce</contenuImg>
            <contenuImg CS="0.547" lang="fr" source="ibm">musée (intérieur)</contenuImg>
            <contenuImg CS="0.5" lang="fr" source="ibm">vestiaire</contenuImg>
            <contenuImg CS="0.972" coul="1" lang="fr" source="ibm">albâtre</contenuImg>
            <contenuImg CS="0.972" coul="1" lang="en" source="ibm">alabaster color</contenuImg>
            <contenuImg CS="0.5" lang="en" source="ibm">dressing room</contenuImg>
            <contenuImg CS="0.547" lang="en" source="ibm">Museum (Indoor)</contenuImg>
            <contenuImg CS="0.708" lang="en" source="ibm">room</contenuImg>
            <contenuImg CS="0.592" lang="en" source="ibm">art gallery</contenuImg>
            <contenuImg CS="0.6" lang="en" source="ibm">person</contenuImg>
            <contenuImg CS="0.98" h="2126" lang="fr" source="yolo" w="1653" x="60" y="153">personne</contenuImg>
            <contenuImg CS="0.98" h="2126" lang="en" source="yolo" w="1653" x="60" y="153">person</contenuImg>
            <genre source="final">publicité</genre>
            <genre source="md">publicité</genre>
            <fonction source="final">repro/photo</fonction>
            <tech source="final">imp photoméca</tech>
            <fonction CS="0.89" source="TensorFlow">repro/photo</fonction>
            <tech CS="1" source="md">imp photoméca</tech>
            <leg>9 TEINT HALE.,,, ou TEINT CLAIR De retour de vacances, votre peau, irritée desséchée par la chaleur et le vent, marquéd taches de rousseur, demande des soins très appropri Pour enrayer immédiatement l altération de vott visage, venez voir Madame HELENA RUBINSTEll dès demain, elle vous donnera gracieusement soi avis et vous indiquera les traitements qui éclairciron votre peau ou lui conserveront le hâle qui siei parfois à la beauté. Dans l un ou l autre cas, votre épidermei souffert d une trop longue exposition au soleil vous avez donc besoin de conseils judicieux et œ produits vraiment efficaces ; ceux que Madaim HELENA RUBINSTEIN a créés contiennent de éléments riches et pénétrants, qui rendent la peai douce et veloutée et lui conservent le reflet de Il santé acquise au grand air.</leg>
            <txt>V 0 GU; 1 2</txt>
          </ill>
        </ills>
      </page>
      <page hauteurPx="5077" largeurPx="3641" ordre="13">
        <nbMot>113</nbMot>
        <blocTexte>8</blocTexte>
        <blocTab>0</blocTab>
        <blocPub>7</blocPub>
        <blocIll ocr="2">2</blocIll>
        <ills>
          <ill classif="CCibm" couleur="gris" edit="1" h="1088" n="13-1" pub="1" taille="0" w="1459" x="238" y="2982">
            <contenuImg CS="0.652" lang="fr" source="ibm">pointe d'argent</contenuImg>
            <contenuImg CS="0.519" lang="fr" source="ibm">personnes</contenuImg>
            <contenuImg CS="0.519" lang="fr" source="ibm">personne</contenuImg>
            <contenuImg CS="0.5" lang="fr" source="ibm">musée (intérieur)</contenuImg>
            <contenuImg CS="0.599" lang="fr" source="ibm">instrument de musique</contenuImg>
            <contenuImg CS="0.6" lang="fr" source="ibm">sport</contenuImg>
            <contenuImg CS="0.89" coul="1" lang="fr" source="ibm">gris cendré</contenuImg>
            <contenuImg CS="0.678" coul="1" lang="fr" source="ibm">albâtre</contenuImg>
            <contenuImg CS="0.678" coul="1" lang="en" source="ibm">alabaster color</contenuImg>
            <contenuImg CS="0.89" coul="1" lang="en" source="ibm">ash grey color</contenuImg>
            <contenuImg CS="0.6" lang="en" source="ibm">sport</contenuImg>
            <contenuImg CS="0.599" lang="en" source="ibm">musical instrument</contenuImg>
            <contenuImg CS="0.5" lang="en" source="ibm">Museum (Indoor)</contenuImg>
            <contenuImg CS="0.519" lang="en" source="ibm">person</contenuImg>
            <contenuImg CS="0.519" lang="en" source="ibm">people</contenuImg>
            <contenuImg CS="0.652" lang="en" source="ibm">silverpoint</contenuImg>
            <fonction source="final">repro/dessin</fonction>
            <tech source="final">imp photoméca</tech>
            <fonction CS="0.87" source="TensorFlow">repro/dessin</fonction>
            <tech CS="1" source="md">imp photoméca</tech>
            <leg>\29 -SfJiiœ HE CLHiiY ■ .; V ;;.v si N.G LE HUE DE MIJL/IN, i</leg>
            <txt>touj ours i Ses fourrures sont ;</txt>
            <genre source="hm" time="2020-11-01T16:13:46.5+01:00">publicité</genre>
            <genre source="final">publicité</genre>
          </ill>
          <ill classif="CCyolo CCibm" couleur="gris" h="2768" n="13-2" pub="1" taille="1" w="1396" x="1697" y="1302">
            <contenuImg CS="0.776" lang="fr" source="ibm">personne</contenuImg>
            <contenuImg CS="0.988" lang="fr" source="ibm">musée (intérieur)</contenuImg>
            <contenuImg CS="0.786" lang="fr" source="ibm">pièce</contenuImg>
            <contenuImg CS="0.909" coul="1" lang="fr" source="ibm">albâtre</contenuImg>
            <contenuImg CS="0.833" coul="1" lang="fr" source="ibm">gris</contenuImg>
            <contenuImg CS="0.833" coul="1" lang="en" source="ibm">gray color</contenuImg>
            <contenuImg CS="0.909" coul="1" lang="en" source="ibm">alabaster color</contenuImg>
            <contenuImg CS="0.786" lang="en" source="ibm">room</contenuImg>
            <contenuImg CS="0.988" lang="en" source="ibm">Museum (Indoor)</contenuImg>
            <contenuImg CS="0.776" lang="en" source="ibm">person</contenuImg>
            <contenuImg CS="0.93" h="2340" lang="fr" source="yolo" w="963" x="203" y="353">personne</contenuImg>
            <contenuImg CS="0.93" h="2340" lang="en" source="yolo" w="963" x="203" y="353">person</contenuImg>
            <genre source="final">publicité</genre>
            <genre source="md">publicité</genre>
            <fonction source="final">repro/photo</fonction>
            <tech source="final">imp photoméca</tech>
            <fonction CS="0.98" source="TensorFlow">repro/photo</fonction>
            <tech CS="1" source="md">imp photoméca</tech>
            <leg>\29 -SfJiiœ HE CLHiiY ■ .; V ;;.v si N.G LE HUE DE MIJL/IN, i</leg>
            <txt>touj ours i Ses fourrures sont ;</txt>
          </ill>
        </ills>
      </page>
      <page hauteurPx="5133" largeurPx="3523" ordre="14">
        <nbMot>8</nbMot>
        <blocTexte>1</blocTexte>
        <blocTab>0</blocTab>
        <blocPub>1</blocPub>
        <blocIll ocr="1">1</blocIll>
        <ills>
          <ill classif="CCyolo CCibm" couleur="gris" h="3784" n="14-1" pub="1" taille="6" w="3422" x="63" y="108">
            <contenuImg CS="0.795" lang="fr" source="ibm">personne</contenuImg>
            <contenuImg CS="0.745" lang="fr" source="ibm">vestiaire</contenuImg>
            <contenuImg CS="0.921" lang="fr" source="ibm">pièce</contenuImg>
            <contenuImg CS="0.621" lang="fr" source="ibm">photo de bars</contenuImg>
            <contenuImg CS="0.5" lang="fr" source="ibm">salle d'arts martiaux</contenuImg>
            <contenuImg CS="0.794" lang="fr" source="ibm">vêtements</contenuImg>
            <contenuImg CS="0.799" lang="fr" source="ibm">sport</contenuImg>
            <contenuImg CS="0.973" coul="1" lang="fr" source="ibm">gris</contenuImg>
            <contenuImg CS="0.973" coul="1" lang="en" source="ibm">gray color</contenuImg>
            <contenuImg CS="0.799" lang="en" source="ibm">sport</contenuImg>
            <contenuImg CS="0.794" lang="en" source="ibm">clothing</contenuImg>
            <contenuImg CS="0.5" lang="en" source="ibm">Martial Arts Gym</contenuImg>
            <contenuImg CS="0.621" lang="en" source="ibm">photo with bars</contenuImg>
            <contenuImg CS="0.921" lang="en" source="ibm">room</contenuImg>
            <contenuImg CS="0.745" lang="en" source="ibm">locker room</contenuImg>
            <contenuImg CS="0.795" lang="en" source="ibm">person</contenuImg>
            <contenuImg CS="0.99" h="3586" lang="fr" source="yolo" w="1870" x="533" y="106">personne</contenuImg>
            <contenuImg CS="0.99" h="3586" lang="en" source="yolo" w="1870" x="533" y="106">person</contenuImg>
            <genre source="final">publicité</genre>
            <genre source="md">publicité</genre>
            <fonction source="final">repro/photo</fonction>
            <tech source="final">imp photoméca</tech>
            <fonction CS="0.95" source="TensorFlow">repro/photo</fonction>
            <tech CS="1" source="md">imp photoméca</tech>
            <leg>DONT LE SUCCÈS 5 FFIPUIE DANS LES NOUVEL</leg>
          </ill>
        </ills>
      </page>
      <page hauteurPx="5097" largeurPx="3667" ordre="15">
        <nbMot>18</nbMot>
        <blocTexte>2</blocTexte>
        <blocTab>0</blocTab>
        <blocPub>2</blocPub>
        <blocIll ocr="1">1</blocIll>
        <ills>
          <ill classif="CCyolo CCibm" couleur="gris" h="3765" n="15-1" pub="1" taille="6" w="3497" x="113" y="75">
            <contenuImg CS="0.5" lang="fr" source="ibm">suffragette</contenuImg>
            <contenuImg CS="0.533" coul="1" lang="fr" source="ibm">rouge châtain</contenuImg>
            <contenuImg CS="0.57" lang="fr" source="ibm">musée (intérieur)</contenuImg>
            <contenuImg CS="0.5" lang="fr" source="ibm">personne</contenuImg>
            <contenuImg CS="0.595" lang="fr" source="ibm">pièce</contenuImg>
            <contenuImg CS="0.599" lang="fr" source="ibm">vêtements</contenuImg>
            <contenuImg CS="0.588" lang="fr" source="ibm">tissu</contenuImg>
            <contenuImg CS="0.594" lang="fr" source="ibm">armure</contenuImg>
            <contenuImg CS="0.74" coul="1" lang="fr" source="ibm">gris</contenuImg>
            <contenuImg CS="0.533" coul="1" lang="en" source="ibm">chestnut red color</contenuImg>
            <contenuImg CS="0.74" coul="1" lang="en" source="ibm">gray color</contenuImg>
            <contenuImg CS="0.594" lang="en" source="ibm">armor</contenuImg>
            <contenuImg CS="0.588" lang="en" source="ibm">fabric</contenuImg>
            <contenuImg CS="0.599" lang="en" source="ibm">clothing</contenuImg>
            <contenuImg CS="0.595" lang="en" source="ibm">room</contenuImg>
            <contenuImg CS="0.5" lang="en" source="ibm">person</contenuImg>
            <contenuImg CS="0.5" lang="en" source="ibm">women's voting rights activist</contenuImg>
            <contenuImg CS="0.57" lang="en" source="ibm">Museum (Indoor)</contenuImg>
            <contenuImg CS="0.94" h="3706" lang="fr" source="yolo" w="2246" x="280" y="193">personne</contenuImg>
            <contenuImg CS="0.94" h="3706" lang="en" source="yolo" w="2246" x="280" y="193">person</contenuImg>
            <genre source="final">publicité</genre>
            <genre source="md">publicité</genre>
            <fonction source="final">repro/photo</fonction>
            <tech source="final">imp photoméca</tech>
            <fonction CS="0.99" source="TensorFlow">repro/photo</fonction>
            <tech CS="1" source="md">imp photoméca</tech>
            <leg>, il I » :  , JI ,} , - -~MW~f~ micr/ONs i ijjrtfy 1</leg>
          </ill>
        </ills>
      </page>
      <page hauteurPx="5133" largeurPx="3523" ordre="16">
        <nbMot>34</nbMot>
        <blocTexte>2</blocTexte>
        <blocTab>0</blocTab>
        <blocPub>1</blocPub>
        <blocIll ocr="1">1</blocIll>
        <ills>
          <ill classif="CCyolo CCibm" couleur="gris" h="3346" n="16-1" pub="1" taille="4" w="3180" x="305" y="298">
            <contenuImg CS="0.797" lang="fr" source="ibm">personne</contenuImg>
            <contenuImg CS="0.839" lang="fr" source="ibm">musée (intérieur)</contenuImg>
            <contenuImg CS="0.799" lang="fr" source="ibm">vêtements</contenuImg>
            <contenuImg CS="0.733" coul="1" lang="fr" source="ibm">sauge</contenuImg>
            <contenuImg CS="0.658" coul="1" lang="fr" source="ibm">gris</contenuImg>
            <contenuImg CS="0.658" coul="1" lang="en" source="ibm">gray color</contenuImg>
            <contenuImg CS="0.733" coul="1" lang="en" source="ibm">sage green color</contenuImg>
            <contenuImg CS="0.799" lang="en" source="ibm">clothing</contenuImg>
            <contenuImg CS="0.839" lang="en" source="ibm">Museum (Indoor)</contenuImg>
            <contenuImg CS="0.797" lang="en" source="ibm">person</contenuImg>
            <contenuImg CS="0.69" h="1676" lang="fr" source="yolo" w="553" x="2023" y="1380">personne</contenuImg>
            <contenuImg CS="0.52" h="206" lang="fr" source="yolo" w="96" x="413" y="716">cravate</contenuImg>
            <contenuImg CS="0.41" h="186" lang="fr" source="yolo" w="186" x="2263" y="2126">gant de baseball</contenuImg>
            <contenuImg CS="0.41" h="186" lang="en" source="yolo" w="186" x="2263" y="2126">baseball glove</contenuImg>
            <contenuImg CS="0.52" h="206" lang="en" source="yolo" w="96" x="413" y="716">tie</contenuImg>
            <contenuImg CS="0.69" h="1676" lang="en" source="yolo" w="553" x="2023" y="1380">person</contenuImg>
            <contenuImg CS="0.82" h="2256" lang="en" source="yolo" w="526" x="213" y="320">person</contenuImg>
            <contenuImg CS="0.85" h="2970" lang="en" source="yolo" w="860" x="1193" y="103">person</contenuImg>
            <genre source="final">publicité</genre>
            <genre source="md">publicité</genre>
            <fonction source="final">repro/photo</fonction>
            <tech source="final">imp photoméca</tech>
            <fonction CS="0.78" source="TensorFlow">repro/photo</fonction>
            <tech CS="1" source="md">imp photoméca</tech>
            <leg>FAiRYLAND j LE COUTURI ER 1 DE LA JEUNE FILLE * ET DE L ENFANT I TROUSSEAUX. LAYETTES. LINGERIE j 271 RUE SI HONORÉ PARIS VICHY. BUENOS AIRES LA HAVANE  il</leg>
            <txt>16 VO)/ I 16 VO)/ I</txt>
          </ill>
        </ills>
      </page>
      <page hauteurPx="5093" largeurPx="3663" ordre="17">
        <nbMot>30</nbMot>
        <blocTexte>4</blocTexte>
        <blocTab>0</blocTab>
        <blocPub>3</blocPub>
        <blocIll ocr="0">0</blocIll>
      </page>
      <page hauteurPx="5127" largeurPx="3515" ordre="18">
        <nbMot>26</nbMot>
        <blocTexte>4</blocTexte>
        <blocTab>0</blocTab>
        <blocPub>3</blocPub>
        <blocIll ocr="1">1</blocIll>
        <ills>
          <ill classif="CCibm" couleur="coul" edit="1" h="4130" n="18-1" pub="1" taille="6" w="3263" x="222" y="444">
            <contenuImg CS="0.5" lang="fr" source="ibm">sonde nasotrachéale</contenuImg>
            <contenuImg CS="0.619" lang="fr" source="ibm">tube de cathéter</contenuImg>
            <contenuImg CS="0.54" lang="fr" source="ibm">dendrite</contenuImg>
            <contenuImg CS="0.597" lang="fr" source="ibm">arme</contenuImg>
            <contenuImg CS="0.596" lang="fr" source="ibm">animal</contenuImg>
            <contenuImg CS="0.598" lang="fr" source="ibm">micro-organisme</contenuImg>
            <contenuImg CS="0.6" lang="fr" source="ibm">ver</contenuImg>
            <contenuImg CS="0.931" coul="1" lang="fr" source="ibm">ivoire (couleur)</contenuImg>
            <contenuImg CS="0.616" coul="1" lang="fr" source="ibm">rose pâle</contenuImg>
            <contenuImg CS="0.616" coul="1" lang="en" source="ibm">rose color</contenuImg>
            <contenuImg CS="0.931" coul="1" lang="en" source="ibm">ivory color</contenuImg>
            <contenuImg CS="0.6" lang="en" source="ibm">worm</contenuImg>
            <contenuImg CS="0.598" lang="en" source="ibm">microorganism</contenuImg>
            <contenuImg CS="0.596" lang="en" source="ibm">animal</contenuImg>
            <contenuImg CS="0.597" lang="en" source="ibm">weapon</contenuImg>
            <contenuImg CS="0.5" lang="en" source="ibm">nasotracheal tube</contenuImg>
            <contenuImg CS="0.54" lang="en" source="ibm">dendrite</contenuImg>
            <contenuImg CS="0.619" lang="en" source="ibm">catheter tube</contenuImg>
            <contenuImg b="205" coul="1" g="190" r="187" source="colorific" type="bkg">#bbbecd</contenuImg>
            <contenuImg b="119" coul="1" g="106" ordre="5" r="122" source="colorific" type="frg">#7a6a77</contenuImg>
            <contenuImg b="59" coul="1" g="55" ordre="4" r="58" source="colorific" type="frg">#3a373b</contenuImg>
            <contenuImg b="168" coul="1" g="167" ordre="3" r="186" source="colorific" type="frg">#baa7a8</contenuImg>
            <contenuImg b="255" coul="1" g="255" ordre="2" r="255" source="colorific" type="frg">#ffffff</contenuImg>
            <contenuImg b="152" coul="1" g="130" ordre="1" r="122" source="colorific" type="frg">#7a8298</contenuImg>
            <genre source="final">publicité</genre>
            <genre source="md">publicité</genre>
            <fonction source="final">repro/dessin</fonction>
            <tech source="final">imp photoméca</tech>
            <fonction CS="0.95" source="TensorFlow">repro/dessin</fonction>
            <tech CS="1" source="md">imp photoméca</tech>
            <leg>-1 Il-, t,.:. - !)!?.. ,- LES POUDRES DE RIZ  ENAVION  PARFUM DE CAROt il</leg>
            <txt>LAGRANDE MARQUE DE PARIS EN AVION PARFUM DE CARO 1 Ç f VOGUE</txt>
          </ill>
        </ills>
      </page>
      <page hauteurPx="5101" largeurPx="3675" ordre="19">
        <nbMot>379</nbMot>
        <blocTexte>14</blocTexte>
        <blocTab>1</blocTab>
        <blocPub>0</blocPub>
        <blocIll ocr="1">1</blocIll>
        <ills>
          <ill classif="CCibm" couleur="gris" h="1220" n="19-1" pub="1" taille="0" w="1626" x="1764" y="474">
            <contenuImg CS="0.689" lang="fr" source="ibm">spirillum (bactéries)</contenuImg>
            <contenuImg CS="0.714" lang="fr" source="ibm">micro-organisme</contenuImg>
            <contenuImg CS="0.515" lang="fr" source="ibm">dendrite</contenuImg>
            <contenuImg CS="0.5" lang="fr" source="ibm">salle d'étude</contenuImg>
            <contenuImg CS="0.6" lang="fr" source="ibm">cellule</contenuImg>
            <contenuImg CS="0.596" lang="fr" source="ibm">animal</contenuImg>
            <contenuImg CS="0.597" lang="fr" source="ibm">ver</contenuImg>
            <contenuImg CS="0.912" coul="1" lang="fr" source="ibm">noir</contenuImg>
            <contenuImg CS="0.912" coul="1" lang="en" source="ibm">black color</contenuImg>
            <contenuImg CS="0.597" lang="en" source="ibm">worm</contenuImg>
            <contenuImg CS="0.596" lang="en" source="ibm">animal</contenuImg>
            <contenuImg CS="0.6" lang="en" source="ibm">cell</contenuImg>
            <contenuImg CS="0.5" lang="en" source="ibm">study</contenuImg>
            <contenuImg CS="0.515" lang="en" source="ibm">dendrite</contenuImg>
            <contenuImg CS="0.714" lang="en" source="ibm">microorganism</contenuImg>
            <contenuImg CS="0.689" lang="en" source="ibm">spirillum (bacteria)</contenuImg>
            <genre source="final">publicité</genre>
            <genre source="md">publicité</genre>
            <fonction source="final">repro/dessin</fonction>
            <tech source="final">imp photoméca</tech>
            <fonction CS="0.98" source="TensorFlow">repro/dessin</fonction>
            <tech CS="1" source="md">imp photoméca</tech>
            <leg>LE POINT DE VUE DE VOGUE 21 MADAME JOSÉ-MARIA SERT 24 LES COLLECTIONS D HIVER 25 LE VELOURS, TISSU-ROI DE L HIVER 34 QUELQUES CHAPEAUX 36 UNE TÂCHE ARDUE ET DÉLICATE 38 L EMBARRAS DU CHOIX 39 LES COLS DE FOURRURE CROISENT 40 LES MANTEAUX, LES ROBES 41 DERNIÈRES IMAGES DE L ÉTÉ 48 CÔTE BASQUE 50 MADAME PAUL 2ERVU DACHI 52 AUTOMNE À TRIEVES, par Jean Giono 53 SUR LES TOITS DE PARIS 54 LA FOURRURE 56 DES FEUTRES 59 POUR AIDER AU CHOIX D UN MANTEAU 61 CRÊPES OU  LAINAGES 62 L IMPORTANCE DE LA MANCHE 63 L ENCOLURE HAUTE 64</leg>
            <txt>SOMMAIRE OCTOBRE 1932</txt>
          </ill>
        </ills>
      </page>
      <page hauteurPx="5179" largeurPx="3591" ordre="20">
        <nbMot>1</nbMot>
        <blocTexte>1</blocTexte>
        <blocTab>0</blocTab>
        <blocPub>0</blocPub>
        <blocIll ocr="1">1</blocIll>
        <ills>
          <ill classif="CCibm" couleur="coul" edit="1" h="4941" n="20-1" pub="1" taille="8" w="3488" x="51" y="51">
            <contenuImg CS="0.829" coul="1" lang="fr" source="ibm">bleu violacé (couleur)</contenuImg>
            <txt source="google">"JEUNESSE - MARCEL - ROCHAS - Paul Valentina - ",</txt>
            <contenuImg CS="0.867" lang="fr" source="ibm">croix</contenuImg>
            <contenuImg CS="0.797" lang="fr" source="ibm">outil</contenuImg>
            <contenuImg CS="0.814" coul="1" lang="fr" source="ibm">bleu</contenuImg>
            <contenuImg CS="0.814" coul="1" lang="en" source="ibm">blue color</contenuImg>
            <contenuImg CS="0.829" coul="1" lang="en" source="ibm">purplish blue color</contenuImg>
            <contenuImg CS="0.797" lang="en" source="ibm">tool</contenuImg>
            <contenuImg CS="0.867" lang="en" source="ibm">cross</contenuImg>
            <contenuImg b="102" coul="1" g="50" r="9" source="colorific" type="bkg">#093266</contenuImg>
            <contenuImg b="160" coul="1" g="143" ordre="6" r="133" source="colorific" type="frg">#858fa0</contenuImg>
            <contenuImg b="119" coul="1" g="91" ordre="5" r="76" source="colorific" type="frg">#4c5b77</contenuImg>
            <contenuImg b="100" coul="1" g="84" ordre="4" r="97" source="colorific" type="frg">#615464</contenuImg>
            <contenuImg b="165" coul="1" g="167" ordre="3" r="171" source="colorific" type="frg">#aba7a5</contenuImg>
            <contenuImg b="63" coul="1" g="42" ordre="2" r="37" source="colorific" type="frg">#252a3f</contenuImg>
            <contenuImg b="255" coul="1" g="255" ordre="1" r="255" source="colorific" type="frg">#ffffff</contenuImg>
            <fonction source="final">repro/dessin</fonction>
            <tech source="final">imp photoméca</tech>
            <fonction CS="0.84" source="TensorFlow">repro/dessin</fonction>
            <tech CS="1" source="md">imp photoméca</tech>
            <genre source="hm" time="2020-11-01T16:13:42.083+01:00">publicité</genre>
            <genre source="final">publicité</genre>
          </ill>
        </ills>
      </page>
      <page hauteurPx="5121" largeurPx="3701" ordre="21">
        <nbMot>227</nbMot>
        <blocTexte>12</blocTexte>
        <blocTab>0</blocTab>
        <blocPub>0</blocPub>
        <blocIll ocr="2">2</blocIll>
        <ills/>
      </page>
      <page hauteurPx="5147" largeurPx="3543" ordre="22">
        <nbMot>19</nbMot>
        <blocTexte>2</blocTexte>
        <blocTab>0</blocTab>
        <blocPub>1</blocPub>
        <blocIll ocr="0">0</blocIll>
      </page>
      <page hauteurPx="5137" largeurPx="3727" ordre="23">
        <nbMot>220</nbMot>
        <blocTexte>9</blocTexte>
        <blocTab>0</blocTab>
        <blocPub>0</blocPub>
        <blocIll ocr="2">2</blocIll>
        <ills/>
      </page>
      <page hauteurPx="5109" largeurPx="3489" ordre="24">
        <nbMot>45</nbMot>
        <blocTexte>4</blocTexte>
        <blocTab>0</blocTab>
        <blocPub>0</blocPub>
        <blocIll ocr="1">1</blocIll>
        <ills/>
      </page>
      <page hauteurPx="5115" largeurPx="3693" ordre="25">
        <nbMot>623</nbMot>
        <blocTexte>20</blocTexte>
        <blocTab>0</blocTab>
        <blocPub>0</blocPub>
        <blocIll ocr="1">1</blocIll>
        <ills/>
      </page>
      <page hauteurPx="5109" largeurPx="3489" ordre="26">
        <nbMot>261</nbMot>
        <blocTexte>8</blocTexte>
        <blocTab>0</blocTab>
        <blocPub>0</blocPub>
        <blocIll ocr="2">2</blocIll>
        <ills/>
      </page>
      <page hauteurPx="5077" largeurPx="3641" ordre="27">
        <nbMot>6</nbMot>
        <blocTexte>3</blocTexte>
        <blocTab>0</blocTab>
        <blocPub>0</blocPub>
        <blocIll ocr="1">1</blocIll>
        <ills/>
      </page>
      <page hauteurPx="5109" largeurPx="3425" ordre="28">
        <nbMot>51</nbMot>
        <blocTexte>5</blocTexte>
        <blocTab>0</blocTab>
        <blocPub>0</blocPub>
        <blocIll ocr="1">1</blocIll>
        <ills/>
      </page>
      <page hauteurPx="5077" largeurPx="3641" ordre="29">
        <nbMot>47</nbMot>
        <blocTexte>6</blocTexte>
        <blocTab>0</blocTab>
        <blocPub>0</blocPub>
        <blocIll ocr="1">1</blocIll>
        <ills/>
      </page>
      <page hauteurPx="5097" largeurPx="3447" ordre="30">
        <nbMot>287</nbMot>
        <blocTexte>10</blocTexte>
        <blocTab>0</blocTab>
        <blocPub>0</blocPub>
        <blocIll ocr="1">1</blocIll>
        <ills/>
      </page>
      <page hauteurPx="5077" largeurPx="3641" ordre="31">
        <nbMot>395</nbMot>
        <blocTexte>12</blocTexte>
        <blocTab>0</blocTab>
        <blocPub>0</blocPub>
        <blocIll ocr="1">1</blocIll>
        <ills/>
      </page>
      <page hauteurPx="5103" largeurPx="3457" ordre="32">
        <nbMot>46</nbMot>
        <blocTexte>4</blocTexte>
        <blocTab>0</blocTab>
        <blocPub>0</blocPub>
        <blocIll ocr="1">1</blocIll>
        <ills/>
      </page>
      <page hauteurPx="5077" largeurPx="3641" ordre="33">
        <nbMot>46</nbMot>
        <blocTexte>5</blocTexte>
        <blocTab>0</blocTab>
        <blocPub>0</blocPub>
        <blocIll ocr="1">1</blocIll>
        <ills/>
      </page>
      <page hauteurPx="5091" largeurPx="3439" ordre="34">
        <nbMot>419</nbMot>
        <blocTexte>11</blocTexte>
        <blocTab>0</blocTab>
        <blocPub>0</blocPub>
        <blocIll ocr="1">1</blocIll>
        <ills/>
      </page>
      <page hauteurPx="5089" largeurPx="3657" ordre="35">
        <nbMot>71</nbMot>
        <blocTexte>6</blocTexte>
        <blocTab>0</blocTab>
        <blocPub>0</blocPub>
        <blocIll ocr="1">1</blocIll>
        <ills/>
      </page>
      <page hauteurPx="5081" largeurPx="3425" ordre="36">
        <nbMot>169</nbMot>
        <blocTexte>7</blocTexte>
        <blocTab>0</blocTab>
        <blocPub>0</blocPub>
        <blocIll ocr="2">2</blocIll>
        <ills/>
      </page>
      <page hauteurPx="5077" largeurPx="3641" ordre="37">
        <nbMot>166</nbMot>
        <blocTexte>7</blocTexte>
        <blocTab>0</blocTab>
        <blocPub>0</blocPub>
        <blocIll ocr="1">1</blocIll>
        <ills/>
      </page>
      <page hauteurPx="5159" largeurPx="3541" ordre="38">
        <nbMot>44</nbMot>
        <blocTexte>6</blocTexte>
        <blocTab>0</blocTab>
        <blocPub>0</blocPub>
        <blocIll ocr="1">1</blocIll>
        <ills/>
      </page>
      <page hauteurPx="5077" largeurPx="3641" ordre="39">
        <nbMot>76</nbMot>
        <blocTexte>8</blocTexte>
        <blocTab>0</blocTab>
        <blocPub>0</blocPub>
        <blocIll ocr="1">1</blocIll>
        <ills/>
      </page>
      <page hauteurPx="5081" largeurPx="3425" ordre="40">
        <nbMot>44</nbMot>
        <blocTexte>6</blocTexte>
        <blocTab>0</blocTab>
        <blocPub>0</blocPub>
        <blocIll ocr="1">1</blocIll>
        <ills/>
      </page>
      <page hauteurPx="5077" largeurPx="3641" ordre="41">
        <nbMot>469</nbMot>
        <blocTexte>9</blocTexte>
        <blocTab>0</blocTab>
        <blocPub>0</blocPub>
        <blocIll ocr="1">1</blocIll>
        <ills/>
      </page>
      <page hauteurPx="5151" largeurPx="3529" ordre="42">
        <nbMot>481</nbMot>
        <blocTexte>12</blocTexte>
        <blocTab>0</blocTab>
        <blocPub>0</blocPub>
        <blocIll ocr="1">1</blocIll>
        <ills/>
      </page>
      <page hauteurPx="5077" largeurPx="3641" ordre="43">
        <nbMot>47</nbMot>
        <blocTexte>5</blocTexte>
        <blocTab>0</blocTab>
        <blocPub>0</blocPub>
        <blocIll ocr="1">1</blocIll>
        <ills/>
      </page>
      <page hauteurPx="5095" largeurPx="3445" ordre="44">
        <nbMot>119</nbMot>
        <blocTexte>7</blocTexte>
        <blocTab>0</blocTab>
        <blocPub>0</blocPub>
        <blocIll ocr="1">1</blocIll>
        <ills/>
      </page>
      <page hauteurPx="5091" largeurPx="3659" ordre="45">
        <nbMot>109</nbMot>
        <blocTexte>8</blocTexte>
        <blocTab>0</blocTab>
        <blocPub>0</blocPub>
        <blocIll ocr="1">1</blocIll>
        <ills/>
      </page>
      <page hauteurPx="5093" largeurPx="3443" ordre="46">
        <nbMot>218</nbMot>
        <blocTexte>4</blocTexte>
        <blocTab>0</blocTab>
        <blocPub>0</blocPub>
        <blocIll ocr="1">1</blocIll>
        <ills/>
      </page>
      <page hauteurPx="5077" largeurPx="3641" ordre="47">
        <nbMot>196</nbMot>
        <blocTexte>4</blocTexte>
        <blocTab>0</blocTab>
        <blocPub>0</blocPub>
        <blocIll ocr="1">1</blocIll>
        <ills/>
      </page>
      <page hauteurPx="5081" largeurPx="3425" ordre="48">
        <nbMot>37</nbMot>
        <blocTexte>6</blocTexte>
        <blocTab>0</blocTab>
        <blocPub>0</blocPub>
        <blocIll ocr="1">1</blocIll>
        <ills/>
      </page>
      <page hauteurPx="5125" largeurPx="3707" ordre="49">
        <nbMot>69</nbMot>
        <blocTexte>4</blocTexte>
        <blocTab>0</blocTab>
        <blocPub>0</blocPub>
        <blocIll ocr="1">1</blocIll>
        <ills/>
      </page>
      <page hauteurPx="5081" largeurPx="3425" ordre="50">
        <nbMot>32</nbMot>
        <blocTexte>4</blocTexte>
        <blocTab>0</blocTab>
        <blocPub>0</blocPub>
        <blocIll ocr="1">1</blocIll>
        <ills/>
      </page>
      <page hauteurPx="5117" largeurPx="3697" ordre="51">
        <nbMot>105</nbMot>
        <blocTexte>6</blocTexte>
        <blocTab>0</blocTab>
        <blocPub>0</blocPub>
        <blocIll ocr="1">1</blocIll>
        <ills/>
      </page>
      <page hauteurPx="5081" largeurPx="3425" ordre="52">
        <nbMot>42</nbMot>
        <blocTexte>7</blocTexte>
        <blocTab>0</blocTab>
        <blocPub>0</blocPub>
        <blocIll ocr="1">1</blocIll>
        <ills/>
      </page>
      <page hauteurPx="5105" largeurPx="3681" ordre="53">
        <nbMot>922</nbMot>
        <blocTexte>12</blocTexte>
        <blocTab>0</blocTab>
        <blocPub>0</blocPub>
        <blocIll ocr="0">0</blocIll>
      </page>
      <page hauteurPx="5081" largeurPx="3425" ordre="54">
        <nbMot>178</nbMot>
        <blocTexte>4</blocTexte>
        <blocTab>0</blocTab>
        <blocPub>0</blocPub>
        <blocIll ocr="1">1</blocIll>
        <ills/>
      </page>
      <page hauteurPx="5103" largeurPx="3675" ordre="55">
        <nbMot>122</nbMot>
        <blocTexte>5</blocTexte>
        <blocTab>0</blocTab>
        <blocPub>0</blocPub>
        <blocIll ocr="1">1</blocIll>
        <ills/>
      </page>
      <page hauteurPx="5081" largeurPx="3425" ordre="56">
        <nbMot>78</nbMot>
        <blocTexte>5</blocTexte>
        <blocTab>0</blocTab>
        <blocPub>0</blocPub>
        <blocIll ocr="1">1</blocIll>
        <ills/>
      </page>
      <page hauteurPx="5115" largeurPx="3693" ordre="57">
        <nbMot>280</nbMot>
        <blocTexte>11</blocTexte>
        <blocTab>0</blocTab>
        <blocPub>0</blocPub>
        <blocIll ocr="1">1</blocIll>
        <ills/>
      </page>
      <page hauteurPx="5117" largeurPx="3477" ordre="58">
        <nbMot>51</nbMot>
        <blocTexte>5</blocTexte>
        <blocTab>0</blocTab>
        <blocPub>0</blocPub>
        <blocIll ocr="1">1</blocIll>
        <ills/>
      </page>
      <page hauteurPx="5107" largeurPx="3683" ordre="59">
        <nbMot>102</nbMot>
        <blocTexte>8</blocTexte>
        <blocTab>0</blocTab>
        <blocPub>0</blocPub>
        <blocIll ocr="1">1</blocIll>
        <ills/>
      </page>
      <page hauteurPx="5081" largeurPx="3425" ordre="60">
        <nbMot>126</nbMot>
        <blocTexte>7</blocTexte>
        <blocTab>0</blocTab>
        <blocPub>0</blocPub>
        <blocIll ocr="1">1</blocIll>
        <ills/>
      </page>
      <page hauteurPx="5107" largeurPx="3683" ordre="61">
        <nbMot>100</nbMot>
        <blocTexte>10</blocTexte>
        <blocTab>0</blocTab>
        <blocPub>0</blocPub>
        <blocIll ocr="1">1</blocIll>
        <ills/>
      </page>
      <page hauteurPx="5095" largeurPx="3447" ordre="62">
        <nbMot>263</nbMot>
        <blocTexte>15</blocTexte>
        <blocTab>0</blocTab>
        <blocPub>0</blocPub>
        <blocIll ocr="1">1</blocIll>
        <ills/>
      </page>
      <page hauteurPx="5077" largeurPx="3641" ordre="63">
        <nbMot>279</nbMot>
        <blocTexte>14</blocTexte>
        <blocTab>0</blocTab>
        <blocPub>0</blocPub>
        <blocIll ocr="1">1</blocIll>
        <ills/>
      </page>
      <page hauteurPx="5095" largeurPx="3445" ordre="64">
        <nbMot>254</nbMot>
        <blocTexte>16</blocTexte>
        <blocTab>0</blocTab>
        <blocPub>0</blocPub>
        <blocIll ocr="1">1</blocIll>
        <ills/>
      </page>
      <page hauteurPx="5089" largeurPx="3657" ordre="65">
        <nbMot>36</nbMot>
        <blocTexte>4</blocTexte>
        <blocTab>0</blocTab>
        <blocPub>0</blocPub>
        <blocIll ocr="1">1</blocIll>
        <ills>
          <ill classif="CCyolo CCibm" couleur="gris" edit="1" h="4577" n="65-1" pub="1" taille="7" w="3298" x="132" y="283">
            <contenuImg CS="0.958" lang="fr" source="ibm">salle d'étude</contenuImg>
            <contenuImg CS="0.5" lang="fr" source="ibm">salle blanche</contenuImg>
            <contenuImg CS="0.5" lang="fr" source="ibm">pièce</contenuImg>
            <contenuImg CS="0.908" coul="1" lang="fr" source="ibm">gris</contenuImg>
            <contenuImg CS="0.625" coul="1" lang="fr" source="ibm">gris cendré</contenuImg>
            <contenuImg CS="0.625" coul="1" lang="en" source="ibm">ash grey color</contenuImg>
            <contenuImg CS="0.908" coul="1" lang="en" source="ibm">gray color</contenuImg>
            <contenuImg CS="0.5" lang="en" source="ibm">room</contenuImg>
            <contenuImg CS="0.5" lang="en" source="ibm">clean room</contenuImg>
            <contenuImg CS="0.958" lang="en" source="ibm">study</contenuImg>
            <contenuImg CS="0.27" h="1040" lang="fr" source="yolo" w="773" x="1250" y="1660">personne</contenuImg>
            <contenuImg CS="0.27" h="1040" lang="en" source="yolo" w="773" x="1250" y="1660">person</contenuImg>
            <contenuImg CS="0.40" h="1100" lang="en" source="yolo" w="640" x="2593" y="2783">person</contenuImg>
            <contenuImg CS="0.45" h="1506" lang="en" source="yolo" w="816" x="1336" y="2550">person</contenuImg>
            <contenuImg CS="0.46" h="1123" lang="en" source="yolo" w="610" x="843" y="1706">person</contenuImg>
            <contenuImg CS="0.52" h="966" lang="en" source="yolo" w="566" x="2700" y="1880">person</contenuImg>
            <contenuImg CS="0.65" h="1173" lang="en" source="yolo" w="323" x="1936" y="1350">person</contenuImg>
            <fonction source="final">repro/dessin</fonction>
            <tech source="final">imp photoméca</tech>
            <fonction CS="0.33" source="TensorFlow">repro/dessin</fonction>
            <tech CS="1" source="md">imp photoméca</tech>
            <leg>RÉALISATION Où nous reverrons-nous à Paris ? — Au Ritz ! Sur la terrasse du grill, c est l endroit rêvé pour déjeuner et profiter des derniers beaux jours. AU RITZ le grill, rue cambon</leg>
            <txt>OCTOBRE 1932 65 OCTOBRE 1932 65</txt>
            <genre source="hm" time="2020-11-01T16:14:14.643+01:00">publicité</genre>
            <genre source="final">publicité</genre>
          </ill>
        </ills>
      </page>
      <page hauteurPx="5147" largeurPx="3525" ordre="66">
        <nbMot>281</nbMot>
        <blocTexte>14</blocTexte>
        <blocTab>0</blocTab>
        <blocPub>0</blocPub>
        <blocIll ocr="1">1</blocIll>
        <ills/>
      </page>
      <page hauteurPx="5125" largeurPx="3709" ordre="67">
        <nbMot>478</nbMot>
        <blocTexte>11</blocTexte>
        <blocTab>0</blocTab>
        <blocPub>10</blocPub>
        <blocIll ocr="0">0</blocIll>
      </page>
      <page hauteurPx="5081" largeurPx="3425" ordre="68">
        <nbMot>59</nbMot>
        <blocTexte>9</blocTexte>
        <blocTab>0</blocTab>
        <blocPub>8</blocPub>
        <blocIll ocr="2">2</blocIll>
        <ills>
          <ill classif="CCyolo CCibm" couleur="gris" edit="1" h="1039" n="68-1" pub="1" taille="0" w="1058" x="1347" y="358">
            <contenuImg CS="0.756" lang="fr" source="ibm">abri antiatomique</contenuImg>
            <contenuImg CS="0.757" lang="fr" source="ibm">abri</contenuImg>
            <contenuImg CS="0.55" lang="fr" source="ibm">bouclier</contenuImg>
            <contenuImg CS="0.55" lang="fr" source="ibm">revêtement de protection</contenuImg>
            <contenuImg CS="0.5" lang="fr" source="ibm">plan horizontal (avion)</contenuImg>
            <contenuImg CS="0.504" lang="fr" source="ibm">aérofoil (avion)</contenuImg>
            <contenuImg CS="0.599" lang="fr" source="ibm">silhouette</contenuImg>
            <contenuImg CS="0.592" lang="fr" source="ibm">embarcation</contenuImg>
            <contenuImg CS="0.862" coul="1" lang="fr" source="ibm">gris</contenuImg>
            <contenuImg CS="0.765" coul="1" lang="fr" source="ibm">noir</contenuImg>
            <contenuImg CS="0.765" coul="1" lang="en" source="ibm">black color</contenuImg>
            <contenuImg CS="0.862" coul="1" lang="en" source="ibm">gray color</contenuImg>
            <contenuImg CS="0.592" lang="en" source="ibm">watercraft</contenuImg>
            <contenuImg CS="0.599" lang="en" source="ibm">figure</contenuImg>
            <contenuImg CS="0.504" lang="en" source="ibm">aerofoil (aeroplane)</contenuImg>
            <contenuImg CS="0.5" lang="en" source="ibm">horizontal tail</contenuImg>
            <contenuImg CS="0.55" lang="en" source="ibm">protective covering</contenuImg>
            <contenuImg CS="0.55" lang="en" source="ibm">shield</contenuImg>
            <contenuImg CS="0.757" lang="en" source="ibm">shelter</contenuImg>
            <contenuImg CS="0.756" lang="en" source="ibm">fallout shelter</contenuImg>
            <contenuImg CS="0.59" h="913" lang="fr" source="yolo" w="970" x="43" y="113">montre</contenuImg>
            <contenuImg CS="0.59" h="913" lang="en" source="yolo" w="970" x="43" y="113">clock</contenuImg>
            <fonction source="final">repro/dessin</fonction>
            <tech source="final">imp photoméca</tech>
            <fonction CS="0.91" source="TensorFlow">repro/dessin</fonction>
            <tech CS="1" source="md">imp photoméca</tech>
            <leg>FOURRURES LOUISEBOULANGER CHAMPS-ELYSÉES 3 RUE DE BERRI TELËL.26-05 26-04: ET A CANNES SUR LA CROISETTE Studio G. L. Manuel frères 1. s. germaine page 2 8 1, rue saint-honoré</leg>
            <txt>MANTEAUX ROBES</txt>
            <genre source="hm" time="2020-11-01T16:14:02.354+01:00">publicité</genre>
            <genre source="final">publicité</genre>
          </ill>
          <ill classif="CCyolo CCibm" couleur="gris" h="1889" n="68-2" pub="1" taille="1" w="1606" x="169" y="2606">
            <contenuImg CS="0.513" lang="fr" source="ibm">robe à clapet</contenuImg>
            <contenuImg CS="0.692" lang="fr" source="ibm">chapeau</contenuImg>
            <contenuImg CS="0.692" lang="fr" source="ibm">coiffure</contenuImg>
            <contenuImg CS="0.823" lang="fr" source="ibm">personne</contenuImg>
            <contenuImg CS="0.509" lang="fr" source="ibm">chapeau cavalier</contenuImg>
            <contenuImg CS="0.5" lang="fr" source="ibm">infirmière</contenuImg>
            <contenuImg CS="0.811" coul="1" lang="fr" source="ibm">gris</contenuImg>
            <contenuImg CS="0.763" coul="1" lang="fr" source="ibm">gris cendré</contenuImg>
            <contenuImg CS="0.763" coul="1" lang="en" source="ibm">ash grey color</contenuImg>
            <contenuImg CS="0.811" coul="1" lang="en" source="ibm">gray color</contenuImg>
            <contenuImg CS="0.5" lang="en" source="ibm">nurse</contenuImg>
            <contenuImg CS="0.509" lang="en" source="ibm">cavalier hat</contenuImg>
            <contenuImg CS="0.823" lang="en" source="ibm">person</contenuImg>
            <contenuImg CS="0.513" lang="en" source="ibm">person in flapper dress</contenuImg>
            <contenuImg CS="0.692" lang="en" source="ibm">headdress</contenuImg>
            <contenuImg CS="0.692" lang="en" source="ibm">hat</contenuImg>
            <contenuImg CS="0.96" h="1676" lang="fr" source="yolo" w="1490" x="46" y="123">personne</contenuImg>
            <contenuImg CS="0.96" h="1676" lang="en" source="yolo" w="1490" x="46" y="123">person</contenuImg>
            <genre source="final">publicité</genre>
            <genre source="md">publicité</genre>
            <fonction source="final">repro/photo</fonction>
            <tech source="final">imp photoméca</tech>
            <fonction CS="0.84" source="TensorFlow">repro/photo</fonction>
            <tech CS="1" source="md">imp photoméca</tech>
            <leg>Studio G. L. Manuel frères 1. s. germaine page 2 8 1, rue saint-honoré</leg>
            <txt>ET A CANNES SUR LA CROISETTE LOUISEBOULANGER CHAMPS-ELYSÉES 3 RUE DE BERRI TELËL.26-05 26-04:</txt>
          </ill>
        </ills>
      </page>
      <page hauteurPx="5115" largeurPx="3693" ordre="69">
        <nbMot>146</nbMot>
        <blocTexte>3</blocTexte>
        <blocTab>0</blocTab>
        <blocPub>2</blocPub>
        <blocIll ocr="0">0</blocIll>
      </page>
      <page hauteurPx="5115" largeurPx="3473" ordre="70">
        <nbMot>71</nbMot>
        <blocTexte>6</blocTexte>
        <blocTab>0</blocTab>
        <blocPub>1</blocPub>
        <blocIll ocr="3">3</blocIll>
        <ills>
          <ill classif="CCyolo CCibm" couleur="gris" edit="1" h="3910" n="70-1" pub="1" taille="3" w="1724" x="215" y="304">
            <contenuImg CS="0.6" lang="fr" source="ibm">personne</contenuImg>
            <contenuImg CS="0.556" lang="fr" source="ibm">vêtements gris</contenuImg>
            <contenuImg CS="0.546" lang="fr" source="ibm">stylo et encre</contenuImg>
            <contenuImg CS="0.524" lang="fr" source="ibm">pôle</contenuImg>
            <contenuImg CS="0.524" lang="fr" source="ibm">barre</contenuImg>
            <contenuImg CS="0.5" lang="fr" source="ibm">porte-manteau</contenuImg>
            <contenuImg CS="0.5" lang="fr" source="ibm">grille</contenuImg>
            <contenuImg CS="0.5" lang="fr" source="ibm">cadre</contenuImg>
            <contenuImg CS="0.5" lang="fr" source="ibm">structure porteuse</contenuImg>
            <contenuImg CS="0.601" lang="fr" source="ibm">vêtements</contenuImg>
            <contenuImg CS="0.978" coul="1" lang="fr" source="ibm">gris</contenuImg>
            <contenuImg CS="0.711" coul="1" lang="fr" source="ibm">charbon (couleur)</contenuImg>
            <contenuImg CS="0.711" coul="1" lang="en" source="ibm">charcoal color</contenuImg>
            <contenuImg CS="0.978" coul="1" lang="en" source="ibm">gray color</contenuImg>
            <contenuImg CS="0.601" lang="en" source="ibm">clothing</contenuImg>
            <contenuImg CS="0.5" lang="en" source="ibm">supporting structure</contenuImg>
            <contenuImg CS="0.5" lang="en" source="ibm">framework</contenuImg>
            <contenuImg CS="0.5" lang="en" source="ibm">rack</contenuImg>
            <contenuImg CS="0.5" lang="en" source="ibm">coat rack</contenuImg>
            <contenuImg CS="0.524" lang="en" source="ibm">rod</contenuImg>
            <contenuImg CS="0.524" lang="en" source="ibm">pole</contenuImg>
            <contenuImg CS="0.524" lang="en" source="ibm">coat tree</contenuImg>
            <contenuImg CS="0.546" lang="en" source="ibm">pen-and-ink</contenuImg>
            <contenuImg CS="0.556" lang="en" source="ibm">grey clothing</contenuImg>
            <contenuImg CS="0.6" lang="en" source="ibm">person</contenuImg>
            <contenuImg CS="0.65" h="293" lang="fr" source="yolo" w="170" x="870" y="496">cravate</contenuImg>
            <contenuImg CS="0.45" h="3690" lang="fr" source="yolo" w="1056" x="616" y="103">personne</contenuImg>
            <contenuImg CS="0.45" h="3690" lang="en" source="yolo" w="1056" x="616" y="103">person</contenuImg>
            <contenuImg CS="0.65" h="293" lang="en" source="yolo" w="170" x="870" y="496">tie</contenuImg>
            <fonction source="final">repro/dessin</fonction>
            <tech source="final">imp photoméca</tech>
            <fonction CS="0.94" source="TensorFlow">repro/dessin</fonction>
            <tech CS="1" source="md">imp photoméca</tech>
            <leg>Heiiiry tireed èC° , 7 rue royale f P A R. I S Si à ANJOU 25-561</leg>
            <txt>70 v 0 G u 70 v 0 G u</txt>
            <genre source="hm" time="2020-11-01T16:14:04.795+01:00">publicité</genre>
            <genre source="final">publicité</genre>
          </ill>
          <ill classif="CCyolo CCibm" couleur="gris" edit="1" h="1705" n="70-2" pub="1" taille="1" w="1448" x="1977" y="557">
            <contenuImg CS="0.689" lang="fr" source="ibm">voûte</contenuImg>
            <contenuImg CS="0.689" lang="fr" source="ibm">pièce</contenuImg>
            <contenuImg CS="0.508" lang="fr" source="ibm">cimetière</contenuImg>
            <contenuImg CS="0.5" lang="fr" source="ibm">musée (intérieur)</contenuImg>
            <contenuImg CS="0.965" coul="1" lang="fr" source="ibm">gris</contenuImg>
            <contenuImg CS="0.965" coul="1" lang="en" source="ibm">gray color</contenuImg>
            <contenuImg CS="0.5" lang="en" source="ibm">Museum (Indoor)</contenuImg>
            <contenuImg CS="0.508" lang="en" source="ibm">cemetery</contenuImg>
            <contenuImg CS="0.689" lang="en" source="ibm">room</contenuImg>
            <contenuImg CS="0.689" lang="en" source="ibm">vault</contenuImg>
            <contenuImg CS="0.33" h="230" lang="fr" source="yolo" w="196" x="1110" y="390">verre à vin</contenuImg>
            <contenuImg CS="0.29" h="183" lang="fr" source="yolo" w="186" x="320" y="403">tasse</contenuImg>
            <contenuImg CS="0.29" h="183" lang="en" source="yolo" w="186" x="320" y="403">cup</contenuImg>
            <contenuImg CS="0.33" h="230" lang="en" source="yolo" w="196" x="1110" y="390">wine glass</contenuImg>
            <fonction source="final">repro/photo</fonction>
            <tech source="final">imp photoméca</tech>
            <fonction CS="0.82" source="TensorFlow">repro/photo</fonction>
            <tech CS="1" source="md">imp photoméca</tech>
            <leg>Bagués réalise pour Madame Goudard une sorte de cotte de mailles décorée d après les dessins de Iacovleff et Schoukhaieff</leg>
            <txt>DES RADIATEURS HABILEMENT DISSIMULÉS SUITE DE LA PAGE 66 Heiiiry tireed èC° , 7 rue royale f P A R. I S Si à ANJOU 25-561</txt>
            <genre source="hm" time="2020-11-01T16:14:07.951+01:00">publicité</genre>
            <genre source="final">publicité</genre>
          </ill>
        </ills>
      </page>
      <page hauteurPx="5107" largeurPx="3683" ordre="71">
        <nbMot>59</nbMot>
        <blocTexte>4</blocTexte>
        <blocTab>0</blocTab>
        <blocPub>3</blocPub>
        <blocIll ocr="1">1</blocIll>
        <ills>
          <ill classif="CCyolo CCibm" couleur="gris" h="2557" n="71-1" pub="1" taille="3" w="2607" x="468" y="335">
            <contenuImg CS="0.543" lang="fr" source="ibm">lame</contenuImg>
            <contenuImg CS="0.811" lang="fr" source="ibm">outil</contenuImg>
            <contenuImg CS="0.527" lang="fr" source="ibm">couteau de poche</contenuImg>
            <contenuImg CS="0.704" lang="fr" source="ibm">couteau</contenuImg>
            <contenuImg CS="0.719" lang="fr" source="ibm">coutellerie</contenuImg>
            <contenuImg CS="0.522" lang="fr" source="ibm">backgammon</contenuImg>
            <contenuImg CS="0.515" lang="fr" source="ibm">couteau de table</contenuImg>
            <contenuImg CS="0.8" lang="fr" source="ibm">arme</contenuImg>
            <contenuImg CS="0.772" coul="1" lang="fr" source="ibm">noir charbon</contenuImg>
            <contenuImg CS="0.515" coul="1" lang="fr" source="ibm">ivoire (couleur)</contenuImg>
            <contenuImg CS="0.515" coul="1" lang="en" source="ibm">ivory color</contenuImg>
            <contenuImg CS="0.772" coul="1" lang="en" source="ibm">coal black color</contenuImg>
            <contenuImg CS="0.8" lang="en" source="ibm">weapon</contenuImg>
            <contenuImg CS="0.515" lang="en" source="ibm">table knife</contenuImg>
            <contenuImg CS="0.5" lang="en" source="ibm">case knife</contenuImg>
            <contenuImg CS="0.522" lang="en" source="ibm">backgammon board</contenuImg>
            <contenuImg CS="0.719" lang="en" source="ibm">cutlery</contenuImg>
            <contenuImg CS="0.704" lang="en" source="ibm">knife</contenuImg>
            <contenuImg CS="0.527" lang="en" source="ibm">pocketknife</contenuImg>
            <contenuImg CS="0.811" lang="en" source="ibm">tool</contenuImg>
            <contenuImg CS="0.543" lang="en" source="ibm">blade</contenuImg>
            <contenuImg CS="0.52" h="2483" lang="fr" source="yolo" w="2520" x="23" y="40">montre</contenuImg>
            <contenuImg CS="0.52" h="2483" lang="en" source="yolo" w="2520" x="23" y="40">clock</contenuImg>
            <genre source="final">publicité</genre>
            <genre source="md">publicité</genre>
            <fonction source="final">repro/dessin</fonction>
            <tech source="final">imp photoméca</tech>
            <fonction CS="0.50" source="TensorFlow">repro/dessin</fonction>
            <tech CS="1" source="md">imp photoméca</tech>
            <leg>MICOLET u \i M ~s~~s~ )~ t~ M PARIS L I L L E 18 ftUE DUPHOT BIARRITZ 33 BOULD CARNOT 206RUE DE RIVOLI 7 RUE MAZAGRAN 56 FAUBCiSTHONOftE BERLIN VIENNE 2 UNTER DEN LINDEN K A R L S BAD l GR ABE N 8 ALTE WIESE</leg>
            <txt>OCTOBRE 1932 71 OCTOBRE 1932 71</txt>
          </ill>
        </ills>
      </page>
      <page hauteurPx="5081" largeurPx="3425" ordre="72">
        <nbMot>89</nbMot>
        <blocTexte>5</blocTexte>
        <blocTab>0</blocTab>
        <blocPub>4</blocPub>
        <blocIll ocr="3">3</blocIll>
        <ills>
          <ill classif="CCyolo CCibm" couleur="gris" edit="1" h="2317" n="72-2" pub="1" taille="1" w="1648" x="184" y="2587">
            <contenuImg CS="0.734" lang="fr" source="ibm">banquise</contenuImg>
            <contenuImg CS="0.734" lang="fr" source="ibm">masse de glace</contenuImg>
            <contenuImg CS="0.734" lang="fr" source="ibm">nature</contenuImg>
            <contenuImg CS="0.572" lang="fr" source="ibm">négatif</contenuImg>
            <contenuImg CS="0.572" lang="fr" source="ibm">film photographique</contenuImg>
            <contenuImg CS="0.572" lang="fr" source="ibm">matériel photographique</contenuImg>
            <contenuImg CS="0.5" lang="fr" source="ibm">pointe d'argent</contenuImg>
            <contenuImg CS="0.598" lang="fr" source="ibm">radiogramme</contenuImg>
            <contenuImg CS="0.6" lang="fr" source="ibm">pièce</contenuImg>
            <contenuImg CS="0.979" coul="1" lang="fr" source="ibm">noir</contenuImg>
            <contenuImg CS="0.979" coul="1" lang="en" source="ibm">black color</contenuImg>
            <contenuImg CS="0.6" lang="en" source="ibm">room</contenuImg>
            <contenuImg CS="0.598" lang="en" source="ibm">radiogram</contenuImg>
            <contenuImg CS="0.5" lang="en" source="ibm">silverpoint</contenuImg>
            <contenuImg CS="0.572" lang="en" source="ibm">photographic equipment</contenuImg>
            <contenuImg CS="0.572" lang="en" source="ibm">photographic film</contenuImg>
            <contenuImg CS="0.572" lang="en" source="ibm">negative</contenuImg>
            <contenuImg CS="0.734" lang="en" source="ibm">nature</contenuImg>
            <contenuImg CS="0.734" lang="en" source="ibm">ice mass</contenuImg>
            <contenuImg CS="0.734" lang="en" source="ibm">ice floe</contenuImg>
            <contenuImg CS="0.36" h="850" lang="fr" source="yolo" w="923" x="476" y="863">chien</contenuImg>
            <contenuImg CS="0.36" h="850" lang="en" source="yolo" w="923" x="476" y="863">dog</contenuImg>
            <fonction source="final">repro/dessin</fonction>
            <tech source="final">imp photoméca</tech>
            <fonction CS="0.44" source="TensorFlow">repro/dessin</fonction>
            <tech CS="1" source="md">imp photoméca</tech>
            <leg>GKÊCO, 4, RUE DES CAPUCINES, 4 I ANGLE de la RUE de la PAIX j PARIS M Soulier en antilope noire quartier chevreau noir mat transparent de lézard marron, tout le soulier et les garnitures soulignés d un 1 liseré de chevreau beige. 1 ; NICE CANNES DEAUVILLE BIARRITZ  NICE CANNES DEAUVILLE douarJ VII 1, rue de Rivoli 9, Boulevard 4, rue Gontaut-Biron Avenue Hôtel Negresco de la Croisette Casino i J</leg>
            <txt>46, AVENUE MONTAIGNE — PARIS YVO N N E CARETTE</txt>
            <genre source="hm" time="2020-11-01T16:14:10.677+01:00">publicité</genre>
            <genre source="final">publicité</genre>
          </ill>
          <ill classif="CCyolo CCibm" couleur="gris" h="1101" n="72-3" pub="1" taille="0" w="1039" x="2134" y="2682">
            <contenuImg CS="0.695" lang="fr" source="ibm">hache de guerre</contenuImg>
            <contenuImg CS="0.71" lang="fr" source="ibm">hache</contenuImg>
            <contenuImg CS="0.71" lang="fr" source="ibm">coutellerie</contenuImg>
            <contenuImg CS="0.71" lang="fr" source="ibm">outil</contenuImg>
            <contenuImg CS="0.611" lang="fr" source="ibm">lame</contenuImg>
            <contenuImg CS="0.611" lang="fr" source="ibm">mécanisme rotatif</contenuImg>
            <contenuImg CS="0.5" lang="fr" source="ibm">tête de hache</contenuImg>
            <contenuImg CS="0.5" lang="fr" source="ibm">plan incliné</contenuImg>
            <contenuImg CS="0.5" lang="fr" source="ibm">machine</contenuImg>
            <contenuImg CS="0.5" lang="fr" source="ibm">dispositif mécanique</contenuImg>
            <contenuImg CS="0.6" lang="fr" source="ibm">arme</contenuImg>
            <contenuImg CS="0.598" lang="fr" source="ibm">mécanisme</contenuImg>
            <contenuImg CS="0.588" lang="fr" source="ibm">revêtement de protection</contenuImg>
            <contenuImg CS="0.938" coul="1" lang="fr" source="ibm">noir</contenuImg>
            <contenuImg CS="0.911" coul="1" lang="fr" source="ibm">noir charbon</contenuImg>
            <contenuImg CS="0.911" coul="1" lang="en" source="ibm">coal black color</contenuImg>
            <contenuImg CS="0.938" coul="1" lang="en" source="ibm">black color</contenuImg>
            <contenuImg CS="0.588" lang="en" source="ibm">protective covering</contenuImg>
            <contenuImg CS="0.598" lang="en" source="ibm">mechanism</contenuImg>
            <contenuImg CS="0.6" lang="en" source="ibm">weapon</contenuImg>
            <contenuImg CS="0.5" lang="en" source="ibm">mechanical device</contenuImg>
            <contenuImg CS="0.5" lang="en" source="ibm">machine</contenuImg>
            <contenuImg CS="0.5" lang="en" source="ibm">inclined plane</contenuImg>
            <contenuImg CS="0.5" lang="en" source="ibm">ax head</contenuImg>
            <contenuImg CS="0.611" lang="en" source="ibm">rotating mechanism</contenuImg>
            <contenuImg CS="0.611" lang="en" source="ibm">blade</contenuImg>
            <contenuImg CS="0.71" lang="en" source="ibm">tool</contenuImg>
            <contenuImg CS="0.71" lang="en" source="ibm">cutlery</contenuImg>
            <contenuImg CS="0.71" lang="en" source="ibm">ax</contenuImg>
            <contenuImg CS="0.695" lang="en" source="ibm">battle-ax</contenuImg>
            <contenuImg CS="0.62" h="643" lang="fr" source="yolo" w="313" x="366" y="23">personne</contenuImg>
            <contenuImg CS="0.62" h="643" lang="en" source="yolo" w="313" x="366" y="23">person</contenuImg>
            <genre source="final">publicité</genre>
            <genre source="md">publicité</genre>
            <fonction source="final">repro/dessin</fonction>
            <tech source="final">imp photoméca</tech>
            <fonction CS="0.90" source="TensorFlow">repro/dessin</fonction>
            <tech CS="1" source="md">imp photoméca</tech>
            <leg>GKÊCO, 4, RUE DES CAPUCINES, 4 I ANGLE de la RUE de la PAIX j PARIS M Soulier en antilope noire quartier chevreau noir mat transparent de lézard marron, tout le soulier et les garnitures soulignés d un 1 liseré de chevreau beige. 1 ; NICE CANNES DEAUVILLE BIARRITZ  NICE CANNES DEAUVILLE douarJ VII 1, rue de Rivoli 9, Boulevard 4, rue Gontaut-Biron Avenue Hôtel Negresco de la Croisette Casino i J</leg>
            <txt>46, AVENUE MONTAIGNE — PARIS YVO N N E CARETTE</txt>
          </ill>
        </ills>
      </page>
      <page hauteurPx="5077" largeurPx="3641" ordre="73">
        <nbMot>21</nbMot>
        <blocTexte>4</blocTexte>
        <blocTab>0</blocTab>
        <blocPub>3</blocPub>
        <blocIll ocr="0">0</blocIll>
      </page>
      <page hauteurPx="5081" largeurPx="3477" ordre="74">
        <nbMot>412</nbMot>
        <blocTexte>13</blocTexte>
        <blocTab>0</blocTab>
        <blocPub>4</blocPub>
        <blocIll ocr="3">3</blocIll>
        <ills>
          <ill classif="CCyolo CCibm" couleur="gris" edit="1" h="2110" n="74-1" pub="1" taille="1" w="1693" x="184" y="2549">
            <contenuImg CS="0.753" lang="fr" source="ibm">musée (intérieur)</contenuImg>
            <contenuImg CS="0.5" lang="fr" source="ibm">scène</contenuImg>
            <contenuImg CS="0.5" lang="fr" source="ibm">plate-forme</contenuImg>
            <contenuImg CS="0.592" lang="fr" source="ibm">bâtiment</contenuImg>
            <contenuImg CS="0.6" lang="fr" source="ibm">pièce</contenuImg>
            <contenuImg CS="0.962" coul="1" lang="fr" source="ibm">noir</contenuImg>
            <contenuImg CS="0.856" coul="1" lang="fr" source="ibm">noir charbon</contenuImg>
            <contenuImg CS="0.856" coul="1" lang="en" source="ibm">coal black color</contenuImg>
            <contenuImg CS="0.962" coul="1" lang="en" source="ibm">black color</contenuImg>
            <contenuImg CS="0.6" lang="en" source="ibm">room</contenuImg>
            <contenuImg CS="0.592" lang="en" source="ibm">building</contenuImg>
            <contenuImg CS="0.5" lang="en" source="ibm">platform</contenuImg>
            <contenuImg CS="0.5" lang="en" source="ibm">stage</contenuImg>
            <contenuImg CS="0.753" lang="en" source="ibm">Museum (Indoor)</contenuImg>
            <contenuImg CS="0.26" h="1213" lang="fr" source="yolo" w="326" x="343" y="890">personne</contenuImg>
            <contenuImg CS="0.26" h="1213" lang="en" source="yolo" w="326" x="343" y="890">person</contenuImg>
            <fonction source="final">repro/dessin</fonction>
            <tech source="final">imp photoméca</tech>
            <fonction CS="0.95" source="TensorFlow">repro/dessin</fonction>
            <tech CS="1" source="md">imp photoméca</tech>
            <leg>GANTERIE DES ARCADES 29. ARCADES DES CHAMPS-ÉLYSEES</leg>
            <txt>18, RUE ROYALE 18 3 RU E DU 29 J U 1 LLET A PARIS MANTEAUX FOURRURES</txt>
            <genre source="hm" time="2020-11-01T16:13:57.736+01:00">publicité</genre>
            <genre source="final">publicité</genre>
          </ill>
          <ill classif="CCibm" couleur="gris" h="1482" n="74-3" pub="1" taille="0" w="1222" x="2154" y="3387">
            <contenuImg CS="0.814" lang="fr" source="ibm">immeuble d'habitation</contenuImg>
            <contenuImg CS="0.961" lang="fr" source="ibm">bâtiment</contenuImg>
            <contenuImg CS="0.764" lang="fr" source="ibm">immeuble</contenuImg>
            <contenuImg CS="0.958" coul="1" lang="fr" source="ibm">gris</contenuImg>
            <contenuImg CS="0.877" coul="1" lang="fr" source="ibm">noir</contenuImg>
            <contenuImg CS="0.877" coul="1" lang="en" source="ibm">black color</contenuImg>
            <contenuImg CS="0.958" coul="1" lang="en" source="ibm">gray color</contenuImg>
            <contenuImg CS="0.764" lang="en" source="ibm">apartment building</contenuImg>
            <contenuImg CS="0.961" lang="en" source="ibm">building</contenuImg>
            <contenuImg CS="0.814" lang="en" source="ibm">tenement house</contenuImg>
            <genre source="final">publicité</genre>
            <genre source="md">publicité</genre>
            <fonction source="final">repro/photo</fonction>
            <tech source="final">imp photoméca</tech>
            <fonction CS="0.59" source="TensorFlow">repro/photo</fonction>
            <tech CS="1" source="md">imp photoméca</tech>
            <txt>que l amateur de T. S. F., de theë trophone, de disques, puisse Y sacr: fier à sa guise, selon ses préférenceAudacieuse entreprise, certes, u celle de M. Ch. de Beistegui, inron parablement servie par MM. Le Corbusier et Jeanneret, et qui nou  vaut un véritable jardin enchantr des murs blancs où se détache sftle foyer d une cheminée ; au-dessude vous, le rectangle bleu du Cil léger. N avons-nous pas atteint dan ce silence que trouble seul la b  qui chante, un véritable éden, ?</txt>
          </ill>
        </ills>
      </page>
      <page hauteurPx="5089" largeurPx="3657" ordre="75">
        <nbMot>90</nbMot>
        <blocTexte>4</blocTexte>
        <blocTab>0</blocTab>
        <blocPub>3</blocPub>
        <blocIll ocr="0">0</blocIll>
      </page>
      <page hauteurPx="5081" largeurPx="3477" ordre="76">
        <nbMot>277</nbMot>
        <blocTexte>12</blocTexte>
        <blocTab>0</blocTab>
        <blocPub>11</blocPub>
        <blocIll ocr="0">0</blocIll>
      </page>
      <page hauteurPx="5089" largeurPx="3657" ordre="77">
        <nbMot>84</nbMot>
        <blocTexte>4</blocTexte>
        <blocTab>0</blocTab>
        <blocPub>3</blocPub>
        <blocIll ocr="0">0</blocIll>
      </page>
      <page hauteurPx="5081" largeurPx="3477" ordre="78">
        <nbMot>1291</nbMot>
        <blocTexte>40</blocTexte>
        <blocTab>5</blocTab>
        <blocPub>3</blocPub>
        <blocIll ocr="1">1</blocIll>
        <ills>
          <ill classif="CCyolo CCibm" couleur="gris" h="2217" n="78-1" pub="1" taille="1" w="1638" x="289" y="207">
            <contenuImg CS="0.5" lang="fr" source="ibm">suffragette</contenuImg>
            <contenuImg CS="0.795" lang="fr" source="ibm">personne</contenuImg>
            <contenuImg CS="0.531" lang="fr" source="ibm">célébrité</contenuImg>
            <contenuImg CS="0.532" lang="fr" source="ibm">adulte</contenuImg>
            <contenuImg CS="0.942" coul="1" lang="fr" source="ibm">gris</contenuImg>
            <contenuImg CS="0.942" coul="1" lang="en" source="ibm">gray color</contenuImg>
            <contenuImg CS="0.5" lang="en" source="ibm">women's voting rights activist</contenuImg>
            <contenuImg CS="0.532" lang="en" source="ibm">adult</contenuImg>
            <contenuImg CS="0.531" lang="en" source="ibm">celebrity</contenuImg>
            <contenuImg CS="0.795" lang="en" source="ibm">person</contenuImg>
            <contenuImg CS="0.99" h="2086" lang="fr" source="yolo" w="1540" x="40" y="76">personne</contenuImg>
            <contenuImg CS="0.99" h="2086" lang="en" source="yolo" w="1540" x="40" y="76">person</contenuImg>
            <genre source="final">publicité</genre>
            <genre source="md">publicité</genre>
            <fonction source="final">repro/photo</fonction>
            <tech source="final">imp photoméca</tech>
            <fonction CS="0.84" source="TensorFlow">repro/photo</fonction>
            <tech CS="1" source="md">imp photoméca</tech>
            <leg>LES PLUS BEAUX CILS par le TINCIL KLYTIA N° 820 créé par le célèbre Jn4ii1td de fjBeiiulé 26,Œ £ ace 1/endàme gJ¡/úJ Teinture sans danger, persiste trois semaines.</leg>
            <txt>78 VOGU: 78 V 0 G u: 78 VOGU: 78 V 0 G u:</txt>
          </ill>
        </ills>
      </page>
      <page hauteurPx="5077" largeurPx="3641" ordre="79">
        <nbMot>359</nbMot>
        <blocTexte>16</blocTexte>
        <blocTab>0</blocTab>
        <blocPub>15</blocPub>
        <blocIll ocr="1">1</blocIll>
        <ills>
          <ill classif="CCyolo CCibm" couleur="gris" h="1026" n="79-1" pub="1" taille="0" w="1383" x="270" y="2566">
            <contenuImg CS="0.529" lang="fr" source="ibm">suffragette</contenuImg>
            <contenuImg CS="0.7" lang="fr" source="ibm">portrait photo</contenuImg>
            <contenuImg CS="0.608" lang="fr" source="ibm">personne</contenuImg>
            <contenuImg CS="0.5" lang="fr" source="ibm">moustache Walrus</contenuImg>
            <contenuImg CS="0.903" coul="1" lang="fr" source="ibm">gris cendré</contenuImg>
            <contenuImg CS="0.765" coul="1" lang="fr" source="ibm">gris</contenuImg>
            <contenuImg CS="0.765" coul="1" lang="en" source="ibm">gray color</contenuImg>
            <contenuImg CS="0.903" coul="1" lang="en" source="ibm">ash grey color</contenuImg>
            <contenuImg CS="0.5" lang="en" source="ibm">walrus mustache</contenuImg>
            <contenuImg CS="0.608" lang="en" source="ibm">person</contenuImg>
            <contenuImg CS="0.529" lang="en" source="ibm">women's voting rights activist</contenuImg>
            <contenuImg CS="0.7" lang="en" source="ibm">portrait picture</contenuImg>
            <contenuImg CS="0.93" h="1003" lang="fr" source="yolo" w="1310" x="43" y="23">personne</contenuImg>
            <contenuImg CS="0.93" h="1003" lang="en" source="yolo" w="1310" x="43" y="23">person</contenuImg>
            <genre source="final">publicité</genre>
            <genre source="md">publicité</genre>
            <fonction source="final">repro/dessin</fonction>
            <tech source="final">imp photoméca</tech>
            <fonction CS="0.73" source="TensorFlow">repro/dessin</fonction>
            <tech CS="1" source="md">imp photoméca</tech>
            <leg>Ne laissez pas le film enlaidir votre sourire Libérez vos dents du film pour qu elles retrouvent beauté et éclat Le Pepsodent est doublement effiprovenant des aliments, du tabac.</leg>
            <txt>àdécduper aux ee 63, Bd Magenta pour recevoir dgratuitement le catalogue n,1153 Etabl. LEVITAN, B 0 N Ii. découper et Ii.</txt>
          </ill>
        </ills>
      </page>
      <page hauteurPx="5081" largeurPx="3449" ordre="80">
        <nbMot>575</nbMot>
        <blocTexte>44</blocTexte>
        <blocTab>0</blocTab>
        <blocPub>43</blocPub>
        <blocIll ocr="1">1</blocIll>
        <ills>
          <ill classif="CCibm" couleur="gris" h="1121" n="80-1" pub="1" taille="0" w="1667" x="195" y="245">
            <contenuImg CS="0.776" lang="fr" source="ibm">faucille</contenuImg>
            <contenuImg CS="0.777" lang="fr" source="ibm">coutellerie</contenuImg>
            <contenuImg CS="0.777" lang="fr" source="ibm">outil</contenuImg>
            <contenuImg CS="0.5" lang="fr" source="ibm">harpe</contenuImg>
            <contenuImg CS="0.5" lang="fr" source="ibm">cordophone (instrument de musique)</contenuImg>
            <contenuImg CS="0.508" lang="fr" source="ibm">instrument à cordes</contenuImg>
            <contenuImg CS="0.51" lang="fr" source="ibm">instrument de musique</contenuImg>
            <contenuImg CS="0.598" lang="fr" source="ibm">arme</contenuImg>
            <contenuImg CS="0.893" coul="1" lang="fr" source="ibm">gris</contenuImg>
            <contenuImg CS="0.672" coul="1" lang="fr" source="ibm">sauge</contenuImg>
            <contenuImg CS="0.672" coul="1" lang="en" source="ibm">sage green color</contenuImg>
            <contenuImg CS="0.893" coul="1" lang="en" source="ibm">gray color</contenuImg>
            <contenuImg CS="0.598" lang="en" source="ibm">weapon</contenuImg>
            <contenuImg CS="0.51" lang="en" source="ibm">musical instrument</contenuImg>
            <contenuImg CS="0.508" lang="en" source="ibm">stringed instrument</contenuImg>
            <contenuImg CS="0.5" lang="en" source="ibm">chordophone (musical instrument)</contenuImg>
            <contenuImg CS="0.5" lang="en" source="ibm">harp</contenuImg>
            <contenuImg CS="0.777" lang="en" source="ibm">tool</contenuImg>
            <contenuImg CS="0.777" lang="en" source="ibm">cutlery</contenuImg>
            <contenuImg CS="0.776" lang="en" source="ibm">sickle</contenuImg>
            <genre source="final">publicité</genre>
            <genre source="md">publicité</genre>
            <fonction source="final">repro/dessin</fonction>
            <tech source="final">imp photoméca</tech>
            <fonction CS="0.81" source="TensorFlow">repro/dessin</fonction>
            <tech CS="1" source="md">imp photoméca</tech>
            <leg>TO NeVtlYork FROM GENOA AND RIVIERA DIRECT Bythe wonderful Southern Route WITH THE NEW SUPER LINERS OF about 50.000 tons.</leg>
            <txt>80 V 0 G U 80 V 0 G U</txt>
          </ill>
        </ills>
      </page>
      <page hauteurPx="5119" largeurPx="3735" ordre="81">
        <nbMot>825</nbMot>
        <blocTexte>33</blocTexte>
        <blocTab>0</blocTab>
        <blocPub>32</blocPub>
        <blocIll ocr="1">1</blocIll>
        <ills>
          <ill classif="CCyolo CCibm" couleur="gris" h="1122" n="81-1" pub="1" taille="0" w="1439" x="1902" y="317">
            <contenuImg CS="0.534" lang="fr" source="ibm">suffragette</contenuImg>
            <contenuImg CS="0.866" lang="fr" source="ibm">personne</contenuImg>
            <contenuImg CS="0.522" lang="fr" source="ibm">pointe d'argent</contenuImg>
            <contenuImg CS="0.5" lang="fr" source="ibm">bulle</contenuImg>
            <contenuImg CS="0.8" lang="fr" source="ibm">forme ronde</contenuImg>
            <contenuImg CS="0.926" coul="1" lang="fr" source="ibm">gris cendré</contenuImg>
            <contenuImg CS="0.608" coul="1" lang="fr" source="ibm">noir</contenuImg>
            <contenuImg CS="0.608" coul="1" lang="en" source="ibm">black color</contenuImg>
            <contenuImg CS="0.926" coul="1" lang="en" source="ibm">ash grey color</contenuImg>
            <contenuImg CS="0.8" lang="en" source="ibm">round shape</contenuImg>
            <contenuImg CS="0.5" lang="en" source="ibm">bubble</contenuImg>
            <contenuImg CS="0.5" lang="en" source="ibm">soapsuds</contenuImg>
            <contenuImg CS="0.522" lang="en" source="ibm">silverpoint</contenuImg>
            <contenuImg CS="0.534" lang="en" source="ibm">women's voting rights activist</contenuImg>
            <contenuImg CS="0.866" lang="en" source="ibm">person</contenuImg>
            <contenuImg CS="0.69" h="986" lang="fr" source="yolo" w="980" x="136" y="120">personne</contenuImg>
            <contenuImg CS="0.69" h="986" lang="en" source="yolo" w="980" x="136" y="120">person</contenuImg>
            <genre source="final">publicité</genre>
            <genre source="md">publicité</genre>
            <fonction source="final">repro/photo</fonction>
            <tech source="final">imp photoméca</tech>
            <fonction CS="0.58" source="TensorFlow">repro/photo</fonction>
            <tech CS="1" source="md">imp photoméca</tech>
            <leg>¡/keAt3n¿eÆe qú tPu ¡ dt uuttW11U -~a   a--# ~a .~7 Parmi tes spécialités renommées, nous citerons :</leg>
            <txt>1 VONNY donne à chaque gaine sa personnalité.</txt>
          </ill>
        </ills>
      </page>
      <page hauteurPx="5129" largeurPx="3521" ordre="82">
        <nbMot>852</nbMot>
        <blocTexte>34</blocTexte>
        <blocTab>0</blocTab>
        <blocPub>16</blocPub>
        <blocIll ocr="3">3</blocIll>
        <ills/>
      </page>
      <page hauteurPx="5097" largeurPx="3705" ordre="83">
        <nbMot>100</nbMot>
        <blocTexte>9</blocTexte>
        <blocTab>0</blocTab>
        <blocPub>8</blocPub>
        <blocIll ocr="1">1</blocIll>
        <ills>
          <ill classif="CCyolo CCibm" couleur="gris" h="2116" n="83-1" pub="1" taille="3" w="3427" x="44" y="258">
            <contenuImg CS="0.823" lang="fr" source="ibm">véhicule à moteur sur chenilles</contenuImg>
            <contenuImg CS="0.828" lang="fr" source="ibm">véhicule militaire</contenuImg>
            <contenuImg CS="0.829" lang="fr" source="ibm">véhicule</contenuImg>
            <contenuImg CS="0.5" lang="fr" source="ibm">coffre (de voiture)</contenuImg>
            <contenuImg CS="0.5" lang="fr" source="ibm">siège</contenuImg>
            <contenuImg CS="0.5" lang="fr" source="ibm">support</contenuImg>
            <contenuImg CS="0.798" lang="fr" source="ibm">voiture</contenuImg>
            <contenuImg CS="0.944" coul="1" lang="fr" source="ibm">noir</contenuImg>
            <contenuImg CS="0.611" coul="1" lang="fr" source="ibm">gris</contenuImg>
            <contenuImg CS="0.611" coul="1" lang="en" source="ibm">gray color</contenuImg>
            <contenuImg CS="0.944" coul="1" lang="en" source="ibm">black color</contenuImg>
            <contenuImg CS="0.798" lang="en" source="ibm">car</contenuImg>
            <contenuImg CS="0.5" lang="en" source="ibm">support</contenuImg>
            <contenuImg CS="0.5" lang="en" source="ibm">seat</contenuImg>
            <contenuImg CS="0.5" lang="en" source="ibm">dickey (of car)</contenuImg>
            <contenuImg CS="0.829" lang="en" source="ibm">vehicle</contenuImg>
            <contenuImg CS="0.828" lang="en" source="ibm">military vehicle</contenuImg>
            <contenuImg CS="0.823" lang="en" source="ibm">half track motor vehicle</contenuImg>
            <contenuImg CS="0.92" h="1473" lang="fr" source="yolo" w="3156" x="70" y="636">camion</contenuImg>
            <contenuImg CS="0.52" h="260" lang="fr" source="yolo" w="416" x="1276" y="506">personne</contenuImg>
            <contenuImg CS="0.52" h="260" lang="en" source="yolo" w="416" x="1276" y="506">person</contenuImg>
            <contenuImg CS="0.92" h="1473" lang="en" source="yolo" w="3156" x="70" y="636">truck</contenuImg>
            <genre source="final">publicité</genre>
            <genre source="md">publicité</genre>
            <fonction source="final">repro/photo</fonction>
            <tech source="final">imp photoméca</tech>
            <fonction CS="0.73" source="TensorFlow">repro/photo</fonction>
            <tech CS="1" source="md">imp photoméca</tech>
            <leg>UN ENSEMBLE PARFAIT : LA GRÂCE EXQUISE DE MADEMOISELLE JEANNE HELBLING F ~t~N~~ ET LA LIGNE IMPECCABLE DE LA NOUVELLE 6 CV FIAT.</leg>
            <txt>OCTOBRE 1932 83 OCTOBRE 1932 83</txt>
          </ill>
        </ills>
      </page>
      <page hauteurPx="5191" largeurPx="3611" ordre="84">
        <nbMot>497</nbMot>
        <blocTexte>19</blocTexte>
        <blocTab>0</blocTab>
        <blocPub>3</blocPub>
        <blocIll ocr="2">2</blocIll>
        <ills/>
      </page>
      <page hauteurPx="5071" largeurPx="3697" ordre="85">
        <nbMot>1271</nbMot>
        <blocTexte>22</blocTexte>
        <blocTab>0</blocTab>
        <blocPub>21</blocPub>
        <blocIll ocr="0">0</blocIll>
      </page>
      <page hauteurPx="5081" largeurPx="3449" ordre="86">
        <nbMot>237</nbMot>
        <blocTexte>10</blocTexte>
        <blocTab>0</blocTab>
        <blocPub>9</blocPub>
        <blocIll ocr="2">2</blocIll>
        <ills>
          <ill classif="CCyolo CCibm" couleur="gris" derniere="true" h="1902" n="86-2" pub="1" taille="1" w="1215" x="2171" y="2675">
            <contenuImg CS="0.564" lang="fr" source="ibm">chaise électrique</contenuImg>
            <contenuImg CS="0.527" lang="fr" source="ibm">canon antiaérien</contenuImg>
            <contenuImg CS="0.527" lang="fr" source="ibm">pistolet</contenuImg>
            <contenuImg CS="0.527" lang="fr" source="ibm">arme</contenuImg>
            <contenuImg CS="0.502" lang="fr" source="ibm">télégraphie sans fil</contenuImg>
            <contenuImg CS="0.502" lang="fr" source="ibm">télécommunication</contenuImg>
            <contenuImg CS="0.5" lang="fr" source="ibm">appareil à gaz</contenuImg>
            <contenuImg CS="0.601" lang="fr" source="ibm">instrument</contenuImg>
            <contenuImg CS="0.597" lang="fr" source="ibm">bâtiment</contenuImg>
            <contenuImg CS="0.6" lang="fr" source="ibm">machine</contenuImg>
            <contenuImg CS="0.961" coul="1" lang="fr" source="ibm">noir</contenuImg>
            <contenuImg CS="0.71" coul="1" lang="fr" source="ibm">gris</contenuImg>
            <contenuImg CS="0.71" coul="1" lang="en" source="ibm">gray color</contenuImg>
            <contenuImg CS="0.961" coul="1" lang="en" source="ibm">black color</contenuImg>
            <contenuImg CS="0.6" lang="en" source="ibm">machine</contenuImg>
            <contenuImg CS="0.597" lang="en" source="ibm">building</contenuImg>
            <contenuImg CS="0.601" lang="en" source="ibm">instrument</contenuImg>
            <contenuImg CS="0.5" lang="en" source="ibm">gas fixture</contenuImg>
            <contenuImg CS="0.502" lang="en" source="ibm">telecommunication</contenuImg>
            <contenuImg CS="0.502" lang="en" source="ibm">wireless telegraphy</contenuImg>
            <contenuImg CS="0.527" lang="en" source="ibm">weapon</contenuImg>
            <contenuImg CS="0.527" lang="en" source="ibm">gun</contenuImg>
            <contenuImg CS="0.527" lang="en" source="ibm">antiaircraft gun</contenuImg>
            <contenuImg CS="0.564" lang="en" source="ibm">electric chair</contenuImg>
            <contenuImg CS="0.45" h="686" lang="fr" source="yolo" w="543" x="300" y="563">plante en pot</contenuImg>
            <contenuImg CS="0.45" h="686" lang="en" source="yolo" w="543" x="300" y="563">pottedplant</contenuImg>
            <genre source="final">publicité</genre>
            <genre source="md">publicité</genre>
            <fonction source="final">repro/photo</fonction>
            <tech source="final">imp photoméca</tech>
            <fonction CS="0.94" source="TensorFlow">repro/photo</fonction>
            <tech CS="1" source="md">imp photoméca</tech>
            <leg>BUFFOTOT Des fleurs blanches dans un vase de Chine vert, posé sur une table d albâtre blanc. Le sol est pavé de marbre</leg>
            <txt>Un bouquet de lys, de rose, d asters, de digitales, de pieds d alouette, rappelant un tableau de fleurs du XVIIIe DES FLEURS DANS UNE LOGGli</txt>
          </ill>
        </ills>
      </page>
    </pages>
  </contenus>
</analyseAlto>