<analyseAlto>
  <metad>
    <type>R</type>
    <ID>bpt6k6538223d</ID>
    <notice>cb343833568</notice>
    <titre>Vogue 1924/07/01 (Volume 5, Numéro 7)</titre>
    <dateEdition>1924-07-01</dateEdition>
    <lang>fre</lang>
    <source>BnF</source>
    <nbPage>80</nbPage>
  </metad>
  <contenus>
    <largeur>166</largeur>
    <hauteur>220</hauteur>
    <largeurPx>3941</largeurPx>
    <hauteurPx>5201</hauteurPx>
    <pages>
      <page hauteurPx="5201" largeurPx="3941" ordre="1">
        <nbMot>0</nbMot>
        <blocTexte>0</blocTexte>
        <blocTab>0</blocTab>
        <blocPub>0</blocPub>
        <blocIll ocr="0">0</blocIll>
      </page>
      <page hauteurPx="5137" largeurPx="3777" ordre="2">
        <nbMot>0</nbMot>
        <blocTexte>0</blocTexte>
        <blocTab>0</blocTab>
        <blocPub>0</blocPub>
        <blocIll ocr="0">0</blocIll>
      </page>
      <page hauteurPx="5121" largeurPx="3693" ordre="3">
        <nbMot>0</nbMot>
        <blocTexte>0</blocTexte>
        <blocTab>0</blocTab>
        <blocPub>0</blocPub>
        <blocIll ocr="0">0</blocIll>
      </page>
      <page hauteurPx="5077" largeurPx="3673" ordre="4">
        <nbMot>3</nbMot>
        <blocTexte>1</blocTexte>
        <blocTab>0</blocTab>
        <blocPub>0</blocPub>
        <blocIll ocr="0">0</blocIll>
      </page>
      <page hauteurPx="5137" largeurPx="3715" ordre="5">
        <nbMot>0</nbMot>
        <blocTexte>0</blocTexte>
        <blocTab>0</blocTab>
        <blocPub>0</blocPub>
        <blocIll ocr="0">0</blocIll>
      </page>
      <page hauteurPx="5093" largeurPx="3701" ordre="6">
        <nbMot>0</nbMot>
        <blocTexte>0</blocTexte>
        <blocTab>0</blocTab>
        <blocPub>0</blocPub>
        <blocIll ocr="0">0</blocIll>
      </page>
      <page hauteurPx="5163" largeurPx="3761" ordre="7">
        <nbMot>0</nbMot>
        <blocTexte>0</blocTexte>
        <blocTab>0</blocTab>
        <blocPub>0</blocPub>
        <blocIll ocr="0">0</blocIll>
      </page>
      <page hauteurPx="5093" largeurPx="3701" ordre="8">
        <nbMot>0</nbMot>
        <blocTexte>0</blocTexte>
        <blocTab>0</blocTab>
        <blocPub>0</blocPub>
        <blocIll ocr="0">0</blocIll>
      </page>
      <page hauteurPx="5143" largeurPx="3735" ordre="9">
        <nbMot>0</nbMot>
        <blocTexte>0</blocTexte>
        <blocTab>0</blocTab>
        <blocPub>0</blocPub>
        <blocIll ocr="0">0</blocIll>
      </page>
      <page hauteurPx="5093" largeurPx="3701" ordre="10">
        <nbMot>0</nbMot>
        <blocTexte>0</blocTexte>
        <blocTab>0</blocTab>
        <blocPub>0</blocPub>
        <blocIll ocr="0">0</blocIll>
      </page>
      <page hauteurPx="5209" largeurPx="3827" ordre="11">
        <nbMot>17</nbMot>
        <blocTexte>5</blocTexte>
        <blocTab>0</blocTab>
        <blocPub>0</blocPub>
        <blocIll ocr="1">1</blocIll>
        <ills/>
      </page>
      <page hauteurPx="5117" largeurPx="3735" ordre="12">
        <nbMot>13</nbMot>
        <blocTexte>1</blocTexte>
        <blocTab>0</blocTab>
        <blocPub>1</blocPub>
        <blocIll ocr="1">1</blocIll>
        <ills>
          <ill classif="CCyolo CCibm" couleur="coul" edit="1" h="3876" n="12-1" pub="1" taille="6" w="3363" x="271" y="188">
            <contenuImg CS="0.522" coul="1" lang="fr" source="ibm">spectre des couleurs</contenuImg>
            <contenuImg CS="0.513" lang="fr" source="ibm">tissu</contenuImg>
            <contenuImg CS="0.5" lang="fr" source="ibm">sarape (châle)</contenuImg>
            <contenuImg CS="0.5" lang="fr" source="ibm">manteau</contenuImg>
            <contenuImg CS="0.5" lang="fr" source="ibm">survêtement</contenuImg>
            <contenuImg CS="0.501" lang="fr" source="ibm">vêtement</contenuImg>
            <contenuImg CS="0.599" lang="fr" source="ibm">cellule</contenuImg>
            <contenuImg CS="0.923" coul="1" lang="fr" source="ibm">violet</contenuImg>
            <contenuImg CS="0.923" coul="1" lang="en" source="ibm">purple color</contenuImg>
            <contenuImg CS="0.599" lang="en" source="ibm">cell</contenuImg>
            <contenuImg CS="0.501" lang="en" source="ibm">garment</contenuImg>
            <contenuImg CS="0.5" lang="en" source="ibm">overgarment</contenuImg>
            <contenuImg CS="0.5" lang="en" source="ibm">cloak</contenuImg>
            <contenuImg CS="0.5" lang="en" source="ibm">serape (shawl)</contenuImg>
            <contenuImg CS="0.513" lang="en" source="ibm">fabric</contenuImg>
            <contenuImg CS="0.522" coul="1" lang="en" source="ibm">spectrum of colors</contenuImg>
            <contenuImg CS="0.577" coul="1" lang="en" source="ibm">nonsolid color</contenuImg>
            <contenuImg CS="0.90" h="1336" lang="fr" source="yolo" w="1960" x="876" y="390">parapluie</contenuImg>
            <contenuImg CS="0.29" h="1320" lang="fr" source="yolo" w="1150" x="276" y="730">personne</contenuImg>
            <contenuImg CS="0.29" h="1320" lang="en" source="yolo" w="1150" x="276" y="730">person</contenuImg>
            <contenuImg CS="0.55" h="926" lang="en" source="yolo" w="763" x="1523" y="973">person</contenuImg>
            <contenuImg CS="0.90" h="1336" lang="en" source="yolo" w="1960" x="876" y="390">umbrella</contenuImg>
            <contenuImg b="255" coul="1" g="255" r="255" source="colorific" type="bkg">#ffffff</contenuImg>
            <contenuImg b="56" coul="1" g="103" ordre="10" r="169" source="colorific" type="frg">#a96738</contenuImg>
            <contenuImg b="71" coul="1" g="66" ordre="9" r="93" source="colorific" type="frg">#5d4247</contenuImg>
            <contenuImg b="155" coul="1" g="134" ordre="8" r="163" source="colorific" type="frg">#a3869b</contenuImg>
            <contenuImg b="116" coul="1" g="80" ordre="7" r="111" source="colorific" type="frg">#6f5074</contenuImg>
            <contenuImg b="157" coul="1" g="151" ordre="6" r="192" source="colorific" type="frg">#c0979d</contenuImg>
            <contenuImg b="66" coul="1" g="68" ordre="5" r="69" source="colorific" type="frg">#454442</contenuImg>
            <contenuImg b="185" coul="1" g="220" ordre="4" r="236" source="colorific" type="frg">#ecdcb9</contenuImg>
            <contenuImg b="100" coul="1" g="107" ordre="3" r="110" source="colorific" type="frg">#6e6b64</contenuImg>
            <contenuImg b="78" coul="1" g="169" ordre="2" r="232" source="colorific" type="frg">#e8a94e</contenuImg>
            <contenuImg b="169" coul="1" g="173" ordre="1" r="174" source="colorific" type="frg">#aeada9</contenuImg>
            <genre source="final">publicité</genre>
            <genre source="md">publicité</genre>
            <fonction source="final">repro/dessin</fonction>
            <tech source="final">imp photoméca</tech>
            <fonction CS="0.75" source="TensorFlow">repro/dessin</fonction>
            <tech CS="1" source="md">imp photoméca</tech>
            <leg>BOURJO I S Créateur des Fhrds CENDRE DE ROSES ciROUGE MANDARINE</leg>
          </ill>
        </ills>
      </page>
      <page hauteurPx="5149" largeurPx="3743" ordre="13">
        <nbMot>698</nbMot>
        <blocTexte>25</blocTexte>
        <blocTab>5</blocTab>
        <blocPub>0</blocPub>
        <blocIll ocr="0">0</blocIll>
      </page>
      <page hauteurPx="5073" largeurPx="3673" ordre="14">
        <nbMot>65</nbMot>
        <blocTexte>4</blocTexte>
        <blocTab>0</blocTab>
        <blocPub>0</blocPub>
        <blocIll ocr="1">1</blocIll>
        <ills/>
      </page>
      <page hauteurPx="5201" largeurPx="3817" ordre="15">
        <nbMot>443</nbMot>
        <blocTexte>16</blocTexte>
        <blocTab>0</blocTab>
        <blocPub>0</blocPub>
        <blocIll ocr="4">4</blocIll>
        <ills/>
      </page>
      <page hauteurPx="5093" largeurPx="3699" ordre="16">
        <nbMot>552</nbMot>
        <blocTexte>15</blocTexte>
        <blocTab>0</blocTab>
        <blocPub>0</blocPub>
        <blocIll ocr="4">4</blocIll>
        <ills/>
      </page>
      <page hauteurPx="5135" largeurPx="3739" ordre="17">
        <nbMot>525</nbMot>
        <blocTexte>16</blocTexte>
        <blocTab>0</blocTab>
        <blocPub>0</blocPub>
        <blocIll ocr="4">4</blocIll>
        <ills/>
      </page>
      <page hauteurPx="5073" largeurPx="3673" ordre="18">
        <nbMot>332</nbMot>
        <blocTexte>10</blocTexte>
        <blocTab>0</blocTab>
        <blocPub>0</blocPub>
        <blocIll ocr="2">2</blocIll>
        <ills/>
      </page>
      <page hauteurPx="5141" largeurPx="3747" ordre="19">
        <nbMot>230</nbMot>
        <blocTexte>10</blocTexte>
        <blocTab>0</blocTab>
        <blocPub>0</blocPub>
        <blocIll ocr="2">2</blocIll>
        <ills/>
      </page>
      <page hauteurPx="5073" largeurPx="3673" ordre="20">
        <nbMot>164</nbMot>
        <blocTexte>12</blocTexte>
        <blocTab>0</blocTab>
        <blocPub>0</blocPub>
        <blocIll ocr="1">1</blocIll>
        <ills/>
      </page>
      <page hauteurPx="5175" largeurPx="3793" ordre="21">
        <nbMot>512</nbMot>
        <blocTexte>15</blocTexte>
        <blocTab>0</blocTab>
        <blocPub>0</blocPub>
        <blocIll ocr="3">3</blocIll>
        <ills/>
      </page>
      <page hauteurPx="5127" largeurPx="3795" ordre="22">
        <nbMot>111</nbMot>
        <blocTexte>5</blocTexte>
        <blocTab>0</blocTab>
        <blocPub>0</blocPub>
        <blocIll ocr="1">1</blocIll>
        <ills/>
      </page>
      <page hauteurPx="5135" largeurPx="3739" ordre="23">
        <nbMot>98</nbMot>
        <blocTexte>4</blocTexte>
        <blocTab>0</blocTab>
        <blocPub>0</blocPub>
        <blocIll ocr="1">1</blocIll>
        <ills/>
      </page>
      <page hauteurPx="5097" largeurPx="3753" ordre="24">
        <nbMot>706</nbMot>
        <blocTexte>16</blocTexte>
        <blocTab>0</blocTab>
        <blocPub>0</blocPub>
        <blocIll ocr="1">1</blocIll>
        <ills/>
      </page>
      <page hauteurPx="5149" largeurPx="3767" ordre="25">
        <nbMot>17</nbMot>
        <blocTexte>4</blocTexte>
        <blocTab>0</blocTab>
        <blocPub>0</blocPub>
        <blocIll ocr="1">1</blocIll>
        <ills/>
      </page>
      <page hauteurPx="5097" largeurPx="3753" ordre="26">
        <nbMot>112</nbMot>
        <blocTexte>7</blocTexte>
        <blocTab>0</blocTab>
        <blocPub>0</blocPub>
        <blocIll ocr="2">2</blocIll>
        <ills/>
      </page>
      <page hauteurPx="5129" largeurPx="3739" ordre="27">
        <nbMot>81</nbMot>
        <blocTexte>4</blocTexte>
        <blocTab>0</blocTab>
        <blocPub>0</blocPub>
        <blocIll ocr="1">1</blocIll>
        <ills/>
      </page>
      <page hauteurPx="5097" largeurPx="3753" ordre="28">
        <nbMot>144</nbMot>
        <blocTexte>11</blocTexte>
        <blocTab>0</blocTab>
        <blocPub>0</blocPub>
        <blocIll ocr="1">1</blocIll>
        <ills/>
      </page>
      <page hauteurPx="5177" largeurPx="3807" ordre="29">
        <nbMot>252</nbMot>
        <blocTexte>16</blocTexte>
        <blocTab>0</blocTab>
        <blocPub>0</blocPub>
        <blocIll ocr="3">3</blocIll>
        <ills/>
      </page>
      <page hauteurPx="5117" largeurPx="3779" ordre="30">
        <nbMot>306</nbMot>
        <blocTexte>13</blocTexte>
        <blocTab>0</blocTab>
        <blocPub>0</blocPub>
        <blocIll ocr="3">3</blocIll>
        <ills/>
      </page>
      <page hauteurPx="5135" largeurPx="3763" ordre="31">
        <nbMot>318</nbMot>
        <blocTexte>10</blocTexte>
        <blocTab>0</blocTab>
        <blocPub>0</blocPub>
        <blocIll ocr="3">3</blocIll>
        <ills/>
      </page>
      <page hauteurPx="5147" largeurPx="3823" ordre="32">
        <nbMot>9</nbMot>
        <blocTexte>2</blocTexte>
        <blocTab>0</blocTab>
        <blocPub>0</blocPub>
        <blocIll ocr="1">1</blocIll>
        <ills/>
      </page>
      <page hauteurPx="5181" largeurPx="3827" ordre="33">
        <nbMot>494</nbMot>
        <blocTexte>13</blocTexte>
        <blocTab>0</blocTab>
        <blocPub>0</blocPub>
        <blocIll ocr="1">1</blocIll>
        <ills>
          <ill classif="CCyolo CCibm" couleur="gris" h="2421" n="33-1" pub="1" taille="2" w="2291" x="639" y="501">
            <contenuImg CS="0.637" lang="fr" source="ibm">personne (famille)</contenuImg>
            <contenuImg CS="0.638" lang="fr" source="ibm">personne</contenuImg>
            <contenuImg CS="0.5" lang="fr" source="ibm">musée (intérieur)</contenuImg>
            <contenuImg CS="0.98" coul="1" lang="fr" source="ibm">gris</contenuImg>
            <contenuImg CS="0.98" coul="1" lang="en" source="ibm">gray color</contenuImg>
            <contenuImg CS="0.5" lang="en" source="ibm">Museum (Indoor)</contenuImg>
            <contenuImg CS="0.638" lang="en" source="ibm">person</contenuImg>
            <contenuImg CS="0.637" lang="en" source="ibm">person (family)</contenuImg>
            <contenuImg CS="0.68" h="1870" lang="fr" source="yolo" w="476" x="1146" y="406">personne</contenuImg>
            <contenuImg CS="0.68" h="1870" lang="en" source="yolo" w="476" x="1146" y="406">person</contenuImg>
            <contenuImg CS="0.88" h="1846" lang="en" source="yolo" w="693" x="626" y="420">person</contenuImg>
            <genre source="final">publicité</genre>
            <genre source="md">publicité</genre>
            <fonction source="final">repro/photo</fonction>
            <tech source="final">imp photoméca</tech>
            <fonction CS="0.86" source="TensorFlow">repro/photo</fonction>
            <tech CS="1" source="md">imp photoméca</tech>
            <leg>CflJeJ kz/zleJ le ;;¡¡je/iiI e emelwml mamk ln le AiGwiR</leg>
            <txt>fer Juillet 21 fer Juillet 21</txt>
          </ill>
        </ills>
      </page>
      <page hauteurPx="5097" largeurPx="3753" ordre="34">
        <nbMot>148</nbMot>
        <blocTexte>12</blocTexte>
        <blocTab>0</blocTab>
        <blocPub>0</blocPub>
        <blocIll ocr="1">1</blocIll>
        <ills/>
      </page>
      <page hauteurPx="5137" largeurPx="3765" ordre="35">
        <nbMot>171</nbMot>
        <blocTexte>12</blocTexte>
        <blocTab>0</blocTab>
        <blocPub>0</blocPub>
        <blocIll ocr="1">1</blocIll>
        <ills/>
      </page>
      <page hauteurPx="5097" largeurPx="3753" ordre="36">
        <nbMot>122</nbMot>
        <blocTexte>5</blocTexte>
        <blocTab>0</blocTab>
        <blocPub>0</blocPub>
        <blocIll ocr="1">1</blocIll>
        <ills/>
      </page>
      <page hauteurPx="5155" largeurPx="3789" ordre="37">
        <nbMot>516</nbMot>
        <blocTexte>15</blocTexte>
        <blocTab>0</blocTab>
        <blocPub>0</blocPub>
        <blocIll ocr="7">7</blocIll>
        <ills/>
      </page>
      <page hauteurPx="5119" largeurPx="3781" ordre="38">
        <nbMot>229</nbMot>
        <blocTexte>4</blocTexte>
        <blocTab>0</blocTab>
        <blocPub>0</blocPub>
        <blocIll ocr="2">2</blocIll>
        <ills/>
      </page>
      <page hauteurPx="5159" largeurPx="3795" ordre="39">
        <nbMot>289</nbMot>
        <blocTexte>7</blocTexte>
        <blocTab>0</blocTab>
        <blocPub>0</blocPub>
        <blocIll ocr="1">1</blocIll>
        <ills/>
      </page>
      <page hauteurPx="5097" largeurPx="3753" ordre="40">
        <nbMot>432</nbMot>
        <blocTexte>14</blocTexte>
        <blocTab>0</blocTab>
        <blocPub>0</blocPub>
        <blocIll ocr="1">1</blocIll>
        <ills/>
      </page>
      <page hauteurPx="5175" largeurPx="3817" ordre="41">
        <nbMot>478</nbMot>
        <blocTexte>8</blocTexte>
        <blocTab>0</blocTab>
        <blocPub>0</blocPub>
        <blocIll ocr="4">4</blocIll>
        <ills/>
      </page>
      <page hauteurPx="5133" largeurPx="3801" ordre="42">
        <nbMot>86</nbMot>
        <blocTexte>4</blocTexte>
        <blocTab>0</blocTab>
        <blocPub>0</blocPub>
        <blocIll ocr="1">1</blocIll>
        <ills/>
      </page>
      <page hauteurPx="5147" largeurPx="3779" ordre="43">
        <nbMot>834</nbMot>
        <blocTexte>24</blocTexte>
        <blocTab>0</blocTab>
        <blocPub>0</blocPub>
        <blocIll ocr="0">0</blocIll>
      </page>
      <page hauteurPx="5097" largeurPx="3753" ordre="44">
        <nbMot>240</nbMot>
        <blocTexte>10</blocTexte>
        <blocTab>0</blocTab>
        <blocPub>0</blocPub>
        <blocIll ocr="1">1</blocIll>
        <ills/>
      </page>
      <page hauteurPx="5141" largeurPx="3769" ordre="45">
        <nbMot>341</nbMot>
        <blocTexte>12</blocTexte>
        <blocTab>0</blocTab>
        <blocPub>0</blocPub>
        <blocIll ocr="1">1</blocIll>
        <ills/>
      </page>
      <page hauteurPx="5097" largeurPx="3753" ordre="46">
        <nbMot>378</nbMot>
        <blocTexte>14</blocTexte>
        <blocTab>0</blocTab>
        <blocPub>0</blocPub>
        <blocIll ocr="1">1</blocIll>
        <ills/>
      </page>
      <page hauteurPx="5121" largeurPx="3725" ordre="47">
        <nbMot>150</nbMot>
        <blocTexte>9</blocTexte>
        <blocTab>0</blocTab>
        <blocPub>0</blocPub>
        <blocIll ocr="1">1</blocIll>
        <ills/>
      </page>
      <page hauteurPx="5097" largeurPx="3753" ordre="48">
        <nbMot>132</nbMot>
        <blocTexte>7</blocTexte>
        <blocTab>0</blocTab>
        <blocPub>0</blocPub>
        <blocIll ocr="1">1</blocIll>
        <ills/>
      </page>
      <page hauteurPx="5139" largeurPx="3749" ordre="49">
        <nbMot>135</nbMot>
        <blocTexte>6</blocTexte>
        <blocTab>0</blocTab>
        <blocPub>0</blocPub>
        <blocIll ocr="1">1</blocIll>
        <ills/>
      </page>
      <page hauteurPx="5097" largeurPx="3753" ordre="50">
        <nbMot>89</nbMot>
        <blocTexte>3</blocTexte>
        <blocTab>0</blocTab>
        <blocPub>0</blocPub>
        <blocIll ocr="1">1</blocIll>
        <ills/>
      </page>
      <page hauteurPx="5133" largeurPx="3741" ordre="51">
        <nbMot>194</nbMot>
        <blocTexte>7</blocTexte>
        <blocTab>0</blocTab>
        <blocPub>0</blocPub>
        <blocIll ocr="2">2</blocIll>
        <ills/>
      </page>
      <page hauteurPx="5109" largeurPx="3769" ordre="52">
        <nbMot>203</nbMot>
        <blocTexte>4</blocTexte>
        <blocTab>0</blocTab>
        <blocPub>0</blocPub>
        <blocIll ocr="2">2</blocIll>
        <ills/>
      </page>
      <page hauteurPx="5145" largeurPx="3757" ordre="53">
        <nbMot>220</nbMot>
        <blocTexte>4</blocTexte>
        <blocTab>0</blocTab>
        <blocPub>0</blocPub>
        <blocIll ocr="2">2</blocIll>
        <ills/>
      </page>
      <page hauteurPx="5117" largeurPx="3779" ordre="54">
        <nbMot>174</nbMot>
        <blocTexte>9</blocTexte>
        <blocTab>0</blocTab>
        <blocPub>0</blocPub>
        <blocIll ocr="1">1</blocIll>
        <ills/>
      </page>
      <page hauteurPx="5143" largeurPx="3789" ordre="55">
        <nbMot>177</nbMot>
        <blocTexte>8</blocTexte>
        <blocTab>0</blocTab>
        <blocPub>0</blocPub>
        <blocIll ocr="1">1</blocIll>
        <ills/>
      </page>
      <page hauteurPx="3705" largeurPx="5029" ordre="56">
        <nbMot>193</nbMot>
        <blocTexte>12</blocTexte>
        <blocTab>0</blocTab>
        <blocPub>0</blocPub>
        <blocIll ocr="1">1</blocIll>
        <ills/>
      </page>
      <page hauteurPx="5155" largeurPx="3755" ordre="57">
        <nbMot>56</nbMot>
        <blocTexte>3</blocTexte>
        <blocTab>0</blocTab>
        <blocPub>2</blocPub>
        <blocIll ocr="1">1</blocIll>
        <ills>
          <ill classif="CCyolo CCibm" couleur="gris" h="2776" n="57-1" pub="1" taille="3" w="2615" x="522" y="648">
            <contenuImg CS="0.951" lang="fr" source="ibm">musée (intérieur)</contenuImg>
            <contenuImg CS="0.616" lang="fr" source="ibm">galerie d'art</contenuImg>
            <contenuImg CS="0.616" lang="fr" source="ibm">pièce</contenuImg>
            <contenuImg CS="0.857" coul="1" lang="fr" source="ibm">noir</contenuImg>
            <contenuImg CS="0.8" coul="1" lang="fr" source="ibm">gris</contenuImg>
            <contenuImg CS="0.8" coul="1" lang="en" source="ibm">gray color</contenuImg>
            <contenuImg CS="0.857" coul="1" lang="en" source="ibm">black color</contenuImg>
            <contenuImg CS="0.616" lang="en" source="ibm">room</contenuImg>
            <contenuImg CS="0.616" lang="en" source="ibm">art gallery</contenuImg>
            <contenuImg CS="0.951" lang="en" source="ibm">Museum (Indoor)</contenuImg>
            <contenuImg CS="0.60" h="2196" lang="fr" source="yolo" w="630" x="976" y="226">personne</contenuImg>
            <contenuImg CS="0.60" h="2196" lang="en" source="yolo" w="630" x="976" y="226">person</contenuImg>
            <contenuImg CS="0.66" h="2203" lang="en" source="yolo" w="820" x="1550" y="493">person</contenuImg>
            <genre source="final">publicité</genre>
            <genre source="md">publicité</genre>
            <fonction source="final">repro/dessin</fonction>
            <tech source="final">imp photoméca</tech>
            <fonction CS="0.75" source="TensorFlow">repro/dessin</fonction>
            <tech CS="1" source="md">imp photoméca</tech>
            <leg>fu VUE Une clairière dans la forêt met en évidence les toilettes des deux promeneuses dont l une, en tenue de sport, porte une robe en lainage ficelle et bleu canard. L autre est vêtue d une délicate robe en crêpe citron brodée de perles de bois et de fleurettes.</leg>
            <txt>Ier Juillet 45 Ier Juillet 45</txt>
          </ill>
        </ills>
      </page>
      <page hauteurPx="5113" largeurPx="3765" ordre="58">
        <nbMot>597</nbMot>
        <blocTexte>57</blocTexte>
        <blocTab>0</blocTab>
        <blocPub>5</blocPub>
        <blocIll ocr="1">1</blocIll>
        <ills>
          <ill classif="CCyolo CCibm" couleur="gris" h="1641" n="58-1" pub="1" taille="1" w="1578" x="272" y="513">
            <contenuImg CS="0.596" lang="fr" source="ibm">cellule</contenuImg>
            <contenuImg CS="0.556" lang="fr" source="ibm">stylo et encre</contenuImg>
            <contenuImg CS="0.5" lang="fr" source="ibm">cortex cérébral</contenuImg>
            <contenuImg CS="0.584" lang="fr" source="ibm">animal</contenuImg>
            <contenuImg CS="0.586" lang="fr" source="ibm">micro-organisme</contenuImg>
            <contenuImg CS="0.992" coul="1" lang="fr" source="ibm">gris</contenuImg>
            <contenuImg CS="0.992" coul="1" lang="en" source="ibm">gray color</contenuImg>
            <contenuImg CS="0.586" lang="en" source="ibm">microorganism</contenuImg>
            <contenuImg CS="0.584" lang="en" source="ibm">animal</contenuImg>
            <contenuImg CS="0.5" lang="en" source="ibm">cerebral cortex</contenuImg>
            <contenuImg CS="0.556" lang="en" source="ibm">pen-and-ink</contenuImg>
            <contenuImg CS="0.596" lang="en" source="ibm">cell</contenuImg>
            <contenuImg CS="0.32" h="1646" lang="fr" source="yolo" w="1496" x="33" y="6">frisbee</contenuImg>
            <contenuImg CS="0.32" h="1646" lang="en" source="yolo" w="1496" x="33" y="6">frisbee</contenuImg>
            <genre source="final">publicité</genre>
            <genre source="md">publicité</genre>
            <fonction source="final">repro/dessin</fonction>
            <tech source="final">imp photoméca</tech>
            <fonction CS="0.91" source="TensorFlow">repro/dessin</fonction>
            <tech CS="1" source="md">imp photoméca</tech>
            <leg>: SANS BIJOUX : la plus parfaite beauté : : manque cl éclat. Rehaus: ■ sez votre é l égance, accenS 1.</leg>
            <txt>46 VOGUE 46 VOGUE</txt>
          </ill>
        </ills>
      </page>
      <page hauteurPx="5101" largeurPx="3669" ordre="59">
        <nbMot>43</nbMot>
        <blocTexte>3</blocTexte>
        <blocTab>0</blocTab>
        <blocPub>2</blocPub>
        <blocIll ocr="1">1</blocIll>
        <ills>
          <ill classif="CCyolo CCibm" couleur="gris" h="2736" n="59-1" pub="1" taille="3" w="2599" x="464" y="647">
            <contenuImg CS="0.793" lang="fr" source="ibm">personne</contenuImg>
            <contenuImg CS="0.674" lang="fr" source="ibm">canon antiaérien</contenuImg>
            <contenuImg CS="0.859" lang="fr" source="ibm">pistolet</contenuImg>
            <contenuImg CS="0.863" lang="fr" source="ibm">arme</contenuImg>
            <contenuImg CS="0.647" lang="fr" source="ibm">Browning (mitrailleuse)</contenuImg>
            <contenuImg CS="0.685" lang="fr" source="ibm">mitraillette</contenuImg>
            <contenuImg CS="0.7" lang="fr" source="ibm">arme à feu automatique</contenuImg>
            <contenuImg CS="0.7" lang="fr" source="ibm">arme à feu</contenuImg>
            <contenuImg CS="0.5" lang="fr" source="ibm">hache de guerre</contenuImg>
            <contenuImg CS="0.502" lang="fr" source="ibm">hache</contenuImg>
            <contenuImg CS="0.502" lang="fr" source="ibm">coutellerie</contenuImg>
            <contenuImg CS="0.502" lang="fr" source="ibm">outil</contenuImg>
            <contenuImg CS="0.787" lang="fr" source="ibm">instrument de musique</contenuImg>
            <contenuImg CS="0.791" lang="fr" source="ibm">armes</contenuImg>
            <contenuImg CS="0.966" coul="1" lang="fr" source="ibm">noir</contenuImg>
            <contenuImg CS="0.966" coul="1" lang="en" source="ibm">black color</contenuImg>
            <contenuImg CS="0.791" lang="en" source="ibm">weaponry</contenuImg>
            <contenuImg CS="0.787" lang="en" source="ibm">musical instrument</contenuImg>
            <contenuImg CS="0.502" lang="en" source="ibm">tool</contenuImg>
            <contenuImg CS="0.502" lang="en" source="ibm">cutlery</contenuImg>
            <contenuImg CS="0.502" lang="en" source="ibm">ax</contenuImg>
            <contenuImg CS="0.5" lang="en" source="ibm">battle-ax</contenuImg>
            <contenuImg CS="0.7" lang="en" source="ibm">firearm</contenuImg>
            <contenuImg CS="0.7" lang="en" source="ibm">autoloader firearm</contenuImg>
            <contenuImg CS="0.699" lang="en" source="ibm">automatic firearm</contenuImg>
            <contenuImg CS="0.685" lang="en" source="ibm">machine gun</contenuImg>
            <contenuImg CS="0.647" lang="en" source="ibm">Browning machine gun</contenuImg>
            <contenuImg CS="0.863" lang="en" source="ibm">weapon</contenuImg>
            <contenuImg CS="0.859" lang="en" source="ibm">gun</contenuImg>
            <contenuImg CS="0.674" lang="en" source="ibm">antiaircraft gun</contenuImg>
            <contenuImg CS="0.793" lang="en" source="ibm">person</contenuImg>
            <contenuImg CS="0.37" h="2386" lang="fr" source="yolo" w="716" x="1540" y="163">personne</contenuImg>
            <contenuImg CS="0.34" h="2626" lang="fr" source="yolo" w="1253" x="30" y="66">moniteur</contenuImg>
            <contenuImg CS="0.27" h="656" lang="fr" source="yolo" w="393" x="50" y="2010">vase</contenuImg>
            <contenuImg CS="0.27" h="656" lang="en" source="yolo" w="393" x="50" y="2010">vase</contenuImg>
            <contenuImg CS="0.34" h="2626" lang="en" source="yolo" w="1253" x="30" y="66">tvmonitor</contenuImg>
            <contenuImg CS="0.37" h="2386" lang="en" source="yolo" w="716" x="1540" y="163">person</contenuImg>
            <contenuImg CS="0.46" h="2510" lang="en" source="yolo" w="573" x="933" y="126">person</contenuImg>
            <genre source="final">publicité</genre>
            <genre source="md">publicité</genre>
            <fonction source="final">repro/photo</fonction>
            <tech source="final">imp photoméca</tech>
            <fonction CS="0.62" source="TensorFlow">repro/photo</fonction>
            <tech CS="1" source="md">imp photoméca</tech>
            <leg>lf aeuPQ eœ3ui £ GQuittant la salle de danse, elles viennent respirer l air de la nuit, vêtues l une d une robe de fulgurante noire avec boucle de strass et l autre d ondine et de dentelle noire.</leg>
            <txt>ieT Juillet 47 ieT Juillet 47</txt>
          </ill>
        </ills>
      </page>
      <page hauteurPx="5155" largeurPx="3821" ordre="60">
        <nbMot>455</nbMot>
        <blocTexte>52</blocTexte>
        <blocTab>0</blocTab>
        <blocPub>3</blocPub>
        <blocIll ocr="1">1</blocIll>
        <ills/>
      </page>
      <page hauteurPx="5113" largeurPx="3725" ordre="61">
        <nbMot>38</nbMot>
        <blocTexte>4</blocTexte>
        <blocTab>0</blocTab>
        <blocPub>2</blocPub>
        <blocIll ocr="0">0</blocIll>
      </page>
      <page hauteurPx="5157" largeurPx="3797" ordre="62">
        <nbMot>39</nbMot>
        <blocTexte>3</blocTexte>
        <blocTab>0</blocTab>
        <blocPub>2</blocPub>
        <blocIll ocr="0">0</blocIll>
      </page>
      <page hauteurPx="5087" largeurPx="3775" ordre="63">
        <nbMot>54</nbMot>
        <blocTexte>5</blocTexte>
        <blocTab>0</blocTab>
        <blocPub>3</blocPub>
        <blocIll ocr="1">1</blocIll>
        <ills>
          <ill classif="CCyolo CCibm" couleur="gris" h="2741" n="63-1" pub="1" taille="3" w="2565" x="499" y="709">
            <contenuImg CS="0.537" lang="fr" source="ibm">harmonica</contenuImg>
            <contenuImg CS="0.537" lang="fr" source="ibm">instrument à anches libres</contenuImg>
            <contenuImg CS="0.538" lang="fr" source="ibm">instrument de musique</contenuImg>
            <contenuImg CS="0.5" lang="fr" source="ibm">gazette</contenuImg>
            <contenuImg CS="0.522" lang="fr" source="ibm">journal</contenuImg>
            <contenuImg CS="0.522" lang="fr" source="ibm">média</contenuImg>
            <contenuImg CS="0.597" lang="fr" source="ibm">aliments</contenuImg>
            <contenuImg CS="0.6" lang="fr" source="ibm">presse écrite</contenuImg>
            <contenuImg CS="0.613" coul="1" lang="fr" source="ibm">jaune pâle</contenuImg>
            <contenuImg CS="0.613" coul="1" lang="en" source="ibm">pale yellow color</contenuImg>
            <contenuImg CS="0.6" lang="en" source="ibm">print media</contenuImg>
            <contenuImg CS="0.597" lang="en" source="ibm">food</contenuImg>
            <contenuImg CS="0.522" lang="en" source="ibm">medium</contenuImg>
            <contenuImg CS="0.522" lang="en" source="ibm">newspaper</contenuImg>
            <contenuImg CS="0.5" lang="en" source="ibm">gazette</contenuImg>
            <contenuImg CS="0.538" lang="en" source="ibm">musical instrument</contenuImg>
            <contenuImg CS="0.537" lang="en" source="ibm">free-reed instrument</contenuImg>
            <contenuImg CS="0.537" lang="en" source="ibm">harmonica</contenuImg>
            <contenuImg CS="0.52" h="940" lang="fr" source="yolo" w="416" x="133" y="1256">personne</contenuImg>
            <contenuImg CS="0.26" h="60" lang="fr" source="yolo" w="33" x="2333" y="1736">cravate</contenuImg>
            <contenuImg CS="0.25" h="400" lang="fr" source="yolo" w="760" x="173" y="166">parapluie</contenuImg>
            <contenuImg CS="0.25" h="400" lang="en" source="yolo" w="760" x="173" y="166">umbrella</contenuImg>
            <contenuImg CS="0.26" h="60" lang="en" source="yolo" w="33" x="2333" y="1736">tie</contenuImg>
            <contenuImg CS="0.52" h="940" lang="en" source="yolo" w="416" x="133" y="1256">person</contenuImg>
            <contenuImg CS="0.71" h="2403" lang="en" source="yolo" w="683" x="300" y="103">person</contenuImg>
            <contenuImg CS="0.97" h="593" lang="en" source="yolo" w="133" x="2143" y="1656">person</contenuImg>
            <contenuImg CS="0.99" h="623" lang="en" source="yolo" w="153" x="2260" y="1620">person</contenuImg>
            <genre source="final">publicité</genre>
            <genre source="md">publicité</genre>
            <fonction source="final">repro/photo</fonction>
            <tech source="final">imp photoméca</tech>
            <fonction CS="0.88" source="TensorFlow">repro/photo</fonction>
            <tech CS="1" source="md">imp photoméca</tech>
            <leg>-t2OcJ Bravant l ardeur du soleil de midi ces deux jeunes femmes attendent l arrivée du mail-coach -la brune adorable dans sa robe de marocain marine mélangée de mousseline écossaise — l autre vêtue d une vaporeuse toilette de dentelle blonde; ceinture en mousseline verte et nœud rouge vif. Çbedfèm Z4-2. bue de 9 bixpoli</leg>
            <txt>5 Ier Juillet 51</txt>
          </ill>
        </ills>
      </page>
      <page hauteurPx="5171" largeurPx="3815" ordre="64">
        <nbMot>620</nbMot>
        <blocTexte>11</blocTexte>
        <blocTab>0</blocTab>
        <blocPub>2</blocPub>
        <blocIll ocr="2">2</blocIll>
        <ills>
          <ill classif="CCyolo CCibm" couleur="gris" h="1032" n="64-2" pub="1" taille="0" w="882" x="2414" y="3906">
            <contenuImg CS="0.732" lang="fr" source="ibm">journal de classe</contenuImg>
            <contenuImg CS="0.791" lang="fr" source="ibm">journal</contenuImg>
            <contenuImg CS="0.791" lang="fr" source="ibm">média</contenuImg>
            <contenuImg CS="0.804" lang="fr" source="ibm">magazine</contenuImg>
            <contenuImg CS="0.5" lang="fr" source="ibm">magazine d'information</contenuImg>
            <contenuImg CS="0.801" lang="fr" source="ibm">presse écrite</contenuImg>
            <contenuImg CS="0.871" coul="1" lang="fr" source="ibm">gris</contenuImg>
            <contenuImg CS="0.623" coul="1" lang="fr" source="ibm">noir</contenuImg>
            <contenuImg CS="0.623" coul="1" lang="en" source="ibm">black color</contenuImg>
            <contenuImg CS="0.871" coul="1" lang="en" source="ibm">gray color</contenuImg>
            <contenuImg CS="0.801" lang="en" source="ibm">print media</contenuImg>
            <contenuImg CS="0.5" lang="en" source="ibm">news magazine</contenuImg>
            <contenuImg CS="0.804" lang="en" source="ibm">magazine</contenuImg>
            <contenuImg CS="0.791" lang="en" source="ibm">medium</contenuImg>
            <contenuImg CS="0.791" lang="en" source="ibm">newspaper</contenuImg>
            <contenuImg CS="0.732" lang="en" source="ibm">school newspaper</contenuImg>
            <contenuImg CS="0.47" h="1020" lang="fr" source="yolo" w="780" x="56" y="3">gâteau</contenuImg>
            <contenuImg CS="0.47" h="1020" lang="en" source="yolo" w="780" x="56" y="3">cake</contenuImg>
            <genre source="final">publicité</genre>
            <genre source="md">publicité</genre>
            <fonction source="final">repro/dessin</fonction>
            <tech source="final">imp photoméca</tech>
            <fonction CS="0.90" source="TensorFlow">repro/dessin</fonction>
            <tech CS="1" source="md">imp photoméca</tech>
            <txt>En fondant l Organisme de rénovation des arts dans toutes leurs manifestations et applications  , dont elle assure la direction, Madame Montaru, s est proposé de réagir le plus possible contre toutes les tendances qui visent à rapprocher l art de la fabrication en série. Son but est de réunir le plus grand nombre d artistes épiis des mêmes principes, afin de mettre à la portée de tous les amateurs des bijoux, boucles, boutons, motifs à appliquer auxquels leur dessin d une pureté absolue et la façon parfaite dont ils sont exécutés permettent de donner le nom d oeuvres d art. Ecoutons d ailleurs Madame Mortaru elle-même nous résumer en quelques lignes la raison d être de l organisme fondé par elle : Appeler à nous les artistes sincères, prêtres fervents de l idéal, et leur demander, en les aidant à vivre et à développer constamment leur talent, de matérialiser en nos logis les enchantements que leurs rêves recèlent. Parmi les artistes qui concourent à développer ce goût de la beauté dans les moindres choses, il faut citer Madame Henryette Montaru qui, en collaboration avec M. Paul Petit, exposait récemment au musée Galliera une collection particulièrement intéressante de bijoux d art en bois et métal. Non contente d utiliser dans ce qu ils ont de meilleur les procédés modernes, cette artiste consciencieuse, qui s inspire beaucoup de l antique Egypte, a voulu tirer parti de toute l expérience amassée par ceux qui l ont précédée. C est ainsi qu elle a retrouvé certaine méthode pour traiter l émail particulière aux artisans d autrefois, et qu avaient dédaignée leurs successeurs, dominés par la nécescité de faire vite et de produire beaucoup.</txt>
          </ill>
        </ills>
      </page>
      <page hauteurPx="5111" largeurPx="3773" ordre="65">
        <nbMot>57</nbMot>
        <blocTexte>5</blocTexte>
        <blocTab>0</blocTab>
        <blocPub>4</blocPub>
        <blocIll ocr="1">1</blocIll>
        <ills>
          <ill classif="CCibm" couleur="gris" h="2747" n="65-1" pub="1" taille="3" w="2582" x="577" y="571">
            <contenuImg CS="0.978" lang="fr" source="ibm">musée (intérieur)</contenuImg>
            <contenuImg CS="0.794" lang="fr" source="ibm">pièce</contenuImg>
            <contenuImg CS="0.901" coul="1" lang="fr" source="ibm">albâtre</contenuImg>
            <contenuImg CS="0.643" coul="1" lang="fr" source="ibm">gris</contenuImg>
            <contenuImg CS="0.643" coul="1" lang="en" source="ibm">gray color</contenuImg>
            <contenuImg CS="0.901" coul="1" lang="en" source="ibm">alabaster color</contenuImg>
            <contenuImg CS="0.794" lang="en" source="ibm">room</contenuImg>
            <contenuImg CS="0.978" lang="en" source="ibm">Museum (Indoor)</contenuImg>
            <genre source="final">publicité</genre>
            <genre source="md">publicité</genre>
            <fonction source="final">repro/dessin</fonction>
            <tech source="final">imp photoméca</tech>
            <fonction CS="0.75" source="TensorFlow">repro/dessin</fonction>
            <tech CS="1" source="md">imp photoméca</tech>
            <leg>pf^meacucLe Des robes claires pour les clairs jours d été parent les craintives promeneuses. De belles robes qui embellissent les plus beaux jours. Robes d organdi brodé, incrusté de filet, enjolivées de nœuds et de rubans. Ces robes charmantes — si jeunes — sont toutes deux ornées de fleurs. cf^oaé Soewcd 9 de ru !!}aix</leg>
            <txt>Ier Juillet 53 Ier Juillet 53</txt>
          </ill>
        </ills>
      </page>
      <page hauteurPx="5167" largeurPx="3811" ordre="66">
        <nbMot>946</nbMot>
        <blocTexte>22</blocTexte>
        <blocTab>0</blocTab>
        <blocPub>5</blocPub>
        <blocIll ocr="1">1</blocIll>
        <ills>
          <ill classif="CCibm" couleur="gris" h="936" n="66-1" pub="1" taille="0" w="996" x="2391" y="345">
            <contenuImg CS="0.889" lang="fr" source="ibm">salle d'étude</contenuImg>
            <contenuImg CS="0.774" lang="fr" source="ibm">pointe d'argent</contenuImg>
            <contenuImg CS="0.786" coul="1" lang="fr" source="ibm">gris</contenuImg>
            <contenuImg CS="0.74" coul="1" lang="fr" source="ibm">ivoire (couleur)</contenuImg>
            <contenuImg CS="0.74" coul="1" lang="en" source="ibm">ivory color</contenuImg>
            <contenuImg CS="0.786" coul="1" lang="en" source="ibm">gray color</contenuImg>
            <contenuImg CS="0.774" lang="en" source="ibm">silverpoint</contenuImg>
            <contenuImg CS="0.889" lang="en" source="ibm">study</contenuImg>
            <genre source="final">publicité</genre>
            <genre source="md">publicité</genre>
            <fonction source="final">repro/dessin</fonction>
            <tech source="final">imp photoméca</tech>
            <fonction CS="0.98" source="TensorFlow">repro/dessin</fonction>
            <tech CS="1" source="md">imp photoméca</tech>
            <leg>1 LES SOIRÉES DE PARIS A LA CIGALE (Sitite de la page 25)</leg>
            <txt>Séèoatiae 2 6. -CA à e, e OWndo m, e- Le troisième chapeau est en satin vert bouteille et ruban de faille du même ton rehaussé d un motif nacré.</txt>
          </ill>
        </ills>
      </page>
      <page hauteurPx="5109" largeurPx="3681" ordre="67">
        <nbMot>78</nbMot>
        <blocTexte>4</blocTexte>
        <blocTab>0</blocTab>
        <blocPub>3</blocPub>
        <blocIll ocr="1">1</blocIll>
        <ills>
          <ill classif="CCyolo CCibm" couleur="gris" h="2776" n="67-1" pub="1" taille="3" w="2556" x="500" y="659">
            <contenuImg CS="0.566" lang="fr" source="ibm">suffragette</contenuImg>
            <contenuImg CS="0.5" lang="fr" source="ibm">personne rasée de près</contenuImg>
            <contenuImg CS="0.706" lang="fr" source="ibm">marionnettiste</contenuImg>
            <contenuImg CS="0.706" lang="fr" source="ibm">artiste</contenuImg>
            <contenuImg CS="0.874" lang="fr" source="ibm">personne</contenuImg>
            <contenuImg CS="0.789" lang="fr" source="ibm">vêtements</contenuImg>
            <contenuImg CS="0.944" coul="1" lang="fr" source="ibm">noir</contenuImg>
            <contenuImg CS="0.735" coul="1" lang="fr" source="ibm">gris</contenuImg>
            <contenuImg CS="0.735" coul="1" lang="en" source="ibm">gray color</contenuImg>
            <contenuImg CS="0.944" coul="1" lang="en" source="ibm">black color</contenuImg>
            <contenuImg CS="0.789" lang="en" source="ibm">clothing</contenuImg>
            <contenuImg CS="0.5" lang="en" source="ibm">clean shaven person</contenuImg>
            <contenuImg CS="0.566" lang="en" source="ibm">women's voting rights activist</contenuImg>
            <contenuImg CS="0.874" lang="en" source="ibm">person</contenuImg>
            <contenuImg CS="0.706" lang="en" source="ibm">entertainer</contenuImg>
            <contenuImg CS="0.706" lang="en" source="ibm">puppeteer</contenuImg>
            <contenuImg CS="0.36" h="476" lang="fr" source="yolo" w="93" x="470" y="1113">cravate</contenuImg>
            <contenuImg CS="0.35" h="190" lang="fr" source="yolo" w="46" x="1816" y="2253">personne</contenuImg>
            <contenuImg CS="0.35" h="190" lang="en" source="yolo" w="46" x="1816" y="2253">person</contenuImg>
            <contenuImg CS="0.36" h="476" lang="en" source="yolo" w="93" x="470" y="1113">tie</contenuImg>
            <contenuImg CS="0.42" h="616" lang="en" source="yolo" w="90" x="883" y="620">tie</contenuImg>
            <contenuImg CS="0.44" h="183" lang="en" source="yolo" w="60" x="1656" y="2240">person</contenuImg>
            <contenuImg CS="0.45" h="1926" lang="en" source="yolo" w="713" x="156" y="583">person</contenuImg>
            <contenuImg CS="0.59" h="196" lang="en" source="yolo" w="46" x="1390" y="2306">person</contenuImg>
            <contenuImg CS="0.65" h="223" lang="en" source="yolo" w="100" x="1203" y="2263">person</contenuImg>
            <contenuImg CS="0.65" h="1400" lang="en" source="yolo" w="450" x="1840" y="1323">person</contenuImg>
            <contenuImg CS="0.68" h="463" lang="en" source="yolo" w="83" x="2386" y="2183">person</contenuImg>
            <contenuImg CS="0.70" h="196" lang="en" source="yolo" w="50" x="1770" y="2250">person</contenuImg>
            <contenuImg CS="0.72" h="203" lang="en" source="yolo" w="46" x="1710" y="2236">person</contenuImg>
            <contenuImg CS="0.83" h="480" lang="en" source="yolo" w="173" x="2250" y="2183">person</contenuImg>
            <genre source="final">publicité</genre>
            <genre source="md">publicité</genre>
            <fonction source="final">repro/photo</fonction>
            <tech source="final">imp photoméca</tech>
            <fonction CS="0.85" source="TensorFlow">repro/photo</fonction>
            <tech CS="1" source="md">imp photoméca</tech>
            <leg>jfombre. des arbres joue sur le blanc laiteux de cet ensemble en crêpe de Chine garni de plissés en crêpe Georgette blanc et de boutons verts sertis de peau. Contrastant avec cette claire toilette, la robe voisine, en satin  triomphant  noir, est égayée par un volant en milan bis. La troisième élégante, plus frileuse, est en tailleur de popeline vert amande dont les poches brodées cachemire s incrustent de soie chaudron.</leg>
            <txt>Ier Juillet Ier Juillet</txt>
          </ill>
        </ills>
      </page>
      <page hauteurPx="5169" largeurPx="3809" ordre="68">
        <nbMot>992</nbMot>
        <blocTexte>30</blocTexte>
        <blocTab>0</blocTab>
        <blocPub>8</blocPub>
        <blocIll ocr="0">0</blocIll>
      </page>
      <page hauteurPx="5141" largeurPx="3685" ordre="69">
        <nbMot>45</nbMot>
        <blocTexte>3</blocTexte>
        <blocTab>0</blocTab>
        <blocPub>2</blocPub>
        <blocIll ocr="1">1</blocIll>
        <ills>
          <ill classif="CCyolo CCibm" couleur="gris" h="2763" n="69-1" pub="1" taille="3" w="2564" x="474" y="658">
            <contenuImg CS="0.593" lang="fr" source="ibm">zinfandel</contenuImg>
            <contenuImg CS="0.55" lang="fr" source="ibm">chenin blanc</contenuImg>
            <contenuImg CS="0.607" lang="fr" source="ibm">vin rouge</contenuImg>
            <contenuImg CS="0.714" lang="fr" source="ibm">vin</contenuImg>
            <contenuImg CS="0.714" lang="fr" source="ibm">boisson alcoolisée</contenuImg>
            <contenuImg CS="0.714" lang="fr" source="ibm">boisson</contenuImg>
            <contenuImg CS="0.714" lang="fr" source="ibm">aliments</contenuImg>
            <contenuImg CS="0.567" lang="fr" source="ibm">vin blanc</contenuImg>
            <contenuImg CS="0.513" lang="fr" source="ibm">stylo et encre</contenuImg>
            <contenuImg CS="0.5" lang="fr" source="ibm">salle d'étude</contenuImg>
            <contenuImg CS="0.599" lang="fr" source="ibm">presse écrite</contenuImg>
            <contenuImg CS="0.888" coul="1" lang="fr" source="ibm">gris</contenuImg>
            <contenuImg CS="0.888" coul="1" lang="en" source="ibm">gray color</contenuImg>
            <contenuImg CS="0.599" lang="en" source="ibm">print media</contenuImg>
            <contenuImg CS="0.5" lang="en" source="ibm">study</contenuImg>
            <contenuImg CS="0.513" lang="en" source="ibm">pen-and-ink</contenuImg>
            <contenuImg CS="0.567" lang="en" source="ibm">white wine</contenuImg>
            <contenuImg CS="0.55" lang="en" source="ibm">Chenin blanc</contenuImg>
            <contenuImg CS="0.714" lang="en" source="ibm">food</contenuImg>
            <contenuImg CS="0.714" lang="en" source="ibm">beverage</contenuImg>
            <contenuImg CS="0.714" lang="en" source="ibm">alcoholic beverage</contenuImg>
            <contenuImg CS="0.714" lang="en" source="ibm">wine</contenuImg>
            <contenuImg CS="0.607" lang="en" source="ibm">red wine</contenuImg>
            <contenuImg CS="0.593" lang="en" source="ibm">zinfandel</contenuImg>
            <contenuImg CS="0.78" h="2100" lang="fr" source="yolo" w="663" x="1573" y="156">personne</contenuImg>
            <contenuImg CS="0.52" h="170" lang="fr" source="yolo" w="96" x="666" y="1516">cravate</contenuImg>
            <contenuImg CS="0.52" h="170" lang="en" source="yolo" w="96" x="666" y="1516">tie</contenuImg>
            <contenuImg CS="0.78" h="2100" lang="en" source="yolo" w="663" x="1573" y="156">person</contenuImg>
            <contenuImg CS="0.97" h="1326" lang="en" source="yolo" w="620" x="390" y="1100">person</contenuImg>
            <contenuImg CS="0.97" h="1060" lang="en" source="yolo" w="410" x="906" y="1323">person</contenuImg>
            <genre source="final">publicité</genre>
            <genre source="md">publicité</genre>
            <fonction source="final">repro/photo</fonction>
            <tech source="final">imp photoméca</tech>
            <fonction CS="0.87" source="TensorFlow">repro/photo</fonction>
            <tech CS="1" source="md">imp photoméca</tech>
            <leg>Jar lM marchas da ckalmu Les journées fraîches permettront aux élégantes de porter cette jolie veste de cuir tabac garnie de bandes de kolinski ou la belle cape en taupe garnie de broderies à la main acier et vieil argent.</leg>
            <txt>Ier Juillet 57 Ier Juillet 57</txt>
          </ill>
        </ills>
      </page>
      <page hauteurPx="5135" largeurPx="3761" ordre="70">
        <nbMot>859</nbMot>
        <blocTexte>25</blocTexte>
        <blocTab>0</blocTab>
        <blocPub>1</blocPub>
        <blocIll ocr="0">0</blocIll>
      </page>
      <page hauteurPx="5151" largeurPx="3725" ordre="71">
        <nbMot>65</nbMot>
        <blocTexte>4</blocTexte>
        <blocTab>0</blocTab>
        <blocPub>3</blocPub>
        <blocIll ocr="1">1</blocIll>
        <ills>
          <ill classif="CCyolo CCibm" couleur="gris" h="2775" n="71-1" pub="1" taille="3" w="2620" x="463" y="760">
            <contenuImg CS="0.618" lang="fr" source="ibm">personne rasée de près</contenuImg>
            <contenuImg CS="0.735" lang="fr" source="ibm">jai alai</contenuImg>
            <contenuImg CS="0.735" lang="fr" source="ibm">terrain de jeu</contenuImg>
            <contenuImg CS="0.736" lang="fr" source="ibm">jeu d'athlétisme</contenuImg>
            <contenuImg CS="0.736" lang="fr" source="ibm">sport</contenuImg>
            <contenuImg CS="0.618" lang="fr" source="ibm">personne</contenuImg>
            <contenuImg CS="0.554" lang="fr" source="ibm">musée (intérieur)</contenuImg>
            <contenuImg CS="0.5" lang="fr" source="ibm">salle d'étude</contenuImg>
            <contenuImg CS="0.599" lang="fr" source="ibm">pièce</contenuImg>
            <contenuImg CS="0.865" coul="1" lang="fr" source="ibm">gris</contenuImg>
            <contenuImg CS="0.74" coul="1" lang="fr" source="ibm">noir</contenuImg>
            <contenuImg CS="0.74" coul="1" lang="en" source="ibm">black color</contenuImg>
            <contenuImg CS="0.865" coul="1" lang="en" source="ibm">gray color</contenuImg>
            <contenuImg CS="0.599" lang="en" source="ibm">room</contenuImg>
            <contenuImg CS="0.5" lang="en" source="ibm">study</contenuImg>
            <contenuImg CS="0.554" lang="en" source="ibm">Museum (Indoor)</contenuImg>
            <contenuImg CS="0.618" lang="en" source="ibm">person</contenuImg>
            <contenuImg CS="0.618" lang="en" source="ibm">clean shaven person</contenuImg>
            <contenuImg CS="0.736" lang="en" source="ibm">sport</contenuImg>
            <contenuImg CS="0.736" lang="en" source="ibm">athletic game</contenuImg>
            <contenuImg CS="0.735" lang="en" source="ibm">court game</contenuImg>
            <contenuImg CS="0.735" lang="en" source="ibm">jai alai</contenuImg>
            <contenuImg CS="0.66" h="2406" lang="fr" source="yolo" w="886" x="1680" y="153">personne</contenuImg>
            <contenuImg CS="0.66" h="2406" lang="en" source="yolo" w="886" x="1680" y="153">person</contenuImg>
            <contenuImg CS="0.80" h="2053" lang="en" source="yolo" w="863" x="810" y="556">person</contenuImg>
            <genre source="final">publicité</genre>
            <genre source="md">publicité</genre>
            <fonction source="final">repro/photo</fonction>
            <tech source="final">imp photoméca</tech>
            <fonction CS="0.67" source="TensorFlow">repro/photo</fonction>
            <tech CS="1" source="md">imp photoméca</tech>
            <leg>J2l paaaecelLe duyac/iî. a réuni un groupe de sportives élégantes vêtues, l une de crêpon sable; des bandes brodées rouges et noires égayent cette originale toilette dont la jupe fendue se prête à tous les sports ; du crêpe Georgette blanc confère une note flou à ce manteau trois-quarts en kasha blanc et rouge dont s enveloppe son amie. JbmïÊiker 7. £ foueÂ?uber</leg>
            <txt>Ier Juillet 59 Ier Juillet 59</txt>
          </ill>
        </ills>
      </page>
      <page hauteurPx="5203" largeurPx="3829" ordre="72">
        <nbMot>1488</nbMot>
        <blocTexte>33</blocTexte>
        <blocTab>0</blocTab>
        <blocPub>13</blocPub>
        <blocIll ocr="1">1</blocIll>
        <ills>
          <ill classif="CCyolo CCibm" couleur="gris" h="1827" n="72-1" pub="1" taille="1" w="1674" x="276" y="390">
            <contenuImg CS="0.858" lang="fr" source="ibm">musée (intérieur)</contenuImg>
            <contenuImg CS="0.5" lang="fr" source="ibm">pointe d'argent</contenuImg>
            <contenuImg CS="0.799" lang="fr" source="ibm">pièce</contenuImg>
            <contenuImg CS="0.835" coul="1" lang="fr" source="ibm">gris cendré</contenuImg>
            <contenuImg CS="0.829" coul="1" lang="fr" source="ibm">gris</contenuImg>
            <contenuImg CS="0.829" coul="1" lang="en" source="ibm">gray color</contenuImg>
            <contenuImg CS="0.835" coul="1" lang="en" source="ibm">ash grey color</contenuImg>
            <contenuImg CS="0.799" lang="en" source="ibm">room</contenuImg>
            <contenuImg CS="0.5" lang="en" source="ibm">silverpoint</contenuImg>
            <contenuImg CS="0.858" lang="en" source="ibm">Museum (Indoor)</contenuImg>
            <contenuImg y="1" CS="0.28" h="1966" lang="fr" source="yolo" w="1553" x="56">montre</contenuImg>
            <contenuImg CS="0.26" h="1096" lang="fr" source="yolo" w="503" x="66" y="686">personne</contenuImg>
            <contenuImg CS="0.26" h="1096" lang="en" source="yolo" w="503" x="66" y="686">person</contenuImg>
            <contenuImg y="1" CS="0.28" h="1966" lang="en" source="yolo" w="1553" x="56">clock</contenuImg>
            <genre source="final">publicité</genre>
            <genre source="md">publicité</genre>
            <fonction source="final">repro/dessin</fonction>
            <tech source="final">imp photoméca</tech>
            <fonction CS="0.84" source="TensorFlow">repro/dessin</fonction>
            <tech CS="1" source="md">imp photoméca</tech>
            <leg>La beauté est faite d une quantité de petits détails ELIZABETH ARDEN A EMPLOYE LES RESSOURCES DE LA SCIENCE ET DE L ART À PERFECTIONNER CHAQUE DÉTAIL DE VOTRE VISAGE ET DE VOTRE CORPS L effet de la plus élégante toilette peut être détruit par de tout petits défauts de votre peau : joues qui reluisent, taches d un rouge alarmant, peau rugueuse, rides. Mais on peut triompher de chacun de ces ennuis-je ne dis pas les cacher, remarquez, mais les faire disparaître. Elizabeth Arden a révélé un traitement scientifique pour perfectionner chaque détail de votre extérieur.</leg>
            <txt>6o rOGUE 6o rOGUE</txt>
          </ill>
        </ills>
      </page>
      <page hauteurPx="5173" largeurPx="3757" ordre="73">
        <nbMot>57</nbMot>
        <blocTexte>3</blocTexte>
        <blocTab>0</blocTab>
        <blocPub>2</blocPub>
        <blocIll ocr="1">1</blocIll>
        <ills>
          <ill classif="CCyolo CCibm" couleur="gris" h="2751" n="73-1" pub="1" taille="3" w="2606" x="500" y="793">
            <contenuImg CS="0.66" lang="fr" source="ibm">harpe</contenuImg>
            <contenuImg CS="0.66" lang="fr" source="ibm">cordophone (instrument de musique)</contenuImg>
            <contenuImg CS="0.666" lang="fr" source="ibm">instrument à cordes</contenuImg>
            <contenuImg CS="0.666" lang="fr" source="ibm">instrument de musique</contenuImg>
            <contenuImg CS="0.539" lang="fr" source="ibm">joueur de basket</contenuImg>
            <contenuImg CS="0.539" lang="fr" source="ibm">athlète</contenuImg>
            <contenuImg CS="0.539" lang="fr" source="ibm">compétiteur</contenuImg>
            <contenuImg CS="0.656" lang="fr" source="ibm">personne</contenuImg>
            <contenuImg CS="0.524" lang="fr" source="ibm">musée (intérieur)</contenuImg>
            <contenuImg CS="0.5" lang="fr" source="ibm">peintre</contenuImg>
            <contenuImg CS="0.598" lang="fr" source="ibm">sport</contenuImg>
            <contenuImg CS="0.906" coul="1" lang="fr" source="ibm">noir</contenuImg>
            <contenuImg CS="0.63" coul="1" lang="fr" source="ibm">gris</contenuImg>
            <contenuImg CS="0.63" coul="1" lang="en" source="ibm">gray color</contenuImg>
            <contenuImg CS="0.906" coul="1" lang="en" source="ibm">black color</contenuImg>
            <contenuImg CS="0.598" lang="en" source="ibm">sport</contenuImg>
            <contenuImg CS="0.5" lang="en" source="ibm">painter</contenuImg>
            <contenuImg CS="0.524" lang="en" source="ibm">Museum (Indoor)</contenuImg>
            <contenuImg CS="0.656" lang="en" source="ibm">person</contenuImg>
            <contenuImg CS="0.539" lang="en" source="ibm">contestant</contenuImg>
            <contenuImg CS="0.539" lang="en" source="ibm">athlete</contenuImg>
            <contenuImg CS="0.539" lang="en" source="ibm">basketball player</contenuImg>
            <contenuImg CS="0.666" lang="en" source="ibm">musical instrument</contenuImg>
            <contenuImg CS="0.666" lang="en" source="ibm">stringed instrument</contenuImg>
            <contenuImg CS="0.66" lang="en" source="ibm">chordophone (musical instrument)</contenuImg>
            <contenuImg CS="0.66" lang="en" source="ibm">harp</contenuImg>
            <contenuImg CS="0.97" h="600" lang="fr" source="yolo" w="863" x="910" y="80">parapluie</contenuImg>
            <contenuImg CS="0.55" h="2493" lang="fr" source="yolo" w="803" x="1676" y="126">personne</contenuImg>
            <contenuImg CS="0.55" h="2493" lang="en" source="yolo" w="803" x="1676" y="126">person</contenuImg>
            <contenuImg CS="0.78" h="410" lang="en" source="yolo" w="206" x="913" y="1990">person</contenuImg>
            <contenuImg CS="0.89" h="386" lang="en" source="yolo" w="170" x="770" y="2006">person</contenuImg>
            <contenuImg CS="0.90" h="2286" lang="en" source="yolo" w="620" x="1230" y="293">person</contenuImg>
            <contenuImg CS="0.97" h="600" lang="en" source="yolo" w="863" x="910" y="80">umbrella</contenuImg>
            <genre source="final">publicité</genre>
            <genre source="md">publicité</genre>
            <fonction source="final">repro/photo</fonction>
            <tech source="final">imp photoméca</tech>
            <fonction CS="0.53" source="TensorFlow">repro/photo</fonction>
            <tech CS="1" source="md">imp photoméca</tech>
            <leg>kvWtoru c est l heure où les élégantes viennent s installer sur la terrasse en robes légères. Les deux amies qui s avancent portent l une une souple toilette en voile Georgette noir plissé et dentelle brodée de ruban, l autre un fourreau recouvert de trois tabliers plissés bordés de dentelle.</leg>
            <txt>Ier Juillet 61 Ier Juillet 61</txt>
          </ill>
        </ills>
      </page>
      <page hauteurPx="5137" largeurPx="3737" ordre="74">
        <nbMot>901</nbMot>
        <blocTexte>26</blocTexte>
        <blocTab>0</blocTab>
        <blocPub>3</blocPub>
        <blocIll ocr="1">1</blocIll>
        <ills>
          <ill classif="CCyolo CCibm" couleur="gris" h="3427" n="74-1" pub="1" taille="2" w="1712" x="183" y="296">
            <contenuImg CS="0.932" lang="fr" source="ibm">stentor (organisme)</contenuImg>
            <contenuImg CS="0.938" lang="fr" source="ibm">micro-organisme</contenuImg>
            <contenuImg CS="0.849" coul="1" lang="fr" source="ibm">gris cendré</contenuImg>
            <contenuImg CS="0.709" coul="1" lang="fr" source="ibm">gris</contenuImg>
            <contenuImg CS="0.709" coul="1" lang="en" source="ibm">gray color</contenuImg>
            <contenuImg CS="0.849" coul="1" lang="en" source="ibm">ash grey color</contenuImg>
            <contenuImg CS="0.938" lang="en" source="ibm">microorganism</contenuImg>
            <contenuImg CS="0.932" lang="en" source="ibm">stentor (organism)</contenuImg>
            <contenuImg CS="0.65" h="3266" lang="fr" source="yolo" w="1566" x="80" y="106">toilette</contenuImg>
            <contenuImg CS="0.65" h="3266" lang="en" source="yolo" w="1566" x="80" y="106">toilet</contenuImg>
            <genre source="final">publicité</genre>
            <genre source="md">publicité</genre>
            <fonction source="final">repro/dessin</fonction>
            <tech source="final">imp photoméca</tech>
            <fonction CS="0.48" source="TensorFlow">repro/dessin</fonction>
            <tech CS="1" source="md">imp photoméca</tech>
            <leg>Qu AaxnMcuî^ ceàpafiim 7ii *JrnfiteMMnâ jdU^Xa^icLu^ (de6é4^jcâiAdique i^duXV/UàècÙl xvrn/uxUtio-rhé irurde/imed )t XXfxoôjéA AaÂvâ ^Ux £ otid XÙ2/ LA 26, (Rue j £ fàcAééieu,,  PMU 1 *VouA Àettt -ettcficunt e d  wm M/nj  fÍièœfte</leg>
            <txt>62 VOGUE 62 VOGUE</txt>
          </ill>
        </ills>
      </page>
      <page hauteurPx="5181" largeurPx="3775" ordre="75">
        <nbMot>51</nbMot>
        <blocTexte>3</blocTexte>
        <blocTab>0</blocTab>
        <blocPub>2</blocPub>
        <blocIll ocr="1">1</blocIll>
        <ills>
          <ill classif="CCyolo CCibm" couleur="gris" h="2761" n="75-1" pub="1" taille="3" w="2587" x="495" y="740">
            <contenuImg CS="0.722" lang="fr" source="ibm">océan</contenuImg>
            <contenuImg CS="0.723" lang="fr" source="ibm">nature</contenuImg>
            <contenuImg CS="0.628" lang="fr" source="ibm">port</contenuImg>
            <contenuImg CS="0.628" lang="fr" source="ibm">abri</contenuImg>
            <contenuImg CS="0.5" lang="fr" source="ibm">iceberg</contenuImg>
            <contenuImg CS="0.599" lang="fr" source="ibm">pente</contenuImg>
            <contenuImg CS="0.6" lang="fr" source="ibm">masse de glace</contenuImg>
            <contenuImg CS="0.9" coul="1" lang="fr" source="ibm">gris</contenuImg>
            <contenuImg CS="0.693" coul="1" lang="fr" source="ibm">noir</contenuImg>
            <contenuImg CS="0.693" coul="1" lang="en" source="ibm">black color</contenuImg>
            <contenuImg CS="0.9" coul="1" lang="en" source="ibm">gray color</contenuImg>
            <contenuImg CS="0.6" lang="en" source="ibm">ice mass</contenuImg>
            <contenuImg CS="0.599" lang="en" source="ibm">slope</contenuImg>
            <contenuImg CS="0.5" lang="en" source="ibm">iceberg</contenuImg>
            <contenuImg CS="0.628" lang="en" source="ibm">shelter</contenuImg>
            <contenuImg CS="0.628" lang="en" source="ibm">harbor</contenuImg>
            <contenuImg CS="0.723" lang="en" source="ibm">nature</contenuImg>
            <contenuImg CS="0.722" lang="en" source="ibm">ocean</contenuImg>
            <contenuImg CS="0.27" h="1046" lang="fr" source="yolo" w="110" x="2010" y="516">cravate</contenuImg>
            <contenuImg CS="0.25" h="2346" lang="fr" source="yolo" w="800" x="1060" y="253">personne</contenuImg>
            <contenuImg CS="0.25" h="2346" lang="en" source="yolo" w="800" x="1060" y="253">person</contenuImg>
            <contenuImg CS="0.27" h="1046" lang="en" source="yolo" w="110" x="2010" y="516">tie</contenuImg>
            <contenuImg CS="0.47" h="2410" lang="en" source="yolo" w="710" x="1733" y="210">person</contenuImg>
            <genre source="final">publicité</genre>
            <genre source="md">publicité</genre>
            <fonction source="final">repro/photo</fonction>
            <tech source="final">imp photoméca</tech>
            <fonction CS="0.86" source="TensorFlow">repro/photo</fonction>
            <tech CS="1" source="md">imp photoméca</tech>
            <leg>Jmbpùse du Lapae $J¡!arye fait palpiter les franges d autruche dégradées qui ondulent autour de ce manteau de crêpe marocain gris argent et drape en plis nets la robe en crêpe de Chine violet garnie de biais vert émeraude, vert jaune et crème.</leg>
            <txt>Ier Juillet 63 Ier Juillet 63</txt>
          </ill>
        </ills>
      </page>
      <page hauteurPx="5147" largeurPx="3777" ordre="76">
        <nbMot>779</nbMot>
        <blocTexte>28</blocTexte>
        <blocTab>0</blocTab>
        <blocPub>27</blocPub>
        <blocIll ocr="0">0</blocIll>
      </page>
      <page hauteurPx="5151" largeurPx="3731" ordre="77">
        <nbMot>390</nbMot>
        <blocTexte>15</blocTexte>
        <blocTab>0</blocTab>
        <blocPub>0</blocPub>
        <blocIll ocr="5">5</blocIll>
        <ills>
          <ill classif="CCyolo CCibm" couleur="gris" h="642" n="77-5" pub="1" taille="0" w="1402" x="1936" y="4146">
            <contenuImg CS="0.939" lang="fr" source="ibm">salle d'étude</contenuImg>
            <contenuImg CS="0.5" lang="fr" source="ibm">stylo et encre</contenuImg>
            <contenuImg CS="0.792" lang="fr" source="ibm">silhouette</contenuImg>
            <contenuImg CS="0.822" coul="1" lang="fr" source="ibm">gris</contenuImg>
            <contenuImg CS="0.822" coul="1" lang="en" source="ibm">gray color</contenuImg>
            <contenuImg CS="0.792" lang="en" source="ibm">figure</contenuImg>
            <contenuImg CS="0.5" lang="en" source="ibm">pen-and-ink</contenuImg>
            <contenuImg CS="0.939" lang="en" source="ibm">study</contenuImg>
            <contenuImg CS="0.54" h="593" lang="fr" source="yolo" w="1400" x="0" y="13">montre</contenuImg>
            <contenuImg CS="0.54" h="593" lang="en" source="yolo" w="1400" x="0" y="13">clock</contenuImg>
            <genre source="final">publicité</genre>
            <genre source="md">publicité</genre>
            <fonction source="final">repro/dessin</fonction>
            <tech source="final">imp photoméca</tech>
            <fonction CS="0.92" source="TensorFlow">repro/dessin</fonction>
            <tech CS="1" source="md">imp photoméca</tech>
            <txt>jouant « le favori ». Les gagnantes sont dans la joie et toutes fières d avoir eu le bon tuyau, se promettent l achat des mille et une coquetteries qui sont le charme de la vie, parmi lesquelles figure bon premier « Mon Parfum » de Bourjois. Les autres dissimulant tant bien que mal leur petit désappointement, feront de même et se consoleront de leur échec en se faisant offrir la délicate essence dont raffolent toutes les femmes. CE QUE PENSENT LES JOUEUSES Elles se divisent en deux camps : les gagnantes et celles qui ont subi un échec en</txt>
          </ill>
        </ills>
      </page>
      <page hauteurPx="5155" largeurPx="3791" ordre="78">
        <nbMot>358</nbMot>
        <blocTexte>18</blocTexte>
        <blocTab>0</blocTab>
        <blocPub>17</blocPub>
        <blocIll ocr="2">2</blocIll>
        <ills>
          <ill classif="CCyolo CCibm" couleur="gris" edit="1" h="2254" n="78-1" pub="1" taille="1" w="1737" x="225" y="344">
            <contenuImg CS="0.569" lang="fr" source="ibm">musée (intérieur)</contenuImg>
            <contenuImg CS="0.55" lang="fr" source="ibm">mots-croisés</contenuImg>
            <contenuImg CS="0.5" lang="fr" source="ibm">journal</contenuImg>
            <contenuImg CS="0.5" lang="fr" source="ibm">média</contenuImg>
            <contenuImg CS="0.6" lang="fr" source="ibm">presse écrite</contenuImg>
            <contenuImg CS="0.599" lang="fr" source="ibm">pièce</contenuImg>
            <contenuImg CS="0.894" coul="1" lang="fr" source="ibm">violet</contenuImg>
            <contenuImg CS="0.717" coul="1" lang="fr" source="ibm">gris</contenuImg>
            <contenuImg CS="0.717" coul="1" lang="en" source="ibm">gray color</contenuImg>
            <contenuImg CS="0.894" coul="1" lang="en" source="ibm">purple color</contenuImg>
            <contenuImg CS="0.599" lang="en" source="ibm">room</contenuImg>
            <contenuImg CS="0.6" lang="en" source="ibm">print media</contenuImg>
            <contenuImg CS="0.5" lang="en" source="ibm">medium</contenuImg>
            <contenuImg CS="0.5" lang="en" source="ibm">newspaper</contenuImg>
            <contenuImg CS="0.55" lang="en" source="ibm">crossword puzzle</contenuImg>
            <contenuImg CS="0.569" lang="en" source="ibm">Museum (Indoor)</contenuImg>
            <contenuImg CS="0.56" h="906" lang="fr" source="yolo" w="800" x="193" y="1260">personne</contenuImg>
            <contenuImg CS="0.56" h="906" lang="en" source="yolo" w="800" x="193" y="1260">person</contenuImg>
            <fonction source="final">repro/texte</fonction>
            <tech source="final">imp photoméca</tech>
            <fonction CS="0.58" source="TensorFlow">repro/texte</fonction>
            <tech CS="1" source="md">imp photoméca</tech>
            <leg>ill ii ) ~v ~jjâ  Sn  RoBtîxôtb bLOUr: êt  DÉSHABILLÉE MODÈLE HAUTE COUTURt MONTAI c5A COLLLCTIOM DE 14h à 1 ôh 4 4, RUE D HAUTEVILLE PAR 1/^ 1 Tel : Centra l : 20,21 r R C PAP.Ii St 535 0</leg>
            <txt>66 VOGUE 66 VOGUE</txt>
            <genre source="hm" time="2020-10-31T19:29:01.867+01:00">publicité</genre>
            <genre source="final">publicité</genre>
          </ill>
          <ill classif="CCibm" couleur="gris" h="2254" n="78-2" pub="1" taille="1" w="1702" x="1962" y="344">
            <contenuImg CS="0.558" lang="fr" source="ibm">musée (intérieur)</contenuImg>
            <contenuImg CS="0.525" lang="fr" source="ibm">galerie d'art</contenuImg>
            <contenuImg CS="0.525" lang="fr" source="ibm">pièce</contenuImg>
            <contenuImg CS="0.5" lang="fr" source="ibm">autoradiographie</contenuImg>
            <contenuImg CS="0.511" lang="fr" source="ibm">radiogramme</contenuImg>
            <contenuImg CS="0.885" coul="1" lang="fr" source="ibm">gris</contenuImg>
            <contenuImg CS="0.885" coul="1" lang="en" source="ibm">gray color</contenuImg>
            <contenuImg CS="0.511" lang="en" source="ibm">radiogram</contenuImg>
            <contenuImg CS="0.5" lang="en" source="ibm">autoradiograph</contenuImg>
            <contenuImg CS="0.525" lang="en" source="ibm">room</contenuImg>
            <contenuImg CS="0.525" lang="en" source="ibm">art gallery</contenuImg>
            <contenuImg CS="0.558" lang="en" source="ibm">Museum (Indoor)</contenuImg>
            <genre source="final">publicité</genre>
            <genre source="md">publicité</genre>
            <fonction source="final">repro/texte</fonction>
            <tech source="final">imp photoméca</tech>
            <fonction CS="0.38" source="TensorFlow">repro/texte</fonction>
            <tech CS="1" source="md">imp photoméca</tech>
            <leg>ill ii ) ~v ~jjâ  Sn  RoBtîxôtb bLOUr: êt  DÉSHABILLÉE MODÈLE HAUTE COUTURt MONTAI c5A COLLLCTIOM DE 14h à 1 ôh 4 4, RUE D HAUTEVILLE PAR 1/^ 1 Tel : Centra l : 20,21 r R C PAP.Ii St 535 0</leg>
            <txt>66 VOGUE 66 VOGUE</txt>
          </ill>
        </ills>
      </page>
      <page hauteurPx="5125" largeurPx="3697" ordre="79">
        <nbMot>58</nbMot>
        <blocTexte>4</blocTexte>
        <blocTab>0</blocTab>
        <blocPub>4</blocPub>
        <blocIll ocr="0">0</blocIll>
      </page>
      <page hauteurPx="5189" largeurPx="3835" ordre="80">
        <nbMot>167</nbMot>
        <blocTexte>4</blocTexte>
        <blocTab>0</blocTab>
        <blocPub>2</blocPub>
        <blocIll ocr="0">0</blocIll>
      </page>
    </pages>
  </contenus>
</analyseAlto>