<analyseAlto>
  <metad>
    <type>R</type>
    <ID>bpt6k6538655r</ID>
    <notice>cb343833568</notice>
    <titre>Vogue 1922/05/01 (Volume 4, Numéro 9)</titre>
    <dateEdition>1922-05-01</dateEdition>
    <lang>fre</lang>
    <source>BnF</source>
    <nbPage>62</nbPage>
  </metad>
  <contenus>
    <largeur>151</largeur>
    <hauteur>214</hauteur>
    <largeurPx>3579</largeurPx>
    <hauteurPx>5061</hauteurPx>
    <pages>
      <page hauteurPx="5061" largeurPx="3579" ordre="1">
        <nbMot>12</nbMot>
        <blocTexte>2</blocTexte>
        <blocTab>0</blocTab>
        <blocPub>0</blocPub>
        <blocIll ocr="1">1</blocIll>
        <ills/>
      </page>
      <page hauteurPx="5071" largeurPx="3513" ordre="2">
        <nbMot>72</nbMot>
        <blocTexte>3</blocTexte>
        <blocTab>0</blocTab>
        <blocPub>3</blocPub>
        <ills>
          <ill classif="CCibm" couleur="gris" edit="1" h="3250" n="2-1" pub="1" seg="1" source="hm" time="2021-01-10T20:35:28.962+01:00" w="3117" x="316" y="312">
            <txt source="google">"RENAULT - BILLANCOURT-SEINE - D - 40 &amp; 18 HP - 19 &amp; 10 HP - ",</txt>
            <contenuImg CS="0.724" lang="fr" source="ibm">Zamboni (surfaceuse à glace)</contenuImg>
            <contenuImg CS="0.735" lang="fr" source="ibm">machine</contenuImg>
            <contenuImg CS="0.636" lang="fr" source="ibm">camion de livraison</contenuImg>
            <contenuImg CS="0.664" lang="fr" source="ibm">van</contenuImg>
            <contenuImg CS="0.68" lang="fr" source="ibm">camion</contenuImg>
            <contenuImg CS="0.685" lang="fr" source="ibm">véhicule à roues</contenuImg>
            <contenuImg CS="0.69" lang="fr" source="ibm">véhicule</contenuImg>
            <contenuImg CS="0.5" lang="fr" source="ibm">bande annonce</contenuImg>
            <contenuImg CS="0.597" lang="fr" source="ibm">presse écrite</contenuImg>
            <contenuImg CS="0.6" lang="fr" source="ibm">transport</contenuImg>
            <contenuImg CS="0.966" coul="1" lang="fr" source="ibm">gris</contenuImg>
            <contenuImg CS="0.966" coul="1" lang="en" source="ibm">gray color</contenuImg>
            <contenuImg CS="0.6" lang="en" source="ibm">transport</contenuImg>
            <contenuImg CS="0.597" lang="en" source="ibm">print media</contenuImg>
            <contenuImg CS="0.5" lang="en" source="ibm">trailer</contenuImg>
            <contenuImg CS="0.69" lang="en" source="ibm">vehicle</contenuImg>
            <contenuImg CS="0.685" lang="en" source="ibm">wheeled vehicle</contenuImg>
            <contenuImg CS="0.68" lang="en" source="ibm">truck</contenuImg>
            <contenuImg CS="0.664" lang="en" source="ibm">van</contenuImg>
            <contenuImg CS="0.636" lang="en" source="ibm">delivery truck</contenuImg>
            <contenuImg CS="0.735" lang="en" source="ibm">machine</contenuImg>
            <contenuImg CS="0.724" lang="en" source="ibm">Zamboni  (ice smoothing vehicle in icericks)</contenuImg>
            <fonction source="final">repro/dessin</fonction>
            <fonction source="md">repro/dessin</fonction>
            <tech source="final">imp photoméca</tech>
            <tech source="md">imp photoméca</tech>
            <genre source="hm" time="2021-01-10T20:35:59.412+01:00">publicité</genre>
            <genre source="final">publicité</genre>
          </ill>
        </ills>
        <blocIll ocr="0">1</blocIll>
      </page>
      <page hauteurPx="5057" largeurPx="3579" ordre="3">
        <nbMot>12</nbMot>
        <blocTexte>3</blocTexte>
        <blocTab>0</blocTab>
        <blocPub>1</blocPub>
        <blocIll ocr="1">1</blocIll>
        <ills>
          <ill classif="CCyolo CCibm" couleur="gris" h="3206" n="3-1" pub="1" taille="2" w="1640" x="905" y="509">
            <contenuImg CS="0.738" lang="fr" source="ibm">manteau d'opéra</contenuImg>
            <contenuImg CS="0.796" lang="fr" source="ibm">personne</contenuImg>
            <contenuImg CS="0.854" lang="fr" source="ibm">manteau</contenuImg>
            <contenuImg CS="0.855" lang="fr" source="ibm">survêtement</contenuImg>
            <contenuImg CS="0.861" lang="fr" source="ibm">vêtement</contenuImg>
            <contenuImg CS="0.702" lang="fr" source="ibm">musée (intérieur)</contenuImg>
            <contenuImg CS="0.5" lang="fr" source="ibm">manteau à capuchon</contenuImg>
            <contenuImg CS="0.801" lang="fr" source="ibm">vêtements</contenuImg>
            <contenuImg CS="0.928" coul="1" lang="fr" source="ibm">gris</contenuImg>
            <contenuImg CS="0.729" coul="1" lang="fr" source="ibm">gris cendré</contenuImg>
            <contenuImg CS="0.729" coul="1" lang="en" source="ibm">ash grey color</contenuImg>
            <contenuImg CS="0.928" coul="1" lang="en" source="ibm">gray color</contenuImg>
            <contenuImg CS="0.801" lang="en" source="ibm">clothing</contenuImg>
            <contenuImg CS="0.5" lang="en" source="ibm">hooded cloak</contenuImg>
            <contenuImg CS="0.702" lang="en" source="ibm">Museum (Indoor)</contenuImg>
            <contenuImg CS="0.861" lang="en" source="ibm">garment</contenuImg>
            <contenuImg CS="0.855" lang="en" source="ibm">overgarment</contenuImg>
            <contenuImg CS="0.854" lang="en" source="ibm">cloak</contenuImg>
            <contenuImg CS="0.738" lang="en" source="ibm">opera cloak</contenuImg>
            <contenuImg CS="0.796" lang="en" source="ibm">person</contenuImg>
            <contenuImg CS="0.45" h="3130" lang="fr" source="yolo" w="1436" x="86" y="16">personne</contenuImg>
            <contenuImg CS="0.26" h="180" lang="fr" source="yolo" w="166" x="780" y="426">cravate</contenuImg>
            <contenuImg CS="0.26" h="180" lang="en" source="yolo" w="166" x="780" y="426">tie</contenuImg>
            <contenuImg CS="0.45" h="3130" lang="en" source="yolo" w="1436" x="86" y="16">person</contenuImg>
            <genre source="final">publicité</genre>
            <genre source="md">publicité</genre>
            <fonction source="final">repro/dessin</fonction>
            <tech source="final">imp photoméca</tech>
            <fonction CS="0.96" source="TensorFlow">repro/dessin</fonction>
            <tech CS="1" source="md">imp photoméca</tech>
            <leg>CH. DRECOLL 4, Place de l Opéra, 4 PARIS PARIS</leg>
          </ill>
        </ills>
      </page>
      <page hauteurPx="5113" largeurPx="3573" ordre="4">
        <nbMot>190</nbMot>
        <blocTexte>12</blocTexte>
        <blocTab>0</blocTab>
        <blocPub>10</blocPub>
        <ills>
          <ill classif="CCibm" couleur="gris" edit="1" h="1647" n="4-1" pub="1" seg="1" source="hm" time="2021-01-10T20:36:10.552+01:00" w="2635" x="535" y="2782">
            <txt source="google">"COSOC-SOCOJOC- - Soc20 - \u003e9020C0C - SOCOSO - Nantemit - Cococoyoc - O - 3, Rue Volney - PARIS - 1142 - mitatom - JOC - forever - n - coce OKOOK - Socopo - ",</txt>
            <contenuImg CS="0.763" lang="fr" source="ibm">musée (intérieur)</contenuImg>
            <contenuImg CS="0.5" lang="fr" source="ibm">piste de ski</contenuImg>
            <contenuImg CS="0.5" lang="fr" source="ibm">pente</contenuImg>
            <contenuImg CS="0.5" lang="fr" source="ibm">nature</contenuImg>
            <contenuImg CS="0.598" lang="fr" source="ibm">bâtiment</contenuImg>
            <contenuImg CS="0.592" lang="fr" source="ibm">masse de glace</contenuImg>
            <contenuImg CS="0.6" lang="fr" source="ibm">pièce</contenuImg>
            <contenuImg CS="1" coul="1" lang="fr" source="ibm">gris</contenuImg>
            <contenuImg CS="1" coul="1" lang="en" source="ibm">gray color</contenuImg>
            <contenuImg CS="0.6" lang="en" source="ibm">room</contenuImg>
            <contenuImg CS="0.592" lang="en" source="ibm">ice mass</contenuImg>
            <contenuImg CS="0.598" lang="en" source="ibm">building</contenuImg>
            <contenuImg CS="0.5" lang="en" source="ibm">nature</contenuImg>
            <contenuImg CS="0.5" lang="en" source="ibm">slope</contenuImg>
            <contenuImg CS="0.5" lang="en" source="ibm">ski slope</contenuImg>
            <contenuImg CS="0.763" lang="en" source="ibm">Museum (Indoor)</contenuImg>
            <fonction source="final">repro/dessin</fonction>
            <fonction source="md">repro/dessin</fonction>
            <tech source="final">imp photoméca</tech>
            <tech source="md">imp photoméca</tech>
            <genre source="hm" time="2021-01-10T20:36:33.534+01:00">publicité</genre>
            <genre source="final">publicité</genre>
          </ill>
          <ill classif="CCibm CCyolo" couleur="gris" edit="1" h="630" n="4-2" pub="1" seg="1" source="hm" time="2021-01-10T20:36:35.732+01:00" w="446" x="796" y="550">
            <contenuImg CS="0.852" lang="fr" source="ibm">flan (monnaie)</contenuImg>
            <contenuImg CS="0.852" lang="fr" source="ibm">cercle</contenuImg>
            <contenuImg CS="0.597" lang="fr" source="ibm">peuple ancien</contenuImg>
            <contenuImg CS="0.597" lang="fr" source="ibm">personne</contenuImg>
            <contenuImg CS="0.5" lang="fr" source="ibm">glyptique</contenuImg>
            <contenuImg CS="0.5" lang="fr" source="ibm">sculpture</contenuImg>
            <contenuImg CS="0.5" lang="fr" source="ibm">silhouette</contenuImg>
            <contenuImg CS="0.801" lang="fr" source="ibm">disque</contenuImg>
            <contenuImg CS="0.864" coul="1" lang="fr" source="ibm">gris</contenuImg>
            <contenuImg CS="0.786" coul="1" lang="fr" source="ibm">noir</contenuImg>
            <contenuImg CS="0.77" h="623" lang="fr" source="yolo" w="416" x="16" y="3">montre</contenuImg>
            <contenuImg CS="0.77" h="623" lang="en" source="yolo" w="416" x="16" y="3">clock</contenuImg>
            <contenuImg CS="0.786" coul="1" lang="en" source="ibm">black color</contenuImg>
            <contenuImg CS="0.864" coul="1" lang="en" source="ibm">gray color</contenuImg>
            <contenuImg CS="0.801" lang="en" source="ibm">disk</contenuImg>
            <contenuImg CS="0.5" lang="en" source="ibm">figure</contenuImg>
            <contenuImg CS="0.5" lang="en" source="ibm">sculpture</contenuImg>
            <contenuImg CS="0.5" lang="en" source="ibm">glyptic art</contenuImg>
            <contenuImg CS="0.597" lang="en" source="ibm">person</contenuImg>
            <contenuImg CS="0.597" lang="en" source="ibm">ancient person</contenuImg>
            <contenuImg CS="0.852" lang="en" source="ibm">circle</contenuImg>
            <contenuImg CS="0.852" lang="en" source="ibm">planchet</contenuImg>
            <fonction source="final">repro/dessin</fonction>
            <fonction source="md">repro/dessin</fonction>
            <tech source="final">imp photoméca</tech>
            <tech source="md">imp photoméca</tech>
            <genre source="hm" time="2021-01-10T20:37:16.104+01:00">publicité</genre>
            <genre source="final">publicité</genre>
          </ill>
          <ill classif="CCibm CCyolo" couleur="gris" edit="1" h="622" n="4-3" pub="1" seg="1" source="hm" time="2021-01-10T20:36:57.971+01:00" w="446" x="2601" y="565">
            <contenuImg CS="0.937" lang="fr" source="ibm">timbre papier</contenuImg>
            <contenuImg CS="0.937" lang="fr" source="ibm">document écrit</contenuImg>
            <contenuImg CS="0.542" lang="fr" source="ibm">peuple ancien</contenuImg>
            <contenuImg CS="0.542" lang="fr" source="ibm">personne</contenuImg>
            <contenuImg CS="0.858" coul="1" lang="fr" source="ibm">albâtre</contenuImg>
            <contenuImg CS="0.748" coul="1" lang="fr" source="ibm">noir</contenuImg>
            <contenuImg x="1" CS="0.33" h="613" lang="fr" source="yolo" w="466" y="3">montre</contenuImg>
            <contenuImg x="1" CS="0.33" h="613" lang="en" source="yolo" w="466" y="3">clock</contenuImg>
            <contenuImg CS="0.748" coul="1" lang="en" source="ibm">black color</contenuImg>
            <contenuImg CS="0.858" coul="1" lang="en" source="ibm">alabaster color</contenuImg>
            <contenuImg CS="0.542" lang="en" source="ibm">person</contenuImg>
            <contenuImg CS="0.542" lang="en" source="ibm">ancient person</contenuImg>
            <contenuImg CS="0.937" lang="en" source="ibm">written document</contenuImg>
            <contenuImg CS="0.937" lang="en" source="ibm">paper-based stamps/currency</contenuImg>
            <fonction source="final">repro/dessin</fonction>
            <fonction source="md">repro/dessin</fonction>
            <tech source="final">imp photoméca</tech>
            <tech source="md">imp photoméca</tech>
            <genre source="hm" time="2021-01-10T20:37:18.22+01:00">publicité</genre>
            <genre source="final">publicité</genre>
          </ill>
        </ills>
        <blocIll ocr="0">3</blocIll>
      </page>
      <page hauteurPx="5065" largeurPx="3583" ordre="5">
        <nbMot>47</nbMot>
        <blocTexte>3</blocTexte>
        <blocTab>0</blocTab>
        <blocPub>2</blocPub>
        <blocIll ocr="1">1</blocIll>
        <ills>
          <ill classif="CCyolo CCibm" couleur="gris" h="2079" n="5-1" pub="1" taille="2" w="2134" x="615" y="1455">
            <contenuImg CS="0.628" lang="fr" source="ibm">bongo (tambour)</contenuImg>
            <contenuImg CS="0.744" lang="fr" source="ibm">tambour</contenuImg>
            <contenuImg CS="0.778" lang="fr" source="ibm">instrument à percussion</contenuImg>
            <contenuImg CS="0.779" lang="fr" source="ibm">instrument de musique</contenuImg>
            <contenuImg CS="0.5" lang="fr" source="ibm">organiste</contenuImg>
            <contenuImg CS="0.5" lang="fr" source="ibm">personne</contenuImg>
            <contenuImg CS="0.816" coul="1" lang="fr" source="ibm">noir</contenuImg>
            <contenuImg CS="0.607" coul="1" lang="fr" source="ibm">albâtre</contenuImg>
            <contenuImg CS="0.607" coul="1" lang="en" source="ibm">alabaster color</contenuImg>
            <contenuImg CS="0.816" coul="1" lang="en" source="ibm">black color</contenuImg>
            <contenuImg CS="0.5" lang="en" source="ibm">person</contenuImg>
            <contenuImg CS="0.5" lang="en" source="ibm">musician playing the organ</contenuImg>
            <contenuImg CS="0.779" lang="en" source="ibm">musical instrument</contenuImg>
            <contenuImg CS="0.778" lang="en" source="ibm">percussion instrument</contenuImg>
            <contenuImg CS="0.744" lang="en" source="ibm">drum</contenuImg>
            <contenuImg CS="0.628" lang="en" source="ibm">bongo drum</contenuImg>
            <contenuImg CS="0.43" h="1043" lang="fr" source="yolo" w="363" x="1030" y="220">personne</contenuImg>
            <contenuImg CS="0.43" h="1043" lang="en" source="yolo" w="363" x="1030" y="220">person</contenuImg>
            <contenuImg CS="0.50" h="200" lang="en" source="yolo" w="173" x="436" y="833">person</contenuImg>
            <contenuImg CS="0.98" h="726" lang="en" source="yolo" w="456" x="673" y="443">person</contenuImg>
            <genre source="final">publicité</genre>
            <genre source="md">publicité</genre>
            <fonction source="final">repro/photo</fonction>
            <tech source="final">imp photoméca</tech>
            <fonction CS="0.89" source="TensorFlow">repro/photo</fonction>
            <tech CS="1" source="md">imp photoméca</tech>
            <leg>La 15 HP SOCIÉTE ANONYME DES AUTOMOBILES ET CYCLES PEUGEOT DIRECTION GÉNÉRALE, 80, rue Danton, LEVALLOIS-PERRET MAISONS DE VENTE : 71, Avenue de la Grande-Année et 3o, Avenue des Champs-Élysées, Paris 10 USINES SPECIALISEES — 12 SUCCURSALES — PLUS DE 3.000 AGENTS</leg>
            <txt>1 1 rer Mai iii</txt>
          </ill>
        </ills>
      </page>
      <page hauteurPx="5089" largeurPx="3551" ordre="6">
        <nbMot>127</nbMot>
        <blocTexte>7</blocTexte>
        <blocTab>0</blocTab>
        <blocPub>6</blocPub>
        <ills>
          <ill classif="CCibm CCyolo" couleur="gris" edit="1" h="4496" n="6-1" pub="1" seg="1" source="hm" time="2021-01-10T20:37:25.49+01:00" w="3195" x="272" y="284">
            <txt source="google">"Germaine - 24, RUE PASQUIER PARIS - ROBE DE DINER EN CRÊPE NEGRELLA - NOIR. GRAND MOTIF DE BRODERIE DE - PERLES BLEUES ET DE CLOUS D'ACIER - ",</txt>
            <contenuImg CS="0.965" lang="fr" source="ibm">musée (intérieur)</contenuImg>
            <contenuImg CS="0.82" coul="1" lang="fr" source="ibm">gris</contenuImg>
            <contenuImg CS="0.52" coul="1" lang="fr" source="ibm">rouge châtain</contenuImg>
            <contenuImg CS="0.45" h="3510" lang="fr" source="yolo" w="1850" x="760" y="130">personne</contenuImg>
            <contenuImg CS="0.45" h="3510" lang="en" source="yolo" w="1850" x="760" y="130">person</contenuImg>
            <contenuImg CS="0.52" coul="1" lang="en" source="ibm">chestnut red color</contenuImg>
            <contenuImg CS="0.82" coul="1" lang="en" source="ibm">gray color</contenuImg>
            <contenuImg CS="0.965" lang="en" source="ibm">Museum (Indoor)</contenuImg>
            <fonction source="final">repro/dessin</fonction>
            <fonction source="md">repro/dessin</fonction>
            <tech source="final">imp photoméca</tech>
            <tech source="md">imp photoméca</tech>
            <genre source="hm" time="2021-01-10T20:37:58.098+01:00">publicité</genre>
            <genre source="final">publicité</genre>
          </ill>
        </ills>
        <blocIll ocr="0">1</blocIll>
      </page>
      <page hauteurPx="5029" largeurPx="3541" ordre="7">
        <nbMot>453</nbMot>
        <blocTexte>11</blocTexte>
        <blocTab>0</blocTab>
        <blocPub>10</blocPub>
        <ills>
          <ill classif="CCibm CCyolo" couleur="gris" edit="1" h="967" n="7-1" pub="1" seg="1" source="hm" time="2021-01-10T20:38:03.304+01:00" w="1691" x="1089" y="385">
            <contenuImg CS="0.648" lang="fr" source="ibm">ascospore</contenuImg>
            <contenuImg CS="0.777" lang="fr" source="ibm">plante</contenuImg>
            <contenuImg CS="0.538" lang="fr" source="ibm">rhizopus (moisissure)</contenuImg>
            <contenuImg CS="0.538" lang="fr" source="ibm">champignon</contenuImg>
            <contenuImg CS="0.519" lang="fr" source="ibm">microspore (plante)</contenuImg>
            <contenuImg CS="0.5" lang="fr" source="ibm">zoospore (spores)</contenuImg>
            <contenuImg CS="0.599" lang="fr" source="ibm">cellule</contenuImg>
            <contenuImg CS="0.599" lang="fr" source="ibm">micro-organisme</contenuImg>
            <contenuImg CS="0.861" coul="1" lang="fr" source="ibm">gris</contenuImg>
            <contenuImg CS="0.27" h="246" lang="fr" source="yolo" w="353" x="713" y="40">oiseau</contenuImg>
            <contenuImg CS="0.27" h="246" lang="en" source="yolo" w="353" x="713" y="40">bird</contenuImg>
            <contenuImg CS="0.28" h="213" lang="en" source="yolo" w="316" x="253" y="176">bird</contenuImg>
            <contenuImg CS="0.73" h="146" lang="en" source="yolo" w="280" x="610" y="600">bird</contenuImg>
            <contenuImg CS="0.861" coul="1" lang="en" source="ibm">gray color</contenuImg>
            <contenuImg CS="0.599" lang="en" source="ibm">microorganism</contenuImg>
            <contenuImg CS="0.599" lang="en" source="ibm">cell</contenuImg>
            <contenuImg CS="0.5" lang="en" source="ibm">zoospore (spores)</contenuImg>
            <contenuImg CS="0.519" lang="en" source="ibm">microspore (plant spores)</contenuImg>
            <contenuImg CS="0.538" lang="en" source="ibm">fungus</contenuImg>
            <contenuImg CS="0.538" lang="en" source="ibm">rhizopus</contenuImg>
            <contenuImg CS="0.777" lang="en" source="ibm">plant</contenuImg>
            <contenuImg CS="0.648" lang="en" source="ibm">ascospore</contenuImg>
            <fonction source="final">repro/dessin</fonction>
            <fonction source="md">repro/dessin</fonction>
            <tech source="final">imp photoméca</tech>
            <tech source="md">imp photoméca</tech>
            <genre source="hm" time="2021-01-10T20:38:28.782+01:00">publicité</genre>
            <genre source="final">publicité</genre>
          </ill>
        </ills>
        <blocIll ocr="0">1</blocIll>
      </page>
      <page hauteurPx="5081" largeurPx="3547" ordre="8">
        <nbMot>40</nbMot>
        <blocTexte>3</blocTexte>
        <blocTab>0</blocTab>
        <blocPub>2</blocPub>
        <blocIll ocr="1">1</blocIll>
        <ills>
          <ill classif="CCyolo CCibm" couleur="gris" h="3681" n="8-1" pub="1" taille="4" w="2741" x="459" y="316">
            <contenuImg CS="0.593" lang="fr" source="ibm">personne</contenuImg>
            <contenuImg CS="0.627" lang="fr" source="ibm">musée (intérieur)</contenuImg>
            <contenuImg CS="0.562" lang="fr" source="ibm">salle de bal</contenuImg>
            <contenuImg CS="0.719" lang="fr" source="ibm">pièce</contenuImg>
            <contenuImg CS="0.521" lang="fr" source="ibm">antichambre</contenuImg>
            <contenuImg CS="0.5" lang="fr" source="ibm">porte coulissante</contenuImg>
            <contenuImg CS="0.597" lang="fr" source="ibm">bâtiment</contenuImg>
            <contenuImg CS="0.889" coul="1" lang="fr" source="ibm">sauge</contenuImg>
            <contenuImg CS="0.533" coul="1" lang="fr" source="ibm">gris</contenuImg>
            <contenuImg CS="0.533" coul="1" lang="en" source="ibm">gray color</contenuImg>
            <contenuImg CS="0.889" coul="1" lang="en" source="ibm">sage green color</contenuImg>
            <contenuImg CS="0.597" lang="en" source="ibm">building</contenuImg>
            <contenuImg CS="0.5" lang="en" source="ibm">Barndoor</contenuImg>
            <contenuImg CS="0.521" lang="en" source="ibm">anteroom</contenuImg>
            <contenuImg CS="0.719" lang="en" source="ibm">room</contenuImg>
            <contenuImg CS="0.562" lang="en" source="ibm">ballroom</contenuImg>
            <contenuImg CS="0.627" lang="en" source="ibm">Museum (Indoor)</contenuImg>
            <contenuImg CS="0.593" lang="en" source="ibm">person</contenuImg>
            <contenuImg CS="0.99" h="2836" lang="fr" source="yolo" w="1216" x="963" y="503">personne</contenuImg>
            <contenuImg CS="0.99" h="2836" lang="en" source="yolo" w="1216" x="963" y="503">person</contenuImg>
            <genre source="final">publicité</genre>
            <genre source="md">publicité</genre>
            <fonction source="final">repro/photo</fonction>
            <tech source="final">imp photoméca</tech>
            <fonction CS="1.00" source="TensorFlow">repro/photo</fonction>
            <tech CS="1" source="md">imp photoméca</tech>
            <leg>R b Jp xosalind, re Mlle MAGUY WARNA o e osa ln re Bou ffes d en te Il e lllauve du ThéâÜ e des Bouffes et crêpe Creorgette Rohe de Xvobe de</leg>
            <txt>vi roGUE vi roGUE</txt>
          </ill>
        </ills>
      </page>
      <page hauteurPx="5021" largeurPx="3549" ordre="9">
        <nbMot>1021</nbMot>
        <blocTexte>33</blocTexte>
        <blocTab>6</blocTab>
        <blocPub>4</blocPub>
        <blocIll ocr="1">1</blocIll>
        <ills/>
      </page>
      <page hauteurPx="5049" largeurPx="3485" ordre="10">
        <nbMot>107</nbMot>
        <blocTexte>4</blocTexte>
        <blocTab>0</blocTab>
        <blocPub>0</blocPub>
        <blocIll ocr="1">1</blocIll>
        <ills/>
      </page>
      <page hauteurPx="5017" largeurPx="3561" ordre="11">
        <nbMot>530</nbMot>
        <blocTexte>13</blocTexte>
        <blocTab>0</blocTab>
        <blocPub>0</blocPub>
        <blocIll ocr="1">1</blocIll>
        <ills/>
      </page>
      <page hauteurPx="5093" largeurPx="3549" ordre="12">
        <nbMot>724</nbMot>
        <blocTexte>15</blocTexte>
        <blocTab>0</blocTab>
        <blocPub>0</blocPub>
        <blocIll ocr="4">4</blocIll>
        <ills/>
      </page>
      <page hauteurPx="5035" largeurPx="3577" ordre="13">
        <nbMot>645</nbMot>
        <blocTexte>17</blocTexte>
        <blocTab>0</blocTab>
        <blocPub>0</blocPub>
        <blocIll ocr="3">3</blocIll>
        <ills/>
      </page>
      <page hauteurPx="5079" largeurPx="3527" ordre="14">
        <nbMot>841</nbMot>
        <blocTexte>15</blocTexte>
        <blocTab>0</blocTab>
        <blocPub>0</blocPub>
        <blocIll ocr="2">2</blocIll>
        <ills/>
      </page>
      <page hauteurPx="5021" largeurPx="3561" ordre="15">
        <nbMot>259</nbMot>
        <blocTexte>14</blocTexte>
        <blocTab>0</blocTab>
        <blocPub>0</blocPub>
        <blocIll ocr="1">4</blocIll>
        <ills/>
      </page>
      <page hauteurPx="5063" largeurPx="3503" ordre="16">
        <nbMot>311</nbMot>
        <blocTexte>9</blocTexte>
        <blocTab>0</blocTab>
        <blocPub>0</blocPub>
        <blocIll ocr="1">1</blocIll>
        <ills/>
      </page>
      <page hauteurPx="5041" largeurPx="3581" ordre="17">
        <nbMot>89</nbMot>
        <blocTexte>3</blocTexte>
        <blocTab>0</blocTab>
        <blocPub>0</blocPub>
        <blocIll ocr="1">1</blocIll>
        <ills/>
      </page>
      <page hauteurPx="5091" largeurPx="3545" ordre="18">
        <nbMot>17</nbMot>
        <blocTexte>7</blocTexte>
        <blocTab>0</blocTab>
        <blocPub>0</blocPub>
        <blocIll ocr="2">2</blocIll>
        <ills/>
      </page>
      <page hauteurPx="5021" largeurPx="3569" ordre="19">
        <nbMot>23</nbMot>
        <blocTexte>8</blocTexte>
        <blocTab>0</blocTab>
        <blocPub>0</blocPub>
        <blocIll ocr="3">3</blocIll>
        <ills/>
      </page>
      <page hauteurPx="5045" largeurPx="3497" ordre="20">
        <nbMot>122</nbMot>
        <blocTexte>5</blocTexte>
        <blocTab>0</blocTab>
        <blocPub>0</blocPub>
        <blocIll ocr="1">1</blocIll>
        <ills/>
      </page>
      <page hauteurPx="5043" largeurPx="3593" ordre="21">
        <nbMot>606</nbMot>
        <blocTexte>17</blocTexte>
        <blocTab>0</blocTab>
        <blocPub>0</blocPub>
        <blocIll ocr="2">2</blocIll>
        <ills/>
      </page>
      <page hauteurPx="5045" largeurPx="3497" ordre="22">
        <nbMot>54</nbMot>
        <blocTexte>2</blocTexte>
        <blocTab>0</blocTab>
        <blocPub>0</blocPub>
        <blocIll ocr="1">1</blocIll>
        <ills/>
      </page>
      <page hauteurPx="5021" largeurPx="3573" ordre="23">
        <nbMot>1119</nbMot>
        <blocTexte>21</blocTexte>
        <blocTab>0</blocTab>
        <blocPub>0</blocPub>
        <blocIll ocr="1">1</blocIll>
        <ills/>
      </page>
      <page hauteurPx="5055" largeurPx="3477" ordre="24">
        <nbMot>720</nbMot>
        <blocTexte>16</blocTexte>
        <blocTab>0</blocTab>
        <blocPub>0</blocPub>
        <blocIll ocr="2">2</blocIll>
        <ills/>
      </page>
      <page hauteurPx="5047" largeurPx="3605" ordre="25">
        <nbMot>31</nbMot>
        <blocTexte>3</blocTexte>
        <blocTab>0</blocTab>
        <blocPub>0</blocPub>
        <blocIll ocr="1">1</blocIll>
        <ills/>
      </page>
      <page hauteurPx="5105" largeurPx="3537" ordre="26">
        <nbMot>126</nbMot>
        <blocTexte>5</blocTexte>
        <blocTab>0</blocTab>
        <blocPub>0</blocPub>
        <blocIll ocr="1">1</blocIll>
        <ills/>
      </page>
      <page hauteurPx="5063" largeurPx="3627" ordre="27">
        <nbMot>196</nbMot>
        <blocTexte>9</blocTexte>
        <blocTab>0</blocTab>
        <blocPub>0</blocPub>
        <blocIll ocr="1">5</blocIll>
        <ills/>
      </page>
      <page hauteurPx="5091" largeurPx="3561" ordre="28">
        <nbMot>160</nbMot>
        <blocTexte>7</blocTexte>
        <blocTab>0</blocTab>
        <blocPub>0</blocPub>
        <blocIll ocr="4">4</blocIll>
        <ills/>
      </page>
      <page hauteurPx="5021" largeurPx="3569" ordre="29">
        <nbMot>193</nbMot>
        <blocTexte>9</blocTexte>
        <blocTab>0</blocTab>
        <blocPub>0</blocPub>
        <blocIll ocr="1">2</blocIll>
        <ills/>
      </page>
      <page hauteurPx="5067" largeurPx="3525" ordre="30">
        <nbMot>240</nbMot>
        <blocTexte>13</blocTexte>
        <blocTab>0</blocTab>
        <blocPub>0</blocPub>
        <blocIll ocr="1">5</blocIll>
        <ills/>
      </page>
      <page hauteurPx="5021" largeurPx="3561" ordre="31">
        <nbMot>351</nbMot>
        <blocTexte>13</blocTexte>
        <blocTab>0</blocTab>
        <blocPub>0</blocPub>
        <blocIll ocr="2">2</blocIll>
        <ills/>
      </page>
      <page hauteurPx="5055" largeurPx="3511" ordre="32">
        <nbMot>497</nbMot>
        <blocTexte>17</blocTexte>
        <blocTab>0</blocTab>
        <blocPub>0</blocPub>
        <blocIll ocr="1">3</blocIll>
        <ills/>
      </page>
      <page hauteurPx="5021" largeurPx="3561" ordre="33">
        <nbMot>496</nbMot>
        <blocTexte>14</blocTexte>
        <blocTab>0</blocTab>
        <blocPub>0</blocPub>
        <blocIll ocr="1">3</blocIll>
        <ills/>
      </page>
      <page hauteurPx="5077" largeurPx="3535" ordre="34">
        <nbMot>318</nbMot>
        <blocTexte>9</blocTexte>
        <blocTab>0</blocTab>
        <blocPub>0</blocPub>
        <blocIll ocr="3">3</blocIll>
        <ills/>
      </page>
      <page hauteurPx="5021" largeurPx="3589" ordre="35">
        <nbMot>170</nbMot>
        <blocTexte>8</blocTexte>
        <blocTab>0</blocTab>
        <blocPub>0</blocPub>
        <blocIll ocr="1">5</blocIll>
        <ills/>
      </page>
      <page hauteurPx="5045" largeurPx="3489" ordre="36">
        <nbMot>138</nbMot>
        <blocTexte>10</blocTexte>
        <blocTab>0</blocTab>
        <blocPub>0</blocPub>
        <blocIll ocr="1">2</blocIll>
        <ills/>
      </page>
      <page hauteurPx="5069" largeurPx="3621" ordre="37">
        <nbMot>146</nbMot>
        <blocTexte>8</blocTexte>
        <blocTab>0</blocTab>
        <blocPub>0</blocPub>
        <blocIll ocr="1">2</blocIll>
        <ills/>
      </page>
      <page hauteurPx="5045" largeurPx="3465" ordre="38">
        <nbMot>895</nbMot>
        <blocTexte>27</blocTexte>
        <blocTab>0</blocTab>
        <blocPub>0</blocPub>
        <blocIll ocr="3">3</blocIll>
        <ills/>
      </page>
      <page hauteurPx="5033" largeurPx="3569" ordre="39">
        <nbMot>741</nbMot>
        <blocTexte>19</blocTexte>
        <blocTab>0</blocTab>
        <blocPub>0</blocPub>
        <blocIll ocr="3">3</blocIll>
        <ills/>
      </page>
      <page hauteurPx="5081" largeurPx="3537" ordre="40">
        <nbMot>61</nbMot>
        <blocTexte>4</blocTexte>
        <blocTab>0</blocTab>
        <blocPub>0</blocPub>
        <blocIll ocr="1">1</blocIll>
        <ills/>
      </page>
      <page hauteurPx="5051" largeurPx="3599" ordre="41">
        <nbMot>1094</nbMot>
        <blocTexte>31</blocTexte>
        <blocTab>0</blocTab>
        <blocPub>0</blocPub>
        <blocIll ocr="1">1</blocIll>
        <ills/>
      </page>
      <page hauteurPx="5105" largeurPx="3535" ordre="42">
        <nbMot>658</nbMot>
        <blocTexte>14</blocTexte>
        <blocTab>0</blocTab>
        <blocPub>0</blocPub>
        <blocIll ocr="3">3</blocIll>
        <ills/>
      </page>
      <page hauteurPx="5049" largeurPx="3559" ordre="43">
        <nbMot>684</nbMot>
        <blocTexte>13</blocTexte>
        <blocTab>0</blocTab>
        <blocPub>0</blocPub>
        <blocIll ocr="3">3</blocIll>
        <ills/>
      </page>
      <page hauteurPx="5111" largeurPx="3553" ordre="44">
        <nbMot>203</nbMot>
        <blocTexte>19</blocTexte>
        <blocTab>0</blocTab>
        <blocPub>0</blocPub>
        <blocIll ocr="1">5</blocIll>
        <ills/>
      </page>
      <page hauteurPx="5057" largeurPx="3587" ordre="45">
        <nbMot>628</nbMot>
        <blocTexte>22</blocTexte>
        <blocTab>0</blocTab>
        <blocPub>0</blocPub>
        <blocIll ocr="4">4</blocIll>
        <ills/>
      </page>
      <page hauteurPx="5103" largeurPx="3543" ordre="46">
        <nbMot>980</nbMot>
        <blocTexte>23</blocTexte>
        <blocTab>0</blocTab>
        <blocPub>0</blocPub>
        <blocIll ocr="1">1</blocIll>
        <ills/>
      </page>
      <page hauteurPx="5055" largeurPx="3583" ordre="47">
        <nbMot>1262</nbMot>
        <blocTexte>16</blocTexte>
        <blocTab>0</blocTab>
        <blocPub>0</blocPub>
        <blocIll ocr="2">2</blocIll>
        <ills/>
      </page>
      <page hauteurPx="5111" largeurPx="3549" ordre="48">
        <nbMot>115</nbMot>
        <blocTexte>6</blocTexte>
        <blocTab>0</blocTab>
        <blocPub>0</blocPub>
        <blocIll ocr="2">2</blocIll>
        <ills/>
      </page>
      <page hauteurPx="5049" largeurPx="3581" ordre="49">
        <nbMot>123</nbMot>
        <blocTexte>5</blocTexte>
        <blocTab>0</blocTab>
        <blocPub>0</blocPub>
        <blocIll ocr="2">2</blocIll>
        <ills/>
      </page>
      <page hauteurPx="5061" largeurPx="3469" ordre="50">
        <nbMot>127</nbMot>
        <blocTexte>9</blocTexte>
        <blocTab>0</blocTab>
        <blocPub>0</blocPub>
        <blocIll ocr="2">2</blocIll>
        <ills/>
      </page>
      <page hauteurPx="5075" largeurPx="3593" ordre="51">
        <nbMot>133</nbMot>
        <blocTexte>7</blocTexte>
        <blocTab>0</blocTab>
        <blocPub>0</blocPub>
        <blocIll ocr="2">2</blocIll>
        <ills/>
      </page>
      <page hauteurPx="5071" largeurPx="3485" ordre="52">
        <nbMot>164</nbMot>
        <blocTexte>9</blocTexte>
        <blocTab>0</blocTab>
        <blocPub>0</blocPub>
        <blocIll ocr="1">1</blocIll>
        <ills/>
      </page>
      <page hauteurPx="5029" largeurPx="3533" ordre="53">
        <nbMot>846</nbMot>
        <blocTexte>24</blocTexte>
        <blocTab>0</blocTab>
        <blocPub>0</blocPub>
        <blocIll ocr="4">4</blocIll>
        <ills/>
      </page>
      <page hauteurPx="5061" largeurPx="3469" ordre="54">
        <nbMot>248</nbMot>
        <blocTexte>9</blocTexte>
        <blocTab>0</blocTab>
        <blocPub>0</blocPub>
        <blocIll ocr="8">8</blocIll>
        <ills/>
      </page>
      <page hauteurPx="5053" largeurPx="3535" ordre="55">
        <nbMot>291</nbMot>
        <blocTexte>13</blocTexte>
        <blocTab>0</blocTab>
        <blocPub>0</blocPub>
        <blocIll ocr="1">6</blocIll>
        <ills/>
      </page>
      <page hauteurPx="5075" largeurPx="3503" ordre="56">
        <nbMot>303</nbMot>
        <blocTexte>10</blocTexte>
        <blocTab>0</blocTab>
        <blocPub>0</blocPub>
        <blocIll ocr="1">5</blocIll>
        <ills/>
      </page>
      <page hauteurPx="5067" largeurPx="3571" ordre="57">
        <nbMot>65</nbMot>
        <blocTexte>3</blocTexte>
        <blocTab>0</blocTab>
        <blocPub>0</blocPub>
        <blocIll ocr="1">1</blocIll>
        <ills>
          <ill classif="CCyolo CCibm" couleur="gris" edit="1" h="2404" n="57-1" pub="1" taille="2" w="1889" x="709" y="565">
            <contenuImg CS="0.5" lang="fr" source="ibm">suffragette</contenuImg>
            <contenuImg CS="0.721" lang="fr" source="ibm">coiffure bouffante</contenuImg>
            <contenuImg CS="0.857" lang="fr" source="ibm">personne</contenuImg>
            <contenuImg CS="0.794" lang="fr" source="ibm">pièce</contenuImg>
            <contenuImg CS="0.684" coul="1" lang="fr" source="ibm">gris</contenuImg>
            <contenuImg CS="0.535" coul="1" lang="fr" source="ibm">noir charbon</contenuImg>
            <contenuImg CS="0.535" coul="1" lang="en" source="ibm">coal black color</contenuImg>
            <contenuImg CS="0.684" coul="1" lang="en" source="ibm">gray color</contenuImg>
            <contenuImg CS="0.794" lang="en" source="ibm">room</contenuImg>
            <contenuImg CS="0.5" lang="en" source="ibm">women's voting rights activist</contenuImg>
            <contenuImg CS="0.857" lang="en" source="ibm">person</contenuImg>
            <contenuImg CS="0.721" lang="en" source="ibm">bouffant hairstyle</contenuImg>
            <contenuImg CS="0.99" h="2290" lang="fr" source="yolo" w="1616" x="116" y="83">personne</contenuImg>
            <contenuImg CS="0.99" h="2290" lang="en" source="yolo" w="1616" x="116" y="83">person</contenuImg>
            <fonction source="final">repro/photo</fonction>
            <tech source="final">imp photoméca</tech>
            <fonction CS="0.98" source="TensorFlow">repro/photo</fonction>
            <tech CS="1" source="md">imp photoméca</tech>
            <leg>Une Simple Erreur UNE cliente pour laquelle nous venions de copier un rang de Perles Orientales, disait en examinant les deux colliers : Voici le mien, mais c est si parfait, que si je ne le connaissais à fond, je pourrais m y tromper.  Et justement cette Dame désignait le notre!</leg>
            <txt>l  Mai 49 l  Mai 49</txt>
            <genre source="hm" time="2021-01-10T20:53:49.27+01:00">publicité</genre>
            <genre source="final">publicité</genre>
          </ill>
        </ills>
      </page>
      <page hauteurPx="5109" largeurPx="3551" ordre="58">
        <nbMot>619</nbMot>
        <blocTexte>18</blocTexte>
        <blocTab>0</blocTab>
        <blocPub>6</blocPub>
        <blocIll ocr="1">4</blocIll>
        <ills>
          <ill classif="CCibm CCyolo" couleur="gris" edit="1" h="758" n="58-2" pub="1" seg="1" source="hm" time="2021-01-10T20:57:52.499+01:00" w="1112" x="488" y="3962">
            <contenuImg CS="0.98" lang="fr" source="ibm">cabane Nissen</contenuImg>
            <contenuImg CS="0.98" lang="fr" source="ibm">abri</contenuImg>
            <contenuImg CS="0.777" lang="fr" source="ibm">bâtiment</contenuImg>
            <contenuImg CS="0.954" coul="1" lang="fr" source="ibm">gris</contenuImg>
            <contenuImg CS="0.28" h="83" lang="fr" source="yolo" w="56" x="63" y="403">personne</contenuImg>
            <contenuImg CS="0.28" h="83" lang="en" source="yolo" w="56" x="63" y="403">person</contenuImg>
            <contenuImg CS="0.954" coul="1" lang="en" source="ibm">gray color</contenuImg>
            <contenuImg CS="0.777" lang="en" source="ibm">building</contenuImg>
            <contenuImg CS="0.98" lang="en" source="ibm">shelter</contenuImg>
            <contenuImg CS="0.98" lang="en" source="ibm">Nissen hut</contenuImg>
            <fonction source="final">repro/dessin</fonction>
            <fonction source="md">repro/dessin</fonction>
            <tech source="final">imp photoméca</tech>
            <tech source="md">imp photoméca</tech>
            <genre source="hm" time="2021-01-10T20:58:31.92+01:00">publicité</genre>
            <genre source="final">publicité</genre>
          </ill>
          <ill classif="CCibm" couleur="gris" edit="1" h="956" n="58-3" pub="1" seg="1" source="hm" time="2021-01-10T20:58:08.946+01:00" w="840" x="651" y="340">
            <contenuImg CS="0.694" lang="fr" source="ibm">pentagone</contenuImg>
            <contenuImg CS="0.765" lang="fr" source="ibm">polygone</contenuImg>
            <contenuImg CS="0.765" lang="fr" source="ibm">silhouette</contenuImg>
            <contenuImg CS="0.5" lang="fr" source="ibm">triangle</contenuImg>
            <contenuImg CS="0.6" lang="fr" source="ibm">presse écrite</contenuImg>
            <contenuImg CS="0.599" lang="fr" source="ibm">revêtement de protection</contenuImg>
            <contenuImg CS="0.593" lang="fr" source="ibm">tissu</contenuImg>
            <contenuImg CS="0.961" coul="1" lang="fr" source="ibm">gris</contenuImg>
            <contenuImg CS="0.961" coul="1" lang="en" source="ibm">gray color</contenuImg>
            <contenuImg CS="0.593" lang="en" source="ibm">fabric</contenuImg>
            <contenuImg CS="0.599" lang="en" source="ibm">protective covering</contenuImg>
            <contenuImg CS="0.6" lang="en" source="ibm">print media</contenuImg>
            <contenuImg CS="0.5" lang="en" source="ibm">triangle</contenuImg>
            <contenuImg CS="0.765" lang="en" source="ibm">figure</contenuImg>
            <contenuImg CS="0.765" lang="en" source="ibm">polygon</contenuImg>
            <contenuImg CS="0.694" lang="en" source="ibm">pentagon</contenuImg>
            <fonction source="final">repro/dessin</fonction>
            <fonction source="md">repro/dessin</fonction>
            <tech source="final">imp photoméca</tech>
            <tech source="md">imp photoméca</tech>
            <genre source="hm" time="2021-01-10T20:58:29.437+01:00">publicité</genre>
            <genre source="final">publicité</genre>
          </ill>
        </ills>
      </page>
      <page hauteurPx="5047" largeurPx="3545" ordre="59">
        <nbMot>557</nbMot>
        <blocTexte>21</blocTexte>
        <blocTab>0</blocTab>
        <blocPub>9</blocPub>
        <blocIll ocr="1">3</blocIll>
        <ills>
          <ill classif="CCyolo CCibm" couleur="gris" h="1151" n="59-1" pub="1" taille="0" w="1163" x="1969" y="525">
            <contenuImg CS="0.574" lang="fr" source="ibm">stylo et encre</contenuImg>
            <contenuImg CS="0.561" lang="fr" source="ibm">antenne satellite</contenuImg>
            <contenuImg CS="0.568" lang="fr" source="ibm">antenne</contenuImg>
            <contenuImg CS="0.568" lang="fr" source="ibm">appareil électrique</contenuImg>
            <contenuImg CS="0.505" lang="fr" source="ibm">gnomon (cadran solaire)</contenuImg>
            <contenuImg CS="0.505" lang="fr" source="ibm">indicateur</contenuImg>
            <contenuImg CS="0.5" lang="fr" source="ibm">photogravure</contenuImg>
            <contenuImg CS="0.588" lang="fr" source="ibm">instrument de musique</contenuImg>
            <contenuImg CS="0.915" coul="1" lang="fr" source="ibm">gris</contenuImg>
            <contenuImg CS="0.723" coul="1" lang="fr" source="ibm">noir</contenuImg>
            <contenuImg CS="0.723" coul="1" lang="en" source="ibm">black color</contenuImg>
            <contenuImg CS="0.915" coul="1" lang="en" source="ibm">gray color</contenuImg>
            <contenuImg CS="0.588" lang="en" source="ibm">musical instrument</contenuImg>
            <contenuImg CS="0.5" lang="en" source="ibm">photogravure (print)</contenuImg>
            <contenuImg CS="0.505" lang="en" source="ibm">indicator</contenuImg>
            <contenuImg CS="0.505" lang="en" source="ibm">gnomon (sundial)</contenuImg>
            <contenuImg CS="0.568" lang="en" source="ibm">electrical device</contenuImg>
            <contenuImg CS="0.568" lang="en" source="ibm">antenna</contenuImg>
            <contenuImg CS="0.561" lang="en" source="ibm">satellite dish</contenuImg>
            <contenuImg CS="0.574" lang="en" source="ibm">pen-and-ink</contenuImg>
            <contenuImg CS="0.69" h="873" lang="fr" source="yolo" w="300" x="313" y="143">personne</contenuImg>
            <contenuImg CS="0.69" h="873" lang="en" source="yolo" w="300" x="313" y="143">person</contenuImg>
            <contenuImg CS="0.74" h="713" lang="en" source="yolo" w="360" x="603" y="226">person</contenuImg>
            <genre source="final">publicité</genre>
            <genre source="md">publicité</genre>
            <fonction source="final">repro/dessin</fonction>
            <tech source="final">imp photoméca</tech>
            <fonction CS="0.91" source="TensorFlow">repro/dessin</fonction>
            <tech CS="1" source="md">imp photoméca</tech>
            <leg>Madame, 1 Votre plus grand désir est d être conseillée.</leg>
            <txt>LEVESTPOCKET AUSCO  LEVESTPOCKET KODAK  I LESSTÉRÉOSPIDOS 6X)3 rOlOIHGS 6 /2X9«r 9X12 y T o., Fo.» 4«6Vj ] floDEK BoisG*int. PlïX depuis I230ls PrixdepuiN ils P Prix depuis 130 frs Prix depuis 135 frs ,j. Nooili M[taluou £ PmdepufstSOOfi J APPAREILS DE LUXE LEVESTPOCICET  AUSCO  l, VËIlASCOPE RICHARD FORMAT 1 0 ¡;¡OM AT 6X9 rO T6)(9-6r/z.xl1-8JtJ4 Prix depuis 395 frs.j 1 Prix depuis 140fr3 i iPrix depuis 150 Prj^^L L ^R,1 ; ?^0X PE 45 x 107 Prix depuis 140fr Prix depuis I¡jO frs:.,--Prixdcpuls-+40frs LES S. O NTOSCOPE .+ 6 13 L DE Ulf Fo*** y 6x9 „ FO««ATS 6*9 et 6/2 * 11 GW Cru depuis 540 fi-sV^i Prix depuis 385 frs i Prix depuis 272 frs  A Prix depuis 1200frs IOTA: tioyPoSJÉDOQJ EtjjTOCK TOUTEf lEfMAWUEJ DUPPMEJIJ ETTOUTCE QUI COIfŒRIIE LA PHOTO t I J 57 59, Rue Lafayef te, P/1RI -OPÉR/T [MISOHVENDANT LAPLLSLMPOETANTBMAISO.-TFEANGUSE SPÉCIALISTE [ EXPÉDITIOCIS 1 HEILLEU— RMARCHÉ POUR LA VENTE DES APPAREILS PHOTO LMOMDE EN-RIER J * ADIlEE TtllQQAPHtQUt : PLATOSCOPE. • PARIS V (?;oUf /lOf .dppo?eiú jo/t/w/idi/.fçara/s upe(plllle úémdge ) APPAREILS APPAREILS APELLICULES (APPAREILS PLAOUES -LÀ CHARGEANT YN PLEIN JOUR STÉRÉOSCOPI E TLÂTT NSCO^^KODAK   K G AOMO^IT,</txt>
          </ill>
          <ill classif="CCibm CCyolo" couleur="gris" edit="1" h="1133" n="59-2" pub="1" seg="1" source="hm" time="2021-01-10T20:58:59+01:00" w="869" x="52" y="270">
            <txt source="google">"CHEVILLES - ENFLÉES - FATIGUE - MEURTRISSURES - AMPOULES - DOUCEURS - BRULURES. - Ne - plus d - TRANSPIRATION - DURILLONS - Un sim - peu coût - rassera - OIGNONG - GORS - de vos - ",</txt>
            <contenuImg CS="0.582" lang="fr" source="ibm">guitare électrique</contenuImg>
            <contenuImg CS="0.585" lang="fr" source="ibm">guitare</contenuImg>
            <contenuImg CS="0.595" lang="fr" source="ibm">instrument à cordes</contenuImg>
            <contenuImg CS="0.597" lang="fr" source="ibm">instrument de musique</contenuImg>
            <contenuImg CS="0.542" lang="fr" source="ibm">pupitre</contenuImg>
            <contenuImg CS="0.542" lang="fr" source="ibm">grille</contenuImg>
            <contenuImg CS="0.542" lang="fr" source="ibm">support</contenuImg>
            <contenuImg CS="0.528" lang="fr" source="ibm">bonneterie</contenuImg>
            <contenuImg CS="0.5" lang="fr" source="ibm">brigandine</contenuImg>
            <contenuImg CS="0.5" lang="fr" source="ibm">gilet pare-balles</contenuImg>
            <contenuImg CS="0.5" lang="fr" source="ibm">armure</contenuImg>
            <contenuImg CS="0.5" lang="fr" source="ibm">revêtement de protection</contenuImg>
            <contenuImg CS="0.6" lang="fr" source="ibm">vêtements</contenuImg>
            <contenuImg CS="0.864" coul="1" lang="fr" source="ibm">charbon (couleur)</contenuImg>
            <contenuImg CS="0.587" coul="1" lang="fr" source="ibm">gris</contenuImg>
            <contenuImg CS="0.37" h="1093" lang="fr" source="yolo" w="826" x="23" y="20">livre</contenuImg>
            <contenuImg CS="0.37" h="1093" lang="en" source="yolo" w="826" x="23" y="20">book</contenuImg>
            <contenuImg CS="0.587" coul="1" lang="en" source="ibm">gray color</contenuImg>
            <contenuImg CS="0.864" coul="1" lang="en" source="ibm">charcoal color</contenuImg>
            <contenuImg CS="0.6" lang="en" source="ibm">clothing</contenuImg>
            <contenuImg CS="0.5" lang="en" source="ibm">protective covering</contenuImg>
            <contenuImg CS="0.5" lang="en" source="ibm">armor</contenuImg>
            <contenuImg CS="0.5" lang="en" source="ibm">body armor</contenuImg>
            <contenuImg CS="0.5" lang="en" source="ibm">brigandine (armor)</contenuImg>
            <contenuImg CS="0.528" lang="en" source="ibm">hosiery</contenuImg>
            <contenuImg CS="0.542" lang="en" source="ibm">support</contenuImg>
            <contenuImg CS="0.542" lang="en" source="ibm">rack</contenuImg>
            <contenuImg CS="0.542" lang="en" source="ibm">music stand</contenuImg>
            <contenuImg CS="0.597" lang="en" source="ibm">musical instrument</contenuImg>
            <contenuImg CS="0.595" lang="en" source="ibm">stringed instrument</contenuImg>
            <contenuImg CS="0.585" lang="en" source="ibm">guitar</contenuImg>
            <contenuImg CS="0.582" lang="en" source="ibm">electric guitar</contenuImg>
            <fonction source="final">repro/dessin</fonction>
            <fonction source="md">repro/dessin</fonction>
            <tech source="final">imp photoméca</tech>
            <tech source="md">imp photoméca</tech>
            <genre source="hm" time="2021-01-10T20:59:17.917+01:00">publicité</genre>
            <genre source="final">publicité</genre>
          </ill>
          <ill classif="CCibm" couleur="gris" edit="1" h="1262" n="59-3" pub="1" seg="1" source="hm" time="2021-01-10T20:59:20.243+01:00" w="1491" x="72" y="3303">
            <txt source="google">"\"PLAIT \"\"ANSCO\" KODAK\" \"GAUMONT\" - FORRAY 4 x 62 - LEVEST POCKET \"ANSCO\" LEVEST POCKET \"KODAK\" LES STÉRÉOSPIDOS 6x13 - FOLDINGS 6/2x99x12 - FORMAT 4 x 6V MoreLe Bois GAINE. Prix depuis 1250 - Prix depuis 75 frs Prix depuis 130 frs. Prix depuis 135 frs. MODELE - METALLIQUE. Prir depuis 1800 - \"NOXA - VERASCOPE RICHARD - FORMAT - 45 X 107 - FORMAT 6 Vax 9 - FORMAT 6x9 - APPAREILS DE LUXE LEVEST POCKET \"ANSCO\" LES BROWNIES PLIANTS KODAK\" - FORRATS 6X9 - 6/2x11 - 8x14 - Prix depuis 395 frs. Prix depuis 140 frs. Prix depuis 150 frs. Prix depuis 440 frs - LES\" S.O.M\" - LONTOSCOPE - FORMATS 45x107 et 6x13 - STOP - Formats 6Y2x9 er 9x12 - Prix depuis 340 frs - ULEVEST POCKET ANSCO\"DE LUXE LES KODAK \"JUNIORS - Prix depuis 385 frs Prix depuis 272 frs. - FORMAT - X9 - FORMATS 6x9 62x11 - Prix depuis 1200 frs - ",</txt>
            <contenuImg CS="0.964" lang="fr" source="ibm">timbre papier</contenuImg>
            <contenuImg CS="0.964" lang="fr" source="ibm">document écrit</contenuImg>
            <contenuImg CS="0.799" lang="fr" source="ibm">presse écrite</contenuImg>
            <contenuImg CS="0.634" coul="1" lang="fr" source="ibm">gris</contenuImg>
            <contenuImg CS="0.603" coul="1" lang="fr" source="ibm">vert olive</contenuImg>
            <contenuImg CS="0.603" coul="1" lang="en" source="ibm">olive green color</contenuImg>
            <contenuImg CS="0.634" coul="1" lang="en" source="ibm">gray color</contenuImg>
            <contenuImg CS="0.799" lang="en" source="ibm">print media</contenuImg>
            <contenuImg CS="0.964" lang="en" source="ibm">written document</contenuImg>
            <contenuImg CS="0.964" lang="en" source="ibm">paper-based stamps/currency</contenuImg>
            <fonction source="final">repro/dessin</fonction>
            <fonction source="md">repro/dessin</fonction>
            <tech source="final">imp photoméca</tech>
            <tech source="md">imp photoméca</tech>
            <genre source="hm" time="2021-01-10T20:59:34.325+01:00">publicité</genre>
            <genre source="final">publicité</genre>
          </ill>
        </ills>
      </page>
      <page hauteurPx="5081" largeurPx="3509" ordre="60">
        <nbMot>909</nbMot>
        <blocTexte>25</blocTexte>
        <blocTab>0</blocTab>
        <blocPub>9</blocPub>
        <blocIll ocr="4">4</blocIll>
        <ills>
          <ill classif="CCyolo CCibm" couleur="gris" edit="1" h="1529" n="60-1" pub="1" taille="0" w="838" x="157" y="277">
            <contenuImg CS="0.559" lang="fr" source="ibm">surplis (robe ample)</contenuImg>
            <contenuImg CS="0.821" lang="fr" source="ibm">personne</contenuImg>
            <contenuImg CS="0.56" lang="fr" source="ibm">robe</contenuImg>
            <contenuImg CS="0.56" lang="fr" source="ibm">vêtements d'extérieur</contenuImg>
            <contenuImg CS="0.5" lang="fr" source="ibm">robe Garibaldi</contenuImg>
            <contenuImg CS="0.801" lang="fr" source="ibm">vêtements</contenuImg>
            <contenuImg CS="0.987" coul="1" lang="fr" source="ibm">gris</contenuImg>
            <contenuImg CS="0.987" coul="1" lang="en" source="ibm">gray color</contenuImg>
            <contenuImg CS="0.801" lang="en" source="ibm">clothing</contenuImg>
            <contenuImg CS="0.5" lang="en" source="ibm">garibaldi dress</contenuImg>
            <contenuImg CS="0.56" lang="en" source="ibm">outerwear</contenuImg>
            <contenuImg CS="0.56" lang="en" source="ibm">gown</contenuImg>
            <contenuImg CS="0.559" lang="en" source="ibm">surplice (loose dress)</contenuImg>
            <contenuImg CS="0.821" lang="en" source="ibm">person</contenuImg>
            <contenuImg CS="0.74" h="1413" lang="fr" source="yolo" w="763" x="46" y="80">personne</contenuImg>
            <contenuImg CS="0.51" h="543" lang="fr" source="yolo" w="103" x="510" y="326">sac à main</contenuImg>
            <contenuImg CS="0.51" h="543" lang="en" source="yolo" w="103" x="510" y="326">handbag</contenuImg>
            <contenuImg CS="0.74" h="1413" lang="en" source="yolo" w="763" x="46" y="80">person</contenuImg>
            <fonction source="final">repro/dessin</fonction>
            <tech source="final">imp photoméca</tech>
            <fonction CS="0.95" source="TensorFlow">repro/dessin</fonction>
            <tech CS="1" source="md">imp photoméca</tech>
            <leg>ROBE serge bleue avec petite cape, garnitures de tresses noires cirées.</leg>
            <txt>54 VOGUE 54 VOGUE</txt>
            <genre source="hm" time="2020-11-01T12:47:12.058+01:00">publicité</genre>
            <genre source="final">publicité</genre>
          </ill>
          <ill classif="CCyolo CCibm" couleur="gris" edit="1" h="1719" n="60-2" pub="1" taille="0" w="838" x="157" y="2121">
            <contenuImg CS="0.5" lang="fr" source="ibm">suffragette</contenuImg>
            <contenuImg CS="0.504" lang="fr" source="ibm">personne</contenuImg>
            <contenuImg CS="0.5" lang="fr" source="ibm">blason</contenuImg>
            <contenuImg CS="0.5" lang="fr" source="ibm">arbre</contenuImg>
            <contenuImg CS="0.796" lang="fr" source="ibm">silhouette</contenuImg>
            <contenuImg CS="0.86" lang="fr" source="ibm">coiffure</contenuImg>
            <contenuImg CS="0.724" coul="1" lang="fr" source="ibm">émeraude (couleur)</contenuImg>
            <contenuImg CS="1" coul="1" lang="fr" source="ibm">gris</contenuImg>
            <contenuImg CS="1" coul="1" lang="en" source="ibm">gray color</contenuImg>
            <contenuImg CS="0.724" coul="1" lang="en" source="ibm">emerald color</contenuImg>
            <contenuImg CS="0.86" lang="en" source="ibm">headdress</contenuImg>
            <contenuImg CS="0.796" lang="en" source="ibm">figure</contenuImg>
            <contenuImg CS="0.5" lang="en" source="ibm">tree</contenuImg>
            <contenuImg CS="0.5" lang="en" source="ibm">stemma</contenuImg>
            <contenuImg CS="0.5" lang="en" source="ibm">women's voting rights activist</contenuImg>
            <contenuImg CS="0.504" lang="en" source="ibm">person</contenuImg>
            <contenuImg CS="0.57" h="516" lang="fr" source="yolo" w="486" x="260" y="53">parapluie</contenuImg>
            <contenuImg CS="0.47" h="1503" lang="fr" source="yolo" w="603" x="113" y="180">personne</contenuImg>
            <contenuImg CS="0.47" h="1503" lang="en" source="yolo" w="603" x="113" y="180">person</contenuImg>
            <contenuImg CS="0.57" h="516" lang="en" source="yolo" w="486" x="260" y="53">umbrella</contenuImg>
            <fonction source="final">repro/dessin</fonction>
            <tech source="final">imp photoméca</tech>
            <fonction CS="0.94" source="TensorFlow">repro/dessin</fonction>
            <tech CS="1" source="md">imp photoméca</tech>
            <leg>TAILLEUR gabardine beige moirée avec garniture cellophane genre paille.</leg>
            <txt>ROBE serge bleue avec petite cape, garnitures de tresses noires cirées. 54 VOGUE</txt>
            <genre source="hm" time="2020-11-01T12:47:10.045+01:00">publicité</genre>
            <genre source="final">publicité</genre>
          </ill>
          <ill classif="CCibm" couleur="gris" h="391" n="60-4" pub="1" taille="0" w="460" x="2923" y="3607">
            <contenuImg CS="0.854" lang="fr" source="ibm">sous-bock</contenuImg>
            <contenuImg CS="0.548" lang="fr" source="ibm">rondelle de hockey</contenuImg>
            <contenuImg CS="0.548" lang="fr" source="ibm">cercle</contenuImg>
            <contenuImg CS="0.5" lang="fr" source="ibm">écusson d'épaule</contenuImg>
            <contenuImg CS="0.5" lang="fr" source="ibm">tissu</contenuImg>
            <contenuImg CS="0.8" lang="fr" source="ibm">disque</contenuImg>
            <contenuImg CS="0.792" lang="fr" source="ibm">ustensile</contenuImg>
            <contenuImg CS="0.638" coul="1" lang="fr" source="ibm">charbon (couleur)</contenuImg>
            <contenuImg CS="0.6" coul="1" lang="fr" source="ibm">olive</contenuImg>
            <contenuImg CS="0.6" coul="1" lang="en" source="ibm">olive color</contenuImg>
            <contenuImg CS="0.638" coul="1" lang="en" source="ibm">charcoal color</contenuImg>
            <contenuImg CS="0.792" lang="en" source="ibm">utensil</contenuImg>
            <contenuImg CS="0.8" lang="en" source="ibm">disk</contenuImg>
            <contenuImg CS="0.5" lang="en" source="ibm">fabric</contenuImg>
            <contenuImg CS="0.5" lang="en" source="ibm">shoulder patch</contenuImg>
            <contenuImg CS="0.548" lang="en" source="ibm">circle</contenuImg>
            <contenuImg CS="0.548" lang="en" source="ibm">hockey puck</contenuImg>
            <contenuImg CS="0.854" lang="en" source="ibm">beer mat</contenuImg>
            <genre source="final">publicité</genre>
            <genre source="md">publicité</genre>
            <fonction source="final">repro/dessin</fonction>
            <tech source="final">imp photoméca</tech>
            <fonction CS="0.88" source="TensorFlow">repro/dessin</fonction>
            <tech CS="1" source="md">imp photoméca</tech>
            <leg>SIÉGE SOCIAL : Lyon, 14/16, Rue Tronchet MAISONS DE VENTE : Paris, 119, Rue Réaumur Tél. : Centr. 33-18 Louvre 41,59 Londres, 33, Old Change New-York, 72-94 Madison Av.</leg>
            <txt>Fabricants de Mousselines, Crêpes Tissus Nouveautés Façonnés et Imprimés DESCOURS   GENTHON Soieries Société Anonyme au Capital de 6.000.000 de francs o</txt>
          </ill>
        </ills>
      </page>
      <page hauteurPx="5065" largeurPx="3559" ordre="61">
        <nbMot>37</nbMot>
        <blocTexte>2</blocTexte>
        <blocTab>0</blocTab>
        <blocPub>2</blocPub>
        <blocIll ocr="1">1</blocIll>
        <ills>
          <ill classif="CCyolo CCibm" couleur="gris" h="2466" n="61-1" pub="1" taille="3" w="3434" x="37" y="2366">
            <contenuImg CS="0.798" lang="fr" source="ibm">musée (intérieur)</contenuImg>
            <contenuImg CS="0.599" lang="fr" source="ibm">bâtiment</contenuImg>
            <contenuImg CS="0.593" lang="fr" source="ibm">voiture</contenuImg>
            <contenuImg CS="0.59" lang="fr" source="ibm">véhicule</contenuImg>
            <contenuImg CS="0.905" coul="1" lang="fr" source="ibm">gris cendré</contenuImg>
            <contenuImg CS="0.579" coul="1" lang="fr" source="ibm">gris</contenuImg>
            <contenuImg CS="0.579" coul="1" lang="en" source="ibm">gray color</contenuImg>
            <contenuImg CS="0.905" coul="1" lang="en" source="ibm">ash grey color</contenuImg>
            <contenuImg CS="0.59" lang="en" source="ibm">vehicle</contenuImg>
            <contenuImg CS="0.593" lang="en" source="ibm">car</contenuImg>
            <contenuImg CS="0.599" lang="en" source="ibm">building</contenuImg>
            <contenuImg CS="0.798" lang="en" source="ibm">Museum (Indoor)</contenuImg>
            <contenuImg CS="0.88" h="226" lang="fr" source="yolo" w="133" x="2556" y="1233">personne</contenuImg>
            <contenuImg CS="0.86" h="1073" lang="fr" source="yolo" w="2873" x="470" y="1203">voiture</contenuImg>
            <contenuImg CS="0.86" h="1073" lang="en" source="yolo" w="2873" x="470" y="1203">car</contenuImg>
            <contenuImg CS="0.88" h="226" lang="en" source="yolo" w="133" x="2556" y="1233">person</contenuImg>
            <contenuImg CS="0.88" h="296" lang="en" source="yolo" w="373" x="1850" y="1256">person</contenuImg>
            <genre source="final">publicité</genre>
            <genre source="md">publicité</genre>
            <fonction source="final">repro/photo</fonction>
            <tech source="final">imp photoméca</tech>
            <fonction CS="0.48" source="TensorFlow">repro/photo</fonction>
            <tech CS="1" source="md">imp photoméca</tech>
            <txt>JA VOITURE DELA G £ Qracea^kz uc/f ie fleu rilanicu^e à inzfèeccav/e exécution oét  La iHyitur e pre/érée de la -~ c/îBniel(B eùdycirite \~J~ c=~  W7LLendoiL!em¿ SixCYLINDRES GRAND SPORT DEux LITRES SPORT -11 HP.</txt>
          </ill>
        </ills>
      </page>
      <page hauteurPx="5081" largeurPx="3509" ordre="62">
        <nbMot>192</nbMot>
        <blocTexte>6</blocTexte>
        <blocTab>0</blocTab>
        <blocPub>5</blocPub>
        <ills>
          <ill classif="CCibm CCyolo" couleur="gris" edit="1" h="3200" n="62-1" pub="1" seg="1" source="hm" time="2021-01-10T20:59:46.629+01:00" w="3129" x="253" y="958">
            <txt source="google">"POUR VOS PLAISIRS - Vous AUREZ BIENTÔT UNE - VOYAGES - AFFAIRES - CITROËN - ut - Oo - SEE - ",</txt>
            <contenuImg CS="0.872" lang="fr" source="ibm">salle d'étude</contenuImg>
            <contenuImg CS="0.5" lang="fr" source="ibm">banquise</contenuImg>
            <contenuImg CS="0.501" lang="fr" source="ibm">masse de glace</contenuImg>
            <contenuImg CS="0.501" lang="fr" source="ibm">nature</contenuImg>
            <contenuImg CS="0.786" lang="fr" source="ibm">cellule</contenuImg>
            <contenuImg CS="0.784" lang="fr" source="ibm">plante</contenuImg>
            <contenuImg CS="0.997" coul="1" lang="fr" source="ibm">gris</contenuImg>
            <contenuImg CS="0.62" h="3030" lang="fr" source="yolo" w="3030" x="53" y="76">cerf-volant</contenuImg>
            <contenuImg CS="0.62" h="3030" lang="en" source="yolo" w="3030" x="53" y="76">kite</contenuImg>
            <contenuImg CS="0.997" coul="1" lang="en" source="ibm">gray color</contenuImg>
            <contenuImg CS="0.784" lang="en" source="ibm">plant</contenuImg>
            <contenuImg CS="0.786" lang="en" source="ibm">cell</contenuImg>
            <contenuImg CS="0.501" lang="en" source="ibm">nature</contenuImg>
            <contenuImg CS="0.501" lang="en" source="ibm">ice mass</contenuImg>
            <contenuImg CS="0.5" lang="en" source="ibm">ice floe</contenuImg>
            <contenuImg CS="0.872" lang="en" source="ibm">study</contenuImg>
            <fonction source="final">repro/dessin</fonction>
            <fonction source="md">repro/dessin</fonction>
            <tech source="final">imp photoméca</tech>
            <tech source="md">imp photoméca</tech>
            <genre source="hm" time="2021-01-10T21:00:21.217+01:00">publicité</genre>
            <genre source="final">publicité</genre>
          </ill>
        </ills>
        <blocIll ocr="0">1</blocIll>
      </page>
    </pages>
  </contenus>
</analyseAlto>