<analyseAlto>
  <metad>
    <type>R</type>
    <ID>bpt6k6538237f</ID>
    <notice>cb343833568</notice>
    <titre>Vogue 1932/09</titre>
    <dateEdition>1932-09</dateEdition>
    <lang>fre</lang>
    <source>BnF</source>
    <nbPage>62</nbPage>
  </metad>
  <contenus>
    <largeur>153</largeur>
    <hauteur>213</hauteur>
    <largeurPx>3629</largeurPx>
    <hauteurPx>5049</hauteurPx>
    <pages>
      <page hauteurPx="5049" largeurPx="3629" ordre="1">
        <nbMot>32</nbMot>
        <blocTexte>4</blocTexte>
        <blocTab>0</blocTab>
        <blocPub>0</blocPub>
        <blocIll ocr="1">1</blocIll>
        <ills/>
      </page>
      <page hauteurPx="5081" largeurPx="3533" ordre="2">
        <nbMot>5</nbMot>
        <blocTexte>2</blocTexte>
        <blocTab>0</blocTab>
        <blocPub>0</blocPub>
        <blocIll ocr="1">1</blocIll>
        <ills>
          <ill classif="CCibm" couleur="gris" edit="1" h="1890" n="2-1" pub="1" taille="2" w="2772" x="502" y="991">
            <contenuImg CS="0.519" lang="fr" source="ibm">pentagone</contenuImg>
            <contenuImg CS="0.524" lang="fr" source="ibm">polygone</contenuImg>
            <contenuImg CS="0.524" lang="fr" source="ibm">silhouette</contenuImg>
            <contenuImg CS="0.5" lang="fr" source="ibm">bouclier</contenuImg>
            <contenuImg CS="0.5" lang="fr" source="ibm">revêtement de protection</contenuImg>
            <contenuImg CS="0.595" lang="fr" source="ibm">drapeau</contenuImg>
            <contenuImg CS="0.6" lang="fr" source="ibm">tissu</contenuImg>
            <contenuImg CS="0.867" coul="1" lang="fr" source="ibm">gris</contenuImg>
            <contenuImg CS="0.731" coul="1" lang="fr" source="ibm">gris cendré</contenuImg>
            <contenuImg CS="0.731" coul="1" lang="en" source="ibm">ash grey color</contenuImg>
            <contenuImg CS="0.867" coul="1" lang="en" source="ibm">gray color</contenuImg>
            <contenuImg CS="0.6" lang="en" source="ibm">fabric</contenuImg>
            <contenuImg CS="0.595" lang="en" source="ibm">flag</contenuImg>
            <contenuImg CS="0.5" lang="en" source="ibm">protective covering</contenuImg>
            <contenuImg CS="0.5" lang="en" source="ibm">shield</contenuImg>
            <contenuImg CS="0.524" lang="en" source="ibm">figure</contenuImg>
            <contenuImg CS="0.524" lang="en" source="ibm">polygon</contenuImg>
            <contenuImg CS="0.519" lang="en" source="ibm">pentagon</contenuImg>
            <fonction source="final">repro/dessin</fonction>
            <tech source="final">imp photoméca</tech>
            <fonction CS="0.82" source="TensorFlow">repro/dessin</fonction>
            <tech CS="1" source="md">imp photoméca</tech>
            <leg>32, FAUBOURG ST-HONORÉ</leg>
            <txt>2 VOGUE 2 VOGUE</txt>
            <genre source="hm" time="2020-10-31T19:19:26.683+01:00">publicité</genre>
            <genre source="final">publicité</genre>
          </ill>
        </ills>
      </page>
      <page hauteurPx="5073" largeurPx="3663" ordre="3">
        <nbMot>30</nbMot>
        <blocTexte>2</blocTexte>
        <blocTab>0</blocTab>
        <blocPub>1</blocPub>
        <blocIll ocr="1">1</blocIll>
        <ills>
          <ill classif="CCyolo CCibm" couleur="gris" h="4434" n="3-1" pub="1" taille="6" w="3340" x="93" y="265">
            <contenuImg CS="0.895" lang="fr" source="ibm">journal</contenuImg>
            <contenuImg CS="0.895" lang="fr" source="ibm">média</contenuImg>
            <contenuImg CS="0.801" lang="fr" source="ibm">presse écrite</contenuImg>
            <contenuImg CS="0.963" coul="1" lang="fr" source="ibm">gris</contenuImg>
            <contenuImg CS="0.703" coul="1" lang="fr" source="ibm">gris cendré</contenuImg>
            <contenuImg CS="0.703" coul="1" lang="en" source="ibm">ash grey color</contenuImg>
            <contenuImg CS="0.963" coul="1" lang="en" source="ibm">gray color</contenuImg>
            <contenuImg CS="0.801" lang="en" source="ibm">print media</contenuImg>
            <contenuImg CS="0.895" lang="en" source="ibm">medium</contenuImg>
            <contenuImg CS="0.895" lang="en" source="ibm">newspaper</contenuImg>
            <contenuImg CS="0.25" h="4500" lang="fr" source="yolo" w="3163" x="103" y="33">livre</contenuImg>
            <contenuImg CS="0.25" h="4500" lang="en" source="yolo" w="3163" x="103" y="33">book</contenuImg>
            <genre source="final">publicité</genre>
            <genre source="md">publicité</genre>
            <fonction source="final">repro/photo</fonction>
            <tech source="final">imp photoméca</tech>
            <fonction CS="0.48" source="TensorFlow">repro/photo</fonction>
            <tech CS="1" source="md">imp photoméca</tech>
            <leg>3, RUE DES MOULINS. — PARIS BUREAUX DE VENTE : A NICE, 4, AVENUE DE VERDUN. TÉL. : 85-21. A BORDEAUX, 25, RUE CONDILLAC. TÉL. : 35-40</leg>
            <txt>SEPTEMBRE 1932 3 SEPTEMBRE 1932 3</txt>
          </ill>
        </ills>
      </page>
      <page hauteurPx="5081" largeurPx="3533" ordre="4">
        <nbMot>46</nbMot>
        <blocTexte>6</blocTexte>
        <blocTab>0</blocTab>
        <blocPub>5</blocPub>
        <blocIll ocr="1">1</blocIll>
        <ills>
          <ill classif="CCyolo CCibm" couleur="gris" h="2523" n="4-1" pub="1" taille="1" w="1515" x="2017" y="258">
            <contenuImg CS="0.815" lang="fr" source="ibm">bureau des vétérinaires</contenuImg>
            <contenuImg CS="0.815" lang="fr" source="ibm">pièce</contenuImg>
            <contenuImg CS="0.5" lang="fr" source="ibm">barbe</contenuImg>
            <contenuImg CS="0.501" lang="fr" source="ibm">personne</contenuImg>
            <contenuImg CS="0.798" lang="fr" source="ibm">coiffure</contenuImg>
            <contenuImg CS="0.955" coul="1" lang="fr" source="ibm">noir</contenuImg>
            <contenuImg CS="0.955" coul="1" lang="en" source="ibm">black color</contenuImg>
            <contenuImg CS="0.798" lang="en" source="ibm">headdress</contenuImg>
            <contenuImg CS="0.501" lang="en" source="ibm">person</contenuImg>
            <contenuImg CS="0.5" lang="en" source="ibm">beard</contenuImg>
            <contenuImg CS="0.815" lang="en" source="ibm">room</contenuImg>
            <contenuImg CS="0.815" lang="en" source="ibm">Veterinarians Office</contenuImg>
            <contenuImg CS="0.81" h="2123" lang="fr" source="yolo" w="1220" x="233" y="326">personne</contenuImg>
            <contenuImg CS="0.81" h="2123" lang="en" source="yolo" w="1220" x="233" y="326">person</contenuImg>
            <genre source="final">publicité</genre>
            <genre source="md">publicité</genre>
            <fonction source="final">repro/photo</fonction>
            <tech source="final">imp photoméca</tech>
            <fonction CS="0.99" source="TensorFlow">repro/photo</fonction>
            <tech CS="1" source="md">imp photoméca</tech>
            <leg>fia do MODES 22, Rue des Capucines, PARIS</leg>
            <txt>GANTERI E DES ARCADES 29.ARCADES DES CHAMPS-ELYSÉES mdcfeleine JÉ j deKAUUrl 1 [18. RUE CROIX DES I I 1 f jJT * PETITS-CHAMPS JJL t PARIS Kx —  ir r ,nr^ „ , •  rmfckw.</txt>
          </ill>
        </ills>
      </page>
      <page hauteurPx="5063" largeurPx="3647" ordre="5">
        <nbMot>64</nbMot>
        <blocTexte>10</blocTexte>
        <blocTab>0</blocTab>
        <blocPub>9</blocPub>
        <blocIll ocr="0">0</blocIll>
      </page>
      <page hauteurPx="5081" largeurPx="3481" ordre="6">
        <nbMot>591</nbMot>
        <blocTexte>33</blocTexte>
        <blocTab>0</blocTab>
        <blocPub>32</blocPub>
        <blocIll ocr="1">1</blocIll>
        <ills>
          <ill classif="CCyolo CCibm" couleur="gris" h="1337" n="6-1" pub="1" taille="0" w="1389" x="373" y="258">
            <contenuImg CS="0.649" lang="fr" source="ibm">robe à clapet</contenuImg>
            <contenuImg CS="0.926" lang="fr" source="ibm">personne</contenuImg>
            <contenuImg CS="0.608" lang="fr" source="ibm">portrait photo</contenuImg>
            <contenuImg CS="0.5" lang="fr" source="ibm">pointe d'argent</contenuImg>
            <contenuImg CS="0.733" coul="1" lang="fr" source="ibm">noir charbon</contenuImg>
            <contenuImg CS="0.633" coul="1" lang="fr" source="ibm">noir</contenuImg>
            <contenuImg CS="0.633" coul="1" lang="en" source="ibm">black color</contenuImg>
            <contenuImg CS="0.733" coul="1" lang="en" source="ibm">coal black color</contenuImg>
            <contenuImg CS="0.5" lang="en" source="ibm">silverpoint</contenuImg>
            <contenuImg CS="0.608" lang="en" source="ibm">portrait picture</contenuImg>
            <contenuImg CS="0.926" lang="en" source="ibm">person</contenuImg>
            <contenuImg CS="0.649" lang="en" source="ibm">person in flapper dress</contenuImg>
            <contenuImg CS="0.55" h="1200" lang="fr" source="yolo" w="1073" x="140" y="100">personne</contenuImg>
            <contenuImg CS="0.55" h="1200" lang="en" source="yolo" w="1073" x="140" y="100">person</contenuImg>
            <genre source="final">publicité</genre>
            <genre source="md">publicité</genre>
            <fonction source="final">repro/photo</fonction>
            <tech source="final">imp photoméca</tech>
            <fonction CS="0.78" source="TensorFlow">repro/photo</fonction>
            <tech CS="1" source="md">imp photoméca</tech>
            <leg>focur* ta SecuilS de -tJDd ueu* La Fatigue des Yeux qui vieillit le plus joli visage et enlève au regard tout éclat et tout charme est un des ennemis les plus redoutables de la Beauté que toute femme doit surveiller et combattre dès son apparition.</leg>
            <txt>6 VOGUE 6 VOGUE</txt>
          </ill>
        </ills>
      </page>
      <page hauteurPx="5049" largeurPx="3629" ordre="7">
        <nbMot>62</nbMot>
        <blocTexte>4</blocTexte>
        <blocTab>0</blocTab>
        <blocPub>3</blocPub>
        <blocIll ocr="0">0</blocIll>
      </page>
      <page hauteurPx="5105" largeurPx="3515" ordre="8">
        <nbMot>101</nbMot>
        <blocTexte>5</blocTexte>
        <blocTab>0</blocTab>
        <blocPub>4</blocPub>
        <blocIll ocr="0">0</blocIll>
      </page>
      <page hauteurPx="5063" largeurPx="3647" ordre="9">
        <nbMot>277</nbMot>
        <blocTexte>6</blocTexte>
        <blocTab>0</blocTab>
        <blocPub>5</blocPub>
        <blocIll ocr="0">0</blocIll>
      </page>
      <page hauteurPx="5081" largeurPx="3481" ordre="10">
        <nbMot>87</nbMot>
        <blocTexte>4</blocTexte>
        <blocTab>0</blocTab>
        <blocPub>3</blocPub>
        <blocIll ocr="0">0</blocIll>
      </page>
      <page hauteurPx="5075" largeurPx="3665" ordre="11">
        <nbMot>373</nbMot>
        <blocTexte>16</blocTexte>
        <blocTab>3</blocTab>
        <blocPub>0</blocPub>
        <blocIll ocr="0">0</blocIll>
      </page>
      <page hauteurPx="5081" largeurPx="3481" ordre="12">
        <nbMot>11</nbMot>
        <blocTexte>2</blocTexte>
        <blocTab>0</blocTab>
        <blocPub>1</blocPub>
        <blocIll ocr="0">0</blocIll>
      </page>
      <page hauteurPx="5069" largeurPx="3655" ordre="13">
        <nbMot>298</nbMot>
        <blocTexte>8</blocTexte>
        <blocTab>0</blocTab>
        <blocPub>0</blocPub>
        <blocIll ocr="3">3</blocIll>
        <ills/>
      </page>
      <page hauteurPx="5099" largeurPx="3507" ordre="14">
        <nbMot>45</nbMot>
        <blocTexte>3</blocTexte>
        <blocTab>0</blocTab>
        <blocPub>0</blocPub>
        <blocIll ocr="1">1</blocIll>
        <ills/>
      </page>
      <page hauteurPx="5111" largeurPx="3675" ordre="15">
        <nbMot>722</nbMot>
        <blocTexte>14</blocTexte>
        <blocTab>0</blocTab>
        <blocPub>0</blocPub>
        <blocIll ocr="1">1</blocIll>
        <ills/>
      </page>
      <page hauteurPx="5081" largeurPx="3481" ordre="16">
        <nbMot>589</nbMot>
        <blocTexte>8</blocTexte>
        <blocTab>0</blocTab>
        <blocPub>0</blocPub>
        <blocIll ocr="1">1</blocIll>
        <ills/>
      </page>
      <page hauteurPx="5097" largeurPx="3655" ordre="17">
        <nbMot>153</nbMot>
        <blocTexte>5</blocTexte>
        <blocTab>0</blocTab>
        <blocPub>0</blocPub>
        <blocIll ocr="1">1</blocIll>
        <ills/>
      </page>
      <page hauteurPx="5107" largeurPx="3519" ordre="18">
        <nbMot>669</nbMot>
        <blocTexte>11</blocTexte>
        <blocTab>0</blocTab>
        <blocPub>0</blocPub>
        <blocIll ocr="2">2</blocIll>
        <ills/>
      </page>
      <page hauteurPx="5111" largeurPx="3675" ordre="19">
        <nbMot>132</nbMot>
        <blocTexte>8</blocTexte>
        <blocTab>0</blocTab>
        <blocPub>0</blocPub>
        <blocIll ocr="2">2</blocIll>
        <ills/>
      </page>
      <page hauteurPx="5109" largeurPx="3521" ordre="20">
        <nbMot>147</nbMot>
        <blocTexte>5</blocTexte>
        <blocTab>0</blocTab>
        <blocPub>0</blocPub>
        <blocIll ocr="1">1</blocIll>
        <ills/>
      </page>
      <page hauteurPx="5097" largeurPx="3611" ordre="21">
        <nbMot>110</nbMot>
        <blocTexte>6</blocTexte>
        <blocTab>0</blocTab>
        <blocPub>0</blocPub>
        <blocIll ocr="1">1</blocIll>
        <ills/>
      </page>
      <page hauteurPx="5119" largeurPx="3537" ordre="22">
        <nbMot>62</nbMot>
        <blocTexte>6</blocTexte>
        <blocTab>0</blocTab>
        <blocPub>0</blocPub>
        <blocIll ocr="1">1</blocIll>
        <ills/>
      </page>
      <page hauteurPx="5093" largeurPx="3607" ordre="23">
        <nbMot>133</nbMot>
        <blocTexte>11</blocTexte>
        <blocTab>0</blocTab>
        <blocPub>0</blocPub>
        <blocIll ocr="1">1</blocIll>
        <ills/>
      </page>
      <page hauteurPx="5103" largeurPx="3513" ordre="24">
        <nbMot>3</nbMot>
        <blocTexte>1</blocTexte>
        <blocTab>0</blocTab>
        <blocPub>0</blocPub>
        <blocIll ocr="1">1</blocIll>
        <ills/>
      </page>
      <page hauteurPx="5093" largeurPx="3607" ordre="25">
        <nbMot>103</nbMot>
        <blocTexte>10</blocTexte>
        <blocTab>0</blocTab>
        <blocPub>0</blocPub>
        <blocIll ocr="5">5</blocIll>
        <ills/>
      </page>
      <page hauteurPx="5105" largeurPx="3515" ordre="26">
        <nbMot>43</nbMot>
        <blocTexte>4</blocTexte>
        <blocTab>0</blocTab>
        <blocPub>0</blocPub>
        <blocIll ocr="1">1</blocIll>
        <ills/>
      </page>
      <page hauteurPx="5115" largeurPx="3639" ordre="27">
        <nbMot>321</nbMot>
        <blocTexte>11</blocTexte>
        <blocTab>0</blocTab>
        <blocPub>0</blocPub>
        <blocIll ocr="3">3</blocIll>
        <ills/>
      </page>
      <page hauteurPx="5081" largeurPx="3481" ordre="28">
        <nbMot>173</nbMot>
        <blocTexte>5</blocTexte>
        <blocTab>0</blocTab>
        <blocPub>0</blocPub>
        <blocIll ocr="1">1</blocIll>
        <ills/>
      </page>
      <page hauteurPx="5077" largeurPx="3585" ordre="29">
        <nbMot>315</nbMot>
        <blocTexte>10</blocTexte>
        <blocTab>0</blocTab>
        <blocPub>0</blocPub>
        <blocIll ocr="1">1</blocIll>
        <ills/>
      </page>
      <page hauteurPx="5105" largeurPx="3515" ordre="30">
        <nbMot>316</nbMot>
        <blocTexte>8</blocTexte>
        <blocTab>0</blocTab>
        <blocPub>0</blocPub>
        <blocIll ocr="1">1</blocIll>
        <ills/>
      </page>
      <page hauteurPx="5097" largeurPx="3611" ordre="31">
        <nbMot>59</nbMot>
        <blocTexte>4</blocTexte>
        <blocTab>0</blocTab>
        <blocPub>0</blocPub>
        <blocIll ocr="1">1</blocIll>
        <ills/>
      </page>
      <page hauteurPx="5081" largeurPx="3481" ordre="32">
        <nbMot>164</nbMot>
        <blocTexte>5</blocTexte>
        <blocTab>0</blocTab>
        <blocPub>0</blocPub>
        <blocIll ocr="1">1</blocIll>
        <ills/>
      </page>
      <page hauteurPx="5077" largeurPx="3585" ordre="33">
        <nbMot>120</nbMot>
        <blocTexte>8</blocTexte>
        <blocTab>0</blocTab>
        <blocPub>0</blocPub>
        <blocIll ocr="1">1</blocIll>
        <ills/>
      </page>
      <page hauteurPx="5091" largeurPx="3495" ordre="34">
        <nbMot>91</nbMot>
        <blocTexte>7</blocTexte>
        <blocTab>0</blocTab>
        <blocPub>0</blocPub>
        <blocIll ocr="2">1</blocIll>
        <ills/>
      </page>
      <page hauteurPx="5093" largeurPx="3607" ordre="35">
        <nbMot>325</nbMot>
        <blocTexte>8</blocTexte>
        <blocTab>0</blocTab>
        <blocPub>0</blocPub>
        <blocIll ocr="1">1</blocIll>
        <ills/>
      </page>
      <page hauteurPx="5113" largeurPx="3529" ordre="36">
        <nbMot>47</nbMot>
        <blocTexte>5</blocTexte>
        <blocTab>0</blocTab>
        <blocPub>0</blocPub>
        <blocIll ocr="1">1</blocIll>
        <ills/>
      </page>
      <page hauteurPx="5097" largeurPx="3611" ordre="37">
        <nbMot>120</nbMot>
        <blocTexte>7</blocTexte>
        <blocTab>0</blocTab>
        <blocPub>0</blocPub>
        <blocIll ocr="1">1</blocIll>
        <ills/>
      </page>
      <page hauteurPx="5081" largeurPx="3481" ordre="38">
        <nbMot>43</nbMot>
        <blocTexte>4</blocTexte>
        <blocTab>0</blocTab>
        <blocPub>0</blocPub>
        <blocIll ocr="1">1</blocIll>
        <ills/>
      </page>
      <page hauteurPx="5077" largeurPx="3585" ordre="39">
        <nbMot>512</nbMot>
        <blocTexte>48</blocTexte>
        <blocTab>0</blocTab>
        <blocPub>0</blocPub>
        <blocIll ocr="0">0</blocIll>
      </page>
      <page hauteurPx="5081" largeurPx="3481" ordre="40">
        <nbMot>97</nbMot>
        <blocTexte>6</blocTexte>
        <blocTab>0</blocTab>
        <blocPub>0</blocPub>
        <blocIll ocr="1">1</blocIll>
        <ills/>
      </page>
      <page hauteurPx="5077" largeurPx="3585" ordre="41">
        <nbMot>45</nbMot>
        <blocTexte>5</blocTexte>
        <blocTab>0</blocTab>
        <blocPub>0</blocPub>
        <blocIll ocr="1">1</blocIll>
        <ills/>
      </page>
      <page hauteurPx="5069" largeurPx="3503" ordre="42">
        <nbMot>37</nbMot>
        <blocTexte>4</blocTexte>
        <blocTab>0</blocTab>
        <blocPub>0</blocPub>
        <blocIll ocr="1">1</blocIll>
        <ills/>
      </page>
      <page hauteurPx="5077" largeurPx="3585" ordre="43">
        <nbMot>294</nbMot>
        <blocTexte>8</blocTexte>
        <blocTab>0</blocTab>
        <blocPub>0</blocPub>
        <blocIll ocr="2">2</blocIll>
        <ills/>
      </page>
      <page hauteurPx="5069" largeurPx="3503" ordre="44">
        <nbMot>3</nbMot>
        <blocTexte>1</blocTexte>
        <blocTab>0</blocTab>
        <blocPub>0</blocPub>
        <blocIll ocr="1">1</blocIll>
        <ills/>
      </page>
      <page hauteurPx="5131" largeurPx="3677" ordre="45">
        <nbMot>290</nbMot>
        <blocTexte>7</blocTexte>
        <blocTab>0</blocTab>
        <blocPub>0</blocPub>
        <blocIll ocr="1">1</blocIll>
        <ills/>
      </page>
      <page hauteurPx="5109" largeurPx="3533" ordre="46">
        <nbMot>222</nbMot>
        <blocTexte>20</blocTexte>
        <blocTab>0</blocTab>
        <blocPub>0</blocPub>
        <blocIll ocr="8">7</blocIll>
        <ills/>
      </page>
      <page hauteurPx="5077" largeurPx="3613" ordre="47">
        <nbMot>120</nbMot>
        <blocTexte>16</blocTexte>
        <blocTab>0</blocTab>
        <blocPub>0</blocPub>
        <blocIll ocr="9">9</blocIll>
        <ills/>
      </page>
      <page hauteurPx="5109" largeurPx="3533" ordre="48">
        <nbMot>111</nbMot>
        <blocTexte>6</blocTexte>
        <blocTab>0</blocTab>
        <blocPub>0</blocPub>
        <blocIll ocr="2">2</blocIll>
        <ills/>
      </page>
      <page hauteurPx="5125" largeurPx="3681" ordre="49">
        <nbMot>116</nbMot>
        <blocTexte>6</blocTexte>
        <blocTab>0</blocTab>
        <blocPub>0</blocPub>
        <blocIll ocr="3">3</blocIll>
        <ills/>
      </page>
      <page hauteurPx="5133" largeurPx="3567" ordre="50">
        <nbMot>91</nbMot>
        <blocTexte>6</blocTexte>
        <blocTab>0</blocTab>
        <blocPub>0</blocPub>
        <blocIll ocr="3">3</blocIll>
        <ills/>
      </page>
      <page hauteurPx="5077" largeurPx="3613" ordre="51">
        <nbMot>229</nbMot>
        <blocTexte>8</blocTexte>
        <blocTab>0</blocTab>
        <blocPub>0</blocPub>
        <blocIll ocr="2">2</blocIll>
        <ills/>
      </page>
      <page hauteurPx="5125" largeurPx="3555" ordre="52">
        <nbMot>207</nbMot>
        <blocTexte>8</blocTexte>
        <blocTab>0</blocTab>
        <blocPub>0</blocPub>
        <blocIll ocr="1">1</blocIll>
        <ills/>
      </page>
      <page hauteurPx="5093" largeurPx="3635" ordre="53">
        <nbMot>15</nbMot>
        <blocTexte>3</blocTexte>
        <blocTab>0</blocTab>
        <blocPub>0</blocPub>
        <blocIll ocr="1">1</blocIll>
        <ills>
          <ill classif="CCibm" couleur="coul" edit="1" h="4812" n="53-1" pub="1" taille="7" w="3405" x="35" y="43">
            <contenuImg CS="0.607" lang="fr" source="ibm">salle de jeux</contenuImg>
            <contenuImg CS="0.5" lang="fr" source="ibm">table de billard</contenuImg>
            <contenuImg CS="0.777" coul="1" lang="fr" source="ibm">bleu violacé (couleur)</contenuImg>
            <contenuImg CS="0.607" lang="fr" source="ibm">pièce</contenuImg>
            <contenuImg CS="0.566" lang="fr" source="ibm">coffre à jouets</contenuImg>
            <contenuImg CS="0.567" lang="fr" source="ibm">boîte</contenuImg>
            <contenuImg CS="0.503" lang="fr" source="ibm">table</contenuImg>
            <contenuImg CS="0.506" lang="fr" source="ibm">meubles</contenuImg>
            <contenuImg CS="0.598" lang="fr" source="ibm">sport</contenuImg>
            <contenuImg CS="0.777" coul="1" lang="en" source="ibm">purplish blue color</contenuImg>
            <contenuImg CS="0.598" lang="en" source="ibm">sport</contenuImg>
            <contenuImg CS="0.506" lang="en" source="ibm">furniture</contenuImg>
            <contenuImg CS="0.503" lang="en" source="ibm">table</contenuImg>
            <contenuImg CS="0.5" lang="en" source="ibm">pool table</contenuImg>
            <contenuImg CS="0.567" lang="en" source="ibm">box</contenuImg>
            <contenuImg CS="0.566" lang="en" source="ibm">toy box</contenuImg>
            <contenuImg CS="0.607" lang="en" source="ibm">room</contenuImg>
            <contenuImg CS="0.607" lang="en" source="ibm">playroom</contenuImg>
            <contenuImg b="255" coul="1" g="255" r="255" source="colorific" type="bkg">#ffffff</contenuImg>
            <contenuImg b="123" coul="1" g="152" ordre="6" r="165" source="colorific" type="frg">#a5987b</contenuImg>
            <contenuImg b="75" coul="1" g="130" ordre="5" r="155" source="colorific" type="frg">#9b824b</contenuImg>
            <contenuImg b="177" coul="1" g="183" ordre="4" r="187" source="colorific" type="frg">#bbb7b1</contenuImg>
            <contenuImg b="67" coul="1" g="71" ordre="3" r="75" source="colorific" type="frg">#4b4743</contenuImg>
            <contenuImg b="77" coul="1" g="198" ordre="2" r="240" source="colorific" type="frg">#f0c64d</contenuImg>
            <contenuImg b="111" coul="1" g="112" ordre="1" r="114" source="colorific" type="frg">#72706f</contenuImg>
            <fonction source="final">repro/dessin</fonction>
            <tech source="final">imp photoméca</tech>
            <fonction CS="0.94" source="TensorFlow">repro/dessin</fonction>
            <tech CS="1" source="md">imp photoméca</tech>
            <leg>MARTIALETARMAND CO UTU RE 10 PLACE VENDÔME PA R i S</leg>
            <txt>5 3 SEPTEMBRE 1932</txt>
            <genre source="hm" time="2020-10-31T18:11:14.436+01:00">publicité</genre>
            <genre source="final">publicité</genre>
          </ill>
        </ills>
      </page>
      <page hauteurPx="5129" largeurPx="3561" ordre="54">
        <nbMot>1129</nbMot>
        <blocTexte>25</blocTexte>
        <blocTab>0</blocTab>
        <blocPub>12</blocPub>
        <blocIll ocr="1">1</blocIll>
        <ills/>
      </page>
      <page hauteurPx="5091" largeurPx="3633" ordre="55">
        <nbMot>334</nbMot>
        <blocTexte>13</blocTexte>
        <blocTab>0</blocTab>
        <blocPub>11</blocPub>
        <blocIll ocr="0">0</blocIll>
      </page>
      <page hauteurPx="5165" largeurPx="3573" ordre="56">
        <nbMot>575</nbMot>
        <blocTexte>21</blocTexte>
        <blocTab>0</blocTab>
        <blocPub>2</blocPub>
        <blocIll ocr="4">4</blocIll>
        <ills>
          <ill classif="CCyolo CCibm" couleur="gris" h="892" n="56-4" pub="1" taille="0" w="928" x="2615" y="1146">
            <contenuImg CS="0.89" lang="fr" source="ibm">salle d'étude</contenuImg>
            <contenuImg CS="0.559" lang="fr" source="ibm">pointe d'argent</contenuImg>
            <contenuImg CS="0.791" lang="fr" source="ibm">radiogramme</contenuImg>
            <contenuImg CS="0.934" coul="1" lang="fr" source="ibm">gris cendré</contenuImg>
            <contenuImg CS="0.775" coul="1" lang="fr" source="ibm">noir</contenuImg>
            <contenuImg CS="0.775" coul="1" lang="en" source="ibm">black color</contenuImg>
            <contenuImg CS="0.934" coul="1" lang="en" source="ibm">ash grey color</contenuImg>
            <contenuImg CS="0.791" lang="en" source="ibm">radiogram</contenuImg>
            <contenuImg CS="0.559" lang="en" source="ibm">silverpoint</contenuImg>
            <contenuImg CS="0.89" lang="en" source="ibm">study</contenuImg>
            <contenuImg CS="0.59" h="810" lang="fr" source="yolo" w="643" x="226" y="36">personne</contenuImg>
            <contenuImg CS="0.59" h="810" lang="en" source="yolo" w="643" x="226" y="36">person</contenuImg>
            <genre source="final">publicité</genre>
            <genre source="md">publicité</genre>
            <fonction source="final">repro/dessin</fonction>
            <tech source="final">imp photoméca</tech>
            <fonction CS="0.93" source="TensorFlow">repro/dessin</fonction>
            <tech CS="1" source="md">imp photoméca</tech>
            <leg>GABY MONO * e L. S. Germaine Page. Taupémari garni d une bande drapée en m, feutre et d une boucle dem; e L. S. Germaine Page. Tv de velours rubis ; bandeau pi: appliqué et s évasant au som e Gaby Mono. Sur ce feutre ts beige le bord relevé est fendu; replié à gauche. Plume viol e L. S. Germaine Page. Feutrev souple, plis drapés maintenus par ruban de gros grain rouge et i 1 LES CHAPEAUX D AUTOMNE 1 SUITE DE LA PAGE 18 f9|</leg>
            <txt>GERMAINE PAGE GERMAINE PAGE</txt>
          </ill>
        </ills>
      </page>
      <page hauteurPx="5077" largeurPx="3613" ordre="57">
        <nbMot>736</nbMot>
        <blocTexte>23</blocTexte>
        <blocTab>0</blocTab>
        <blocPub>8</blocPub>
        <blocIll ocr="5">5</blocIll>
        <ills>
          <ill classif="CCyolo CCibm" couleur="gris" h="1134" n="57-5" pub="1" taille="0" w="625" x="1084" y="3145">
            <contenuImg CS="0.924" lang="fr" source="ibm">salle d'étude</contenuImg>
            <contenuImg CS="0.819" lang="fr" source="ibm">stylo et encre</contenuImg>
            <contenuImg CS="0.863" coul="1" lang="fr" source="ibm">gris cendré</contenuImg>
            <contenuImg CS="0.805" coul="1" lang="fr" source="ibm">albâtre</contenuImg>
            <contenuImg CS="0.805" coul="1" lang="en" source="ibm">alabaster color</contenuImg>
            <contenuImg CS="0.863" coul="1" lang="en" source="ibm">ash grey color</contenuImg>
            <contenuImg CS="0.819" lang="en" source="ibm">pen-and-ink</contenuImg>
            <contenuImg CS="0.924" lang="en" source="ibm">study</contenuImg>
            <contenuImg CS="0.95" h="853" lang="fr" source="yolo" w="590" x="13" y="256">personne</contenuImg>
            <contenuImg CS="0.95" h="853" lang="en" source="yolo" w="590" x="13" y="256">person</contenuImg>
            <genre source="final">publicité</genre>
            <genre source="md">publicité</genre>
            <fonction source="final">repro/dessin</fonction>
            <tech source="final">imp photoméca</tech>
            <fonction CS="0.95" source="TensorFlow">repro/dessin</fonction>
            <tech CS="1" source="md">imp photoméca</tech>
            <leg>GABY MONO e Gaby Mono. Cloche souple en feutre rouille ; anneaux d argent retenus par une bande de feutre e Marcelle Lély. Chapeau de velours noir ; le bord souple, retenu par un bouton d argent forme deux pointes LAVANDE YARJDLEY j ~— VACANCES ! Période heureuse de S~~m~~B~;~~ grand air et de plaisirs ! ;; On retrouve de vieux amis ; on fait la connaissance de nouveaux. Réunions charmantes pour lesquelles on a adopté, non pas le lourd parfum j |. jRÇ exotique, mais d accord --~avec la mode — le doux ~~-~ arome de la Lavande i j~~ — y ardley. La femme de goût est /Tjtf f\</leg>
            <txt>., MARGUERITE PARAF iroduction interdite</txt>
          </ill>
        </ills>
      </page>
      <page hauteurPx="5127" largeurPx="3513" ordre="58">
        <nbMot>508</nbMot>
        <blocTexte>22</blocTexte>
        <blocTab>0</blocTab>
        <blocPub>16</blocPub>
        <blocIll ocr="2">2</blocIll>
        <ills>
          <ill classif="CCyolo CCibm" couleur="gris" h="1874" n="58-2" pub="1" taille="1" w="1478" x="2003" y="3013">
            <contenuImg CS="0.505" lang="fr" source="ibm">scarabée rhinocéros</contenuImg>
            <contenuImg CS="0.5" lang="fr" source="ibm">Guillemot colombin (oiseau)</contenuImg>
            <contenuImg CS="0.649" lang="fr" source="ibm">banquise</contenuImg>
            <contenuImg CS="0.649" lang="fr" source="ibm">masse de glace</contenuImg>
            <contenuImg CS="0.649" lang="fr" source="ibm">nature</contenuImg>
            <contenuImg CS="0.51" lang="fr" source="ibm">scarabée</contenuImg>
            <contenuImg CS="0.516" lang="fr" source="ibm">insecte</contenuImg>
            <contenuImg CS="0.518" lang="fr" source="ibm">invertébré</contenuImg>
            <contenuImg CS="0.594" lang="fr" source="ibm">animal</contenuImg>
            <contenuImg CS="0.502" lang="fr" source="ibm">oiseau de mer</contenuImg>
            <contenuImg CS="0.502" lang="fr" source="ibm">oiseau aquatique</contenuImg>
            <contenuImg CS="0.503" lang="fr" source="ibm">oiseau</contenuImg>
            <contenuImg CS="0.825" coul="1" lang="fr" source="ibm">noir</contenuImg>
            <contenuImg CS="0.687" coul="1" lang="fr" source="ibm">charbon (couleur)</contenuImg>
            <contenuImg CS="0.687" coul="1" lang="en" source="ibm">charcoal color</contenuImg>
            <contenuImg CS="0.825" coul="1" lang="en" source="ibm">black color</contenuImg>
            <contenuImg CS="0.503" lang="en" source="ibm">bird</contenuImg>
            <contenuImg CS="0.502" lang="en" source="ibm">aquatic bird</contenuImg>
            <contenuImg CS="0.502" lang="en" source="ibm">seabird</contenuImg>
            <contenuImg CS="0.5" lang="en" source="ibm">pigeon guillemot</contenuImg>
            <contenuImg CS="0.594" lang="en" source="ibm">animal</contenuImg>
            <contenuImg CS="0.518" lang="en" source="ibm">invertebrate</contenuImg>
            <contenuImg CS="0.516" lang="en" source="ibm">insect</contenuImg>
            <contenuImg CS="0.51" lang="en" source="ibm">beetle</contenuImg>
            <contenuImg CS="0.505" lang="en" source="ibm">rhinoceros beetle</contenuImg>
            <contenuImg CS="0.649" lang="en" source="ibm">nature</contenuImg>
            <contenuImg CS="0.649" lang="en" source="ibm">ice mass</contenuImg>
            <contenuImg CS="0.649" lang="en" source="ibm">ice floe</contenuImg>
            <contenuImg CS="0.44" h="413" lang="fr" source="yolo" w="213" x="866" y="770">oiseau</contenuImg>
            <contenuImg CS="0.44" h="413" lang="en" source="yolo" w="213" x="866" y="770">bird</contenuImg>
            <genre source="final">publicité</genre>
            <genre source="md">publicité</genre>
            <fonction source="final">repro/dessin</fonction>
            <tech source="final">imp photoméca</tech>
            <fonction CS="0.65" source="TensorFlow">repro/dessin</fonction>
            <tech CS="1" source="md">imp photoméca</tech>
            <leg>HOYNINGEN-HUENE</leg>
            <txt>mer, les pingouins, enfin, si amusa: Depuis qu un fétiche en a pop risé la silhouette cocasse, le ping semble avoir conquis droit de ci Paris. Jamais cependant il ne r avait été donné de pouvoir lesac rer en groupes semblables à ceui Luna-Park et c est une joie d aller les contempler. Il fauta vu, le soir, cette assemblée de dit personnages en habit, figés pour temps en des attitudes pleimi dignité, de hauteur, puis tout à c plongeant et évoluant avec f sans souci de leur blanc pM Parmi les mille et. une attractions qui font de Luna-Park un lieu enchanté pour les amateurs de semblables distractions, les uns venant y défier le vertige, d autres y montrer leur adresse, il est une enceinte plus calme et particulièrement séduisante, celle du parc où s ébattent, dans un décor de roches massives et de lacs aux eaux claires, les ours blancs pesants, décoratifs et débonnaires, les ours gris ou beiges à l aspect plus nerveux et plus sauvage, les phoques plongeurs ou jongleurs émérites, les monstrueux éléphants de</txt>
          </ill>
        </ills>
      </page>
      <page hauteurPx="5077" largeurPx="3613" ordre="59">
        <nbMot>710</nbMot>
        <blocTexte>38</blocTexte>
        <blocTab>0</blocTab>
        <blocPub>36</blocPub>
        <blocIll ocr="0">0</blocIll>
      </page>
      <page hauteurPx="5109" largeurPx="3489" ordre="60">
        <nbMot>1175</nbMot>
        <blocTexte>29</blocTexte>
        <blocTab>0</blocTab>
        <blocPub>10</blocPub>
        <blocIll ocr="0">0</blocIll>
      </page>
      <page hauteurPx="5077" largeurPx="3641" ordre="61">
        <nbMot>1445</nbMot>
        <blocTexte>52</blocTexte>
        <blocTab>0</blocTab>
        <blocPub>28</blocPub>
        <blocIll ocr="1">1</blocIll>
        <ills>
          <ill classif="CCibm" couleur="gris" h="502" n="61-1" pub="1" taille="0" w="509" x="3009" y="409">
            <contenuImg CS="0.659" lang="fr" source="ibm">antenne satellite</contenuImg>
            <contenuImg CS="0.663" lang="fr" source="ibm">antenne</contenuImg>
            <contenuImg CS="0.664" lang="fr" source="ibm">appareil électrique</contenuImg>
            <contenuImg CS="0.542" lang="fr" source="ibm">timbre</contenuImg>
            <contenuImg CS="0.542" lang="fr" source="ibm">outil</contenuImg>
            <contenuImg CS="0.504" lang="fr" source="ibm">gnomon (cadran solaire)</contenuImg>
            <contenuImg CS="0.504" lang="fr" source="ibm">indicateur</contenuImg>
            <contenuImg CS="0.5" lang="fr" source="ibm">passe-partout</contenuImg>
            <contenuImg CS="0.573" lang="fr" source="ibm">clé</contenuImg>
            <contenuImg CS="0.809" coul="1" lang="fr" source="ibm">gris</contenuImg>
            <contenuImg CS="0.634" coul="1" lang="fr" source="ibm">albâtre</contenuImg>
            <contenuImg CS="0.634" coul="1" lang="en" source="ibm">alabaster color</contenuImg>
            <contenuImg CS="0.809" coul="1" lang="en" source="ibm">gray color</contenuImg>
            <contenuImg CS="0.573" lang="en" source="ibm">key</contenuImg>
            <contenuImg CS="0.5" lang="en" source="ibm">skeleton key</contenuImg>
            <contenuImg CS="0.504" lang="en" source="ibm">indicator</contenuImg>
            <contenuImg CS="0.504" lang="en" source="ibm">gnomon (sundial)</contenuImg>
            <contenuImg CS="0.542" lang="en" source="ibm">tool</contenuImg>
            <contenuImg CS="0.542" lang="en" source="ibm">stamp</contenuImg>
            <contenuImg CS="0.664" lang="en" source="ibm">electrical device</contenuImg>
            <contenuImg CS="0.663" lang="en" source="ibm">antenna</contenuImg>
            <contenuImg CS="0.659" lang="en" source="ibm">satellite dish</contenuImg>
            <genre source="final">publicité</genre>
            <genre source="md">publicité</genre>
            <fonction source="final">repro/dessin</fonction>
            <tech source="final">imp photoméca</tech>
            <fonction CS="0.97" source="TensorFlow">repro/dessin</fonction>
            <tech CS="1" source="md">imp photoméca</tech>
            <leg>Des Adresses ? De Bonnes Adresses Vous n en aurez jamais trop !</leg>
            <txt>Des Adresses ? N fait sa levée à carreau et E doit se défausser du pique ou de l un des trèfles.</txt>
          </ill>
        </ills>
      </page>
      <page hauteurPx="5143" largeurPx="3537" ordre="62">
        <nbMot>595</nbMot>
        <blocTexte>26</blocTexte>
        <blocTab>0</blocTab>
        <blocPub>17</blocPub>
        <blocIll ocr="1">1</blocIll>
        <ills>
          <ill classif="CCibm" couleur="gris" derniere="true" h="1982" n="62-1" pub="1" taille="1" w="1451" x="2030" y="298">
            <contenuImg CS="0.839" lang="fr" source="ibm">immeuble</contenuImg>
            <contenuImg CS="0.916" lang="fr" source="ibm">bâtiment</contenuImg>
            <contenuImg CS="0.5" lang="fr" source="ibm">hôtel</contenuImg>
            <contenuImg CS="0.849" coul="1" lang="fr" source="ibm">gris</contenuImg>
            <contenuImg CS="0.642" coul="1" lang="fr" source="ibm">noir</contenuImg>
            <contenuImg CS="0.642" coul="1" lang="en" source="ibm">black color</contenuImg>
            <contenuImg CS="0.849" coul="1" lang="en" source="ibm">gray color</contenuImg>
            <contenuImg CS="0.5" lang="en" source="ibm">hotel</contenuImg>
            <contenuImg CS="0.916" lang="en" source="ibm">building</contenuImg>
            <contenuImg CS="0.839" lang="en" source="ibm">apartment building</contenuImg>
            <genre source="final">publicité</genre>
            <genre source="md">publicité</genre>
            <fonction source="final">repro/photo</fonction>
            <tech source="final">imp photoméca</tech>
            <fonction CS="0.73" source="TensorFlow">repro/photo</fonction>
            <tech CS="1" source="md">imp photoméca</tech>
            <leg>BERNES-MAROUI LAU Le nouvel immeuble de Roger et Gallet récemH ment inauguré rue du Faubourg Saint-Honoré INAUGURATION D</leg>
            <txt>Téléphone : WAGRAM 76-02 m</txt>
          </ill>
        </ills>
      </page>
    </pages>
  </contenus>
</analyseAlto>