<analyseAlto>
  <metad>
    <type>R</type>
    <ID>bpt6k6539855r</ID>
    <notice>cb343833568</notice>
    <titre>Vogue 1930/01</titre>
    <dateEdition>1930-01</dateEdition>
    <lang>fre</lang>
    <source>BnF</source>
    <nbPage>88</nbPage>
  </metad>
  <contenus>
    <largeur>168</largeur>
    <hauteur>221</hauteur>
    <largeurPx>3975</largeurPx>
    <hauteurPx>5221</hauteurPx>
    <pages>
      <page hauteurPx="5221" largeurPx="3975" ordre="1">
        <nbMot>0</nbMot>
        <blocTexte>0</blocTexte>
        <blocTab>0</blocTab>
        <blocPub>0</blocPub>
        <blocIll ocr="0">0</blocIll>
      </page>
      <page hauteurPx="5053" largeurPx="3971" ordre="2">
        <nbMot>0</nbMot>
        <blocTexte>0</blocTexte>
        <blocTab>0</blocTab>
        <blocPub>0</blocPub>
        <blocIll ocr="0">0</blocIll>
      </page>
      <page hauteurPx="5049" largeurPx="3749" ordre="3">
        <nbMot>0</nbMot>
        <blocTexte>0</blocTexte>
        <blocTab>0</blocTab>
        <blocPub>0</blocPub>
        <blocIll ocr="0">0</blocIll>
      </page>
      <page hauteurPx="5013" largeurPx="3671" ordre="4">
        <nbMot>0</nbMot>
        <blocTexte>0</blocTexte>
        <blocTab>0</blocTab>
        <blocPub>0</blocPub>
        <blocIll ocr="0">0</blocIll>
      </page>
      <page hauteurPx="5065" largeurPx="3761" ordre="5">
        <nbMot>0</nbMot>
        <blocTexte>0</blocTexte>
        <blocTab>0</blocTab>
        <blocPub>0</blocPub>
        <blocIll ocr="0">0</blocIll>
      </page>
      <page hauteurPx="5011" largeurPx="3717" ordre="6">
        <nbMot>0</nbMot>
        <blocTexte>0</blocTexte>
        <blocTab>0</blocTab>
        <blocPub>0</blocPub>
        <blocIll ocr="0">0</blocIll>
      </page>
      <page hauteurPx="5045" largeurPx="3741" ordre="7">
        <nbMot>0</nbMot>
        <blocTexte>0</blocTexte>
        <blocTab>0</blocTab>
        <blocPub>0</blocPub>
        <blocIll ocr="0">0</blocIll>
      </page>
      <page hauteurPx="5051" largeurPx="3767" ordre="8">
        <nbMot>0</nbMot>
        <blocTexte>0</blocTexte>
        <blocTab>0</blocTab>
        <blocPub>0</blocPub>
        <blocIll ocr="0">0</blocIll>
      </page>
      <page hauteurPx="5057" largeurPx="3757" ordre="9">
        <nbMot>0</nbMot>
        <blocTexte>0</blocTexte>
        <blocTab>0</blocTab>
        <blocPub>0</blocPub>
        <blocIll ocr="0">0</blocIll>
      </page>
      <page hauteurPx="5007" largeurPx="3711" ordre="10">
        <nbMot>0</nbMot>
        <blocTexte>0</blocTexte>
        <blocTab>0</blocTab>
        <blocPub>0</blocPub>
        <blocIll ocr="0">0</blocIll>
      </page>
      <page hauteurPx="5045" largeurPx="3741" ordre="11">
        <nbMot>50</nbMot>
        <blocTexte>4</blocTexte>
        <blocTab>0</blocTab>
        <blocPub>4</blocPub>
        <blocIll ocr="0">0</blocIll>
      </page>
      <page hauteurPx="4999" largeurPx="3825" ordre="12">
        <nbMot>203</nbMot>
        <blocTexte>8</blocTexte>
        <blocTab>0</blocTab>
        <blocPub>8</blocPub>
        <blocIll ocr="0">0</blocIll>
      </page>
      <page hauteurPx="5077" largeurPx="3785" ordre="13">
        <nbMot>51</nbMot>
        <blocTexte>5</blocTexte>
        <blocTab>0</blocTab>
        <blocPub>4</blocPub>
        <blocIll ocr="0">0</blocIll>
      </page>
      <page hauteurPx="5019" largeurPx="3777" ordre="14">
        <nbMot>82</nbMot>
        <blocTexte>4</blocTexte>
        <blocTab>0</blocTab>
        <blocPub>0</blocPub>
        <blocIll ocr="1">1</blocIll>
        <ills/>
      </page>
      <page hauteurPx="5045" largeurPx="3741" ordre="15">
        <nbMot>3</nbMot>
        <blocTexte>1</blocTexte>
        <blocTab>0</blocTab>
        <blocPub>0</blocPub>
        <blocIll ocr="1">1</blocIll>
        <ills/>
      </page>
      <page hauteurPx="4981" largeurPx="3749" ordre="16">
        <nbMot>54</nbMot>
        <blocTexte>6</blocTexte>
        <blocTab>0</blocTab>
        <blocPub>5</blocPub>
        <blocIll ocr="0">0</blocIll>
      </page>
      <page hauteurPx="5063" largeurPx="3739" ordre="17">
        <nbMot>121</nbMot>
        <blocTexte>3</blocTexte>
        <blocTab>0</blocTab>
        <blocPub>0</blocPub>
        <blocIll ocr="1">1</blocIll>
        <ills/>
      </page>
      <page hauteurPx="5007" largeurPx="3783" ordre="18">
        <nbMot>11</nbMot>
        <blocTexte>2</blocTexte>
        <blocTab>0</blocTab>
        <blocPub>1</blocPub>
        <blocIll ocr="0">0</blocIll>
      </page>
      <page hauteurPx="5045" largeurPx="3713" ordre="19">
        <nbMot>9</nbMot>
        <blocTexte>2</blocTexte>
        <blocTab>0</blocTab>
        <blocPub>1</blocPub>
        <blocIll ocr="0">0</blocIll>
      </page>
      <page hauteurPx="4973" largeurPx="3753" ordre="20">
        <nbMot>336</nbMot>
        <blocTexte>17</blocTexte>
        <blocTab>0</blocTab>
        <blocPub>2</blocPub>
        <blocIll ocr="1">1</blocIll>
        <ills/>
      </page>
      <page hauteurPx="5067" largeurPx="3751" ordre="21">
        <nbMot>19</nbMot>
        <blocTexte>3</blocTexte>
        <blocTab>0</blocTab>
        <blocPub>2</blocPub>
        <blocIll ocr="0">0</blocIll>
      </page>
      <page hauteurPx="5071" largeurPx="3883" ordre="22">
        <nbMot>52</nbMot>
        <blocTexte>2</blocTexte>
        <blocTab>0</blocTab>
        <blocPub>1</blocPub>
        <blocIll ocr="0">0</blocIll>
      </page>
      <page hauteurPx="5045" largeurPx="3721" ordre="23">
        <nbMot>36</nbMot>
        <blocTexte>2</blocTexte>
        <blocTab>0</blocTab>
        <blocPub>1</blocPub>
        <blocIll ocr="1">1</blocIll>
        <ills>
          <ill classif="CCyolo CCibm" couleur="gris" h="4037" n="23-1" pub="1" taille="6" w="3368" x="202" y="314">
            <contenuImg CS="0.961" lang="fr" source="ibm">salle d'étude</contenuImg>
            <contenuImg CS="0.557" lang="fr" source="ibm">musée (intérieur)</contenuImg>
            <contenuImg CS="0.765" lang="fr" source="ibm">pièce</contenuImg>
            <contenuImg CS="1" coul="1" lang="fr" source="ibm">gris</contenuImg>
            <contenuImg CS="1" coul="1" lang="en" source="ibm">gray color</contenuImg>
            <contenuImg CS="0.765" lang="en" source="ibm">room</contenuImg>
            <contenuImg CS="0.557" lang="en" source="ibm">Museum (Indoor)</contenuImg>
            <contenuImg CS="0.961" lang="en" source="ibm">study</contenuImg>
            <contenuImg CS="0.68" h="286" lang="fr" source="yolo" w="80" x="2033" y="773">cravate</contenuImg>
            <contenuImg CS="0.55" h="3583" lang="fr" source="yolo" w="1600" x="1456" y="230">personne</contenuImg>
            <contenuImg CS="0.55" h="3583" lang="en" source="yolo" w="1600" x="1456" y="230">person</contenuImg>
            <contenuImg CS="0.68" h="286" lang="en" source="yolo" w="80" x="2033" y="773">tie</contenuImg>
            <contenuImg CS="0.87" h="300" lang="en" source="yolo" w="83" x="986" y="786">tie</contenuImg>
            <contenuImg CS="0.92" h="3830" lang="en" source="yolo" w="1280" x="293" y="100">person</contenuImg>
            <genre source="final">publicité</genre>
            <genre source="md">publicité</genre>
            <fonction source="final">repro/dessin</fonction>
            <tech source="final">imp photoméca</tech>
            <fonction CS="0.84" source="TensorFlow">repro/dessin</fonction>
            <tech CS="1" source="md">imp photoméca</tech>
            <leg>TÉLÉPHONE BARCLAY NICE OPERA: i~rj\ A\ iTx) LLA\ l CANNES 04-45 DEAUVILLE 04-46 DEAU VILLE 04-47 VI T T K L 0^8 18 et 20, AVENUE DE L OPÉRA -PARIS VICHY</leg>
            <txt>P JANVIER 1930 11 Il P JANVIER 1930 11 Il</txt>
          </ill>
        </ills>
      </page>
      <page hauteurPx="5035" largeurPx="3861" ordre="24">
        <nbMot>129</nbMot>
        <blocTexte>6</blocTexte>
        <blocTab>0</blocTab>
        <blocPub>5</blocPub>
        <blocIll ocr="0">0</blocIll>
      </page>
      <page hauteurPx="5033" largeurPx="3721" ordre="25">
        <nbMot>28</nbMot>
        <blocTexte>2</blocTexte>
        <blocTab>0</blocTab>
        <blocPub>1</blocPub>
        <blocIll ocr="1">1</blocIll>
        <ills>
          <ill classif="CCyolo CCibm" couleur="gris" h="3766" n="25-1" pub="1" taille="6" w="3518" x="163" y="235">
            <contenuImg CS="0.597" lang="fr" source="ibm">personne</contenuImg>
            <contenuImg CS="0.649" lang="fr" source="ibm">pointe d'argent</contenuImg>
            <contenuImg CS="0.506" lang="fr" source="ibm">musée (intérieur)</contenuImg>
            <contenuImg CS="0.593" lang="fr" source="ibm">vêtements</contenuImg>
            <contenuImg CS="0.592" lang="fr" source="ibm">tissu</contenuImg>
            <contenuImg CS="0.831" coul="1" lang="fr" source="ibm">albâtre</contenuImg>
            <contenuImg CS="0.811" coul="1" lang="fr" source="ibm">gris</contenuImg>
            <contenuImg CS="0.811" coul="1" lang="en" source="ibm">gray color</contenuImg>
            <contenuImg CS="0.831" coul="1" lang="en" source="ibm">alabaster color</contenuImg>
            <contenuImg CS="0.592" lang="en" source="ibm">fabric</contenuImg>
            <contenuImg CS="0.593" lang="en" source="ibm">clothing</contenuImg>
            <contenuImg CS="0.506" lang="en" source="ibm">Museum (Indoor)</contenuImg>
            <contenuImg CS="0.649" lang="en" source="ibm">silverpoint</contenuImg>
            <contenuImg CS="0.597" lang="en" source="ibm">person</contenuImg>
            <contenuImg CS="0.27" h="3423" lang="fr" source="yolo" w="953" x="453" y="243">personne</contenuImg>
            <contenuImg CS="0.27" h="3423" lang="en" source="yolo" w="953" x="453" y="243">person</contenuImg>
            <genre source="final">publicité</genre>
            <genre source="md">publicité</genre>
            <fonction source="final">repro/photo</fonction>
            <tech source="final">imp photoméca</tech>
            <fonction CS="0.81" source="TensorFlow">repro/photo</fonction>
            <tech CS="1" source="md">imp photoméca</tech>
            <leg>DEUX CLAUDINE LINGERIE DE LUXE 27, RUE TRONCHET TROUSSEAUX 144 , CHAMPS-ÉLYSÉE5 p A R 1 S DÉSHABILLÉS (PORTIQUE5 DE L ÉTOILE) RAVON SPÉCIAL pour ENFANTS</leg>
            <txt>JANVIER 1930 13 JANVIER 1930 13</txt>
          </ill>
        </ills>
      </page>
      <page hauteurPx="4969" largeurPx="3773" ordre="26">
        <nbMot>274</nbMot>
        <blocTexte>6</blocTexte>
        <blocTab>0</blocTab>
        <blocPub>5</blocPub>
        <blocIll ocr="0">0</blocIll>
      </page>
      <page hauteurPx="5063" largeurPx="3761" ordre="27">
        <nbMot>66</nbMot>
        <blocTexte>6</blocTexte>
        <blocTab>0</blocTab>
        <blocPub>5</blocPub>
        <blocIll ocr="1">1</blocIll>
        <ills>
          <ill classif="CCyolo CCibm" couleur="gris" h="2777" n="27-1" pub="1" taille="3" w="2848" x="420" y="256">
            <contenuImg CS="0.927" lang="fr" source="ibm">harpe</contenuImg>
            <contenuImg CS="0.927" lang="fr" source="ibm">cordophone (instrument de musique)</contenuImg>
            <contenuImg CS="0.928" lang="fr" source="ibm">instrument à cordes</contenuImg>
            <contenuImg CS="0.928" lang="fr" source="ibm">instrument de musique</contenuImg>
            <contenuImg CS="0.806" coul="1" lang="fr" source="ibm">sauge</contenuImg>
            <contenuImg CS="0.793" coul="1" lang="fr" source="ibm">noir</contenuImg>
            <contenuImg CS="0.793" coul="1" lang="en" source="ibm">black color</contenuImg>
            <contenuImg CS="0.806" coul="1" lang="en" source="ibm">sage green color</contenuImg>
            <contenuImg CS="0.928" lang="en" source="ibm">musical instrument</contenuImg>
            <contenuImg CS="0.928" lang="en" source="ibm">stringed instrument</contenuImg>
            <contenuImg CS="0.927" lang="en" source="ibm">chordophone (musical instrument)</contenuImg>
            <contenuImg CS="0.927" lang="en" source="ibm">harp</contenuImg>
            <contenuImg CS="0.70" h="2640" lang="fr" source="yolo" w="2036" x="423" y="80">personne</contenuImg>
            <contenuImg y="1" CS="0.31" h="1373" lang="fr" source="yolo" w="373" x="1053">parapluie</contenuImg>
            <contenuImg y="1" CS="0.31" h="1373" lang="en" source="yolo" w="373" x="1053">umbrella</contenuImg>
            <contenuImg CS="0.70" h="2640" lang="en" source="yolo" w="2036" x="423" y="80">person</contenuImg>
            <genre source="final">publicité</genre>
            <genre source="md">publicité</genre>
            <fonction source="final">repro/photo</fonction>
            <tech source="final">imp photoméca</tech>
            <fonction CS="0.81" source="TensorFlow">repro/photo</fonction>
            <tech CS="1" source="md">imp photoméca</tech>
            <leg>La femme élégante ne porte que le BAS GUI GARANTI SOIE NATURELLE ———— SANS CHARGE ———— C EST LE BAS IDÉAL POUR ;. LA FEMME SOUCIEUSE DE SES INTÉRÊTS LE BAS GUI EST EN VENTE DANS TOUTES LES MAISONS DE BON N TE RI F ET GRANDS MAGASINS DE FRANCE ET DE L ÉTRANGER</leg>
            <txt>JANVIER 1930 15 JANVIER 1930 15</txt>
          </ill>
        </ills>
      </page>
      <page hauteurPx="4963" largeurPx="3771" ordre="28">
        <nbMot>186</nbMot>
        <blocTexte>13</blocTexte>
        <blocTab>0</blocTab>
        <blocPub>12</blocPub>
        <blocIll ocr="0">0</blocIll>
      </page>
      <page hauteurPx="5057" largeurPx="3753" ordre="29">
        <nbMot>184</nbMot>
        <blocTexte>12</blocTexte>
        <blocTab>0</blocTab>
        <blocPub>1</blocPub>
        <blocIll ocr="1">1</blocIll>
        <ills>
          <ill classif="CCyolo CCibm" couleur="gris" h="3536" n="29-1" pub="1" taille="5" w="3346" x="190" y="314">
            <contenuImg CS="0.822" lang="fr" source="ibm">journal de classe</contenuImg>
            <contenuImg CS="0.913" lang="fr" source="ibm">journal</contenuImg>
            <contenuImg CS="0.913" lang="fr" source="ibm">média</contenuImg>
            <contenuImg CS="0.624" lang="fr" source="ibm">gazette</contenuImg>
            <contenuImg CS="0.5" lang="fr" source="ibm">document écrit</contenuImg>
            <contenuImg CS="0.801" lang="fr" source="ibm">presse écrite</contenuImg>
            <contenuImg CS="0.941" coul="1" lang="fr" source="ibm">gris</contenuImg>
            <contenuImg CS="0.595" coul="1" lang="fr" source="ibm">noir charbon</contenuImg>
            <contenuImg CS="0.595" coul="1" lang="en" source="ibm">coal black color</contenuImg>
            <contenuImg CS="0.941" coul="1" lang="en" source="ibm">gray color</contenuImg>
            <contenuImg CS="0.801" lang="en" source="ibm">print media</contenuImg>
            <contenuImg CS="0.5" lang="en" source="ibm">written document</contenuImg>
            <contenuImg CS="0.624" lang="en" source="ibm">gazette</contenuImg>
            <contenuImg CS="0.913" lang="en" source="ibm">medium</contenuImg>
            <contenuImg CS="0.913" lang="en" source="ibm">newspaper</contenuImg>
            <contenuImg CS="0.822" lang="en" source="ibm">school newspaper</contenuImg>
            <contenuImg CS="0.27" h="3500" lang="fr" source="yolo" w="3196" x="70" y="70">livre</contenuImg>
            <contenuImg CS="0.27" h="3500" lang="en" source="yolo" w="3196" x="70" y="70">book</contenuImg>
            <genre source="final">publicité</genre>
            <genre source="md">publicité</genre>
            <fonction source="final">repro/texte</fonction>
            <tech source="final">imp photoméca</tech>
            <fonction CS="0.48" source="TensorFlow">repro/texte</fonction>
            <tech CS="1" source="md">imp photoméca</tech>
            <leg>f f T~e~M~€~  ~a S3. Boulevard IMalesherbes LONDRES LA HAYE AMSTERDAM ROTTERDAM BRUXELLES lIËGE ANVERS GAND STAMBOUL 177, Regent Street, W.I. 21, Noordeinde 14, Leidschestraat 57c, Coolsingel 144, rue Neuve 13, rue Vinâve d lie 1, rue Quellin 7, rue du Soleil 12, PERA, Place du Tunnel Ceinture à partir de Frs : 60 Si la Gaine n est pas achetée chez Envoi gratuit du Gaine à partir de Frs: 295 Roussel, ce n est pas une Gaine Roussel. catalogue illustré F 14</leg>
            <txt>B JANVIER 1930 17</txt>
          </ill>
        </ills>
      </page>
      <page hauteurPx="5027" largeurPx="3833" ordre="30">
        <nbMot>141</nbMot>
        <blocTexte>7</blocTexte>
        <blocTab>0</blocTab>
        <blocPub>6</blocPub>
        <blocIll ocr="0">0</blocIll>
      </page>
      <page hauteurPx="5033" largeurPx="3721" ordre="31">
        <nbMot>165</nbMot>
        <blocTexte>8</blocTexte>
        <blocTab>0</blocTab>
        <blocPub>7</blocPub>
        <blocIll ocr="0">0</blocIll>
      </page>
      <page hauteurPx="5015" largeurPx="3817" ordre="32">
        <nbMot>158</nbMot>
        <blocTexte>10</blocTexte>
        <blocTab>0</blocTab>
        <blocPub>9</blocPub>
        <blocIll ocr="0">0</blocIll>
      </page>
      <page hauteurPx="5075" largeurPx="3779" ordre="33">
        <nbMot>17</nbMot>
        <blocTexte>2</blocTexte>
        <blocTab>0</blocTab>
        <blocPub>1</blocPub>
        <blocIll ocr="1">1</blocIll>
        <ills>
          <ill classif="CCyolo CCibm" couleur="gris" h="3021" n="33-1" pub="1" taille="4" w="3160" x="335" y="329">
            <contenuImg CS="0.556" lang="fr" source="ibm">canif</contenuImg>
            <contenuImg CS="0.595" lang="fr" source="ibm">reine (cartes à jouer)</contenuImg>
            <contenuImg CS="0.74" lang="fr" source="ibm">couteau</contenuImg>
            <contenuImg CS="0.742" lang="fr" source="ibm">coutellerie</contenuImg>
            <contenuImg CS="0.742" lang="fr" source="ibm">outil</contenuImg>
            <contenuImg CS="0.533" lang="fr" source="ibm">couteau de poche</contenuImg>
            <contenuImg CS="0.5" lang="fr" source="ibm">signet</contenuImg>
            <contenuImg CS="0.594" lang="fr" source="ibm">arme</contenuImg>
            <contenuImg CS="0.599" lang="fr" source="ibm">silhouette</contenuImg>
            <contenuImg CS="0.87" coul="1" lang="fr" source="ibm">gris</contenuImg>
            <contenuImg CS="0.788" coul="1" lang="fr" source="ibm">ivoire (couleur)</contenuImg>
            <contenuImg CS="0.788" coul="1" lang="en" source="ibm">ivory color</contenuImg>
            <contenuImg CS="0.87" coul="1" lang="en" source="ibm">gray color</contenuImg>
            <contenuImg CS="0.599" lang="en" source="ibm">figure</contenuImg>
            <contenuImg CS="0.594" lang="en" source="ibm">weapon</contenuImg>
            <contenuImg CS="0.5" lang="en" source="ibm">bookmark</contenuImg>
            <contenuImg CS="0.533" lang="en" source="ibm">pocketknife</contenuImg>
            <contenuImg CS="0.742" lang="en" source="ibm">tool</contenuImg>
            <contenuImg CS="0.742" lang="en" source="ibm">cutlery</contenuImg>
            <contenuImg CS="0.74" lang="en" source="ibm">knife</contenuImg>
            <contenuImg CS="0.556" lang="en" source="ibm">penknife</contenuImg>
            <contenuImg CS="0.595" lang="en" source="ibm">queen (playing cards)</contenuImg>
            <contenuImg y="1" CS="0.69" h="3060" lang="fr" source="yolo" w="3016" x="50">montre</contenuImg>
            <contenuImg y="1" CS="0.69" h="3060" lang="en" source="yolo" w="3016" x="50">clock</contenuImg>
            <genre source="final">publicité</genre>
            <genre source="md">publicité</genre>
            <fonction source="final">repro/dessin</fonction>
            <tech source="final">imp photoméca</tech>
            <fonction CS="0.73" source="TensorFlow">repro/dessin</fonction>
            <tech CS="1" source="md">imp photoméca</tech>
            <leg>LE GANT IMDCOLET la RUE DUPHOT. ÎÎOG.Kli: DE RIVOLI 56,FAUBOURG SI HONORE. PARIS</leg>
            <txt>JANVIER 1930 21 21 JANVIER 1930 21 21</txt>
          </ill>
        </ills>
      </page>
      <page hauteurPx="4949" largeurPx="3657" ordre="34">
        <nbMot>218</nbMot>
        <blocTexte>15</blocTexte>
        <blocTab>0</blocTab>
        <blocPub>0</blocPub>
        <blocIll ocr="2">2</blocIll>
        <ills/>
      </page>
      <page hauteurPx="5069" largeurPx="3769" ordre="35">
        <nbMot>38</nbMot>
        <blocTexte>3</blocTexte>
        <blocTab>0</blocTab>
        <blocPub>2</blocPub>
        <blocIll ocr="0">0</blocIll>
      </page>
      <page hauteurPx="4977" largeurPx="3673" ordre="36">
        <nbMot>396</nbMot>
        <blocTexte>13</blocTexte>
        <blocTab>0</blocTab>
        <blocPub>12</blocPub>
        <blocIll ocr="0">0</blocIll>
      </page>
      <page hauteurPx="5033" largeurPx="3721" ordre="37">
        <nbMot>55</nbMot>
        <blocTexte>3</blocTexte>
        <blocTab>0</blocTab>
        <blocPub>2</blocPub>
        <blocIll ocr="0">0</blocIll>
      </page>
      <page hauteurPx="5003" largeurPx="3711" ordre="38">
        <nbMot>194</nbMot>
        <blocTexte>11</blocTexte>
        <blocTab>0</blocTab>
        <blocPub>10</blocPub>
        <blocIll ocr="0">0</blocIll>
      </page>
      <page hauteurPx="5053" largeurPx="3741" ordre="39">
        <nbMot>35</nbMot>
        <blocTexte>4</blocTexte>
        <blocTab>0</blocTab>
        <blocPub>3</blocPub>
        <blocIll ocr="0">0</blocIll>
      </page>
      <page hauteurPx="4965" largeurPx="3625" ordre="40">
        <nbMot>123</nbMot>
        <blocTexte>6</blocTexte>
        <blocTab>0</blocTab>
        <blocPub>5</blocPub>
        <blocIll ocr="0">0</blocIll>
      </page>
      <page hauteurPx="5067" largeurPx="3757" ordre="41">
        <nbMot>370</nbMot>
        <blocTexte>14</blocTexte>
        <blocTab>1</blocTab>
        <blocPub>0</blocPub>
        <blocIll ocr="1">1</blocIll>
        <ills>
          <ill classif="CCyolo CCibm" couleur="gris" h="1341" n="41-1" pub="1" taille="0" w="1091" x="2088" y="538">
            <contenuImg CS="0.96" lang="fr" source="ibm">piste de ski</contenuImg>
            <contenuImg CS="0.96" lang="fr" source="ibm">pente</contenuImg>
            <contenuImg CS="0.96" lang="fr" source="ibm">nature</contenuImg>
            <contenuImg CS="0.794" lang="fr" source="ibm">masse de glace</contenuImg>
            <contenuImg CS="0.786" lang="fr" source="ibm">sport</contenuImg>
            <contenuImg CS="0.821" coul="1" lang="fr" source="ibm">noir</contenuImg>
            <contenuImg CS="0.567" coul="1" lang="fr" source="ibm">gris</contenuImg>
            <contenuImg CS="0.567" coul="1" lang="en" source="ibm">gray color</contenuImg>
            <contenuImg CS="0.821" coul="1" lang="en" source="ibm">black color</contenuImg>
            <contenuImg CS="0.786" lang="en" source="ibm">sport</contenuImg>
            <contenuImg CS="0.794" lang="en" source="ibm">ice mass</contenuImg>
            <contenuImg CS="0.96" lang="en" source="ibm">nature</contenuImg>
            <contenuImg CS="0.96" lang="en" source="ibm">slope</contenuImg>
            <contenuImg CS="0.96" lang="en" source="ibm">ski slope</contenuImg>
            <contenuImg CS="0.37" h="63" lang="fr" source="yolo" w="93" x="786" y="1066">personne</contenuImg>
            <contenuImg CS="0.35" h="1326" lang="fr" source="yolo" w="1060" x="0" y="6">moniteur</contenuImg>
            <contenuImg CS="0.35" h="1326" lang="en" source="yolo" w="1060" x="0" y="6">tvmonitor</contenuImg>
            <contenuImg CS="0.37" h="63" lang="en" source="yolo" w="93" x="786" y="1066">person</contenuImg>
            <genre source="final">publicité</genre>
            <genre source="md">publicité</genre>
            <fonction source="final">repro/dessin</fonction>
            <tech source="final">imp photoméca</tech>
            <fonction CS="0.74" source="TensorFlow">repro/dessin</fonction>
            <tech CS="1" source="md">imp photoméca</tech>
            <leg>E D N A W 0 0 L M A N CHASE. RÉDACTRICE GÉNÉRALE DES TROIS VOGUE</leg>
            <txt>LE POINT DE VUE DE VOGUE 31 LA VICOMTESSE ANTOINE DE ROUGÉ 32 CATASTROPHE? RÉSURRECTION ? 33 VOUS PARTEZ POUR LA RIVIERA 36 DÉJÀ LA PAILLE 41 JERSEY ET JERSEY-TWEED 42 RELATION ENTRE COL ET CHAPEAU 44 ROBES DU SOIR 48 L AIMABLE MENSONGE 50 VOYAGES 51 MISS NORMA ROGERS 54 1930, par Alexandre Arnoux 55 MIROIRS PEINTS 56 EN SCÈNE 57 UNE MAISON MODERNE 60 LE SENS PRATIQUE EN VOYAGE 62 UN ENSEMBLE À DOUBLE FIN 63 SACS ET GANTS 64 DEUX ROBES POUR UN MANTEAU 66 MANTEAUX DU SOIR SIMPLES 68 LA TENUE DU SOIR 70 SOMMAIRE</txt>
          </ill>
        </ills>
      </page>
      <page hauteurPx="4975" largeurPx="3641" ordre="42">
        <nbMot>10</nbMot>
        <blocTexte>3</blocTexte>
        <blocTab>0</blocTab>
        <blocPub>0</blocPub>
        <blocIll ocr="1">1</blocIll>
        <ills>
          <ill classif="CCyolo CCibm" couleur="gris" h="3762" n="42-1" pub="1" taille="4" w="2815" x="535" y="548">
            <contenuImg CS="0.807" lang="fr" source="ibm">salle d'étude</contenuImg>
            <contenuImg CS="0.686" lang="fr" source="ibm">pointe d'argent</contenuImg>
            <contenuImg CS="0.5" lang="fr" source="ibm">personne</contenuImg>
            <contenuImg CS="0.799" lang="fr" source="ibm">dispositif optique</contenuImg>
            <contenuImg CS="0.942" coul="1" lang="fr" source="ibm">albâtre</contenuImg>
            <contenuImg CS="0.942" coul="1" lang="en" source="ibm">alabaster color</contenuImg>
            <contenuImg CS="0.799" lang="en" source="ibm">optical device</contenuImg>
            <contenuImg CS="0.5" lang="en" source="ibm">person</contenuImg>
            <contenuImg CS="0.686" lang="en" source="ibm">silverpoint</contenuImg>
            <contenuImg CS="0.807" lang="en" source="ibm">study</contenuImg>
            <contenuImg x="1" CS="0.94" h="3600" lang="fr" source="yolo" w="2873" y="150">personne</contenuImg>
            <contenuImg x="1" CS="0.94" h="3600" lang="en" source="yolo" w="2873" y="150">person</contenuImg>
            <genre source="final">publicité</genre>
            <genre source="md">publicité</genre>
            <fonction source="final">repro/dessin</fonction>
            <tech source="final">imp photoméca</tech>
            <fonction CS="0.57" source="TensorFlow">repro/dessin</fonction>
            <tech CS="1" source="md">imp photoméca</tech>
            <leg>:r  co.t R-OSE DESCAT</leg>
            <txt>30 V O G U EI 30 V O G U EI</txt>
          </ill>
        </ills>
      </page>
      <page hauteurPx="5033" largeurPx="3713" ordre="43">
        <nbMot>225</nbMot>
        <blocTexte>6</blocTexte>
        <blocTab>0</blocTab>
        <blocPub>0</blocPub>
        <blocIll ocr="1">1</blocIll>
        <ills/>
      </page>
      <page hauteurPx="5013" largeurPx="3681" ordre="44">
        <nbMot>13</nbMot>
        <blocTexte>2</blocTexte>
        <blocTab>0</blocTab>
        <blocPub>0</blocPub>
        <blocIll ocr="1">1</blocIll>
        <ills/>
      </page>
      <page hauteurPx="5033" largeurPx="3693" ordre="45">
        <nbMot>177</nbMot>
        <blocTexte>8</blocTexte>
        <blocTab>0</blocTab>
        <blocPub>0</blocPub>
        <blocIll ocr="1">1</blocIll>
        <ills/>
      </page>
      <page hauteurPx="4983" largeurPx="3639" ordre="46">
        <nbMot>350</nbMot>
        <blocTexte>7</blocTexte>
        <blocTab>0</blocTab>
        <blocPub>0</blocPub>
        <blocIll ocr="3">3</blocIll>
        <ills/>
      </page>
      <page hauteurPx="5049" largeurPx="3715" ordre="47">
        <nbMot>295</nbMot>
        <blocTexte>6</blocTexte>
        <blocTab>0</blocTab>
        <blocPub>0</blocPub>
        <blocIll ocr="2">2</blocIll>
        <ills/>
      </page>
      <page hauteurPx="4989" largeurPx="3647" ordre="48">
        <nbMot>327</nbMot>
        <blocTexte>11</blocTexte>
        <blocTab>0</blocTab>
        <blocPub>0</blocPub>
        <blocIll ocr="1">1</blocIll>
        <ills/>
      </page>
      <page hauteurPx="5061" largeurPx="3725" ordre="49">
        <nbMot>59</nbMot>
        <blocTexte>4</blocTexte>
        <blocTab>0</blocTab>
        <blocPub>0</blocPub>
        <blocIll ocr="1">1</blocIll>
        <ills/>
      </page>
      <page hauteurPx="5071" largeurPx="3763" ordre="50">
        <nbMot>92</nbMot>
        <blocTexte>3</blocTexte>
        <blocTab>0</blocTab>
        <blocPub>0</blocPub>
        <blocIll ocr="1">1</blocIll>
        <ills/>
      </page>
      <page hauteurPx="5063" largeurPx="3727" ordre="51">
        <nbMot>84</nbMot>
        <blocTexte>2</blocTexte>
        <blocTab>0</blocTab>
        <blocPub>0</blocPub>
        <blocIll ocr="1">1</blocIll>
        <ills/>
      </page>
      <page hauteurPx="5007" largeurPx="3695" ordre="52">
        <nbMot>50</nbMot>
        <blocTexte>4</blocTexte>
        <blocTab>0</blocTab>
        <blocPub>0</blocPub>
        <blocIll ocr="1">1</blocIll>
        <ills/>
      </page>
      <page hauteurPx="5081" largeurPx="3751" ordre="53">
        <nbMot>66</nbMot>
        <blocTexte>5</blocTexte>
        <blocTab>0</blocTab>
        <blocPub>0</blocPub>
        <blocIll ocr="3">3</blocIll>
        <ills/>
      </page>
      <page hauteurPx="4945" largeurPx="3609" ordre="54">
        <nbMot>71</nbMot>
        <blocTexte>4</blocTexte>
        <blocTab>0</blocTab>
        <blocPub>0</blocPub>
        <blocIll ocr="2">2</blocIll>
        <ills/>
      </page>
      <page hauteurPx="5063" largeurPx="3727" ordre="55">
        <nbMot>49</nbMot>
        <blocTexte>2</blocTexte>
        <blocTab>0</blocTab>
        <blocPub>0</blocPub>
        <blocIll ocr="1">1</blocIll>
        <ills/>
      </page>
      <page hauteurPx="4985" largeurPx="3537" ordre="56">
        <nbMot>203</nbMot>
        <blocTexte>6</blocTexte>
        <blocTab>0</blocTab>
        <blocPub>0</blocPub>
        <blocIll ocr="2">2</blocIll>
        <ills/>
      </page>
      <page hauteurPx="5049" largeurPx="3685" ordre="57">
        <nbMot>23</nbMot>
        <blocTexte>4</blocTexte>
        <blocTab>0</blocTab>
        <blocPub>0</blocPub>
        <blocIll ocr="2">2</blocIll>
        <ills/>
      </page>
      <page hauteurPx="4999" largeurPx="3683" ordre="58">
        <nbMot>147</nbMot>
        <blocTexte>6</blocTexte>
        <blocTab>0</blocTab>
        <blocPub>0</blocPub>
        <blocIll ocr="2">2</blocIll>
        <ills/>
      </page>
      <page hauteurPx="5063" largeurPx="3703" ordre="59">
        <nbMot>44</nbMot>
        <blocTexte>5</blocTexte>
        <blocTab>0</blocTab>
        <blocPub>0</blocPub>
        <blocIll ocr="1">1</blocIll>
        <ills/>
      </page>
      <page hauteurPx="4959" largeurPx="3655" ordre="60">
        <nbMot>40</nbMot>
        <blocTexte>2</blocTexte>
        <blocTab>0</blocTab>
        <blocPub>0</blocPub>
        <blocIll ocr="1">1</blocIll>
        <ills/>
      </page>
      <page hauteurPx="5043" largeurPx="3715" ordre="61">
        <nbMot>45</nbMot>
        <blocTexte>3</blocTexte>
        <blocTab>0</blocTab>
        <blocPub>0</blocPub>
        <blocIll ocr="1">1</blocIll>
        <ills/>
      </page>
      <page hauteurPx="4987" largeurPx="3695" ordre="62">
        <nbMot>477</nbMot>
        <blocTexte>15</blocTexte>
        <blocTab>0</blocTab>
        <blocPub>0</blocPub>
        <blocIll ocr="3">3</blocIll>
        <ills/>
      </page>
      <page hauteurPx="5055" largeurPx="3731" ordre="63">
        <nbMot>144</nbMot>
        <blocTexte>5</blocTexte>
        <blocTab>0</blocTab>
        <blocPub>0</blocPub>
        <blocIll ocr="1">1</blocIll>
        <ills/>
      </page>
      <page hauteurPx="4945" largeurPx="3585" ordre="64">
        <nbMot>107</nbMot>
        <blocTexte>5</blocTexte>
        <blocTab>0</blocTab>
        <blocPub>0</blocPub>
        <blocIll ocr="1">1</blocIll>
        <ills/>
      </page>
      <page hauteurPx="5051" largeurPx="3705" ordre="65">
        <nbMot>103</nbMot>
        <blocTexte>4</blocTexte>
        <blocTab>0</blocTab>
        <blocPub>0</blocPub>
        <blocIll ocr="1">1</blocIll>
        <ills/>
      </page>
      <page hauteurPx="4957" largeurPx="3637" ordre="66">
        <nbMot>22</nbMot>
        <blocTexte>2</blocTexte>
        <blocTab>0</blocTab>
        <blocPub>0</blocPub>
        <blocIll ocr="1">1</blocIll>
        <ills/>
      </page>
      <page hauteurPx="5021" largeurPx="3665" ordre="67">
        <nbMot>642</nbMot>
        <blocTexte>14</blocTexte>
        <blocTab>0</blocTab>
        <blocPub>0</blocPub>
        <blocIll ocr="0">0</blocIll>
      </page>
      <page hauteurPx="5003" largeurPx="3701" ordre="68">
        <nbMot>134</nbMot>
        <blocTexte>3</blocTexte>
        <blocTab>0</blocTab>
        <blocPub>0</blocPub>
        <blocIll ocr="2">2</blocIll>
        <ills/>
      </page>
      <page hauteurPx="5021" largeurPx="3665" ordre="69">
        <nbMot>214</nbMot>
        <blocTexte>6</blocTexte>
        <blocTab>0</blocTab>
        <blocPub>0</blocPub>
        <blocIll ocr="1">1</blocIll>
        <ills/>
      </page>
      <page hauteurPx="4991" largeurPx="3683" ordre="70">
        <nbMot>58</nbMot>
        <blocTexte>3</blocTexte>
        <blocTab>0</blocTab>
        <blocPub>0</blocPub>
        <blocIll ocr="1">1</blocIll>
        <ills/>
      </page>
      <page hauteurPx="5049" largeurPx="3703" ordre="71">
        <nbMot>3</nbMot>
        <blocTexte>1</blocTexte>
        <blocTab>0</blocTab>
        <blocPub>0</blocPub>
        <blocIll ocr="1">1</blocIll>
        <ills/>
      </page>
      <page hauteurPx="4945" largeurPx="3577" ordre="72">
        <nbMot>121</nbMot>
        <blocTexte>3</blocTexte>
        <blocTab>0</blocTab>
        <blocPub>0</blocPub>
        <blocIll ocr="1">1</blocIll>
        <ills/>
      </page>
      <page hauteurPx="5039" largeurPx="3689" ordre="73">
        <nbMot>132</nbMot>
        <blocTexte>5</blocTexte>
        <blocTab>0</blocTab>
        <blocPub>0</blocPub>
        <blocIll ocr="2">2</blocIll>
        <ills/>
      </page>
      <page hauteurPx="4945" largeurPx="3577" ordre="74">
        <nbMot>54</nbMot>
        <blocTexte>5</blocTexte>
        <blocTab>0</blocTab>
        <blocPub>0</blocPub>
        <blocIll ocr="3">3</blocIll>
        <ills/>
      </page>
      <page hauteurPx="5049" largeurPx="3729" ordre="75">
        <nbMot>60</nbMot>
        <blocTexte>4</blocTexte>
        <blocTab>0</blocTab>
        <blocPub>0</blocPub>
        <blocIll ocr="3">3</blocIll>
        <ills/>
      </page>
      <page hauteurPx="4971" largeurPx="3613" ordre="76">
        <nbMot>107</nbMot>
        <blocTexte>6</blocTexte>
        <blocTab>0</blocTab>
        <blocPub>0</blocPub>
        <blocIll ocr="1">1</blocIll>
        <ills/>
      </page>
      <page hauteurPx="5047" largeurPx="3725" ordre="77">
        <nbMot>111</nbMot>
        <blocTexte>7</blocTexte>
        <blocTab>0</blocTab>
        <blocPub>0</blocPub>
        <blocIll ocr="1">1</blocIll>
        <ills/>
      </page>
      <page hauteurPx="4945" largeurPx="3641" ordre="78">
        <nbMot>127</nbMot>
        <blocTexte>5</blocTexte>
        <blocTab>0</blocTab>
        <blocPub>0</blocPub>
        <blocIll ocr="1">1</blocIll>
        <ills/>
      </page>
      <page hauteurPx="5029" largeurPx="3701" ordre="79">
        <nbMot>134</nbMot>
        <blocTexte>8</blocTexte>
        <blocTab>0</blocTab>
        <blocPub>0</blocPub>
        <blocIll ocr="1">1</blocIll>
        <ills/>
      </page>
      <page hauteurPx="4979" largeurPx="3667" ordre="80">
        <nbMot>123</nbMot>
        <blocTexte>7</blocTexte>
        <blocTab>0</blocTab>
        <blocPub>0</blocPub>
        <blocIll ocr="2">2</blocIll>
        <ills/>
      </page>
      <page hauteurPx="5071" largeurPx="3759" ordre="81">
        <nbMot>672</nbMot>
        <blocTexte>32</blocTexte>
        <blocTab>0</blocTab>
        <blocPub>10</blocPub>
        <blocIll ocr="4">4</blocIll>
        <ills>
          <ill classif="CCibm" couleur="gris" h="569" n="81-4" pub="1" taille="0" w="624" x="3042" y="3354">
            <contenuImg CS="0.526" lang="fr" source="ibm">stèle (dalle avec inscriptions)</contenuImg>
            <contenuImg CS="0.516" lang="fr" source="ibm">réchaud</contenuImg>
            <contenuImg CS="0.516" lang="fr" source="ibm">cuisinière</contenuImg>
            <contenuImg CS="0.517" lang="fr" source="ibm">appareil</contenuImg>
            <contenuImg CS="0.5" lang="fr" source="ibm">guillotine</contenuImg>
            <contenuImg CS="0.6" lang="fr" source="ibm">instrument</contenuImg>
            <contenuImg CS="0.941" coul="1" lang="fr" source="ibm">gris</contenuImg>
            <contenuImg CS="0.67" coul="1" lang="fr" source="ibm">albâtre</contenuImg>
            <contenuImg CS="0.67" coul="1" lang="en" source="ibm">alabaster color</contenuImg>
            <contenuImg CS="0.941" coul="1" lang="en" source="ibm">gray color</contenuImg>
            <contenuImg CS="0.6" lang="en" source="ibm">instrument</contenuImg>
            <contenuImg CS="0.5" lang="en" source="ibm">guillotine</contenuImg>
            <contenuImg CS="0.517" lang="en" source="ibm">appliance</contenuImg>
            <contenuImg CS="0.516" lang="en" source="ibm">kitchen stove</contenuImg>
            <contenuImg CS="0.516" lang="en" source="ibm">potbelly stove</contenuImg>
            <contenuImg CS="0.526" lang="en" source="ibm">stele (stone slab with markings)</contenuImg>
            <genre source="final">publicité</genre>
            <genre source="md">publicité</genre>
            <fonction source="final">repro/photo</fonction>
            <tech source="final">imp photoméca</tech>
            <fonction CS="0.71" source="TensorFlow">repro/photo</fonction>
            <tech CS="1" source="md">imp photoméca</tech>
            <leg>ARDENA POWDER Une poudre pure,très légèrement parfulllée, faite spécialement pour les femmes qui recherchent une qualité supérieure. En huit jolies nuances. Frs 75. »</leg>
            <txt>ARDENA VELVA CREAMUne crème délicate pour les peaux sensibles. Recommandée pour un visage rempli car elle rend la peau douce et lisse sans l engraisser. Frs. 25.11; 50. » ; 75.» Frs. 25. » ; 50. » ; go. »</txt>
          </ill>
        </ills>
      </page>
      <page hauteurPx="4945" largeurPx="3621" ordre="82">
        <nbMot>457</nbMot>
        <blocTexte>14</blocTexte>
        <blocTab>0</blocTab>
        <blocPub>7</blocPub>
        <blocIll ocr="1">1</blocIll>
        <ills>
          <ill classif="CCibm" couleur="gris" h="1181" n="82-1" pub="1" taille="0" w="1404" x="2063" y="230">
            <contenuImg CS="0.569" lang="fr" source="ibm">axe de coordonnées</contenuImg>
            <contenuImg CS="0.525" lang="fr" source="ibm">polygone concave</contenuImg>
            <contenuImg CS="0.529" lang="fr" source="ibm">polygone</contenuImg>
            <contenuImg CS="0.529" lang="fr" source="ibm">silhouette</contenuImg>
            <contenuImg CS="0.501" lang="fr" source="ibm">timbre</contenuImg>
            <contenuImg CS="0.501" lang="fr" source="ibm">outil</contenuImg>
            <contenuImg CS="0.513" lang="fr" source="ibm">balance</contenuImg>
            <contenuImg CS="0.514" lang="fr" source="ibm">instrument de mesure</contenuImg>
            <contenuImg CS="0.876" coul="1" lang="fr" source="ibm">gris</contenuImg>
            <contenuImg CS="0.876" coul="1" lang="en" source="ibm">gray color</contenuImg>
            <contenuImg CS="0.514" lang="en" source="ibm">measuring instrument</contenuImg>
            <contenuImg CS="0.513" lang="en" source="ibm">weighing machine</contenuImg>
            <contenuImg CS="0.5" lang="en" source="ibm">balance</contenuImg>
            <contenuImg CS="0.501" lang="en" source="ibm">tool</contenuImg>
            <contenuImg CS="0.501" lang="en" source="ibm">stamp</contenuImg>
            <contenuImg CS="0.529" lang="en" source="ibm">figure</contenuImg>
            <contenuImg CS="0.529" lang="en" source="ibm">polygon</contenuImg>
            <contenuImg CS="0.525" lang="en" source="ibm">concave polygon</contenuImg>
            <contenuImg CS="0.569" lang="en" source="ibm">coordinate axis</contenuImg>
            <genre source="final">publicité</genre>
            <genre source="md">publicité</genre>
            <fonction source="final">repro/dessin</fonction>
            <tech source="final">imp photoméca</tech>
            <fonction CS="0.69" source="TensorFlow">repro/dessin</fonction>
            <tech CS="1" source="md">imp photoméca</tech>
            <leg>HARMONIES ET RYTHME Que votre phonographe supplée au jazz absent ou qu il soit le compagnon discret des heures solitaires, qu il ressuscite pour vous tel rythme échevelé, ou que vous vous plaisiez à entendre de délicates mélodies, quelles que soient vos préférences, voici de quoi vous plaire. Just like a melody out of the sky un rythme moelleux et Rhythm King net et vif, sont chantés par S. Ross et J. Sargent, accompagnés par un excellent pianiste (Pathé); Am I blue au thème plusieurs fois repris d heureuse manière et The one in the world au mouvement curieusement lent et piqué, sont deux bons fox, enregistrements Odéon qui nous offre également : Just Another Kiss valse chantée, et deux tangos: Entre Sueno ; et Se fué para siempre  , le premier agréablement nuancé, le second bien chanté avec accompagnement de piano et de guitare. Paul Whiteman donne chez Columbia Laughing Marionette et Sponsin ; Juan Llossas et son orchestre, quelques tangos dont Plegaria chez Polydor. De Broadcast, une agréable suite de disques : le leitmotiv de Weary River enlevé avec entrain par Nicolas Amato ; l accordéoniste Maurice Alexander, qui interprète Maklouf step arabe, Charleston d antan  , puis des valses : 1 am sorry et Reine de Musette  d un cachet savoureux. De la même firme des tangos : Ternuras harmonieux, Alla en el bajo bien scandé. C est une joie que de réentendre le Prélude en la mineur de Debussy, harmonie étrangement captivante, et la Toccata en do dièze mineur  , enregistrements Polydor, nuancé, finesse.</leg>
            <txt>DORIN 60.62 rue clewatt;gnies P, P i s XII  Les Créations POUP MADAME-sont en ven t e c k ez tous les Co i FFeurs Par F urneurs e t Gcw M agasins Écrire à DORIN pour recevoir gracieusement ~j~ échantillons : crème, poudres ou compacts. Se recommander de VOGUE.</txt>
          </ill>
        </ills>
      </page>
      <page hauteurPx="5053" largeurPx="3733" ordre="83">
        <nbMot>25</nbMot>
        <blocTexte>2</blocTexte>
        <blocTab>0</blocTab>
        <blocPub>0</blocPub>
        <blocIll ocr="2">1</blocIll>
        <ills/>
      </page>
      <page hauteurPx="5005" largeurPx="3677" ordre="84">
        <nbMot>375</nbMot>
        <blocTexte>15</blocTexte>
        <blocTab>0</blocTab>
        <blocPub>10</blocPub>
        <blocIll ocr="2">2</blocIll>
        <ills>
          <ill classif="CCyolo CCibm" couleur="gris" h="1370" n="84-2" pub="1" taille="0" w="1105" x="2351" y="3531">
            <contenuImg CS="0.833" lang="fr" source="ibm">gobelet</contenuImg>
            <contenuImg CS="0.833" lang="fr" source="ibm">tasse</contenuImg>
            <contenuImg CS="0.834" lang="fr" source="ibm">vaisselle</contenuImg>
            <contenuImg CS="0.834" lang="fr" source="ibm">ustensile</contenuImg>
            <contenuImg CS="0.799" lang="fr" source="ibm">instrument de mesure</contenuImg>
            <contenuImg CS="0.795" lang="fr" source="ibm">appareil</contenuImg>
            <contenuImg CS="0.997" coul="1" lang="fr" source="ibm">gris</contenuImg>
            <contenuImg CS="0.997" coul="1" lang="en" source="ibm">gray color</contenuImg>
            <contenuImg CS="0.795" lang="en" source="ibm">appliance</contenuImg>
            <contenuImg CS="0.799" lang="en" source="ibm">measuring instrument</contenuImg>
            <contenuImg CS="0.834" lang="en" source="ibm">utensil</contenuImg>
            <contenuImg CS="0.834" lang="en" source="ibm">tableware</contenuImg>
            <contenuImg CS="0.833" lang="en" source="ibm">cup</contenuImg>
            <contenuImg CS="0.833" lang="en" source="ibm">beaker</contenuImg>
            <contenuImg CS="0.94" h="1290" lang="fr" source="yolo" w="966" x="90" y="53">réfrigérateur</contenuImg>
            <contenuImg CS="0.55" h="570" lang="fr" source="yolo" w="276" x="306" y="426">bouteille</contenuImg>
            <contenuImg CS="0.55" h="570" lang="en" source="yolo" w="276" x="306" y="426">bottle</contenuImg>
            <contenuImg CS="0.94" h="1290" lang="en" source="yolo" w="966" x="90" y="53">refrigerator</contenuImg>
            <genre source="final">publicité</genre>
            <genre source="md">publicité</genre>
            <fonction source="final">repro/photo</fonction>
            <tech source="final">imp photoméca</tech>
            <fonction CS="0.99" source="TensorFlow">repro/photo</fonction>
            <tech CS="1" source="md">imp photoméca</tech>
            <txt>Worth a emprunté leur essence pour composer Sans Adieu , un des meilleurs parfums de la saison. Son origine est évoquée par un joli flacon de cristal vert-cmcraude dont le bouchon conique présente des étages superposés comme les branches d un sapin. C est au mimosa qu Isabey a demandé l inspiration et il en a transposé la fraîcheur et le charme dans son parfum Mimosa En le respirant on se croit réellement au pays ensoleillé où il existe à l état naturel. Ce parfum s accompagne d une poudre odorant aussi le mimosa. S Vers la mi-janvier Gabilla lancera un parfum de plein; air destiné à un succès certain. Son nom est  Hossegor et son arome très original. Ce n est point aux fleurs, mais aux bois exotiques que !</txt>
          </ill>
        </ills>
      </page>
      <page hauteurPx="5041" largeurPx="3705" ordre="85">
        <nbMot>1314</nbMot>
        <blocTexte>107</blocTexte>
        <blocTab>0</blocTab>
        <blocPub>0</blocPub>
        <blocIll ocr="0">0</blocIll>
      </page>
      <page hauteurPx="4945" largeurPx="3593" ordre="86">
        <nbMot>843</nbMot>
        <blocTexte>43</blocTexte>
        <blocTab>0</blocTab>
        <blocPub>0</blocPub>
        <blocIll ocr="1">1</blocIll>
        <ills>
          <ill classif="CCyolo CCibm" couleur="gris" edit="1" h="4406" n="86-1" pub="1" taille="3" w="1745" x="128" y="256">
            <contenuImg CS="0.82" lang="fr" source="ibm">presse écrite</contenuImg>
            <contenuImg CS="0.94" lang="fr" source="ibm">média</contenuImg>
            <contenuImg CS="0.865" lang="fr" source="ibm">journal</contenuImg>
            <contenuImg CS="0.5" lang="fr" source="ibm">journal de classe</contenuImg>
            <contenuImg CS="0.912" coul="1" lang="fr" source="ibm">gris</contenuImg>
            <contenuImg CS="0.607" coul="1" lang="fr" source="ibm">noir</contenuImg>
            <contenuImg CS="0.607" coul="1" lang="en" source="ibm">black color</contenuImg>
            <contenuImg CS="0.912" coul="1" lang="en" source="ibm">gray color</contenuImg>
            <contenuImg CS="0.5" lang="en" source="ibm">school newspaper</contenuImg>
            <contenuImg CS="0.865" lang="en" source="ibm">newspaper</contenuImg>
            <contenuImg CS="0.94" lang="en" source="ibm">medium</contenuImg>
            <contenuImg CS="0.82" lang="en" source="ibm">print media</contenuImg>
            <contenuImg y="1" CS="0.52" h="4460" lang="fr" source="yolo" w="1633" x="80">personne</contenuImg>
            <contenuImg y="1" CS="0.52" h="4460" lang="en" source="yolo" w="1633" x="80">person</contenuImg>
            <fonction source="final">repro/dessin</fonction>
            <tech source="final">imp photoméca</tech>
            <fonction CS="0.84" source="TensorFlow">repro/dessin</fonction>
            <tech CS="1" source="md">imp photoméca</tech>
            <leg>SOINS UTILES ET AGREABLES POUR LES CHIENS L es chiens, pour être bien entretenus, requièrent des soins cons- tants.</leg>
            <txt>82 V 0 G U E I 82 V 0 G U E I</txt>
            <genre source="hm" time="2020-10-31T19:15:02.467+01:00">publicité</genre>
            <genre source="final">publicité</genre>
          </ill>
        </ills>
      </page>
      <page hauteurPx="5045" largeurPx="3691" ordre="87">
        <nbMot>7</nbMot>
        <blocTexte>1</blocTexte>
        <blocTab>0</blocTab>
        <blocPub>1</blocPub>
        <blocIll ocr="0">0</blocIll>
      </page>
      <page hauteurPx="5003" largeurPx="3547" ordre="88">
        <nbMot>60</nbMot>
        <blocTexte>5</blocTexte>
        <blocTab>0</blocTab>
        <blocPub>5</blocPub>
        <blocIll ocr="0">0</blocIll>
      </page>
    </pages>
  </contenus>
</analyseAlto>