<analyseAlto>
  <metad>
    <type>R</type>
    <ID>bpt6k6539884g</ID>
    <notice>cb343833568</notice>
    <titre>Vogue 1936/03</titre>
    <dateEdition>1936-03</dateEdition>
    <lang>fre</lang>
    <source>BnF</source>
    <nbPage>88</nbPage>
  </metad>
  <contenus>
    <largeur>163</largeur>
    <hauteur>220</hauteur>
    <largeurPx>3853</largeurPx>
    <hauteurPx>5209</hauteurPx>
    <pages>
      <page hauteurPx="5209" largeurPx="3853" ordre="1">
        <nbMot>16</nbMot>
        <blocTexte>2</blocTexte>
        <blocTab>0</blocTab>
        <blocPub>0</blocPub>
        <blocIll ocr="1">1</blocIll>
        <ills/>
      </page>
      <page hauteurPx="5199" largeurPx="3815" ordre="2">
        <nbMot>264</nbMot>
        <blocTexte>6</blocTexte>
        <blocTab>0</blocTab>
        <blocPub>6</blocPub>
        <blocIll ocr="1">1</blocIll>
        <ills>
          <ill classif="CCyolo CCibm" couleur="gris" h="3092" n="2-1" pub="1" taille="2" w="1978" x="251" y="309">
            <contenuImg CS="0.69" lang="fr" source="ibm">équerre en T</contenuImg>
            <contenuImg CS="0.69" lang="fr" source="ibm">instrument de dessin</contenuImg>
            <contenuImg CS="0.557" lang="fr" source="ibm">règle</contenuImg>
            <contenuImg CS="0.615" lang="fr" source="ibm">tige de mesure</contenuImg>
            <contenuImg CS="0.728" lang="fr" source="ibm">instrument de mesure</contenuImg>
            <contenuImg CS="0.504" lang="fr" source="ibm">vernier (mesure)</contenuImg>
            <contenuImg CS="0.504" lang="fr" source="ibm">indicateur</contenuImg>
            <contenuImg CS="0.5" lang="fr" source="ibm">pied à coulisse</contenuImg>
            <contenuImg CS="0.599" lang="fr" source="ibm">outil</contenuImg>
            <contenuImg CS="0.636" coul="1" lang="fr" source="ibm">gris</contenuImg>
            <contenuImg CS="0.536" coul="1" lang="fr" source="ibm">vert olive</contenuImg>
            <contenuImg CS="0.536" coul="1" lang="en" source="ibm">olive green color</contenuImg>
            <contenuImg CS="0.636" coul="1" lang="en" source="ibm">gray color</contenuImg>
            <contenuImg CS="0.599" lang="en" source="ibm">tool</contenuImg>
            <contenuImg CS="0.5" lang="en" source="ibm">caliper instrument</contenuImg>
            <contenuImg CS="0.504" lang="en" source="ibm">indicator</contenuImg>
            <contenuImg CS="0.504" lang="en" source="ibm">vernier scale</contenuImg>
            <contenuImg CS="0.728" lang="en" source="ibm">measuring instrument</contenuImg>
            <contenuImg CS="0.615" lang="en" source="ibm">measuring stick</contenuImg>
            <contenuImg CS="0.557" lang="en" source="ibm">ruler</contenuImg>
            <contenuImg CS="0.69" lang="en" source="ibm">drafting instrument</contenuImg>
            <contenuImg CS="0.69" lang="en" source="ibm">T-square</contenuImg>
            <contenuImg CS="0.95" h="3013" lang="fr" source="yolo" w="1816" x="80" y="30">personne</contenuImg>
            <contenuImg CS="0.95" h="3013" lang="en" source="yolo" w="1816" x="80" y="30">person</contenuImg>
            <genre source="final">publicité</genre>
            <genre source="md">publicité</genre>
            <fonction source="final">repro/dessin</fonction>
            <tech source="final">imp photoméca</tech>
            <fonction CS="0.67" source="TensorFlow">repro/dessin</fonction>
            <tech CS="1" source="md">imp photoméca</tech>
            <leg>LA GAINE CLAVERI soutien réel et efficace conserve la jeunesse et la grâce de la ligne 8 Quels que soient, Madame, vos désirs et vos goûts, vous trouverez la gaine qui vous convient parmi les 300 Modèles de</leg>
          </ill>
        </ills>
      </page>
      <page hauteurPx="5263" largeurPx="3925" ordre="3">
        <nbMot>5</nbMot>
        <blocTexte>2</blocTexte>
        <blocTab>0</blocTab>
        <blocPub>0</blocPub>
        <blocIll ocr="1">1</blocIll>
        <ills>
          <ill classif="CCyolo CCibm" couleur="gris" edit="1" h="4376" n="3-1" pub="1" taille="6" w="3351" x="215" y="273">
            <contenuImg CS="0.5" lang="fr" source="ibm">colza</contenuImg>
            <contenuImg CS="0.822" coul="1" lang="fr" source="ibm">vert bouteille</contenuImg>
            <contenuImg CS="0.85" coul="1" lang="fr" source="ibm">vert</contenuImg>
            <contenuImg CS="0.501" lang="fr" source="ibm">herbe</contenuImg>
            <contenuImg CS="0.501" lang="fr" source="ibm">plante</contenuImg>
            <contenuImg CS="0.791" lang="fr" source="ibm">micro-organisme</contenuImg>
            <contenuImg CS="0.791" lang="en" source="ibm">microorganism</contenuImg>
            <contenuImg CS="0.501" lang="en" source="ibm">plant</contenuImg>
            <contenuImg CS="0.501" lang="en" source="ibm">herb</contenuImg>
            <contenuImg CS="0.5" lang="en" source="ibm">rapeseed</contenuImg>
            <contenuImg CS="0.85" coul="1" lang="en" source="ibm">green color</contenuImg>
            <contenuImg CS="0.822" coul="1" lang="en" source="ibm">bottle green color</contenuImg>
            <contenuImg CS="0.27" h="646" lang="fr" source="yolo" w="813" x="1220" y="1853">planche de surf</contenuImg>
            <contenuImg CS="0.27" h="646" lang="en" source="yolo" w="813" x="1220" y="1853">surfboard</contenuImg>
            <contenuImg CS="0.43" h="773" lang="en" source="yolo" w="830" x="1776" y="2253">surfboard</contenuImg>
            <fonction source="final">repro/dessin</fonction>
            <tech source="final">imp photoméca</tech>
            <fonction CS="0.55" source="TensorFlow">repro/dessin</fonction>
            <tech CS="1" source="md">imp photoméca</tech>
            <leg>COUDURIER. FRUCTUS. DESCHER IARS 1936</leg>
            <genre source="hm" time="2020-11-01T10:01:39.303+01:00">publicité</genre>
            <genre source="final">publicité</genre>
          </ill>
        </ills>
      </page>
      <page hauteurPx="5161" largeurPx="3757" ordre="4">
        <nbMot>35</nbMot>
        <blocTexte>2</blocTexte>
        <blocTab>0</blocTab>
        <blocPub>1</blocPub>
        <blocIll ocr="0">0</blocIll>
      </page>
      <page hauteurPx="5227" largeurPx="3899" ordre="5">
        <nbMot>195</nbMot>
        <blocTexte>9</blocTexte>
        <blocTab>0</blocTab>
        <blocPub>9</blocPub>
        <blocIll ocr="0">0</blocIll>
      </page>
      <page hauteurPx="5173" largeurPx="3775" ordre="6">
        <nbMot>39</nbMot>
        <blocTexte>3</blocTexte>
        <blocTab>0</blocTab>
        <blocPub>0</blocPub>
        <blocIll ocr="1">1</blocIll>
        <ills>
          <ill classif="CCyolo CCibm" couleur="gris" edit="1" h="4237" n="6-1" pub="1" taille="4" w="2218" x="320" y="237">
            <contenuImg CS="0.97" lang="fr" source="ibm">pointe d'argent</contenuImg>
            <contenuImg CS="0.5" lang="fr" source="ibm">salle d'étude</contenuImg>
            <contenuImg CS="0.793" lang="fr" source="ibm">pièce</contenuImg>
            <contenuImg CS="0.948" coul="1" lang="fr" source="ibm">gris</contenuImg>
            <contenuImg CS="0.948" coul="1" lang="en" source="ibm">gray color</contenuImg>
            <contenuImg CS="0.793" lang="en" source="ibm">room</contenuImg>
            <contenuImg CS="0.5" lang="en" source="ibm">study</contenuImg>
            <contenuImg CS="0.97" lang="en" source="ibm">silverpoint</contenuImg>
            <contenuImg CS="0.97" h="3810" lang="fr" source="yolo" w="1340" x="476" y="430">personne</contenuImg>
            <contenuImg CS="0.60" h="356" lang="fr" source="yolo" w="440" x="913" y="1176">cravate</contenuImg>
            <contenuImg CS="0.60" h="356" lang="en" source="yolo" w="440" x="913" y="1176">tie</contenuImg>
            <contenuImg CS="0.97" h="3810" lang="en" source="yolo" w="1340" x="476" y="430">person</contenuImg>
            <fonction source="final">repro/photo</fonction>
            <tech source="final">imp photoméca</tech>
            <fonction CS="0.94" source="TensorFlow">repro/photo</fonction>
            <tech CS="1" source="md">imp photoméca</tech>
            <leg>.- - --,,: :w  -,  :;W:: : :::, PHOT. JOFFÉ LUCILE MANGUIN. Robe du soir en crêpe mat bleu pure soie naturelle</leg>
            <genre source="hm" time="2020-11-01T10:01:28.861+01:00">publicité</genre>
            <genre source="final">publicité</genre>
          </ill>
        </ills>
      </page>
      <page hauteurPx="5249" largeurPx="3927" ordre="7">
        <nbMot>80</nbMot>
        <blocTexte>4</blocTexte>
        <blocTab>0</blocTab>
        <blocPub>2</blocPub>
        <blocIll ocr="0">0</blocIll>
      </page>
      <page hauteurPx="5203" largeurPx="3815" ordre="8">
        <nbMot>560</nbMot>
        <blocTexte>23</blocTexte>
        <blocTab>0</blocTab>
        <blocPub>0</blocPub>
        <blocIll ocr="3">3</blocIll>
        <ills>
          <ill classif="CCibm" couleur="gris" edit="1" h="1761" n="8-1" pub="1" taille="0" w="1173" x="2390" y="186">
            <contenuImg CS="0.637" lang="fr" source="ibm">poumon de fer</contenuImg>
            <contenuImg CS="0.506" lang="fr" source="ibm">écouteur</contenuImg>
            <contenuImg CS="0.5" lang="fr" source="ibm">défibrillateur</contenuImg>
            <contenuImg CS="0.502" lang="fr" source="ibm">appareil électronique</contenuImg>
            <contenuImg CS="0.598" lang="fr" source="ibm">matériel photographique</contenuImg>
            <contenuImg CS="0.599" lang="fr" source="ibm">équipement</contenuImg>
            <contenuImg CS="0.831" coul="1" lang="fr" source="ibm">charbon (couleur)</contenuImg>
            <contenuImg CS="0.816" coul="1" lang="fr" source="ibm">gris cendré</contenuImg>
            <contenuImg CS="0.816" coul="1" lang="en" source="ibm">ash grey color</contenuImg>
            <contenuImg CS="0.831" coul="1" lang="en" source="ibm">charcoal color</contenuImg>
            <contenuImg CS="0.599" lang="en" source="ibm">equipment</contenuImg>
            <contenuImg CS="0.598" lang="en" source="ibm">photographic equipment</contenuImg>
            <contenuImg CS="0.502" lang="en" source="ibm">electronic device</contenuImg>
            <contenuImg CS="0.5" lang="en" source="ibm">defibrillator</contenuImg>
            <contenuImg CS="0.506" lang="en" source="ibm">earphone</contenuImg>
            <contenuImg CS="0.637" lang="en" source="ibm">iron lung</contenuImg>
            <fonction source="final">repro/photo</fonction>
            <tech source="final">imp photoméca</tech>
            <fonction CS="0.89" source="TensorFlow">repro/photo</fonction>
            <tech CS="1" source="md">imp photoméca</tech>
            <leg>II. La gymnastique électro-passive lente et pénétrante, atteint en profondeur les muscles les plus ténus, tels que ceux, si délicats, des paupières.</leg>
            <txt>Il redonne leur galbe aux contours du visage, en résorbant les bajoues et le double menton. I. Le masque électro-tonique active la circulation, resserre les tissus et raffermit la peau, dont il fait disparaître les plissements.</txt>
            <genre source="hm" time="2020-11-01T10:00:57.989+01:00">publicité</genre>
            <genre source="final">publicité</genre>
          </ill>
          <ill classif="CCyolo CCibm" couleur="gris" edit="1" h="1341" n="8-2" pub="1" taille="1" w="1611" x="1959" y="1966">
            <contenuImg CS="0.795" lang="fr" source="ibm">personne</contenuImg>
            <contenuImg CS="0.929" lang="fr" source="ibm">salle de bain</contenuImg>
            <contenuImg CS="0.929" lang="fr" source="ibm">pièce</contenuImg>
            <contenuImg CS="0.5" lang="fr" source="ibm">pointe d'argent</contenuImg>
            <contenuImg CS="0.796" lang="fr" source="ibm">radiogramme</contenuImg>
            <contenuImg CS="0.972" coul="1" lang="fr" source="ibm">noir</contenuImg>
            <contenuImg CS="0.972" coul="1" lang="en" source="ibm">black color</contenuImg>
            <contenuImg CS="0.796" lang="en" source="ibm">radiogram</contenuImg>
            <contenuImg CS="0.5" lang="en" source="ibm">silverpoint</contenuImg>
            <contenuImg CS="0.929" lang="en" source="ibm">room</contenuImg>
            <contenuImg CS="0.929" lang="en" source="ibm">shower room</contenuImg>
            <contenuImg CS="0.795" lang="en" source="ibm">person</contenuImg>
            <contenuImg CS="0.68" h="1066" lang="fr" source="yolo" w="1396" x="133" y="230">personne</contenuImg>
            <contenuImg CS="0.68" h="1066" lang="en" source="yolo" w="1396" x="133" y="230">person</contenuImg>
            <fonction source="final">repro/photo</fonction>
            <tech source="final">imp photoméca</tech>
            <fonction CS="0.92" source="TensorFlow">repro/photo</fonction>
            <tech CS="1" source="md">imp photoméca</tech>
            <leg>II. La gymnastique électro-passive lente et pénétrante, atteint en profondeur les muscles les plus ténus, tels que ceux, si délicats, des paupières.</leg>
            <txt>Il redonne leur galbe aux contours du visage, en résorbant les bajoues et le double menton. I. Le masque électro-tonique active la circulation, resserre les tissus et raffermit la peau, dont il fait disparaître les plissements.</txt>
            <genre source="hm" time="2020-11-01T10:01:00.746+01:00">publicité</genre>
            <genre source="final">publicité</genre>
          </ill>
          <ill classif="CCyolo CCibm" couleur="gris" edit="1" h="1690" n="8-3" pub="1" taille="0" w="1186" x="2403" y="3384">
            <contenuImg CS="0.791" lang="fr" source="ibm">personne</contenuImg>
            <contenuImg CS="0.781" lang="fr" source="ibm">chambre d'hôpital</contenuImg>
            <contenuImg CS="0.843" lang="fr" source="ibm">pièce</contenuImg>
            <contenuImg CS="0.623" lang="fr" source="ibm">arthrogramme (rayons x)</contenuImg>
            <contenuImg CS="0.676" lang="fr" source="ibm">radiogramme</contenuImg>
            <contenuImg CS="0.5" lang="fr" source="ibm">salle de bains</contenuImg>
            <contenuImg CS="0.9" coul="1" lang="fr" source="ibm">noir</contenuImg>
            <contenuImg CS="0.612" coul="1" lang="fr" source="ibm">gris</contenuImg>
            <contenuImg CS="0.612" coul="1" lang="en" source="ibm">gray color</contenuImg>
            <contenuImg CS="0.9" coul="1" lang="en" source="ibm">black color</contenuImg>
            <contenuImg CS="0.5" lang="en" source="ibm">bathroom</contenuImg>
            <contenuImg CS="0.676" lang="en" source="ibm">radiogram</contenuImg>
            <contenuImg CS="0.623" lang="en" source="ibm">arthrogram (x-ray)</contenuImg>
            <contenuImg CS="0.843" lang="en" source="ibm">room</contenuImg>
            <contenuImg CS="0.781" lang="en" source="ibm">hospital room</contenuImg>
            <contenuImg CS="0.791" lang="en" source="ibm">person</contenuImg>
            <contenuImg CS="0.73" h="916" lang="fr" source="yolo" w="760" x="310" y="683">personne</contenuImg>
            <contenuImg CS="0.73" h="916" lang="en" source="yolo" w="760" x="310" y="683">person</contenuImg>
            <fonction source="final">repro/photo</fonction>
            <tech source="final">imp photoméca</tech>
            <fonction CS="0.94" source="TensorFlow">repro/photo</fonction>
            <tech CS="1" source="md">imp photoméca</tech>
            <txt>III. Les rayons, sélectionnés pour leur action salutaire sur la peau, complètent le traitement, parachevé d ailleurs par un massage sur les fameuses crèmes aux Hormones. Elle tonifie et raffermit la charpente du visage.</txt>
            <genre source="hm" time="2020-11-01T10:01:02.848+01:00">publicité</genre>
            <genre source="final">publicité</genre>
          </ill>
        </ills>
      </page>
      <page hauteurPx="5215" largeurPx="3881" ordre="9">
        <nbMot>0</nbMot>
        <blocTexte>0</blocTexte>
        <blocTab>0</blocTab>
        <blocPub>0</blocPub>
        <blocIll ocr="1">1</blocIll>
        <ills>
          <ill classif="CCyolo CCibm" couleur="gris" edit="1" h="4840" n="9-1" pub="1" taille="8" w="3732" x="71" y="32">
            <txt source="google">"PARFUMS - MON PÉ CHÉ - ET LES POUDRES DE - SCANDAL * RUMEUR - LES - * - ARPEGE - dorland - ",</txt>
            <contenuImg CS="0.637" lang="fr" source="ibm">labyrinthe</contenuImg>
            <contenuImg CS="0.637" lang="fr" source="ibm">système</contenuImg>
            <contenuImg CS="0.591" lang="fr" source="ibm">atrium de bâtiment</contenuImg>
            <contenuImg CS="0.591" lang="fr" source="ibm">cour</contenuImg>
            <contenuImg CS="0.509" lang="fr" source="ibm">rotonde</contenuImg>
            <contenuImg CS="0.629" lang="fr" source="ibm">bâtiment</contenuImg>
            <contenuImg CS="0.5" lang="fr" source="ibm">centre commercial</contenuImg>
            <contenuImg CS="0.5" lang="fr" source="ibm">magasin de détail</contenuImg>
            <contenuImg CS="0.598" lang="fr" source="ibm">silhouette</contenuImg>
            <contenuImg CS="0.901" coul="1" lang="fr" source="ibm">vert olive</contenuImg>
            <contenuImg CS="0.579" coul="1" lang="fr" source="ibm">beige</contenuImg>
            <contenuImg CS="0.579" coul="1" lang="en" source="ibm">beige color</contenuImg>
            <contenuImg CS="0.901" coul="1" lang="en" source="ibm">olive green color</contenuImg>
            <contenuImg CS="0.598" lang="en" source="ibm">figure</contenuImg>
            <contenuImg CS="0.5" lang="en" source="ibm">retail store</contenuImg>
            <contenuImg CS="0.5" lang="en" source="ibm">mall</contenuImg>
            <contenuImg CS="0.629" lang="en" source="ibm">building</contenuImg>
            <contenuImg CS="0.509" lang="en" source="ibm">rotunda (circular)</contenuImg>
            <contenuImg CS="0.591" lang="en" source="ibm">courtyard</contenuImg>
            <contenuImg CS="0.591" lang="en" source="ibm">atrium of building</contenuImg>
            <contenuImg CS="0.637" lang="en" source="ibm">system</contenuImg>
            <contenuImg CS="0.637" lang="en" source="ibm">maze</contenuImg>
            <contenuImg CS="0.80" h="4766" lang="fr" source="yolo" w="3680" x="10" y="70">montre</contenuImg>
            <contenuImg CS="0.80" h="4766" lang="en" source="yolo" w="3680" x="10" y="70">clock</contenuImg>
            <fonction source="final">repro/dessin</fonction>
            <tech source="final">imp photoméca</tech>
            <fonction CS="0.42" source="TensorFlow">repro/dessin</fonction>
            <tech CS="1" source="md">imp photoméca</tech>
            <genre source="hm" time="2020-11-01T10:01:42.77+01:00">publicité</genre>
            <genre source="final">publicité</genre>
          </ill>
        </ills>
      </page>
      <page hauteurPx="5191" largeurPx="3805" ordre="10">
        <nbMot>35</nbMot>
        <blocTexte>5</blocTexte>
        <blocTab>0</blocTab>
        <blocPub>3</blocPub>
        <blocIll ocr="0">0</blocIll>
      </page>
      <page hauteurPx="5235" largeurPx="3869" ordre="11">
        <nbMot>74</nbMot>
        <blocTexte>5</blocTexte>
        <blocTab>0</blocTab>
        <blocPub>3</blocPub>
        <blocIll ocr="0">0</blocIll>
      </page>
      <page hauteurPx="5157" largeurPx="3757" ordre="12">
        <nbMot>256</nbMot>
        <blocTexte>5</blocTexte>
        <blocTab>0</blocTab>
        <blocPub>3</blocPub>
        <blocIll ocr="0">0</blocIll>
      </page>
      <page hauteurPx="5205" largeurPx="3829" ordre="13">
        <nbMot>30</nbMot>
        <blocTexte>2</blocTexte>
        <blocTab>0</blocTab>
        <blocPub>1</blocPub>
        <blocIll ocr="0">0</blocIll>
      </page>
      <page hauteurPx="5233" largeurPx="3861" ordre="14">
        <nbMot>108</nbMot>
        <blocTexte>3</blocTexte>
        <blocTab>0</blocTab>
        <blocPub>2</blocPub>
        <blocIll ocr="1">1</blocIll>
        <ills>
          <ill classif="CCyolo CCibm" couleur="coul" edit="1" h="3294" n="14-1" pub="1" taille="4" w="3219" x="337" y="415">
            <contenuImg CS="0.538" lang="fr" source="ibm">toupet (postiche)</contenuImg>
            <contenuImg CS="0.5" lang="fr" source="ibm">cheveux</contenuImg>
            <contenuImg CS="0.6" lang="fr" source="ibm">personne</contenuImg>
            <contenuImg CS="0.75" lang="fr" source="ibm">postiche (cheveux)</contenuImg>
            <contenuImg CS="0.75" lang="fr" source="ibm">robe</contenuImg>
            <contenuImg CS="0.546" lang="fr" source="ibm">perruque</contenuImg>
            <contenuImg CS="0.702" coul="1" lang="fr" source="ibm">orange rougeâtre</contenuImg>
            <contenuImg CS="0.622" coul="1" lang="fr" source="ibm">albâtre</contenuImg>
            <contenuImg CS="0.622" coul="1" lang="en" source="ibm">alabaster color</contenuImg>
            <contenuImg CS="0.702" coul="1" lang="en" source="ibm">reddish orange color</contenuImg>
            <contenuImg CS="0.5" lang="en" source="ibm">hair</contenuImg>
            <contenuImg CS="0.538" lang="en" source="ibm">toupee (hairpiece)</contenuImg>
            <contenuImg CS="0.546" lang="en" source="ibm">wig</contenuImg>
            <contenuImg CS="0.75" lang="en" source="ibm">dress</contenuImg>
            <contenuImg CS="0.75" lang="en" source="ibm">hairpiece (hair)</contenuImg>
            <contenuImg CS="0.6" lang="en" source="ibm">person</contenuImg>
            <contenuImg CS="0.99" h="3130" lang="fr" source="yolo" w="3126" x="60" y="130">personne</contenuImg>
            <contenuImg CS="0.99" h="3130" lang="en" source="yolo" w="3126" x="60" y="130">person</contenuImg>
            <contenuImg b="163" coul="1" g="168" ordre="5" r="170" source="colorific" type="frg">#aaa8a3</contenuImg>
            <contenuImg b="159" coul="1" g="178" ordre="4" r="211" source="colorific" type="frg">#d3b29f</contenuImg>
            <contenuImg b="255" coul="1" g="255" ordre="3" r="255" source="colorific" type="frg">#ffffff</contenuImg>
            <contenuImg b="80" coul="1" g="73" ordre="2" r="107" source="colorific" type="frg">#6b4950</contenuImg>
            <contenuImg b="104" coul="1" g="107" ordre="1" r="156" source="colorific" type="frg">#9c6b68</contenuImg>
            <genre source="final">publicité</genre>
            <genre source="md">publicité</genre>
            <fonction source="final">repro/dessin</fonction>
            <tech source="final">imp photoméca</tech>
            <fonction CS="0.64" source="TensorFlow">repro/dessin</fonction>
            <tech CS="1" source="md">imp photoméca</tech>
            <leg>LES CENT POUDRES LES CENT FARDS DE CARON.. MADAME PEAUFINE TEINTES POU RLEJOUR: ALBATRE BIS T R E 0 C RÉ. P Ê CHE. TRENTEANS. ABRICOT. COR A Il BL INDIEN PEAU D ESPAGNE PAILLE MAïs. BLÉ MUR PEAU AMBRÉE MAROC BLÉ D OR. PLE 1 N SOLEIL PEAU TEINTES POUR LE SOIR : MYSTÉRIEUX ÉTRANGE ÉCLATANT SCINTILLANT ( FARD REFLET DE BEAUTÉ TEINTES : COQUELICOT. ROUGE FEU CARDINAL ROSE POURPRE JEU( GÉRANIUM v É NIT 1 EN. PIVOINE 1 N VIS 1 BLE. CINÉMA AUBURN AMBRE ROSÉ VA N D AMBRE DORÉ SOLEIL ROUGE CUI V RE. PÊCHE FORCÉE CORAIL PUR ROSE LUMIÈRE PORCEl*;</leg>
            <txt>12 VOC 12 VOC</txt>
          </ill>
        </ills>
      </page>
      <page hauteurPx="5205" largeurPx="3827" ordre="15">
        <nbMot>382</nbMot>
        <blocTexte>16</blocTexte>
        <blocTab>2</blocTab>
        <blocPub>0</blocPub>
        <blocIll ocr="1">1</blocIll>
        <ills>
          <ill classif="CCyolo CCibm" couleur="gris" h="1148" n="15-1" pub="1" taille="0" w="846" x="2161" y="703">
            <contenuImg CS="0.587" lang="fr" source="ibm">suffragette</contenuImg>
            <contenuImg CS="0.675" lang="fr" source="ibm">personne</contenuImg>
            <contenuImg CS="0.526" lang="fr" source="ibm">khédive (vice-roi)</contenuImg>
            <contenuImg CS="0.5" lang="fr" source="ibm">selle de dame (équitation)</contenuImg>
            <contenuImg CS="0.501" lang="fr" source="ibm">selle</contenuImg>
            <contenuImg CS="0.501" lang="fr" source="ibm">siège</contenuImg>
            <contenuImg CS="0.501" lang="fr" source="ibm">support</contenuImg>
            <contenuImg CS="0.898" coul="1" lang="fr" source="ibm">charbon (couleur)</contenuImg>
            <contenuImg CS="0.678" coul="1" lang="fr" source="ibm">noir</contenuImg>
            <contenuImg CS="0.678" coul="1" lang="en" source="ibm">black color</contenuImg>
            <contenuImg CS="0.898" coul="1" lang="en" source="ibm">charcoal color</contenuImg>
            <contenuImg CS="0.501" lang="en" source="ibm">support</contenuImg>
            <contenuImg CS="0.501" lang="en" source="ibm">seat</contenuImg>
            <contenuImg CS="0.501" lang="en" source="ibm">saddle</contenuImg>
            <contenuImg CS="0.5" lang="en" source="ibm">sidesaddle</contenuImg>
            <contenuImg CS="0.526" lang="en" source="ibm">Khedive (viceroy)</contenuImg>
            <contenuImg CS="0.675" lang="en" source="ibm">person</contenuImg>
            <contenuImg CS="0.587" lang="en" source="ibm">women's voting rights activist</contenuImg>
            <contenuImg CS="0.96" h="1106" lang="fr" source="yolo" w="473" x="203" y="36">personne</contenuImg>
            <contenuImg CS="0.96" h="1106" lang="en" source="yolo" w="473" x="203" y="36">person</contenuImg>
            <genre source="final">publicité</genre>
            <genre source="md">publicité</genre>
            <fonction source="final">repro/photo</fonction>
            <tech source="final">imp photoméca</tech>
            <fonction CS="0.79" source="TensorFlow">repro/photo</fonction>
            <tech CS="1" source="md">imp photoméca</tech>
            <leg>NOTRE COUVERTURE, DESSINÉE PAR ERIC. REPRÉSENTE UNE JAQUETTE EN DOBLIS ET JUPE EN LAINAGE D HERMÈS, AINSI QUE SAC ET GANTS. CHAPEAU DE ROSE DESCAT EDNA WOOLMAN CHASE, RÉDACTRICE GÉNÉRALE DES TROIS VOGUE MICHEL DE BRUNHOFF, RÉDACTEUR EN CHEF DE VOGUE FRANÇAIS. ELIZABETH PENROSE, RÉDACTRICE EN CHEF DE VOGUE ANGLAIS LES ÉDITIONS CONDÉ NAST 65-67, AVENUE DES CHAMPS ÉLYSÉES TÉLÉPHONE: ÉLYSÉES 64-72. 64-73, 64-74. 15-41. 15-42. 15-43 ADRESSE TÉLÉGRAPHIQUE VOPARPARIS COMPTE CHÈQUES POSTAUX : PARIS 1073-32</leg>
            <txt>LE PORTFOLIO DE VOGUE 58 LE POINT DE VUE DE VOGUE 15 CHEZ LES SIBYLLES 17 INTIMITÉ 20 COIFFURES 24 COQUETTERIES SAHARIENNES, par Odette du Puigaudeau 27 NOUVELLES DE L ÉTÉ 28 POUR CE PRINTEMPS 30 FEUTRE, PAILLE, SATIN 32 DÉTENTE : SOUVERAIN BIEN 35 AU FOYER DE LA DANSE 37 MRS. FRANK JAY GOULD 38 PRÉPARATIFS, par Claude Silve 39 DES GANTS ET DES COULEURS 40 CONTRASTES, CE PRINTEMPS 44 INDICATIONS DE LA MODE NOUVELLE 48 PREMIER COUP D ŒIL 50</txt>
          </ill>
        </ills>
      </page>
      <page hauteurPx="5145" largeurPx="3757" ordre="16">
        <nbMot>4</nbMot>
        <blocTexte>3</blocTexte>
        <blocTab>0</blocTab>
        <blocPub>0</blocPub>
        <blocIll ocr="1">1</blocIll>
        <ills>
          <ill classif="CCibm" couleur="coul" edit="1" h="3590" n="16-1" pub="1" taille="5" w="3195" x="325" y="350">
            <contenuImg CS="0.761" lang="fr" source="ibm">matrice</contenuImg>
            <contenuImg CS="0.659" coul="1" lang="fr" source="ibm">vert bouteille</contenuImg>
            <contenuImg CS="0.659" coul="1" lang="fr" source="ibm">vert</contenuImg>
            <contenuImg CS="0.59" lang="fr" source="ibm">revêtement de protection</contenuImg>
            <contenuImg CS="0.6" lang="fr" source="ibm">tissu</contenuImg>
            <contenuImg CS="0.6" lang="en" source="ibm">fabric</contenuImg>
            <contenuImg CS="0.59" lang="en" source="ibm">protective covering</contenuImg>
            <contenuImg CS="0.659" coul="1" lang="en" source="ibm">green color</contenuImg>
            <contenuImg CS="0.659" coul="1" lang="en" source="ibm">bottle green color</contenuImg>
            <contenuImg CS="0.761" lang="en" source="ibm">matrix</contenuImg>
            <contenuImg b="66" coul="1" g="40" r="149" source="colorific" type="bkg">#952842</contenuImg>
            <contenuImg b="101" coul="1" g="98" ordre="7" r="118" source="colorific" type="frg">#766265</contenuImg>
            <contenuImg b="106" coul="1" g="95" ordre="6" r="151" source="colorific" type="frg">#975f6a</contenuImg>
            <contenuImg b="255" coul="1" g="255" ordre="5" r="255" source="colorific" type="frg">#ffffff</contenuImg>
            <contenuImg b="169" coul="1" g="160" ordre="4" r="215" source="colorific" type="frg">#d7a0a9</contenuImg>
            <contenuImg b="167" coul="1" g="167" ordre="3" r="172" source="colorific" type="frg">#aca7a7</contenuImg>
            <contenuImg b="53" coul="1" g="50" ordre="2" r="55" source="colorific" type="frg">#373235</contenuImg>
            <contenuImg b="54" coul="1" g="48" ordre="1" r="77" source="colorific" type="frg">#4d3036</contenuImg>
            <fonction source="final">repro/dessin</fonction>
            <tech source="final">imp photoméca</tech>
            <fonction CS="0.79" source="TensorFlow">repro/dessin</fonction>
            <tech CS="1" source="md">imp photoméca</tech>
            <leg>ROSE DESCÂ 1</leg>
            <genre source="hm" time="2020-11-01T10:01:57.439+01:00">publicité</genre>
            <genre source="final">publicité</genre>
          </ill>
        </ills>
      </page>
      <page hauteurPx="5253" largeurPx="3633" ordre="17">
        <nbMot>11</nbMot>
        <blocTexte>4</blocTexte>
        <blocTab>0</blocTab>
        <blocPub>0</blocPub>
        <blocIll ocr="1">1</blocIll>
        <ills/>
      </page>
      <page hauteurPx="5177" largeurPx="3801" ordre="18">
        <nbMot>1</nbMot>
        <blocTexte>1</blocTexte>
        <blocTab>0</blocTab>
        <blocPub>0</blocPub>
        <blocIll ocr="1">1</blocIll>
        <ills/>
      </page>
      <page hauteurPx="5211" largeurPx="3905" ordre="19">
        <nbMot>418</nbMot>
        <blocTexte>15</blocTexte>
        <blocTab>0</blocTab>
        <blocPub>0</blocPub>
        <blocIll ocr="4">4</blocIll>
        <ills/>
      </page>
      <page hauteurPx="5179" largeurPx="3803" ordre="20">
        <nbMot>382</nbMot>
        <blocTexte>14</blocTexte>
        <blocTab>0</blocTab>
        <blocPub>0</blocPub>
        <blocIll ocr="5">5</blocIll>
        <ills/>
      </page>
      <page hauteurPx="5303" largeurPx="4045" ordre="21">
        <nbMot>12</nbMot>
        <blocTexte>5</blocTexte>
        <blocTab>0</blocTab>
        <blocPub>0</blocPub>
        <blocIll ocr="4">4</blocIll>
        <ills/>
      </page>
      <page hauteurPx="5189" largeurPx="3817" ordre="22">
        <nbMot>11</nbMot>
        <blocTexte>4</blocTexte>
        <blocTab>0</blocTab>
        <blocPub>0</blocPub>
        <blocIll ocr="1">1</blocIll>
        <ills/>
      </page>
      <page hauteurPx="5255" largeurPx="3979" ordre="23">
        <nbMot>367</nbMot>
        <blocTexte>10</blocTexte>
        <blocTab>0</blocTab>
        <blocPub>0</blocPub>
        <blocIll ocr="1">1</blocIll>
        <ills/>
      </page>
      <page hauteurPx="5217" largeurPx="3855" ordre="24">
        <nbMot>97</nbMot>
        <blocTexte>6</blocTexte>
        <blocTab>0</blocTab>
        <blocPub>0</blocPub>
        <blocIll ocr="1">1</blocIll>
        <ills/>
      </page>
      <page hauteurPx="5215" largeurPx="3935" ordre="25">
        <nbMot>10</nbMot>
        <blocTexte>5</blocTexte>
        <blocTab>0</blocTab>
        <blocPub>0</blocPub>
        <blocIll ocr="1">1</blocIll>
        <ills/>
      </page>
      <page hauteurPx="5157" largeurPx="3775" ordre="26">
        <nbMot>129</nbMot>
        <blocTexte>3</blocTexte>
        <blocTab>0</blocTab>
        <blocPub>0</blocPub>
        <blocIll ocr="1">1</blocIll>
        <ills/>
      </page>
      <page hauteurPx="5231" largeurPx="3957" ordre="27">
        <nbMot>5</nbMot>
        <blocTexte>3</blocTexte>
        <blocTab>0</blocTab>
        <blocPub>0</blocPub>
        <blocIll ocr="1">1</blocIll>
        <ills/>
      </page>
      <page hauteurPx="5197" largeurPx="3833" ordre="28">
        <nbMot>5</nbMot>
        <blocTexte>3</blocTexte>
        <blocTab>0</blocTab>
        <blocPub>0</blocPub>
        <blocIll ocr="1">1</blocIll>
        <ills/>
      </page>
      <page hauteurPx="5221" largeurPx="3941" ordre="29">
        <nbMot>658</nbMot>
        <blocTexte>21</blocTexte>
        <blocTab>0</blocTab>
        <blocPub>0</blocPub>
        <blocIll ocr="1">1</blocIll>
        <ills/>
      </page>
      <page hauteurPx="5141" largeurPx="3757" ordre="30">
        <nbMot>14</nbMot>
        <blocTexte>3</blocTexte>
        <blocTab>0</blocTab>
        <blocPub>0</blocPub>
        <blocIll ocr="1">1</blocIll>
        <ills/>
      </page>
      <page hauteurPx="5287" largeurPx="4031" ordre="31">
        <nbMot>133</nbMot>
        <blocTexte>4</blocTexte>
        <blocTab>0</blocTab>
        <blocPub>0</blocPub>
        <blocIll ocr="1">1</blocIll>
        <ills/>
      </page>
      <page hauteurPx="5185" largeurPx="3817" ordre="32">
        <nbMot>234</nbMot>
        <blocTexte>10</blocTexte>
        <blocTab>0</blocTab>
        <blocPub>0</blocPub>
        <blocIll ocr="2">2</blocIll>
        <ills/>
      </page>
      <page hauteurPx="5205" largeurPx="3921" ordre="33">
        <nbMot>19</nbMot>
        <blocTexte>6</blocTexte>
        <blocTab>0</blocTab>
        <blocPub>0</blocPub>
        <blocIll ocr="1">1</blocIll>
        <ills/>
      </page>
      <page hauteurPx="5203" largeurPx="3841" ordre="34">
        <nbMot>199</nbMot>
        <blocTexte>3</blocTexte>
        <blocTab>0</blocTab>
        <blocPub>0</blocPub>
        <blocIll ocr="2">2</blocIll>
        <ills/>
      </page>
      <page hauteurPx="5251" largeurPx="3981" ordre="35">
        <nbMot>9</nbMot>
        <blocTexte>3</blocTexte>
        <blocTab>0</blocTab>
        <blocPub>0</blocPub>
        <blocIll ocr="1">1</blocIll>
        <ills/>
      </page>
      <page hauteurPx="5141" largeurPx="3757" ordre="36">
        <nbMot>42</nbMot>
        <blocTexte>3</blocTexte>
        <blocTab>0</blocTab>
        <blocPub>0</blocPub>
        <blocIll ocr="1">1</blocIll>
        <ills/>
      </page>
      <page hauteurPx="5227" largeurPx="3951" ordre="37">
        <nbMot>389</nbMot>
        <blocTexte>11</blocTexte>
        <blocTab>0</blocTab>
        <blocPub>0</blocPub>
        <blocIll ocr="4">4</blocIll>
        <ills/>
      </page>
      <page hauteurPx="5187" largeurPx="3821" ordre="38">
        <nbMot>425</nbMot>
        <blocTexte>9</blocTexte>
        <blocTab>0</blocTab>
        <blocPub>0</blocPub>
        <blocIll ocr="4">4</blocIll>
        <ills/>
      </page>
      <page hauteurPx="5247" largeurPx="3977" ordre="39">
        <nbMot>71</nbMot>
        <blocTexte>4</blocTexte>
        <blocTab>0</blocTab>
        <blocPub>0</blocPub>
        <blocIll ocr="1">1</blocIll>
        <ills/>
      </page>
      <page hauteurPx="5141" largeurPx="3757" ordre="40">
        <nbMot>40</nbMot>
        <blocTexte>5</blocTexte>
        <blocTab>0</blocTab>
        <blocPub>0</blocPub>
        <blocIll ocr="1">1</blocIll>
        <ills/>
      </page>
      <page hauteurPx="5217" largeurPx="3937" ordre="41">
        <nbMot>909</nbMot>
        <blocTexte>31</blocTexte>
        <blocTab>0</blocTab>
        <blocPub>0</blocPub>
        <blocIll ocr="0">0</blocIll>
      </page>
      <page hauteurPx="5165" largeurPx="3789" ordre="42">
        <nbMot>157</nbMot>
        <blocTexte>6</blocTexte>
        <blocTab>0</blocTab>
        <blocPub>0</blocPub>
        <blocIll ocr="2">2</blocIll>
        <ills/>
      </page>
      <page hauteurPx="5223" largeurPx="3945" ordre="43">
        <nbMot>396</nbMot>
        <blocTexte>13</blocTexte>
        <blocTab>0</blocTab>
        <blocPub>0</blocPub>
        <blocIll ocr="2">2</blocIll>
        <ills/>
      </page>
      <page hauteurPx="5163" largeurPx="3787" ordre="44">
        <nbMot>45</nbMot>
        <blocTexte>3</blocTexte>
        <blocTab>0</blocTab>
        <blocPub>0</blocPub>
        <blocIll ocr="1">1</blocIll>
        <ills/>
      </page>
      <page hauteurPx="5205" largeurPx="3921" ordre="45">
        <nbMot>46</nbMot>
        <blocTexte>2</blocTexte>
        <blocTab>0</blocTab>
        <blocPub>0</blocPub>
        <blocIll ocr="1">1</blocIll>
        <ills/>
      </page>
      <page hauteurPx="5141" largeurPx="3757" ordre="46">
        <nbMot>632</nbMot>
        <blocTexte>19</blocTexte>
        <blocTab>0</blocTab>
        <blocPub>0</blocPub>
        <blocIll ocr="1">1</blocIll>
        <ills/>
      </page>
      <page hauteurPx="5249" largeurPx="3979" ordre="47">
        <nbMot>51</nbMot>
        <blocTexte>5</blocTexte>
        <blocTab>0</blocTab>
        <blocPub>0</blocPub>
        <blocIll ocr="1">1</blocIll>
        <ills/>
      </page>
      <page hauteurPx="5153" largeurPx="3773" ordre="48">
        <nbMot>8</nbMot>
        <blocTexte>3</blocTexte>
        <blocTab>0</blocTab>
        <blocPub>0</blocPub>
        <blocIll ocr="1">1</blocIll>
        <ills/>
      </page>
      <page hauteurPx="5249" largeurPx="3979" ordre="49">
        <nbMot>69</nbMot>
        <blocTexte>5</blocTexte>
        <blocTab>0</blocTab>
        <blocPub>0</blocPub>
        <blocIll ocr="1">1</blocIll>
        <ills/>
      </page>
      <page hauteurPx="5177" largeurPx="3783" ordre="50">
        <nbMot>250</nbMot>
        <blocTexte>17</blocTexte>
        <blocTab>0</blocTab>
        <blocPub>0</blocPub>
        <blocIll ocr="5">5</blocIll>
        <ills/>
      </page>
      <page hauteurPx="5193" largeurPx="3889" ordre="51">
        <nbMot>276</nbMot>
        <blocTexte>16</blocTexte>
        <blocTab>0</blocTab>
        <blocPub>0</blocPub>
        <blocIll ocr="5">5</blocIll>
        <ills/>
      </page>
      <page hauteurPx="5189" largeurPx="3797" ordre="52">
        <nbMot>35</nbMot>
        <blocTexte>3</blocTexte>
        <blocTab>0</blocTab>
        <blocPub>0</blocPub>
        <blocIll ocr="1">1</blocIll>
        <ills/>
      </page>
      <page hauteurPx="5259" largeurPx="3977" ordre="53">
        <nbMot>457</nbMot>
        <blocTexte>11</blocTexte>
        <blocTab>0</blocTab>
        <blocPub>0</blocPub>
        <blocIll ocr="1">1</blocIll>
        <ills/>
      </page>
      <page hauteurPx="5141" largeurPx="3733" ordre="54">
        <nbMot>480</nbMot>
        <blocTexte>12</blocTexte>
        <blocTab>0</blocTab>
        <blocPub>0</blocPub>
        <blocIll ocr="1">1</blocIll>
        <ills/>
      </page>
      <page hauteurPx="5277" largeurPx="4003" ordre="55">
        <nbMot>28</nbMot>
        <blocTexte>2</blocTexte>
        <blocTab>0</blocTab>
        <blocPub>0</blocPub>
        <blocIll ocr="1">1</blocIll>
        <ills/>
      </page>
      <page hauteurPx="5183" largeurPx="3791" ordre="56">
        <nbMot>115</nbMot>
        <blocTexte>5</blocTexte>
        <blocTab>0</blocTab>
        <blocPub>0</blocPub>
        <blocIll ocr="1">1</blocIll>
        <ills/>
      </page>
      <page hauteurPx="5217" largeurPx="3921" ordre="57">
        <nbMot>1</nbMot>
        <blocTexte>1</blocTexte>
        <blocTab>0</blocTab>
        <blocPub>0</blocPub>
        <blocIll ocr="1">1</blocIll>
        <ills/>
      </page>
      <page hauteurPx="5175" largeurPx="3779" ordre="58">
        <nbMot>7</nbMot>
        <blocTexte>3</blocTexte>
        <blocTab>0</blocTab>
        <blocPub>0</blocPub>
        <blocIll ocr="1">1</blocIll>
        <ills/>
      </page>
      <page hauteurPx="5193" largeurPx="3889" ordre="59">
        <nbMot>93</nbMot>
        <blocTexte>5</blocTexte>
        <blocTab>0</blocTab>
        <blocPub>0</blocPub>
        <blocIll ocr="1">1</blocIll>
        <ills/>
      </page>
      <page hauteurPx="5163" largeurPx="3763" ordre="60">
        <nbMot>1</nbMot>
        <blocTexte>1</blocTexte>
        <blocTab>0</blocTab>
        <blocPub>0</blocPub>
        <blocIll ocr="0">0</blocIll>
      </page>
      <page hauteurPx="5257" largeurPx="3975" ordre="61">
        <nbMot>43</nbMot>
        <blocTexte>2</blocTexte>
        <blocTab>0</blocTab>
        <blocPub>0</blocPub>
        <blocIll ocr="1">1</blocIll>
        <ills/>
      </page>
      <page hauteurPx="5153" largeurPx="3749" ordre="62">
        <nbMot>37</nbMot>
        <blocTexte>3</blocTexte>
        <blocTab>0</blocTab>
        <blocPub>0</blocPub>
        <blocIll ocr="1">1</blocIll>
        <ills/>
      </page>
      <page hauteurPx="5275" largeurPx="3997" ordre="63">
        <nbMot>46</nbMot>
        <blocTexte>1</blocTexte>
        <blocTab>0</blocTab>
        <blocPub>0</blocPub>
        <blocIll ocr="1">1</blocIll>
        <ills/>
      </page>
      <page hauteurPx="5185" largeurPx="3793" ordre="64">
        <nbMot>31</nbMot>
        <blocTexte>2</blocTexte>
        <blocTab>0</blocTab>
        <blocPub>0</blocPub>
        <blocIll ocr="1">1</blocIll>
        <ills/>
      </page>
      <page hauteurPx="5193" largeurPx="3889" ordre="65">
        <nbMot>46</nbMot>
        <blocTexte>3</blocTexte>
        <blocTab>0</blocTab>
        <blocPub>0</blocPub>
        <blocIll ocr="1">1</blocIll>
        <ills/>
      </page>
      <page hauteurPx="5165" largeurPx="3765" ordre="66">
        <nbMot>34</nbMot>
        <blocTexte>2</blocTexte>
        <blocTab>0</blocTab>
        <blocPub>0</blocPub>
        <blocIll ocr="1">1</blocIll>
        <ills/>
      </page>
      <page hauteurPx="5193" largeurPx="3889" ordre="67">
        <nbMot>39</nbMot>
        <blocTexte>2</blocTexte>
        <blocTab>0</blocTab>
        <blocPub>0</blocPub>
        <blocIll ocr="2">1</blocIll>
        <ills/>
      </page>
      <page hauteurPx="5163" largeurPx="3763" ordre="68">
        <nbMot>46</nbMot>
        <blocTexte>2</blocTexte>
        <blocTab>0</blocTab>
        <blocPub>0</blocPub>
        <blocIll ocr="1">1</blocIll>
        <ills/>
      </page>
      <page hauteurPx="5215" largeurPx="3919" ordre="69">
        <nbMot>42</nbMot>
        <blocTexte>2</blocTexte>
        <blocTab>0</blocTab>
        <blocPub>0</blocPub>
        <blocIll ocr="1">1</blocIll>
        <ills/>
      </page>
      <page hauteurPx="5153" largeurPx="3749" ordre="70">
        <nbMot>34</nbMot>
        <blocTexte>1</blocTexte>
        <blocTab>0</blocTab>
        <blocPub>0</blocPub>
        <blocIll ocr="2">1</blocIll>
        <ills/>
      </page>
      <page hauteurPx="5205" largeurPx="3905" ordre="71">
        <nbMot>33</nbMot>
        <blocTexte>1</blocTexte>
        <blocTab>0</blocTab>
        <blocPub>0</blocPub>
        <blocIll ocr="1">1</blocIll>
        <ills/>
      </page>
      <page hauteurPx="5163" largeurPx="3763" ordre="72">
        <nbMot>36</nbMot>
        <blocTexte>2</blocTexte>
        <blocTab>0</blocTab>
        <blocPub>0</blocPub>
        <blocIll ocr="1">1</blocIll>
        <ills/>
      </page>
      <page hauteurPx="5245" largeurPx="3959" ordre="73">
        <nbMot>40</nbMot>
        <blocTexte>2</blocTexte>
        <blocTab>0</blocTab>
        <blocPub>0</blocPub>
        <blocIll ocr="2">2</blocIll>
        <ills/>
      </page>
      <page hauteurPx="5165" largeurPx="3765" ordre="74">
        <nbMot>36</nbMot>
        <blocTexte>4</blocTexte>
        <blocTab>0</blocTab>
        <blocPub>0</blocPub>
        <blocIll ocr="1">1</blocIll>
        <ills/>
      </page>
      <page hauteurPx="5277" largeurPx="4001" ordre="75">
        <nbMot>5</nbMot>
        <blocTexte>3</blocTexte>
        <blocTab>0</blocTab>
        <blocPub>0</blocPub>
        <blocIll ocr="1">1</blocIll>
        <ills>
          <ill classif="CCibm" couleur="gris" edit="1" h="4349" n="75-1" pub="1" taille="6" w="3073" x="215" y="431">
            <contenuImg CS="0.637" lang="fr" source="ibm">boîte à musique</contenuImg>
            <contenuImg CS="0.637" lang="fr" source="ibm">instrument de musique</contenuImg>
            <contenuImg CS="0.516" lang="fr" source="ibm">cassette</contenuImg>
            <contenuImg CS="0.507" lang="fr" source="ibm">tronc</contenuImg>
            <contenuImg CS="0.634" lang="fr" source="ibm">bagage</contenuImg>
            <contenuImg CS="0.5" lang="fr" source="ibm">nécessaire de toilette</contenuImg>
            <contenuImg CS="0.599" lang="fr" source="ibm">dispositif mémoire</contenuImg>
            <contenuImg CS="0.56" coul="1" lang="fr" source="ibm">albâtre</contenuImg>
            <contenuImg CS="0.51" coul="1" lang="fr" source="ibm">émeraude (couleur)</contenuImg>
            <contenuImg CS="0.51" coul="1" lang="en" source="ibm">emerald color</contenuImg>
            <contenuImg CS="0.56" coul="1" lang="en" source="ibm">alabaster color</contenuImg>
            <contenuImg CS="0.599" lang="en" source="ibm">memory device</contenuImg>
            <contenuImg CS="0.5" lang="en" source="ibm">dressing case</contenuImg>
            <contenuImg CS="0.634" lang="en" source="ibm">luggage</contenuImg>
            <contenuImg CS="0.507" lang="en" source="ibm">trunk</contenuImg>
            <contenuImg CS="0.516" lang="en" source="ibm">cassette</contenuImg>
            <contenuImg CS="0.637" lang="en" source="ibm">musical instrument</contenuImg>
            <contenuImg CS="0.637" lang="en" source="ibm">music box</contenuImg>
            <fonction source="final">repro/photo</fonction>
            <tech source="final">imp photoméca</tech>
            <fonction CS="0.73" source="TensorFlow">repro/photo</fonction>
            <tech CS="1" source="md">imp photoméca</tech>
            <leg>HOU BIGANT</leg>
            <txt>73 ■1^s I936</txt>
            <genre source="hm" time="2020-11-01T10:03:04.87+01:00">publicité</genre>
            <genre source="final">publicité</genre>
          </ill>
        </ills>
      </page>
      <page hauteurPx="5153" largeurPx="3749" ordre="76">
        <nbMot>0</nbMot>
        <blocTexte>0</blocTexte>
        <blocTab>0</blocTab>
        <blocPub>0</blocPub>
        <blocIll ocr="1">1</blocIll>
        <ills/>
      </page>
      <page hauteurPx="5193" largeurPx="3889" ordre="77">
        <nbMot>0</nbMot>
        <blocTexte>0</blocTexte>
        <blocTab>0</blocTab>
        <blocPub>0</blocPub>
        <blocIll ocr="1">1</blocIll>
        <ills/>
      </page>
      <page hauteurPx="5163" largeurPx="3763" ordre="78">
        <nbMot>152</nbMot>
        <blocTexte>8</blocTexte>
        <blocTab>0</blocTab>
        <blocPub>3</blocPub>
        <blocIll ocr="3">3</blocIll>
        <ills>
          <ill classif="CCyolo CCibm" couleur="gris" edit="1" h="2316" n="78-1" pub="1" taille="1" w="1658" x="396" y="275">
            <contenuImg CS="0.836" lang="fr" source="ibm">musée (intérieur)</contenuImg>
            <contenuImg CS="0.591" lang="fr" source="ibm">galerie d'art</contenuImg>
            <contenuImg CS="0.591" lang="fr" source="ibm">pièce</contenuImg>
            <contenuImg CS="0.791" lang="fr" source="ibm">vêtements</contenuImg>
            <contenuImg CS="0.944" coul="1" lang="fr" source="ibm">gris</contenuImg>
            <contenuImg CS="0.693" coul="1" lang="fr" source="ibm">albâtre</contenuImg>
            <contenuImg CS="0.693" coul="1" lang="en" source="ibm">alabaster color</contenuImg>
            <contenuImg CS="0.944" coul="1" lang="en" source="ibm">gray color</contenuImg>
            <contenuImg CS="0.791" lang="en" source="ibm">clothing</contenuImg>
            <contenuImg CS="0.591" lang="en" source="ibm">room</contenuImg>
            <contenuImg CS="0.591" lang="en" source="ibm">art gallery</contenuImg>
            <contenuImg CS="0.836" lang="en" source="ibm">Museum (Indoor)</contenuImg>
            <contenuImg CS="0.31" h="2280" lang="fr" source="yolo" w="1610" x="36" y="30">montre</contenuImg>
            <contenuImg CS="0.31" h="2280" lang="en" source="yolo" w="1610" x="36" y="30">clock</contenuImg>
            <fonction source="final">repro/texte</fonction>
            <tech source="final">imp photoméca</tech>
            <fonction CS="0.45" source="TensorFlow">repro/texte</fonction>
            <tech CS="1" source="md">imp photoméca</tech>
            <leg>ODETTE COLSON O D E 5 a 25 Sôux ouA^.  S  Sforuyté 0\cA/u ô_8e ctAA.  1 iéA. 7 7 4 4 UN CADRE HARMONIEI</leg>
            <genre source="hm" time="2020-11-01T10:03:10.136+01:00">publicité</genre>
            <genre source="final">publicité</genre>
          </ill>
          <ill classif="CCyolo CCibm" couleur="gris" h="2400" n="78-3" pub="1" taille="1" w="1453" x="2124" y="1573">
            <contenuImg CS="0.617" lang="fr" source="ibm">salle blanche</contenuImg>
            <contenuImg CS="0.69" lang="fr" source="ibm">pièce</contenuImg>
            <contenuImg CS="0.569" lang="fr" source="ibm">coffre à pharmacie</contenuImg>
            <contenuImg CS="0.57" lang="fr" source="ibm">meubles</contenuImg>
            <contenuImg CS="0.5" lang="fr" source="ibm">galerie d'art</contenuImg>
            <contenuImg CS="0.598" lang="fr" source="ibm">bâtiment</contenuImg>
            <contenuImg CS="0.986" coul="1" lang="fr" source="ibm">gris</contenuImg>
            <contenuImg CS="0.986" coul="1" lang="en" source="ibm">gray color</contenuImg>
            <contenuImg CS="0.598" lang="en" source="ibm">building</contenuImg>
            <contenuImg CS="0.5" lang="en" source="ibm">art gallery</contenuImg>
            <contenuImg CS="0.57" lang="en" source="ibm">furniture</contenuImg>
            <contenuImg CS="0.569" lang="en" source="ibm">medicine chest</contenuImg>
            <contenuImg CS="0.69" lang="en" source="ibm">room</contenuImg>
            <contenuImg CS="0.617" lang="en" source="ibm">clean room</contenuImg>
            <contenuImg CS="0.48" h="336" lang="fr" source="yolo" w="310" x="773" y="1986">banc</contenuImg>
            <contenuImg CS="0.32" h="213" lang="fr" source="yolo" w="110" x="1300" y="1886">vélo</contenuImg>
            <contenuImg CS="0.32" h="213" lang="en" source="yolo" w="110" x="1300" y="1886">bicycle</contenuImg>
            <contenuImg CS="0.48" h="336" lang="en" source="yolo" w="310" x="773" y="1986">bench</contenuImg>
            <contenuImg CS="0.79" h="253" lang="en" source="yolo" w="186" x="1113" y="1940">bench</contenuImg>
            <genre source="final">publicité</genre>
            <genre source="md">publicité</genre>
            <fonction source="final">repro/photo</fonction>
            <tech source="final">imp photoméca</tech>
            <fonction CS="0.91" source="TensorFlow">repro/photo</fonction>
            <tech CS="1" source="md">imp photoméca</tech>
            <leg>UN CADRE HARMONIEI Porté par le mouvement qui de plus en plus entraîne vers l ouest l activité de la cité, Worth vient de s installer Faubourg St-Honoré. On aimera, dès le prime abord, ses vitrines vert foncé qui s ouvrent sur des fonds de crêpe blanc drapé, vitrines illuminées le soir par des projecteurs. On aimera également la première pièce que l on traverse, avec ses murs clairs, où la lumière est diffusée par des coupes de métal, de plâtre. Le cadre des gl an enfin apparaît harmonie sant. Les murs y sont W des filets dorés encadrante aux fenêtres des rideaux mettent une note de * sièges légers ou conforla: vert-amande dans un preli brique dans le plus grande une double corniche lUnllr¡  décor parfait qui fait bon auteur : Marcel Bouheben</leg>
            <txt>25 Sôux ouA^.  S  Sforuyté 0\cA/u ô_8e ctAA.  1 iéA. 7 7 4 4 a</txt>
          </ill>
        </ills>
      </page>
      <page hauteurPx="5205" largeurPx="3905" ordre="79">
        <nbMot>182</nbMot>
        <blocTexte>8</blocTexte>
        <blocTab>0</blocTab>
        <blocPub>5</blocPub>
        <blocIll ocr="0">0</blocIll>
      </page>
      <page hauteurPx="5157" largeurPx="3753" ordre="80">
        <nbMot>975</nbMot>
        <blocTexte>35</blocTexte>
        <blocTab>0</blocTab>
        <blocPub>0</blocPub>
        <blocIll ocr="1">1</blocIll>
        <ills/>
      </page>
      <page hauteurPx="5215" largeurPx="3917" ordre="81">
        <nbMot>139</nbMot>
        <blocTexte>14</blocTexte>
        <blocTab>0</blocTab>
        <blocPub>12</blocPub>
        <blocIll ocr="2">2</blocIll>
        <ills>
          <ill classif="CCyolo CCibm" couleur="gris" h="1777" n="81-2" pub="1" taille="1" w="1461" x="329" y="2539">
            <contenuImg CS="0.5" lang="fr" source="ibm">chapeau de cow-boy</contenuImg>
            <contenuImg CS="0.799" lang="fr" source="ibm">personne</contenuImg>
            <contenuImg CS="0.908" lang="fr" source="ibm">chapeau cavalier</contenuImg>
            <contenuImg CS="0.942" lang="fr" source="ibm">chapeau</contenuImg>
            <contenuImg CS="0.942" lang="fr" source="ibm">coiffure</contenuImg>
            <contenuImg CS="0.836" coul="1" lang="fr" source="ibm">sauge</contenuImg>
            <contenuImg CS="0.502" coul="1" lang="fr" source="ibm">noir charbon</contenuImg>
            <contenuImg CS="0.502" coul="1" lang="en" source="ibm">coal black color</contenuImg>
            <contenuImg CS="0.836" coul="1" lang="en" source="ibm">sage green color</contenuImg>
            <contenuImg CS="0.5" lang="en" source="ibm">ten-gallon hat</contenuImg>
            <contenuImg CS="0.942" lang="en" source="ibm">headdress</contenuImg>
            <contenuImg CS="0.942" lang="en" source="ibm">hat</contenuImg>
            <contenuImg CS="0.908" lang="en" source="ibm">cavalier hat</contenuImg>
            <contenuImg CS="0.799" lang="en" source="ibm">person</contenuImg>
            <contenuImg CS="0.98" h="1606" lang="fr" source="yolo" w="1353" x="46" y="186">personne</contenuImg>
            <contenuImg CS="0.98" h="1606" lang="en" source="yolo" w="1353" x="46" y="186">person</contenuImg>
            <genre source="final">publicité</genre>
            <genre source="md">publicité</genre>
            <fonction source="final">repro/photo</fonction>
            <tech source="final">imp photoméca</tech>
            <fonction CS="0.67" source="TensorFlow">repro/photo</fonction>
            <tech CS="1" source="md">imp photoméca</tech>
            <leg>MÉKONG. PICOT noir et satin ciré PHOT. C.M. MARI IN STUDIO UORELLE PARIS.Vllle ; V MODES 72, FAUBOURG SAINT-HONORÉ ^ S-Vllle FACE L ÉLYSÉE Tél. : ANJOU 33-82</leg>
            <txt>LEDA 59, FAUBOURG SAINT-HONORÉ, PARIS 1 Tailleur de peau et cape blanche avec capuchon doublé crêpe de chine vert</txt>
          </ill>
        </ills>
      </page>
      <page hauteurPx="5141" largeurPx="3733" ordre="82">
        <nbMot>1013</nbMot>
        <blocTexte>34</blocTexte>
        <blocTab>0</blocTab>
        <blocPub>4</blocPub>
        <blocIll ocr="1">1</blocIll>
        <ills>
          <ill classif="CCyolo CCibm" couleur="gris" h="2612" n="82-1" pub="1" taille="2" w="1694" x="248" y="286">
            <contenuImg CS="0.535" lang="fr" source="ibm">salon de beauté</contenuImg>
            <contenuImg CS="0.535" lang="fr" source="ibm">boutique</contenuImg>
            <contenuImg CS="0.535" lang="fr" source="ibm">magasin de détail</contenuImg>
            <contenuImg CS="0.643" lang="fr" source="ibm">bâtiment</contenuImg>
            <contenuImg CS="0.529" lang="fr" source="ibm">bureau</contenuImg>
            <contenuImg CS="0.526" lang="fr" source="ibm">laboratoire de physique</contenuImg>
            <contenuImg CS="0.526" lang="fr" source="ibm">pièce</contenuImg>
            <contenuImg CS="0.5" lang="fr" source="ibm">infirmière</contenuImg>
            <contenuImg CS="0.501" lang="fr" source="ibm">personne</contenuImg>
            <contenuImg CS="0.754" coul="1" lang="fr" source="ibm">gris cendré</contenuImg>
            <contenuImg CS="0.607" coul="1" lang="fr" source="ibm">noir charbon</contenuImg>
            <contenuImg CS="0.607" coul="1" lang="en" source="ibm">coal black color</contenuImg>
            <contenuImg CS="0.754" coul="1" lang="en" source="ibm">ash grey color</contenuImg>
            <contenuImg CS="0.501" lang="en" source="ibm">person</contenuImg>
            <contenuImg CS="0.5" lang="en" source="ibm">nurse</contenuImg>
            <contenuImg CS="0.526" lang="en" source="ibm">room</contenuImg>
            <contenuImg CS="0.526" lang="en" source="ibm">Physics Laboratory</contenuImg>
            <contenuImg CS="0.529" lang="en" source="ibm">office</contenuImg>
            <contenuImg CS="0.643" lang="en" source="ibm">building</contenuImg>
            <contenuImg CS="0.535" lang="en" source="ibm">retail store</contenuImg>
            <contenuImg CS="0.535" lang="en" source="ibm">shop</contenuImg>
            <contenuImg CS="0.535" lang="en" source="ibm">beauty salon</contenuImg>
            <contenuImg CS="0.72" h="2010" lang="fr" source="yolo" w="1573" x="53" y="43">personne</contenuImg>
            <contenuImg CS="0.72" h="2010" lang="en" source="yolo" w="1573" x="53" y="43">person</contenuImg>
            <genre source="final">publicité</genre>
            <genre source="md">publicité</genre>
            <fonction source="final">repro/photo</fonction>
            <tech source="final">imp photoméca</tech>
            <fonction CS="0.81" source="TensorFlow">repro/photo</fonction>
            <tech CS="1" source="md">imp photoméca</tech>
            <leg>Le KLYTIACIL N° 828 Les GIVRES D OR à base de Beauté Ciliaire, active et D ARGENT N° 841 la pousse des cils. Maquillage, Fards gras pour les paupières; soupr le, discret et velouté. teintes assorties aux couleurs des Cinq teintes : Donnent au regard une NOIR, BRUN, CHATAIN, yeux. Donnent au regard une BLEU MURILLO, BLEU NOIR. expression douce et captivante.</leg>
            <txt>I-JARS 19 80</txt>
          </ill>
        </ills>
      </page>
      <page hauteurPx="5247" largeurPx="3963" ordre="83">
        <nbMot>206</nbMot>
        <blocTexte>6</blocTexte>
        <blocTab>0</blocTab>
        <blocPub>4</blocPub>
        <blocIll ocr="1">1</blocIll>
        <ills>
          <ill classif="CCyolo CCibm" couleur="gris" h="1502" n="83-1" pub="1" taille="1" w="1650" x="1916" y="2574">
            <contenuImg CS="0.599" lang="fr" source="ibm">galerie d'art</contenuImg>
            <contenuImg CS="0.728" lang="fr" source="ibm">pièce</contenuImg>
            <contenuImg CS="0.584" lang="fr" source="ibm">pointe d'argent</contenuImg>
            <contenuImg CS="0.668" lang="fr" source="ibm">personne</contenuImg>
            <contenuImg CS="0.5" lang="fr" source="ibm">studio d'art</contenuImg>
            <contenuImg CS="0.599" lang="fr" source="ibm">vêtements</contenuImg>
            <contenuImg CS="0.858" coul="1" lang="fr" source="ibm">gris cendré</contenuImg>
            <contenuImg CS="0.685" coul="1" lang="fr" source="ibm">gris</contenuImg>
            <contenuImg CS="0.685" coul="1" lang="en" source="ibm">gray color</contenuImg>
            <contenuImg CS="0.858" coul="1" lang="en" source="ibm">ash grey color</contenuImg>
            <contenuImg CS="0.599" lang="en" source="ibm">clothing</contenuImg>
            <contenuImg CS="0.5" lang="en" source="ibm">Art Studio</contenuImg>
            <contenuImg CS="0.668" lang="en" source="ibm">person</contenuImg>
            <contenuImg CS="0.584" lang="en" source="ibm">silverpoint</contenuImg>
            <contenuImg CS="0.728" lang="en" source="ibm">room</contenuImg>
            <contenuImg CS="0.599" lang="en" source="ibm">art gallery</contenuImg>
            <contenuImg CS="0.85" h="1380" lang="fr" source="yolo" w="883" x="390" y="126">personne</contenuImg>
            <contenuImg CS="0.85" h="1380" lang="en" source="yolo" w="883" x="390" y="126">person</contenuImg>
            <genre source="final">publicité</genre>
            <genre source="md">publicité</genre>
            <fonction source="final">repro/photo</fonction>
            <tech source="final">imp photoméca</tech>
            <fonction CS="0.89" source="TensorFlow">repro/photo</fonction>
            <tech CS="1" source="md">imp photoméca</tech>
            <leg>PHOTO REMY DUVAL IL N EXISTE PAS D E UX PO I TRI NES SEMBLABLES C est pourquoi un soutien-gorge doit être fait SUR M ESU RES Modèle rendant impossible le rapprochement des seins même pour poitrines fortes et affaissées, peut être exécuté à distance avec garantie de perfection pour celles qui n habitent pas Paris.</leg>
            <txt>Iftà • V\ YcÊ  °* v« I ■ a  *« Q^? e J %* JÊp ■ I Vr1 J LEVITAN M| I ~t~ 1 ! DÉCORATION s  P i~ LL Bg MAGENTA , ~~1. F PARIS t ~ M i M~~ dam FCD ES K | S^RMOLIÎOEFUIX |^  -  »^SSS J HARMONOEUX COIN DE STUDIO PETIT BAR DANS UN HALL m QUELQUES RÉALISATIONS 1 DE BUREAU DE lA DIRECTION RADIO-CITeLEVITAN SALON DE MODE ENNELEY SŒURS o IICI. PLAQUETTE t. F Il ARTISTIQUE ADRESSÉE GRATUITEMENT SUR DEMANDE LoJO</txt>
          </ill>
        </ills>
      </page>
      <page hauteurPx="5163" largeurPx="3763" ordre="84">
        <nbMot>1095</nbMot>
        <blocTexte>34</blocTexte>
        <blocTab>0</blocTab>
        <blocPub>0</blocPub>
        <blocIll ocr="2">2</blocIll>
        <ills>
          <ill classif="CCyolo CCibm" couleur="gris" edit="1" h="1503" n="84-1" pub="1" taille="1" w="1754" x="319" y="275">
            <contenuImg CS="0.941" lang="fr" source="ibm">studio d'art</contenuImg>
            <contenuImg CS="0.941" lang="fr" source="ibm">pièce</contenuImg>
            <contenuImg CS="0.5" lang="fr" source="ibm">salle d'étude</contenuImg>
            <contenuImg CS="0.978" coul="1" lang="fr" source="ibm">noir</contenuImg>
            <contenuImg CS="0.978" coul="1" lang="en" source="ibm">black color</contenuImg>
            <contenuImg CS="0.5" lang="en" source="ibm">study</contenuImg>
            <contenuImg CS="0.941" lang="en" source="ibm">room</contenuImg>
            <contenuImg CS="0.941" lang="en" source="ibm">Art Studio</contenuImg>
            <contenuImg CS="0.35" h="473" lang="fr" source="yolo" w="190" x="1236" y="376">personne</contenuImg>
            <contenuImg CS="0.35" h="473" lang="en" source="yolo" w="190" x="1236" y="376">person</contenuImg>
            <fonction source="final">repro/dessin</fonction>
            <tech source="final">imp photoméca</tech>
            <fonction CS="0.86" source="TensorFlow">repro/dessin</fonction>
            <tech CS="1" source="md">imp photoméca</tech>
            <leg>A New-York. à Londres, et maintenant à Paris, les plus jolies mains sont signées :</leg>
            <genre source="hm" time="2020-11-01T10:03:37.387+01:00">publicité</genre>
            <genre source="final">publicité</genre>
          </ill>
          <ill classif="CCibm" couleur="gris" edit="1" h="749" n="84-2" pub="1" taille="0" w="800" x="409" y="3646">
            <contenuImg CS="0.5" lang="fr" source="ibm">patchouli (parfum)</contenuImg>
            <contenuImg CS="0.656" lang="fr" source="ibm">eau de Cologne</contenuImg>
            <contenuImg CS="0.836" lang="fr" source="ibm">parfum</contenuImg>
            <contenuImg CS="0.84" lang="fr" source="ibm">toilette</contenuImg>
            <contenuImg CS="0.522" lang="fr" source="ibm">ampoule</contenuImg>
            <contenuImg CS="0.525" lang="fr" source="ibm">bouteille</contenuImg>
            <contenuImg CS="0.788" lang="fr" source="ibm">instrument de mesure</contenuImg>
            <contenuImg CS="0.788" lang="fr" source="ibm">boisson</contenuImg>
            <contenuImg CS="0.626" coul="1" lang="fr" source="ibm">ivoire (couleur)</contenuImg>
            <contenuImg CS="0.52" coul="1" lang="fr" source="ibm">gris</contenuImg>
            <contenuImg CS="0.52" coul="1" lang="en" source="ibm">gray color</contenuImg>
            <contenuImg CS="0.626" coul="1" lang="en" source="ibm">ivory color</contenuImg>
            <contenuImg CS="0.788" lang="en" source="ibm">beverage</contenuImg>
            <contenuImg CS="0.788" lang="en" source="ibm">measuring instrument</contenuImg>
            <contenuImg CS="0.5" lang="en" source="ibm">patchouli (perfume)</contenuImg>
            <contenuImg CS="0.525" lang="en" source="ibm">bottle</contenuImg>
            <contenuImg CS="0.522" lang="en" source="ibm">vial</contenuImg>
            <contenuImg CS="0.84" lang="en" source="ibm">toiletry</contenuImg>
            <contenuImg CS="0.836" lang="en" source="ibm">perfume</contenuImg>
            <contenuImg CS="0.656" lang="en" source="ibm">cologne</contenuImg>
            <fonction source="final">repro/dessin</fonction>
            <tech source="final">imp photoméca</tech>
            <fonction CS="0.57" source="TensorFlow">repro/dessin</fonction>
            <tech CS="1" source="md">imp photoméca</tech>
            <leg>Vernis pour  jour  et  soirée  en vingt-cinq nuances Frs 20. Nouveau Dissolvant Emollient (contient une huile bienfaisante qui laisse les ongles et la cuticule lisses et souples) Frs 15. Huile adoucissante Frs 15. Crème pour blanchir les mains Frs 25.</leg>
            <txt>Préparations IIPeggy Sage  pour les mains: Vous a-t-on déjà vue dans le nouveau salon de la Place Vendôme ? Le Tout-Paris féminin s y retrouve dans un cad re parfaitement élégant.</txt>
            <genre source="hm" time="2020-11-01T10:03:41.36+01:00">publicité</genre>
            <genre source="final">publicité</genre>
          </ill>
        </ills>
      </page>
      <page hauteurPx="5221" largeurPx="3925" ordre="85">
        <nbMot>816</nbMot>
        <blocTexte>49</blocTexte>
        <blocTab>0</blocTab>
        <blocPub>47</blocPub>
        <blocIll ocr="4">4</blocIll>
        <ills>
          <ill classif="CCibm" couleur="gris" edit="1" h="421" n="85-1" pub="1" taille="0" w="362" x="2295" y="3745">
            <contenuImg CS="0.609" lang="fr" source="ibm">hache de guerre</contenuImg>
            <contenuImg CS="0.612" lang="fr" source="ibm">hache</contenuImg>
            <contenuImg CS="0.612" lang="fr" source="ibm">coutellerie</contenuImg>
            <contenuImg CS="0.752" lang="fr" source="ibm">outil</contenuImg>
            <contenuImg CS="0.566" lang="fr" source="ibm">guimbarde (instrument)</contenuImg>
            <contenuImg CS="0.574" lang="fr" source="ibm">instrument de musique</contenuImg>
            <contenuImg CS="0.5" lang="fr" source="ibm">timbre</contenuImg>
            <contenuImg CS="0.637" coul="1" lang="fr" source="ibm">noir</contenuImg>
            <contenuImg CS="0.565" coul="1" lang="fr" source="ibm">gris</contenuImg>
            <contenuImg CS="0.565" coul="1" lang="en" source="ibm">gray color</contenuImg>
            <contenuImg CS="0.637" coul="1" lang="en" source="ibm">black color</contenuImg>
            <contenuImg CS="0.5" lang="en" source="ibm">stamp</contenuImg>
            <contenuImg CS="0.574" lang="en" source="ibm">musical instrument</contenuImg>
            <contenuImg CS="0.566" lang="en" source="ibm">mouth harp</contenuImg>
            <contenuImg CS="0.752" lang="en" source="ibm">tool</contenuImg>
            <contenuImg CS="0.612" lang="en" source="ibm">cutlery</contenuImg>
            <contenuImg CS="0.612" lang="en" source="ibm">ax</contenuImg>
            <contenuImg CS="0.609" lang="en" source="ibm">battle-ax</contenuImg>
            <fonction source="final">repro/dessin</fonction>
            <tech source="final">imp photoméca</tech>
            <fonction CS="0.97" source="TensorFlow">repro/dessin</fonction>
            <tech CS="1" source="md">imp photoméca</tech>
            <leg>SOINS DE BEAUTÉ TOUT LE CHARME EST DANS LE SOURIRE Souriez jeune, la couronne en or vieillit. Un nouveau procédé : la couronne en platine émaillée plus solide, plus esthétique, est appliquée par des spécialistes au centre de Céramique Dentaire.</leg>
            <txt>Ex-première maison de tout premier ordre. Modèles inédits. Façon à partir de 200 frs. Donnerait leçons de coupe à femmes et jeunes filles du monde. Maria, 67, rue de Clichy. Tél : Tri 70-62. COUTURE MALBOROUGH est la providence même de la femme élégante qui sait s habiller : elle y trouve les derniers modèles exécutés par les grandes maisons qui les ont créés et signés, à des prix accessibles à toutes. Spécialité de robes de mariées, 59, rue Saint-Lazare (ascenseur).</txt>
            <genre source="hm" time="2020-11-01T10:03:21.478+01:00">publicité</genre>
            <genre source="final">publicité</genre>
          </ill>
          <ill classif="CCyolo CCibm" couleur="gris" edit="1" h="1514" n="85-2" pub="1" taille="0" w="847" x="2754" y="297">
            <contenuImg CS="0.54" lang="fr" source="ibm">gaine-culotte</contenuImg>
            <contenuImg CS="0.587" lang="fr" source="ibm">maillot de bains une pièce</contenuImg>
            <contenuImg CS="0.726" lang="fr" source="ibm">vêtement</contenuImg>
            <contenuImg CS="0.554" lang="fr" source="ibm">Tarzan</contenuImg>
            <contenuImg CS="0.554" lang="fr" source="ibm">personne</contenuImg>
            <contenuImg CS="0.562" lang="fr" source="ibm">sous-vêtement</contenuImg>
            <contenuImg CS="0.5" lang="fr" source="ibm">tenue de plage</contenuImg>
            <contenuImg CS="0.601" lang="fr" source="ibm">vêtements</contenuImg>
            <contenuImg CS="0.952" coul="1" lang="fr" source="ibm">noir</contenuImg>
            <contenuImg CS="0.728" coul="1" lang="fr" source="ibm">gris</contenuImg>
            <contenuImg CS="0.728" coul="1" lang="en" source="ibm">gray color</contenuImg>
            <contenuImg CS="0.952" coul="1" lang="en" source="ibm">black color</contenuImg>
            <contenuImg CS="0.601" lang="en" source="ibm">clothing</contenuImg>
            <contenuImg CS="0.5" lang="en" source="ibm">beachwear</contenuImg>
            <contenuImg CS="0.562" lang="en" source="ibm">undergarment</contenuImg>
            <contenuImg CS="0.54" lang="en" source="ibm">panty girdle</contenuImg>
            <contenuImg CS="0.554" lang="en" source="ibm">person</contenuImg>
            <contenuImg CS="0.554" lang="en" source="ibm">Tarzan</contenuImg>
            <contenuImg CS="0.726" lang="en" source="ibm">garment</contenuImg>
            <contenuImg CS="0.587" lang="en" source="ibm">maillot tank suit</contenuImg>
            <contenuImg CS="0.53" h="756" lang="fr" source="yolo" w="180" x="160" y="296">personne</contenuImg>
            <contenuImg CS="0.27" h="66" lang="fr" source="yolo" w="50" x="480" y="366">téléphone mobile</contenuImg>
            <contenuImg CS="0.27" h="66" lang="en" source="yolo" w="50" x="480" y="366">cell phone</contenuImg>
            <contenuImg CS="0.53" h="756" lang="en" source="yolo" w="180" x="160" y="296">person</contenuImg>
            <contenuImg CS="0.94" h="1326" lang="en" source="yolo" w="450" x="280" y="170">person</contenuImg>
            <fonction source="final">repro/photo</fonction>
            <tech source="final">imp photoméca</tech>
            <fonction CS="0.99" source="TensorFlow">repro/photo</fonction>
            <tech CS="1" source="md">imp photoméca</tech>
            <leg>Aucune robe ne peut se concevoir sans la ligne créée : par ■ c Jo, place de Lllladeleute OPÉRA 86. 910</leg>
            <txt>500 MODÈLES HAUTE COUTURE peu portés sport, ville, soir et fourrure, sont à vendre de 35 à 250 frs chez Mme MARY, 23, rue Fourcroy (rez-de-ch. 2° bâtiment, fond cour.) MO Ternes. Achète comptant fourrures et beaux vêtements mode dames et messieurs. (Eto.: 35-86). DIVERS</txt>
            <genre source="hm" time="2020-11-01T10:03:50.066+01:00">publicité</genre>
            <genre source="final">publicité</genre>
          </ill>
          <ill classif="CCibm" couleur="gris" edit="1" h="699" n="85-3" pub="1" taille="0" w="479" x="2754" y="2969">
            <contenuImg CS="0.853" lang="fr" source="ibm">salle d'étude</contenuImg>
            <contenuImg CS="0.583" lang="fr" source="ibm">euryptéride (arthropode)</contenuImg>
            <contenuImg CS="0.583" lang="fr" source="ibm">invertébré</contenuImg>
            <contenuImg CS="0.583" lang="fr" source="ibm">animal</contenuImg>
            <contenuImg CS="0.5" lang="fr" source="ibm">tétraskèle</contenuImg>
            <contenuImg CS="0.792" lang="fr" source="ibm">radiogramme</contenuImg>
            <contenuImg CS="0.795" lang="fr" source="ibm">vêtements</contenuImg>
            <contenuImg CS="0.986" coul="1" lang="fr" source="ibm">gris</contenuImg>
            <contenuImg CS="0.986" coul="1" lang="en" source="ibm">gray color</contenuImg>
            <contenuImg CS="0.795" lang="en" source="ibm">clothing</contenuImg>
            <contenuImg CS="0.792" lang="en" source="ibm">radiogram</contenuImg>
            <contenuImg CS="0.5" lang="en" source="ibm">tetraskelion</contenuImg>
            <contenuImg CS="0.583" lang="en" source="ibm">animal</contenuImg>
            <contenuImg CS="0.583" lang="en" source="ibm">invertebrate</contenuImg>
            <contenuImg CS="0.583" lang="en" source="ibm">eurypterid  (extint creature)</contenuImg>
            <contenuImg CS="0.853" lang="en" source="ibm">study</contenuImg>
            <fonction source="final">repro/dessin</fonction>
            <tech source="final">imp photoméca</tech>
            <fonction CS="0.99" source="TensorFlow">repro/dessin</fonction>
            <tech CS="1" source="md">imp photoméca</tech>
            <leg>Le plaisir de rester assise des heures et de conduire votre voitu-</leg>
            <txt>créatrice de la gaine soutien-gorge sans épaulettes pour le soir. Aucune robe ne peut se concevoir sans la ligne créée : par ■ c Jo, place de Lllladeleute OPÉRA 86. 910</txt>
            <genre source="hm" time="2020-11-01T10:03:53.431+01:00">publicité</genre>
            <genre source="final">publicité</genre>
          </ill>
          <ill classif="CCyolo CCibm" couleur="gris" h="1242" n="85-4" pub="1" taille="0" w="847" x="2754" y="3668">
            <contenuImg CS="0.5" lang="fr" source="ibm">gaine-culotte</contenuImg>
            <contenuImg CS="0.796" lang="fr" source="ibm">personne</contenuImg>
            <contenuImg CS="0.68" lang="fr" source="ibm">maillot de bain</contenuImg>
            <contenuImg CS="0.888" lang="fr" source="ibm">vêtement</contenuImg>
            <contenuImg CS="0.739" lang="fr" source="ibm">sous-vêtements</contenuImg>
            <contenuImg CS="0.759" lang="fr" source="ibm">sous-vêtement</contenuImg>
            <contenuImg CS="0.801" lang="fr" source="ibm">vêtements</contenuImg>
            <contenuImg CS="0.799" lang="fr" source="ibm">radiogramme</contenuImg>
            <contenuImg CS="0.979" coul="1" lang="fr" source="ibm">noir</contenuImg>
            <contenuImg CS="0.979" coul="1" lang="en" source="ibm">black color</contenuImg>
            <contenuImg CS="0.799" lang="en" source="ibm">radiogram</contenuImg>
            <contenuImg CS="0.801" lang="en" source="ibm">clothing</contenuImg>
            <contenuImg CS="0.5" lang="en" source="ibm">panty girdle</contenuImg>
            <contenuImg CS="0.759" lang="en" source="ibm">undergarment</contenuImg>
            <contenuImg CS="0.739" lang="en" source="ibm">underwear</contenuImg>
            <contenuImg CS="0.888" lang="en" source="ibm">garment</contenuImg>
            <contenuImg CS="0.68" lang="en" source="ibm">swimsuit</contenuImg>
            <contenuImg CS="0.796" lang="en" source="ibm">person</contenuImg>
            <contenuImg CS="0.92" h="1126" lang="fr" source="yolo" w="410" x="210" y="53">personne</contenuImg>
            <contenuImg CS="0.92" h="1126" lang="en" source="yolo" w="410" x="210" y="53">person</contenuImg>
            <genre source="final">publicité</genre>
            <genre source="md">publicité</genre>
            <fonction source="final">repro/photo</fonction>
            <tech source="final">imp photoméca</tech>
            <fonction CS="0.98" source="TensorFlow">repro/photo</fonction>
            <tech CS="1" source="md">imp photoméca</tech>
            <txt>cune gêne. re sans au-</txt>
          </ill>
        </ills>
      </page>
      <page hauteurPx="5157" largeurPx="3755" ordre="86">
        <nbMot>1067</nbMot>
        <blocTexte>28</blocTexte>
        <blocTab>0</blocTab>
        <blocPub>7</blocPub>
        <blocIll ocr="0">0</blocIll>
      </page>
      <page hauteurPx="5193" largeurPx="3889" ordre="87">
        <nbMot>361</nbMot>
        <blocTexte>6</blocTexte>
        <blocTab>0</blocTab>
        <blocPub>5</blocPub>
        <blocIll ocr="0">0</blocIll>
      </page>
      <page hauteurPx="5209" largeurPx="3775" ordre="88">
        <nbMot>0</nbMot>
        <blocTexte>0</blocTexte>
        <blocTab>0</blocTab>
        <blocPub>0</blocPub>
        <blocIll ocr="1">1</blocIll>
        <ills>
          <ill classif="CCyolo CCibm" couleur="coul" derniere="true" edit="1" h="5106" n="88-1" pub="1" taille="8" w="3472" x="77" y="64">
            <txt source="google">"T - pour le - ensem - Nina - mo - gresi - Je - A - ",</txt>
            <contenuImg CS="0.5" lang="fr" source="ibm">robe à la polonaise</contenuImg>
            <contenuImg CS="0.799" lang="fr" source="ibm">personne</contenuImg>
            <contenuImg CS="0.741" lang="fr" source="ibm">selle de dame (équitation)</contenuImg>
            <contenuImg CS="0.802" lang="fr" source="ibm">selle</contenuImg>
            <contenuImg CS="0.802" lang="fr" source="ibm">siège</contenuImg>
            <contenuImg CS="0.802" lang="fr" source="ibm">support</contenuImg>
            <contenuImg CS="0.503" lang="fr" source="ibm">robe</contenuImg>
            <contenuImg CS="0.801" lang="fr" source="ibm">vêtements</contenuImg>
            <contenuImg CS="0.788" lang="fr" source="ibm">tissu</contenuImg>
            <contenuImg CS="0.787" coul="1" lang="fr" source="ibm">sauge</contenuImg>
            <contenuImg CS="0.699" coul="1" lang="fr" source="ibm">vert olive</contenuImg>
            <contenuImg CS="0.699" coul="1" lang="en" source="ibm">olive green color</contenuImg>
            <contenuImg CS="0.787" coul="1" lang="en" source="ibm">sage green color</contenuImg>
            <contenuImg CS="0.788" lang="en" source="ibm">fabric</contenuImg>
            <contenuImg CS="0.801" lang="en" source="ibm">clothing</contenuImg>
            <contenuImg CS="0.503" lang="en" source="ibm">dress</contenuImg>
            <contenuImg CS="0.5" lang="en" source="ibm">polonaise (dress)</contenuImg>
            <contenuImg CS="0.802" lang="en" source="ibm">support</contenuImg>
            <contenuImg CS="0.802" lang="en" source="ibm">seat</contenuImg>
            <contenuImg CS="0.802" lang="en" source="ibm">saddle</contenuImg>
            <contenuImg CS="0.741" lang="en" source="ibm">sidesaddle</contenuImg>
            <contenuImg CS="0.799" lang="en" source="ibm">person</contenuImg>
            <contenuImg CS="0.99" h="4330" lang="fr" source="yolo" w="2873" x="476" y="96">personne</contenuImg>
            <contenuImg CS="0.41" h="593" lang="fr" source="yolo" w="503" x="1340" y="793">cravate</contenuImg>
            <contenuImg CS="0.41" h="593" lang="en" source="yolo" w="503" x="1340" y="793">tie</contenuImg>
            <contenuImg CS="0.99" h="4330" lang="en" source="yolo" w="2873" x="476" y="96">person</contenuImg>
            <contenuImg b="71" coul="1" g="70" ordre="10" r="116" source="colorific" type="frg">#744647</contenuImg>
            <contenuImg b="81" coul="1" g="84" ordre="9" r="178" source="colorific" type="frg">#b25451</contenuImg>
            <contenuImg b="47" coul="1" g="47" ordre="8" r="54" source="colorific" type="frg">#362f2f</contenuImg>
            <contenuImg b="209" coul="1" g="195" ordre="7" r="193" source="colorific" type="frg">#c1c3d1</contenuImg>
            <contenuImg b="255" coul="1" g="255" ordre="6" r="255" source="colorific" type="frg">#ffffff</contenuImg>
            <contenuImg b="113" coul="1" g="118" ordre="5" r="133" source="colorific" type="frg">#857671</contenuImg>
            <contenuImg b="88" coul="1" g="104" ordre="4" r="110" source="colorific" type="frg">#6e6858</contenuImg>
            <contenuImg b="86" coul="1" g="82" ordre="3" r="93" source="colorific" type="frg">#5d5256</contenuImg>
            <contenuImg b="169" coul="1" g="180" ordre="2" r="194" source="colorific" type="frg">#c2b4a9</contenuImg>
            <contenuImg b="117" coul="1" g="147" ordre="1" r="152" source="colorific" type="frg">#989375</contenuImg>
            <fonction source="final">repro/dessin</fonction>
            <tech source="final">imp photoméca</tech>
            <fonction CS="0.94" source="TensorFlow">repro/dessin</fonction>
            <tech CS="1" source="md">imp photoméca</tech>
            <genre source="hm" time="2020-11-01T10:04:06.416+01:00">publicité</genre>
            <genre source="final">publicité</genre>
          </ill>
        </ills>
      </page>
    </pages>
  </contenus>
</analyseAlto>