<analyseAlto>
  <metad>
    <type>R</type>
    <ID>bpt6k65397755</ID>
    <notice>cb343833568</notice>
    <titre>Vogue 1924/05/01 (Volume 5, Numéro 5)</titre>
    <dateEdition>1924-05-01</dateEdition>
    <lang>fre</lang>
    <source>BnF</source>
    <nbPage>100</nbPage>
  </metad>
  <contenus>
    <largeur>160</largeur>
    <hauteur>216</hauteur>
    <largeurPx>3789</largeurPx>
    <hauteurPx>5125</hauteurPx>
    <pages>
      <page hauteurPx="5125" largeurPx="3789" ordre="1">
        <nbMot>87</nbMot>
        <blocTexte>7</blocTexte>
        <blocTab>0</blocTab>
        <blocPub>7</blocPub>
        <blocIll ocr="0">0</blocIll>
      </page>
      <page hauteurPx="5159" largeurPx="3731" ordre="2">
        <nbMot>57</nbMot>
        <blocTexte>5</blocTexte>
        <blocTab>0</blocTab>
        <blocPub>4</blocPub>
        <blocIll ocr="0">0</blocIll>
      </page>
      <page hauteurPx="5117" largeurPx="3779" ordre="3">
        <nbMot>744</nbMot>
        <blocTexte>20</blocTexte>
        <blocTab>3</blocTab>
        <blocPub>0</blocPub>
        <blocIll ocr="1">1</blocIll>
        <ills/>
      </page>
      <page hauteurPx="5111" largeurPx="3665" ordre="4">
        <nbMot>23</nbMot>
        <blocTexte>5</blocTexte>
        <blocTab>0</blocTab>
        <blocPub>3</blocPub>
        <blocIll ocr="0">0</blocIll>
      </page>
      <page hauteurPx="5125" largeurPx="3791" ordre="5">
        <nbMot>328</nbMot>
        <blocTexte>11</blocTexte>
        <blocTab>0</blocTab>
        <blocPub>0</blocPub>
        <blocIll ocr="3">3</blocIll>
        <ills/>
      </page>
      <page hauteurPx="5163" largeurPx="3737" ordre="6">
        <nbMot>609</nbMot>
        <blocTexte>16</blocTexte>
        <blocTab>0</blocTab>
        <blocPub>0</blocPub>
        <blocIll ocr="5">5</blocIll>
        <ills/>
      </page>
      <page hauteurPx="5093" largeurPx="3747" ordre="7">
        <nbMot>314</nbMot>
        <blocTexte>11</blocTexte>
        <blocTab>0</blocTab>
        <blocPub>0</blocPub>
        <blocIll ocr="2">2</blocIll>
        <ills/>
      </page>
      <page hauteurPx="5143" largeurPx="3709" ordre="8">
        <nbMot>141</nbMot>
        <blocTexte>7</blocTexte>
        <blocTab>0</blocTab>
        <blocPub>0</blocPub>
        <blocIll ocr="1">1</blocIll>
        <ills/>
      </page>
      <page hauteurPx="5077" largeurPx="3725" ordre="9">
        <nbMot>143</nbMot>
        <blocTexte>9</blocTexte>
        <blocTab>0</blocTab>
        <blocPub>0</blocPub>
        <blocIll ocr="1">1</blocIll>
        <ills/>
      </page>
      <page hauteurPx="5097" largeurPx="3645" ordre="10">
        <nbMot>204</nbMot>
        <blocTexte>5</blocTexte>
        <blocTab>0</blocTab>
        <blocPub>0</blocPub>
        <blocIll ocr="1">1</blocIll>
        <ills/>
      </page>
      <page hauteurPx="5097" largeurPx="3751" ordre="11">
        <nbMot>201</nbMot>
        <blocTexte>7</blocTexte>
        <blocTab>0</blocTab>
        <blocPub>0</blocPub>
        <blocIll ocr="1">1</blocIll>
        <ills/>
      </page>
      <page hauteurPx="5097" largeurPx="3645" ordre="12">
        <nbMot>559</nbMot>
        <blocTexte>14</blocTexte>
        <blocTab>0</blocTab>
        <blocPub>0</blocPub>
        <blocIll ocr="2">2</blocIll>
        <ills/>
      </page>
      <page hauteurPx="5169" largeurPx="3851" ordre="13">
        <nbMot>14</nbMot>
        <blocTexte>4</blocTexte>
        <blocTab>0</blocTab>
        <blocPub>0</blocPub>
        <blocIll ocr="1">1</blocIll>
        <ills/>
      </page>
      <page hauteurPx="5097" largeurPx="3645" ordre="14">
        <nbMot>2</nbMot>
        <blocTexte>1</blocTexte>
        <blocTab>0</blocTab>
        <blocPub>0</blocPub>
        <blocIll ocr="1">1</blocIll>
        <ills>
          <ill classif="CCyolo CCibm" couleur="coul" edit="1" h="4339" n="14-1" pub="1" taille="6" w="3064" x="448" y="505">
            <contenuImg CS="0.5" lang="fr" source="ibm">tissu georgette</contenuImg>
            <contenuImg CS="0.518" lang="fr" source="ibm">mousseline de soie</contenuImg>
            <contenuImg CS="0.716" lang="fr" source="ibm">peinture</contenuImg>
            <contenuImg CS="0.519" lang="fr" source="ibm">vêtements</contenuImg>
            <contenuImg CS="0.672" lang="fr" source="ibm">tissu</contenuImg>
            <contenuImg CS="0.993" coul="1" lang="fr" source="ibm">jaune pâle</contenuImg>
            <contenuImg CS="0.993" coul="1" lang="en" source="ibm">pale yellow color</contenuImg>
            <contenuImg CS="0.5" lang="en" source="ibm">georgette  fabric</contenuImg>
            <contenuImg CS="0.672" lang="en" source="ibm">fabric</contenuImg>
            <contenuImg CS="0.518" lang="en" source="ibm">chiffon</contenuImg>
            <contenuImg CS="0.519" lang="en" source="ibm">clothing</contenuImg>
            <contenuImg CS="0.716" lang="en" source="ibm">painting</contenuImg>
            <contenuImg CS="0.53" h="3840" lang="fr" source="yolo" w="2850" x="140" y="516">gâteau</contenuImg>
            <contenuImg CS="0.53" h="3840" lang="en" source="yolo" w="2850" x="140" y="516">cake</contenuImg>
            <contenuImg b="255" coul="1" g="255" r="255" source="colorific" type="bkg">#ffffff</contenuImg>
            <contenuImg b="125" coul="1" g="135" ordre="10" r="209" source="colorific" type="frg">#d1877d</contenuImg>
            <contenuImg b="95" coul="1" g="152" ordre="9" r="213" source="colorific" type="frg">#d5985f</contenuImg>
            <contenuImg b="84" coul="1" g="94" ordre="8" r="133" source="colorific" type="frg">#855e54</contenuImg>
            <contenuImg b="161" coul="1" g="197" ordre="7" r="235" source="colorific" type="frg">#ebc5a1</contenuImg>
            <contenuImg b="128" coul="1" g="226" ordre="6" r="245" source="colorific" type="frg">#f5e280</contenuImg>
            <contenuImg b="192" coul="1" g="176" ordre="5" r="178" source="colorific" type="frg">#b2b0c0</contenuImg>
            <contenuImg b="74" coul="1" g="71" ordre="4" r="100" source="colorific" type="frg">#64474a</contenuImg>
            <contenuImg b="131" coul="1" g="126" ordre="3" r="142" source="colorific" type="frg">#8e7e83</contenuImg>
            <contenuImg b="113" coul="1" g="140" ordre="2" r="155" source="colorific" type="frg">#9b8c71</contenuImg>
            <contenuImg b="166" coul="1" g="174" ordre="1" r="188" source="colorific" type="frg">#bcaea6</contenuImg>
            <fonction source="final">repro/dessin</fonction>
            <tech source="final">imp photoméca</tech>
            <fonction CS="0.96" source="TensorFlow">repro/dessin</fonction>
            <tech CS="1" source="md">imp photoméca</tech>
            <txt>12 rOGUE 12 rOGUE</txt>
            <genre source="hm" time="2020-11-01T12:45:17.058+01:00">publicité</genre>
            <genre source="final">publicité</genre>
          </ill>
        </ills>
      </page>
      <page hauteurPx="5095" largeurPx="3749" ordre="15">
        <nbMot>4</nbMot>
        <blocTexte>1</blocTexte>
        <blocTab>0</blocTab>
        <blocPub>0</blocPub>
        <blocIll ocr="1">1</blocIll>
        <ills/>
      </page>
      <page hauteurPx="5133" largeurPx="3697" ordre="16">
        <nbMot>8</nbMot>
        <blocTexte>2</blocTexte>
        <blocTab>0</blocTab>
        <blocPub>0</blocPub>
        <blocIll ocr="1">1</blocIll>
        <ills/>
      </page>
      <page hauteurPx="5113" largeurPx="3773" ordre="17">
        <nbMot>475</nbMot>
        <blocTexte>11</blocTexte>
        <blocTab>0</blocTab>
        <blocPub>0</blocPub>
        <blocIll ocr="1">1</blocIll>
        <ills/>
      </page>
      <page hauteurPx="5179" largeurPx="3761" ordre="18">
        <nbMot>175</nbMot>
        <blocTexte>7</blocTexte>
        <blocTab>0</blocTab>
        <blocPub>0</blocPub>
        <blocIll ocr="1">1</blocIll>
        <ills/>
      </page>
      <page hauteurPx="5077" largeurPx="3725" ordre="19">
        <nbMot>5</nbMot>
        <blocTexte>1</blocTexte>
        <blocTab>0</blocTab>
        <blocPub>0</blocPub>
        <blocIll ocr="1">1</blocIll>
        <ills/>
      </page>
      <page hauteurPx="5105" largeurPx="3699" ordre="20">
        <nbMot>551</nbMot>
        <blocTexte>14</blocTexte>
        <blocTab>0</blocTab>
        <blocPub>0</blocPub>
        <blocIll ocr="3">3</blocIll>
        <ills/>
      </page>
      <page hauteurPx="5113" largeurPx="3773" ordre="21">
        <nbMot>72</nbMot>
        <blocTexte>4</blocTexte>
        <blocTab>0</blocTab>
        <blocPub>0</blocPub>
        <blocIll ocr="1">1</blocIll>
        <ills/>
      </page>
      <page hauteurPx="5091" largeurPx="3679" ordre="22">
        <nbMot>982</nbMot>
        <blocTexte>26</blocTexte>
        <blocTab>0</blocTab>
        <blocPub>0</blocPub>
        <blocIll ocr="1">1</blocIll>
        <ills/>
      </page>
      <page hauteurPx="5077" largeurPx="3725" ordre="23">
        <nbMot>468</nbMot>
        <blocTexte>12</blocTexte>
        <blocTab>0</blocTab>
        <blocPub>0</blocPub>
        <blocIll ocr="4">4</blocIll>
        <ills/>
      </page>
      <page hauteurPx="5127" largeurPx="3727" ordre="24">
        <nbMot>475</nbMot>
        <blocTexte>16</blocTexte>
        <blocTab>0</blocTab>
        <blocPub>0</blocPub>
        <blocIll ocr="3">3</blocIll>
        <ills/>
      </page>
      <page hauteurPx="5093" largeurPx="3747" ordre="25">
        <nbMot>9</nbMot>
        <blocTexte>2</blocTexte>
        <blocTab>0</blocTab>
        <blocPub>0</blocPub>
        <blocIll ocr="1">1</blocIll>
        <ills/>
      </page>
      <page hauteurPx="5095" largeurPx="3707" ordre="26">
        <nbMot>60</nbMot>
        <blocTexte>2</blocTexte>
        <blocTab>0</blocTab>
        <blocPub>0</blocPub>
        <blocIll ocr="1">1</blocIll>
        <ills/>
      </page>
      <page hauteurPx="5123" largeurPx="3789" ordre="27">
        <nbMot>696</nbMot>
        <blocTexte>14</blocTexte>
        <blocTab>0</blocTab>
        <blocPub>0</blocPub>
        <blocIll ocr="2">2</blocIll>
        <ills/>
      </page>
      <page hauteurPx="5139" largeurPx="3767" ordre="28">
        <nbMot>564</nbMot>
        <blocTexte>18</blocTexte>
        <blocTab>0</blocTab>
        <blocPub>0</blocPub>
        <blocIll ocr="1">1</blocIll>
        <ills/>
      </page>
      <page hauteurPx="5125" largeurPx="3791" ordre="29">
        <nbMot>104</nbMot>
        <blocTexte>3</blocTexte>
        <blocTab>0</blocTab>
        <blocPub>0</blocPub>
        <blocIll ocr="1">1</blocIll>
        <ills/>
      </page>
      <page hauteurPx="5197" largeurPx="3851" ordre="30">
        <nbMot>177</nbMot>
        <blocTexte>6</blocTexte>
        <blocTab>0</blocTab>
        <blocPub>0</blocPub>
        <blocIll ocr="1">1</blocIll>
        <ills/>
      </page>
      <page hauteurPx="5077" largeurPx="3725" ordre="31">
        <nbMot>4</nbMot>
        <blocTexte>1</blocTexte>
        <blocTab>0</blocTab>
        <blocPub>0</blocPub>
        <blocIll ocr="1">1</blocIll>
        <ills/>
      </page>
      <page hauteurPx="5103" largeurPx="3719" ordre="32">
        <nbMot>151</nbMot>
        <blocTexte>6</blocTexte>
        <blocTab>0</blocTab>
        <blocPub>0</blocPub>
        <blocIll ocr="1">1</blocIll>
        <ills/>
      </page>
      <page hauteurPx="5105" largeurPx="3761" ordre="33">
        <nbMot>707</nbMot>
        <blocTexte>18</blocTexte>
        <blocTab>0</blocTab>
        <blocPub>0</blocPub>
        <blocIll ocr="3">3</blocIll>
        <ills/>
      </page>
      <page hauteurPx="5081" largeurPx="3689" ordre="34">
        <nbMot>875</nbMot>
        <blocTexte>18</blocTexte>
        <blocTab>0</blocTab>
        <blocPub>0</blocPub>
        <blocIll ocr="3">3</blocIll>
        <ills/>
      </page>
      <page hauteurPx="5107" largeurPx="3767" ordre="35">
        <nbMot>15</nbMot>
        <blocTexte>2</blocTexte>
        <blocTab>0</blocTab>
        <blocPub>0</blocPub>
        <blocIll ocr="1">1</blocIll>
        <ills/>
      </page>
      <page hauteurPx="5099" largeurPx="3713" ordre="36">
        <nbMot>2</nbMot>
        <blocTexte>1</blocTexte>
        <blocTab>0</blocTab>
        <blocPub>0</blocPub>
        <blocIll ocr="1">1</blocIll>
        <ills/>
      </page>
      <page hauteurPx="5093" largeurPx="3745" ordre="37">
        <nbMot>4</nbMot>
        <blocTexte>1</blocTexte>
        <blocTab>0</blocTab>
        <blocPub>0</blocPub>
        <blocIll ocr="1">1</blocIll>
        <ills/>
      </page>
      <page hauteurPx="5147" largeurPx="3697" ordre="38">
        <nbMot>9</nbMot>
        <blocTexte>2</blocTexte>
        <blocTab>0</blocTab>
        <blocPub>0</blocPub>
        <blocIll ocr="1">1</blocIll>
        <ills/>
      </page>
      <page hauteurPx="5109" largeurPx="3769" ordre="39">
        <nbMot>725</nbMot>
        <blocTexte>19</blocTexte>
        <blocTab>0</blocTab>
        <blocPub>0</blocPub>
        <blocIll ocr="2">2</blocIll>
        <ills/>
      </page>
      <page hauteurPx="5161" largeurPx="3671" ordre="40">
        <nbMot>83</nbMot>
        <blocTexte>5</blocTexte>
        <blocTab>0</blocTab>
        <blocPub>0</blocPub>
        <blocIll ocr="1">1</blocIll>
        <ills/>
      </page>
      <page hauteurPx="5115" largeurPx="3777" ordre="41">
        <nbMot>1116</nbMot>
        <blocTexte>29</blocTexte>
        <blocTab>0</blocTab>
        <blocPub>0</blocPub>
        <blocIll ocr="0">0</blocIll>
      </page>
      <page hauteurPx="5117" largeurPx="3733" ordre="42">
        <nbMot>575</nbMot>
        <blocTexte>16</blocTexte>
        <blocTab>0</blocTab>
        <blocPub>0</blocPub>
        <blocIll ocr="2">2</blocIll>
        <ills/>
      </page>
      <page hauteurPx="5077" largeurPx="3725" ordre="43">
        <nbMot>930</nbMot>
        <blocTexte>19</blocTexte>
        <blocTab>0</blocTab>
        <blocPub>0</blocPub>
        <blocIll ocr="2">2</blocIll>
        <ills/>
      </page>
      <page hauteurPx="5093" largeurPx="3701" ordre="44">
        <nbMot>622</nbMot>
        <blocTexte>14</blocTexte>
        <blocTab>0</blocTab>
        <blocPub>0</blocPub>
        <blocIll ocr="2">2</blocIll>
        <ills/>
      </page>
      <page hauteurPx="5123" largeurPx="3789" ordre="45">
        <nbMot>588</nbMot>
        <blocTexte>13</blocTexte>
        <blocTab>0</blocTab>
        <blocPub>0</blocPub>
        <blocIll ocr="2">2</blocIll>
        <ills/>
      </page>
      <page hauteurPx="5135" largeurPx="3761" ordre="46">
        <nbMot>206</nbMot>
        <blocTexte>14</blocTexte>
        <blocTab>0</blocTab>
        <blocPub>0</blocPub>
        <blocIll ocr="1">1</blocIll>
        <ills/>
      </page>
      <page hauteurPx="5125" largeurPx="3789" ordre="47">
        <nbMot>14</nbMot>
        <blocTexte>2</blocTexte>
        <blocTab>0</blocTab>
        <blocPub>0</blocPub>
        <blocIll ocr="1">1</blocIll>
        <ills/>
      </page>
      <page hauteurPx="5133" largeurPx="3757" ordre="48">
        <nbMot>2</nbMot>
        <blocTexte>1</blocTexte>
        <blocTab>0</blocTab>
        <blocPub>0</blocPub>
        <blocIll ocr="1">1</blocIll>
        <ills/>
      </page>
      <page hauteurPx="5111" largeurPx="3773" ordre="49">
        <nbMot>389</nbMot>
        <blocTexte>12</blocTexte>
        <blocTab>0</blocTab>
        <blocPub>0</blocPub>
        <blocIll ocr="1">1</blocIll>
        <ills/>
      </page>
      <page hauteurPx="5091" largeurPx="3697" ordre="50">
        <nbMot>13</nbMot>
        <blocTexte>3</blocTexte>
        <blocTab>0</blocTab>
        <blocPub>0</blocPub>
        <blocIll ocr="1">1</blocIll>
        <ills/>
      </page>
      <page hauteurPx="5129" largeurPx="3795" ordre="51">
        <nbMot>212</nbMot>
        <blocTexte>10</blocTexte>
        <blocTab>0</blocTab>
        <blocPub>0</blocPub>
        <blocIll ocr="1">1</blocIll>
        <ills/>
      </page>
      <page hauteurPx="5091" largeurPx="3699" ordre="52">
        <nbMot>587</nbMot>
        <blocTexte>18</blocTexte>
        <blocTab>0</blocTab>
        <blocPub>0</blocPub>
        <blocIll ocr="3">3</blocIll>
        <ills/>
      </page>
      <page hauteurPx="5103" largeurPx="3759" ordre="53">
        <nbMot>542</nbMot>
        <blocTexte>16</blocTexte>
        <blocTab>0</blocTab>
        <blocPub>0</blocPub>
        <blocIll ocr="5">5</blocIll>
        <ills/>
      </page>
      <page hauteurPx="5133" largeurPx="3755" ordre="54">
        <nbMot>613</nbMot>
        <blocTexte>19</blocTexte>
        <blocTab>0</blocTab>
        <blocPub>0</blocPub>
        <blocIll ocr="5">5</blocIll>
        <ills>
          <ill classif="CCyolo CCibm" couleur="gris" h="420" n="54-5" pub="1" taille="0" w="388" x="2418" y="3059">
            <contenuImg CS="0.999" lang="fr" source="ibm">épuisette</contenuImg>
            <contenuImg CS="0.999" lang="fr" source="ibm">résille</contenuImg>
            <contenuImg CS="0.999" lang="fr" source="ibm">filet</contenuImg>
            <contenuImg CS="0.999" lang="fr" source="ibm">piège</contenuImg>
            <contenuImg CS="0.994" coul="1" lang="fr" source="ibm">gris cendré</contenuImg>
            <contenuImg CS="0.994" coul="1" lang="en" source="ibm">ash grey color</contenuImg>
            <contenuImg CS="0.999" lang="en" source="ibm">trap</contenuImg>
            <contenuImg CS="0.999" lang="en" source="ibm">net</contenuImg>
            <contenuImg CS="0.999" lang="en" source="ibm">fishnet</contenuImg>
            <contenuImg CS="0.999" lang="en" source="ibm">landing net (fishing)</contenuImg>
            <contenuImg CS="0.53" h="170" lang="fr" source="yolo" w="240" x="106" y="13">souris</contenuImg>
            <contenuImg CS="0.53" h="170" lang="en" source="yolo" w="240" x="106" y="13">mouse</contenuImg>
            <genre source="final">publicité</genre>
            <genre source="md">publicité</genre>
            <fonction source="final">repro/dessin</fonction>
            <tech source="final">imp photoméca</tech>
            <fonction CS="0.99" source="TensorFlow">repro/dessin</fonction>
            <tech CS="1" source="md">imp photoméca</tech>
            <leg>Cette petite forme ae feutre souple est garnie d une palme de tissu</leg>
            <txt>Redirons-nous encore �\, une fois que la mode réside surtout, depuis quelques années, dans le renouvellement et la fantaisie des détails. Tel costume tailleur a-t-il un intérêt autre que sa blouse rappelée par une coiffure originale ? Telle robe de crêpe de Chine toute droite, simple, est-elle intéressante à regarder si ce n est par l effet de l écharpe et du bonnet qui l accompagnent ? Or, ces fantaisies et ces détails de- d£iloww</txt>
          </ill>
        </ills>
      </page>
      <page hauteurPx="5135" largeurPx="3803" ordre="55">
        <nbMot>612</nbMot>
        <blocTexte>15</blocTexte>
        <blocTab>0</blocTab>
        <blocPub>0</blocPub>
        <blocIll ocr="5">5</blocIll>
        <ills/>
      </page>
      <page hauteurPx="5105" largeurPx="3717" ordre="56">
        <nbMot>189</nbMot>
        <blocTexte>7</blocTexte>
        <blocTab>0</blocTab>
        <blocPub>0</blocPub>
        <blocIll ocr="1">1</blocIll>
        <ills/>
      </page>
      <page hauteurPx="5155" largeurPx="3831" ordre="57">
        <nbMot>238</nbMot>
        <blocTexte>8</blocTexte>
        <blocTab>0</blocTab>
        <blocPub>0</blocPub>
        <blocIll ocr="1">1</blocIll>
        <ills/>
      </page>
      <page hauteurPx="5099" largeurPx="3707" ordre="58">
        <nbMot>721</nbMot>
        <blocTexte>23</blocTexte>
        <blocTab>0</blocTab>
        <blocPub>0</blocPub>
        <blocIll ocr="2">2</blocIll>
        <ills/>
      </page>
      <page hauteurPx="5117" largeurPx="3779" ordre="59">
        <nbMot>345</nbMot>
        <blocTexte>12</blocTexte>
        <blocTab>0</blocTab>
        <blocPub>0</blocPub>
        <blocIll ocr="3">3</blocIll>
        <ills/>
      </page>
      <page hauteurPx="5085" largeurPx="3689" ordre="60">
        <nbMot>394</nbMot>
        <blocTexte>13</blocTexte>
        <blocTab>0</blocTab>
        <blocPub>0</blocPub>
        <blocIll ocr="1">1</blocIll>
        <ills/>
      </page>
      <page hauteurPx="5157" largeurPx="3833" ordre="61">
        <nbMot>562</nbMot>
        <blocTexte>22</blocTexte>
        <blocTab>0</blocTab>
        <blocPub>0</blocPub>
        <blocIll ocr="3">3</blocIll>
        <ills/>
      </page>
      <page hauteurPx="5099" largeurPx="3709" ordre="62">
        <nbMot>561</nbMot>
        <blocTexte>15</blocTexte>
        <blocTab>0</blocTab>
        <blocPub>0</blocPub>
        <blocIll ocr="2">2</blocIll>
        <ills/>
      </page>
      <page hauteurPx="5097" largeurPx="3751" ordre="63">
        <nbMot>197</nbMot>
        <blocTexte>5</blocTexte>
        <blocTab>0</blocTab>
        <blocPub>0</blocPub>
        <blocIll ocr="1">1</blocIll>
        <ills/>
      </page>
      <page hauteurPx="5067" largeurPx="3665" ordre="64">
        <nbMot>1255</nbMot>
        <blocTexte>23</blocTexte>
        <blocTab>0</blocTab>
        <blocPub>5</blocPub>
        <blocIll ocr="0">0</blocIll>
      </page>
      <page hauteurPx="5161" largeurPx="3839" ordre="65">
        <nbMot>504</nbMot>
        <blocTexte>9</blocTexte>
        <blocTab>0</blocTab>
        <blocPub>8</blocPub>
        <blocIll ocr="0">0</blocIll>
      </page>
      <page hauteurPx="5095" largeurPx="3745" ordre="66">
        <nbMot>1242</nbMot>
        <blocTexte>29</blocTexte>
        <blocTab>0</blocTab>
        <blocPub>10</blocPub>
        <blocIll ocr="0">0</blocIll>
      </page>
      <page hauteurPx="5141" largeurPx="3813" ordre="67">
        <nbMot>260</nbMot>
        <blocTexte>12</blocTexte>
        <blocTab>0</blocTab>
        <blocPub>10</blocPub>
        <blocIll ocr="0">0</blocIll>
      </page>
      <page hauteurPx="5111" largeurPx="3769" ordre="68">
        <nbMot>547</nbMot>
        <blocTexte>18</blocTexte>
        <blocTab>0</blocTab>
        <blocPub>7</blocPub>
        <blocIll ocr="1">1</blocIll>
        <ills>
          <ill classif="CCyolo CCibm" couleur="gris" h="684" n="68-1" pub="1" taille="0" w="1007" x="722" y="418">
            <contenuImg CS="0.881" lang="fr" source="ibm">pointe d'argent</contenuImg>
            <contenuImg CS="0.671" lang="fr" source="ibm">cheval à bascule (jouet)</contenuImg>
            <contenuImg CS="0.783" lang="fr" source="ibm">animal</contenuImg>
            <contenuImg CS="0.881" coul="1" lang="fr" source="ibm">gris cendré</contenuImg>
            <contenuImg CS="0.838" coul="1" lang="fr" source="ibm">albâtre</contenuImg>
            <contenuImg CS="0.838" coul="1" lang="en" source="ibm">alabaster color</contenuImg>
            <contenuImg CS="0.881" coul="1" lang="en" source="ibm">ash grey color</contenuImg>
            <contenuImg CS="0.783" lang="en" source="ibm">animal</contenuImg>
            <contenuImg CS="0.671" lang="en" source="ibm">cockhorse (toy horse)</contenuImg>
            <contenuImg CS="0.881" lang="en" source="ibm">silverpoint</contenuImg>
            <contenuImg CS="0.64" h="310" lang="fr" source="yolo" w="190" x="403" y="23">personne</contenuImg>
            <contenuImg CS="0.37" h="236" lang="fr" source="yolo" w="460" x="503" y="410">cheval</contenuImg>
            <contenuImg CS="0.37" h="236" lang="en" source="yolo" w="460" x="503" y="410">horse</contenuImg>
            <contenuImg CS="0.64" h="310" lang="en" source="yolo" w="190" x="403" y="23">person</contenuImg>
            <contenuImg CS="0.99" h="503" lang="en" source="yolo" w="833" x="30" y="146">horse</contenuImg>
            <genre source="final">publicité</genre>
            <genre source="md">publicité</genre>
            <fonction source="final">repro/dessin</fonction>
            <tech source="final">imp photoméca</tech>
            <fonction CS="0.91" source="TensorFlow">repro/dessin</fonction>
            <tech CS="1" source="md">imp photoméca</tech>
            <leg>MANBY A. Barotte sucer Tailleur Couturier 19-21, Rue Auber -:PARIS /f IVft. serait très :•( V,  heureux de S J\\ r t vous présenter * n ~ 9~ sa nouvelle collection d éttf</leg>
            <txt>66 r 0 GUE 66 r 0 GUE</txt>
          </ill>
        </ills>
      </page>
      <page hauteurPx="5111" largeurPx="3771" ordre="69">
        <nbMot>51</nbMot>
        <blocTexte>4</blocTexte>
        <blocTab>0</blocTab>
        <blocPub>3</blocPub>
        <blocIll ocr="1">1</blocIll>
        <ills>
          <ill classif="CCyolo CCibm" couleur="gris" h="2894" n="69-1" pub="1" taille="2" w="2161" x="640" y="646">
            <contenuImg CS="0.795" lang="fr" source="ibm">personne</contenuImg>
            <contenuImg CS="0.893" lang="fr" source="ibm">stylo et encre</contenuImg>
            <contenuImg CS="0.5" lang="fr" source="ibm">musée (intérieur)</contenuImg>
            <contenuImg CS="0.787" lang="fr" source="ibm">instrument de musique</contenuImg>
            <contenuImg CS="0.792" lang="fr" source="ibm">vêtements</contenuImg>
            <contenuImg CS="0.895" coul="1" lang="fr" source="ibm">gris</contenuImg>
            <contenuImg CS="0.599" coul="1" lang="fr" source="ibm">sauge</contenuImg>
            <contenuImg CS="0.599" coul="1" lang="en" source="ibm">sage green color</contenuImg>
            <contenuImg CS="0.895" coul="1" lang="en" source="ibm">gray color</contenuImg>
            <contenuImg CS="0.792" lang="en" source="ibm">clothing</contenuImg>
            <contenuImg CS="0.787" lang="en" source="ibm">musical instrument</contenuImg>
            <contenuImg CS="0.5" lang="en" source="ibm">Museum (Indoor)</contenuImg>
            <contenuImg CS="0.893" lang="en" source="ibm">pen-and-ink</contenuImg>
            <contenuImg CS="0.795" lang="en" source="ibm">person</contenuImg>
            <contenuImg y="1" CS="0.31" h="2903" lang="fr" source="yolo" w="840" x="1136">personne</contenuImg>
            <contenuImg y="1" CS="0.31" h="2903" lang="en" source="yolo" w="840" x="1136">person</contenuImg>
            <contenuImg y="1" CS="0.51" h="2833" lang="en" source="yolo" w="956" x="143">person</contenuImg>
            <genre source="final">publicité</genre>
            <genre source="md">publicité</genre>
            <fonction source="final">repro/dessin</fonction>
            <tech source="final">imp photoméca</tech>
            <fonction CS="0.99" source="TensorFlow">repro/dessin</fonction>
            <tech CS="1" source="md">imp photoméca</tech>
            <leg>Ravissante robe en crêpe de Chine noir Délicieuse petite robe en popeline chinée, avec incrustations crêpe de Chine garnie d un galon de soutache multicolore, blanc, tablier plissé. travail de lingerie au col et aux manches.</leg>
            <txt>7er Mai 67 7er Mai 67</txt>
          </ill>
        </ills>
      </page>
      <page hauteurPx="5161" largeurPx="3837" ordre="70">
        <nbMot>754</nbMot>
        <blocTexte>13</blocTexte>
        <blocTab>0</blocTab>
        <blocPub>3</blocPub>
        <blocIll ocr="1">1</blocIll>
        <ills>
          <ill classif="CCyolo CCibm" couleur="gris" h="1650" n="70-1" pub="1" taille="1" w="1567" x="473" y="569">
            <contenuImg CS="0.643" lang="fr" source="ibm">aquarium</contenuImg>
            <contenuImg CS="0.643" lang="fr" source="ibm">haie bocagère</contenuImg>
            <contenuImg CS="0.568" lang="fr" source="ibm">studio d'art</contenuImg>
            <contenuImg CS="0.568" lang="fr" source="ibm">pièce</contenuImg>
            <contenuImg CS="0.5" lang="fr" source="ibm">musée (intérieur)</contenuImg>
            <contenuImg CS="0.6" lang="fr" source="ibm">bâtiment</contenuImg>
            <contenuImg CS="0.986" coul="1" lang="fr" source="ibm">gris</contenuImg>
            <contenuImg CS="0.986" coul="1" lang="en" source="ibm">gray color</contenuImg>
            <contenuImg CS="0.6" lang="en" source="ibm">building</contenuImg>
            <contenuImg CS="0.5" lang="en" source="ibm">Museum (Indoor)</contenuImg>
            <contenuImg CS="0.568" lang="en" source="ibm">room</contenuImg>
            <contenuImg CS="0.568" lang="en" source="ibm">Art Studio</contenuImg>
            <contenuImg CS="0.643" lang="en" source="ibm">enclosure</contenuImg>
            <contenuImg CS="0.643" lang="en" source="ibm">aquarium</contenuImg>
            <contenuImg CS="0.26" h="1646" lang="fr" source="yolo" w="1496" x="40" y="23">frisbee</contenuImg>
            <contenuImg CS="0.26" h="1646" lang="en" source="yolo" w="1496" x="40" y="23">frisbee</contenuImg>
            <genre source="final">publicité</genre>
            <genre source="md">publicité</genre>
            <fonction source="final">repro/dessin</fonction>
            <tech source="final">imp photoméca</tech>
            <fonction CS="0.80" source="TensorFlow">repro/dessin</fonction>
            <tech CS="1" source="md">imp photoméca</tech>
            <leg>■ ■ ■ ■ ■ : SANS BIJOUX ■ : la plus parfaite beauté : manque d éclat. Rehaus: sez votre é l égance, accenS : tuez votre personna l ité : : par un choix judicieux. :</leg>
            <txt>68 FOGUE 68 FOGUE</txt>
          </ill>
        </ills>
      </page>
      <page hauteurPx="5077" largeurPx="3725" ordre="71">
        <nbMot>15</nbMot>
        <blocTexte>3</blocTexte>
        <blocTab>0</blocTab>
        <blocPub>2</blocPub>
        <blocIll ocr="0">0</blocIll>
      </page>
      <page hauteurPx="5147" largeurPx="3791" ordre="72">
        <nbMot>539</nbMot>
        <blocTexte>19</blocTexte>
        <blocTab>0</blocTab>
        <blocPub>3</blocPub>
        <blocIll ocr="4">4</blocIll>
        <ills>
          <ill classif="CCibm" couleur="gris" h="377" n="72-4" pub="1" taille="0" w="945" x="2463" y="4234">
            <contenuImg CS="0.963" lang="fr" source="ibm">sous-vêtements</contenuImg>
            <contenuImg CS="0.856" lang="fr" source="ibm">sous-vêtement</contenuImg>
            <contenuImg CS="0.856" lang="fr" source="ibm">vêtement</contenuImg>
            <contenuImg CS="0.5" lang="fr" source="ibm">matelas à ressorts</contenuImg>
            <contenuImg CS="0.5" lang="fr" source="ibm">ressort</contenuImg>
            <contenuImg CS="0.801" lang="fr" source="ibm">vêtements</contenuImg>
            <contenuImg CS="0.79" lang="fr" source="ibm">tissu</contenuImg>
            <contenuImg CS="0.996" coul="1" lang="fr" source="ibm">gris cendré</contenuImg>
            <contenuImg CS="0.996" coul="1" lang="en" source="ibm">ash grey color</contenuImg>
            <contenuImg CS="0.79" lang="en" source="ibm">fabric</contenuImg>
            <contenuImg CS="0.801" lang="en" source="ibm">clothing</contenuImg>
            <contenuImg CS="0.5" lang="en" source="ibm">spring</contenuImg>
            <contenuImg CS="0.5" lang="en" source="ibm">box spring</contenuImg>
            <contenuImg CS="0.856" lang="en" source="ibm">garment</contenuImg>
            <contenuImg CS="0.856" lang="en" source="ibm">undergarment</contenuImg>
            <contenuImg CS="0.963" lang="en" source="ibm">underwear</contenuImg>
            <genre source="final">publicité</genre>
            <genre source="md">publicité</genre>
            <fonction source="final">repro/dessin</fonction>
            <tech source="final">imp photoméca</tech>
            <fonction CS="0.86" source="TensorFlow">repro/dessin</fonction>
            <tech CS="1" source="md">imp photoméca</tech>
            <leg>Cette boîte de cretonne, charmante pour ranger les nappes ou les serviettes à thé, est composée de deux rectangles d étoffe croisés dans le fond. Des morceaux de carton glissés dans la doublure servent à la tenir raide</leg>
            <txt>(Suite page 72) LES DRAPS La toile atteint aujourd hui des Pr!</txt>
          </ill>
        </ills>
      </page>
      <page hauteurPx="5109" largeurPx="3767" ordre="73">
        <nbMot>64</nbMot>
        <blocTexte>4</blocTexte>
        <blocTab>0</blocTab>
        <blocPub>3</blocPub>
        <blocIll ocr="0">0</blocIll>
      </page>
      <page hauteurPx="5147" largeurPx="3793" ordre="74">
        <nbMot>1280</nbMot>
        <blocTexte>36</blocTexte>
        <blocTab>0</blocTab>
        <blocPub>3</blocPub>
        <blocIll ocr="1">1</blocIll>
        <ills>
          <ill classif="CCyolo CCibm" couleur="gris" h="2551" n="74-1" pub="1" taille="1" w="1262" x="548" y="497">
            <contenuImg CS="0.609" lang="fr" source="ibm">écran pare-feu</contenuImg>
            <contenuImg CS="0.609" lang="fr" source="ibm">écran</contenuImg>
            <contenuImg CS="0.609" lang="fr" source="ibm">revêtement de protection</contenuImg>
            <contenuImg CS="0.645" lang="fr" source="ibm">flasque</contenuImg>
            <contenuImg CS="0.645" lang="fr" source="ibm">bouteille</contenuImg>
            <contenuImg CS="0.524" lang="fr" source="ibm">cimetière</contenuImg>
            <contenuImg CS="0.5" lang="fr" source="ibm">veste Mao</contenuImg>
            <contenuImg CS="0.5" lang="fr" source="ibm">manteau</contenuImg>
            <contenuImg CS="0.5" lang="fr" source="ibm">survêtement</contenuImg>
            <contenuImg CS="0.5" lang="fr" source="ibm">vêtement</contenuImg>
            <contenuImg CS="0.593" lang="fr" source="ibm">pièce</contenuImg>
            <contenuImg CS="0.74" coul="1" lang="fr" source="ibm">charbon (couleur)</contenuImg>
            <contenuImg CS="0.677" coul="1" lang="fr" source="ibm">gris</contenuImg>
            <contenuImg CS="0.677" coul="1" lang="en" source="ibm">gray color</contenuImg>
            <contenuImg CS="0.74" coul="1" lang="en" source="ibm">charcoal color</contenuImg>
            <contenuImg CS="0.593" lang="en" source="ibm">room</contenuImg>
            <contenuImg CS="0.5" lang="en" source="ibm">garment</contenuImg>
            <contenuImg CS="0.5" lang="en" source="ibm">overgarment</contenuImg>
            <contenuImg CS="0.5" lang="en" source="ibm">coat</contenuImg>
            <contenuImg CS="0.5" lang="en" source="ibm">Mao jacket</contenuImg>
            <contenuImg CS="0.524" lang="en" source="ibm">cemetery</contenuImg>
            <contenuImg CS="0.645" lang="en" source="ibm">bottle</contenuImg>
            <contenuImg CS="0.645" lang="en" source="ibm">flask</contenuImg>
            <contenuImg CS="0.574" lang="en" source="ibm">hipflask</contenuImg>
            <contenuImg CS="0.609" lang="en" source="ibm">protective covering</contenuImg>
            <contenuImg CS="0.609" lang="en" source="ibm">screen</contenuImg>
            <contenuImg CS="0.609" lang="en" source="ibm">fire screen</contenuImg>
            <contenuImg CS="0.96" h="493" lang="fr" source="yolo" w="273" x="480" y="10">vase</contenuImg>
            <contenuImg CS="0.96" h="493" lang="en" source="yolo" w="273" x="480" y="10">vase</contenuImg>
            <genre source="final">publicité</genre>
            <genre source="md">publicité</genre>
            <fonction source="final">repro/dessin</fonction>
            <tech source="final">imp photoméca</tech>
            <fonction CS="0.59" source="TensorFlow">repro/dessin</fonction>
            <tech CS="1" source="md">imp photoméca</tech>
            <leg>La simplicité des lignes de cette armoire chinoise en laqué, la qualité de sa matière, la richesse de son décor, lui permettent de trouver place dans tout intérieur de style.</leg>
            <txt>72 VOG U E 72 VOG U E</txt>
          </ill>
        </ills>
      </page>
      <page hauteurPx="5111" largeurPx="3771" ordre="75">
        <nbMot>33</nbMot>
        <blocTexte>6</blocTexte>
        <blocTab>0</blocTab>
        <blocPub>4</blocPub>
        <blocIll ocr="0">0</blocIll>
      </page>
      <page hauteurPx="5073" largeurPx="3689" ordre="76">
        <nbMot>1090</nbMot>
        <blocTexte>33</blocTexte>
        <blocTab>0</blocTab>
        <blocPub>6</blocPub>
        <blocIll ocr="0">0</blocIll>
      </page>
      <page hauteurPx="5077" largeurPx="3725" ordre="77">
        <nbMot>65</nbMot>
        <blocTexte>4</blocTexte>
        <blocTab>0</blocTab>
        <blocPub>3</blocPub>
        <blocIll ocr="1">1</blocIll>
        <ills>
          <ill classif="CCyolo CCibm" couleur="gris" h="862" n="77-1" pub="1" taille="0" w="1013" x="1315" y="3711">
            <contenuImg CS="0.782" lang="fr" source="ibm">boîte</contenuImg>
            <contenuImg CS="0.617" lang="fr" source="ibm">78 tours (disque)</contenuImg>
            <contenuImg CS="0.617" lang="fr" source="ibm">dispositif mémoire</contenuImg>
            <contenuImg CS="0.5" lang="fr" source="ibm">peau de tambour</contenuImg>
            <contenuImg CS="0.6" lang="fr" source="ibm">enregistrement</contenuImg>
            <contenuImg CS="0.597" lang="fr" source="ibm">disque</contenuImg>
            <contenuImg CS="0.599" lang="fr" source="ibm">vaisselle</contenuImg>
            <contenuImg CS="1" coul="1" lang="fr" source="ibm">gris</contenuImg>
            <contenuImg CS="1" coul="1" lang="en" source="ibm">gray color</contenuImg>
            <contenuImg CS="0.599" lang="en" source="ibm">tableware</contenuImg>
            <contenuImg CS="0.597" lang="en" source="ibm">disk</contenuImg>
            <contenuImg CS="0.6" lang="en" source="ibm">recording</contenuImg>
            <contenuImg CS="0.5" lang="en" source="ibm">drumhead</contenuImg>
            <contenuImg CS="0.617" lang="en" source="ibm">memory device</contenuImg>
            <contenuImg CS="0.617" lang="en" source="ibm">seventy-eight (record)</contenuImg>
            <contenuImg CS="0.782" lang="en" source="ibm">canister</contenuImg>
            <contenuImg y="1" CS="0.93" h="870" lang="fr" source="yolo" w="1000" x="10">tasse</contenuImg>
            <contenuImg y="1" CS="0.93" h="870" lang="en" source="yolo" w="1000" x="10">cup</contenuImg>
            <genre source="final">publicité</genre>
            <genre source="md">publicité</genre>
            <fonction source="final">repro/dessin</fonction>
            <tech source="final">imp photoméca</tech>
            <fonction CS="0.53" source="TensorFlow">repro/dessin</fonction>
            <tech CS="1" source="md">imp photoméca</tech>
            <txt>( Mon Parfum de BOURJOIS # **  ■  i 1 | i| RUE de la PAIX A * •il ( ^PLACE ven°ÔME) *•*-* -4«dy| PRIS ÉS===as^g!5!i JL.  * * |[~7  *  * * y *1 ** *l»w Jjf .-   .Gjé aff manq ue, ou ce st /ayâdHâ dû I*   *** * *—  ■■■MMMWMMWM»——11^^— J l ,MR   — :</txt>
          </ill>
        </ills>
      </page>
      <page hauteurPx="5097" largeurPx="3721" ordre="78">
        <nbMot>692</nbMot>
        <blocTexte>29</blocTexte>
        <blocTab>0</blocTab>
        <blocPub>5</blocPub>
        <blocIll ocr="2">2</blocIll>
        <ills>
          <ill classif="CCyolo CCibm" couleur="gris" h="910" n="78-2" pub="1" taille="0" w="1535" x="2040" y="290">
            <contenuImg CS="0.652" coul="1" lang="fr" source="ibm">rouge châtain</contenuImg>
            <contenuImg CS="0.561" lang="fr" source="ibm">personnes</contenuImg>
            <contenuImg CS="0.561" lang="fr" source="ibm">personne</contenuImg>
            <contenuImg CS="0.544" lang="fr" source="ibm">pointe d'argent</contenuImg>
            <contenuImg CS="0.5" lang="fr" source="ibm">stylo et encre</contenuImg>
            <contenuImg CS="0.807" coul="1" lang="fr" source="ibm">noir</contenuImg>
            <contenuImg CS="0.652" coul="1" lang="en" source="ibm">chestnut red color</contenuImg>
            <contenuImg CS="0.807" coul="1" lang="en" source="ibm">black color</contenuImg>
            <contenuImg CS="0.5" lang="en" source="ibm">pen-and-ink</contenuImg>
            <contenuImg CS="0.544" lang="en" source="ibm">silverpoint</contenuImg>
            <contenuImg CS="0.561" lang="en" source="ibm">person</contenuImg>
            <contenuImg CS="0.561" lang="en" source="ibm">people</contenuImg>
            <contenuImg CS="0.73" h="213" lang="fr" source="yolo" w="130" x="533" y="253">personne</contenuImg>
            <contenuImg CS="0.26" h="886" lang="fr" source="yolo" w="1496" x="33" y="16">avion</contenuImg>
            <contenuImg CS="0.26" h="886" lang="en" source="yolo" w="1496" x="33" y="16">aeroplane</contenuImg>
            <contenuImg CS="0.73" h="213" lang="en" source="yolo" w="130" x="533" y="253">person</contenuImg>
            <genre source="final">publicité</genre>
            <genre source="md">publicité</genre>
            <fonction source="final">repro/dessin</fonction>
            <tech source="final">imp photoméca</tech>
            <fonction CS="0.94" source="TensorFlow">repro/dessin</fonction>
            <tech CS="1" source="md">imp photoméca</tech>
            <leg>DE PARIS A AMSTERDAM (Suite de la page 59) impression charmante et familiale parce que, instinctivement, le costume des habitantes des villes se rapproche du caractère ethnique des costumes paysans, que le type de la race est davantage mis en valeur et que, sans beaucoup d imagination, on a souvent l impression de croiser dans la rue des modèles descendus d un tableau de vieux maître. * * * La Hollande est en fait un pays plein de charme, de caractère et de coutumes.</leg>
            <txt>I;: - \J NEW YORK   U , ::::i u. 5 A</txt>
          </ill>
        </ills>
      </page>
      <page hauteurPx="5125" largeurPx="3791" ordre="79">
        <nbMot>43</nbMot>
        <blocTexte>3</blocTexte>
        <blocTab>0</blocTab>
        <blocPub>2</blocPub>
        <blocIll ocr="0">0</blocIll>
      </page>
      <page hauteurPx="5099" largeurPx="3725" ordre="80">
        <nbMot>827</nbMot>
        <blocTexte>28</blocTexte>
        <blocTab>0</blocTab>
        <blocPub>6</blocPub>
        <blocIll ocr="0">0</blocIll>
      </page>
      <page hauteurPx="5123" largeurPx="3743" ordre="81">
        <nbMot>66</nbMot>
        <blocTexte>4</blocTexte>
        <blocTab>0</blocTab>
        <blocPub>0</blocPub>
        <blocIll ocr="1">1</blocIll>
        <ills/>
      </page>
      <page hauteurPx="5153" largeurPx="3799" ordre="82">
        <nbMot>900</nbMot>
        <blocTexte>26</blocTexte>
        <blocTab>0</blocTab>
        <blocPub>10</blocPub>
        <blocIll ocr="2">2</blocIll>
        <ills>
          <ill classif="CCyolo CCibm" couleur="gris" edit="true" h="1124" n="82-1" pub="1" taille="0" w="613" x="453" y="2937">
            <contenuImg CS="0.5" lang="fr" source="ibm">Markhor (bovidé caprin)</contenuImg>
            <contenuImg CS="0.705" lang="fr" source="ibm">Tarzan</contenuImg>
            <contenuImg CS="0.705" lang="fr" source="ibm">personne</contenuImg>
            <contenuImg CS="0.502" lang="fr" source="ibm">chèvre</contenuImg>
            <contenuImg CS="0.502" lang="fr" source="ibm">ruminant</contenuImg>
            <contenuImg CS="0.504" lang="fr" source="ibm">mammifère</contenuImg>
            <contenuImg CS="0.506" lang="fr" source="ibm">animal</contenuImg>
            <contenuImg CS="0.594" lang="fr" source="ibm">sport</contenuImg>
            <contenuImg CS="0.835" coul="1" lang="fr" source="ibm">noir</contenuImg>
            <contenuImg CS="0.669" coul="1" lang="fr" source="ibm">noir charbon</contenuImg>
            <contenuImg CS="0.669" coul="1" lang="en" source="ibm">coal black color</contenuImg>
            <contenuImg CS="0.835" coul="1" lang="en" source="ibm">black color</contenuImg>
            <contenuImg CS="0.594" lang="en" source="ibm">sport</contenuImg>
            <contenuImg CS="0.506" lang="en" source="ibm">animal</contenuImg>
            <contenuImg CS="0.504" lang="en" source="ibm">mammal</contenuImg>
            <contenuImg CS="0.502" lang="en" source="ibm">ruminant</contenuImg>
            <contenuImg CS="0.502" lang="en" source="ibm">goat</contenuImg>
            <contenuImg CS="0.5" lang="en" source="ibm">markhor goat</contenuImg>
            <contenuImg CS="0.705" lang="en" source="ibm">person</contenuImg>
            <contenuImg CS="0.705" lang="en" source="ibm">Tarzan</contenuImg>
            <contenuImg CS="0.99" h="966" lang="fr" source="yolo" w="446" x="93" y="83">personne</contenuImg>
            <contenuImg CS="0.99" h="966" lang="en" source="yolo" w="446" x="93" y="83">person</contenuImg>
            <tech source="final">imp photoméca</tech>
            <fonction CS="0.96" source="TensorFlow">repro/photo</fonction>
            <tech CS="1" source="md">imp photoméca</tech>
            <leg>? Modèle le Visage et lui rend la forme esthétique 2 de la jeunesse. Son emploi régulier prévient les rides, les efface.. ;0 Mesdames, ;0 v, Nous nous mettons en garde t contre les imitations. Dans votre t intérêt, exigez bien MASKER-CREAM. ;0 Boue de Californie : le pot 10 fr. ;0 POUDRES DE RIZ ROUGE POUR LES LÈVRES CRÈME DE BEAUTÉ ;0 CHEZ LES COIFFEURS c c PARFUMEURS o o   GRANDS MAGASINS Vente en gros : £ En CALIFORNIE Les Prodnits de Beauté  RITZ  1 2 Miss Marth  Veldon prenant 16, Rue MonceyParis 6 son bain bi-hebdomadaire. I!.C.Seinf.--..376 x TWï „ t. Seine --. ,) %h</leg>
            <txt>W, k M 1 1Ttm  ((Om  1 M Boue de ! ATüna»IJ\J.YlI\\YlI\n;nATü Californie 1 q - R. C. Seine 135.946</txt>
            <fonction source="hm" time="2020-10-31T16:28:30.137+01:00">repro/dessin</fonction>
            <fonction source="final">repro/dessin</fonction>
            <genre source="hm" time="2020-11-01T12:45:55.121+01:00">publicité</genre>
            <genre source="final">publicité</genre>
          </ill>
          <ill classif="CCyolo CCibm" couleur="gris" h="958" n="82-2" pub="1" taille="0" w="1136" x="2356" y="319">
            <contenuImg CS="0.598" lang="fr" source="ibm">personne</contenuImg>
            <contenuImg CS="0.769" lang="fr" source="ibm">salle d'étude</contenuImg>
            <contenuImg CS="0.5" lang="fr" source="ibm">lit d'hôpital</contenuImg>
            <contenuImg CS="0.501" lang="fr" source="ibm">lit</contenuImg>
            <contenuImg CS="0.506" lang="fr" source="ibm">meubles</contenuImg>
            <contenuImg CS="0.588" lang="fr" source="ibm">instrument de musique</contenuImg>
            <contenuImg CS="0.937" coul="1" lang="fr" source="ibm">sauge</contenuImg>
            <contenuImg CS="0.937" coul="1" lang="en" source="ibm">sage green color</contenuImg>
            <contenuImg CS="0.588" lang="en" source="ibm">musical instrument</contenuImg>
            <contenuImg CS="0.506" lang="en" source="ibm">furniture</contenuImg>
            <contenuImg CS="0.501" lang="en" source="ibm">bed</contenuImg>
            <contenuImg CS="0.5" lang="en" source="ibm">hospital bed</contenuImg>
            <contenuImg CS="0.769" lang="en" source="ibm">study</contenuImg>
            <contenuImg CS="0.598" lang="en" source="ibm">person</contenuImg>
            <contenuImg CS="0.59" h="203" lang="fr" source="yolo" w="240" x="853" y="76">plante en pot</contenuImg>
            <contenuImg CS="0.32" h="906" lang="fr" source="yolo" w="900" x="20" y="36">lit</contenuImg>
            <contenuImg CS="0.32" h="906" lang="en" source="yolo" w="900" x="20" y="36">bed</contenuImg>
            <contenuImg CS="0.59" h="203" lang="en" source="yolo" w="240" x="853" y="76">pottedplant</contenuImg>
            <genre source="final">publicité</genre>
            <genre source="md">publicité</genre>
            <fonction source="final">repro/dessin</fonction>
            <tech source="final">imp photoméca</tech>
            <fonction CS="0.96" source="TensorFlow">repro/dessin</fonction>
            <tech CS="1" source="md">imp photoméca</tech>
            <leg>a LE MOUVEMENT MODERNE DANS L ART (Suite de la page 6o )</leg>
            <txt>Gros : Les Produits de Beauté «RITZ», 16, rue Moncey, Paris Un brillant irradiant et tenace pour les ongles : RUBUS-POMPADOUR 1 Le seul résistant au lavage des mains. — Se trouve chez les Coiffeurs, Parfumeurs et Grands Magasins.</txt>
          </ill>
        </ills>
      </page>
      <page hauteurPx="5109" largeurPx="3725" ordre="83">
        <nbMot>36</nbMot>
        <blocTexte>8</blocTexte>
        <blocTab>0</blocTab>
        <blocPub>0</blocPub>
        <blocIll ocr="0">0</blocIll>
      </page>
      <page hauteurPx="5141" largeurPx="3783" ordre="84">
        <nbMot>741</nbMot>
        <blocTexte>23</blocTexte>
        <blocTab>0</blocTab>
        <blocPub>7</blocPub>
        <blocIll ocr="3">3</blocIll>
        <ills>
          <ill classif="CCyolo CCibm" couleur="gris" edit="true" h="1287" n="84-1" pub="1" taille="0" w="1395" x="477" y="764">
            <contenuImg CS="0.599" lang="fr" source="ibm">duplicateur</contenuImg>
            <contenuImg CS="0.684" lang="fr" source="ibm">lave-vaisselle</contenuImg>
            <contenuImg CS="0.69" lang="fr" source="ibm">appareil</contenuImg>
            <contenuImg CS="0.5" lang="fr" source="ibm">boîte</contenuImg>
            <contenuImg CS="0.897" coul="1" lang="fr" source="ibm">sauge</contenuImg>
            <contenuImg CS="0.788" coul="1" lang="fr" source="ibm">gris</contenuImg>
            <contenuImg CS="0.788" coul="1" lang="en" source="ibm">gray color</contenuImg>
            <contenuImg CS="0.897" coul="1" lang="en" source="ibm">sage green color</contenuImg>
            <contenuImg CS="0.599" lang="en" source="ibm">duplicator</contenuImg>
            <contenuImg CS="0.5" lang="en" source="ibm">box</contenuImg>
            <contenuImg CS="0.69" lang="en" source="ibm">appliance</contenuImg>
            <contenuImg CS="0.684" lang="en" source="ibm">dishwasher</contenuImg>
            <contenuImg CS="0.53" h="210" lang="fr" source="yolo" w="590" x="530" y="746">valise</contenuImg>
            <contenuImg CS="0.31" h="380" lang="fr" source="yolo" w="293" x="886" y="433">réfrigérateur</contenuImg>
            <contenuImg CS="0.31" h="380" lang="en" source="yolo" w="293" x="886" y="433">refrigerator</contenuImg>
            <contenuImg CS="0.53" h="210" lang="en" source="yolo" w="590" x="530" y="746">suitcase</contenuImg>
            <contenuImg CS="0.93" h="200" lang="en" source="yolo" w="643" x="520" y="873">suitcase</contenuImg>
            <tech source="final">imp photoméca</tech>
            <fonction CS="0.81" source="TensorFlow">repro/photo</fonction>
            <tech CS="1" source="md">imp photoméca</tech>
            <leg>4 GRAND TOURISME  f ; Un charmant modèle de F 4 MALLE AUTOMOBILE f i PAR 4_ 4 LOUIS VUITTON f i contenant pour Madame : le nécessaire,</leg>
            <txt>,,  , l tel ,  U  ;::::;;ïï;^^ liM, 11.  !ll1WW!f.P!((lz{¡rllf!.[ :;; 0:::::;;  ,   :: , U.uat   ; :.., ,  : , .:::,  ..:::  :    ,  , :, : :: :.., : (,¡/r !. !/,  18  .., ,   10  .,  ,.,   : .ï(¡;?rm \.:.  ,.  f\ fi  1 h. : P./  .-:  f  1</txt>
            <fonction source="hm" time="2020-10-31T16:28:33.608+01:00">repro/dessin</fonction>
            <fonction source="final">repro/dessin</fonction>
            <genre source="hm" time="2020-11-01T12:46:04.078+01:00">publicité</genre>
            <genre source="final">publicité</genre>
          </ill>
          <ill classif="CCibm" couleur="gris" edit="1" h="816" n="84-2" pub="1" taille="0" w="1325" x="534" y="3363">
            <contenuImg CS="0.589" lang="fr" source="ibm">porte-épices</contenuImg>
            <contenuImg CS="0.589" lang="fr" source="ibm">grille</contenuImg>
            <contenuImg CS="0.589" lang="fr" source="ibm">support</contenuImg>
            <contenuImg CS="0.5" lang="fr" source="ibm">salle d'étude</contenuImg>
            <contenuImg CS="0.594" lang="fr" source="ibm">machine</contenuImg>
            <contenuImg CS="0.947" coul="1" lang="fr" source="ibm">gris</contenuImg>
            <contenuImg CS="0.947" coul="1" lang="en" source="ibm">gray color</contenuImg>
            <contenuImg CS="0.594" lang="en" source="ibm">machine</contenuImg>
            <contenuImg CS="0.5" lang="en" source="ibm">study</contenuImg>
            <contenuImg CS="0.589" lang="en" source="ibm">support</contenuImg>
            <contenuImg CS="0.589" lang="en" source="ibm">rack</contenuImg>
            <contenuImg CS="0.589" lang="en" source="ibm">spice rack</contenuImg>
            <fonction source="final">repro/dessin</fonction>
            <tech source="final">imp photoméca</tech>
            <fonction CS="0.54" source="TensorFlow">repro/dessin</fonction>
            <tech CS="1" source="md">imp photoméca</tech>
            <leg>: louis VUITTON t 4 70, CHAMPS ÉLYSÉES f 4 PARIS f enverra gracieusement sa plaquette u Malle Auto  aux Lectrices de Vogue qui lui en feront la demande B t</leg>
            <txt>Il CINQ USAGES : qui, admirablement combiné, peut être employé: 5 : _4 la malle à chapeaux et le très long porte4} habit; pour Monsieur : le porte-habit : j et le nécessaire. A côté de ce modèle de T  grand luxe. Nous signalons le modèle dit ;</txt>
            <genre source="hm" time="2020-11-01T12:46:06.18+01:00">publicité</genre>
            <genre source="final">publicité</genre>
          </ill>
          <ill classif="CCyolo CCibm" couleur="gris" h="1529" n="84-3" pub="1" taille="1" w="1529" x="2120" y="369">
            <contenuImg CS="0.524" lang="fr" source="ibm">suffragette</contenuImg>
            <contenuImg CS="0.748" lang="fr" source="ibm">personne</contenuImg>
            <contenuImg CS="0.5" lang="fr" source="ibm">personnes</contenuImg>
            <contenuImg CS="0.599" lang="fr" source="ibm">vêtements</contenuImg>
            <contenuImg CS="0.599" lang="fr" source="ibm">tissu</contenuImg>
            <contenuImg CS="0.949" coul="1" lang="fr" source="ibm">gris</contenuImg>
            <contenuImg CS="0.74" coul="1" lang="fr" source="ibm">gris cendré</contenuImg>
            <contenuImg CS="0.74" coul="1" lang="en" source="ibm">ash grey color</contenuImg>
            <contenuImg CS="0.949" coul="1" lang="en" source="ibm">gray color</contenuImg>
            <contenuImg CS="0.599" lang="en" source="ibm">fabric</contenuImg>
            <contenuImg CS="0.599" lang="en" source="ibm">clothing</contenuImg>
            <contenuImg CS="0.5" lang="en" source="ibm">people</contenuImg>
            <contenuImg CS="0.748" lang="en" source="ibm">person</contenuImg>
            <contenuImg CS="0.524" lang="en" source="ibm">women's voting rights activist</contenuImg>
            <contenuImg CS="0.43" h="1000" lang="fr" source="yolo" w="356" x="473" y="20">personne</contenuImg>
            <contenuImg CS="0.31" h="353" lang="fr" source="yolo" w="100" x="896" y="626">cravate</contenuImg>
            <contenuImg CS="0.31" h="353" lang="en" source="yolo" w="100" x="896" y="626">tie</contenuImg>
            <contenuImg CS="0.43" h="1000" lang="en" source="yolo" w="356" x="473" y="20">person</contenuImg>
            <contenuImg CS="0.44" h="1446" lang="en" source="yolo" w="563" x="33" y="46">person</contenuImg>
            <contenuImg CS="0.54" h="1456" lang="en" source="yolo" w="493" x="1013" y="70">person</contenuImg>
            <contenuImg CS="0.55" h="1416" lang="en" source="yolo" w="543" x="633" y="83">person</contenuImg>
            <contenuImg CS="0.60" h="136" lang="en" source="yolo" w="43" x="1096" y="270">tie</contenuImg>
            <genre source="final">publicité</genre>
            <genre source="md">publicité</genre>
            <fonction source="final">repro/photo</fonction>
            <tech source="final">imp photoméca</tech>
            <fonction CS="0.50" source="TensorFlow">repro/photo</fonction>
            <tech CS="1" source="md">imp photoméca</tech>
            <leg>1 LA BÉNÉDICTION NUPTIAL] LEUR SERA DONNÉE. i .1 (Suite de la page 26) 1 accru de deux ou trois rangs ; chez certaines femmes il est arrivé à se quintupler si bien que c est à l intérieur de la robe qu elles doivent porter cette richesse sous peine de courir les plus grands risques dès qu elles traversent un trottoir sans être accompagnées. Aujourd hui donc, pour une cérémonie à l église, les perles se voient couramment, mais de plus, on porte des diamants de toute beauté. Un collier ancien fait de diamants et de perles pourra être cousu sur la robe de la mariée sans que cela étonne personne, mais nous devons dire cependant qu en France, on regarde encore, même dans les familles qui possèdent les plus beaux bijoux, à arborer de telles splendeurs.</leg>
            <txt>: louis VUITTON t 4 70, CHAMPS ÉLYSÉES f 4 PARIS f enverra gracieusement sa plaquette u Malle Auto  aux Lectrices de Vogue qui lui en feront la demande B t Il CINQ USAGES : qui, admirablement combiné, peut être employé: 5 :</txt>
          </ill>
        </ills>
      </page>
      <page hauteurPx="5109" largeurPx="3725" ordre="85">
        <nbMot>63</nbMot>
        <blocTexte>6</blocTexte>
        <blocTab>0</blocTab>
        <blocPub>0</blocPub>
        <blocIll ocr="1">1</blocIll>
        <ills>
          <ill classif="CCibm" couleur="gris" edit="true" h="1058" n="85-1" pub="1" taille="0" w="1875" x="684" y="1183">
            <contenuImg CS="0.709" lang="fr" source="ibm">gazette</contenuImg>
            <contenuImg CS="0.799" lang="fr" source="ibm">journal</contenuImg>
            <contenuImg CS="0.923" lang="fr" source="ibm">média</contenuImg>
            <contenuImg CS="0.597" lang="fr" source="ibm">papier</contenuImg>
            <contenuImg CS="0.801" lang="fr" source="ibm">presse écrite</contenuImg>
            <contenuImg CS="0.782" lang="fr" source="ibm">mémorial</contenuImg>
            <contenuImg CS="1" coul="1" lang="fr" source="ibm">gris</contenuImg>
            <contenuImg CS="1" coul="1" lang="en" source="ibm">gray color</contenuImg>
            <contenuImg CS="0.782" lang="en" source="ibm">memorial</contenuImg>
            <contenuImg CS="0.801" lang="en" source="ibm">print media</contenuImg>
            <contenuImg CS="0.597" lang="en" source="ibm">paper</contenuImg>
            <contenuImg CS="0.923" lang="en" source="ibm">medium</contenuImg>
            <contenuImg CS="0.799" lang="en" source="ibm">newspaper</contenuImg>
            <contenuImg CS="0.709" lang="en" source="ibm">gazette</contenuImg>
            <tech source="final">imp photoméca</tech>
            <fonction CS="0.58" source="TensorFlow">repro/dessin</fonction>
            <tech CS="1" source="md">imp photoméca</tech>
            <leg>UN TÉMOIGNAGE Les toilettes créées par JEAN GALOT pour Mlle MISTINGUETT qui triomphe actuellement sur les principales scènes d  outreAtlantique ont été l objet de nombreux commentaires admiratifs de la part de la haute Société Américaine. Mlle MISTINGUETT est habillée exclusivement à la scène et à la ville par 12, Rue d Aguesseau (Faubourg Saint-Honoré) PARIS</leg>
            <txt>jer Mai 83 jer Mai 83</txt>
            <fonction source="hm" time="2020-10-30T09:05:48.235+01:00">repro/texte</fonction>
            <fonction source="final">repro/texte</fonction>
            <genre source="hm" time="2020-11-01T12:45:52.41+01:00">publicité</genre>
            <genre source="final">publicité</genre>
          </ill>
        </ills>
      </page>
      <page hauteurPx="5129" largeurPx="3765" ordre="86">
        <nbMot>1230</nbMot>
        <blocTexte>21</blocTexte>
        <blocTab>0</blocTab>
        <blocPub>1</blocPub>
        <blocIll ocr="1">1</blocIll>
        <ills>
          <ill classif="CCyolo CCibm" couleur="gris" h="3401" n="86-1" pub="1" taille="2" w="1647" x="407" y="406">
            <contenuImg CS="0.808" lang="fr" source="ibm">suffragette</contenuImg>
            <contenuImg CS="0.809" lang="fr" source="ibm">personne</contenuImg>
            <contenuImg CS="0.59" lang="fr" source="ibm">musée (intérieur)</contenuImg>
            <contenuImg CS="0.798" lang="fr" source="ibm">pièce</contenuImg>
            <contenuImg CS="0.793" lang="fr" source="ibm">vêtements</contenuImg>
            <contenuImg CS="0.946" coul="1" lang="fr" source="ibm">gris</contenuImg>
            <contenuImg CS="0.653" coul="1" lang="fr" source="ibm">charbon (couleur)</contenuImg>
            <contenuImg CS="0.653" coul="1" lang="en" source="ibm">charcoal color</contenuImg>
            <contenuImg CS="0.946" coul="1" lang="en" source="ibm">gray color</contenuImg>
            <contenuImg CS="0.793" lang="en" source="ibm">clothing</contenuImg>
            <contenuImg CS="0.798" lang="en" source="ibm">room</contenuImg>
            <contenuImg CS="0.59" lang="en" source="ibm">Museum (Indoor)</contenuImg>
            <contenuImg CS="0.809" lang="en" source="ibm">person</contenuImg>
            <contenuImg CS="0.808" lang="en" source="ibm">women's voting rights activist</contenuImg>
            <contenuImg CS="0.96" h="2680" lang="fr" source="yolo" w="1366" x="143" y="550">personne</contenuImg>
            <contenuImg CS="0.96" h="2680" lang="en" source="yolo" w="1366" x="143" y="550">person</contenuImg>
            <genre source="final">publicité</genre>
            <genre source="md">publicité</genre>
            <fonction source="final">repro/photo</fonction>
            <tech source="final">imp photoméca</tech>
            <fonction CS="0.98" source="TensorFlow">repro/photo</fonction>
            <tech CS="1" source="md">imp photoméca</tech>
            <leg>MAN DARIN 1=10 EEb E TFR.Olc/^ PI CEv DE JEAN MAGN I N LA NOUVELLE MAISON DE COUTURE QU IL FAUT ALLER VOIR PARCE QU ELLE NE V APPARI;NTI;; A AUCUNE AUTRE PAR LA PERSONNALITÉ DE c/ Ey MODÈLEc/* ENTIÈREMENT DE«yCI N Éi^ ET CRÉÉ^ PAR ELLE A PARIe. ■ 22 i RUE D AGU E.,--rEAU o ÊLM/ ÉEi/  11.84</leg>
            <txt>, 84 VOGVl !   , 84 VOGVl !</txt>
          </ill>
        </ills>
      </page>
      <page hauteurPx="5125" largeurPx="3747" ordre="87">
        <nbMot>133</nbMot>
        <blocTexte>13</blocTexte>
        <blocTab>0</blocTab>
        <blocPub>12</blocPub>
        <blocIll ocr="4">4</blocIll>
        <ills>
          <ill classif="CCyolo CCibm" couleur="gris" edit="true" h="1054" n="87-1" pub="1" taille="0" w="800" x="165" y="222">
            <contenuImg CS="0.657" lang="fr" source="ibm">suffragette</contenuImg>
            <contenuImg CS="0.951" lang="fr" source="ibm">personne</contenuImg>
            <contenuImg CS="0.797" lang="fr" source="ibm">personnes</contenuImg>
            <contenuImg CS="0.56" lang="fr" source="ibm">portrait</contenuImg>
            <contenuImg CS="0.5" lang="fr" source="ibm">peuple ancien</contenuImg>
            <contenuImg CS="0.79" lang="fr" source="ibm">radiogramme</contenuImg>
            <contenuImg CS="0.959" coul="1" lang="fr" source="ibm">gris</contenuImg>
            <contenuImg CS="0.959" coul="1" lang="en" source="ibm">gray color</contenuImg>
            <contenuImg CS="0.79" lang="en" source="ibm">radiogram</contenuImg>
            <contenuImg CS="0.5" lang="en" source="ibm">ancient person</contenuImg>
            <contenuImg CS="0.56" lang="en" source="ibm">portrait</contenuImg>
            <contenuImg CS="0.797" lang="en" source="ibm">people</contenuImg>
            <contenuImg CS="0.951" lang="en" source="ibm">person</contenuImg>
            <contenuImg CS="0.657" lang="en" source="ibm">women's voting rights activist</contenuImg>
            <contenuImg CS="0.65" h="916" lang="fr" source="yolo" w="730" x="33" y="143">personne</contenuImg>
            <contenuImg CS="0.65" h="916" lang="en" source="yolo" w="730" x="33" y="143">person</contenuImg>
            <tech source="final">imp photoméca</tech>
            <fonction CS="0.62" source="TensorFlow">repro/photo</fonction>
            <tech CS="1" source="md">imp photoméca</tech>
            <leg>1 1920 1 1921 1922 1925</leg>
            <txt>je r Mai 85 je r Mai 85</txt>
            <fonction source="hm" time="2020-10-31T16:28:40.388+01:00">repro/dessin</fonction>
            <fonction source="final">repro/dessin</fonction>
            <genre source="hm" time="2020-11-01T12:46:11.346+01:00">publicité</genre>
            <genre source="final">publicité</genre>
          </ill>
          <ill classif="CCyolo CCibm" couleur="gris" edit="true" h="984" n="87-2" pub="1" taille="0" w="819" x="146" y="1403">
            <contenuImg CS="0.52" lang="fr" source="ibm">suffragette</contenuImg>
            <contenuImg CS="0.832" lang="fr" source="ibm">portrait</contenuImg>
            <contenuImg CS="0.832" lang="fr" source="ibm">personnes</contenuImg>
            <contenuImg CS="0.923" lang="fr" source="ibm">personne</contenuImg>
            <contenuImg CS="0.501" lang="fr" source="ibm">peuple ancien</contenuImg>
            <contenuImg CS="0.5" lang="fr" source="ibm">portrait photo</contenuImg>
            <contenuImg CS="0.796" lang="fr" source="ibm">radiogramme</contenuImg>
            <contenuImg CS="0.892" coul="1" lang="fr" source="ibm">gris</contenuImg>
            <contenuImg CS="0.867" coul="1" lang="fr" source="ibm">noir</contenuImg>
            <contenuImg CS="0.867" coul="1" lang="en" source="ibm">black color</contenuImg>
            <contenuImg CS="0.892" coul="1" lang="en" source="ibm">gray color</contenuImg>
            <contenuImg CS="0.796" lang="en" source="ibm">radiogram</contenuImg>
            <contenuImg CS="0.5" lang="en" source="ibm">portrait picture</contenuImg>
            <contenuImg CS="0.501" lang="en" source="ibm">ancient person</contenuImg>
            <contenuImg CS="0.52" lang="en" source="ibm">women's voting rights activist</contenuImg>
            <contenuImg CS="0.923" lang="en" source="ibm">person</contenuImg>
            <contenuImg CS="0.832" lang="en" source="ibm">people</contenuImg>
            <contenuImg CS="0.832" lang="en" source="ibm">portrait</contenuImg>
            <contenuImg CS="0.60" h="953" lang="fr" source="yolo" w="803" x="10" y="23">bol</contenuImg>
            <contenuImg CS="0.60" h="953" lang="en" source="yolo" w="803" x="10" y="23">bowl</contenuImg>
            <tech source="final">imp photoméca</tech>
            <fonction CS="0.51" source="TensorFlow">repro/photo</fonction>
            <tech CS="1" source="md">imp photoméca</tech>
            <leg>1 1921 1922 1925 ■i JiàfaM f</leg>
            <txt>1 1920 je r Mai 85</txt>
            <fonction source="hm" time="2020-10-31T16:28:38.285+01:00">repro/dessin</fonction>
            <fonction source="final">repro/dessin</fonction>
            <genre source="hm" time="2020-11-01T12:46:09.571+01:00">publicité</genre>
            <genre source="final">publicité</genre>
          </ill>
          <ill classif="CCyolo CCibm" couleur="gris" edit="true" h="978" n="87-3" pub="1" taille="0" w="832" x="133" y="2514">
            <contenuImg CS="0.65" lang="fr" source="ibm">suffragette</contenuImg>
            <contenuImg CS="0.808" lang="fr" source="ibm">portrait</contenuImg>
            <contenuImg CS="0.808" lang="fr" source="ibm">personnes</contenuImg>
            <contenuImg CS="0.93" lang="fr" source="ibm">personne</contenuImg>
            <contenuImg CS="0.5" lang="fr" source="ibm">khédive (vice-roi)</contenuImg>
            <contenuImg CS="0.786" lang="fr" source="ibm">radiogramme</contenuImg>
            <contenuImg CS="0.972" coul="1" lang="fr" source="ibm">noir</contenuImg>
            <contenuImg CS="0.718" coul="1" lang="fr" source="ibm">gris</contenuImg>
            <contenuImg CS="0.718" coul="1" lang="en" source="ibm">gray color</contenuImg>
            <contenuImg CS="0.972" coul="1" lang="en" source="ibm">black color</contenuImg>
            <contenuImg CS="0.786" lang="en" source="ibm">radiogram</contenuImg>
            <contenuImg CS="0.5" lang="en" source="ibm">Khedive (viceroy)</contenuImg>
            <contenuImg CS="0.65" lang="en" source="ibm">women's voting rights activist</contenuImg>
            <contenuImg CS="0.93" lang="en" source="ibm">person</contenuImg>
            <contenuImg CS="0.808" lang="en" source="ibm">people</contenuImg>
            <contenuImg CS="0.808" lang="en" source="ibm">portrait</contenuImg>
            <contenuImg CS="0.29" h="910" lang="fr" source="yolo" w="810" x="13" y="36">bol</contenuImg>
            <contenuImg CS="0.29" h="910" lang="en" source="yolo" w="810" x="13" y="36">bowl</contenuImg>
            <tech source="final">imp photoméca</tech>
            <fonction CS="0.64" source="TensorFlow">repro/photo</fonction>
            <tech CS="1" source="md">imp photoméca</tech>
            <leg>1922 1925 ■i JiàfaM f C est l histoire de tant de femmes qui voient leur peau s abîmer d année en année. C est peut-être la vôtre, Madame, si vous tuez, jour après jour, votre beauté en emplâtrant votre visage de crèmes qui bouchent les pores, au lieu de le nettoyer avec la Cleansing-Cream Carte Blanche Vivaudou qui déloge les impuretés et permet à la peau de respirer.</leg>
            <txt>1 1921 1 1920</txt>
            <fonction source="hm" time="2020-10-31T16:28:43.347+01:00">repro/dessin</fonction>
            <fonction source="final">repro/dessin</fonction>
            <genre source="hm" time="2020-11-01T12:46:19.902+01:00">publicité</genre>
            <genre source="final">publicité</genre>
          </ill>
          <ill classif="CCyolo CCibm" couleur="gris" h="1004" n="87-4" pub="1" taille="0" w="800" x="165" y="3600">
            <contenuImg CS="0.894" lang="fr" source="ibm">portrait</contenuImg>
            <contenuImg CS="0.894" lang="fr" source="ibm">personnes</contenuImg>
            <contenuImg CS="0.894" lang="fr" source="ibm">personne</contenuImg>
            <contenuImg CS="0.5" lang="fr" source="ibm">portrait photo</contenuImg>
            <contenuImg CS="0.777" lang="fr" source="ibm">radiogramme</contenuImg>
            <contenuImg CS="0.967" coul="1" lang="fr" source="ibm">noir</contenuImg>
            <contenuImg CS="0.967" coul="1" lang="en" source="ibm">black color</contenuImg>
            <contenuImg CS="0.777" lang="en" source="ibm">radiogram</contenuImg>
            <contenuImg CS="0.5" lang="en" source="ibm">portrait picture</contenuImg>
            <contenuImg CS="0.894" lang="en" source="ibm">person</contenuImg>
            <contenuImg CS="0.894" lang="en" source="ibm">people</contenuImg>
            <contenuImg CS="0.894" lang="en" source="ibm">portrait</contenuImg>
            <contenuImg y="1" CS="0.54" h="1010" lang="fr" source="yolo" w="803" x="3">bol</contenuImg>
            <contenuImg y="1" CS="0.54" h="1010" lang="en" source="yolo" w="803" x="3">bowl</contenuImg>
            <genre source="final">publicité</genre>
            <genre source="md">publicité</genre>
            <fonction source="final">repro/photo</fonction>
            <tech source="final">imp photoméca</tech>
            <fonction CS="0.54" source="TensorFlow">repro/photo</fonction>
            <tech CS="1" source="md">imp photoméca</tech>
            <leg>1925 ■i JiàfaM f C est l histoire de tant de femmes qui voient leur peau s abîmer d année en année. C est peut-être la vôtre, Madame, si vous tuez, jour après jour, votre beauté en emplâtrant votre visage de crèmes qui bouchent les pores, au lieu de le nettoyer avec la Cleansing-Cream Carte Blanche Vivaudou qui déloge les impuretés et permet à la peau de respirer. LES CREMES VIVAUDOU</leg>
            <txt>1922 1 1921</txt>
          </ill>
        </ills>
      </page>
      <page hauteurPx="5103" largeurPx="3729" ordre="88">
        <nbMot>1123</nbMot>
        <blocTexte>19</blocTexte>
        <blocTab>0</blocTab>
        <blocPub>5</blocPub>
        <blocIll ocr="1">1</blocIll>
        <ills>
          <ill classif="CCibm" couleur="gris" h="2119" n="88-1" pub="1" taille="1" w="1517" x="505" y="214">
            <contenuImg CS="0.654" lang="fr" source="ibm">suffragette</contenuImg>
            <contenuImg CS="0.654" lang="fr" source="ibm">personne</contenuImg>
            <contenuImg CS="0.593" lang="fr" source="ibm">silhouette</contenuImg>
            <contenuImg CS="0.599" lang="fr" source="ibm">radiogramme</contenuImg>
            <contenuImg CS="0.95" coul="1" lang="fr" source="ibm">gris</contenuImg>
            <contenuImg CS="0.762" coul="1" lang="fr" source="ibm">émeraude (couleur)</contenuImg>
            <contenuImg CS="0.762" coul="1" lang="en" source="ibm">emerald color</contenuImg>
            <contenuImg CS="0.95" coul="1" lang="en" source="ibm">gray color</contenuImg>
            <contenuImg CS="0.599" lang="en" source="ibm">radiogram</contenuImg>
            <contenuImg CS="0.593" lang="en" source="ibm">figure</contenuImg>
            <contenuImg CS="0.654" lang="en" source="ibm">person</contenuImg>
            <contenuImg CS="0.654" lang="en" source="ibm">women's voting rights activist</contenuImg>
            <genre source="final">publicité</genre>
            <genre source="md">publicité</genre>
            <fonction source="final">repro/photo</fonction>
            <tech source="final">imp photoméca</tech>
            <fonction CS="0.97" source="TensorFlow">repro/photo</fonction>
            <tech CS="1" source="md">imp photoméca</tech>
            <leg>i LE CRÊPE COMME ARTICLE ! j DE MODE ET DE BEAUTÉ I SEUL le Crêpe COURTAULD, de proj : venance anglaise, par la perfection de : : son fini peut donner le cachet d élégance j et la note distinguée aux toilettes de deuil : Demandez à voir la collection : j des Crêpes  MYOSOTIS  ; I l§P I : (Marque déposée) • en noir et en blanc, ses apprêts J : intachobles à l eau</leg>
            <txt>86 rOCL  86 rOCL</txt>
          </ill>
        </ills>
      </page>
      <page hauteurPx="5133" largeurPx="3747" ordre="89">
        <nbMot>47</nbMot>
        <blocTexte>3</blocTexte>
        <blocTab>0</blocTab>
        <blocPub>2</blocPub>
        <blocIll ocr="0">0</blocIll>
      </page>
      <page hauteurPx="5077" largeurPx="3629" ordre="90">
        <nbMot>1226</nbMot>
        <blocTexte>25</blocTexte>
        <blocTab>0</blocTab>
        <blocPub>3</blocPub>
        <blocIll ocr="1">1</blocIll>
        <ills>
          <ill classif="CCyolo CCibm" couleur="gris" h="3184" n="90-1" pub="1" taille="1" w="1132" x="509" y="641">
            <contenuImg CS="0.5" lang="fr" source="ibm">suffragette</contenuImg>
            <contenuImg CS="0.519" lang="fr" source="ibm">jupe</contenuImg>
            <contenuImg CS="0.522" lang="fr" source="ibm">vêtement</contenuImg>
            <contenuImg CS="0.518" lang="fr" source="ibm">piédestal</contenuImg>
            <contenuImg CS="0.518" lang="fr" source="ibm">support</contenuImg>
            <contenuImg CS="0.5" lang="fr" source="ibm">personne</contenuImg>
            <contenuImg CS="0.601" lang="fr" source="ibm">vêtements</contenuImg>
            <contenuImg CS="0.6" lang="fr" source="ibm">coiffure</contenuImg>
            <contenuImg CS="0.898" coul="1" lang="fr" source="ibm">gris</contenuImg>
            <contenuImg CS="0.8" coul="1" lang="fr" source="ibm">charbon (couleur)</contenuImg>
            <contenuImg CS="0.8" coul="1" lang="en" source="ibm">charcoal color</contenuImg>
            <contenuImg CS="0.898" coul="1" lang="en" source="ibm">gray color</contenuImg>
            <contenuImg CS="0.6" lang="en" source="ibm">headdress</contenuImg>
            <contenuImg CS="0.601" lang="en" source="ibm">clothing</contenuImg>
            <contenuImg CS="0.5" lang="en" source="ibm">person</contenuImg>
            <contenuImg CS="0.5" lang="en" source="ibm">women's voting rights activist</contenuImg>
            <contenuImg CS="0.518" lang="en" source="ibm">support</contenuImg>
            <contenuImg CS="0.518" lang="en" source="ibm">pedestal</contenuImg>
            <contenuImg CS="0.522" lang="en" source="ibm">garment</contenuImg>
            <contenuImg CS="0.519" lang="en" source="ibm">skirt</contenuImg>
            <contenuImg CS="1.00" h="3076" lang="fr" source="yolo" w="1073" x="40" y="76">personne</contenuImg>
            <contenuImg CS="1.00" h="3076" lang="en" source="yolo" w="1073" x="40" y="76">person</contenuImg>
            <genre source="final">publicité</genre>
            <genre source="md">publicité</genre>
            <fonction source="final">repro/photo</fonction>
            <tech source="final">imp photoméca</tech>
            <fonction CS="0.87" source="TensorFlow">repro/photo</fonction>
            <tech CS="1" source="md">imp photoméca</tech>
            <leg>STUDIO RAHMA M ademoiselleJ BrigitteJ Alairu DERNIÈRE SILHOUETTE PARISIENNE par BECHOFF 9, Faubourg Saint-Honoré Téléphone: Elysées 47-45 LES LOIS DU MAH-JONG</leg>
            <txt>88 FOGUE 88 FOGUE</txt>
          </ill>
        </ills>
      </page>
      <page hauteurPx="5117" largeurPx="3725" ordre="91">
        <nbMot>151</nbMot>
        <blocTexte>17</blocTexte>
        <blocTab>0</blocTab>
        <blocPub>16</blocPub>
        <blocIll ocr="2">2</blocIll>
        <ills>
          <ill classif="CCyolo CCibm" couleur="gris" edit="1" h="1382" n="91-1" pub="1" taille="0" w="1491" x="958" y="361">
            <contenuImg CS="0.837" lang="fr" source="ibm">glaive</contenuImg>
            <contenuImg CS="0.936" lang="fr" source="ibm">arme</contenuImg>
            <contenuImg CS="0.5" lang="fr" source="ibm">épée</contenuImg>
            <contenuImg CS="0.793" lang="fr" source="ibm">drapeau</contenuImg>
            <contenuImg CS="0.794" lang="fr" source="ibm">silhouette</contenuImg>
            <contenuImg CS="0.883" coul="1" lang="fr" source="ibm">noir</contenuImg>
            <contenuImg CS="0.611" coul="1" lang="fr" source="ibm">brun rougeâtre</contenuImg>
            <contenuImg CS="0.611" coul="1" lang="en" source="ibm">reddish brown color</contenuImg>
            <contenuImg CS="0.883" coul="1" lang="en" source="ibm">black color</contenuImg>
            <contenuImg CS="0.794" lang="en" source="ibm">figure</contenuImg>
            <contenuImg CS="0.793" lang="en" source="ibm">flag</contenuImg>
            <contenuImg CS="0.5" lang="en" source="ibm">backsword</contenuImg>
            <contenuImg CS="0.936" lang="en" source="ibm">weapon</contenuImg>
            <contenuImg CS="0.936" lang="en" source="ibm">sword</contenuImg>
            <contenuImg CS="0.837" lang="en" source="ibm">broadsword</contenuImg>
            <contenuImg CS="0.49" h="1303" lang="fr" source="yolo" w="546" x="893" y="43">parapluie</contenuImg>
            <contenuImg CS="0.49" h="1303" lang="en" source="yolo" w="546" x="893" y="43">umbrella</contenuImg>
            <contenuImg CS="0.74" h="1386" lang="en" source="yolo" w="836" x="356" y="10">umbrella</contenuImg>
            <fonction source="final">repro/dessin</fonction>
            <tech source="final">imp photoméca</tech>
            <fonction CS="0.86" source="TensorFlow">repro/dessin</fonction>
            <tech CS="1" source="md">imp photoméca</tech>
            <leg>! BY APPOINTMENT I BY APPOJNTMENT Il  BRI G G  . S 0 NS 33, Avenue de l Opéra, PARIS i 23, Saint..James s St. LONDON PARAPLUIES i OMBRELLÈS æ CANNES æ FOUETS : ETC. 18 LE LI LAS TANGO VIERGE FOLLE</leg>
            <txt>1 er Mai 89 1 er Mai 89</txt>
            <genre source="hm" time="2020-11-01T12:46:17.625+01:00">publicité</genre>
            <genre source="final">publicité</genre>
          </ill>
          <ill classif="CCibm" couleur="gris" h="532" n="91-2" pub="1" taille="0" w="495" x="203" y="1883">
            <contenuImg CS="0.68" lang="fr" source="ibm">tissu damassé</contenuImg>
            <contenuImg CS="0.681" lang="fr" source="ibm">tissu</contenuImg>
            <contenuImg CS="0.533" lang="fr" source="ibm">fleur de lys</contenuImg>
            <contenuImg CS="0.5" lang="fr" source="ibm">écu (héraldique)</contenuImg>
            <contenuImg CS="0.501" lang="fr" source="ibm">bouclier</contenuImg>
            <contenuImg CS="0.501" lang="fr" source="ibm">armure</contenuImg>
            <contenuImg CS="0.501" lang="fr" source="ibm">revêtement de protection</contenuImg>
            <contenuImg CS="0.598" lang="fr" source="ibm">support</contenuImg>
            <contenuImg CS="0.656" coul="1" lang="fr" source="ibm">sauge</contenuImg>
            <contenuImg CS="0.656" coul="1" lang="en" source="ibm">sage green color</contenuImg>
            <contenuImg CS="0.598" lang="en" source="ibm">holding device</contenuImg>
            <contenuImg CS="0.501" lang="en" source="ibm">protective covering</contenuImg>
            <contenuImg CS="0.501" lang="en" source="ibm">armor</contenuImg>
            <contenuImg CS="0.501" lang="en" source="ibm">shield</contenuImg>
            <contenuImg CS="0.5" lang="en" source="ibm">escutcheon shield</contenuImg>
            <contenuImg CS="0.533" lang="en" source="ibm">fleur-de-lis (badge)</contenuImg>
            <contenuImg CS="0.681" lang="en" source="ibm">fabric</contenuImg>
            <contenuImg CS="0.68" lang="en" source="ibm">damask fabric</contenuImg>
            <genre source="final">publicité</genre>
            <genre source="md">publicité</genre>
            <fonction source="final">repro/dessin</fonction>
            <tech source="final">imp photoméca</tech>
            <fonction CS="0.95" source="TensorFlow">repro/dessin</fonction>
            <tech CS="1" source="md">imp photoméca</tech>
            <leg>! BY APPOINTMENT I BY APPOJNTMENT Il  BRI G G  . S 0 NS 33, Avenue de l Opéra, PARIS i 23, Saint..James s St. LONDON PARAPLUIES i OMBRELLÈS æ CANNES æ FOUETS : ETC. 18 LE LI LAS TANGO VIERGE FOLLE</leg>
            <txt>1 er Mai 89 1 er Mai 89</txt>
          </ill>
        </ills>
      </page>
      <page hauteurPx="5109" largeurPx="3673" ordre="92">
        <nbMot>1249</nbMot>
        <blocTexte>25</blocTexte>
        <blocTab>0</blocTab>
        <blocPub>5</blocPub>
        <blocIll ocr="0">0</blocIll>
      </page>
      <page hauteurPx="5159" largeurPx="3783" ordre="93">
        <nbMot>454</nbMot>
        <blocTexte>22</blocTexte>
        <blocTab>0</blocTab>
        <blocPub>21</blocPub>
        <blocIll ocr="3">3</blocIll>
        <ills>
          <ill classif="CCyolo CCibm" couleur="gris" edit="1" h="512" n="93-2" pub="1" taille="0" w="390" x="274" y="2665">
            <contenuImg CS="0.5" lang="fr" source="ibm">timbre papier</contenuImg>
            <contenuImg CS="0.578" lang="fr" source="ibm">portrait photo</contenuImg>
            <contenuImg CS="0.553" lang="fr" source="ibm">chaîne de pneu</contenuImg>
            <contenuImg CS="0.506" lang="fr" source="ibm">glyptique</contenuImg>
            <contenuImg CS="0.506" lang="fr" source="ibm">sculpture</contenuImg>
            <contenuImg CS="0.506" lang="fr" source="ibm">silhouette</contenuImg>
            <contenuImg CS="0.5" lang="fr" source="ibm">document écrit</contenuImg>
            <contenuImg CS="0.599" lang="fr" source="ibm">forme amorphe</contenuImg>
            <contenuImg CS="0.601" lang="fr" source="ibm">connecteur électrique</contenuImg>
            <contenuImg CS="0.743" coul="1" lang="fr" source="ibm">gris</contenuImg>
            <contenuImg CS="0.63" coul="1" lang="fr" source="ibm">émeraude (couleur)</contenuImg>
            <contenuImg CS="0.63" coul="1" lang="en" source="ibm">emerald color</contenuImg>
            <contenuImg CS="0.743" coul="1" lang="en" source="ibm">gray color</contenuImg>
            <contenuImg CS="0.601" lang="en" source="ibm">electrical connector</contenuImg>
            <contenuImg CS="0.599" lang="en" source="ibm">amorphous shape</contenuImg>
            <contenuImg CS="0.5" lang="en" source="ibm">written document</contenuImg>
            <contenuImg CS="0.5" lang="en" source="ibm">paper-based stamps/currency</contenuImg>
            <contenuImg CS="0.506" lang="en" source="ibm">figure</contenuImg>
            <contenuImg CS="0.506" lang="en" source="ibm">sculpture</contenuImg>
            <contenuImg CS="0.506" lang="en" source="ibm">glyptic art</contenuImg>
            <contenuImg CS="0.553" lang="en" source="ibm">tire chain</contenuImg>
            <contenuImg CS="0.578" lang="en" source="ibm">portrait picture</contenuImg>
            <contenuImg CS="0.62" h="470" lang="fr" source="yolo" w="366" x="13" y="30">montre</contenuImg>
            <contenuImg CS="0.62" h="470" lang="en" source="yolo" w="366" x="13" y="30">clock</contenuImg>
            <fonction source="final">repro/dessin</fonction>
            <tech source="final">imp photoméca</tech>
            <fonction CS="0.94" source="TensorFlow">repro/dessin</fonction>
            <tech CS="1" source="md">imp photoméca</tech>
            <leg>Talismans de Beauté DE æ ME. ADAIR ! Patronnée par les Cours Royales Recommandée par le Corps Médical æ ; Mentonnière brevetee Plus que la perfection des traits, un incarnat: * f * 11 ® *1 * ■ Registre du Commerce d1 e/ili* cieux, f  l, .1  h : : Seine N° 163.097 frais à œI, exquis au toucher, saura Plaire et Séduire : Toute femme devra donc chercher à acquérir ou préserver ce i : don précieux, mais si fragile La Pureté du Teint : Et cela bien facilement en faisant appel à la célèbre hygiéniste i : dont la méthode scientifique et le bon sens ont établi la renommée. : : Madame ADAIR vous conseillera volontiers et efficacement si vous : lui indiquez l état de votre visage : j RIDES ET RELACHEMENT DES MUSCLES ? :</leg>
            <txt>Desea Vd.estar Sempre delle bien calzada ? novità GRECO 4, rue des Capucines PARIS NICE, 2, rue de Rivoli DEAUVILLE, 4, rue Gontaut-Biron CANNES, Casino BIARRITZ, Avenue Édouard-VII Chaussures  v Very de grand luxe Smart x e ~,. ~S Smaa rrtt</txt>
            <genre source="hm" time="2020-11-01T12:46:14.281+01:00">publicité</genre>
            <genre source="final">publicité</genre>
          </ill>
          <ill classif="CCibm" couleur="gris" h="1016" n="93-3" pub="1" taille="0" w="658" x="2396" y="3113">
            <contenuImg CS="0.776" lang="fr" source="ibm">personne</contenuImg>
            <contenuImg CS="0.912" lang="fr" source="ibm">salle d'étude</contenuImg>
            <contenuImg CS="0.5" lang="fr" source="ibm">stylo et encre</contenuImg>
            <contenuImg CS="0.777" lang="fr" source="ibm">instrument de musique</contenuImg>
            <contenuImg CS="0.839" coul="1" lang="fr" source="ibm">émeraude (couleur)</contenuImg>
            <contenuImg CS="0.818" coul="1" lang="fr" source="ibm">gris</contenuImg>
            <contenuImg CS="0.818" coul="1" lang="en" source="ibm">gray color</contenuImg>
            <contenuImg CS="0.839" coul="1" lang="en" source="ibm">emerald color</contenuImg>
            <contenuImg CS="0.777" lang="en" source="ibm">musical instrument</contenuImg>
            <contenuImg CS="0.5" lang="en" source="ibm">pen-and-ink</contenuImg>
            <contenuImg CS="0.912" lang="en" source="ibm">study</contenuImg>
            <contenuImg CS="0.776" lang="en" source="ibm">person</contenuImg>
            <genre source="final">publicité</genre>
            <genre source="md">publicité</genre>
            <fonction source="final">repro/dessin</fonction>
            <tech source="final">imp photoméca</tech>
            <fonction CS="1.00" source="TensorFlow">repro/dessin</fonction>
            <tech CS="1" source="md">imp photoméca</tech>
            <leg>Plus souple : le Corset E Plus gracieuse j la taille j</leg>
            <txt>devant en coutil Se fait jusqu à 90 cm Longueur : 35 cm.</txt>
          </ill>
        </ills>
      </page>
      <page hauteurPx="5101" largeurPx="3661" ordre="94">
        <nbMot>356</nbMot>
        <blocTexte>18</blocTexte>
        <blocTab>0</blocTab>
        <blocPub>17</blocPub>
        <blocIll ocr="1">1</blocIll>
        <ills>
          <ill classif="CCibm" couleur="gris" h="531" n="94-1" pub="1" taille="0" w="797" x="271" y="3843">
            <contenuImg CS="0.737" lang="fr" source="ibm">habitation</contenuImg>
            <contenuImg CS="0.855" lang="fr" source="ibm">logement</contenuImg>
            <contenuImg CS="0.521" lang="fr" source="ibm">maison</contenuImg>
            <contenuImg CS="0.523" lang="fr" source="ibm">bâtiment</contenuImg>
            <contenuImg CS="0.5" lang="fr" source="ibm">hall de résidence</contenuImg>
            <contenuImg CS="0.51" lang="fr" source="ibm">quartiers d'habitation</contenuImg>
            <contenuImg CS="0.955" coul="1" lang="fr" source="ibm">gris</contenuImg>
            <contenuImg CS="0.955" coul="1" lang="en" source="ibm">gray color</contenuImg>
            <contenuImg CS="0.51" lang="en" source="ibm">living quarters</contenuImg>
            <contenuImg CS="0.5" lang="en" source="ibm">hall of residence</contenuImg>
            <contenuImg CS="0.523" lang="en" source="ibm">building</contenuImg>
            <contenuImg CS="0.521" lang="en" source="ibm">house</contenuImg>
            <contenuImg CS="0.855" lang="en" source="ibm">housing</contenuImg>
            <contenuImg CS="0.737" lang="en" source="ibm">dwelling</contenuImg>
            <contenuImg CS="0.729" lang="en" source="ibm">messuage (dwelling)</contenuImg>
            <genre source="final">publicité</genre>
            <genre source="md">publicité</genre>
            <fonction source="final">repro/photo</fonction>
            <tech source="final">imp photoméca</tech>
            <fonction CS="0.73" source="TensorFlow">repro/photo</fonction>
            <tech CS="1" source="md">imp photoméca</tech>
            <leg>HIGH CLASS FINISHING SCHOOLS FOR FRENCH and FOREIGN GIRLS LE Dr. ET M  BENASSON MARIGNAC # S O GROSLA y S-et-O. FRANCE CHATEAU DE GROSLAY 20 minutes from Paris — Teleph. Groslay 14 — Magnificent Installation — Modern comfort in ancient surroundings. RIBERA Paris Branch at 37 rue Ribera (Paris 16.) — Teleph. Auteuil 24-95 Comfortable private house-limited to a few pupils only. 1</leg>
            <txt>Téléphone : Élysées 20-66 45, RUE PIERRE-CHARRON (Champs-Élysées)</txt>
          </ill>
        </ills>
      </page>
      <page hauteurPx="5133" largeurPx="3747" ordre="95">
        <nbMot>164</nbMot>
        <blocTexte>11</blocTexte>
        <blocTab>0</blocTab>
        <blocPub>10</blocPub>
        <blocIll ocr="1">1</blocIll>
        <ills>
          <ill classif="CCyolo CCibm" couleur="gris" h="2023" n="95-1" pub="1" taille="0" w="624" x="1157" y="2830">
            <contenuImg CS="0.95" lang="fr" source="ibm">salle d'étude</contenuImg>
            <contenuImg CS="0.807" lang="fr" source="ibm">stylo et encre</contenuImg>
            <contenuImg CS="0.81" coul="1" lang="fr" source="ibm">gris</contenuImg>
            <contenuImg CS="0.553" coul="1" lang="fr" source="ibm">gris cendré</contenuImg>
            <contenuImg CS="0.553" coul="1" lang="en" source="ibm">ash grey color</contenuImg>
            <contenuImg CS="0.81" coul="1" lang="en" source="ibm">gray color</contenuImg>
            <contenuImg CS="0.807" lang="en" source="ibm">pen-and-ink</contenuImg>
            <contenuImg CS="0.95" lang="en" source="ibm">study</contenuImg>
            <contenuImg CS="0.46" h="1986" lang="fr" source="yolo" w="573" x="16" y="23">vase</contenuImg>
            <contenuImg CS="0.46" h="1986" lang="en" source="yolo" w="573" x="16" y="23">vase</contenuImg>
            <genre source="final">publicité</genre>
            <genre source="md">publicité</genre>
            <fonction source="final">repro/dessin</fonction>
            <tech source="final">imp photoméca</tech>
            <fonction CS="0.92" source="TensorFlow">repro/dessin</fonction>
            <tech CS="1" source="md">imp photoméca</tech>
            <leg>Oioij àjQrm WMI 9H dW ^CXXAOTWIA. r BLOUSES ROBES, BLOUSES 0 GILETS FANTAISIE -0  !B~. SPECIALIT E l j i^HHl DE DÉSHABILLÉS 1 /] m I. Robe fourreau satin noir sans manches, parure |j|  o M m c? ut col et manchettes Mademoiselle de Fontanges . Wt ? broderie fine écrue et ruban  fuchsia . îl^?f «t, II. Primarosa grand col et poignets organl Ajt dina  , suède, incrustations de peau verte brodée ~Y~. corail. J III.  Fanchette col jabot haute nouveauté en | I dentelle blonde garni de ruban tom pouce noir, or Ml V S v et fuchsia . poignets assortis. Ie]</leg>
            <txt>8, Rue Auber, PARIS ROBES MANTEAUX FOURRURES</txt>
          </ill>
        </ills>
      </page>
      <page hauteurPx="5123" largeurPx="3691" ordre="96">
        <nbMot>499</nbMot>
        <blocTexte>26</blocTexte>
        <blocTab>0</blocTab>
        <blocPub>25</blocPub>
        <blocIll ocr="1">1</blocIll>
        <ills>
          <ill classif="CCyolo CCibm" couleur="gris" h="1588" n="96-1" pub="1" taille="0" w="508" x="1969" y="564">
            <contenuImg CS="0.599" lang="fr" source="ibm">chanfron (armure de cheval)</contenuImg>
            <contenuImg CS="0.599" lang="fr" source="ibm">assiette</contenuImg>
            <contenuImg CS="0.603" lang="fr" source="ibm">bouclier</contenuImg>
            <contenuImg CS="0.603" lang="fr" source="ibm">revêtement de protection</contenuImg>
            <contenuImg CS="0.5" lang="fr" source="ibm">personne</contenuImg>
            <contenuImg CS="0.6" lang="fr" source="ibm">vêtements</contenuImg>
            <contenuImg CS="0.937" coul="1" lang="fr" source="ibm">gris</contenuImg>
            <contenuImg CS="0.912" coul="1" lang="fr" source="ibm">gris cendré</contenuImg>
            <contenuImg CS="0.912" coul="1" lang="en" source="ibm">ash grey color</contenuImg>
            <contenuImg CS="0.937" coul="1" lang="en" source="ibm">gray color</contenuImg>
            <contenuImg CS="0.6" lang="en" source="ibm">clothing</contenuImg>
            <contenuImg CS="0.5" lang="en" source="ibm">person</contenuImg>
            <contenuImg CS="0.603" lang="en" source="ibm">protective covering</contenuImg>
            <contenuImg CS="0.603" lang="en" source="ibm">shield</contenuImg>
            <contenuImg CS="0.599" lang="en" source="ibm">plate</contenuImg>
            <contenuImg CS="0.599" lang="en" source="ibm">chanfron (horse armor)</contenuImg>
            <contenuImg CS="0.94" h="1506" lang="fr" source="yolo" w="473" x="6" y="36">personne</contenuImg>
            <contenuImg CS="0.94" h="1506" lang="en" source="yolo" w="473" x="6" y="36">person</contenuImg>
            <genre source="final">publicité</genre>
            <genre source="md">publicité</genre>
            <fonction source="final">repro/dessin</fonction>
            <tech source="final">imp photoméca</tech>
            <fonction CS="0.83" source="TensorFlow">repro/dessin</fonction>
            <tech CS="1" source="md">imp photoméca</tech>
            <leg>JANE DASSEN couture 9J Rue des Capucines y Ses créations Eté 1924</leg>
            <txt>il M  ~~L~ couture jl jffi couture u57 Rue Godot-de-Mauroy Tél. Gut. 21 -85 PARI 5 0  ÊÊ^fik ~mf~/ï-(-~</txt>
          </ill>
        </ills>
      </page>
      <page hauteurPx="5117" largeurPx="3725" ordre="97">
        <nbMot>248</nbMot>
        <blocTexte>9</blocTexte>
        <blocTab>0</blocTab>
        <blocPub>8</blocPub>
        <blocIll ocr="0">0</blocIll>
      </page>
      <page hauteurPx="5111" largeurPx="3677" ordre="98">
        <nbMot>779</nbMot>
        <blocTexte>45</blocTexte>
        <blocTab>0</blocTab>
        <blocPub>21</blocPub>
        <blocIll ocr="0">0</blocIll>
      </page>
      <page hauteurPx="5147" largeurPx="3767" ordre="99">
        <nbMot>6</nbMot>
        <blocTexte>1</blocTexte>
        <blocTab>0</blocTab>
        <blocPub>0</blocPub>
        <blocIll ocr="0">0</blocIll>
      </page>
      <page hauteurPx="5111" largeurPx="3675" ordre="100">
        <nbMot>47</nbMot>
        <blocTexte>4</blocTexte>
        <blocTab>0</blocTab>
        <blocPub>3</blocPub>
        <blocIll ocr="0">0</blocIll>
      </page>
    </pages>
  </contenus>
</analyseAlto>