<analyseAlto>
  <metad>
    <type>R</type>
    <ID>bpt6k6539539m</ID>
    <notice>cb343833568</notice>
    <titre>Vogue 1935/03</titre>
    <dateEdition>1935-03</dateEdition>
    <lang>fre</lang>
    <source>BnF</source>
    <nbPage>88</nbPage>
  </metad>
  <contenus>
    <largeur>156</largeur>
    <hauteur>217</hauteur>
    <largeurPx>3701</largeurPx>
    <hauteurPx>5149</hauteurPx>
    <pages>
      <page hauteurPx="5149" largeurPx="3701" ordre="1">
        <nbMot>2</nbMot>
        <blocTexte>2</blocTexte>
        <blocTab>0</blocTab>
        <blocPub>0</blocPub>
        <blocIll ocr="1">1</blocIll>
        <ills/>
      </page>
      <page hauteurPx="5309" largeurPx="3811" ordre="2">
        <nbMot>364</nbMot>
        <blocTexte>19</blocTexte>
        <blocTab>0</blocTab>
        <blocPub>19</blocPub>
        <blocIll ocr="0">0</blocIll>
      </page>
      <page hauteurPx="5185" largeurPx="3751" ordre="3">
        <nbMot>29</nbMot>
        <blocTexte>4</blocTexte>
        <blocTab>0</blocTab>
        <blocPub>3</blocPub>
        <blocIll ocr="0">0</blocIll>
      </page>
      <page hauteurPx="5241" largeurPx="3781" ordre="4">
        <nbMot>59</nbMot>
        <blocTexte>8</blocTexte>
        <blocTab>0</blocTab>
        <blocPub>7</blocPub>
        <blocIll ocr="0">0</blocIll>
      </page>
      <page hauteurPx="5149" largeurPx="3701" ordre="5">
        <nbMot>13</nbMot>
        <blocTexte>2</blocTexte>
        <blocTab>0</blocTab>
        <blocPub>1</blocPub>
        <blocIll ocr="1">1</blocIll>
        <ills>
          <ill classif="CCyolo CCibm" couleur="gris" h="4318" n="5-1" pub="1" taille="6" w="3434" x="35" y="308">
            <contenuImg CS="0.796" lang="fr" source="ibm">personne</contenuImg>
            <contenuImg CS="0.809" lang="fr" source="ibm">arthrogramme (rayons x)</contenuImg>
            <contenuImg CS="0.936" lang="fr" source="ibm">radiogramme</contenuImg>
            <contenuImg CS="0.519" lang="fr" source="ibm">pyélogramme intraveineux</contenuImg>
            <contenuImg CS="0.5" lang="fr" source="ibm">hystérosalpingographie (rayons x)</contenuImg>
            <contenuImg CS="0.785" lang="fr" source="ibm">matériel photographique</contenuImg>
            <contenuImg CS="0.787" lang="fr" source="ibm">appareil dentaire</contenuImg>
            <contenuImg CS="0.831" coul="1" lang="fr" source="ibm">gris cendré</contenuImg>
            <contenuImg CS="0.798" coul="1" lang="fr" source="ibm">albâtre</contenuImg>
            <contenuImg CS="0.798" coul="1" lang="en" source="ibm">alabaster color</contenuImg>
            <contenuImg CS="0.831" coul="1" lang="en" source="ibm">ash grey color</contenuImg>
            <contenuImg CS="0.787" lang="en" source="ibm">dental appliance</contenuImg>
            <contenuImg CS="0.785" lang="en" source="ibm">photographic equipment</contenuImg>
            <contenuImg CS="0.5" lang="en" source="ibm">hysterosalpingogram (x-ray)</contenuImg>
            <contenuImg CS="0.519" lang="en" source="ibm">intravenous pyelogram</contenuImg>
            <contenuImg CS="0.936" lang="en" source="ibm">radiogram</contenuImg>
            <contenuImg CS="0.809" lang="en" source="ibm">arthrogram (x-ray)</contenuImg>
            <contenuImg CS="0.796" lang="en" source="ibm">person</contenuImg>
            <contenuImg y="1" CS="0.38" h="4500" lang="fr" source="yolo" w="3090" x="123">gâteau</contenuImg>
            <contenuImg y="1" CS="0.38" h="4500" lang="en" source="yolo" w="3090" x="123">cake</contenuImg>
            <genre source="final">publicité</genre>
            <genre source="md">publicité</genre>
            <fonction source="final">repro/photo</fonction>
            <tech source="final">imp photoméca</tech>
            <fonction CS="0.84" source="TensorFlow">repro/photo</fonction>
            <tech CS="1" source="md">imp photoméca</tech>
            <leg>TISSU NOUVEAU DE SOIE NATURELLE, LOURD, DOUX ET MAT</leg>
            <txt>MARS 1935 3 MARS 1935 3</txt>
          </ill>
        </ills>
      </page>
      <page hauteurPx="5229" largeurPx="3749" ordre="6">
        <nbMot>119</nbMot>
        <blocTexte>12</blocTexte>
        <blocTab>0</blocTab>
        <blocPub>11</blocPub>
        <blocIll ocr="2">2</blocIll>
        <ills>
          <ill classif="CCibm" couleur="gris" h="1104" n="6-2" pub="1" taille="0" w="838" x="2103" y="343">
            <contenuImg CS="0.566" lang="fr" source="ibm">corbeille à ouvrage</contenuImg>
            <contenuImg CS="0.527" lang="fr" source="ibm">grab-bag (sac)</contenuImg>
            <contenuImg CS="0.612" lang="fr" source="ibm">cadenas à goupille</contenuImg>
            <contenuImg CS="0.501" lang="fr" source="ibm">cadenas</contenuImg>
            <contenuImg CS="0.501" lang="fr" source="ibm">attache</contenuImg>
            <contenuImg CS="0.501" lang="fr" source="ibm">dispositif de contrainte (chaînes)</contenuImg>
            <contenuImg CS="0.599" lang="fr" source="ibm">sac</contenuImg>
            <contenuImg CS="0.953" coul="1" lang="fr" source="ibm">gris</contenuImg>
            <contenuImg CS="0.767" coul="1" lang="fr" source="ibm">charbon (couleur)</contenuImg>
            <contenuImg CS="0.767" coul="1" lang="en" source="ibm">charcoal color</contenuImg>
            <contenuImg CS="0.953" coul="1" lang="en" source="ibm">gray color</contenuImg>
            <contenuImg CS="0.599" lang="en" source="ibm">bag</contenuImg>
            <contenuImg CS="0.501" lang="en" source="ibm">restraint (chains)</contenuImg>
            <contenuImg CS="0.501" lang="en" source="ibm">fastener</contenuImg>
            <contenuImg CS="0.501" lang="en" source="ibm">lock</contenuImg>
            <contenuImg CS="0.5" lang="en" source="ibm">padlock</contenuImg>
            <contenuImg CS="0.527" lang="en" source="ibm">grab bag</contenuImg>
            <contenuImg CS="0.566" lang="en" source="ibm">workbasket</contenuImg>
            <contenuImg CS="0.612" lang="en" source="ibm">pin tumbler</contenuImg>
            <genre source="final">publicité</genre>
            <genre source="md">publicité</genre>
            <fonction source="final">repro/photo</fonction>
            <tech source="final">imp photoméca</tech>
            <fonction CS="0.58" source="TensorFlow">repro/photo</fonction>
            <tech CS="1" source="md">imp photoméca</tech>
            <leg>Jacqueline f Laugier Parmi ses dernières créations I ce joli sac de box rouge à I poignées de métal. 200 frs I 29, Rue d Astorg (8e) St-Augustin. Tél. : Anjou 40-40  î  i a/rvt\JL rrtrruOv vix.</leg>
            <txt>22, AVENUE PIERRE1 er-DE-SERBIE. PARIS Tél. : Passy 44-36 JANE REGNY</txt>
          </ill>
        </ills>
      </page>
      <page hauteurPx="5165" largeurPx="3725" ordre="7">
        <nbMot>232</nbMot>
        <blocTexte>5</blocTexte>
        <blocTab>0</blocTab>
        <blocPub>4</blocPub>
        <blocIll ocr="1">1</blocIll>
        <ills>
          <ill classif="CCyolo CCibm" couleur="gris" h="3776" n="7-1" pub="1" taille="2" w="1229" x="2259" y="998">
            <contenuImg CS="0.99" lang="fr" source="ibm">salle d'étude</contenuImg>
            <contenuImg CS="0.983" coul="1" lang="fr" source="ibm">gris</contenuImg>
            <contenuImg CS="0.983" coul="1" lang="en" source="ibm">gray color</contenuImg>
            <contenuImg CS="0.99" lang="en" source="ibm">study</contenuImg>
            <contenuImg CS="0.45" h="3610" lang="fr" source="yolo" w="1136" x="50" y="53">personne</contenuImg>
            <contenuImg CS="0.45" h="3610" lang="en" source="yolo" w="1136" x="50" y="53">person</contenuImg>
            <genre source="final">publicité</genre>
            <genre source="md">publicité</genre>
            <fonction source="final">repro/dessin</fonction>
            <tech source="final">imp photoméca</tech>
            <fonction CS="0.86" source="TensorFlow">repro/dessin</fonction>
            <tech CS="1" source="md">imp photoméca</tech>
            <leg>NICOLL, 29, RUE TRONCHET, PARIS VIIIc H. J. NICOLL, 120, REGENT STREET, LONDON W.I.</leg>
            <txt>I II PULLMAN — As popular in I I »\\ London as in Paris, this smart r I I travelling coat will make you --T  ?*~** want to take a trip if only to |h  ■ .; wear it ! In réversible woollen !» .  (several colours) with mary tingale and deep middle pleat j £ t )**~ in the back i wide tailored # lapels and trench pockets. Not expensive : made to measure, Pullman costs only 650 Frs v~ Ces deux créations de Nicoll sont JA ~~B~ en vente à Paris et à Londres. !  ---M t ) ))  AXELLE est, pour les premières j :^51  *-^ belles journées de Printemps, , — V  l ensemble indispensable à I h 1 toute garde-robe féminine. Il j j joint à la maîtrise de sa coupe ! , J,,\ 1 anglaise l élégance de sa I 1 conception parisienne. Une II i~~ 1\ s jupe droite, assez étroite, I || a, î contraste avec l ampleur I I f V/ Ul du raglan trois-quarts impecI \\1 cablement coupé dans un I I / * \|I tweed anglais d origine. Les I II  , lll deux pièces, sur mesures 900 Frs.</txt>
          </ill>
        </ills>
      </page>
      <page hauteurPx="5229" largeurPx="3761" ordre="8">
        <nbMot>97</nbMot>
        <blocTexte>9</blocTexte>
        <blocTab>0</blocTab>
        <blocPub>8</blocPub>
        <blocIll ocr="1">1</blocIll>
        <ills>
          <ill classif="CCyolo CCibm" couleur="gris" h="3348" n="8-1" pub="1" taille="2" w="1802" x="307" y="373">
            <contenuImg CS="0.524" lang="fr" source="ibm">suffragette</contenuImg>
            <contenuImg CS="0.526" lang="fr" source="ibm">personne</contenuImg>
            <contenuImg CS="0.5" lang="fr" source="ibm">menu-vair</contenuImg>
            <contenuImg CS="0.599" lang="fr" source="ibm">pièce</contenuImg>
            <contenuImg CS="0.594" lang="fr" source="ibm">vêtements</contenuImg>
            <contenuImg CS="0.595" lang="fr" source="ibm">coiffure</contenuImg>
            <contenuImg CS="0.889" coul="1" lang="fr" source="ibm">gris</contenuImg>
            <contenuImg CS="0.77" coul="1" lang="fr" source="ibm">noir charbon</contenuImg>
            <contenuImg CS="0.77" coul="1" lang="en" source="ibm">coal black color</contenuImg>
            <contenuImg CS="0.889" coul="1" lang="en" source="ibm">gray color</contenuImg>
            <contenuImg CS="0.595" lang="en" source="ibm">headdress</contenuImg>
            <contenuImg CS="0.594" lang="en" source="ibm">clothing</contenuImg>
            <contenuImg CS="0.599" lang="en" source="ibm">room</contenuImg>
            <contenuImg CS="0.5" lang="en" source="ibm">miniver</contenuImg>
            <contenuImg CS="0.526" lang="en" source="ibm">person</contenuImg>
            <contenuImg CS="0.524" lang="en" source="ibm">women's voting rights activist</contenuImg>
            <contenuImg x="1" CS="0.92" h="3030" lang="fr" source="yolo" w="1776" y="236">personne</contenuImg>
            <contenuImg CS="0.67" h="463" lang="fr" source="yolo" w="596" x="590" y="970">cravate</contenuImg>
            <contenuImg CS="0.67" h="463" lang="en" source="yolo" w="596" x="590" y="970">tie</contenuImg>
            <contenuImg x="1" CS="0.92" h="3030" lang="en" source="yolo" w="1776" y="236">person</contenuImg>
            <genre source="final">publicité</genre>
            <genre source="md">publicité</genre>
            <fonction source="final">repro/photo</fonction>
            <tech source="final">imp photoméca</tech>
            <fonction CS="0.94" source="TensorFlow">repro/photo</fonction>
            <tech CS="1" source="md">imp photoméca</tech>
            <leg>Veste en whipcord mastic Jupe noire Chapeau de Maria Guy</leg>
            <txt>6 VOGUE 6 VOGUE</txt>
          </ill>
        </ills>
      </page>
      <page hauteurPx="5163" largeurPx="3721" ordre="9">
        <nbMot>15</nbMot>
        <blocTexte>5</blocTexte>
        <blocTab>0</blocTab>
        <blocPub>0</blocPub>
        <blocIll ocr="0">0</blocIll>
      </page>
      <page hauteurPx="5263" largeurPx="3791" ordre="10">
        <nbMot>4992</nbMot>
        <blocTexte>113</blocTexte>
        <blocTab>0</blocTab>
        <blocPub>112</blocPub>
        <blocIll ocr="0">0</blocIll>
      </page>
      <page hauteurPx="5167" largeurPx="3741" ordre="11">
        <nbMot>9</nbMot>
        <blocTexte>2</blocTexte>
        <blocTab>0</blocTab>
        <blocPub>1</blocPub>
        <blocIll ocr="1">1</blocIll>
        <ills>
          <ill classif="CCyolo CCibm" couleur="gris" h="2592" n="11-1" pub="1" taille="4" w="3389" x="131" y="685">
            <contenuImg CS="0.562" lang="fr" source="ibm">chambre</contenuImg>
            <contenuImg CS="0.656" lang="fr" source="ibm">pièce</contenuImg>
            <contenuImg CS="0.515" lang="fr" source="ibm">serre-livre</contenuImg>
            <contenuImg CS="0.515" lang="fr" source="ibm">support</contenuImg>
            <contenuImg CS="0.508" lang="fr" source="ibm">salon</contenuImg>
            <contenuImg CS="0.5" lang="fr" source="ibm">mobilier de chambre</contenuImg>
            <contenuImg CS="0.59" lang="fr" source="ibm">meubles</contenuImg>
            <contenuImg CS="0.6" lang="fr" source="ibm">télécommunication</contenuImg>
            <contenuImg CS="0.945" coul="1" lang="fr" source="ibm">sauge</contenuImg>
            <contenuImg CS="0.633" coul="1" lang="fr" source="ibm">albâtre</contenuImg>
            <contenuImg CS="0.633" coul="1" lang="en" source="ibm">alabaster color</contenuImg>
            <contenuImg CS="0.945" coul="1" lang="en" source="ibm">sage green color</contenuImg>
            <contenuImg CS="0.6" lang="en" source="ibm">telecommunication</contenuImg>
            <contenuImg CS="0.59" lang="en" source="ibm">furniture</contenuImg>
            <contenuImg CS="0.5" lang="en" source="ibm">bedroom furniture</contenuImg>
            <contenuImg CS="0.508" lang="en" source="ibm">living room</contenuImg>
            <contenuImg CS="0.515" lang="en" source="ibm">support</contenuImg>
            <contenuImg CS="0.515" lang="en" source="ibm">bookend</contenuImg>
            <contenuImg CS="0.656" lang="en" source="ibm">room</contenuImg>
            <contenuImg CS="0.562" lang="en" source="ibm">bedroom</contenuImg>
            <contenuImg CS="0.98" h="636" lang="fr" source="yolo" w="593" x="2543" y="1633">chaise</contenuImg>
            <contenuImg CS="0.54" h="173" lang="fr" source="yolo" w="183" x="1903" y="1786">vase</contenuImg>
            <contenuImg CS="0.27" h="643" lang="fr" source="yolo" w="786" x="1823" y="1826">table à manger</contenuImg>
            <contenuImg CS="0.27" h="643" lang="en" source="yolo" w="786" x="1823" y="1826">diningtable</contenuImg>
            <contenuImg CS="0.54" h="173" lang="en" source="yolo" w="183" x="1903" y="1786">vase</contenuImg>
            <contenuImg CS="0.80" h="213" lang="en" source="yolo" w="156" x="1223" y="1310">vase</contenuImg>
            <contenuImg CS="0.98" h="636" lang="en" source="yolo" w="593" x="2543" y="1633">chair</contenuImg>
            <genre source="final">publicité</genre>
            <genre source="md">publicité</genre>
            <fonction source="final">repro/photo</fonction>
            <tech source="final">imp photoméca</tech>
            <fonction CS="0.88" source="TensorFlow">repro/photo</fonction>
            <tech CS="1" source="md">imp photoméca</tech>
            <leg>LELEU DECORATEUR 65. avenue victor-emmanuel-III 65</leg>
            <txt>MARS 1935 9 MARS 1935 9</txt>
          </ill>
        </ills>
      </page>
      <page hauteurPx="5251" largeurPx="3787" ordre="12">
        <nbMot>787</nbMot>
        <blocTexte>32</blocTexte>
        <blocTab>0</blocTab>
        <blocPub>31</blocPub>
        <blocIll ocr="0">0</blocIll>
      </page>
      <page hauteurPx="5149" largeurPx="3717" ordre="13">
        <nbMot>400</nbMot>
        <blocTexte>16</blocTexte>
        <blocTab>0</blocTab>
        <blocPub>15</blocPub>
        <blocIll ocr="4">4</blocIll>
        <ills>
          <ill classif="CCyolo CCibm" couleur="gris" h="676" n="13-4" pub="1" taille="0" w="1014" x="2416" y="2941">
            <contenuImg CS="0.629" lang="fr" source="ibm">personnes</contenuImg>
            <contenuImg CS="0.756" lang="fr" source="ibm">institution</contenuImg>
            <contenuImg CS="0.756" lang="fr" source="ibm">bâtiment</contenuImg>
            <contenuImg CS="0.609" lang="fr" source="ibm">camp de prisonniers</contenuImg>
            <contenuImg CS="0.5" lang="fr" source="ibm">porte-avions</contenuImg>
            <contenuImg CS="0.506" lang="fr" source="ibm">navire de guerre</contenuImg>
            <contenuImg CS="0.506" lang="fr" source="ibm">navire</contenuImg>
            <contenuImg CS="0.507" lang="fr" source="ibm">embarcation</contenuImg>
            <contenuImg CS="0.513" lang="fr" source="ibm">artisanat</contenuImg>
            <contenuImg CS="0.514" lang="fr" source="ibm">véhicule</contenuImg>
            <contenuImg CS="1" coul="1" lang="fr" source="ibm">gris</contenuImg>
            <contenuImg CS="1" coul="1" lang="en" source="ibm">gray color</contenuImg>
            <contenuImg CS="0.514" lang="en" source="ibm">vehicle</contenuImg>
            <contenuImg CS="0.513" lang="en" source="ibm">craft</contenuImg>
            <contenuImg CS="0.507" lang="en" source="ibm">watercraft</contenuImg>
            <contenuImg CS="0.506" lang="en" source="ibm">ship</contenuImg>
            <contenuImg CS="0.506" lang="en" source="ibm">warship</contenuImg>
            <contenuImg CS="0.5" lang="en" source="ibm">aircraft carrier</contenuImg>
            <contenuImg CS="0.609" lang="en" source="ibm">prison camp</contenuImg>
            <contenuImg CS="0.756" lang="en" source="ibm">building</contenuImg>
            <contenuImg CS="0.756" lang="en" source="ibm">institution</contenuImg>
            <contenuImg CS="0.629" lang="en" source="ibm">people</contenuImg>
            <contenuImg CS="0.79" h="60" lang="fr" source="yolo" w="186" x="53" y="136">bateau</contenuImg>
            <contenuImg CS="0.79" h="60" lang="en" source="yolo" w="186" x="53" y="136">boat</contenuImg>
            <genre source="final">publicité</genre>
            <genre source="md">publicité</genre>
            <fonction source="final">repro/photo</fonction>
            <tech source="final">imp photoméca</tech>
            <fonction CS="0.75" source="TensorFlow">repro/photo</fonction>
            <tech CS="1" source="md">imp photoméca</tech>
            <leg>Hôtels de Gênes MILANO   TERMINUS MIRAMARE STRAND ELISABETTA HELVETIA SAVOIA MODERNO et de la Riviera STELLA VITTORIA Q A MTM A MARGHECRESPI LIDO PARC (QUINTO) DM IN I GÊNES CROCE DI MALT A BURGI RITA LIGURE EUROPA INTERNAZIONALE CONTINENTALE COLOMBIA LIGURIA-SEMPIONE-LUZERNERHOF NERVI REGINA ELENA MIRAMARE   DE LA VILLE NAZIONALE PAGODA SCHWEIZERHOF MIGNON-MEDITERRANEE BRISTOL   PALACE NORD PALMENPARK LAURIN SAVOIA   MAJESTIC VITTORIA-ORLANDINI PORTO F 1 N 0 MAR E EDEN GUGLIELMINA ASTORIA-ISOTTA-BELGRANO PIEMONTESE rPUOIRlTl UO HFI IMMO U FMIAAKRt C EDEN GUGLIELMINA ELIO BAVARIA ARENZANO SPLENDIDE CORONA D ITALIA BRITANNIA AARREPNMZ7AANMO O CONTE VERDE GÊNES GRAND HOTEL GRAND HOTEL ARENZANO RRAARPMALI LI U O CONTE VERDE LONDRA   CONTINENTALE MIRAMARE   ROMA EXCELSIOR   NEW CASINO BOLOGNA PRINCES ARGENTINA BRISTOL PRINCES   ARGENTINA NERVI SAVOIA SESTRI LEVANTE ITAUA   MINERVA SAVOIA METROPOLE EDEN PALACE EUROPA NETTUNO</leg>
            <txt>Renseignements : Turismo Ligure 4, Via Garibaldi Genova Services automobiles de grand tourisme : Nice-Paris et FlorenceRomeNaples.</txt>
          </ill>
        </ills>
      </page>
      <page hauteurPx="5275" largeurPx="3821" ordre="14">
        <nbMot>311</nbMot>
        <blocTexte>13</blocTexte>
        <blocTab>0</blocTab>
        <blocPub>12</blocPub>
        <blocIll ocr="0">0</blocIll>
      </page>
      <page hauteurPx="5171" largeurPx="3745" ordre="15">
        <nbMot>107</nbMot>
        <blocTexte>4</blocTexte>
        <blocTab>0</blocTab>
        <blocPub>3</blocPub>
        <blocIll ocr="0">0</blocIll>
      </page>
      <page hauteurPx="5251" largeurPx="3787" ordre="16">
        <nbMot>215</nbMot>
        <blocTexte>12</blocTexte>
        <blocTab>0</blocTab>
        <blocPub>11</blocPub>
        <blocIll ocr="2">2</blocIll>
        <ills>
          <ill classif="CCyolo CCibm" couleur="gris" h="709" n="16-2" pub="1" taille="0" w="824" x="2550" y="2773">
            <contenuImg CS="0.516" lang="fr" source="ibm">coupe au bol (coiffure)</contenuImg>
            <contenuImg CS="0.603" lang="fr" source="ibm">robe à clapet</contenuImg>
            <contenuImg CS="0.941" lang="fr" source="ibm">personne</contenuImg>
            <contenuImg CS="0.533" lang="fr" source="ibm">coiffure pompadour</contenuImg>
            <contenuImg CS="0.5" lang="fr" source="ibm">portrait photo</contenuImg>
            <contenuImg CS="0.801" coul="1" lang="fr" source="ibm">noir charbon</contenuImg>
            <contenuImg CS="0.502" coul="1" lang="fr" source="ibm">albâtre</contenuImg>
            <contenuImg CS="0.502" coul="1" lang="en" source="ibm">alabaster color</contenuImg>
            <contenuImg CS="0.801" coul="1" lang="en" source="ibm">coal black color</contenuImg>
            <contenuImg CS="0.5" lang="en" source="ibm">portrait picture</contenuImg>
            <contenuImg CS="0.516" lang="en" source="ibm">bob hairstyle</contenuImg>
            <contenuImg CS="0.533" lang="en" source="ibm">pompadour hairstyle</contenuImg>
            <contenuImg CS="0.941" lang="en" source="ibm">person</contenuImg>
            <contenuImg CS="0.603" lang="en" source="ibm">person in flapper dress</contenuImg>
            <contenuImg CS="0.87" h="600" lang="fr" source="yolo" w="530" x="140" y="96">personne</contenuImg>
            <contenuImg CS="0.87" h="600" lang="en" source="yolo" w="530" x="140" y="96">person</contenuImg>
            <genre source="final">publicité</genre>
            <genre source="md">publicité</genre>
            <fonction source="final">repro/photo</fonction>
            <tech source="final">imp photoméca</tech>
            <fonction CS="0.85" source="TensorFlow">repro/photo</fonction>
            <tech CS="1" source="md">imp photoméca</tech>
            <leg>KÉVA Le grand spécialiste réputé de la Beauté met à votre disposition son savoir universellement reconnu pour tous les soins esthétiques.</leg>
            <txt>ç  :  t.0 to.e   r. \L ÇL çp.(J.\</txt>
          </ill>
        </ills>
      </page>
      <page hauteurPx="5169" largeurPx="3737" ordre="17">
        <nbMot>3</nbMot>
        <blocTexte>1</blocTexte>
        <blocTab>0</blocTab>
        <blocPub>0</blocPub>
        <blocIll ocr="1">1</blocIll>
        <ills/>
      </page>
      <page hauteurPx="5291" largeurPx="3851" ordre="18">
        <nbMot>26</nbMot>
        <blocTexte>4</blocTexte>
        <blocTab>0</blocTab>
        <blocPub>3</blocPub>
        <blocIll ocr="0">0</blocIll>
      </page>
      <page hauteurPx="5163" largeurPx="3727" ordre="19">
        <nbMot>421</nbMot>
        <blocTexte>14</blocTexte>
        <blocTab>1</blocTab>
        <blocPub>0</blocPub>
        <blocIll ocr="1">1</blocIll>
        <ills/>
      </page>
      <page hauteurPx="5241" largeurPx="3793" ordre="20">
        <nbMot>4</nbMot>
        <blocTexte>2</blocTexte>
        <blocTab>0</blocTab>
        <blocPub>0</blocPub>
        <blocIll ocr="1">1</blocIll>
        <ills>
          <ill classif="CCyolo CCibm" couleur="coul" edit="1" h="3240" n="20-1" pub="1" taille="4" w="3158" x="362" y="568">
            <contenuImg CS="0.512" lang="fr" source="ibm">bandana</contenuImg>
            <contenuImg CS="0.545" lang="fr" source="ibm">cache-oeil</contenuImg>
            <contenuImg CS="0.533" lang="fr" source="ibm">clown blanc</contenuImg>
            <contenuImg CS="0.533" lang="fr" source="ibm">artiste</contenuImg>
            <contenuImg CS="0.535" lang="fr" source="ibm">personne</contenuImg>
            <contenuImg CS="0.512" lang="fr" source="ibm">tissu</contenuImg>
            <contenuImg CS="0.5" lang="fr" source="ibm">chapeau</contenuImg>
            <contenuImg CS="0.5" lang="fr" source="ibm">coiffure</contenuImg>
            <contenuImg CS="0.647" coul="1" lang="fr" source="ibm">rouge foncé</contenuImg>
            <contenuImg CS="0.643" coul="1" lang="fr" source="ibm">marron</contenuImg>
            <contenuImg CS="0.643" coul="1" lang="en" source="ibm">maroon color</contenuImg>
            <contenuImg CS="0.647" coul="1" lang="en" source="ibm">dark red color</contenuImg>
            <contenuImg CS="0.5" lang="en" source="ibm">headdress</contenuImg>
            <contenuImg CS="0.5" lang="en" source="ibm">hat</contenuImg>
            <contenuImg CS="0.512" lang="en" source="ibm">fabric</contenuImg>
            <contenuImg CS="0.512" lang="en" source="ibm">bandanna</contenuImg>
            <contenuImg CS="0.535" lang="en" source="ibm">person</contenuImg>
            <contenuImg CS="0.533" lang="en" source="ibm">entertainer</contenuImg>
            <contenuImg CS="0.533" lang="en" source="ibm">whiteface (clown)</contenuImg>
            <contenuImg CS="0.545" lang="en" source="ibm">eyepatch</contenuImg>
            <contenuImg CS="0.82" h="1123" lang="fr" source="yolo" w="1466" x="1086" y="2066">cravate</contenuImg>
            <contenuImg CS="0.82" h="1123" lang="en" source="yolo" w="1466" x="1086" y="2066">tie</contenuImg>
            <contenuImg b="83" coul="1" g="81" r="201" source="colorific" type="bkg">#c95153</contenuImg>
            <contenuImg b="62" coul="1" g="62" ordre="6" r="106" source="colorific" type="frg">#6a3e3e</contenuImg>
            <contenuImg b="142" coul="1" g="142" ordre="5" r="197" source="colorific" type="frg">#c58e8e</contenuImg>
            <contenuImg b="172" coul="1" g="174" ordre="4" r="184" source="colorific" type="frg">#b8aeac</contenuImg>
            <contenuImg b="86" coul="1" g="88" ordre="3" r="97" source="colorific" type="frg">#615856</contenuImg>
            <contenuImg b="54" coul="1" g="55" ordre="2" r="60" source="colorific" type="frg">#3c3736</contenuImg>
            <contenuImg b="255" coul="1" g="255" ordre="1" r="255" source="colorific" type="frg">#ffffff</contenuImg>
            <fonction source="final">repro/dessin</fonction>
            <tech source="final">imp photoméca</tech>
            <fonction CS="0.73" source="TensorFlow">repro/dessin</fonction>
            <tech CS="1" source="md">imp photoméca</tech>
            <leg>ROSE DESCAl</leg>
            <txt>18 VOGlJ/ 18 VOGlJ/</txt>
            <genre source="hm" time="2020-11-02T16:22:12.824+01:00">publicité</genre>
            <genre source="final">publicité</genre>
          </ill>
        </ills>
      </page>
      <page hauteurPx="5187" largeurPx="3761" ordre="21">
        <nbMot>282</nbMot>
        <blocTexte>11</blocTexte>
        <blocTab>0</blocTab>
        <blocPub>0</blocPub>
        <blocIll ocr="1">1</blocIll>
        <ills/>
      </page>
      <page hauteurPx="5299" largeurPx="3865" ordre="22">
        <nbMot>77</nbMot>
        <blocTexte>4</blocTexte>
        <blocTab>0</blocTab>
        <blocPub>0</blocPub>
        <blocIll ocr="1">1</blocIll>
        <ills/>
      </page>
      <page hauteurPx="5171" largeurPx="3731" ordre="23">
        <nbMot>529</nbMot>
        <blocTexte>18</blocTexte>
        <blocTab>0</blocTab>
        <blocPub>0</blocPub>
        <blocIll ocr="2">2</blocIll>
        <ills/>
      </page>
      <page hauteurPx="5221" largeurPx="3761" ordre="24">
        <nbMot>499</nbMot>
        <blocTexte>11</blocTexte>
        <blocTab>0</blocTab>
        <blocPub>0</blocPub>
        <blocIll ocr="1">1</blocIll>
        <ills/>
      </page>
      <page hauteurPx="5149" largeurPx="3701" ordre="25">
        <nbMot>3</nbMot>
        <blocTexte>2</blocTexte>
        <blocTab>0</blocTab>
        <blocPub>0</blocPub>
        <blocIll ocr="1">1</blocIll>
        <ills/>
      </page>
      <page hauteurPx="5265" largeurPx="3813" ordre="26">
        <nbMot>4</nbMot>
        <blocTexte>2</blocTexte>
        <blocTab>0</blocTab>
        <blocPub>0</blocPub>
        <blocIll ocr="1">1</blocIll>
        <ills/>
      </page>
      <page hauteurPx="5195" largeurPx="3759" ordre="27">
        <nbMot>43</nbMot>
        <blocTexte>2</blocTexte>
        <blocTab>0</blocTab>
        <blocPub>0</blocPub>
        <blocIll ocr="1">1</blocIll>
        <ills/>
      </page>
      <page hauteurPx="5271" largeurPx="3833" ordre="28">
        <nbMot>423</nbMot>
        <blocTexte>17</blocTexte>
        <blocTab>0</blocTab>
        <blocPub>0</blocPub>
        <blocIll ocr="1">1</blocIll>
        <ills/>
      </page>
      <page hauteurPx="5197" largeurPx="3763" ordre="29">
        <nbMot>21</nbMot>
        <blocTexte>3</blocTexte>
        <blocTab>0</blocTab>
        <blocPub>0</blocPub>
        <blocIll ocr="1">1</blocIll>
        <ills/>
      </page>
      <page hauteurPx="5239" largeurPx="3789" ordre="30">
        <nbMot>20</nbMot>
        <blocTexte>3</blocTexte>
        <blocTab>0</blocTab>
        <blocPub>0</blocPub>
        <blocIll ocr="1">1</blocIll>
        <ills/>
      </page>
      <page hauteurPx="5171" largeurPx="3729" ordre="31">
        <nbMot>17</nbMot>
        <blocTexte>3</blocTexte>
        <blocTab>0</blocTab>
        <blocPub>0</blocPub>
        <blocIll ocr="1">1</blocIll>
        <ills/>
      </page>
      <page hauteurPx="5243" largeurPx="3815" ordre="32">
        <nbMot>164</nbMot>
        <blocTexte>6</blocTexte>
        <blocTab>0</blocTab>
        <blocPub>0</blocPub>
        <blocIll ocr="1">1</blocIll>
        <ills/>
      </page>
      <page hauteurPx="5145" largeurPx="3697" ordre="33">
        <nbMot>212</nbMot>
        <blocTexte>7</blocTexte>
        <blocTab>0</blocTab>
        <blocPub>0</blocPub>
        <blocIll ocr="1">1</blocIll>
        <ills/>
      </page>
      <page hauteurPx="5283" largeurPx="3861" ordre="34">
        <nbMot>4</nbMot>
        <blocTexte>2</blocTexte>
        <blocTab>0</blocTab>
        <blocPub>0</blocPub>
        <blocIll ocr="1">1</blocIll>
        <ills/>
      </page>
      <page hauteurPx="5157" largeurPx="3715" ordre="35">
        <nbMot>152</nbMot>
        <blocTexte>5</blocTexte>
        <blocTab>0</blocTab>
        <blocPub>0</blocPub>
        <blocIll ocr="1">1</blocIll>
        <ills/>
      </page>
      <page hauteurPx="5265" largeurPx="3837" ordre="36">
        <nbMot>463</nbMot>
        <blocTexte>12</blocTexte>
        <blocTab>0</blocTab>
        <blocPub>0</blocPub>
        <blocIll ocr="1">1</blocIll>
        <ills/>
      </page>
      <page hauteurPx="5145" largeurPx="3697" ordre="37">
        <nbMot>90</nbMot>
        <blocTexte>4</blocTexte>
        <blocTab>0</blocTab>
        <blocPub>0</blocPub>
        <blocIll ocr="1">1</blocIll>
        <ills/>
      </page>
      <page hauteurPx="5211" largeurPx="3723" ordre="38">
        <nbMot>106</nbMot>
        <blocTexte>4</blocTexte>
        <blocTab>0</blocTab>
        <blocPub>0</blocPub>
        <blocIll ocr="1">1</blocIll>
        <ills/>
      </page>
      <page hauteurPx="5193" largeurPx="3765" ordre="39">
        <nbMot>48</nbMot>
        <blocTexte>4</blocTexte>
        <blocTab>0</blocTab>
        <blocPub>0</blocPub>
        <blocIll ocr="1">1</blocIll>
        <ills/>
      </page>
      <page hauteurPx="5189" largeurPx="3693" ordre="40">
        <nbMot>138</nbMot>
        <blocTexte>7</blocTexte>
        <blocTab>0</blocTab>
        <blocPub>0</blocPub>
        <blocIll ocr="1">1</blocIll>
        <ills/>
      </page>
      <page hauteurPx="5145" largeurPx="3697" ordre="41">
        <nbMot>352</nbMot>
        <blocTexte>13</blocTexte>
        <blocTab>0</blocTab>
        <blocPub>0</blocPub>
        <blocIll ocr="1">1</blocIll>
        <ills/>
      </page>
      <page hauteurPx="5185" largeurPx="3681" ordre="42">
        <nbMot>87</nbMot>
        <blocTexte>5</blocTexte>
        <blocTab>0</blocTab>
        <blocPub>0</blocPub>
        <blocIll ocr="1">1</blocIll>
        <ills/>
      </page>
      <page hauteurPx="5145" largeurPx="3697" ordre="43">
        <nbMot>121</nbMot>
        <blocTexte>5</blocTexte>
        <blocTab>0</blocTab>
        <blocPub>0</blocPub>
        <blocIll ocr="1">1</blocIll>
        <ills/>
      </page>
      <page hauteurPx="5239" largeurPx="3765" ordre="44">
        <nbMot>384</nbMot>
        <blocTexte>6</blocTexte>
        <blocTab>0</blocTab>
        <blocPub>0</blocPub>
        <blocIll ocr="1">1</blocIll>
        <ills/>
      </page>
      <page hauteurPx="5145" largeurPx="3697" ordre="45">
        <nbMot>1</nbMot>
        <blocTexte>1</blocTexte>
        <blocTab>0</blocTab>
        <blocPub>0</blocPub>
        <blocIll ocr="1">1</blocIll>
        <ills/>
      </page>
      <page hauteurPx="5219" largeurPx="3719" ordre="46">
        <nbMot>84</nbMot>
        <blocTexte>5</blocTexte>
        <blocTab>0</blocTab>
        <blocPub>0</blocPub>
        <blocIll ocr="1">1</blocIll>
        <ills/>
      </page>
      <page hauteurPx="5161" largeurPx="3683" ordre="47">
        <nbMot>83</nbMot>
        <blocTexte>6</blocTexte>
        <blocTab>0</blocTab>
        <blocPub>0</blocPub>
        <blocIll ocr="1">1</blocIll>
        <ills/>
      </page>
      <page hauteurPx="5227" largeurPx="3739" ordre="48">
        <nbMot>147</nbMot>
        <blocTexte>5</blocTexte>
        <blocTab>0</blocTab>
        <blocPub>0</blocPub>
        <blocIll ocr="1">1</blocIll>
        <ills/>
      </page>
      <page hauteurPx="5157" largeurPx="3675" ordre="49">
        <nbMot>3</nbMot>
        <blocTexte>2</blocTexte>
        <blocTab>0</blocTab>
        <blocPub>0</blocPub>
        <blocIll ocr="1">1</blocIll>
        <ills/>
      </page>
      <page hauteurPx="5253" largeurPx="3767" ordre="50">
        <nbMot>241</nbMot>
        <blocTexte>7</blocTexte>
        <blocTab>0</blocTab>
        <blocPub>0</blocPub>
        <blocIll ocr="1">1</blocIll>
        <ills/>
      </page>
      <page hauteurPx="5133" largeurPx="3653" ordre="51">
        <nbMot>57</nbMot>
        <blocTexte>2</blocTexte>
        <blocTab>0</blocTab>
        <blocPub>0</blocPub>
        <blocIll ocr="1">1</blocIll>
        <ills/>
      </page>
      <page hauteurPx="5225" largeurPx="3701" ordre="52">
        <nbMot>44</nbMot>
        <blocTexte>3</blocTexte>
        <blocTab>0</blocTab>
        <blocPub>0</blocPub>
        <blocIll ocr="1">1</blocIll>
        <ills/>
      </page>
      <page hauteurPx="5147" largeurPx="3673" ordre="53">
        <nbMot>387</nbMot>
        <blocTexte>15</blocTexte>
        <blocTab>0</blocTab>
        <blocPub>0</blocPub>
        <blocIll ocr="0">0</blocIll>
      </page>
      <page hauteurPx="5293" largeurPx="3799" ordre="54">
        <nbMot>295</nbMot>
        <blocTexte>6</blocTexte>
        <blocTab>0</blocTab>
        <blocPub>0</blocPub>
        <blocIll ocr="1">1</blocIll>
        <ills/>
      </page>
      <page hauteurPx="5183" largeurPx="3725" ordre="55">
        <nbMot>49</nbMot>
        <blocTexte>3</blocTexte>
        <blocTab>0</blocTab>
        <blocPub>0</blocPub>
        <blocIll ocr="1">1</blocIll>
        <ills/>
      </page>
      <page hauteurPx="5267" largeurPx="3777" ordre="56">
        <nbMot>14</nbMot>
        <blocTexte>2</blocTexte>
        <blocTab>0</blocTab>
        <blocPub>0</blocPub>
        <blocIll ocr="1">1</blocIll>
        <ills/>
      </page>
      <page hauteurPx="5133" largeurPx="3653" ordre="57">
        <nbMot>516</nbMot>
        <blocTexte>13</blocTexte>
        <blocTab>0</blocTab>
        <blocPub>0</blocPub>
        <blocIll ocr="2">2</blocIll>
        <ills/>
      </page>
      <page hauteurPx="5235" largeurPx="3731" ordre="58">
        <nbMot>236</nbMot>
        <blocTexte>4</blocTexte>
        <blocTab>0</blocTab>
        <blocPub>0</blocPub>
        <blocIll ocr="1">1</blocIll>
        <ills/>
      </page>
      <page hauteurPx="5149" largeurPx="3671" ordre="59">
        <nbMot>171</nbMot>
        <blocTexte>5</blocTexte>
        <blocTab>0</blocTab>
        <blocPub>0</blocPub>
        <blocIll ocr="1">1</blocIll>
        <ills/>
      </page>
      <page hauteurPx="5261" largeurPx="3765" ordre="60">
        <nbMot>112</nbMot>
        <blocTexte>5</blocTexte>
        <blocTab>0</blocTab>
        <blocPub>0</blocPub>
        <blocIll ocr="1">1</blocIll>
        <ills/>
      </page>
      <page hauteurPx="5149" largeurPx="3673" ordre="61">
        <nbMot>335</nbMot>
        <blocTexte>11</blocTexte>
        <blocTab>0</blocTab>
        <blocPub>0</blocPub>
        <blocIll ocr="2">2</blocIll>
        <ills/>
      </page>
      <page hauteurPx="5273" largeurPx="3805" ordre="62">
        <nbMot>189</nbMot>
        <blocTexte>6</blocTexte>
        <blocTab>0</blocTab>
        <blocPub>0</blocPub>
        <blocIll ocr="1">1</blocIll>
        <ills/>
      </page>
      <page hauteurPx="5151" largeurPx="3675" ordre="63">
        <nbMot>103</nbMot>
        <blocTexte>5</blocTexte>
        <blocTab>0</blocTab>
        <blocPub>0</blocPub>
        <blocIll ocr="1">1</blocIll>
        <ills/>
      </page>
      <page hauteurPx="5267" largeurPx="3777" ordre="64">
        <nbMot>153</nbMot>
        <blocTexte>7</blocTexte>
        <blocTab>0</blocTab>
        <blocPub>0</blocPub>
        <blocIll ocr="1">1</blocIll>
        <ills/>
      </page>
      <page hauteurPx="5145" largeurPx="3665" ordre="65">
        <nbMot>405</nbMot>
        <blocTexte>10</blocTexte>
        <blocTab>0</blocTab>
        <blocPub>0</blocPub>
        <blocIll ocr="1">1</blocIll>
        <ills/>
      </page>
      <page hauteurPx="5247" largeurPx="3757" ordre="66">
        <nbMot>57</nbMot>
        <blocTexte>5</blocTexte>
        <blocTab>0</blocTab>
        <blocPub>0</blocPub>
        <blocIll ocr="1">1</blocIll>
        <ills/>
      </page>
      <page hauteurPx="5149" largeurPx="3671" ordre="67">
        <nbMot>53</nbMot>
        <blocTexte>4</blocTexte>
        <blocTab>0</blocTab>
        <blocPub>0</blocPub>
        <blocIll ocr="1">1</blocIll>
        <ills/>
      </page>
      <page hauteurPx="5213" largeurPx="3709" ordre="68">
        <nbMot>51</nbMot>
        <blocTexte>4</blocTexte>
        <blocTab>0</blocTab>
        <blocPub>0</blocPub>
        <blocIll ocr="1">1</blocIll>
        <ills/>
      </page>
      <page hauteurPx="5133" largeurPx="3649" ordre="69">
        <nbMot>56</nbMot>
        <blocTexte>4</blocTexte>
        <blocTab>0</blocTab>
        <blocPub>0</blocPub>
        <blocIll ocr="1">1</blocIll>
        <ills/>
      </page>
      <page hauteurPx="5275" largeurPx="3795" ordre="70">
        <nbMot>53</nbMot>
        <blocTexte>4</blocTexte>
        <blocTab>0</blocTab>
        <blocPub>0</blocPub>
        <blocIll ocr="1">1</blocIll>
        <ills/>
      </page>
      <page hauteurPx="5165" largeurPx="3693" ordre="71">
        <nbMot>59</nbMot>
        <blocTexte>4</blocTexte>
        <blocTab>0</blocTab>
        <blocPub>0</blocPub>
        <blocIll ocr="1">1</blocIll>
        <ills/>
      </page>
      <page hauteurPx="5233" largeurPx="3721" ordre="72">
        <nbMot>48</nbMot>
        <blocTexte>4</blocTexte>
        <blocTab>0</blocTab>
        <blocPub>0</blocPub>
        <blocIll ocr="1">1</blocIll>
        <ills/>
      </page>
      <page hauteurPx="5133" largeurPx="3649" ordre="73">
        <nbMot>51</nbMot>
        <blocTexte>4</blocTexte>
        <blocTab>0</blocTab>
        <blocPub>0</blocPub>
        <blocIll ocr="1">1</blocIll>
        <ills/>
      </page>
      <page hauteurPx="5313" largeurPx="3833" ordre="74">
        <nbMot>102</nbMot>
        <blocTexte>6</blocTexte>
        <blocTab>0</blocTab>
        <blocPub>0</blocPub>
        <blocIll ocr="1">1</blocIll>
        <ills/>
      </page>
      <page hauteurPx="5133" largeurPx="3649" ordre="75">
        <nbMot>4</nbMot>
        <blocTexte>2</blocTexte>
        <blocTab>0</blocTab>
        <blocPub>0</blocPub>
        <blocIll ocr="1">1</blocIll>
        <ills/>
      </page>
      <page hauteurPx="5307" largeurPx="3813" ordre="76">
        <nbMot>57</nbMot>
        <blocTexte>5</blocTexte>
        <blocTab>0</blocTab>
        <blocPub>0</blocPub>
        <blocIll ocr="1">1</blocIll>
        <ills/>
      </page>
      <page hauteurPx="5133" largeurPx="3649" ordre="77">
        <nbMot>33</nbMot>
        <blocTexte>2</blocTexte>
        <blocTab>0</blocTab>
        <blocPub>0</blocPub>
        <blocIll ocr="1">1</blocIll>
        <ills>
          <ill classif="CCyolo CCibm" couleur="coul" edit="1" h="4310" n="77-1" pub="1" taille="3" w="1955" x="1528" y="793">
            <contenuImg CS="0.527" lang="fr" source="ibm">sarong (robe)</contenuImg>
            <contenuImg CS="0.599" lang="fr" source="ibm">personne</contenuImg>
            <contenuImg CS="0.613" coul="1" lang="fr" source="ibm">émeraude (couleur)</contenuImg>
            <contenuImg CS="0.659" coul="1" lang="fr" source="ibm">vert</contenuImg>
            <contenuImg CS="0.531" lang="fr" source="ibm">jupe</contenuImg>
            <contenuImg CS="0.537" lang="fr" source="ibm">vêtement</contenuImg>
            <contenuImg CS="0.5" coul="1" lang="fr" source="ibm">vert bouteille</contenuImg>
            <contenuImg CS="0.6" lang="fr" source="ibm">vêtements</contenuImg>
            <contenuImg CS="0.6" lang="en" source="ibm">clothing</contenuImg>
            <contenuImg CS="0.5" coul="1" lang="en" source="ibm">bottle green color</contenuImg>
            <contenuImg CS="0.537" lang="en" source="ibm">garment</contenuImg>
            <contenuImg CS="0.531" lang="en" source="ibm">skirt</contenuImg>
            <contenuImg CS="0.527" lang="en" source="ibm">sarong (dress)</contenuImg>
            <contenuImg CS="0.659" coul="1" lang="en" source="ibm">green color</contenuImg>
            <contenuImg CS="0.613" coul="1" lang="en" source="ibm">emerald color</contenuImg>
            <contenuImg CS="0.599" lang="en" source="ibm">person</contenuImg>
            <contenuImg CS="0.99" h="4183" lang="fr" source="yolo" w="1856" x="66" y="16">personne</contenuImg>
            <contenuImg CS="0.99" h="4183" lang="en" source="yolo" w="1856" x="66" y="16">person</contenuImg>
            <contenuImg b="119" coul="1" g="106" ordre="6" r="103" source="colorific" type="frg">#676a77</contenuImg>
            <contenuImg b="255" coul="1" g="255" ordre="5" r="255" source="colorific" type="frg">#ffffff</contenuImg>
            <contenuImg b="209" coul="1" g="190" ordre="4" r="188" source="colorific" type="frg">#bcbed1</contenuImg>
            <contenuImg b="54" coul="1" g="53" ordre="3" r="56" source="colorific" type="frg">#383536</contenuImg>
            <contenuImg b="194" coul="1" g="156" ordre="2" r="148" source="colorific" type="frg">#949cc2</contenuImg>
            <contenuImg b="136" coul="1" g="137" ordre="1" r="138" source="colorific" type="frg">#8a8988</contenuImg>
            <fonction source="final">repro/photo</fonction>
            <tech source="final">imp photoméca</tech>
            <fonction CS="0.53" source="TensorFlow">repro/photo</fonction>
            <tech CS="1" source="md">imp photoméca</tech>
            <leg>Nina Ricci Ensemble Côte d A  Z,ur en toile saharienne de LABBEY J L écharpe mobile blanche et (leu marine est rehaussée de fleuri en tissu pareil blanc et brique Chapeau de Blanche et Simonel</leg>
            <genre source="hm" time="2020-11-02T16:22:25.341+01:00">publicité</genre>
            <genre source="final">publicité</genre>
          </ill>
        </ills>
      </page>
      <page hauteurPx="5193" largeurPx="3727" ordre="78">
        <nbMot>226</nbMot>
        <blocTexte>9</blocTexte>
        <blocTab>0</blocTab>
        <blocPub>8</blocPub>
        <blocIll ocr="2">2</blocIll>
        <ills/>
      </page>
      <page hauteurPx="5163" largeurPx="3679" ordre="79">
        <nbMot>5</nbMot>
        <blocTexte>3</blocTexte>
        <blocTab>0</blocTab>
        <blocPub>0</blocPub>
        <blocIll ocr="1">1</blocIll>
        <ills/>
      </page>
      <page hauteurPx="5213" largeurPx="3729" ordre="80">
        <nbMot>829</nbMot>
        <blocTexte>19</blocTexte>
        <blocTab>0</blocTab>
        <blocPub>0</blocPub>
        <blocIll ocr="2">2</blocIll>
        <ills/>
      </page>
      <page hauteurPx="5141" largeurPx="3669" ordre="81">
        <nbMot>783</nbMot>
        <blocTexte>34</blocTexte>
        <blocTab>0</blocTab>
        <blocPub>7</blocPub>
        <blocIll ocr="1">1</blocIll>
        <ills/>
      </page>
      <page hauteurPx="5233" largeurPx="3741" ordre="82">
        <nbMot>126</nbMot>
        <blocTexte>9</blocTexte>
        <blocTab>0</blocTab>
        <blocPub>2</blocPub>
        <blocIll ocr="2">2</blocIll>
        <ills/>
      </page>
      <page hauteurPx="5149" largeurPx="3679" ordre="83">
        <nbMot>3</nbMot>
        <blocTexte>3</blocTexte>
        <blocTab>0</blocTab>
        <blocPub>0</blocPub>
        <blocIll ocr="1">1</blocIll>
        <ills>
          <ill classif="CCyolo CCibm" couleur="gris" edit="1" h="4704" n="83-1" pub="1" taille="7" w="3338" x="47" y="130">
            <contenuImg CS="0.784" lang="fr" source="ibm">personne</contenuImg>
            <contenuImg CS="0.906" lang="fr" source="ibm">arthrogramme (rayons x)</contenuImg>
            <contenuImg CS="0.933" lang="fr" source="ibm">radiogramme</contenuImg>
            <contenuImg CS="0.783" lang="fr" source="ibm">matériel photographique</contenuImg>
            <contenuImg CS="0.798" lang="fr" source="ibm">silhouette</contenuImg>
            <contenuImg CS="0.9" coul="1" lang="fr" source="ibm">noir</contenuImg>
            <contenuImg CS="0.803" coul="1" lang="fr" source="ibm">gris</contenuImg>
            <contenuImg CS="0.803" coul="1" lang="en" source="ibm">gray color</contenuImg>
            <contenuImg CS="0.9" coul="1" lang="en" source="ibm">black color</contenuImg>
            <contenuImg CS="0.798" lang="en" source="ibm">figure</contenuImg>
            <contenuImg CS="0.783" lang="en" source="ibm">photographic equipment</contenuImg>
            <contenuImg CS="0.933" lang="en" source="ibm">radiogram</contenuImg>
            <contenuImg CS="0.906" lang="en" source="ibm">arthrogram (x-ray)</contenuImg>
            <contenuImg CS="0.784" lang="en" source="ibm">person</contenuImg>
            <contenuImg CS="0.59" h="2320" lang="fr" source="yolo" w="2313" x="726" y="1166">parapluie</contenuImg>
            <contenuImg CS="0.59" h="2320" lang="en" source="yolo" w="2313" x="726" y="1166">umbrella</contenuImg>
            <fonction source="final">repro/photo</fonction>
            <tech source="final">imp photoméca</tech>
            <fonction CS="0.84" source="TensorFlow">repro/photo</fonction>
            <tech CS="1" source="md">imp photoméca</tech>
            <leg>)rSNa~ DE )mm</leg>
            <genre source="hm" time="2020-10-31T19:32:41.933+01:00">publicité</genre>
            <genre source="final">publicité</genre>
          </ill>
        </ills>
      </page>
      <page hauteurPx="5245" largeurPx="3755" ordre="84">
        <nbMot>348</nbMot>
        <blocTexte>7</blocTexte>
        <blocTab>0</blocTab>
        <blocPub>6</blocPub>
        <blocIll ocr="0">0</blocIll>
      </page>
      <page hauteurPx="5137" largeurPx="3653" ordre="85">
        <nbMot>431</nbMot>
        <blocTexte>12</blocTexte>
        <blocTab>0</blocTab>
        <blocPub>7</blocPub>
        <blocIll ocr="3">3</blocIll>
        <ills>
          <ill classif="CCibm" couleur="gris" h="2045" n="85-3" pub="1" taille="1" w="1681" x="1675" y="361">
            <contenuImg CS="0.748" lang="fr" source="ibm">galerie d'art</contenuImg>
            <contenuImg CS="0.748" lang="fr" source="ibm">pièce</contenuImg>
            <contenuImg CS="0.5" lang="fr" source="ibm">musée (intérieur)</contenuImg>
            <contenuImg CS="0.994" coul="1" lang="fr" source="ibm">gris cendré</contenuImg>
            <contenuImg CS="0.994" coul="1" lang="en" source="ibm">ash grey color</contenuImg>
            <contenuImg CS="0.5" lang="en" source="ibm">Museum (Indoor)</contenuImg>
            <contenuImg CS="0.748" lang="en" source="ibm">room</contenuImg>
            <contenuImg CS="0.748" lang="en" source="ibm">art gallery</contenuImg>
            <genre source="final">publicité</genre>
            <genre source="md">publicité</genre>
            <fonction source="final">repro/dessin</fonction>
            <tech source="final">imp photoméca</tech>
            <fonction CS="0.57" source="TensorFlow">repro/dessin</fonction>
            <tech CS="1" source="md">imp photoméca</tech>
            <leg>PUISQU ELLE EXISTE ENFIN rTILISEZ.X/t,FOlJR/VOTRE JOIE LA SIMILIS POUDRE CALUGÈNLXMLE, Parfaitement adhérente, régulière, perméable à /—M l air bien qu efjicace protectrice des tissus cufa. | M nés, la poudre  calligénique  s impose aussi en t raison de sa FINESSE. f + La finesse de la poudre joue dans la beauté un rôle plus important encore qu on ne le croit. Certaines produisent sur la surface de la peau un voile visible, elles donnent au visage un aspect maquillé, artificiel, incompatible avec la vraie élégance.</leg>
            <txt>conception révélées par ces objets ou ces miroirs, parfaitement disposés pour la joie des yeux dans un étincellement de reflets et de lumière, bien que ceux dont nous publions les photographies (miroir octogonal, cadre de glace à facettes, miroir rond, cadre orné de vingt feuilles en lamelles de glace) puissent cependant donner quelque idée de l importance comme élément décoratif de ces créations de Serge Roche et du rôle de premier plan qu elles peuvent jouer dans la constitution d un ensemble luxueux et de qualité vraie. Il est impossible de décrire la richesse d invention et la variété de</txt>
          </ill>
        </ills>
      </page>
      <page hauteurPx="5257" largeurPx="3793" ordre="86">
        <nbMot>884</nbMot>
        <blocTexte>24</blocTexte>
        <blocTab>0</blocTab>
        <blocPub>15</blocPub>
        <blocIll ocr="3">3</blocIll>
        <ills/>
      </page>
      <page hauteurPx="5125" largeurPx="3665" ordre="87">
        <nbMot>38</nbMot>
        <blocTexte>3</blocTexte>
        <blocTab>0</blocTab>
        <blocPub>3</blocPub>
        <blocIll ocr="0">0</blocIll>
      </page>
      <page hauteurPx="5185" largeurPx="3603" ordre="88">
        <nbMot>105</nbMot>
        <blocTexte>8</blocTexte>
        <blocTab>0</blocTab>
        <blocPub>7</blocPub>
        <blocIll ocr="0">0</blocIll>
      </page>
    </pages>
  </contenus>
</analyseAlto>