<analyseAlto>
  <metad>
    <type>R</type>
    <ID>bpt6k65398602</ID>
    <notice>cb343833568</notice>
    <titre>Vogue 1930/06</titre>
    <dateEdition>1930-06</dateEdition>
    <lang>fre</lang>
    <source>BnF</source>
    <nbPage>118</nbPage>
  </metad>
  <contenus>
    <largeur>153</largeur>
    <hauteur>211</hauteur>
    <largeurPx>3619</largeurPx>
    <hauteurPx>4995</hauteurPx>
    <pages>
      <page hauteurPx="4995" largeurPx="3619" ordre="1">
        <nbMot>19</nbMot>
        <blocTexte>2</blocTexte>
        <blocTab>0</blocTab>
        <blocPub>0</blocPub>
        <blocIll ocr="1">1</blocIll>
        <ills/>
      </page>
      <page hauteurPx="5025" largeurPx="3657" ordre="2">
        <nbMot>1</nbMot>
        <blocTexte>1</blocTexte>
        <blocTab>0</blocTab>
        <blocPub>0</blocPub>
        <blocIll ocr="1">1</blocIll>
        <ills>
          <ill classif="CCyolo CCibm" couleur="gris" edit="1" h="4246" n="2-1" pub="1" taille="6" w="3202" x="174" y="554">
            <contenuImg CS="0.598" lang="fr" source="ibm">personne</contenuImg>
            <contenuImg CS="0.621" lang="fr" source="ibm">salle d'étude</contenuImg>
            <contenuImg CS="0.586" lang="fr" source="ibm">studio d'art</contenuImg>
            <contenuImg CS="0.698" lang="fr" source="ibm">pièce</contenuImg>
            <contenuImg CS="0.579" lang="fr" source="ibm">musée (intérieur)</contenuImg>
            <contenuImg CS="0.5" lang="fr" source="ibm">chambre</contenuImg>
            <contenuImg CS="0.599" lang="fr" source="ibm">bâtiment</contenuImg>
            <contenuImg CS="0.598" lang="fr" source="ibm">radiogramme</contenuImg>
            <contenuImg CS="0.783" coul="1" lang="fr" source="ibm">noir</contenuImg>
            <contenuImg CS="0.748" coul="1" lang="fr" source="ibm">gris</contenuImg>
            <contenuImg CS="0.748" coul="1" lang="en" source="ibm">gray color</contenuImg>
            <contenuImg CS="0.783" coul="1" lang="en" source="ibm">black color</contenuImg>
            <contenuImg CS="0.598" lang="en" source="ibm">radiogram</contenuImg>
            <contenuImg CS="0.599" lang="en" source="ibm">building</contenuImg>
            <contenuImg CS="0.5" lang="en" source="ibm">bedroom</contenuImg>
            <contenuImg CS="0.5" lang="en" source="ibm">person's room</contenuImg>
            <contenuImg CS="0.579" lang="en" source="ibm">Museum (Indoor)</contenuImg>
            <contenuImg CS="0.698" lang="en" source="ibm">room</contenuImg>
            <contenuImg CS="0.586" lang="en" source="ibm">Art Studio</contenuImg>
            <contenuImg CS="0.621" lang="en" source="ibm">study</contenuImg>
            <contenuImg CS="0.598" lang="en" source="ibm">person</contenuImg>
            <contenuImg y="1" CS="0.45" h="4376" lang="fr" source="yolo" w="3056" x="76">montre</contenuImg>
            <contenuImg y="1" CS="0.45" h="4376" lang="en" source="yolo" w="3056" x="76">clock</contenuImg>
            <fonction source="final">repro/dessin</fonction>
            <tech source="final">imp photoméca</tech>
            <fonction CS="0.95" source="TensorFlow">repro/dessin</fonction>
            <tech CS="1" source="md">imp photoméca</tech>
            <leg>WORTH</leg>
            <genre source="hm" time="2020-11-01T15:32:53.849+01:00">publicité</genre>
            <genre source="final">publicité</genre>
          </ill>
        </ills>
      </page>
      <page hauteurPx="4973" largeurPx="3573" ordre="3">
        <nbMot>154</nbMot>
        <blocTexte>5</blocTexte>
        <blocTab>0</blocTab>
        <blocPub>4</blocPub>
        <blocIll ocr="2">2</blocIll>
        <ills>
          <ill classif="CCyolo CCibm" couleur="gris" edit="1" h="1596" n="3-1" pub="1" taille="2" w="3241" x="104" y="301">
            <contenuImg CS="0.718" lang="fr" source="ibm">circuit de course</contenuImg>
            <contenuImg CS="0.634" lang="fr" source="ibm">dépotoir</contenuImg>
            <contenuImg CS="0.516" lang="fr" source="ibm">dune de sable</contenuImg>
            <contenuImg CS="0.516" lang="fr" source="ibm">crête</contenuImg>
            <contenuImg CS="0.516" lang="fr" source="ibm">nature</contenuImg>
            <contenuImg CS="0.5" lang="fr" source="ibm">quai de chargement</contenuImg>
            <contenuImg CS="0.599" lang="fr" source="ibm">route</contenuImg>
            <contenuImg CS="0.597" lang="fr" source="ibm">véhicule</contenuImg>
            <contenuImg CS="0.959" coul="1" lang="fr" source="ibm">gris</contenuImg>
            <contenuImg CS="0.959" coul="1" lang="en" source="ibm">gray color</contenuImg>
            <contenuImg CS="0.597" lang="en" source="ibm">vehicle</contenuImg>
            <contenuImg CS="0.599" lang="en" source="ibm">road</contenuImg>
            <contenuImg CS="0.5" lang="en" source="ibm">Loading Dock</contenuImg>
            <contenuImg CS="0.516" lang="en" source="ibm">nature</contenuImg>
            <contenuImg CS="0.516" lang="en" source="ibm">ridge</contenuImg>
            <contenuImg CS="0.516" lang="en" source="ibm">sand dune</contenuImg>
            <contenuImg CS="0.634" lang="en" source="ibm">junkyard</contenuImg>
            <contenuImg CS="0.718" lang="en" source="ibm">Raceway</contenuImg>
            <contenuImg CS="0.80" h="1046" lang="fr" source="yolo" w="2790" x="193" y="423">voiture</contenuImg>
            <contenuImg CS="0.44" h="326" lang="fr" source="yolo" w="396" x="373" y="596">personne</contenuImg>
            <contenuImg CS="0.44" h="326" lang="en" source="yolo" w="396" x="373" y="596">person</contenuImg>
            <contenuImg CS="0.57" h="153" lang="en" source="yolo" w="180" x="1020" y="516">person</contenuImg>
            <contenuImg CS="0.73" h="216" lang="en" source="yolo" w="170" x="520" y="596">person</contenuImg>
            <contenuImg CS="0.80" h="1046" lang="en" source="yolo" w="2790" x="193" y="423">car</contenuImg>
            <contenuImg CS="0.84" h="153" lang="en" source="yolo" w="133" x="1320" y="566">person</contenuImg>
            <fonction source="final">repro/photo</fonction>
            <tech source="final">imp photoméca</tech>
            <fonction CS="0.74" source="TensorFlow">repro/photo</fonction>
            <tech CS="1" source="md">imp photoméca</tech>
            <leg>Détachant sur le ciel ses lignes fines et élancées, c est un cabriolet décapotable Vivasfella qui passe, emmenant confortablement six passagers.</leg>
            <txt>JUIN 1930 1 JUIN 1930 1</txt>
            <genre source="hm" time="2020-11-01T15:33:16.025+01:00">publicité</genre>
            <genre source="final">publicité</genre>
          </ill>
          <ill classif="CCyolo CCibm" couleur="gris" h="1165" n="3-2" pub="1" taille="1" w="1848" x="135" y="2464">
            <contenuImg CS="0.816" lang="fr" source="ibm">véhicule à moteur sur chenilles</contenuImg>
            <contenuImg CS="0.83" lang="fr" source="ibm">véhicule militaire</contenuImg>
            <contenuImg CS="0.918" lang="fr" source="ibm">véhicule</contenuImg>
            <contenuImg CS="0.5" lang="fr" source="ibm">dépanneuse</contenuImg>
            <contenuImg CS="0.511" lang="fr" source="ibm">camion</contenuImg>
            <contenuImg CS="0.539" lang="fr" source="ibm">véhicule à roues</contenuImg>
            <contenuImg CS="0.799" lang="fr" source="ibm">voiture</contenuImg>
            <contenuImg CS="0.926" coul="1" lang="fr" source="ibm">gris</contenuImg>
            <contenuImg CS="0.69" coul="1" lang="fr" source="ibm">gris cendré</contenuImg>
            <contenuImg CS="0.69" coul="1" lang="en" source="ibm">ash grey color</contenuImg>
            <contenuImg CS="0.926" coul="1" lang="en" source="ibm">gray color</contenuImg>
            <contenuImg CS="0.799" lang="en" source="ibm">car</contenuImg>
            <contenuImg CS="0.539" lang="en" source="ibm">wheeled vehicle</contenuImg>
            <contenuImg CS="0.511" lang="en" source="ibm">truck</contenuImg>
            <contenuImg CS="0.5" lang="en" source="ibm">tow truck</contenuImg>
            <contenuImg CS="0.918" lang="en" source="ibm">vehicle</contenuImg>
            <contenuImg CS="0.83" lang="en" source="ibm">military vehicle</contenuImg>
            <contenuImg CS="0.816" lang="en" source="ibm">half track motor vehicle</contenuImg>
            <contenuImg CS="0.72" h="196" lang="fr" source="yolo" w="366" x="20" y="536">camion</contenuImg>
            <contenuImg CS="0.63" h="610" lang="fr" source="yolo" w="1060" x="686" y="520">voiture</contenuImg>
            <contenuImg CS="0.63" h="610" lang="en" source="yolo" w="1060" x="686" y="520">car</contenuImg>
            <contenuImg CS="0.72" h="196" lang="en" source="yolo" w="366" x="20" y="536">truck</contenuImg>
            <genre source="final">publicité</genre>
            <genre source="md">publicité</genre>
            <fonction source="final">repro/photo</fonction>
            <tech source="final">imp photoméca</tech>
            <fonction CS="0.81" source="TensorFlow">repro/photo</fonction>
            <tech CS="1" source="md">imp photoméca</tech>
            <leg>STUDIO DEBERNY PEIGNOT 16 Avec sa suspension incomparable, son servo-frein mécanique puissant, ses glaces  sécurité , la Vivastella 6 cylindres assure à ses possesseurs sur toutes les routes et à toutes les allures une tranquillité entière et de tous les instants.</leg>
            <txt>Détachant sur le ciel ses lignes fines et élancées, c est un cabriolet décapotable Vivasfella qui passe, emmenant confortablement six passagers. JUIN 1930 1</txt>
          </ill>
        </ills>
      </page>
      <page hauteurPx="5005" largeurPx="3629" ordre="4">
        <nbMot>7</nbMot>
        <blocTexte>2</blocTexte>
        <blocTab>0</blocTab>
        <blocPub>1</blocPub>
        <blocIll ocr="0">0</blocIll>
      </page>
      <page hauteurPx="5003" largeurPx="3615" ordre="5">
        <nbMot>77</nbMot>
        <blocTexte>12</blocTexte>
        <blocTab>0</blocTab>
        <blocPub>11</blocPub>
        <blocIll ocr="0">0</blocIll>
      </page>
      <page hauteurPx="5027" largeurPx="3657" ordre="6">
        <nbMot>48</nbMot>
        <blocTexte>4</blocTexte>
        <blocTab>0</blocTab>
        <blocPub>3</blocPub>
        <blocIll ocr="0">0</blocIll>
      </page>
      <page hauteurPx="4991" largeurPx="3621" ordre="7">
        <nbMot>368</nbMot>
        <blocTexte>8</blocTexte>
        <blocTab>0</blocTab>
        <blocPub>7</blocPub>
        <blocIll ocr="0">0</blocIll>
      </page>
      <page hauteurPx="5029" largeurPx="3661" ordre="8">
        <nbMot>31</nbMot>
        <blocTexte>5</blocTexte>
        <blocTab>0</blocTab>
        <blocPub>4</blocPub>
        <blocIll ocr="0">0</blocIll>
      </page>
      <page hauteurPx="5013" largeurPx="3677" ordre="9">
        <nbMot>78</nbMot>
        <blocTexte>5</blocTexte>
        <blocTab>0</blocTab>
        <blocPub>4</blocPub>
        <blocIll ocr="0">0</blocIll>
      </page>
      <page hauteurPx="5005" largeurPx="3629" ordre="10">
        <nbMot>9</nbMot>
        <blocTexte>4</blocTexte>
        <blocTab>0</blocTab>
        <blocPub>3</blocPub>
        <blocIll ocr="0">0</blocIll>
      </page>
      <page hauteurPx="5063" largeurPx="3745" ordre="11">
        <nbMot>18</nbMot>
        <blocTexte>5</blocTexte>
        <blocTab>0</blocTab>
        <blocPub>3</blocPub>
        <blocIll ocr="0">0</blocIll>
      </page>
      <page hauteurPx="5033" largeurPx="3667" ordre="12">
        <nbMot>121</nbMot>
        <blocTexte>12</blocTexte>
        <blocTab>0</blocTab>
        <blocPub>11</blocPub>
        <blocIll ocr="0">0</blocIll>
      </page>
      <page hauteurPx="5007" largeurPx="3659" ordre="13">
        <nbMot>32</nbMot>
        <blocTexte>3</blocTexte>
        <blocTab>0</blocTab>
        <blocPub>2</blocPub>
        <blocIll ocr="0">0</blocIll>
      </page>
      <page hauteurPx="5005" largeurPx="3629" ordre="14">
        <nbMot>14</nbMot>
        <blocTexte>3</blocTexte>
        <blocTab>0</blocTab>
        <blocPub>2</blocPub>
        <blocIll ocr="0">0</blocIll>
      </page>
      <page hauteurPx="4973" largeurPx="3597" ordre="15">
        <nbMot>83</nbMot>
        <blocTexte>6</blocTexte>
        <blocTab>0</blocTab>
        <blocPub>5</blocPub>
        <blocIll ocr="0">0</blocIll>
      </page>
      <page hauteurPx="5039" largeurPx="3667" ordre="16">
        <nbMot>182</nbMot>
        <blocTexte>11</blocTexte>
        <blocTab>0</blocTab>
        <blocPub>10</blocPub>
        <blocIll ocr="1">1</blocIll>
        <ills>
          <ill classif="CCibm" couleur="gris" h="805" n="16-1" pub="1" taille="0" w="2599" x="599" y="1673">
            <contenuImg CS="0.749" lang="fr" source="ibm">vin</contenuImg>
            <contenuImg CS="0.831" lang="fr" source="ibm">boisson alcoolisée</contenuImg>
            <contenuImg CS="0.831" lang="fr" source="ibm">boisson</contenuImg>
            <contenuImg CS="0.831" lang="fr" source="ibm">aliments</contenuImg>
            <contenuImg CS="0.703" lang="fr" source="ibm">timbre</contenuImg>
            <contenuImg CS="0.703" lang="fr" source="ibm">outil</contenuImg>
            <contenuImg CS="0.5" lang="fr" source="ibm">whisky (poteen)</contenuImg>
            <contenuImg CS="0.517" lang="fr" source="ibm">whisky</contenuImg>
            <contenuImg CS="0.523" lang="fr" source="ibm">alcool</contenuImg>
            <contenuImg CS="0.791" lang="fr" source="ibm">toilette</contenuImg>
            <contenuImg CS="0.967" coul="1" lang="fr" source="ibm">vert bouteille</contenuImg>
            <contenuImg CS="0.967" coul="1" lang="en" source="ibm">bottle green color</contenuImg>
            <contenuImg CS="0.791" lang="en" source="ibm">toiletry</contenuImg>
            <contenuImg CS="0.523" lang="en" source="ibm">liquor</contenuImg>
            <contenuImg CS="0.517" lang="en" source="ibm">whiskey</contenuImg>
            <contenuImg CS="0.5" lang="en" source="ibm">poteen</contenuImg>
            <contenuImg CS="0.703" lang="en" source="ibm">tool</contenuImg>
            <contenuImg CS="0.703" lang="en" source="ibm">stamp</contenuImg>
            <contenuImg CS="0.831" lang="en" source="ibm">food</contenuImg>
            <contenuImg CS="0.831" lang="en" source="ibm">beverage</contenuImg>
            <contenuImg CS="0.831" lang="en" source="ibm">alcoholic beverage</contenuImg>
            <contenuImg CS="0.749" lang="en" source="ibm">wine</contenuImg>
            <contenuImg CS="0.749" lang="en" source="ibm">plonk</contenuImg>
            <genre source="final">publicité</genre>
            <genre source="md">publicité</genre>
            <fonction source="final">repro/dessin</fonction>
            <tech source="final">imp photoméca</tech>
            <fonction CS="0.78" source="TensorFlow">repro/dessin</fonction>
            <tech CS="1" source="md">imp photoméca</tech>
            <leg>MeAleXil nd re couture-lingerie-tea-gowns sport-modes costumes de bain PARIS DEAUVILLE 5, rue des Filles-Saint-Thomas CIRO S BUILDING (Place de la Bourse) 89, rue Désiré-le-Hoc Téléph. : Central 27-19 Téléph. : 527 L C ale \ ,é ale ns (,\ A .., n J,se , \,\ e  s o.   1\eS), .è,es e V è   S-D  .\,o. b  ces, , C o. eS, e è\- o. 8   es. o.,isW o.r\ie  es \,,;; e  #  e\ \e a es c Sie eece ece VS  é» 4,1 » »*   l Ve l   ,,\ .1  \,\ e ..,\ e Çto</leg>
            <txt>PARIS hi, Fg ST-HONORÉ BUENOS-AIRES Elysées 55-45 713, FLORIDA GENEVA GRAHAM dans son studio dermatologique, rajeunit définitivement le visage et corrige les lignes de la figure et du cou sans opérations, injections, ni masques, par des traitements de 1 à 5 séances.</txt>
          </ill>
        </ills>
      </page>
      <page hauteurPx="5003" largeurPx="3631" ordre="17">
        <nbMot>28</nbMot>
        <blocTexte>3</blocTexte>
        <blocTab>0</blocTab>
        <blocPub>2</blocPub>
        <blocIll ocr="0">0</blocIll>
      </page>
      <page hauteurPx="5021" largeurPx="3643" ordre="18">
        <nbMot>23</nbMot>
        <blocTexte>6</blocTexte>
        <blocTab>0</blocTab>
        <blocPub>5</blocPub>
        <blocIll ocr="0">0</blocIll>
      </page>
      <page hauteurPx="4985" largeurPx="3595" ordre="19">
        <nbMot>50</nbMot>
        <blocTexte>3</blocTexte>
        <blocTab>0</blocTab>
        <blocPub>2</blocPub>
        <blocIll ocr="0">0</blocIll>
      </page>
      <page hauteurPx="5027" largeurPx="3649" ordre="20">
        <nbMot>81</nbMot>
        <blocTexte>7</blocTexte>
        <blocTab>0</blocTab>
        <blocPub>6</blocPub>
        <blocIll ocr="0">0</blocIll>
      </page>
      <page hauteurPx="4993" largeurPx="3605" ordre="21">
        <nbMot>15</nbMot>
        <blocTexte>3</blocTexte>
        <blocTab>0</blocTab>
        <blocPub>2</blocPub>
        <blocIll ocr="0">0</blocIll>
      </page>
      <page hauteurPx="5057" largeurPx="3711" ordre="22">
        <nbMot>221</nbMot>
        <blocTexte>13</blocTexte>
        <blocTab>0</blocTab>
        <blocPub>12</blocPub>
        <blocIll ocr="0">0</blocIll>
      </page>
      <page hauteurPx="4991" largeurPx="3601" ordre="23">
        <nbMot>57</nbMot>
        <blocTexte>4</blocTexte>
        <blocTab>0</blocTab>
        <blocPub>3</blocPub>
        <blocIll ocr="0">0</blocIll>
      </page>
      <page hauteurPx="5031" largeurPx="3673" ordre="24">
        <nbMot>31</nbMot>
        <blocTexte>2</blocTexte>
        <blocTab>0</blocTab>
        <blocPub>1</blocPub>
        <blocIll ocr="0">0</blocIll>
      </page>
      <page hauteurPx="4973" largeurPx="3577" ordre="25">
        <nbMot>459</nbMot>
        <blocTexte>23</blocTexte>
        <blocTab>0</blocTab>
        <blocPub>0</blocPub>
        <blocIll ocr="2">2</blocIll>
        <ills>
          <ill classif="CCyolo CCibm" couleur="gris" edit="1" h="2181" n="25-1" pub="1" taille="1" w="1764" x="252" y="2557">
            <contenuImg CS="0.599" lang="fr" source="ibm">personne</contenuImg>
            <contenuImg CS="0.775" lang="fr" source="ibm">musée (intérieur)</contenuImg>
            <contenuImg CS="0.599" lang="fr" source="ibm">radiogramme</contenuImg>
            <contenuImg CS="0.599" lang="fr" source="ibm">pièce</contenuImg>
            <contenuImg CS="0.982" coul="1" lang="fr" source="ibm">albâtre</contenuImg>
            <contenuImg CS="0.982" coul="1" lang="en" source="ibm">alabaster color</contenuImg>
            <contenuImg CS="0.599" lang="en" source="ibm">room</contenuImg>
            <contenuImg CS="0.599" lang="en" source="ibm">radiogram</contenuImg>
            <contenuImg CS="0.775" lang="en" source="ibm">Museum (Indoor)</contenuImg>
            <contenuImg CS="0.599" lang="en" source="ibm">person</contenuImg>
            <contenuImg CS="0.96" h="2133" lang="fr" source="yolo" w="1750" x="6" y="50">personne</contenuImg>
            <contenuImg CS="0.96" h="2133" lang="en" source="yolo" w="1750" x="6" y="50">person</contenuImg>
            <fonction source="final">repro/photo</fonction>
            <tech source="final">imp photoméca</tech>
            <fonction CS="0.81" source="TensorFlow">repro/photo</fonction>
            <tech CS="1" source="md">imp photoméca</tech>
            <leg>Le TRAITEMENT de BASE de MARIE EARLE (basic treatment)</leg>
            <txt>Il se compose uniquement de trois produits : * le Plus économique.</txt>
            <genre source="hm" time="2020-11-01T15:32:56.07+01:00">publicité</genre>
            <genre source="final">publicité</genre>
          </ill>
          <ill classif="CCyolo CCibm" couleur="gris" h="777" n="25-2" pub="1" taille="0" w="1030" x="2417" y="2415">
            <contenuImg CS="0.5" lang="fr" source="ibm">patchouli (parfum)</contenuImg>
            <contenuImg CS="0.636" lang="fr" source="ibm">bay rhum (lotion))</contenuImg>
            <contenuImg CS="0.642" lang="fr" source="ibm">lotion</contenuImg>
            <contenuImg CS="0.75" lang="fr" source="ibm">toilette</contenuImg>
            <contenuImg CS="0.631" lang="fr" source="ibm">fixateur</contenuImg>
            <contenuImg CS="0.631" lang="fr" source="ibm">enrobage</contenuImg>
            <contenuImg CS="0.538" lang="fr" source="ibm">parfum</contenuImg>
            <contenuImg CS="0.6" lang="fr" source="ibm">boisson</contenuImg>
            <contenuImg CS="0.516" coul="1" lang="fr" source="ibm">verdâtre</contenuImg>
            <contenuImg CS="0.506" coul="1" lang="fr" source="ibm">gris</contenuImg>
            <contenuImg CS="0.506" coul="1" lang="en" source="ibm">gray color</contenuImg>
            <contenuImg CS="0.516" coul="1" lang="en" source="ibm">greenishness color</contenuImg>
            <contenuImg CS="0.6" lang="en" source="ibm">beverage</contenuImg>
            <contenuImg CS="0.538" lang="en" source="ibm">perfume</contenuImg>
            <contenuImg CS="0.5" lang="en" source="ibm">patchouli (perfume)</contenuImg>
            <contenuImg CS="0.631" lang="en" source="ibm">coating</contenuImg>
            <contenuImg CS="0.631" lang="en" source="ibm">fixative</contenuImg>
            <contenuImg CS="0.75" lang="en" source="ibm">toiletry</contenuImg>
            <contenuImg CS="0.642" lang="en" source="ibm">lotion</contenuImg>
            <contenuImg CS="0.636" lang="en" source="ibm">bay rum</contenuImg>
            <contenuImg CS="0.86" h="643" lang="fr" source="yolo" w="216" x="446" y="60">bouteille</contenuImg>
            <contenuImg CS="0.46" h="320" lang="fr" source="yolo" w="276" x="166" y="393">tasse</contenuImg>
            <contenuImg CS="0.46" h="320" lang="en" source="yolo" w="276" x="166" y="393">cup</contenuImg>
            <contenuImg CS="0.86" h="643" lang="en" source="yolo" w="216" x="446" y="60">bottle</contenuImg>
            <contenuImg CS="0.92" h="430" lang="en" source="yolo" w="220" x="583" y="306">bottle</contenuImg>
            <genre source="final">publicité</genre>
            <genre source="md">publicité</genre>
            <fonction source="final">repro/dessin</fonction>
            <tech source="final">imp photoméca</tech>
            <fonction CS="0.39" source="TensorFlow">repro/dessin</fonction>
            <tech CS="1" source="md">imp photoméca</tech>
            <leg>En vente dans les grands magasIns. ,ste.r Jc, u q e L fï M: de rester çJeuqe MARIE EARLE vous invite à assister, dans ses Salons, à une démonstration de sa méthode. A défaut, et sur votre demande, elle vous adressera gracieusement sa superbe brochure  L A ft de rester Jeune  qui contient la documentation la Plus complète sur ses traitements et sur tous ses produits. ma,,,tà £ïêe-.,</leg>
            <txt>Frs. : 64 120. Tonique pour la peau. pour peaux erasses.</txt>
          </ill>
        </ills>
      </page>
      <page hauteurPx="5073" largeurPx="3735" ordre="26">
        <nbMot>117</nbMot>
        <blocTexte>6</blocTexte>
        <blocTab>0</blocTab>
        <blocPub>5</blocPub>
        <blocIll ocr="0">0</blocIll>
      </page>
      <page hauteurPx="4973" largeurPx="3577" ordre="27">
        <nbMot>45</nbMot>
        <blocTexte>3</blocTexte>
        <blocTab>0</blocTab>
        <blocPub>2</blocPub>
        <blocIll ocr="0">0</blocIll>
      </page>
      <page hauteurPx="5023" largeurPx="3667" ordre="28">
        <nbMot>26</nbMot>
        <blocTexte>3</blocTexte>
        <blocTab>0</blocTab>
        <blocPub>2</blocPub>
        <blocIll ocr="0">0</blocIll>
      </page>
      <page hauteurPx="5001" largeurPx="3617" ordre="29">
        <nbMot>45</nbMot>
        <blocTexte>7</blocTexte>
        <blocTab>0</blocTab>
        <blocPub>6</blocPub>
        <blocIll ocr="0">0</blocIll>
      </page>
      <page hauteurPx="5009" largeurPx="3629" ordre="30">
        <nbMot>92</nbMot>
        <blocTexte>9</blocTexte>
        <blocTab>0</blocTab>
        <blocPub>8</blocPub>
        <blocIll ocr="1">1</blocIll>
        <ills>
          <ill classif="CCyolo CCibm" couleur="gris" h="3352" n="30-1" pub="1" taille="2" w="1619" x="155" y="322">
            <contenuImg CS="0.811" lang="fr" source="ibm">église (intérieur)</contenuImg>
            <contenuImg CS="0.811" lang="fr" source="ibm">bâtiment</contenuImg>
            <contenuImg CS="0.628" lang="fr" source="ibm">musée (intérieur)</contenuImg>
            <contenuImg CS="0.5" lang="fr" source="ibm">antichambre</contenuImg>
            <contenuImg CS="0.5" lang="fr" source="ibm">pièce</contenuImg>
            <contenuImg CS="0.796" lang="fr" source="ibm">vêtements</contenuImg>
            <contenuImg CS="0.799" lang="fr" source="ibm">tissu</contenuImg>
            <contenuImg CS="0.811" coul="1" lang="fr" source="ibm">gris cendré</contenuImg>
            <contenuImg CS="0.679" coul="1" lang="fr" source="ibm">gris</contenuImg>
            <contenuImg CS="0.679" coul="1" lang="en" source="ibm">gray color</contenuImg>
            <contenuImg CS="0.811" coul="1" lang="en" source="ibm">ash grey color</contenuImg>
            <contenuImg CS="0.799" lang="en" source="ibm">fabric</contenuImg>
            <contenuImg CS="0.796" lang="en" source="ibm">clothing</contenuImg>
            <contenuImg CS="0.5" lang="en" source="ibm">room</contenuImg>
            <contenuImg CS="0.5" lang="en" source="ibm">anteroom</contenuImg>
            <contenuImg CS="0.628" lang="en" source="ibm">Museum (Indoor)</contenuImg>
            <contenuImg CS="0.811" lang="en" source="ibm">building</contenuImg>
            <contenuImg CS="0.811" lang="en" source="ibm">Church (Indoor)</contenuImg>
            <contenuImg CS="0.63" h="3046" lang="fr" source="yolo" w="1136" x="366" y="140">personne</contenuImg>
            <contenuImg CS="0.63" h="3046" lang="en" source="yolo" w="1136" x="366" y="140">person</contenuImg>
            <genre source="final">publicité</genre>
            <genre source="md">publicité</genre>
            <fonction source="final">repro/photo</fonction>
            <tech source="final">imp photoméca</tech>
            <fonction CS="0.59" source="TensorFlow">repro/photo</fonction>
            <tech CS="1" source="md">imp photoméca</tech>
            <leg>A!NEMCNTA!HE i, Place Vendôme Paris ROBES MANTEAUX LINGERIE MODES PARFUMS</leg>
            <txt>iitiiiiiiiiiiiiiiiiijiimiiiiiifiimiiiiiiiiiiimiiiiiMiiiiiiiimiiiiiiiiimiiiiHiiiiHiiiiiiiiiHiiiiiiiiiiiiiiiiiiiiiiiitiiiii 26 VOGUE</txt>
          </ill>
        </ills>
      </page>
      <page hauteurPx="4995" largeurPx="3657" ordre="31">
        <nbMot>158</nbMot>
        <blocTexte>10</blocTexte>
        <blocTab>0</blocTab>
        <blocPub>8</blocPub>
        <blocIll ocr="0">0</blocIll>
      </page>
      <page hauteurPx="5041" largeurPx="3663" ordre="32">
        <nbMot>117</nbMot>
        <blocTexte>5</blocTexte>
        <blocTab>0</blocTab>
        <blocPub>4</blocPub>
        <blocIll ocr="0">0</blocIll>
      </page>
      <page hauteurPx="5029" largeurPx="3665" ordre="33">
        <nbMot>68</nbMot>
        <blocTexte>4</blocTexte>
        <blocTab>0</blocTab>
        <blocPub>3</blocPub>
        <blocIll ocr="0">0</blocIll>
      </page>
      <page hauteurPx="5017" largeurPx="3629" ordre="34">
        <nbMot>128</nbMot>
        <blocTexte>7</blocTexte>
        <blocTab>0</blocTab>
        <blocPub>6</blocPub>
        <blocIll ocr="0">0</blocIll>
      </page>
      <page hauteurPx="4961" largeurPx="3629" ordre="35">
        <nbMot>5259</nbMot>
        <blocTexte>90</blocTexte>
        <blocTab>0</blocTab>
        <blocPub>89</blocPub>
        <blocIll ocr="0">0</blocIll>
      </page>
      <page hauteurPx="5063" largeurPx="3681" ordre="36">
        <nbMot>15</nbMot>
        <blocTexte>3</blocTexte>
        <blocTab>0</blocTab>
        <blocPub>1</blocPub>
        <blocIll ocr="0">0</blocIll>
      </page>
      <page hauteurPx="5067" largeurPx="3691" ordre="37">
        <nbMot>378</nbMot>
        <blocTexte>7</blocTexte>
        <blocTab>0</blocTab>
        <blocPub>6</blocPub>
        <blocIll ocr="0">0</blocIll>
      </page>
      <page hauteurPx="5045" largeurPx="3675" ordre="38">
        <nbMot>73</nbMot>
        <blocTexte>4</blocTexte>
        <blocTab>0</blocTab>
        <blocPub>3</blocPub>
        <blocIll ocr="1">1</blocIll>
        <ills>
          <ill classif="CCibm" couleur="coul" edit="1" h="3314" n="38-1" pub="1" taille="5" w="3361" x="206" y="230">
            <contenuImg CS="0.6" lang="fr" source="ibm">personne</contenuImg>
            <contenuImg CS="0.691" lang="fr" source="ibm">peinture</contenuImg>
            <contenuImg CS="0.596" lang="fr" source="ibm">coiffure</contenuImg>
            <contenuImg CS="0.742" coul="1" lang="fr" source="ibm">oeillet (couleur)</contenuImg>
            <contenuImg CS="0.7" coul="1" lang="fr" source="ibm">albâtre</contenuImg>
            <contenuImg CS="0.7" coul="1" lang="en" source="ibm">alabaster color</contenuImg>
            <contenuImg CS="0.742" coul="1" lang="en" source="ibm">carnation color</contenuImg>
            <contenuImg CS="0.596" lang="en" source="ibm">headdress</contenuImg>
            <contenuImg CS="0.691" lang="en" source="ibm">painting</contenuImg>
            <contenuImg CS="0.6" lang="en" source="ibm">person</contenuImg>
            <contenuImg b="255" coul="1" g="255" ordre="6" r="255" source="colorific" type="frg">#ffffff</contenuImg>
            <contenuImg b="190" coul="1" g="184" ordre="5" r="228" source="colorific" type="frg">#e4b8be</contenuImg>
            <contenuImg b="61" coul="1" g="67" ordre="4" r="83" source="colorific" type="frg">#53433d</contenuImg>
            <contenuImg b="102" coul="1" g="102" ordre="3" r="104" source="colorific" type="frg">#686666</contenuImg>
            <contenuImg b="79" coul="1" g="78" ordre="2" r="114" source="colorific" type="frg">#724e4f</contenuImg>
            <contenuImg b="168" coul="1" g="176" ordre="1" r="176" source="colorific" type="frg">#b0b0a8</contenuImg>
            <genre source="final">publicité</genre>
            <genre source="md">publicité</genre>
            <fonction source="final">repro/dessin</fonction>
            <tech source="final">imp photoméca</tech>
            <fonction CS="0.65" source="TensorFlow">repro/dessin</fonction>
            <tech CS="1" source="md">imp photoméca</tech>
            <leg>CIGARETTE PRDbdEROSE line délicate gaine blanche ceinturée de pourpre eetierm la blcnOO el voiuptuotiàe Aubôlance qui  I Rêve euocalewr deô pa/yà d Orient dit led Kerirtcrnaid eux lei/nl ba•Mvné ont ehoidi.avec un art Aé ulaire.dcvnô led tabued ÙM pùM , leA ÙM plwJ, kA</leg>
            <txt>3 2 B VOGUE 3 2 B VOGUE</txt>
          </ill>
        </ills>
      </page>
      <page hauteurPx="5005" largeurPx="3605" ordre="39">
        <nbMot>89</nbMot>
        <blocTexte>8</blocTexte>
        <blocTab>0</blocTab>
        <blocPub>7</blocPub>
        <blocIll ocr="0">0</blocIll>
      </page>
      <page hauteurPx="5029" largeurPx="3653" ordre="40">
        <nbMot>82</nbMot>
        <blocTexte>7</blocTexte>
        <blocTab>0</blocTab>
        <blocPub>6</blocPub>
        <blocIll ocr="0">0</blocIll>
      </page>
      <page hauteurPx="5053" largeurPx="3725" ordre="41">
        <nbMot>109</nbMot>
        <blocTexte>4</blocTexte>
        <blocTab>0</blocTab>
        <blocPub>3</blocPub>
        <blocIll ocr="0">0</blocIll>
      </page>
      <page hauteurPx="5047" largeurPx="3677" ordre="42">
        <nbMot>3186</nbMot>
        <blocTexte>243</blocTexte>
        <blocTab>0</blocTab>
        <blocPub>242</blocPub>
        <blocIll ocr="0">0</blocIll>
      </page>
      <page hauteurPx="5033" largeurPx="3697" ordre="43">
        <nbMot>19</nbMot>
        <blocTexte>4</blocTexte>
        <blocTab>0</blocTab>
        <blocPub>3</blocPub>
        <blocIll ocr="0">0</blocIll>
      </page>
      <page hauteurPx="5029" largeurPx="3663" ordre="44">
        <nbMot>232</nbMot>
        <blocTexte>14</blocTexte>
        <blocTab>0</blocTab>
        <blocPub>13</blocPub>
        <blocIll ocr="0">0</blocIll>
      </page>
      <page hauteurPx="5051" largeurPx="3723" ordre="45">
        <nbMot>88</nbMot>
        <blocTexte>4</blocTexte>
        <blocTab>0</blocTab>
        <blocPub>3</blocPub>
        <blocIll ocr="0">0</blocIll>
      </page>
      <page hauteurPx="5037" largeurPx="3677" ordre="46">
        <nbMot>133</nbMot>
        <blocTexte>10</blocTexte>
        <blocTab>0</blocTab>
        <blocPub>9</blocPub>
        <blocIll ocr="0">0</blocIll>
      </page>
      <page hauteurPx="5089" largeurPx="3775" ordre="47">
        <nbMot>458</nbMot>
        <blocTexte>11</blocTexte>
        <blocTab>0</blocTab>
        <blocPub>10</blocPub>
        <blocIll ocr="0">0</blocIll>
      </page>
      <page hauteurPx="5009" largeurPx="3637" ordre="48">
        <nbMot>362</nbMot>
        <blocTexte>16</blocTexte>
        <blocTab>0</blocTab>
        <blocPub>15</blocPub>
        <blocIll ocr="2">2</blocIll>
        <ills>
          <ill classif="CCyolo CCibm" couleur="gris" edit="1" h="968" n="48-1" pub="1" taille="0" w="751" x="273" y="2563">
            <contenuImg CS="0.809" lang="fr" source="ibm">personne</contenuImg>
            <contenuImg CS="0.529" lang="fr" source="ibm">personnes</contenuImg>
            <contenuImg CS="0.5" lang="fr" source="ibm">sociologue</contenuImg>
            <contenuImg CS="0.5" lang="fr" source="ibm">professeur Regius</contenuImg>
            <contenuImg CS="0.924" coul="1" lang="fr" source="ibm">gris cendré</contenuImg>
            <contenuImg CS="0.557" coul="1" lang="fr" source="ibm">sauge</contenuImg>
            <contenuImg CS="0.557" coul="1" lang="en" source="ibm">sage green color</contenuImg>
            <contenuImg CS="0.924" coul="1" lang="en" source="ibm">ash grey color</contenuImg>
            <contenuImg CS="0.5" lang="en" source="ibm">Regius professor</contenuImg>
            <contenuImg CS="0.5" lang="en" source="ibm">sociologist</contenuImg>
            <contenuImg CS="0.529" lang="en" source="ibm">people</contenuImg>
            <contenuImg CS="0.809" lang="en" source="ibm">person</contenuImg>
            <contenuImg CS="0.92" h="763" lang="fr" source="yolo" w="576" x="16" y="170">personne</contenuImg>
            <contenuImg CS="0.90" h="303" lang="fr" source="yolo" w="126" x="400" y="640">cravate</contenuImg>
            <contenuImg CS="0.90" h="303" lang="en" source="yolo" w="126" x="400" y="640">tie</contenuImg>
            <contenuImg CS="0.92" h="763" lang="en" source="yolo" w="576" x="16" y="170">person</contenuImg>
            <fonction source="final">repro/photo</fonction>
            <tech source="final">imp photoméca</tech>
            <fonction CS="0.97" source="TensorFlow">repro/photo</fonction>
            <tech CS="1" source="md">imp photoméca</tech>
            <leg>LE CRÉATEUR DE L ART DU POSTICHE MODERNE {2udV EX-DIRECTEUR (Avenue de l Opéra) a ouvert ses salons A 5, Rue Washington dans un cadre discret et moderne. Il serait très honoré de recevoir votre visite et lui-même se mettra gracieusement à votre disposition pour tous conseils pratiques et artistiques concernant votre coiffure suivant la mode actuelle. Soyez assurée, Madame, d y être reçue avec déférence et courtoisie. Téléphone: Elysé s 17.75</leg>
            <txt>16 dc la Floix : J:: a. b .lPo OP 9 em rue. 4e l« Pmix (1 V1 ■  : ;-V /j IDA a 1 le f.  J  V « i U • : .asx m /,h» i V V a I ?;,  * *1 j ?y der.,  I 4 0 B VOGUE</txt>
            <genre source="hm" time="2020-11-01T15:33:06.006+01:00">publicité</genre>
            <genre source="final">publicité</genre>
          </ill>
          <ill classif="CCibm" couleur="gris" h="969" n="48-2" pub="1" taille="0" w="471" x="1899" y="2575">
            <contenuImg CS="0.732" lang="fr" source="ibm">forme en S</contenuImg>
            <contenuImg CS="0.517" lang="fr" source="ibm">angiocardiogramme (rayons x)</contenuImg>
            <contenuImg CS="0.727" lang="fr" source="ibm">radiogramme</contenuImg>
            <contenuImg CS="0.5" lang="fr" source="ibm">autoradiographie</contenuImg>
            <contenuImg CS="0.601" lang="fr" source="ibm">photo avec lignes</contenuImg>
            <contenuImg CS="0.597" lang="fr" source="ibm">micro-organisme</contenuImg>
            <contenuImg CS="0.599" lang="fr" source="ibm">ver</contenuImg>
            <contenuImg CS="0.746" coul="1" lang="fr" source="ibm">charbon (couleur)</contenuImg>
            <contenuImg CS="0.74" coul="1" lang="fr" source="ibm">gris</contenuImg>
            <contenuImg CS="0.74" coul="1" lang="en" source="ibm">gray color</contenuImg>
            <contenuImg CS="0.746" coul="1" lang="en" source="ibm">charcoal color</contenuImg>
            <contenuImg CS="0.599" lang="en" source="ibm">worm</contenuImg>
            <contenuImg CS="0.597" lang="en" source="ibm">microorganism</contenuImg>
            <contenuImg CS="0.601" lang="en" source="ibm">photo with lines</contenuImg>
            <contenuImg CS="0.5" lang="en" source="ibm">autoradiograph</contenuImg>
            <contenuImg CS="0.727" lang="en" source="ibm">radiogram</contenuImg>
            <contenuImg CS="0.517" lang="en" source="ibm">angiocardiogram (x-rays)</contenuImg>
            <contenuImg CS="0.732" lang="en" source="ibm">S-shape</contenuImg>
            <genre source="final">publicité</genre>
            <genre source="md">publicité</genre>
            <fonction source="final">repro/dessin</fonction>
            <tech source="final">imp photoméca</tech>
            <fonction CS="0.90" source="TensorFlow">repro/dessin</fonction>
            <tech CS="1" source="md">imp photoméca</tech>
            <leg>Ccnke ee Ûiilcviif dit v-idafJe cette défectuosité du teint tellement répandue qui enlaidit les plus jolies femmes, l UVSTITUT KEVA a des procédés remarquables qui lui ont valu de par) tout des félicitations. Sa CRÈME ÉMAIL KEVA empêche la peau de briller même par la plus grande chaleur, absolument invisible à l œil le plus exercé. Unifie instantanément le teint et le rend mat tel un pétale de fleur. Spécialement recommandée aussi contre le brillant du nez. Tient admirablement la poudre. Prix : 50 frs Pour le nettoyage de l épiderme, employer la KEVA-</leg>
            <txt>Téléphone: Elysé s 17.75 {2udV EX-DIRECTEUR (Avenue de l Opéra) a ouvert ses salons A 5, Rue Washington dans un cadre discret et moderne. Il serait très honoré de recevoir votre visite et lui-même se mettra gracieusement à votre disposition pour tous conseils pratiques et artistiques concernant votre coiffure suivant la mode actuelle. Soyez assurée, Madame, d y être reçue avec déférence et courtoisie.</txt>
          </ill>
        </ills>
      </page>
      <page hauteurPx="5073" largeurPx="3725" ordre="49">
        <nbMot>188</nbMot>
        <blocTexte>6</blocTexte>
        <blocTab>0</blocTab>
        <blocPub>5</blocPub>
        <blocIll ocr="0">0</blocIll>
      </page>
      <page hauteurPx="5009" largeurPx="3637" ordre="50">
        <nbMot>10</nbMot>
        <blocTexte>2</blocTexte>
        <blocTab>0</blocTab>
        <blocPub>1</blocPub>
        <blocIll ocr="0">0</blocIll>
      </page>
      <page hauteurPx="4977" largeurPx="3677" ordre="51">
        <nbMot>101</nbMot>
        <blocTexte>11</blocTexte>
        <blocTab>0</blocTab>
        <blocPub>10</blocPub>
        <blocIll ocr="0">0</blocIll>
      </page>
      <page hauteurPx="5031" largeurPx="3665" ordre="52">
        <nbMot>63</nbMot>
        <blocTexte>2</blocTexte>
        <blocTab>0</blocTab>
        <blocPub>1</blocPub>
        <blocIll ocr="0">0</blocIll>
      </page>
      <page hauteurPx="5051" largeurPx="3779" ordre="53">
        <nbMot>425</nbMot>
        <blocTexte>9</blocTexte>
        <blocTab>1</blocTab>
        <blocPub>4</blocPub>
        <blocIll ocr="1">1</blocIll>
        <ills>
          <ill classif="CCyolo CCibm" couleur="gris" h="1515" n="53-1" pub="1" taille="0" w="1227" x="1845" y="613">
            <contenuImg CS="0.595" lang="fr" source="ibm">chlamydospore (spores)</contenuImg>
            <contenuImg CS="0.595" lang="fr" source="ibm">plante</contenuImg>
            <contenuImg CS="0.52" lang="fr" source="ibm">ciliée (organisme)</contenuImg>
            <contenuImg CS="0.675" lang="fr" source="ibm">micro-organisme</contenuImg>
            <contenuImg CS="0.5" lang="fr" source="ibm">paramécie (organisme)</contenuImg>
            <contenuImg CS="0.593" lang="fr" source="ibm">cellule</contenuImg>
            <contenuImg CS="0.734" coul="1" lang="fr" source="ibm">vert olive</contenuImg>
            <contenuImg CS="0.727" coul="1" lang="fr" source="ibm">sauge</contenuImg>
            <contenuImg CS="0.727" coul="1" lang="en" source="ibm">sage green color</contenuImg>
            <contenuImg CS="0.734" coul="1" lang="en" source="ibm">olive green color</contenuImg>
            <contenuImg CS="0.593" lang="en" source="ibm">cell</contenuImg>
            <contenuImg CS="0.5" lang="en" source="ibm">paramecium (organism)</contenuImg>
            <contenuImg CS="0.675" lang="en" source="ibm">microorganism</contenuImg>
            <contenuImg CS="0.52" lang="en" source="ibm">ciliate (organism)</contenuImg>
            <contenuImg CS="0.595" lang="en" source="ibm">plant</contenuImg>
            <contenuImg CS="0.595" lang="en" source="ibm">chlamydospore (spores)</contenuImg>
            <contenuImg CS="0.29" h="270" lang="fr" source="yolo" w="223" x="886" y="203">oiseau</contenuImg>
            <contenuImg y="1" CS="0.28" h="1576" lang="fr" source="yolo" w="1180" x="26">montre</contenuImg>
            <contenuImg y="1" CS="0.28" h="1576" lang="en" source="yolo" w="1180" x="26">clock</contenuImg>
            <contenuImg CS="0.29" h="270" lang="en" source="yolo" w="223" x="886" y="203">bird</contenuImg>
            <genre source="final">publicité</genre>
            <genre source="md">publicité</genre>
            <fonction source="final">repro/dessin</fonction>
            <tech source="final">imp photoméca</tech>
            <fonction CS="0.60" source="TensorFlow">repro/dessin</fonction>
            <tech CS="1" source="md">imp photoméca</tech>
            <leg>E D N A WOOLMAN CHASE. RÉDACTRICE a £ N £ RALE DES TROIS V O  3 U E CARMEL SNOW, RÉDACTRICE EN CHEF DE VOGUE AMÉRICAIN ALISON SETTLE, RÉDACTRICE EN CHEF DE VOGUE ANGLAIS MICHEL DE BRUNHOFF, RÉDACTEUR EN CHEF DE VOGUE FRANÇAIS ABONNEMENTS. — FRANCE. COLONIES UN AN (12 NUMÉROS) 65 FRANCS; DEUX ANS (24 NUMÉROS) 90 FRANCS BELGIQUE UN AN (12 NUMÉROS) 70 FRANCS FRANÇAIS; DEUX ANS (21 NUMÉROS) 115 FRANCS FRANÇAIS. — ÉTRANGER : UN AN (12 NUMÉROS) 85 FRANCS. DEUX ANS (24 NUMÉROS) 140 FRANCS. POUR LES PAYS Cl DESSOUS M FNTIONNÉS : BOLIVIE, CHINE. COLOMBIE. DANEMARK. DANTZIG. ÉTATS-UNIS. GRANDEBRETAGNE ET COLONIES. IRLANDE. ISLANDE. ITALIE. JAPON. NORVÈGE.</leg>
            <txt>LE POINT DE VUE DE VOGUE 41 LA BARONNE DE BECKER REMY 42 LA MODE A PASSÉ. 43 LES PYJAMAS ET LES ROBES DE STUDIO 46 GRANDS ET PETITS CHAPEAUX 50 CAPES-ÉCHARPES ET MANTELETS DU SOIR 52 À QUOI RÊVENT  LES JEUNES FILLES 54 LA ROBE BLANCHE CONTINUE À PLAIRE 56 DES ROBES EN CRÊPE 58 LE TAILLEUR DE DEUX TONS 60 CHAPEAUX POUR LA VILLE 61 GOLF ET TENNIS 62 LE LINON ET LE PIQUÉ 64 DES ROBES FRAICHES EN TISSUS LÉGERS 66 CONDUIRE 68 MRS. WALTER E. EDGE 70 MON AMI D ÉTÉ, par André Salmon 71 TOILES PEINTES 72 LA TOUR DE SAINT-LOUP 74 SUR LA SCÈNE 76 SOULIERS DE CHOIX 78 DES TISSUS LAVABLES 80 SOMMAIRE</txt>
          </ill>
        </ills>
      </page>
      <page hauteurPx="5029" largeurPx="3663" ordre="54">
        <nbMot>15</nbMot>
        <blocTexte>3</blocTexte>
        <blocTab>0</blocTab>
        <blocPub>2</blocPub>
        <blocIll ocr="0">0</blocIll>
      </page>
      <page hauteurPx="5041" largeurPx="3765" ordre="55">
        <nbMot>251</nbMot>
        <blocTexte>6</blocTexte>
        <blocTab>0</blocTab>
        <blocPub>0</blocPub>
        <blocIll ocr="1">1</blocIll>
        <ills/>
      </page>
      <page hauteurPx="5055" largeurPx="3699" ordre="56">
        <nbMot>9</nbMot>
        <blocTexte>3</blocTexte>
        <blocTab>0</blocTab>
        <blocPub>0</blocPub>
        <blocIll ocr="1">1</blocIll>
        <ills/>
      </page>
      <page hauteurPx="5047" largeurPx="3761" ordre="57">
        <nbMot>303</nbMot>
        <blocTexte>7</blocTexte>
        <blocTab>0</blocTab>
        <blocPub>0</blocPub>
        <blocIll ocr="1">1</blocIll>
        <ills/>
      </page>
      <page hauteurPx="5025" largeurPx="3659" ordre="58">
        <nbMot>217</nbMot>
        <blocTexte>5</blocTexte>
        <blocTab>0</blocTab>
        <blocPub>0</blocPub>
        <blocIll ocr="1">1</blocIll>
        <ills/>
      </page>
      <page hauteurPx="5001" largeurPx="3697" ordre="59">
        <nbMot>4</nbMot>
        <blocTexte>1</blocTexte>
        <blocTab>0</blocTab>
        <blocPub>0</blocPub>
        <blocIll ocr="1">1</blocIll>
        <ills/>
      </page>
      <page hauteurPx="5031" largeurPx="3665" ordre="60">
        <nbMot>6</nbMot>
        <blocTexte>2</blocTexte>
        <blocTab>0</blocTab>
        <blocPub>0</blocPub>
        <blocIll ocr="1">1</blocIll>
        <ills/>
      </page>
      <page hauteurPx="5013" largeurPx="3767" ordre="61">
        <nbMot>371</nbMot>
        <blocTexte>13</blocTexte>
        <blocTab>0</blocTab>
        <blocPub>0</blocPub>
        <blocIll ocr="1">1</blocIll>
        <ills/>
      </page>
      <page hauteurPx="5025" largeurPx="3659" ordre="62">
        <nbMot>62</nbMot>
        <blocTexte>4</blocTexte>
        <blocTab>0</blocTab>
        <blocPub>0</blocPub>
        <blocIll ocr="1">1</blocIll>
        <ills/>
      </page>
      <page hauteurPx="5047" largeurPx="3815" ordre="63">
        <nbMot>68</nbMot>
        <blocTexte>5</blocTexte>
        <blocTab>0</blocTab>
        <blocPub>0</blocPub>
        <blocIll ocr="1">1</blocIll>
        <ills/>
      </page>
      <page hauteurPx="5023" largeurPx="3613" ordre="64">
        <nbMot>258</nbMot>
        <blocTexte>9</blocTexte>
        <blocTab>0</blocTab>
        <blocPub>0</blocPub>
        <blocIll ocr="1">1</blocIll>
        <ills/>
      </page>
      <page hauteurPx="5021" largeurPx="3779" ordre="65">
        <nbMot>176</nbMot>
        <blocTexte>7</blocTexte>
        <blocTab>0</blocTab>
        <blocPub>0</blocPub>
        <blocIll ocr="3">3</blocIll>
        <ills/>
      </page>
      <page hauteurPx="5053" largeurPx="3745" ordre="66">
        <nbMot>184</nbMot>
        <blocTexte>10</blocTexte>
        <blocTab>0</blocTab>
        <blocPub>0</blocPub>
        <blocIll ocr="1">1</blocIll>
        <ills/>
      </page>
      <page hauteurPx="4957" largeurPx="3657" ordre="67">
        <nbMot>265</nbMot>
        <blocTexte>8</blocTexte>
        <blocTab>0</blocTab>
        <blocPub>0</blocPub>
        <blocIll ocr="2">2</blocIll>
        <ills/>
      </page>
      <page hauteurPx="5069" largeurPx="3769" ordre="68">
        <nbMot>13</nbMot>
        <blocTexte>3</blocTexte>
        <blocTab>0</blocTab>
        <blocPub>0</blocPub>
        <blocIll ocr="1">1</blocIll>
        <ills/>
      </page>
      <page hauteurPx="5045" largeurPx="3723" ordre="69">
        <nbMot>67</nbMot>
        <blocTexte>5</blocTexte>
        <blocTab>0</blocTab>
        <blocPub>0</blocPub>
        <blocIll ocr="1">1</blocIll>
        <ills/>
      </page>
      <page hauteurPx="5067" largeurPx="3767" ordre="70">
        <nbMot>10</nbMot>
        <blocTexte>3</blocTexte>
        <blocTab>0</blocTab>
        <blocPub>0</blocPub>
        <blocIll ocr="1">1</blocIll>
        <ills/>
      </page>
      <page hauteurPx="4973" largeurPx="3639" ordre="71">
        <nbMot>83</nbMot>
        <blocTexte>8</blocTexte>
        <blocTab>0</blocTab>
        <blocPub>0</blocPub>
        <blocIll ocr="1">1</blocIll>
        <ills/>
      </page>
      <page hauteurPx="5029" largeurPx="3701" ordre="72">
        <nbMot>5</nbMot>
        <blocTexte>2</blocTexte>
        <blocTab>0</blocTab>
        <blocPub>0</blocPub>
        <blocIll ocr="1">1</blocIll>
        <ills/>
      </page>
      <page hauteurPx="5001" largeurPx="3677" ordre="73">
        <nbMot>115</nbMot>
        <blocTexte>9</blocTexte>
        <blocTab>0</blocTab>
        <blocPub>0</blocPub>
        <blocIll ocr="1">1</blocIll>
        <ills/>
      </page>
      <page hauteurPx="5041" largeurPx="3719" ordre="74">
        <nbMot>53</nbMot>
        <blocTexte>5</blocTexte>
        <blocTab>0</blocTab>
        <blocPub>0</blocPub>
        <blocIll ocr="1">1</blocIll>
        <ills/>
      </page>
      <page hauteurPx="4977" largeurPx="3739" ordre="75">
        <nbMot>99</nbMot>
        <blocTexte>8</blocTexte>
        <blocTab>0</blocTab>
        <blocPub>0</blocPub>
        <blocIll ocr="2">2</blocIll>
        <ills/>
      </page>
      <page hauteurPx="5063" largeurPx="3775" ordre="76">
        <nbMot>336</nbMot>
        <blocTexte>9</blocTexte>
        <blocTab>0</blocTab>
        <blocPub>0</blocPub>
        <blocIll ocr="2">2</blocIll>
        <ills/>
      </page>
      <page hauteurPx="5057" largeurPx="3847" ordre="77">
        <nbMot>111</nbMot>
        <blocTexte>5</blocTexte>
        <blocTab>0</blocTab>
        <blocPub>0</blocPub>
        <blocIll ocr="1">1</blocIll>
        <ills/>
      </page>
      <page hauteurPx="5041" largeurPx="3739" ordre="78">
        <nbMot>30</nbMot>
        <blocTexte>3</blocTexte>
        <blocTab>0</blocTab>
        <blocPub>0</blocPub>
        <blocIll ocr="1">1</blocIll>
        <ills/>
      </page>
      <page hauteurPx="4979" largeurPx="3743" ordre="79">
        <nbMot>33</nbMot>
        <blocTexte>2</blocTexte>
        <blocTab>0</blocTab>
        <blocPub>0</blocPub>
        <blocIll ocr="1">1</blocIll>
        <ills/>
      </page>
      <page hauteurPx="5039" largeurPx="3733" ordre="80">
        <nbMot>356</nbMot>
        <blocTexte>16</blocTexte>
        <blocTab>0</blocTab>
        <blocPub>0</blocPub>
        <blocIll ocr="4">4</blocIll>
        <ills/>
      </page>
      <page hauteurPx="4985" largeurPx="3751" ordre="81">
        <nbMot>289</nbMot>
        <blocTexte>12</blocTexte>
        <blocTab>0</blocTab>
        <blocPub>0</blocPub>
        <blocIll ocr="3">3</blocIll>
        <ills/>
      </page>
      <page hauteurPx="5061" largeurPx="3763" ordre="82">
        <nbMot>28</nbMot>
        <blocTexte>8</blocTexte>
        <blocTab>0</blocTab>
        <blocPub>0</blocPub>
        <blocIll ocr="4">4</blocIll>
        <ills/>
      </page>
      <page hauteurPx="4957" largeurPx="3713" ordre="83">
        <nbMot>33</nbMot>
        <blocTexte>8</blocTexte>
        <blocTab>0</blocTab>
        <blocPub>0</blocPub>
        <blocIll ocr="5">5</blocIll>
        <ills/>
      </page>
      <page hauteurPx="5061" largeurPx="3765" ordre="84">
        <nbMot>18</nbMot>
        <blocTexte>4</blocTexte>
        <blocTab>0</blocTab>
        <blocPub>0</blocPub>
        <blocIll ocr="1">1</blocIll>
        <ills/>
      </page>
      <page hauteurPx="4957" largeurPx="3713" ordre="85">
        <nbMot>912</nbMot>
        <blocTexte>21</blocTexte>
        <blocTab>0</blocTab>
        <blocPub>0</blocPub>
        <blocIll ocr="0">0</blocIll>
      </page>
      <page hauteurPx="5065" largeurPx="3769" ordre="86">
        <nbMot>104</nbMot>
        <blocTexte>5</blocTexte>
        <blocTab>0</blocTab>
        <blocPub>0</blocPub>
        <blocIll ocr="2">2</blocIll>
        <ills/>
      </page>
      <page hauteurPx="5001" largeurPx="3765" ordre="87">
        <nbMot>229</nbMot>
        <blocTexte>4</blocTexte>
        <blocTab>0</blocTab>
        <blocPub>0</blocPub>
        <blocIll ocr="1">1</blocIll>
        <ills/>
      </page>
      <page hauteurPx="5051" largeurPx="3751" ordre="88">
        <nbMot>50</nbMot>
        <blocTexte>3</blocTexte>
        <blocTab>0</blocTab>
        <blocPub>0</blocPub>
        <blocIll ocr="1">1</blocIll>
        <ills/>
      </page>
      <page hauteurPx="5017" largeurPx="3785" ordre="89">
        <nbMot>132</nbMot>
        <blocTexte>6</blocTexte>
        <blocTab>0</blocTab>
        <blocPub>0</blocPub>
        <blocIll ocr="2">2</blocIll>
        <ills/>
      </page>
      <page hauteurPx="5045" largeurPx="3741" ordre="90">
        <nbMot>244</nbMot>
        <blocTexte>8</blocTexte>
        <blocTab>0</blocTab>
        <blocPub>0</blocPub>
        <blocIll ocr="1">1</blocIll>
        <ills/>
      </page>
      <page hauteurPx="4969" largeurPx="3701" ordre="91">
        <nbMot>9</nbMot>
        <blocTexte>3</blocTexte>
        <blocTab>0</blocTab>
        <blocPub>0</blocPub>
        <blocIll ocr="1">1</blocIll>
        <ills/>
      </page>
      <page hauteurPx="5075" largeurPx="3783" ordre="92">
        <nbMot>298</nbMot>
        <blocTexte>7</blocTexte>
        <blocTab>0</blocTab>
        <blocPub>0</blocPub>
        <blocIll ocr="1">1</blocIll>
        <ills/>
      </page>
      <page hauteurPx="4957" largeurPx="3685" ordre="93">
        <nbMot>119</nbMot>
        <blocTexte>5</blocTexte>
        <blocTab>0</blocTab>
        <blocPub>0</blocPub>
        <blocIll ocr="1">1</blocIll>
        <ills/>
      </page>
      <page hauteurPx="5053" largeurPx="3753" ordre="94">
        <nbMot>450</nbMot>
        <blocTexte>18</blocTexte>
        <blocTab>0</blocTab>
        <blocPub>0</blocPub>
        <blocIll ocr="4">4</blocIll>
        <ills/>
      </page>
      <page hauteurPx="4957" largeurPx="3685" ordre="95">
        <nbMot>196</nbMot>
        <blocTexte>13</blocTexte>
        <blocTab>0</blocTab>
        <blocPub>0</blocPub>
        <blocIll ocr="6">6</blocIll>
        <ills/>
      </page>
      <page hauteurPx="5081" largeurPx="3791" ordre="96">
        <nbMot>287</nbMot>
        <blocTexte>24</blocTexte>
        <blocTab>0</blocTab>
        <blocPub>14</blocPub>
        <blocIll ocr="4">4</blocIll>
        <ills/>
      </page>
      <page hauteurPx="4961" largeurPx="3711" ordre="97">
        <nbMot>120</nbMot>
        <blocTexte>13</blocTexte>
        <blocTab>0</blocTab>
        <blocPub>12</blocPub>
        <blocIll ocr="0">0</blocIll>
      </page>
      <page hauteurPx="5059" largeurPx="3761" ordre="98">
        <nbMot>181</nbMot>
        <blocTexte>16</blocTexte>
        <blocTab>0</blocTab>
        <blocPub>4</blocPub>
        <blocIll ocr="4">4</blocIll>
        <ills>
          <ill classif="CCyolo CCibm" couleur="gris" h="1072" n="98-4" pub="1" taille="0" w="671" x="2093" y="3466">
            <contenuImg CS="0.85" lang="fr" source="ibm">personne</contenuImg>
            <contenuImg CS="0.64" lang="fr" source="ibm">personnes</contenuImg>
            <contenuImg CS="0.5" lang="fr" source="ibm">portrait</contenuImg>
            <contenuImg CS="0.981" coul="1" lang="fr" source="ibm">noir</contenuImg>
            <contenuImg CS="0.981" coul="1" lang="en" source="ibm">black color</contenuImg>
            <contenuImg CS="0.5" lang="en" source="ibm">portrait</contenuImg>
            <contenuImg CS="0.64" lang="en" source="ibm">people</contenuImg>
            <contenuImg CS="0.85" lang="en" source="ibm">person</contenuImg>
            <contenuImg CS="0.98" h="923" lang="fr" source="yolo" w="613" x="16" y="100">personne</contenuImg>
            <contenuImg CS="0.82" h="310" lang="fr" source="yolo" w="70" x="290" y="606">cravate</contenuImg>
            <contenuImg CS="0.82" h="310" lang="en" source="yolo" w="70" x="290" y="606">tie</contenuImg>
            <contenuImg CS="0.98" h="923" lang="en" source="yolo" w="613" x="16" y="100">person</contenuImg>
            <genre source="final">publicité</genre>
            <genre source="md">publicité</genre>
            <fonction source="final">repro/photo</fonction>
            <tech source="final">imp photoméca</tech>
            <fonction CS="0.97" source="TensorFlow">repro/photo</fonction>
            <tech CS="1" source="md">imp photoméca</tech>
            <leg>HOYNINGEN-HUENE CAPTAIN MOLYNEUX BRILLANT OFFICIER DE L ARMÉE BRITANNIQUE PENDANT LA GUERRE. LE CAPTAIN MOLYNEUX EST DEVENU LE PLUS PARISIEN DES COUTURIERS EN FONDANT ET EN PLAÇANT RAPIDEMENT AU TOUT PREMIER RANG UNE MAISON DE COUTURE DONT L ÉLOGE N EST PLUS À FAIRE:</leg>
            <txt>M. JEAN PATOU. AU RETOUR DE LA GUERRE, SUT ÉDIFIER EN QUELQUES ANNÉES GRÂCE À SA PRODIGIEUSE ACTIVITÉ ~ET À SON SENS TRÈS PERSONNEL DE L ÉLÉGANCE, UNE DES MAISONS DE COUTURE LES PLUS FLORISSANTES, ET DONT LE RAYONNEMENT EST MONDIAL LUIGI DIAZ</txt>
          </ill>
        </ills>
      </page>
      <page hauteurPx="4941" largeurPx="3685" ordre="99">
        <nbMot>29</nbMot>
        <blocTexte>4</blocTexte>
        <blocTab>0</blocTab>
        <blocPub>3</blocPub>
        <blocIll ocr="0">0</blocIll>
      </page>
      <page hauteurPx="5039" largeurPx="3759" ordre="100">
        <nbMot>110</nbMot>
        <blocTexte>9</blocTexte>
        <blocTab>0</blocTab>
        <blocPub>3</blocPub>
        <blocIll ocr="2">2</blocIll>
        <ills>
          <ill classif="CCyolo CCibm" couleur="gris" h="2647" n="100-2" pub="1" taille="1" w="849" x="2391" y="1898">
            <contenuImg CS="0.668" lang="fr" source="ibm">cuisinière</contenuImg>
            <contenuImg CS="0.67" lang="fr" source="ibm">appareil</contenuImg>
            <contenuImg CS="0.509" lang="fr" source="ibm">appareil à gaz</contenuImg>
            <contenuImg CS="0.5" lang="fr" source="ibm">juke-box</contenuImg>
            <contenuImg CS="0.516" lang="fr" source="ibm">machine</contenuImg>
            <contenuImg CS="0.805" coul="1" lang="fr" source="ibm">gris</contenuImg>
            <contenuImg CS="0.736" coul="1" lang="fr" source="ibm">sauge</contenuImg>
            <contenuImg CS="0.736" coul="1" lang="en" source="ibm">sage green color</contenuImg>
            <contenuImg CS="0.805" coul="1" lang="en" source="ibm">gray color</contenuImg>
            <contenuImg CS="0.516" lang="en" source="ibm">machine</contenuImg>
            <contenuImg CS="0.5" lang="en" source="ibm">jukebox</contenuImg>
            <contenuImg CS="0.509" lang="en" source="ibm">gas fixture</contenuImg>
            <contenuImg CS="0.67" lang="en" source="ibm">appliance</contenuImg>
            <contenuImg CS="0.668" lang="en" source="ibm">kitchen stove</contenuImg>
            <contenuImg CS="0.667" lang="en" source="ibm">cookstove</contenuImg>
            <contenuImg CS="0.50" h="586" lang="fr" source="yolo" w="523" x="290" y="2046">chaise</contenuImg>
            <contenuImg CS="0.50" h="586" lang="en" source="yolo" w="523" x="290" y="2046">chair</contenuImg>
            <genre source="final">publicité</genre>
            <genre source="md">publicité</genre>
            <fonction source="final">repro/photo</fonction>
            <tech source="final">imp photoméca</tech>
            <fonction CS="0.97" source="TensorFlow">repro/photo</fonction>
            <tech CS="1" source="md">imp photoméca</tech>
            <leg>SON lA DEUX EXCELLENTES IDÉES : LA PIÈCE OU SE TROUVE CET AMUSANT CANAPÉ « RESTAURATION Il EST ORNÉE D UNE SÉRIE DE CARTES ANCIENNES, TANDIS QUE DANS UN AUTRE SALON ON A AMÉNAGÉ UNE TABLE À ÉCRIRE DANS L ÉPAISSEUR MÊME D UN MUR</leg>
            <txt>DANS CEtTE CHAMBRE AU DÉCOR MODERNE LES MURS SONT DE TON BLANC ROSÉ. LE LIT CAPITONNÉ DE SATIN GRIS; SUR UN GUÉRIDON DE MÉTAL VOICI UNE LAMPE FORMÉE DE BOULES DE CRISTAL ; UNE CARPETTE EST JETÉE SUR LE TAPIS DE CAOUTCHOUC SONIA</txt>
          </ill>
        </ills>
      </page>
      <page hauteurPx="4995" largeurPx="3749" ordre="101">
        <nbMot>493</nbMot>
        <blocTexte>23</blocTexte>
        <blocTab>0</blocTab>
        <blocPub>8</blocPub>
        <blocIll ocr="2">2</blocIll>
        <ills>
          <ill classif="CCyolo CCibm" couleur="gris" h="1330" n="101-2" pub="1" taille="0" w="1552" x="1961" y="2649">
            <contenuImg CS="0.592" lang="fr" source="ibm">personne</contenuImg>
            <contenuImg CS="0.704" lang="fr" source="ibm">stylo et encre</contenuImg>
            <contenuImg CS="0.628" lang="fr" source="ibm">pointe d'argent</contenuImg>
            <contenuImg CS="0.59" lang="fr" source="ibm">musée (intérieur)</contenuImg>
            <contenuImg CS="0.5" lang="fr" source="ibm">salle d'étude</contenuImg>
            <contenuImg CS="0.596" lang="fr" source="ibm">pièce</contenuImg>
            <contenuImg CS="0.579" lang="fr" source="ibm">tissu</contenuImg>
            <contenuImg CS="0.926" coul="1" lang="fr" source="ibm">gris</contenuImg>
            <contenuImg CS="0.926" coul="1" lang="en" source="ibm">gray color</contenuImg>
            <contenuImg CS="0.579" lang="en" source="ibm">fabric</contenuImg>
            <contenuImg CS="0.596" lang="en" source="ibm">room</contenuImg>
            <contenuImg CS="0.5" lang="en" source="ibm">study</contenuImg>
            <contenuImg CS="0.59" lang="en" source="ibm">Museum (Indoor)</contenuImg>
            <contenuImg CS="0.628" lang="en" source="ibm">silverpoint</contenuImg>
            <contenuImg CS="0.704" lang="en" source="ibm">pen-and-ink</contenuImg>
            <contenuImg CS="0.592" lang="en" source="ibm">person</contenuImg>
            <contenuImg CS="0.36" h="340" lang="fr" source="yolo" w="513" x="1000" y="970">cheval</contenuImg>
            <contenuImg CS="0.33" h="1020" lang="fr" source="yolo" w="413" x="703" y="73">personne</contenuImg>
            <contenuImg CS="0.28" h="46" lang="fr" source="yolo" w="46" x="473" y="540">cravate</contenuImg>
            <contenuImg CS="0.28" h="46" lang="en" source="yolo" w="46" x="473" y="540">tie</contenuImg>
            <contenuImg CS="0.33" h="1020" lang="en" source="yolo" w="413" x="703" y="73">person</contenuImg>
            <contenuImg CS="0.36" h="340" lang="en" source="yolo" w="513" x="1000" y="970">horse</contenuImg>
            <contenuImg CS="0.37" h="640" lang="en" source="yolo" w="356" x="370" y="373">person</contenuImg>
            <contenuImg CS="0.44" h="876" lang="en" source="yolo" w="1020" x="266" y="433">horse</contenuImg>
            <contenuImg CS="0.46" h="96" lang="en" source="yolo" w="53" x="923" y="243">tie</contenuImg>
            <genre source="final">publicité</genre>
            <genre source="md">publicité</genre>
            <fonction source="final">repro/dessin</fonction>
            <tech source="final">imp photoméca</tech>
            <fonction CS="0.91" source="TensorFlow">repro/dessin</fonction>
            <tech CS="1" source="md">imp photoméca</tech>
            <leg>i Préféré des ( S ~trT Mde.:k. é 1 égan tes iafr.5o, aofr.,35.,. depuis 1770, VÎ^V J¥)Tmîf njçy Poudre de ri*: onctueux et I francs. onctueux et À LA LAVANDE</leg>
            <txt>INDÉLÉBILE il résiste à la pluie auvent ausoel INOFFENSIF un enfant peuten manger DOUX À LA LÈVRE on ne le sent pas ~!i~~ IKVENTE DANS TOUTES LES KNSONS DERORDRE CONCESSIONNAIRe: e. EUE MANT0UT_3.Rue SCRIBE PARIS CEQUECHAQUE FEWWE AÎÏNtfL [ OHE AUTRE: I LE ROUGE ANGELUS de LOUIS PHILIPPE EN 7 COLORIS MERVEILLEUX est</txt>
          </ill>
        </ills>
      </page>
      <page hauteurPx="5051" largeurPx="3775" ordre="102">
        <nbMot>563</nbMot>
        <blocTexte>12</blocTexte>
        <blocTab>0</blocTab>
        <blocPub>3</blocPub>
        <blocIll ocr="1">1</blocIll>
        <ills/>
      </page>
      <page hauteurPx="4981" largeurPx="3729" ordre="103">
        <nbMot>233</nbMot>
        <blocTexte>15</blocTexte>
        <blocTab>0</blocTab>
        <blocPub>0</blocPub>
        <blocIll ocr="2">2</blocIll>
        <ills/>
      </page>
      <page hauteurPx="5037" largeurPx="3755" ordre="104">
        <nbMot>185</nbMot>
        <blocTexte>16</blocTexte>
        <blocTab>0</blocTab>
        <blocPub>6</blocPub>
        <blocIll ocr="3">3</blocIll>
        <ills>
          <ill classif="CCibm" couleur="gris" h="1043" n="104-3" pub="1" taille="0" w="1441" x="2164" y="3351">
            <contenuImg CS="0.5" lang="fr" source="ibm">gaze (tissu)</contenuImg>
            <contenuImg CS="0.807" lang="fr" source="ibm">tissu</contenuImg>
            <contenuImg CS="0.532" lang="fr" source="ibm">popeline (tissu)</contenuImg>
            <contenuImg CS="0.511" lang="fr" source="ibm">couture d'ourlet</contenuImg>
            <contenuImg CS="0.511" lang="fr" source="ibm">travaux d'aiguille</contenuImg>
            <contenuImg CS="0.5" lang="fr" source="ibm">gaze</contenuImg>
            <contenuImg CS="0.61" lang="fr" source="ibm">filet</contenuImg>
            <contenuImg CS="0.933" coul="1" lang="fr" source="ibm">sauge</contenuImg>
            <contenuImg CS="0.779" coul="1" lang="fr" source="ibm">gris</contenuImg>
            <contenuImg CS="0.779" coul="1" lang="en" source="ibm">gray color</contenuImg>
            <contenuImg CS="0.933" coul="1" lang="en" source="ibm">sage green color</contenuImg>
            <contenuImg CS="0.61" lang="en" source="ibm">net</contenuImg>
            <contenuImg CS="0.5" lang="en" source="ibm">gauze</contenuImg>
            <contenuImg CS="0.511" lang="en" source="ibm">needlework</contenuImg>
            <contenuImg CS="0.511" lang="en" source="ibm">hem stitching</contenuImg>
            <contenuImg CS="0.532" lang="en" source="ibm">broadcloth (fabric)</contenuImg>
            <contenuImg CS="0.807" lang="en" source="ibm">fabric</contenuImg>
            <contenuImg CS="0.538" lang="en" source="ibm">suiting</contenuImg>
            <genre source="final">publicité</genre>
            <genre source="md">publicité</genre>
            <fonction source="final">repro/dessin</fonction>
            <tech source="final">imp photoméca</tech>
            <fonction CS="0.37" source="TensorFlow">repro/dessin</fonction>
            <tech CS="1" source="md">imp photoméca</tech>
            <leg>TOILES DE SOIE FAÇONNEES GODDE, BEDIN ET Ci  Godde Bedin a montré cette saison la plus belle et la plus riche série de toiles de soie façonnées. Tous les genres de motifs y sont représentés : pois, rayures, pavés minuscules, fleurettes, losanges, bâtonnets. Certaines de ces toiles de soie ont un tissage côtelé comme le shantung</leg>
            <txt>Il est travaillé de jours au corsage rappelant la découpe de l encolure Le tussor, comme le shantung, conserve une popularité depuis longtemps acquise.</txt>
          </ill>
        </ills>
      </page>
      <page hauteurPx="4945" largeurPx="3703" ordre="105">
        <nbMot>935</nbMot>
        <blocTexte>30</blocTexte>
        <blocTab>0</blocTab>
        <blocPub>23</blocPub>
        <blocIll ocr="3">3</blocIll>
        <ills/>
      </page>
      <page hauteurPx="5077" largeurPx="3747" ordre="106">
        <nbMot>529</nbMot>
        <blocTexte>19</blocTexte>
        <blocTab>0</blocTab>
        <blocPub>7</blocPub>
        <blocIll ocr="1">1</blocIll>
        <ills>
          <ill classif="CCibm" couleur="gris" h="1045" n="106-1" pub="1" taille="0" w="1056" x="2282" y="301">
            <contenuImg CS="0.705" lang="fr" source="ibm">pointe d'argent</contenuImg>
            <contenuImg CS="0.592" lang="fr" source="ibm">salle d'étude</contenuImg>
            <contenuImg CS="0.597" lang="fr" source="ibm">tissu</contenuImg>
            <contenuImg CS="0.933" coul="1" lang="fr" source="ibm">gris</contenuImg>
            <contenuImg CS="0.933" coul="1" lang="en" source="ibm">gray color</contenuImg>
            <contenuImg CS="0.597" lang="en" source="ibm">fabric</contenuImg>
            <contenuImg CS="0.592" lang="en" source="ibm">study</contenuImg>
            <contenuImg CS="0.705" lang="en" source="ibm">silverpoint</contenuImg>
            <genre source="final">publicité</genre>
            <genre source="md">publicité</genre>
            <fonction source="final">repro/dessin</fonction>
            <tech source="final">imp photoméca</tech>
            <fonction CS="0.88" source="TensorFlow">repro/dessin</fonction>
            <tech CS="1" source="md">imp photoméca</tech>
            <leg>DISQUES NOUVEAUX L es grandes firmes qui chaque mois nous offrent un programme renouvelé le composent semble-</leg>
            <txt>Ê j .1 ï Pub. Borgh;_Milan. ~ -~-~ N  pa} s s adresser au 1  fabricant : Agenzia , 4 l  J | Générale Ital. Farmaf* t j ceutici Corso Venezia. , ;  J W; i 14 Milano (Italie) ~; .Hj</txt>
          </ill>
        </ills>
      </page>
      <page hauteurPx="4925" largeurPx="3677" ordre="107">
        <nbMot>43</nbMot>
        <blocTexte>2</blocTexte>
        <blocTab>0</blocTab>
        <blocPub>2</blocPub>
        <blocIll ocr="0">0</blocIll>
      </page>
      <page hauteurPx="5035" largeurPx="3689" ordre="108">
        <nbMot>108</nbMot>
        <blocTexte>5</blocTexte>
        <blocTab>0</blocTab>
        <blocPub>4</blocPub>
        <blocIll ocr="0">0</blocIll>
      </page>
      <page hauteurPx="4963" largeurPx="3727" ordre="109">
        <nbMot>0</nbMot>
        <blocTexte>0</blocTexte>
        <blocTab>0</blocTab>
        <blocPub>0</blocPub>
        <blocIll ocr="0">0</blocIll>
      </page>
      <page hauteurPx="5105" largeurPx="3755" ordre="110">
        <nbMot>0</nbMot>
        <blocTexte>0</blocTexte>
        <blocTab>0</blocTab>
        <blocPub>0</blocPub>
        <blocIll ocr="0">0</blocIll>
      </page>
      <page hauteurPx="4977" largeurPx="3745" ordre="111">
        <nbMot>0</nbMot>
        <blocTexte>0</blocTexte>
        <blocTab>0</blocTab>
        <blocPub>0</blocPub>
        <blocIll ocr="0">0</blocIll>
      </page>
      <page hauteurPx="5021" largeurPx="3637" ordre="112">
        <nbMot>0</nbMot>
        <blocTexte>0</blocTexte>
        <blocTab>0</blocTab>
        <blocPub>0</blocPub>
        <blocIll ocr="0">0</blocIll>
      </page>
      <page hauteurPx="4975" largeurPx="3711" ordre="113">
        <nbMot>0</nbMot>
        <blocTexte>0</blocTexte>
        <blocTab>0</blocTab>
        <blocPub>0</blocPub>
        <blocIll ocr="0">0</blocIll>
      </page>
      <page hauteurPx="5093" largeurPx="3739" ordre="114">
        <nbMot>0</nbMot>
        <blocTexte>0</blocTexte>
        <blocTab>0</blocTab>
        <blocPub>0</blocPub>
        <blocIll ocr="0">0</blocIll>
      </page>
      <page hauteurPx="4995" largeurPx="3735" ordre="115">
        <nbMot>0</nbMot>
        <blocTexte>0</blocTexte>
        <blocTab>0</blocTab>
        <blocPub>0</blocPub>
        <blocIll ocr="0">0</blocIll>
      </page>
      <page hauteurPx="5061" largeurPx="3643" ordre="116">
        <nbMot>0</nbMot>
        <blocTexte>0</blocTexte>
        <blocTab>0</blocTab>
        <blocPub>0</blocPub>
        <blocIll ocr="0">0</blocIll>
      </page>
      <page hauteurPx="4993" largeurPx="3825" ordre="117">
        <nbMot>0</nbMot>
        <blocTexte>0</blocTexte>
        <blocTab>0</blocTab>
        <blocPub>0</blocPub>
        <blocIll ocr="0">0</blocIll>
      </page>
      <page hauteurPx="5173" largeurPx="3967" ordre="118">
        <nbMot>0</nbMot>
        <blocTexte>0</blocTexte>
        <blocTab>0</blocTab>
        <blocPub>0</blocPub>
        <blocIll ocr="0">0</blocIll>
      </page>
    </pages>
  </contenus>
</analyseAlto>