<analyseAlto>
  <metad>
    <type>R</type>
    <ID>bpt6k6540373f</ID>
    <notice>cb343833568</notice>
    <titre>Vogue 1921/12/15 (Volume 3, Numéro 12)</titre>
    <dateEdition>1921-12-15</dateEdition>
    <lang>fre</lang>
    <source>BnF</source>
    <nbPage>62</nbPage>
  </metad>
  <contenus>
    <largeur>156</largeur>
    <hauteur>213</hauteur>
    <largeurPx>3695</largeurPx>
    <hauteurPx>5047</hauteurPx>
    <pages>
      <page hauteurPx="5047" largeurPx="3695" ordre="1">
        <nbMot>16</nbMot>
        <blocTexte>2</blocTexte>
        <blocTab>0</blocTab>
        <blocPub>0</blocPub>
        <blocIll ocr="1">1</blocIll>
        <ills/>
      </page>
      <page hauteurPx="5123" largeurPx="3637" ordre="2">
        <nbMot>39</nbMot>
        <blocTexte>1</blocTexte>
        <blocTab>0</blocTab>
        <blocPub>0</blocPub>
        <blocIll ocr="1">1</blocIll>
        <ills>
          <ill classif="CCibm CCyolo" couleur="gris" edit="true" h="3595" n="2-1" pub="1" seg="1" source="hm" taille="4" w="2303" x="819" y="432">
            <contenuImg CS="0.784" lang="fr" source="ibm">personne</contenuImg>
            <contenuImg CS="0.949" lang="fr" source="ibm">musée (intérieur)</contenuImg>
            <contenuImg CS="0.796" lang="fr" source="ibm">pièce</contenuImg>
            <contenuImg CS="0.973" coul="1" lang="fr" source="ibm">albâtre</contenuImg>
            <contenuImg CS="0.94" h="3190" lang="fr" source="yolo" w="943" x="666" y="223">personne</contenuImg>
            <contenuImg CS="0.94" h="3190" lang="en" source="yolo" w="943" x="666" y="223">person</contenuImg>
            <contenuImg CS="0.973" coul="1" lang="en" source="ibm">alabaster color</contenuImg>
            <contenuImg CS="0.796" lang="en" source="ibm">room</contenuImg>
            <contenuImg CS="0.949" lang="en" source="ibm">Museum (Indoor)</contenuImg>
            <contenuImg CS="0.784" lang="en" source="ibm">person</contenuImg>
            <fonction source="final">repro/photo</fonction>
            <tech source="final">imp photoméca</tech>
            <fonction CS="1.00" source="TensorFlow">repro/photo</fonction>
            <tech CS="1" source="md">imp photoméca</tech>
            <leg>Photo Henry Castera PARIS G E 0 29, Rue d Astorg présente ici le 2e aspect de la robe portée par SA MAJESTÉ LA REINE MARIE DE ROUMANIE (la première photographie a été montrée dans le N° du 15 Octobre)</leg>
            <genre source="hm" time="2020-12-13T19:47:27.806+01:00">publicité</genre>
            <genre source="final">publicité</genre>
          </ill>
        </ills>
      </page>
      <page hauteurPx="5009" largeurPx="3661" ordre="3">
        <nbMot>774</nbMot>
        <blocTexte>33</blocTexte>
        <blocTab>5</blocTab>
        <blocPub>0</blocPub>
        <blocIll ocr="1">2</blocIll>
        <ills>
          <ill classif="CCibm" couleur="gris" edit="1" h="112" n="3-2" pub="1" seg="1" source="hm" time="2020-12-14T10:20:51.201+01:00" w="100" x="1742" y="4578">
            <contenuImg CS="0.758" lang="fr" source="ibm">lingerie</contenuImg>
            <contenuImg CS="0.759" lang="fr" source="ibm">sous-vêtements</contenuImg>
            <contenuImg CS="0.759" lang="fr" source="ibm">sous-vêtement</contenuImg>
            <contenuImg CS="0.759" lang="fr" source="ibm">vêtement</contenuImg>
            <contenuImg CS="0.63" lang="fr" source="ibm">tire-botte</contenuImg>
            <contenuImg CS="0.597" lang="fr" source="ibm">micro-organisme</contenuImg>
            <contenuImg CS="0.601" lang="fr" source="ibm">vêtements</contenuImg>
            <contenuImg CS="0.599" lang="fr" source="ibm">chien</contenuImg>
            <contenuImg CS="0.957" coul="1" lang="fr" source="ibm">noir</contenuImg>
            <contenuImg CS="0.837" coul="1" lang="fr" source="ibm">noir charbon</contenuImg>
            <contenuImg CS="0.837" coul="1" lang="en" source="ibm">coal black color</contenuImg>
            <contenuImg CS="0.957" coul="1" lang="en" source="ibm">black color</contenuImg>
            <contenuImg CS="0.599" lang="en" source="ibm">dog</contenuImg>
            <contenuImg CS="0.601" lang="en" source="ibm">clothing</contenuImg>
            <contenuImg CS="0.597" lang="en" source="ibm">microorganism</contenuImg>
            <contenuImg CS="0.63" lang="en" source="ibm">bootjack</contenuImg>
            <contenuImg CS="0.759" lang="en" source="ibm">garment</contenuImg>
            <contenuImg CS="0.759" lang="en" source="ibm">undergarment</contenuImg>
            <contenuImg CS="0.759" lang="en" source="ibm">underwear</contenuImg>
            <contenuImg CS="0.758" lang="en" source="ibm">lingerie</contenuImg>
            <fonction source="final">repro/dessin</fonction>
            <fonction source="md">repro/dessin</fonction>
            <tech source="final">imp photoméca</tech>
            <tech source="md">imp photoméca</tech>
            <genre source="hm" time="2020-12-14T10:21:06.614+01:00">publicité</genre>
            <genre source="final">publicité</genre>
          </ill>
        </ills>
      </page>
      <page hauteurPx="5103" largeurPx="3691" ordre="4">
        <nbMot>66</nbMot>
        <blocTexte>5</blocTexte>
        <blocTab>0</blocTab>
        <blocPub>0</blocPub>
        <blocIll ocr="1">1</blocIll>
        <ills/>
      </page>
      <page hauteurPx="5017" largeurPx="3671" ordre="5">
        <nbMot>615</nbMot>
        <blocTexte>21</blocTexte>
        <blocTab>0</blocTab>
        <blocPub>0</blocPub>
        <blocIll ocr="1">1</blocIll>
        <ills/>
      </page>
      <page hauteurPx="5029" largeurPx="3581" ordre="6">
        <nbMot>636</nbMot>
        <blocTexte>9</blocTexte>
        <blocTab>0</blocTab>
        <blocPub>0</blocPub>
        <blocIll ocr="1">1</blocIll>
        <ills/>
      </page>
      <page hauteurPx="5013" largeurPx="3665" ordre="7">
        <nbMot>662</nbMot>
        <blocTexte>12</blocTexte>
        <blocTab>0</blocTab>
        <blocPub>0</blocPub>
        <blocIll ocr="1">1</blocIll>
        <ills/>
      </page>
      <page hauteurPx="5021" largeurPx="3645" ordre="8">
        <nbMot>636</nbMot>
        <blocTexte>10</blocTexte>
        <blocTab>0</blocTab>
        <blocPub>0</blocPub>
        <blocIll ocr="1">1</blocIll>
        <ills/>
      </page>
      <page hauteurPx="5019" largeurPx="3695" ordre="9">
        <nbMot>204</nbMot>
        <blocTexte>9</blocTexte>
        <blocTab>0</blocTab>
        <blocPub>0</blocPub>
        <blocIll ocr="3">3</blocIll>
        <ills/>
      </page>
      <page hauteurPx="5035" largeurPx="3701" ordre="10">
        <nbMot>978</nbMot>
        <blocTexte>24</blocTexte>
        <blocTab>0</blocTab>
        <blocPub>0</blocPub>
        <blocIll ocr="2">2</blocIll>
        <ills/>
      </page>
      <page hauteurPx="4997" largeurPx="3665" ordre="11">
        <nbMot>690</nbMot>
        <blocTexte>17</blocTexte>
        <blocTab>0</blocTab>
        <blocPub>0</blocPub>
        <blocIll ocr="3">3</blocIll>
        <ills/>
      </page>
      <page hauteurPx="5121" largeurPx="3743" ordre="12">
        <nbMot>226</nbMot>
        <blocTexte>12</blocTexte>
        <blocTab>0</blocTab>
        <blocPub>0</blocPub>
        <blocIll ocr="3">3</blocIll>
        <ills/>
      </page>
      <page hauteurPx="4997" largeurPx="3657" ordre="13">
        <nbMot>243</nbMot>
        <blocTexte>12</blocTexte>
        <blocTab>0</blocTab>
        <blocPub>0</blocPub>
        <blocIll ocr="3">3</blocIll>
        <ills/>
      </page>
      <page hauteurPx="5045" largeurPx="3713" ordre="14">
        <nbMot>132</nbMot>
        <blocTexte>6</blocTexte>
        <blocTab>0</blocTab>
        <blocPub>0</blocPub>
        <blocIll ocr="3">3</blocIll>
        <ills/>
      </page>
      <page hauteurPx="4997" largeurPx="3645" ordre="15">
        <nbMot>561</nbMot>
        <blocTexte>20</blocTexte>
        <blocTab>0</blocTab>
        <blocPub>0</blocPub>
        <blocIll ocr="4">4</blocIll>
        <ills/>
      </page>
      <page hauteurPx="5057" largeurPx="3689" ordre="16">
        <nbMot>217</nbMot>
        <blocTexte>7</blocTexte>
        <blocTab>0</blocTab>
        <blocPub>0</blocPub>
        <blocIll ocr="3">3</blocIll>
        <ills/>
      </page>
      <page hauteurPx="5027" largeurPx="3687" ordre="17">
        <nbMot>775</nbMot>
        <blocTexte>25</blocTexte>
        <blocTab>0</blocTab>
        <blocPub>0</blocPub>
        <blocIll ocr="5">5</blocIll>
        <ills/>
      </page>
      <page hauteurPx="5081" largeurPx="3721" ordre="18">
        <nbMot>208</nbMot>
        <blocTexte>9</blocTexte>
        <blocTab>0</blocTab>
        <blocPub>0</blocPub>
        <blocIll ocr="2">2</blocIll>
        <ills/>
      </page>
      <page hauteurPx="4997" largeurPx="3645" ordre="19">
        <nbMot>213</nbMot>
        <blocTexte>12</blocTexte>
        <blocTab>0</blocTab>
        <blocPub>0</blocPub>
        <blocIll ocr="3">3</blocIll>
        <ills/>
      </page>
      <page hauteurPx="5037" largeurPx="3661" ordre="20">
        <nbMot>287</nbMot>
        <blocTexte>16</blocTexte>
        <blocTab>0</blocTab>
        <blocPub>0</blocPub>
        <blocIll ocr="2">2</blocIll>
        <ills/>
      </page>
      <page hauteurPx="4997" largeurPx="3657" ordre="21">
        <nbMot>209</nbMot>
        <blocTexte>10</blocTexte>
        <blocTab>0</blocTab>
        <blocPub>0</blocPub>
        <blocIll ocr="5">5</blocIll>
        <ills/>
      </page>
      <page hauteurPx="5025" largeurPx="3645" ordre="22">
        <nbMot>243</nbMot>
        <blocTexte>14</blocTexte>
        <blocTab>0</blocTab>
        <blocPub>0</blocPub>
        <blocIll ocr="4">4</blocIll>
        <ills/>
      </page>
      <page hauteurPx="5017" largeurPx="3657" ordre="23">
        <nbMot>948</nbMot>
        <blocTexte>23</blocTexte>
        <blocTab>0</blocTab>
        <blocPub>0</blocPub>
        <blocIll ocr="1">5</blocIll>
        <ills/>
      </page>
      <page hauteurPx="5039" largeurPx="3663" ordre="24">
        <nbMot>108</nbMot>
        <blocTexte>4</blocTexte>
        <blocTab>0</blocTab>
        <blocPub>0</blocPub>
        <blocIll ocr="1">1</blocIll>
        <ills/>
      </page>
      <page hauteurPx="5059" largeurPx="3715" ordre="25">
        <nbMot>998</nbMot>
        <blocTexte>25</blocTexte>
        <blocTab>0</blocTab>
        <blocPub>0</blocPub>
        <ills/>
        <blocIll ocr="0">1</blocIll>
      </page>
      <page hauteurPx="5059" largeurPx="3691" ordre="26">
        <nbMot>534</nbMot>
        <blocTexte>15</blocTexte>
        <blocTab>0</blocTab>
        <blocPub>0</blocPub>
        <blocIll ocr="4">4</blocIll>
        <ills/>
      </page>
      <page hauteurPx="5029" largeurPx="3675" ordre="27">
        <nbMot>618</nbMot>
        <blocTexte>16</blocTexte>
        <blocTab>0</blocTab>
        <blocPub>0</blocPub>
        <blocIll ocr="4">4</blocIll>
        <ills/>
      </page>
      <page hauteurPx="5025" largeurPx="3645" ordre="28">
        <nbMot>143</nbMot>
        <blocTexte>6</blocTexte>
        <blocTab>0</blocTab>
        <blocPub>0</blocPub>
        <blocIll ocr="2">2</blocIll>
        <ills/>
      </page>
      <page hauteurPx="5041" largeurPx="3705" ordre="29">
        <nbMot>148</nbMot>
        <blocTexte>7</blocTexte>
        <blocTab>0</blocTab>
        <blocPub>0</blocPub>
        <blocIll ocr="2">2</blocIll>
        <ills/>
      </page>
      <page hauteurPx="5071" largeurPx="3707" ordre="30">
        <nbMot>104</nbMot>
        <blocTexte>9</blocTexte>
        <blocTab>0</blocTab>
        <blocPub>0</blocPub>
        <blocIll ocr="1">3</blocIll>
        <ills/>
      </page>
      <page hauteurPx="5075" largeurPx="3753" ordre="31">
        <nbMot>77</nbMot>
        <blocTexte>5</blocTexte>
        <blocTab>0</blocTab>
        <blocPub>0</blocPub>
        <blocIll ocr="2">2</blocIll>
        <ills/>
      </page>
      <page hauteurPx="5029" largeurPx="3661" ordre="32">
        <nbMot>174</nbMot>
        <blocTexte>9</blocTexte>
        <blocTab>0</blocTab>
        <blocPub>0</blocPub>
        <blocIll ocr="5">5</blocIll>
        <ills/>
      </page>
      <page hauteurPx="5017" largeurPx="3673" ordre="33">
        <nbMot>223</nbMot>
        <blocTexte>13</blocTexte>
        <blocTab>0</blocTab>
        <blocPub>0</blocPub>
        <blocIll ocr="5">5</blocIll>
        <ills/>
      </page>
      <page hauteurPx="5029" largeurPx="3661" ordre="34">
        <nbMot>31</nbMot>
        <blocTexte>3</blocTexte>
        <blocTab>0</blocTab>
        <blocPub>0</blocPub>
        <blocIll ocr="1">1</blocIll>
        <ills/>
      </page>
      <page hauteurPx="5017" largeurPx="3673" ordre="35">
        <nbMot>170</nbMot>
        <blocTexte>8</blocTexte>
        <blocTab>0</blocTab>
        <blocPub>0</blocPub>
        <blocIll ocr="4">5</blocIll>
        <ills/>
      </page>
      <page hauteurPx="5029" largeurPx="3661" ordre="36">
        <nbMot>143</nbMot>
        <blocTexte>8</blocTexte>
        <blocTab>0</blocTab>
        <blocPub>0</blocPub>
        <blocIll ocr="4">4</blocIll>
        <ills/>
      </page>
      <page hauteurPx="5031" largeurPx="3703" ordre="37">
        <nbMot>26</nbMot>
        <blocTexte>3</blocTexte>
        <blocTab>0</blocTab>
        <blocPub>0</blocPub>
        <blocIll ocr="1">1</blocIll>
        <ills/>
      </page>
      <page hauteurPx="5043" largeurPx="3679" ordre="38">
        <nbMot>22</nbMot>
        <blocTexte>3</blocTexte>
        <blocTab>0</blocTab>
        <blocPub>0</blocPub>
        <blocIll ocr="1">1</blocIll>
        <ills/>
      </page>
      <page hauteurPx="5017" largeurPx="3713" ordre="39">
        <nbMot>306</nbMot>
        <blocTexte>12</blocTexte>
        <blocTab>0</blocTab>
        <blocPub>0</blocPub>
        <blocIll ocr="1">6</blocIll>
        <ills/>
      </page>
      <page hauteurPx="5051" largeurPx="3691" ordre="40">
        <nbMot>247</nbMot>
        <blocTexte>10</blocTexte>
        <blocTab>0</blocTab>
        <blocPub>0</blocPub>
        <blocIll ocr="1">4</blocIll>
        <ills/>
      </page>
      <page hauteurPx="5045" largeurPx="3735" ordre="41">
        <nbMot>322</nbMot>
        <blocTexte>12</blocTexte>
        <blocTab>0</blocTab>
        <blocPub>0</blocPub>
        <blocIll ocr="2">2</blocIll>
        <ills/>
      </page>
      <page hauteurPx="5093" largeurPx="3743" ordre="42">
        <nbMot>179</nbMot>
        <blocTexte>7</blocTexte>
        <blocTab>0</blocTab>
        <blocPub>0</blocPub>
        <blocIll ocr="3">3</blocIll>
        <ills/>
      </page>
      <page hauteurPx="5045" largeurPx="3741" ordre="43">
        <nbMot>167</nbMot>
        <blocTexte>6</blocTexte>
        <blocTab>0</blocTab>
        <blocPub>0</blocPub>
        <blocIll ocr="3">3</blocIll>
        <ills/>
      </page>
      <page hauteurPx="5067" largeurPx="3707" ordre="44">
        <nbMot>285</nbMot>
        <blocTexte>10</blocTexte>
        <blocTab>0</blocTab>
        <blocPub>0</blocPub>
        <blocIll ocr="4">4</blocIll>
        <ills/>
      </page>
      <page hauteurPx="5079" largeurPx="3833" ordre="45">
        <nbMot>231</nbMot>
        <blocTexte>9</blocTexte>
        <blocTab>0</blocTab>
        <blocPub>0</blocPub>
        <blocIll ocr="2">2</blocIll>
        <ills/>
      </page>
      <page hauteurPx="5077" largeurPx="3701" ordre="46">
        <nbMot>286</nbMot>
        <blocTexte>9</blocTexte>
        <blocTab>0</blocTab>
        <blocPub>0</blocPub>
        <blocIll ocr="6">6</blocIll>
        <ills/>
      </page>
      <page hauteurPx="5043" largeurPx="3783" ordre="47">
        <nbMot>562</nbMot>
        <blocTexte>20</blocTexte>
        <blocTab>0</blocTab>
        <blocPub>0</blocPub>
        <blocIll ocr="3">3</blocIll>
        <ills/>
      </page>
      <page hauteurPx="5057" largeurPx="3673" ordre="48">
        <nbMot>250</nbMot>
        <blocTexte>12</blocTexte>
        <blocTab>0</blocTab>
        <blocPub>0</blocPub>
        <blocIll ocr="7">7</blocIll>
        <ills/>
      </page>
      <page hauteurPx="5039" largeurPx="3761" ordre="49">
        <nbMot>205</nbMot>
        <blocTexte>19</blocTexte>
        <blocTab>0</blocTab>
        <blocPub>0</blocPub>
        <blocIll ocr="9">9</blocIll>
        <ills/>
      </page>
      <page hauteurPx="5045" largeurPx="3657" ordre="50">
        <nbMot>205</nbMot>
        <blocTexte>15</blocTexte>
        <blocTab>0</blocTab>
        <blocPub>0</blocPub>
        <blocIll ocr="8">8</blocIll>
        <ills/>
      </page>
      <page hauteurPx="5033" largeurPx="3755" ordre="51">
        <nbMot>800</nbMot>
        <blocTexte>23</blocTexte>
        <blocTab>0</blocTab>
        <blocPub>3</blocPub>
        <blocIll ocr="3">3</blocIll>
        <ills>
          <ill classif="CCyolo CCibm" couleur="gris" h="2211" n="51-3" pub="1" taille="1" w="1631" x="1955" y="290">
            <contenuImg CS="0.966" lang="fr" source="ibm">salle d'étude</contenuImg>
            <contenuImg CS="0.715" coul="1" lang="fr" source="ibm">noir</contenuImg>
            <contenuImg CS="0.602" coul="1" lang="fr" source="ibm">gris</contenuImg>
            <contenuImg CS="0.602" coul="1" lang="en" source="ibm">gray color</contenuImg>
            <contenuImg CS="0.715" coul="1" lang="en" source="ibm">black color</contenuImg>
            <contenuImg CS="0.966" lang="en" source="ibm">study</contenuImg>
            <contenuImg CS="0.51" h="1483" lang="fr" source="yolo" w="426" x="566" y="580">personne</contenuImg>
            <contenuImg CS="0.51" h="1483" lang="en" source="yolo" w="426" x="566" y="580">person</contenuImg>
            <genre source="final">publicité</genre>
            <genre source="md">publicité</genre>
            <fonction source="final">repro/dessin</fonction>
            <tech source="final">imp photoméca</tech>
            <fonction CS="0.67" source="TensorFlow">repro/dessin</fonction>
            <tech CS="1" source="md">imp photoméca</tech>
            <leg>rAP r FFRRAT 1 ENTRE NICE ET CAP FERRAT MONTE-CARLO GRAND HOTEL FERRAS MAGNIFIQUE SITUATION PARC 7 HECTARES</leg>
            <txt>M. H. Maria Guy a toujours préféré aux formes un peu rigides des chapeliers, les drapés de tissus où elle se surpasse. Dans les trois modèles que nous reproduisons en haut de la page 13, nous voyons de la fourrure. En gros boutons de fourrure marron, sur du satin noir, à gauche, en grandes coques de kolinsky sur du velours noir au milieu, en frange de Mongolie gris retombant négligemment sur le relevé de velours noir à droite.</txt>
          </ill>
        </ills>
      </page>
      <page hauteurPx="5075" largeurPx="3697" ordre="52">
        <nbMot>176</nbMot>
        <blocTexte>14</blocTexte>
        <blocTab>0</blocTab>
        <blocPub>12</blocPub>
        <blocIll ocr="1">4</blocIll>
        <ills>
          <ill classif="CCibm CCyolo" couleur="gris" edit="true" h="582" n="52-1" pub="1" seg="1" source="hm" taille="0" w="501" x="2880" y="737">
            <contenuImg CS="0.777" lang="fr" source="ibm">personne</contenuImg>
            <contenuImg CS="0.947" lang="fr" source="ibm">stylo et encre</contenuImg>
            <contenuImg CS="0.5" lang="fr" source="ibm">salle d'étude</contenuImg>
            <contenuImg CS="0.976" coul="1" lang="fr" source="ibm">noir</contenuImg>
            <contenuImg CS="0.58" h="546" lang="fr" source="yolo" w="490" x="0" y="30">moniteur</contenuImg>
            <contenuImg CS="0.50" h="100" lang="fr" source="yolo" w="56" x="323" y="250">cravate</contenuImg>
            <contenuImg CS="0.50" h="100" lang="en" source="yolo" w="56" x="323" y="250">tie</contenuImg>
            <contenuImg CS="0.58" h="546" lang="en" source="yolo" w="490" x="0" y="30">tvmonitor</contenuImg>
            <contenuImg CS="0.976" coul="1" lang="en" source="ibm">black color</contenuImg>
            <contenuImg CS="0.5" lang="en" source="ibm">study</contenuImg>
            <contenuImg CS="0.947" lang="en" source="ibm">pen-and-ink</contenuImg>
            <contenuImg CS="0.777" lang="en" source="ibm">person</contenuImg>
            <genre source="final">publicité</genre>
            <genre source="md">publicité</genre>
            <fonction source="final">repro/dessin</fonction>
            <tech source="final">imp photoméca</tech>
            <fonction CS="0.81" source="TensorFlow">repro/dessin</fonction>
            <tech CS="1" source="md">imp photoméca</tech>
            <leg>,/)? fi : ¡  ,!  ,.;,,,,,;i l ,r I g^ea/ Deux jolis cadeaux C est le suprême confort pour une charmante bbV en voyage cette mallette fumeuse, un fume-cid auto en maroquin vert, garettes en ivoire et avec garniture en argent jais, un étui à cigaTrès élégante cette doré, cristal et ivoire. rettes argent et or. montre tonneau avec bracelet en daim gris. Deux nouveautés charRien de plus coquet Ce Saint Christophe mantes que ces porte-billets, que ce gentil poudrier émail rouille et marl un en moire noire avec en or. ron, est le portegrébiches, l autre en marobonheur des automoquin noir avec grébiches or. bilistes.</leg>
            <txt>Ils viennent de chez MAPPIN   WEBB Oh ! sûrement ces cadeaux plairont à Madame.</txt>
          </ill>
          <ill classif="CCibm CCyolo" couleur="gris" edit="1" h="2621" n="52-2" pub="1" seg="1" source="hm" time="2020-12-14T11:07:28.325+01:00" w="1475" x="284" y="660">
            <txt source="google">"Claude - ",</txt>
            <contenuImg CS="0.634" lang="fr" source="ibm">stylo et encre</contenuImg>
            <contenuImg CS="0.5" lang="fr" source="ibm">salle d'étude</contenuImg>
            <contenuImg CS="0.763" coul="1" lang="fr" source="ibm">gris</contenuImg>
            <contenuImg CS="0.74" coul="1" lang="fr" source="ibm">gris cendré</contenuImg>
            <contenuImg CS="0.27" h="2633" lang="fr" source="yolo" w="1440" x="3" y="16">parapluie</contenuImg>
            <contenuImg CS="0.27" h="2633" lang="en" source="yolo" w="1440" x="3" y="16">umbrella</contenuImg>
            <contenuImg CS="0.74" coul="1" lang="en" source="ibm">ash grey color</contenuImg>
            <contenuImg CS="0.763" coul="1" lang="en" source="ibm">gray color</contenuImg>
            <contenuImg CS="0.5" lang="en" source="ibm">study</contenuImg>
            <contenuImg CS="0.634" lang="en" source="ibm">pen-and-ink</contenuImg>
            <fonction source="final">repro/dessin</fonction>
            <fonction source="md">repro/dessin</fonction>
            <tech source="final">imp photoméca</tech>
            <tech source="md">imp photoméca</tech>
            <genre source="hm" time="2020-12-14T11:07:48.994+01:00">publicité</genre>
            <genre source="final">publicité</genre>
          </ill>
          <ill classif="CCibm CCyolo" couleur="gris" edit="1" h="810" n="52-3" pub="1" seg="1" source="hm" time="2020-12-14T11:07:52.239+01:00" w="1503" x="1884" y="1649">
            <txt source="google">"2 - . - 4 - Deux jolis cadeaux - pour une charmante - fumeuse, un fume-ci- - C'est le supreme confort - en voyage cette mallette - d'auto en maroquin vert, - ",</txt>
            <contenuImg CS="0.729" lang="fr" source="ibm">instrument de mesure</contenuImg>
            <contenuImg CS="0.559" lang="fr" source="ibm">marteau</contenuImg>
            <contenuImg CS="0.605" lang="fr" source="ibm">outil</contenuImg>
            <contenuImg CS="0.5" lang="fr" source="ibm">pied à coulisse</contenuImg>
            <contenuImg CS="0.995" coul="1" lang="fr" source="ibm">gris</contenuImg>
            <contenuImg CS="0.93" h="133" lang="fr" source="yolo" w="116" x="766" y="210">montre</contenuImg>
            <contenuImg CS="0.93" h="133" lang="en" source="yolo" w="116" x="766" y="210">clock</contenuImg>
            <contenuImg CS="0.995" coul="1" lang="en" source="ibm">gray color</contenuImg>
            <contenuImg CS="0.5" lang="en" source="ibm">caliper instrument</contenuImg>
            <contenuImg CS="0.605" lang="en" source="ibm">tool</contenuImg>
            <contenuImg CS="0.559" lang="en" source="ibm">hammer</contenuImg>
            <contenuImg CS="0.729" lang="en" source="ibm">measuring instrument</contenuImg>
            <contenuImg CS="0.643" lang="en" source="ibm">vernier caliper</contenuImg>
            <fonction source="final">repro/dessin</fonction>
            <fonction source="md">repro/dessin</fonction>
            <tech source="final">imp photoméca</tech>
            <tech source="md">imp photoméca</tech>
            <genre source="hm" time="2020-12-14T11:08:36.748+01:00">publicité</genre>
            <genre source="final">publicité</genre>
          </ill>
          <ill classif="CCibm" couleur="gris" edit="1" h="676" n="52-4" pub="1" seg="1" source="hm" time="2020-12-14T11:08:20.93+01:00" w="1539" x="1876" y="2610">
            <txt source="google">"AWARAN - HESAVE PATA - KATEA - HEALTH - MATA - ",</txt>
            <contenuImg CS="0.706" lang="fr" source="ibm">poinçon</contenuImg>
            <contenuImg CS="0.5" lang="fr" source="ibm">timbre</contenuImg>
            <contenuImg CS="0.501" lang="fr" source="ibm">outil</contenuImg>
            <contenuImg CS="0.942" coul="1" lang="fr" source="ibm">gris</contenuImg>
            <contenuImg CS="0.827" coul="1" lang="fr" source="ibm">charbon (couleur)</contenuImg>
            <contenuImg CS="0.827" coul="1" lang="en" source="ibm">charcoal color</contenuImg>
            <contenuImg CS="0.942" coul="1" lang="en" source="ibm">gray color</contenuImg>
            <contenuImg CS="0.501" lang="en" source="ibm">tool</contenuImg>
            <contenuImg CS="0.5" lang="en" source="ibm">stamp</contenuImg>
            <contenuImg CS="0.706" lang="en" source="ibm">handstamp</contenuImg>
            <fonction source="final">repro/dessin</fonction>
            <fonction source="md">repro/dessin</fonction>
            <tech source="final">imp photoméca</tech>
            <tech source="md">imp photoméca</tech>
            <genre source="hm" time="2020-12-14T11:08:38.294+01:00">publicité</genre>
            <genre source="final">publicité</genre>
          </ill>
        </ills>
      </page>
      <page hauteurPx="5017" largeurPx="3733" ordre="53">
        <nbMot>247</nbMot>
        <blocTexte>22</blocTexte>
        <blocTab>0</blocTab>
        <blocPub>20</blocPub>
        <blocIll ocr="5">7</blocIll>
        <ills>
          <ill classif="CCibm CCyolo" couleur="gris" edit="1" h="962" n="53-1" pub="1" seg="1" source="hm" taille="0" w="988" x="263" y="694">
            <contenuImg CS="0.699" lang="fr" source="ibm">dentelle de Bruxelles</contenuImg>
            <contenuImg CS="0.708" lang="fr" source="ibm">dentelle</contenuImg>
            <contenuImg CS="0.708" lang="fr" source="ibm">tissu</contenuImg>
            <contenuImg CS="0.5" lang="fr" source="ibm">pavé (bijoux)</contenuImg>
            <contenuImg CS="0.5" lang="fr" source="ibm">cadre</contenuImg>
            <contenuImg CS="0.5" lang="fr" source="ibm">structure porteuse</contenuImg>
            <contenuImg CS="0.595" lang="fr" source="ibm">ustensile</contenuImg>
            <contenuImg CS="0.599" lang="fr" source="ibm">coiffure</contenuImg>
            <contenuImg CS="0.944" coul="1" lang="fr" source="ibm">ivoire (couleur)</contenuImg>
            <contenuImg CS="0.891" coul="1" lang="fr" source="ibm">sauge</contenuImg>
            <contenuImg CS="0.86" h="783" lang="fr" source="yolo" w="903" x="33" y="93">montre</contenuImg>
            <contenuImg CS="0.86" h="783" lang="en" source="yolo" w="903" x="33" y="93">clock</contenuImg>
            <contenuImg CS="0.891" coul="1" lang="en" source="ibm">sage green color</contenuImg>
            <contenuImg CS="0.944" coul="1" lang="en" source="ibm">ivory color</contenuImg>
            <contenuImg CS="0.599" lang="en" source="ibm">headdress</contenuImg>
            <contenuImg CS="0.595" lang="en" source="ibm">utensil</contenuImg>
            <contenuImg CS="0.5" lang="en" source="ibm">supporting structure</contenuImg>
            <contenuImg CS="0.5" lang="en" source="ibm">framework</contenuImg>
            <contenuImg CS="0.5" lang="en" source="ibm">pave (jewelry)</contenuImg>
            <contenuImg CS="0.708" lang="en" source="ibm">fabric</contenuImg>
            <contenuImg CS="0.708" lang="en" source="ibm">lace</contenuImg>
            <contenuImg CS="0.699" lang="en" source="ibm">Brussels lace</contenuImg>
            <fonction source="final">repro/dessin</fonction>
            <tech source="final">imp photoméca</tech>
            <fonction CS="0.49" source="TensorFlow">repro/dessin</fonction>
            <tech CS="1" source="md">imp photoméca</tech>
            <leg>AUX MILLE ET UNE NUITS 8, CHAUSSÉE D ANTIN PARIS î~ ~~e Sy  ?/  £ ■ ~A d ¿c..$-/ -S/,o£k-/;f.Sa Téléph. Louvre 38-47 390, Rue Saint-Honoré 36-18 108, Boul. Haussmann ALFRED HEMSY Joaillier</leg>
            <txt>ET DE JOUR DE LAN J5 Décembre 51</txt>
            <genre source="hm" time="2020-12-14T11:09:08.31+01:00">publicité</genre>
            <genre source="final">publicité</genre>
          </ill>
          <ill classif="CCibm" couleur="gris" edit="true" h="488" n="53-2" pub="1" seg="1" source="hm" taille="0" w="971" x="285" y="3768">
            <contenuImg CS="0.909" lang="fr" source="ibm">dentelle de Bruxelles</contenuImg>
            <contenuImg CS="0.973" lang="fr" source="ibm">dentelle</contenuImg>
            <contenuImg CS="0.973" lang="fr" source="ibm">tissu</contenuImg>
            <contenuImg CS="0.542" lang="fr" source="ibm">point d'aiguille</contenuImg>
            <contenuImg CS="0.5" lang="fr" source="ibm">dentelle de Valenciennes</contenuImg>
            <contenuImg CS="0.782" lang="fr" source="ibm">travaux d'aiguille</contenuImg>
            <contenuImg CS="0.929" coul="1" lang="fr" source="ibm">gris cendré</contenuImg>
            <contenuImg CS="0.788" coul="1" lang="fr" source="ibm">gris</contenuImg>
            <contenuImg CS="0.788" coul="1" lang="en" source="ibm">gray color</contenuImg>
            <contenuImg CS="0.929" coul="1" lang="en" source="ibm">ash grey color</contenuImg>
            <contenuImg CS="0.782" lang="en" source="ibm">needlework</contenuImg>
            <contenuImg CS="0.5" lang="en" source="ibm">Valenciennes lace</contenuImg>
            <contenuImg CS="0.542" lang="en" source="ibm">needlepoint</contenuImg>
            <contenuImg CS="0.973" lang="en" source="ibm">fabric</contenuImg>
            <contenuImg CS="0.973" lang="en" source="ibm">lace</contenuImg>
            <contenuImg CS="0.909" lang="en" source="ibm">Brussels lace</contenuImg>
            <tech source="final">imp photoméca</tech>
            <fonction CS="0.88" source="TensorFlow">repro/dessin</fonction>
            <tech CS="1" source="md">imp photoméca</tech>
            <leg>Pochette velours brodée perles acier PARIS CANNES 277, Boulevard rue Saint-Honoré de la Croisette l --~ --- 1 r 1 1 Ir~ td =QF.)5 e ~,~</leg>
            <txt>HEMSY Joaillier ALFRED</txt>
            <fonction source="hm" time="2020-10-29T20:10:03.47+01:00">repro/photo</fonction>
            <fonction source="final">repro/photo</fonction>
            <genre source="hm" time="2020-12-14T11:09:47.243+01:00">publicité</genre>
            <genre source="final">publicité</genre>
          </ill>
          <ill classif="CCibm" couleur="gris" edit="true" h="575" n="53-3" pub="1" seg="1" source="hm" taille="0" w="565" x="1633" y="2021">
            <contenuImg CS="0.705" lang="fr" source="ibm">paillasson</contenuImg>
            <contenuImg CS="0.807" lang="fr" source="ibm">revêtement de sol</contenuImg>
            <contenuImg CS="0.5" lang="fr" source="ibm">moquette</contenuImg>
            <contenuImg CS="0.511" lang="fr" source="ibm">couverture</contenuImg>
            <contenuImg CS="0.8" lang="fr" source="ibm">tissu</contenuImg>
            <contenuImg CS="0.859" coul="1" lang="fr" source="ibm">beige</contenuImg>
            <contenuImg CS="0.84" coul="1" lang="fr" source="ibm">vert olive</contenuImg>
            <contenuImg CS="0.84" coul="1" lang="en" source="ibm">olive green color</contenuImg>
            <contenuImg CS="0.859" coul="1" lang="en" source="ibm">beige color</contenuImg>
            <contenuImg CS="0.8" lang="en" source="ibm">fabric</contenuImg>
            <contenuImg CS="0.511" lang="en" source="ibm">rug</contenuImg>
            <contenuImg CS="0.5" lang="en" source="ibm">broadloom (carpet)</contenuImg>
            <contenuImg CS="0.807" lang="en" source="ibm">floor cover</contenuImg>
            <contenuImg CS="0.705" lang="en" source="ibm">doormat</contenuImg>
            <tech source="final">imp photoméca</tech>
            <fonction CS="0.56" source="TensorFlow">repro/dessin</fonction>
            <tech CS="1" source="md">imp photoméca</tech>
            <leg>COUVRE-PIEDS INTÉRIEUR DUVET DE CYGNE SATIN SUPÉRIEUR DOUBLÉ SIMILI Berceau arrondi 36 fr.</leg>
            <txt>1 Ir~ td =QF.)5 e ~,~ 1 r 1</txt>
            <fonction source="hm" time="2020-10-29T20:10:05.541+01:00">repro/photo</fonction>
            <fonction source="final">repro/photo</fonction>
            <genre source="hm" time="2020-12-14T11:09:43.001+01:00">publicité</genre>
            <genre source="final">publicité</genre>
          </ill>
          <ill classif="CCibm CCyolo" couleur="gris" edit="1" h="700" n="53-4" pub="1" seg="1" source="hm" taille="0" w="427" x="1984" y="3471">
            <contenuImg CS="0.947" lang="fr" source="ibm">salle d'étude</contenuImg>
            <contenuImg CS="0.731" lang="fr" source="ibm">stylo et encre</contenuImg>
            <contenuImg CS="0.667" coul="1" lang="fr" source="ibm">albâtre</contenuImg>
            <contenuImg CS="0.61" coul="1" lang="fr" source="ibm">émeraude (couleur)</contenuImg>
            <contenuImg CS="0.83" h="660" lang="fr" source="yolo" w="406" x="6" y="30">personne</contenuImg>
            <contenuImg CS="0.83" h="660" lang="en" source="yolo" w="406" x="6" y="30">person</contenuImg>
            <contenuImg CS="0.61" coul="1" lang="en" source="ibm">emerald color</contenuImg>
            <contenuImg CS="0.667" coul="1" lang="en" source="ibm">alabaster color</contenuImg>
            <contenuImg CS="0.731" lang="en" source="ibm">pen-and-ink</contenuImg>
            <contenuImg CS="0.947" lang="en" source="ibm">study</contenuImg>
            <fonction source="final">repro/dessin</fonction>
            <tech source="final">imp photoméca</tech>
            <fonction CS="0.95" source="TensorFlow">repro/dessin</fonction>
            <tech CS="1" source="md">imp photoméca</tech>
            <leg>V. DARSY Seul préparateur des produits du Docteur Dys</leg>
            <txt>Quel est le cadeau qui pourrait plaire davantage ? Une boîte de SACHETS du Dr DYS qui parfument si délicatement l eau tout en donnant un teint frais et un velouté exquis à l épiderme.</txt>
            <genre source="hm" time="2020-12-14T11:09:45.13+01:00">publicité</genre>
            <genre source="final">publicité</genre>
          </ill>
          <ill classif="CCibm" couleur="gris" h="1287" n="53-5" pub="1" taille="0" w="915" x="2581" y="658">
            <contenuImg CS="0.622" lang="fr" source="ibm">tondeuse</contenuImg>
            <contenuImg CS="0.715" lang="fr" source="ibm">coupe-cigare</contenuImg>
            <contenuImg CS="0.9" lang="fr" source="ibm">coutellerie</contenuImg>
            <contenuImg CS="0.901" lang="fr" source="ibm">outil</contenuImg>
            <contenuImg CS="0.698" lang="fr" source="ibm">paire de ciseaux</contenuImg>
            <contenuImg CS="0.5" lang="fr" source="ibm">instrument chirurgical</contenuImg>
            <contenuImg CS="0.513" lang="fr" source="ibm">instrument médical</contenuImg>
            <contenuImg CS="0.784" lang="fr" source="ibm">ustensile</contenuImg>
            <contenuImg CS="0.947" coul="1" lang="fr" source="ibm">gris</contenuImg>
            <contenuImg CS="0.709" coul="1" lang="fr" source="ibm">gris cendré</contenuImg>
            <contenuImg CS="0.709" coul="1" lang="en" source="ibm">ash grey color</contenuImg>
            <contenuImg CS="0.947" coul="1" lang="en" source="ibm">gray color</contenuImg>
            <contenuImg CS="0.784" lang="en" source="ibm">utensil</contenuImg>
            <contenuImg CS="0.513" lang="en" source="ibm">medical instrument</contenuImg>
            <contenuImg CS="0.5" lang="en" source="ibm">surgical instrument</contenuImg>
            <contenuImg CS="0.698" lang="en" source="ibm">pair of scissors</contenuImg>
            <contenuImg CS="0.622" lang="en" source="ibm">clipper</contenuImg>
            <contenuImg CS="0.901" lang="en" source="ibm">tool</contenuImg>
            <contenuImg CS="0.9" lang="en" source="ibm">cutlery</contenuImg>
            <contenuImg CS="0.715" lang="en" source="ibm">cigar cutter</contenuImg>
            <genre source="final">publicité</genre>
            <genre source="md">publicité</genre>
            <fonction source="final">repro/dessin</fonction>
            <tech source="final">imp photoméca</tech>
            <fonction CS="0.56" source="TensorFlow">repro/dessin</fonction>
            <tech CS="1" source="md">imp photoméca</tech>
            <leg>Q jelcj6ias ur?5 des Articles pour Cadeaux de la maison .lUX  rOf{,TUES55 Boulevard rlausjmann PARIS</leg>
            <txt>54, Faubourg Saint-Honoré, 54 PARIS V. DARSY Seul préparateur des produits du Docteur Dys</txt>
          </ill>
          <ill classif="CCibm CCyolo" couleur="gris" edit="1" h="1231" n="53-6" pub="1" seg="1" source="hm" time="2020-12-14T11:10:30.647+01:00" w="1051" x="1387" y="691">
            <txt source="google">"les ustensiles de Cuisine - aluminium pur - LA CARPE - 14 Rue Tronchet - PARIS - Tel Centre - ",</txt>
            <contenuImg CS="0.615" lang="fr" source="ibm">écu (héraldique)</contenuImg>
            <contenuImg CS="0.625" lang="fr" source="ibm">bouclier</contenuImg>
            <contenuImg CS="0.625" lang="fr" source="ibm">armure</contenuImg>
            <contenuImg CS="0.625" lang="fr" source="ibm">revêtement de protection</contenuImg>
            <contenuImg CS="0.511" lang="fr" source="ibm">blason</contenuImg>
            <contenuImg CS="0.511" lang="fr" source="ibm">arbre</contenuImg>
            <contenuImg CS="0.511" lang="fr" source="ibm">silhouette</contenuImg>
            <contenuImg CS="0.5" lang="fr" source="ibm">tétraskèle</contenuImg>
            <contenuImg CS="0.995" coul="1" lang="fr" source="ibm">gris</contenuImg>
            <contenuImg CS="0.38" h="1210" lang="fr" source="yolo" w="1040" x="10" y="16">train</contenuImg>
            <contenuImg CS="0.38" h="1210" lang="en" source="yolo" w="1040" x="10" y="16">train</contenuImg>
            <contenuImg CS="0.995" coul="1" lang="en" source="ibm">gray color</contenuImg>
            <contenuImg CS="0.5" lang="en" source="ibm">tetraskelion</contenuImg>
            <contenuImg CS="0.511" lang="en" source="ibm">figure</contenuImg>
            <contenuImg CS="0.511" lang="en" source="ibm">tree</contenuImg>
            <contenuImg CS="0.511" lang="en" source="ibm">stemma</contenuImg>
            <contenuImg CS="0.625" lang="en" source="ibm">protective covering</contenuImg>
            <contenuImg CS="0.625" lang="en" source="ibm">armor</contenuImg>
            <contenuImg CS="0.625" lang="en" source="ibm">shield</contenuImg>
            <contenuImg CS="0.615" lang="en" source="ibm">escutcheon shield</contenuImg>
            <fonction source="final">repro/dessin</fonction>
            <fonction source="md">repro/dessin</fonction>
            <tech source="final">imp photoméca</tech>
            <tech source="md">imp photoméca</tech>
            <genre source="hm" time="2020-12-14T11:10:46.317+01:00">publicité</genre>
            <genre source="final">publicité</genre>
          </ill>
          <ill classif="CCibm CCyolo" couleur="gris" edit="1" h="339" n="53-7" pub="1" seg="1" source="hm" time="2020-12-14T11:10:49.145+01:00" w="548" x="761" y="2352">
            <contenuImg CS="0.67" lang="fr" source="ibm">bacillus anthracis (bactérie)</contenuImg>
            <contenuImg CS="0.67" lang="fr" source="ibm">arme</contenuImg>
            <contenuImg CS="0.524" lang="fr" source="ibm">linogravure</contenuImg>
            <contenuImg CS="0.515" lang="fr" source="ibm">timbre papier</contenuImg>
            <contenuImg CS="0.515" lang="fr" source="ibm">document écrit</contenuImg>
            <contenuImg CS="0.5" lang="fr" source="ibm">stylo et encre</contenuImg>
            <contenuImg CS="0.591" lang="fr" source="ibm">micro-organisme</contenuImg>
            <contenuImg CS="0.959" coul="1" lang="fr" source="ibm">rouge châtain</contenuImg>
            <contenuImg CS="0.71" h="313" lang="fr" source="yolo" w="503" x="20" y="13">montre</contenuImg>
            <contenuImg CS="0.71" h="313" lang="en" source="yolo" w="503" x="20" y="13">clock</contenuImg>
            <contenuImg CS="0.959" coul="1" lang="en" source="ibm">chestnut red color</contenuImg>
            <contenuImg CS="0.591" lang="en" source="ibm">microorganism</contenuImg>
            <contenuImg CS="0.5" lang="en" source="ibm">pen-and-ink</contenuImg>
            <contenuImg CS="0.515" lang="en" source="ibm">written document</contenuImg>
            <contenuImg CS="0.515" lang="en" source="ibm">paper-based stamps/currency</contenuImg>
            <contenuImg CS="0.524" lang="en" source="ibm">linocut design</contenuImg>
            <contenuImg CS="0.67" lang="en" source="ibm">weapon</contenuImg>
            <contenuImg CS="0.67" lang="en" source="ibm">Bacillus anthracis (bacteria)</contenuImg>
            <fonction source="final">repro/dessin</fonction>
            <fonction source="md">repro/dessin</fonction>
            <tech source="final">imp photoméca</tech>
            <tech source="md">imp photoméca</tech>
            <genre source="hm" time="2020-12-14T11:11:09.202+01:00">publicité</genre>
            <genre source="final">publicité</genre>
          </ill>
        </ills>
      </page>
      <page hauteurPx="5071" largeurPx="3757" ordre="54">
        <nbMot>327</nbMot>
        <blocTexte>21</blocTexte>
        <blocTab>0</blocTab>
        <blocPub>12</blocPub>
        <blocIll ocr="1">4</blocIll>
        <ills>
          <ill classif="CCibm CCyolo" couleur="gris" edit="true" h="2381" n="54-1" pub="1" seg="1" source="hm" taille="0" w="788" x="2782" y="469">
            <contenuImg CS="0.599" lang="fr" source="ibm">personne</contenuImg>
            <contenuImg CS="0.582" lang="fr" source="ibm">costume marin</contenuImg>
            <contenuImg CS="0.587" lang="fr" source="ibm">tenue</contenuImg>
            <contenuImg CS="0.591" lang="fr" source="ibm">robe</contenuImg>
            <contenuImg CS="0.558" lang="fr" source="ibm">tabard (tunique)</contenuImg>
            <contenuImg CS="0.754" lang="fr" source="ibm">tunique</contenuImg>
            <contenuImg CS="0.758" lang="fr" source="ibm">manteau</contenuImg>
            <contenuImg CS="0.759" lang="fr" source="ibm">survêtement</contenuImg>
            <contenuImg CS="0.764" lang="fr" source="ibm">vêtement</contenuImg>
            <contenuImg CS="0.5" lang="fr" source="ibm">surcot</contenuImg>
            <contenuImg CS="0.601" lang="fr" source="ibm">vêtements</contenuImg>
            <contenuImg CS="0.86" coul="1" lang="fr" source="ibm">gris</contenuImg>
            <contenuImg CS="0.556" coul="1" lang="fr" source="ibm">gris cendré</contenuImg>
            <contenuImg CS="0.99" h="2233" lang="fr" source="yolo" w="733" x="16" y="46">personne</contenuImg>
            <contenuImg CS="0.99" h="2233" lang="en" source="yolo" w="733" x="16" y="46">person</contenuImg>
            <contenuImg CS="0.556" coul="1" lang="en" source="ibm">ash grey color</contenuImg>
            <contenuImg CS="0.86" coul="1" lang="en" source="ibm">gray color</contenuImg>
            <contenuImg CS="0.601" lang="en" source="ibm">clothing</contenuImg>
            <contenuImg CS="0.5" lang="en" source="ibm">surcoat</contenuImg>
            <contenuImg CS="0.764" lang="en" source="ibm">garment</contenuImg>
            <contenuImg CS="0.759" lang="en" source="ibm">overgarment</contenuImg>
            <contenuImg CS="0.758" lang="en" source="ibm">cloak</contenuImg>
            <contenuImg CS="0.754" lang="en" source="ibm">tunic</contenuImg>
            <contenuImg CS="0.558" lang="en" source="ibm">tabard (tunic)</contenuImg>
            <contenuImg CS="0.591" lang="en" source="ibm">dress</contenuImg>
            <contenuImg CS="0.587" lang="en" source="ibm">outfit</contenuImg>
            <contenuImg CS="0.582" lang="en" source="ibm">sailor suit</contenuImg>
            <contenuImg CS="0.599" lang="en" source="ibm">person</contenuImg>
            <genre source="final">publicité</genre>
            <genre source="md">publicité</genre>
            <fonction source="final">repro/dessin</fonction>
            <tech source="final">imp photoméca</tech>
            <fonction CS="0.78" source="TensorFlow">repro/dessin</fonction>
            <tech CS="1" source="md">imp photoméca</tech>
            <leg>Robe de velours marine, joli drapé retenu par une ceinture corail et jais</leg>
            <txt>ET DANS LES GRAN DS MAGASINS ÀIW LES PARFUMS DE L.PLASSARD I7.RUE DU 4 SEPTEMBRE</txt>
          </ill>
          <ill classif="CCibm CCyolo" couleur="gris" edit="1" h="275" n="54-2" pub="1" seg="1" source="hm" time="2020-12-14T11:11:15.686+01:00" w="251" x="1313" y="2969">
            <contenuImg CS="0.631" lang="fr" source="ibm">instrument à cordes</contenuImg>
            <contenuImg CS="0.637" lang="fr" source="ibm">instrument de musique</contenuImg>
            <contenuImg CS="0.5" lang="fr" source="ibm">tambour-major</contenuImg>
            <contenuImg CS="0.5" lang="fr" source="ibm">personne</contenuImg>
            <contenuImg CS="0.597" lang="fr" source="ibm">vêtements</contenuImg>
            <contenuImg CS="0.958" coul="1" lang="fr" source="ibm">émeraude (couleur)</contenuImg>
            <contenuImg CS="0.47" h="236" lang="fr" source="yolo" w="173" x="36" y="20">personne</contenuImg>
            <contenuImg CS="0.47" h="236" lang="en" source="yolo" w="173" x="36" y="20">person</contenuImg>
            <contenuImg CS="0.958" coul="1" lang="en" source="ibm">emerald color</contenuImg>
            <contenuImg CS="0.597" lang="en" source="ibm">clothing</contenuImg>
            <contenuImg CS="0.5" lang="en" source="ibm">person</contenuImg>
            <contenuImg CS="0.5" lang="en" source="ibm">drum major</contenuImg>
            <contenuImg CS="0.637" lang="en" source="ibm">musical instrument</contenuImg>
            <contenuImg CS="0.631" lang="en" source="ibm">stringed instrument</contenuImg>
            <fonction source="final">repro/dessin</fonction>
            <fonction source="md">repro/dessin</fonction>
            <tech source="final">imp photoméca</tech>
            <tech source="md">imp photoméca</tech>
            <genre source="hm" time="2020-12-14T11:12:03.84+01:00">publicité</genre>
            <genre source="final">publicité</genre>
          </ill>
          <ill classif="CCibm CCyolo" couleur="gris" edit="1" h="448" n="54-3" pub="1" seg="1" source="hm" time="2020-12-14T11:11:30.88+01:00" w="457" x="2050" y="2792">
            <txt source="google">"1 - ",</txt>
            <contenuImg CS="0.664" lang="fr" source="ibm">écu (héraldique)</contenuImg>
            <contenuImg CS="0.77" lang="fr" source="ibm">bouclier</contenuImg>
            <contenuImg CS="0.676" lang="fr" source="ibm">armure</contenuImg>
            <contenuImg CS="0.77" lang="fr" source="ibm">revêtement de protection</contenuImg>
            <contenuImg CS="0.546" lang="fr" source="ibm">coeur</contenuImg>
            <contenuImg CS="0.547" lang="fr" source="ibm">couverture</contenuImg>
            <contenuImg CS="0.547" lang="fr" source="ibm">revêtement de sol</contenuImg>
            <contenuImg CS="0.525" lang="fr" source="ibm">coupe-cigare</contenuImg>
            <contenuImg CS="0.525" lang="fr" source="ibm">coutellerie</contenuImg>
            <contenuImg CS="0.525" lang="fr" source="ibm">outil</contenuImg>
            <contenuImg CS="0.5" lang="fr" source="ibm">brassard</contenuImg>
            <contenuImg CS="0.51" lang="fr" source="ibm">assiette</contenuImg>
            <contenuImg CS="0.6" lang="fr" source="ibm">tissu</contenuImg>
            <contenuImg CS="0.914" coul="1" lang="fr" source="ibm">charbon (couleur)</contenuImg>
            <contenuImg CS="0.642" coul="1" lang="fr" source="ibm">marron</contenuImg>
            <contenuImg CS="0.44" h="450" lang="fr" source="yolo" w="430" x="10" y="0">stop (panneau)</contenuImg>
            <contenuImg CS="0.44" h="450" lang="en" source="yolo" w="430" x="10" y="0">stop sign</contenuImg>
            <contenuImg CS="0.642" coul="1" lang="en" source="ibm">maroon color</contenuImg>
            <contenuImg CS="0.914" coul="1" lang="en" source="ibm">charcoal color</contenuImg>
            <contenuImg CS="0.6" lang="en" source="ibm">fabric</contenuImg>
            <contenuImg CS="0.51" lang="en" source="ibm">plate</contenuImg>
            <contenuImg CS="0.5" lang="en" source="ibm">brassard (armour)</contenuImg>
            <contenuImg CS="0.525" lang="en" source="ibm">tool</contenuImg>
            <contenuImg CS="0.525" lang="en" source="ibm">cutlery</contenuImg>
            <contenuImg CS="0.525" lang="en" source="ibm">cigar cutter</contenuImg>
            <contenuImg CS="0.547" lang="en" source="ibm">floor cover</contenuImg>
            <contenuImg CS="0.547" lang="en" source="ibm">rug</contenuImg>
            <contenuImg CS="0.546" lang="en" source="ibm">hearthrug</contenuImg>
            <contenuImg CS="0.77" lang="en" source="ibm">protective covering</contenuImg>
            <contenuImg CS="0.676" lang="en" source="ibm">armor</contenuImg>
            <contenuImg CS="0.77" lang="en" source="ibm">shield</contenuImg>
            <contenuImg CS="0.664" lang="en" source="ibm">escutcheon shield</contenuImg>
            <fonction source="final">repro/dessin</fonction>
            <fonction source="md">repro/dessin</fonction>
            <tech source="final">imp photoméca</tech>
            <tech source="md">imp photoméca</tech>
            <genre source="hm" time="2020-12-14T11:12:05.953+01:00">publicité</genre>
            <genre source="final">publicité</genre>
          </ill>
        </ills>
      </page>
      <page hauteurPx="5061" largeurPx="3791" ordre="55">
        <nbMot>17</nbMot>
        <blocTexte>2</blocTexte>
        <blocTab>0</blocTab>
        <blocPub>0</blocPub>
        <blocIll ocr="1">1</blocIll>
        <ills/>
      </page>
      <page hauteurPx="5077" largeurPx="3781" ordre="56">
        <nbMot>8</nbMot>
        <blocTexte>1</blocTexte>
        <blocTab>0</blocTab>
        <blocPub>0</blocPub>
        <blocIll ocr="1">1</blocIll>
        <ills>
          <ill classif="CCibm CCyolo" couleur="coul" edit="true" h="4130" n="56-1" pub="1" seg="1" source="hm" taille="7" w="3252" x="307" y="365">
            <contenuImg CS="0.587" lang="fr" source="ibm">personnel de nettoyage</contenuImg>
            <contenuImg CS="0.588" lang="fr" source="ibm">ouvrier</contenuImg>
            <contenuImg CS="0.588" lang="fr" source="ibm">personne</contenuImg>
            <contenuImg CS="0.585" lang="fr" source="ibm">écouvillon</contenuImg>
            <contenuImg CS="0.593" lang="fr" source="ibm">instrument de nettoyage</contenuImg>
            <contenuImg CS="0.5" lang="fr" source="ibm">shamisen (instrument à cordes)</contenuImg>
            <contenuImg CS="0.524" lang="fr" source="ibm">instrument à cordes</contenuImg>
            <contenuImg CS="0.534" lang="fr" source="ibm">instrument de musique</contenuImg>
            <contenuImg CS="0.599" lang="fr" source="ibm">vêtements</contenuImg>
            <contenuImg CS="0.844" coul="1" lang="fr" source="ibm">pourpre tyrien</contenuImg>
            <contenuImg CS="0.538" coul="1" lang="fr" source="ibm">violet</contenuImg>
            <contenuImg CS="0.84" h="1660" lang="fr" source="yolo" w="1236" x="446" y="1956">parapluie</contenuImg>
            <contenuImg CS="0.66" h="3430" lang="fr" source="yolo" w="1110" x="1266" y="230">personne</contenuImg>
            <contenuImg CS="0.66" h="3430" lang="en" source="yolo" w="1110" x="1266" y="230">person</contenuImg>
            <contenuImg CS="0.84" h="1660" lang="en" source="yolo" w="1236" x="446" y="1956">umbrella</contenuImg>
            <contenuImg b="255" coul="1" g="255" r="255" source="colorific" type="bkg">#ffffff</contenuImg>
            <contenuImg b="106" coul="1" g="109" ordre="10" r="101" source="colorific" type="frg">#656d6a</contenuImg>
            <contenuImg b="81" coul="1" g="90" ordre="9" r="156" source="colorific" type="frg">#9c5a51</contenuImg>
            <contenuImg b="174" coul="1" g="172" ordre="8" r="190" source="colorific" type="frg">#beacae</contenuImg>
            <contenuImg b="86" coul="1" g="96" ordre="7" r="123" source="colorific" type="frg">#7b6056</contenuImg>
            <contenuImg b="160" coul="1" g="180" ordre="6" r="204" source="colorific" type="frg">#ccb4a0</contenuImg>
            <contenuImg b="134" coul="1" g="104" ordre="5" r="121" source="colorific" type="frg">#796886</contenuImg>
            <contenuImg b="77" coul="1" g="103" ordre="4" r="129" source="colorific" type="frg">#81674d</contenuImg>
            <contenuImg b="86" coul="1" g="73" ordre="3" r="73" source="colorific" type="frg">#494956</contenuImg>
            <contenuImg b="175" coul="1" g="154" ordre="2" r="172" source="colorific" type="frg">#ac9aaf</contenuImg>
            <contenuImg b="61" coul="1" g="62" ordre="1" r="66" source="colorific" type="frg">#423e3d</contenuImg>
            <contenuImg CS="0.538" coul="1" lang="en" source="ibm">purple color</contenuImg>
            <contenuImg CS="0.844" coul="1" lang="en" source="ibm">Tyrian purple color</contenuImg>
            <contenuImg CS="0.599" lang="en" source="ibm">clothing</contenuImg>
            <contenuImg CS="0.534" lang="en" source="ibm">musical instrument</contenuImg>
            <contenuImg CS="0.524" lang="en" source="ibm">stringed instrument</contenuImg>
            <contenuImg CS="0.5" lang="en" source="ibm">samisen (stringed instrument)</contenuImg>
            <contenuImg CS="0.593" lang="en" source="ibm">cleaning implement</contenuImg>
            <contenuImg CS="0.585" lang="en" source="ibm">swab</contenuImg>
            <contenuImg CS="0.588" lang="en" source="ibm">person</contenuImg>
            <contenuImg CS="0.588" lang="en" source="ibm">worker</contenuImg>
            <contenuImg CS="0.588" lang="en" source="ibm">laborer</contenuImg>
            <contenuImg CS="0.587" lang="en" source="ibm">cleaning person</contenuImg>
            <contenuImg b="255" coul="1" edit="1" g="255" r="255" source="colorific" time="2020-12-14T11:14:42.215+01:00" type="bkg">#ffffff</contenuImg>
            <contenuImg b="78" coul="1" edit="1" g="88" ordre="10" r="163" source="colorific" time="2020-12-14T11:14:42.215+01:00" type="frg">#a3584e</contenuImg>
            <contenuImg b="139" coul="1" edit="1" g="153" ordre="9" r="170" source="colorific" time="2020-12-14T11:14:42.215+01:00" type="frg">#aa998b</contenuImg>
            <contenuImg b="157" coul="1" edit="1" g="165" ordre="8" r="198" source="colorific" time="2020-12-14T11:14:42.215+01:00" type="frg">#c6a59d</contenuImg>
            <contenuImg b="81" coul="1" edit="1" g="96" ordre="7" r="121" source="colorific" time="2020-12-14T11:14:42.215+01:00" type="frg">#796051</contenuImg>
            <contenuImg b="206" coul="1" edit="1" g="195" ordre="6" r="209" source="colorific" time="2020-12-14T11:14:42.215+01:00" type="frg">#d1c3ce</contenuImg>
            <contenuImg b="113" coul="1" edit="1" g="82" ordre="5" r="99" source="colorific" time="2020-12-14T11:14:42.215+01:00" type="frg">#635271</contenuImg>
            <contenuImg b="90" coul="1" edit="1" g="77" ordre="4" r="76" source="colorific" time="2020-12-14T11:14:42.215+01:00" type="frg">#4c4d5a</contenuImg>
            <contenuImg b="95" coul="1" edit="1" g="131" ordre="3" r="158" source="colorific" time="2020-12-14T11:14:42.215+01:00" type="frg">#9e835f</contenuImg>
            <contenuImg b="148" coul="1" edit="1" g="126" ordre="2" r="145" source="colorific" time="2020-12-14T11:14:42.215+01:00" type="frg">#917e94</contenuImg>
            <contenuImg b="61" coul="1" edit="1" g="62" ordre="1" r="66" source="colorific" time="2020-12-14T11:14:42.215+01:00" type="frg">#423e3d</contenuImg>
            <tech source="final">imp photoméca</tech>
            <fonction CS="0.60" source="TensorFlow">repro/photo</fonction>
            <tech CS="1" source="md">imp photoméca</tech>
            <leg>Collection cl Automne à partir do 9 Août</leg>
            <fonction source="hm" time="2020-10-30T09:39:16.297+01:00">repro/dessin</fonction>
            <fonction source="final">repro/dessin</fonction>
            <genre source="hm" time="2020-10-31T18:10:50.602+01:00">publicité</genre>
            <genre source="final">publicité</genre>
          </ill>
        </ills>
      </page>
      <page hauteurPx="5135" largeurPx="3873" ordre="57">
        <nbMot>1</nbMot>
        <blocTexte>1</blocTexte>
        <blocTab>0</blocTab>
        <blocPub>0</blocPub>
        <blocIll ocr="1">1</blocIll>
        <ills/>
      </page>
      <page hauteurPx="5167" largeurPx="3815" ordre="58">
        <nbMot>81</nbMot>
        <blocTexte>9</blocTexte>
        <blocTab>0</blocTab>
        <blocPub>0</blocPub>
        <blocIll ocr="1">1</blocIll>
        <ills>
          <ill classif="CCibm CCyolo" couleur="gris" edit="1" h="860" n="58-1" pub="1" seg="1" source="hm" taille="1" w="2539" x="676" y="749">
            <contenuImg CS="0.667" lang="fr" source="ibm">coffre (de voiture)</contenuImg>
            <contenuImg CS="0.667" lang="fr" source="ibm">siège</contenuImg>
            <contenuImg CS="0.667" lang="fr" source="ibm">support</contenuImg>
            <contenuImg CS="0.5" lang="fr" source="ibm">véhicule à moteur sur chenilles</contenuImg>
            <contenuImg CS="0.506" lang="fr" source="ibm">véhicule militaire</contenuImg>
            <contenuImg CS="0.514" lang="fr" source="ibm">véhicule</contenuImg>
            <contenuImg CS="0.598" lang="fr" source="ibm">voiture</contenuImg>
            <contenuImg CS="0.976" coul="1" lang="fr" source="ibm">gris cendré</contenuImg>
            <contenuImg CS="0.63" h="730" lang="fr" source="yolo" w="2430" x="53" y="123">voiture</contenuImg>
            <contenuImg CS="0.63" h="730" lang="en" source="yolo" w="2430" x="53" y="123">car</contenuImg>
            <contenuImg CS="0.976" coul="1" lang="en" source="ibm">ash grey color</contenuImg>
            <contenuImg CS="0.598" lang="en" source="ibm">car</contenuImg>
            <contenuImg CS="0.514" lang="en" source="ibm">vehicle</contenuImg>
            <contenuImg CS="0.506" lang="en" source="ibm">military vehicle</contenuImg>
            <contenuImg CS="0.5" lang="en" source="ibm">half track motor vehicle</contenuImg>
            <contenuImg CS="0.667" lang="en" source="ibm">support</contenuImg>
            <contenuImg CS="0.667" lang="en" source="ibm">seat</contenuImg>
            <contenuImg CS="0.667" lang="en" source="ibm">dickey (of car)</contenuImg>
            <fonction source="final">repro/photo</fonction>
            <tech source="final">imp photoméca</tech>
            <fonction CS="0.47" source="TensorFlow">repro/photo</fonction>
            <tech CS="1" source="md">imp photoméca</tech>
            <leg>SOUVENEZ-VOUS ! c let ami puissant ne connaît ni le temps ni l espace. En contemplant son image dans VOGUE, pensez</leg>
            <genre source="hm" time="2020-10-31T19:16:03.43+01:00">publicité</genre>
            <genre source="final">publicité</genre>
          </ill>
        </ills>
      </page>
      <page hauteurPx="5165" largeurPx="3785" ordre="59">
        <nbMot>0</nbMot>
        <blocTexte>0</blocTexte>
        <blocTab>0</blocTab>
        <blocPub>0</blocPub>
        <blocIll ocr="0">0</blocIll>
      </page>
      <page hauteurPx="5041" largeurPx="3685" ordre="60">
        <nbMot>0</nbMot>
        <blocTexte>0</blocTexte>
        <blocTab>0</blocTab>
        <blocPub>0</blocPub>
        <blocIll ocr="0">0</blocIll>
      </page>
      <page hauteurPx="5249" largeurPx="3769" ordre="61">
        <nbMot>0</nbMot>
        <blocTexte>0</blocTexte>
        <blocTab>0</blocTab>
        <blocPub>0</blocPub>
        <blocIll ocr="0">0</blocIll>
      </page>
      <page hauteurPx="5173" largeurPx="4045" ordre="62">
        <nbMot>0</nbMot>
        <blocTexte>0</blocTexte>
        <blocTab>0</blocTab>
        <blocPub>0</blocPub>
        <blocIll ocr="0">0</blocIll>
      </page>
    </pages>
  </contenus>
</analyseAlto>