<analyseAlto>
  <metad>
    <type>R</type>
    <ID>bpt6k65404976</ID>
    <notice>cb343833568</notice>
    <titre>Vogue 1936/12</titre>
    <dateEdition>1936-12</dateEdition>
    <lang>fre</lang>
    <source>BnF</source>
    <nbPage>114</nbPage>
  </metad>
  <contenus>
    <largeur>158</largeur>
    <hauteur>219</hauteur>
    <largeurPx>3745</largeurPx>
    <hauteurPx>5187</hauteurPx>
    <pages>
      <page hauteurPx="5187" largeurPx="3745" ordre="1">
        <nbMot>13</nbMot>
        <blocTexte>7</blocTexte>
        <blocTab>0</blocTab>
        <blocPub>0</blocPub>
        <blocIll ocr="1">1</blocIll>
        <ills/>
      </page>
      <page hauteurPx="5163" largeurPx="3749" ordre="2">
        <nbMot>55</nbMot>
        <blocTexte>5</blocTexte>
        <blocTab>0</blocTab>
        <blocPub>5</blocPub>
        <blocIll ocr="0">0</blocIll>
      </page>
      <page hauteurPx="5157" largeurPx="3809" ordre="3">
        <nbMot>41</nbMot>
        <blocTexte>6</blocTexte>
        <blocTab>0</blocTab>
        <blocPub>6</blocPub>
        <blocIll ocr="0">0</blocIll>
      </page>
      <page hauteurPx="5153" largeurPx="3739" ordre="4">
        <nbMot>4</nbMot>
        <blocTexte>2</blocTexte>
        <blocTab>0</blocTab>
        <blocPub>1</blocPub>
        <blocIll ocr="0">0</blocIll>
      </page>
      <page hauteurPx="5157" largeurPx="3769" ordre="5">
        <nbMot>60</nbMot>
        <blocTexte>4</blocTexte>
        <blocTab>0</blocTab>
        <blocPub>3</blocPub>
        <blocIll ocr="0">0</blocIll>
      </page>
      <page hauteurPx="5165" largeurPx="3753" ordre="6">
        <nbMot>19</nbMot>
        <blocTexte>2</blocTexte>
        <blocTab>0</blocTab>
        <blocPub>1</blocPub>
        <blocIll ocr="0">0</blocIll>
      </page>
      <page hauteurPx="5179" largeurPx="3799" ordre="7">
        <nbMot>242</nbMot>
        <blocTexte>2</blocTexte>
        <blocTab>0</blocTab>
        <blocPub>2</blocPub>
        <blocIll ocr="0">0</blocIll>
      </page>
      <page hauteurPx="5153" largeurPx="3737" ordre="8">
        <nbMot>49</nbMot>
        <blocTexte>7</blocTexte>
        <blocTab>0</blocTab>
        <blocPub>5</blocPub>
        <blocIll ocr="2">2</blocIll>
        <ills>
          <ill classif="CCyolo CCibm" couleur="gris" h="1769" n="8-2" pub="1" taille="1" w="1444" x="2120" y="2566">
            <contenuImg CS="0.534" lang="fr" source="ibm">suffragette</contenuImg>
            <contenuImg CS="0.549" lang="fr" source="ibm">fez (chapeau)</contenuImg>
            <contenuImg CS="0.619" lang="fr" source="ibm">casquette</contenuImg>
            <contenuImg CS="0.619" lang="fr" source="ibm">coiffure</contenuImg>
            <contenuImg CS="0.534" lang="fr" source="ibm">personne</contenuImg>
            <contenuImg CS="0.506" lang="fr" source="ibm">vestiaire</contenuImg>
            <contenuImg CS="0.506" lang="fr" source="ibm">pièce</contenuImg>
            <contenuImg CS="0.5" lang="fr" source="ibm">coiffe</contenuImg>
            <contenuImg CS="0.695" coul="1" lang="fr" source="ibm">sauge</contenuImg>
            <contenuImg CS="0.555" coul="1" lang="fr" source="ibm">charbon (couleur)</contenuImg>
            <contenuImg CS="0.555" coul="1" lang="en" source="ibm">charcoal color</contenuImg>
            <contenuImg CS="0.695" coul="1" lang="en" source="ibm">sage green color</contenuImg>
            <contenuImg CS="0.5" lang="en" source="ibm">coif</contenuImg>
            <contenuImg CS="0.506" lang="en" source="ibm">room</contenuImg>
            <contenuImg CS="0.506" lang="en" source="ibm">dressing room</contenuImg>
            <contenuImg CS="0.534" lang="en" source="ibm">person</contenuImg>
            <contenuImg CS="0.534" lang="en" source="ibm">women's voting rights activist</contenuImg>
            <contenuImg CS="0.619" lang="en" source="ibm">headdress</contenuImg>
            <contenuImg CS="0.619" lang="en" source="ibm">cap</contenuImg>
            <contenuImg CS="0.549" lang="en" source="ibm">fez hat</contenuImg>
            <contenuImg CS="0.98" h="1516" lang="fr" source="yolo" w="1206" x="143" y="216">personne</contenuImg>
            <contenuImg CS="0.98" h="1516" lang="en" source="yolo" w="1206" x="143" y="216">person</contenuImg>
            <genre source="final">publicité</genre>
            <genre source="md">publicité</genre>
            <fonction source="final">repro/photo</fonction>
            <tech source="final">imp photoméca</tech>
            <fonction CS="0.99" source="TensorFlow">repro/photo</fonction>
            <tech CS="1" source="md">imp photoméca</tech>
            <leg>DORVYNE eneley sœurs modes 9, rue st florentin, paris, opéra 50-88 -</leg>
            <txt>y\: ~tBf% %)t.~r 63, AVENUE VICTOR-EMMANUEL 111 PARIS JOAILLIERS FABRICANTS;* --,,..,,-.,</txt>
          </ill>
        </ills>
      </page>
      <page hauteurPx="5169" largeurPx="3817" ordre="9">
        <nbMot>19</nbMot>
        <blocTexte>4</blocTexte>
        <blocTab>0</blocTab>
        <blocPub>0</blocPub>
        <blocIll ocr="1">1</blocIll>
        <ills>
          <ill classif="CCyolo CCibm" couleur="gris" h="4138" n="9-1" pub="1" taille="6" w="3407" x="121" y="486">
            <contenuImg CS="0.5" lang="fr" source="ibm">suffragette</contenuImg>
            <contenuImg CS="0.598" lang="fr" source="ibm">vestiaire</contenuImg>
            <contenuImg CS="0.598" lang="fr" source="ibm">pièce</contenuImg>
            <contenuImg CS="0.533" lang="fr" source="ibm">jupe</contenuImg>
            <contenuImg CS="0.539" lang="fr" source="ibm">vêtement</contenuImg>
            <contenuImg CS="0.678" lang="fr" source="ibm">personne</contenuImg>
            <contenuImg CS="0.6" lang="fr" source="ibm">vêtements</contenuImg>
            <contenuImg CS="0.676" coul="1" lang="fr" source="ibm">noir</contenuImg>
            <contenuImg CS="0.561" coul="1" lang="fr" source="ibm">noir charbon</contenuImg>
            <contenuImg CS="0.561" coul="1" lang="en" source="ibm">coal black color</contenuImg>
            <contenuImg CS="0.676" coul="1" lang="en" source="ibm">black color</contenuImg>
            <contenuImg CS="0.6" lang="en" source="ibm">clothing</contenuImg>
            <contenuImg CS="0.5" lang="en" source="ibm">women's voting rights activist</contenuImg>
            <contenuImg CS="0.678" lang="en" source="ibm">person</contenuImg>
            <contenuImg CS="0.539" lang="en" source="ibm">garment</contenuImg>
            <contenuImg CS="0.533" lang="en" source="ibm">skirt</contenuImg>
            <contenuImg CS="0.529" lang="en" source="ibm">hoopskirt</contenuImg>
            <contenuImg CS="0.598" lang="en" source="ibm">room</contenuImg>
            <contenuImg CS="0.598" lang="en" source="ibm">dressing room</contenuImg>
            <contenuImg CS="0.96" h="3793" lang="fr" source="yolo" w="2576" x="86" y="286">personne</contenuImg>
            <contenuImg CS="0.42" h="373" lang="fr" source="yolo" w="740" x="2420" y="3560">livre</contenuImg>
            <contenuImg CS="0.42" h="373" lang="en" source="yolo" w="740" x="2420" y="3560">book</contenuImg>
            <contenuImg CS="0.96" h="3793" lang="en" source="yolo" w="2576" x="86" y="286">person</contenuImg>
            <genre source="final">publicité</genre>
            <genre source="md">publicité</genre>
            <fonction source="final">repro/photo</fonction>
            <tech source="final">imp photoméca</tech>
            <fonction CS="0.99" source="TensorFlow">repro/photo</fonction>
            <tech CS="1" source="md">imp photoméca</tech>
            <leg>coiffée par René Rambaud 400, Rue Saint-Honoré Paris</leg>
            <txt>dans  L ÉCOLE DES FEMMES  e OA(</txt>
          </ill>
        </ills>
      </page>
      <page hauteurPx="5177" largeurPx="3771" ordre="10">
        <nbMot>143</nbMot>
        <blocTexte>5</blocTexte>
        <blocTab>0</blocTab>
        <blocPub>4</blocPub>
        <blocIll ocr="1">1</blocIll>
        <ills>
          <ill classif="CCyolo CCibm" couleur="gris" h="3297" n="10-1" pub="1" taille="2" w="1706" x="307" y="237">
            <contenuImg CS="0.599" lang="fr" source="ibm">personne</contenuImg>
            <contenuImg CS="0.747" lang="fr" source="ibm">musée (intérieur)</contenuImg>
            <contenuImg CS="0.599" lang="fr" source="ibm">pièce</contenuImg>
            <contenuImg CS="0.6" lang="fr" source="ibm">vêtements</contenuImg>
            <contenuImg CS="0.895" coul="1" lang="fr" source="ibm">charbon (couleur)</contenuImg>
            <contenuImg CS="0.611" coul="1" lang="fr" source="ibm">noir</contenuImg>
            <contenuImg CS="0.611" coul="1" lang="en" source="ibm">black color</contenuImg>
            <contenuImg CS="0.895" coul="1" lang="en" source="ibm">charcoal color</contenuImg>
            <contenuImg CS="0.6" lang="en" source="ibm">clothing</contenuImg>
            <contenuImg CS="0.599" lang="en" source="ibm">room</contenuImg>
            <contenuImg CS="0.747" lang="en" source="ibm">Museum (Indoor)</contenuImg>
            <contenuImg CS="0.599" lang="en" source="ibm">person</contenuImg>
            <contenuImg CS="0.98" h="2880" lang="fr" source="yolo" w="1016" x="376" y="260">personne</contenuImg>
            <contenuImg CS="0.98" h="2880" lang="en" source="yolo" w="1016" x="376" y="260">person</contenuImg>
            <genre source="final">publicité</genre>
            <genre source="md">publicité</genre>
            <fonction source="final">repro/photo</fonction>
            <tech source="final">imp photoméca</tech>
            <fonction CS="0.95" source="TensorFlow">repro/photo</fonction>
            <tech CS="1" source="md">imp photoméca</tech>
            <leg>r ROSAL A FOURRURES c £ e ^vuxe 0 01 4, * 71. A .! VICTOR EM MANUEL 111.Pàris.Tét-ELY.00-42</leg>
            <txt>VOGUE VOGUE</txt>
          </ill>
        </ills>
      </page>
      <page hauteurPx="5181" largeurPx="3835" ordre="11">
        <nbMot>23</nbMot>
        <blocTexte>3</blocTexte>
        <blocTab>0</blocTab>
        <blocPub>0</blocPub>
        <blocIll ocr="1">1</blocIll>
        <ills>
          <ill classif="CCyolo CCibm" couleur="gris" edit="1" h="4051" n="11-1" pub="1" taille="5" w="3160" x="128" y="462">
            <contenuImg CS="0.589" lang="fr" source="ibm">cyclo-pousse</contenuImg>
            <contenuImg CS="0.756" lang="fr" source="ibm">véhicule à roues</contenuImg>
            <contenuImg CS="0.758" lang="fr" source="ibm">véhicule</contenuImg>
            <contenuImg CS="0.582" lang="fr" source="ibm">charrette à bras</contenuImg>
            <contenuImg CS="0.5" lang="fr" source="ibm">bouilloire</contenuImg>
            <contenuImg CS="0.517" lang="fr" source="ibm">instrument à percussion</contenuImg>
            <contenuImg CS="0.52" lang="fr" source="ibm">instrument de musique</contenuImg>
            <contenuImg CS="0.598" lang="fr" source="ibm">sport</contenuImg>
            <contenuImg CS="0.914" coul="1" lang="fr" source="ibm">gris</contenuImg>
            <contenuImg CS="0.757" coul="1" lang="fr" source="ibm">gris cendré</contenuImg>
            <contenuImg CS="0.757" coul="1" lang="en" source="ibm">ash grey color</contenuImg>
            <contenuImg CS="0.914" coul="1" lang="en" source="ibm">gray color</contenuImg>
            <contenuImg CS="0.598" lang="en" source="ibm">sport</contenuImg>
            <contenuImg CS="0.52" lang="en" source="ibm">musical instrument</contenuImg>
            <contenuImg CS="0.517" lang="en" source="ibm">percussion instrument</contenuImg>
            <contenuImg CS="0.5" lang="en" source="ibm">kettle</contenuImg>
            <contenuImg CS="0.582" lang="en" source="ibm">handcart</contenuImg>
            <contenuImg CS="0.758" lang="en" source="ibm">vehicle</contenuImg>
            <contenuImg CS="0.756" lang="en" source="ibm">wheeled vehicle</contenuImg>
            <contenuImg CS="0.589" lang="en" source="ibm">cycle rickshaw</contenuImg>
            <contenuImg CS="0.49" h="2930" lang="fr" source="yolo" w="2990" x="46" y="1096">voiture</contenuImg>
            <contenuImg CS="0.27" h="583" lang="fr" source="yolo" w="173" x="2566" y="1193">personne</contenuImg>
            <contenuImg CS="0.27" h="583" lang="en" source="yolo" w="173" x="2566" y="1193">person</contenuImg>
            <contenuImg CS="0.49" h="2930" lang="en" source="yolo" w="2990" x="46" y="1096">car</contenuImg>
            <contenuImg CS="0.99" h="1216" lang="en" source="yolo" w="556" x="1480" y="860">person</contenuImg>
            <fonction source="final">repro/photo</fonction>
            <tech source="final">imp photoméca</tech>
            <fonction CS="0.92" source="TensorFlow">repro/photo</fonction>
            <tech CS="1" source="md">imp photoméca</tech>
            <leg>BEAUCOUP PLUS DE PLACE ET PLUS DE CHEMIN AVEC MOINS D ESSENCE EN MOINS DE TEMPS</leg>
            <txt>PLUS BELLES ET MEILLEURES ENCORE DÉCEMBRE 1936 B</txt>
            <genre source="hm" time="2020-11-01T13:00:48.97+01:00">publicité</genre>
            <genre source="final">publicité</genre>
          </ill>
        </ills>
      </page>
      <page hauteurPx="5163" largeurPx="3751" ordre="12">
        <nbMot>8</nbMot>
        <blocTexte>1</blocTexte>
        <blocTab>0</blocTab>
        <blocPub>0</blocPub>
        <blocIll ocr="1">1</blocIll>
        <ills>
          <ill classif="CCyolo CCibm" couleur="gris" edit="1" h="4056" n="12-1" pub="1" taille="4" w="2355" x="928" y="38">
            <contenuImg CS="0.521" lang="fr" source="ibm">pointe d'argent</contenuImg>
            <contenuImg CS="0.864" lang="fr" source="ibm">personne</contenuImg>
            <contenuImg CS="0.793" lang="fr" source="ibm">vêtements</contenuImg>
            <contenuImg CS="0.93" coul="1" lang="fr" source="ibm">gris</contenuImg>
            <contenuImg CS="0.773" coul="1" lang="fr" source="ibm">gris cendré</contenuImg>
            <contenuImg CS="0.773" coul="1" lang="en" source="ibm">ash grey color</contenuImg>
            <contenuImg CS="0.93" coul="1" lang="en" source="ibm">gray color</contenuImg>
            <contenuImg CS="0.793" lang="en" source="ibm">clothing</contenuImg>
            <contenuImg CS="0.864" lang="en" source="ibm">person</contenuImg>
            <contenuImg CS="0.521" lang="en" source="ibm">silverpoint</contenuImg>
            <contenuImg y="1" CS="0.31" h="4126" lang="fr" source="yolo" w="1830" x="396">personne</contenuImg>
            <contenuImg y="1" CS="0.31" h="4126" lang="en" source="yolo" w="1830" x="396">person</contenuImg>
            <fonction source="final">repro/dessin</fonction>
            <tech source="final">imp photoméca</tech>
            <fonction CS="0.55" source="TensorFlow">repro/dessin</fonction>
            <tech CS="1" source="md">imp photoméca</tech>
            <leg>(En vente dans les meilleurs Magasins de Nouveautés.)</leg>
            <genre source="hm" time="2020-11-01T13:00:59.907+01:00">publicité</genre>
            <genre source="final">publicité</genre>
          </ill>
        </ills>
      </page>
      <page hauteurPx="5213" largeurPx="3877" ordre="13">
        <nbMot>25</nbMot>
        <blocTexte>4</blocTexte>
        <blocTab>0</blocTab>
        <blocPub>2</blocPub>
        <blocIll ocr="0">0</blocIll>
      </page>
      <page hauteurPx="5173" largeurPx="3765" ordre="14">
        <nbMot>192</nbMot>
        <blocTexte>5</blocTexte>
        <blocTab>0</blocTab>
        <blocPub>4</blocPub>
        <blocIll ocr="0">0</blocIll>
      </page>
      <page hauteurPx="5177" largeurPx="3829" ordre="15">
        <nbMot>31</nbMot>
        <blocTexte>4</blocTexte>
        <blocTab>0</blocTab>
        <blocPub>3</blocPub>
        <blocIll ocr="0">0</blocIll>
      </page>
      <page hauteurPx="5141" largeurPx="3721" ordre="16">
        <nbMot>315</nbMot>
        <blocTexte>11</blocTexte>
        <blocTab>0</blocTab>
        <blocPub>10</blocPub>
        <blocIll ocr="0">0</blocIll>
      </page>
      <page hauteurPx="5205" largeurPx="3865" ordre="17">
        <nbMot>227</nbMot>
        <blocTexte>8</blocTexte>
        <blocTab>0</blocTab>
        <blocPub>7</blocPub>
        <blocIll ocr="0">0</blocIll>
      </page>
      <page hauteurPx="5141" largeurPx="3721" ordre="18">
        <nbMot>118</nbMot>
        <blocTexte>6</blocTexte>
        <blocTab>0</blocTab>
        <blocPub>5</blocPub>
        <blocIll ocr="0">0</blocIll>
      </page>
      <page hauteurPx="5181" largeurPx="3833" ordre="19">
        <nbMot>139</nbMot>
        <blocTexte>6</blocTexte>
        <blocTab>0</blocTab>
        <blocPub>5</blocPub>
        <blocIll ocr="0">0</blocIll>
      </page>
      <page hauteurPx="5141" largeurPx="3721" ordre="20">
        <nbMot>170</nbMot>
        <blocTexte>7</blocTexte>
        <blocTab>0</blocTab>
        <blocPub>6</blocPub>
        <blocIll ocr="0">0</blocIll>
      </page>
      <page hauteurPx="5203" largeurPx="3863" ordre="21">
        <nbMot>259</nbMot>
        <blocTexte>7</blocTexte>
        <blocTab>0</blocTab>
        <blocPub>6</blocPub>
        <blocIll ocr="0">0</blocIll>
      </page>
      <page hauteurPx="5141" largeurPx="3721" ordre="22">
        <nbMot>249</nbMot>
        <blocTexte>12</blocTexte>
        <blocTab>0</blocTab>
        <blocPub>11</blocPub>
        <blocIll ocr="0">0</blocIll>
      </page>
      <page hauteurPx="5213" largeurPx="3877" ordre="23">
        <nbMot>22</nbMot>
        <blocTexte>1</blocTexte>
        <blocTab>0</blocTab>
        <blocPub>1</blocPub>
        <blocIll ocr="0">0</blocIll>
      </page>
      <page hauteurPx="5163" largeurPx="3753" ordre="24">
        <nbMot>112</nbMot>
        <blocTexte>4</blocTexte>
        <blocTab>0</blocTab>
        <blocPub>4</blocPub>
        <blocIll ocr="0">0</blocIll>
      </page>
      <page hauteurPx="5191" largeurPx="3847" ordre="25">
        <nbMot>178</nbMot>
        <blocTexte>2</blocTexte>
        <blocTab>0</blocTab>
        <blocPub>1</blocPub>
        <blocIll ocr="0">0</blocIll>
      </page>
      <page hauteurPx="5141" largeurPx="3721" ordre="26">
        <nbMot>299</nbMot>
        <blocTexte>8</blocTexte>
        <blocTab>0</blocTab>
        <blocPub>8</blocPub>
        <blocIll ocr="0">0</blocIll>
      </page>
      <page hauteurPx="5203" largeurPx="3863" ordre="27">
        <nbMot>104</nbMot>
        <blocTexte>7</blocTexte>
        <blocTab>0</blocTab>
        <blocPub>5</blocPub>
        <blocIll ocr="0">0</blocIll>
      </page>
      <page hauteurPx="5163" largeurPx="3751" ordre="28">
        <nbMot>36</nbMot>
        <blocTexte>5</blocTexte>
        <blocTab>0</blocTab>
        <blocPub>4</blocPub>
        <blocIll ocr="0">0</blocIll>
      </page>
      <page hauteurPx="5173" largeurPx="3821" ordre="29">
        <nbMot>352</nbMot>
        <blocTexte>9</blocTexte>
        <blocTab>1</blocTab>
        <blocPub>0</blocPub>
        <blocIll ocr="1">1</blocIll>
        <ills>
          <ill classif="CCyolo CCibm" couleur="gris" h="1141" n="29-1" pub="1" taille="0" w="923" x="2250" y="673">
            <contenuImg CS="0.5" lang="fr" source="ibm">manteau d'opéra</contenuImg>
            <contenuImg CS="0.761" lang="fr" source="ibm">manteau</contenuImg>
            <contenuImg CS="0.509" lang="fr" source="ibm">survêtement</contenuImg>
            <contenuImg CS="0.528" lang="fr" source="ibm">vêtement</contenuImg>
            <contenuImg CS="0.601" lang="fr" source="ibm">vêtements</contenuImg>
            <contenuImg CS="0.582" lang="fr" source="ibm">tissu</contenuImg>
            <contenuImg CS="0.932" coul="1" lang="fr" source="ibm">gris</contenuImg>
            <contenuImg CS="0.719" coul="1" lang="fr" source="ibm">charbon (couleur)</contenuImg>
            <contenuImg CS="0.719" coul="1" lang="en" source="ibm">charcoal color</contenuImg>
            <contenuImg CS="0.932" coul="1" lang="en" source="ibm">gray color</contenuImg>
            <contenuImg CS="0.582" lang="en" source="ibm">fabric</contenuImg>
            <contenuImg CS="0.601" lang="en" source="ibm">clothing</contenuImg>
            <contenuImg CS="0.528" lang="en" source="ibm">garment</contenuImg>
            <contenuImg CS="0.509" lang="en" source="ibm">overgarment</contenuImg>
            <contenuImg CS="0.5" lang="en" source="ibm">opera cloak</contenuImg>
            <contenuImg CS="0.761" lang="en" source="ibm">cloak</contenuImg>
            <contenuImg CS="0.43" h="966" lang="fr" source="yolo" w="583" x="166" y="113">personne</contenuImg>
            <contenuImg CS="0.43" h="966" lang="en" source="yolo" w="583" x="166" y="113">person</contenuImg>
            <genre source="final">publicité</genre>
            <genre source="md">publicité</genre>
            <fonction source="final">repro/photo</fonction>
            <tech source="final">imp photoméca</tech>
            <fonction CS="0.74" source="TensorFlow">repro/photo</fonction>
            <tech CS="1" source="md">imp photoméca</tech>
            <leg>EDNA WOOLMAN CHASE, RÉDACTRICE GÉNÉRALE DES TROIS VOGUE MICHEL DE BRUNHOFF, RÉDACTEUR EN CHEF DE VOGUE FRANÇAIS. ELIZABETH PENROSE, RÉDACTRICE EN CHEF DE VOGUE ANGLAIS</leg>
            <txt>LE POINT DE VUE DE VOGUE 29 SUR LES PISTES 31 ACCESSOIRES DE SPORTS D HIVER 36 LES BRODERIES D OR 38 CHAPEAUX 40 DEMI-SAISON. 43 DEUX TENDANCES 47 LA ROBE POUR LES CONCERTS 49 IMAGES DE CHAQUE HEURE 53 ÉLÉGANCES DE CHACUNE 54 LA CANNE, par Fernand Fleuret 57 A LA MANIÈRE DE. 59 CHASSIS ET CARROSSERIES 1937 61 SOUS UN MANTEAU DE VISON 63 CHEZ SOI : LE MATIN 64 CHEZ SOI : LE SOIR 66 DES PIEDS. ET DES MAINS 68 AU RENDEZ-VOUS DES NATIONS 71 VOGUE DÉCEMBRE 1936 SOMMAIRE</txt>
          </ill>
        </ills>
      </page>
      <page hauteurPx="5153" largeurPx="3737" ordre="30">
        <nbMot>7</nbMot>
        <blocTexte>2</blocTexte>
        <blocTab>0</blocTab>
        <blocPub>2</blocPub>
        <blocIll ocr="0">0</blocIll>
      </page>
      <page hauteurPx="5177" largeurPx="3829" ordre="31">
        <nbMot>92</nbMot>
        <blocTexte>7</blocTexte>
        <blocTab>0</blocTab>
        <blocPub>0</blocPub>
        <blocIll ocr="1">1</blocIll>
        <ills/>
      </page>
      <page hauteurPx="5153" largeurPx="3737" ordre="32">
        <nbMot>12</nbMot>
        <blocTexte>2</blocTexte>
        <blocTab>0</blocTab>
        <blocPub>0</blocPub>
        <blocIll ocr="1">1</blocIll>
        <ills/>
      </page>
      <page hauteurPx="5179" largeurPx="3831" ordre="33">
        <nbMot>0</nbMot>
        <blocTexte>0</blocTexte>
        <blocTab>0</blocTab>
        <blocPub>0</blocPub>
        <blocIll ocr="1">1</blocIll>
        <ills/>
      </page>
      <page hauteurPx="5183" largeurPx="3781" ordre="34">
        <nbMot>28</nbMot>
        <blocTexte>5</blocTexte>
        <blocTab>0</blocTab>
        <blocPub>0</blocPub>
        <blocIll ocr="4">4</blocIll>
        <ills/>
      </page>
      <page hauteurPx="5173" largeurPx="3813" ordre="35">
        <nbMot>28</nbMot>
        <blocTexte>5</blocTexte>
        <blocTab>0</blocTab>
        <blocPub>0</blocPub>
        <blocIll ocr="4">4</blocIll>
        <ills/>
      </page>
      <page hauteurPx="5141" largeurPx="3721" ordre="36">
        <nbMot>0</nbMot>
        <blocTexte>0</blocTexte>
        <blocTab>0</blocTab>
        <blocPub>0</blocPub>
        <blocIll ocr="1">1</blocIll>
        <ills/>
      </page>
      <page hauteurPx="5183" largeurPx="3825" ordre="37">
        <nbMot>15</nbMot>
        <blocTexte>2</blocTexte>
        <blocTab>0</blocTab>
        <blocPub>0</blocPub>
        <blocIll ocr="1">1</blocIll>
        <ills/>
      </page>
      <page hauteurPx="5183" largeurPx="3779" ordre="38">
        <nbMot>191</nbMot>
        <blocTexte>16</blocTexte>
        <blocTab>0</blocTab>
        <blocPub>0</blocPub>
        <blocIll ocr="7">7</blocIll>
        <ills/>
      </page>
      <page hauteurPx="5169" largeurPx="3807" ordre="39">
        <nbMot>200</nbMot>
        <blocTexte>13</blocTexte>
        <blocTab>0</blocTab>
        <blocPub>0</blocPub>
        <blocIll ocr="7">7</blocIll>
        <ills/>
      </page>
      <page hauteurPx="5141" largeurPx="3721" ordre="40">
        <nbMot>30</nbMot>
        <blocTexte>2</blocTexte>
        <blocTab>0</blocTab>
        <blocPub>0</blocPub>
        <blocIll ocr="1">1</blocIll>
        <ills/>
      </page>
      <page hauteurPx="5153" largeurPx="3785" ordre="41">
        <nbMot>21</nbMot>
        <blocTexte>3</blocTexte>
        <blocTab>0</blocTab>
        <blocPub>0</blocPub>
        <blocIll ocr="1">1</blocIll>
        <ills/>
      </page>
      <page hauteurPx="5141" largeurPx="3777" ordre="42">
        <nbMot>1</nbMot>
        <blocTexte>1</blocTexte>
        <blocTab>0</blocTab>
        <blocPub>0</blocPub>
        <blocIll ocr="1">1</blocIll>
        <ills/>
      </page>
      <page hauteurPx="5153" largeurPx="3785" ordre="43">
        <nbMot>1</nbMot>
        <blocTexte>1</blocTexte>
        <blocTab>0</blocTab>
        <blocPub>0</blocPub>
        <blocIll ocr="1">1</blocIll>
        <ills/>
      </page>
      <page hauteurPx="5161" largeurPx="3803" ordre="44">
        <nbMot>3</nbMot>
        <blocTexte>1</blocTexte>
        <blocTab>0</blocTab>
        <blocPub>0</blocPub>
        <blocIll ocr="1">1</blocIll>
        <ills/>
      </page>
      <page hauteurPx="5173" largeurPx="3811" ordre="45">
        <nbMot>373</nbMot>
        <blocTexte>8</blocTexte>
        <blocTab>0</blocTab>
        <blocPub>0</blocPub>
        <blocIll ocr="1">1</blocIll>
        <ills/>
      </page>
      <page hauteurPx="5153" largeurPx="3795" ordre="46">
        <nbMot>380</nbMot>
        <blocTexte>15</blocTexte>
        <blocTab>0</blocTab>
        <blocPub>0</blocPub>
        <blocIll ocr="1">1</blocIll>
        <ills/>
      </page>
      <page hauteurPx="5165" largeurPx="3803" ordre="47">
        <nbMot>1</nbMot>
        <blocTexte>1</blocTexte>
        <blocTab>0</blocTab>
        <blocPub>0</blocPub>
        <blocIll ocr="1">1</blocIll>
        <ills/>
      </page>
      <page hauteurPx="5141" largeurPx="3777" ordre="48">
        <nbMot>1</nbMot>
        <blocTexte>1</blocTexte>
        <blocTab>0</blocTab>
        <blocPub>0</blocPub>
        <blocIll ocr="1">1</blocIll>
        <ills/>
      </page>
      <page hauteurPx="5153" largeurPx="3785" ordre="49">
        <nbMot>90</nbMot>
        <blocTexte>3</blocTexte>
        <blocTab>0</blocTab>
        <blocPub>0</blocPub>
        <blocIll ocr="1">1</blocIll>
        <ills/>
      </page>
      <page hauteurPx="5141" largeurPx="3777" ordre="50">
        <nbMot>1</nbMot>
        <blocTexte>1</blocTexte>
        <blocTab>0</blocTab>
        <blocPub>0</blocPub>
        <blocIll ocr="1">1</blocIll>
        <ills/>
      </page>
      <page hauteurPx="5199" largeurPx="3847" ordre="51">
        <nbMot>684</nbMot>
        <blocTexte>20</blocTexte>
        <blocTab>0</blocTab>
        <blocPub>0</blocPub>
        <blocIll ocr="2">2</blocIll>
        <ills/>
      </page>
      <page hauteurPx="5155" largeurPx="3795" ordre="52">
        <nbMot>746</nbMot>
        <blocTexte>19</blocTexte>
        <blocTab>0</blocTab>
        <blocPub>0</blocPub>
        <blocIll ocr="1">1</blocIll>
        <ills/>
      </page>
      <page hauteurPx="5193" largeurPx="3841" ordre="53">
        <nbMot>5</nbMot>
        <blocTexte>1</blocTexte>
        <blocTab>0</blocTab>
        <blocPub>0</blocPub>
        <blocIll ocr="1">1</blocIll>
        <ills/>
      </page>
      <page hauteurPx="5153" largeurPx="3793" ordre="54">
        <nbMot>150</nbMot>
        <blocTexte>12</blocTexte>
        <blocTab>0</blocTab>
        <blocPub>0</blocPub>
        <blocIll ocr="1">1</blocIll>
        <ills/>
      </page>
      <page hauteurPx="5183" largeurPx="3827" ordre="55">
        <nbMot>14</nbMot>
        <blocTexte>3</blocTexte>
        <blocTab>0</blocTab>
        <blocPub>0</blocPub>
        <blocIll ocr="1">1</blocIll>
        <ills/>
      </page>
      <page hauteurPx="5141" largeurPx="3777" ordre="56">
        <nbMot>26</nbMot>
        <blocTexte>3</blocTexte>
        <blocTab>0</blocTab>
        <blocPub>0</blocPub>
        <blocIll ocr="1">1</blocIll>
        <ills/>
      </page>
      <page hauteurPx="5153" largeurPx="3785" ordre="57">
        <nbMot>150</nbMot>
        <blocTexte>12</blocTexte>
        <blocTab>0</blocTab>
        <blocPub>0</blocPub>
        <blocIll ocr="1">1</blocIll>
        <ills/>
      </page>
      <page hauteurPx="5181" largeurPx="3831" ordre="58">
        <nbMot>34</nbMot>
        <blocTexte>2</blocTexte>
        <blocTab>0</blocTab>
        <blocPub>0</blocPub>
        <blocIll ocr="1">1</blocIll>
        <ills/>
      </page>
      <page hauteurPx="5175" largeurPx="3815" ordre="59">
        <nbMot>901</nbMot>
        <blocTexte>18</blocTexte>
        <blocTab>0</blocTab>
        <blocPub>0</blocPub>
        <blocIll ocr="0">0</blocIll>
      </page>
      <page hauteurPx="5161" largeurPx="3805" ordre="60">
        <nbMot>67</nbMot>
        <blocTexte>3</blocTexte>
        <blocTab>0</blocTab>
        <blocPub>0</blocPub>
        <blocIll ocr="1">1</blocIll>
        <ills/>
      </page>
      <page hauteurPx="5185" largeurPx="3829" ordre="61">
        <nbMot>70</nbMot>
        <blocTexte>3</blocTexte>
        <blocTab>0</blocTab>
        <blocPub>0</blocPub>
        <blocIll ocr="1">1</blocIll>
        <ills/>
      </page>
      <page hauteurPx="5141" largeurPx="3777" ordre="62">
        <nbMot>9</nbMot>
        <blocTexte>3</blocTexte>
        <blocTab>0</blocTab>
        <blocPub>0</blocPub>
        <blocIll ocr="3">3</blocIll>
        <ills/>
      </page>
      <page hauteurPx="5187" largeurPx="3831" ordre="63">
        <nbMot>289</nbMot>
        <blocTexte>13</blocTexte>
        <blocTab>0</blocTab>
        <blocPub>0</blocPub>
        <blocIll ocr="3">3</blocIll>
        <ills/>
      </page>
      <page hauteurPx="5163" largeurPx="3805" ordre="64">
        <nbMot>109</nbMot>
        <blocTexte>2</blocTexte>
        <blocTab>0</blocTab>
        <blocPub>0</blocPub>
        <blocIll ocr="1">1</blocIll>
        <ills/>
      </page>
      <page hauteurPx="5153" largeurPx="3825" ordre="65">
        <nbMot>520</nbMot>
        <blocTexte>9</blocTexte>
        <blocTab>0</blocTab>
        <blocPub>0</blocPub>
        <blocIll ocr="0">0</blocIll>
      </page>
      <page hauteurPx="5173" largeurPx="3797" ordre="66">
        <nbMot>0</nbMot>
        <blocTexte>0</blocTexte>
        <blocTab>0</blocTab>
        <blocPub>0</blocPub>
        <blocIll ocr="1">1</blocIll>
        <ills/>
      </page>
      <page hauteurPx="5153" largeurPx="3825" ordre="67">
        <nbMot>197</nbMot>
        <blocTexte>9</blocTexte>
        <blocTab>0</blocTab>
        <blocPub>0</blocPub>
        <blocIll ocr="1">1</blocIll>
        <ills/>
      </page>
      <page hauteurPx="5171" largeurPx="3793" ordre="68">
        <nbMot>231</nbMot>
        <blocTexte>11</blocTexte>
        <blocTab>0</blocTab>
        <blocPub>0</blocPub>
        <blocIll ocr="1">1</blocIll>
        <ills/>
      </page>
      <page hauteurPx="5193" largeurPx="3877" ordre="69">
        <nbMot>4</nbMot>
        <blocTexte>1</blocTexte>
        <blocTab>0</blocTab>
        <blocPub>0</blocPub>
        <blocIll ocr="1">1</blocIll>
        <ills/>
      </page>
      <page hauteurPx="5161" largeurPx="3781" ordre="70">
        <nbMot>1004</nbMot>
        <blocTexte>30</blocTexte>
        <blocTab>0</blocTab>
        <blocPub>0</blocPub>
        <blocIll ocr="0">0</blocIll>
      </page>
      <page hauteurPx="5175" largeurPx="3855" ordre="71">
        <nbMot>50</nbMot>
        <blocTexte>5</blocTexte>
        <blocTab>0</blocTab>
        <blocPub>0</blocPub>
        <blocIll ocr="1">1</blocIll>
        <ills/>
      </page>
      <page hauteurPx="5141" largeurPx="3753" ordre="72">
        <nbMot>0</nbMot>
        <blocTexte>0</blocTexte>
        <blocTab>0</blocTab>
        <blocPub>0</blocPub>
        <blocIll ocr="1">1</blocIll>
        <ills/>
      </page>
      <page hauteurPx="5165" largeurPx="3917" ordre="73">
        <nbMot>133</nbMot>
        <blocTexte>2</blocTexte>
        <blocTab>0</blocTab>
        <blocPub>0</blocPub>
        <blocIll ocr="1">1</blocIll>
        <ills/>
      </page>
      <page hauteurPx="5161" largeurPx="3781" ordre="74">
        <nbMot>16</nbMot>
        <blocTexte>1</blocTexte>
        <blocTab>0</blocTab>
        <blocPub>1</blocPub>
        <blocIll ocr="0">0</blocIll>
      </page>
      <page hauteurPx="5117" largeurPx="3849" ordre="75">
        <nbMot>45</nbMot>
        <blocTexte>2</blocTexte>
        <blocTab>0</blocTab>
        <blocPub>0</blocPub>
        <blocIll ocr="1">1</blocIll>
        <ills/>
      </page>
      <page hauteurPx="5153" largeurPx="3769" ordre="76">
        <nbMot>125</nbMot>
        <blocTexte>8</blocTexte>
        <blocTab>0</blocTab>
        <blocPub>7</blocPub>
        <blocIll ocr="3">3</blocIll>
        <ills>
          <ill classif="CCyolo CCibm" couleur="gris" h="1782" n="76-3" pub="1" taille="1" w="1607" x="1989" y="2649">
            <contenuImg CS="0.586" lang="fr" source="ibm">cendrier</contenuImg>
            <contenuImg CS="0.586" lang="fr" source="ibm">réceptacle</contenuImg>
            <contenuImg CS="0.505" lang="fr" source="ibm">boulangerie</contenuImg>
            <contenuImg CS="0.505" lang="fr" source="ibm">boutique</contenuImg>
            <contenuImg CS="0.505" lang="fr" source="ibm">magasin de détail</contenuImg>
            <contenuImg CS="0.505" lang="fr" source="ibm">bâtiment</contenuImg>
            <contenuImg CS="0.5" lang="fr" source="ibm">écritoire</contenuImg>
            <contenuImg CS="0.599" lang="fr" source="ibm">vaisselle</contenuImg>
            <contenuImg CS="0.6" lang="fr" source="ibm">aliments</contenuImg>
            <contenuImg CS="0.789" coul="1" lang="fr" source="ibm">émeraude (couleur)</contenuImg>
            <contenuImg CS="0.545" coul="1" lang="fr" source="ibm">noir</contenuImg>
            <contenuImg CS="0.545" coul="1" lang="en" source="ibm">black color</contenuImg>
            <contenuImg CS="0.789" coul="1" lang="en" source="ibm">emerald color</contenuImg>
            <contenuImg CS="0.6" lang="en" source="ibm">food</contenuImg>
            <contenuImg CS="0.599" lang="en" source="ibm">tableware</contenuImg>
            <contenuImg CS="0.5" lang="en" source="ibm">inkstand</contenuImg>
            <contenuImg CS="0.505" lang="en" source="ibm">building</contenuImg>
            <contenuImg CS="0.505" lang="en" source="ibm">retail store</contenuImg>
            <contenuImg CS="0.505" lang="en" source="ibm">shop</contenuImg>
            <contenuImg CS="0.505" lang="en" source="ibm">bakery</contenuImg>
            <contenuImg CS="0.586" lang="en" source="ibm">receptacle</contenuImg>
            <contenuImg CS="0.586" lang="en" source="ibm">ashtray</contenuImg>
            <contenuImg CS="0.48" h="420" lang="fr" source="yolo" w="456" x="910" y="393">bol</contenuImg>
            <contenuImg CS="0.48" h="420" lang="en" source="yolo" w="456" x="910" y="393">bowl</contenuImg>
            <contenuImg CS="0.81" h="440" lang="en" source="yolo" w="563" x="183" y="536">bowl</contenuImg>
            <genre source="final">publicité</genre>
            <genre source="md">publicité</genre>
            <fonction source="final">repro/photo</fonction>
            <tech source="final">imp photoméca</tech>
            <fonction CS="0.71" source="TensorFlow">repro/photo</fonction>
            <tech CS="1" source="md">imp photoméca</tech>
            <leg>Service à hors-d œuvre en sycomore poli : 200 Fr. Rond de serviette en cristal: 20 Fr.</leg>
            <txt>du Crocodile Sac d après-midi antilope : 150 Fr. Portefeuille en crocodile : 85 Fr.</txt>
          </ill>
        </ills>
      </page>
      <page hauteurPx="5139" largeurPx="3883" ordre="77">
        <nbMot>75</nbMot>
        <blocTexte>5</blocTexte>
        <blocTab>0</blocTab>
        <blocPub>0</blocPub>
        <blocIll ocr="1">1</blocIll>
        <ills/>
      </page>
      <page hauteurPx="5117" largeurPx="3769" ordre="78">
        <nbMot>67</nbMot>
        <blocTexte>4</blocTexte>
        <blocTab>0</blocTab>
        <blocPub>0</blocPub>
        <blocIll ocr="2">2</blocIll>
        <ills/>
      </page>
      <page hauteurPx="5131" largeurPx="3867" ordre="79">
        <nbMot>118</nbMot>
        <blocTexte>1</blocTexte>
        <blocTab>0</blocTab>
        <blocPub>1</blocPub>
        <blocIll ocr="0">0</blocIll>
      </page>
      <page hauteurPx="5129" largeurPx="3785" ordre="80">
        <nbMot>97</nbMot>
        <blocTexte>7</blocTexte>
        <blocTab>0</blocTab>
        <blocPub>0</blocPub>
        <blocIll ocr="3">3</blocIll>
        <ills/>
      </page>
      <page hauteurPx="5131" largeurPx="3867" ordre="81">
        <nbMot>59</nbMot>
        <blocTexte>4</blocTexte>
        <blocTab>0</blocTab>
        <blocPub>0</blocPub>
        <blocIll ocr="1">1</blocIll>
        <ills/>
      </page>
      <page hauteurPx="5129" largeurPx="3785" ordre="82">
        <nbMot>99</nbMot>
        <blocTexte>9</blocTexte>
        <blocTab>0</blocTab>
        <blocPub>3</blocPub>
        <blocIll ocr="3">3</blocIll>
        <ills>
          <ill classif="CCibm" couleur="gris" h="1868" n="82-3" pub="1" taille="1" w="1575" x="2006" y="2580">
            <contenuImg CS="0.64" lang="fr" source="ibm">boussole</contenuImg>
            <contenuImg CS="0.787" lang="fr" source="ibm">instrument de navigation</contenuImg>
            <contenuImg CS="0.621" lang="fr" source="ibm">compas magnétique</contenuImg>
            <contenuImg CS="0.5" lang="fr" source="ibm">sifflet</contenuImg>
            <contenuImg CS="0.5" lang="fr" source="ibm">instrument de musique</contenuImg>
            <contenuImg CS="0.599" lang="fr" source="ibm">horloge montre</contenuImg>
            <contenuImg CS="0.601" lang="fr" source="ibm">instrument</contenuImg>
            <contenuImg CS="0.947" coul="1" lang="fr" source="ibm">gris</contenuImg>
            <contenuImg CS="0.625" coul="1" lang="fr" source="ibm">charbon (couleur)</contenuImg>
            <contenuImg CS="0.625" coul="1" lang="en" source="ibm">charcoal color</contenuImg>
            <contenuImg CS="0.947" coul="1" lang="en" source="ibm">gray color</contenuImg>
            <contenuImg CS="0.601" lang="en" source="ibm">instrument</contenuImg>
            <contenuImg CS="0.599" lang="en" source="ibm">timepiece</contenuImg>
            <contenuImg CS="0.5" lang="en" source="ibm">musical instrument</contenuImg>
            <contenuImg CS="0.5" lang="en" source="ibm">whistle</contenuImg>
            <contenuImg CS="0.621" lang="en" source="ibm">magnetic compass</contenuImg>
            <contenuImg CS="0.787" lang="en" source="ibm">navigational instrument</contenuImg>
            <contenuImg CS="0.64" lang="en" source="ibm">compass</contenuImg>
            <genre source="final">publicité</genre>
            <genre source="md">publicité</genre>
            <fonction source="final">repro/photo</fonction>
            <tech source="final">imp photoméca</tech>
            <fonction CS="0.58" source="TensorFlow">repro/photo</fonction>
            <tech CS="1" source="md">imp photoméca</tech>
            <leg>Boutemy frères Bague or rose centre brillants. Clips brillants pour les oreilles. Montre bracelet exclusive ressort sport supprimant le fermoir. 9, rue St-Florentin</leg>
            <txt>Reticello saupoudré d or, voici la dernière et charmante création de Veronese : 4, rue SaintPhilippe-du-Roule, Paris — 17, Boul. Victor-Hugo, Nice. Veronese</txt>
          </ill>
        </ills>
      </page>
      <page hauteurPx="5155" largeurPx="3901" ordre="83">
        <nbMot>142</nbMot>
        <blocTexte>11</blocTexte>
        <blocTab>0</blocTab>
        <blocPub>0</blocPub>
        <blocIll ocr="1">1</blocIll>
        <ills/>
      </page>
      <page hauteurPx="5129" largeurPx="3785" ordre="84">
        <nbMot>183</nbMot>
        <blocTexte>8</blocTexte>
        <blocTab>0</blocTab>
        <blocPub>1</blocPub>
        <blocIll ocr="4">4</blocIll>
        <ills>
          <ill classif="CCibm" couleur="gris" h="928" n="84-4" pub="1" taille="0" w="972" x="2019" y="3813">
            <contenuImg CS="0.565" lang="fr" source="ibm">portefeuille</contenuImg>
            <contenuImg CS="0.5" lang="fr" source="ibm">sac à main</contenuImg>
            <contenuImg CS="0.629" coul="1" lang="fr" source="ibm">charbon (couleur)</contenuImg>
            <contenuImg CS="0.728" lang="fr" source="ibm">sac</contenuImg>
            <contenuImg CS="0.501" lang="fr" source="ibm">blague à tabac</contenuImg>
            <contenuImg CS="0.505" lang="fr" source="ibm">poche</contenuImg>
            <contenuImg CS="0.599" lang="fr" source="ibm">outil</contenuImg>
            <contenuImg CS="0.599" lang="fr" source="ibm">tissu</contenuImg>
            <contenuImg CS="0.599" lang="en" source="ibm">fabric</contenuImg>
            <contenuImg CS="0.599" lang="en" source="ibm">tool</contenuImg>
            <contenuImg CS="0.5" lang="en" source="ibm">purse</contenuImg>
            <contenuImg CS="0.505" lang="en" source="ibm">pouch</contenuImg>
            <contenuImg CS="0.501" lang="en" source="ibm">tobacco pouch</contenuImg>
            <contenuImg CS="0.728" lang="en" source="ibm">bag</contenuImg>
            <contenuImg CS="0.565" lang="en" source="ibm">pocketbook</contenuImg>
            <contenuImg CS="0.629" coul="1" lang="en" source="ibm">charcoal color</contenuImg>
            <genre source="final">publicité</genre>
            <genre source="md">publicité</genre>
            <fonction source="final">repro/dessin</fonction>
            <tech source="final">imp photoméca</tech>
            <fonction CS="0.55" source="TensorFlow">repro/dessin</fonction>
            <tech CS="1" source="md">imp photoméca</tech>
            <leg>P. Mabille Ravissant sac d antilope, fermoir bijouterie, et ceinture assortie.</leg>
            <txt>Le Tells-U-How Shaker à 15 recettes des plus goûtées est le préféré des amateurs 1, rue de la Paix. Spécialité d accessoires pour cocktails.</txt>
          </ill>
        </ills>
      </page>
      <page hauteurPx="5117" largeurPx="3849" ordre="85">
        <nbMot>37</nbMot>
        <blocTexte>2</blocTexte>
        <blocTab>0</blocTab>
        <blocPub>0</blocPub>
        <blocIll ocr="1">1</blocIll>
        <ills/>
      </page>
      <page hauteurPx="5173" largeurPx="3847" ordre="86">
        <nbMot>107</nbMot>
        <blocTexte>12</blocTexte>
        <blocTab>0</blocTab>
        <blocPub>12</blocPub>
        <blocIll ocr="2">2</blocIll>
        <ills>
          <ill classif="CCyolo CCibm" couleur="gris" h="2121" n="86-2" pub="1" taille="2" w="2732" x="294" y="2673">
            <contenuImg CS="0.535" lang="fr" source="ibm">acier</contenuImg>
            <contenuImg CS="0.54" lang="fr" source="ibm">bâton de golf cinq fer</contenuImg>
            <contenuImg CS="0.54" lang="fr" source="ibm">club de golf</contenuImg>
            <contenuImg CS="0.535" lang="fr" source="ibm">taille crayon</contenuImg>
            <contenuImg CS="0.511" lang="fr" source="ibm">porte cartouche</contenuImg>
            <contenuImg CS="0.512" lang="fr" source="ibm">dispositif mécanique</contenuImg>
            <contenuImg CS="0.5" lang="fr" source="ibm">clé à vis</contenuImg>
            <contenuImg CS="0.512" lang="fr" source="ibm">clé à molette</contenuImg>
            <contenuImg CS="0.527" lang="fr" source="ibm">clé (outil)</contenuImg>
            <contenuImg CS="0.551" lang="fr" source="ibm">outil</contenuImg>
            <contenuImg CS="0.596" lang="fr" source="ibm">instrument de mesure</contenuImg>
            <contenuImg CS="0.595" lang="fr" source="ibm">arme</contenuImg>
            <contenuImg CS="0.986" coul="1" lang="fr" source="ibm">gris</contenuImg>
            <contenuImg CS="0.986" coul="1" lang="en" source="ibm">gray color</contenuImg>
            <contenuImg CS="0.595" lang="en" source="ibm">weapon</contenuImg>
            <contenuImg CS="0.596" lang="en" source="ibm">measuring instrument</contenuImg>
            <contenuImg CS="0.551" lang="en" source="ibm">tool</contenuImg>
            <contenuImg CS="0.527" lang="en" source="ibm">wrench</contenuImg>
            <contenuImg CS="0.512" lang="en" source="ibm">adjustable wrench</contenuImg>
            <contenuImg CS="0.5" lang="en" source="ibm">screw wrench</contenuImg>
            <contenuImg CS="0.512" lang="en" source="ibm">mechanical device</contenuImg>
            <contenuImg CS="0.511" lang="en" source="ibm">cartridge holder</contenuImg>
            <contenuImg CS="0.535" lang="en" source="ibm">sharpener</contenuImg>
            <contenuImg CS="0.535" lang="en" source="ibm">steel</contenuImg>
            <contenuImg CS="0.54" lang="en" source="ibm">golf club</contenuImg>
            <contenuImg CS="0.54" lang="en" source="ibm">five iron golf stick</contenuImg>
            <contenuImg CS="0.53" h="500" lang="fr" source="yolo" w="510" x="1270" y="1120">montre</contenuImg>
            <contenuImg CS="0.53" h="500" lang="en" source="yolo" w="510" x="1270" y="1120">clock</contenuImg>
            <genre source="final">publicité</genre>
            <genre source="md">publicité</genre>
            <fonction source="final">repro/photo</fonction>
            <tech source="final">imp photoméca</tech>
            <fonction CS="0.48" source="TensorFlow">repro/photo</fonction>
            <tech CS="1" source="md">imp photoméca</tech>
            <leg>Alfred Dunhill 15, rue de la Paix. Briquet métal argenté Savory  , Fr. 140. Pipe Shell , Fr. 130.</leg>
            <txt>des Champs-Elysées G. M. 35 Fr. 39, Av.</txt>
          </ill>
        </ills>
      </page>
      <page hauteurPx="5143" largeurPx="3883" ordre="87">
        <nbMot>72</nbMot>
        <blocTexte>2</blocTexte>
        <blocTab>0</blocTab>
        <blocPub>2</blocPub>
        <blocIll ocr="1">1</blocIll>
        <ills>
          <ill classif="CCibm" couleur="gris" h="4104" n="87-1" pub="1" taille="6" w="3264" x="274" y="337">
            <contenuImg CS="0.606" lang="fr" source="ibm">timbre papier</contenuImg>
            <contenuImg CS="0.63" lang="fr" source="ibm">document écrit</contenuImg>
            <contenuImg CS="0.509" lang="fr" source="ibm">journal</contenuImg>
            <contenuImg CS="0.502" lang="fr" source="ibm">mots-croisés</contenuImg>
            <contenuImg CS="0.5" lang="fr" source="ibm">bijouterie</contenuImg>
            <contenuImg CS="0.502" lang="fr" source="ibm">boutique</contenuImg>
            <contenuImg CS="0.502" lang="fr" source="ibm">magasin de détail</contenuImg>
            <contenuImg CS="0.502" lang="fr" source="ibm">bâtiment</contenuImg>
            <contenuImg CS="0.6" lang="fr" source="ibm">presse écrite</contenuImg>
            <contenuImg CS="0.598" lang="fr" source="ibm">pièce</contenuImg>
            <contenuImg CS="0.596" lang="fr" source="ibm">tissu</contenuImg>
            <contenuImg CS="0.983" coul="1" lang="fr" source="ibm">gris</contenuImg>
            <contenuImg CS="0.983" coul="1" lang="en" source="ibm">gray color</contenuImg>
            <contenuImg CS="0.596" lang="en" source="ibm">fabric</contenuImg>
            <contenuImg CS="0.598" lang="en" source="ibm">room</contenuImg>
            <contenuImg CS="0.6" lang="en" source="ibm">print media</contenuImg>
            <contenuImg CS="0.502" lang="en" source="ibm">building</contenuImg>
            <contenuImg CS="0.502" lang="en" source="ibm">retail store</contenuImg>
            <contenuImg CS="0.502" lang="en" source="ibm">shop</contenuImg>
            <contenuImg CS="0.5" lang="en" source="ibm">Jewelry Shop</contenuImg>
            <contenuImg CS="0.502" lang="en" source="ibm">crossword puzzle</contenuImg>
            <contenuImg CS="0.509" lang="en" source="ibm">newspaper</contenuImg>
            <contenuImg CS="0.63" lang="en" source="ibm">written document</contenuImg>
            <contenuImg CS="0.606" lang="en" source="ibm">paper-based stamps/currency</contenuImg>
            <genre source="final">publicité</genre>
            <genre source="md">publicité</genre>
            <fonction source="final">repro/texte</fonction>
            <tech source="final">imp photoméca</tech>
            <fonction CS="0.34" source="TensorFlow">repro/texte</fonction>
            <tech CS="1" source="md">imp photoméca</tech>
            <leg>Mauboussin 3, rue de Choiseul (2me étage) de 8.000 Fr. Bracelet ligne 14 brillant?</leg>
          </ill>
        </ills>
      </page>
      <page hauteurPx="5129" largeurPx="3785" ordre="88">
        <nbMot>111</nbMot>
        <blocTexte>7</blocTexte>
        <blocTab>0</blocTab>
        <blocPub>7</blocPub>
        <blocIll ocr="0">0</blocIll>
      </page>
      <page hauteurPx="5139" largeurPx="3879" ordre="89">
        <nbMot>80</nbMot>
        <blocTexte>3</blocTexte>
        <blocTab>0</blocTab>
        <blocPub>3</blocPub>
        <blocIll ocr="0">0</blocIll>
      </page>
      <page hauteurPx="5165" largeurPx="3809" ordre="90">
        <nbMot>107</nbMot>
        <blocTexte>4</blocTexte>
        <blocTab>0</blocTab>
        <blocPub>0</blocPub>
        <blocIll ocr="2">2</blocIll>
        <ills/>
      </page>
      <page hauteurPx="5117" largeurPx="3849" ordre="91">
        <nbMot>163</nbMot>
        <blocTexte>5</blocTexte>
        <blocTab>0</blocTab>
        <blocPub>5</blocPub>
        <blocIll ocr="0">0</blocIll>
      </page>
      <page hauteurPx="5155" largeurPx="3795" ordre="92">
        <nbMot>96</nbMot>
        <blocTexte>7</blocTexte>
        <blocTab>0</blocTab>
        <blocPub>0</blocPub>
        <blocIll ocr="3">3</blocIll>
        <ills/>
      </page>
      <page hauteurPx="5117" largeurPx="3849" ordre="93">
        <nbMot>150</nbMot>
        <blocTexte>9</blocTexte>
        <blocTab>0</blocTab>
        <blocPub>0</blocPub>
        <blocIll ocr="3">3</blocIll>
        <ills/>
      </page>
      <page hauteurPx="5181" largeurPx="3831" ordre="94">
        <nbMot>1074</nbMot>
        <blocTexte>44</blocTexte>
        <blocTab>0</blocTab>
        <blocPub>0</blocPub>
        <blocIll ocr="1">1</blocIll>
        <ills/>
      </page>
      <page hauteurPx="5171" largeurPx="3921" ordre="95">
        <nbMot>39</nbMot>
        <blocTexte>6</blocTexte>
        <blocTab>0</blocTab>
        <blocPub>5</blocPub>
        <blocIll ocr="0">0</blocIll>
      </page>
      <page hauteurPx="5141" largeurPx="3777" ordre="96">
        <nbMot>878</nbMot>
        <blocTexte>27</blocTexte>
        <blocTab>0</blocTab>
        <blocPub>4</blocPub>
        <blocIll ocr="2">2</blocIll>
        <ills>
          <ill classif="CCyolo CCibm" couleur="gris" h="1020" n="96-2" pub="1" taille="0" w="1089" x="1987" y="184">
            <contenuImg CS="0.791" lang="fr" source="ibm">relais électrique</contenuImg>
            <contenuImg CS="0.862" lang="fr" source="ibm">appareil électrique</contenuImg>
            <contenuImg CS="0.5" lang="fr" source="ibm">disjoncteur</contenuImg>
            <contenuImg CS="0.798" lang="fr" source="ibm">interrupteur</contenuImg>
            <contenuImg CS="0.884" coul="1" lang="fr" source="ibm">gris</contenuImg>
            <contenuImg CS="0.884" coul="1" lang="en" source="ibm">gray color</contenuImg>
            <contenuImg CS="0.798" lang="en" source="ibm">electric switch</contenuImg>
            <contenuImg CS="0.5" lang="en" source="ibm">circuit breaker</contenuImg>
            <contenuImg CS="0.862" lang="en" source="ibm">electrical device</contenuImg>
            <contenuImg CS="0.791" lang="en" source="ibm">electrical relay</contenuImg>
            <contenuImg CS="0.45" h="143" lang="fr" source="yolo" w="366" x="123" y="500">livre</contenuImg>
            <contenuImg CS="0.30" h="976" lang="fr" source="yolo" w="940" x="66" y="36">réfrigérateur</contenuImg>
            <contenuImg CS="0.29" h="233" lang="fr" source="yolo" w="73" x="226" y="183">bouteille</contenuImg>
            <contenuImg CS="0.29" h="233" lang="en" source="yolo" w="73" x="226" y="183">bottle</contenuImg>
            <contenuImg CS="0.30" h="976" lang="en" source="yolo" w="940" x="66" y="36">refrigerator</contenuImg>
            <contenuImg CS="0.45" h="143" lang="en" source="yolo" w="366" x="123" y="500">book</contenuImg>
            <contenuImg CS="0.80" h="216" lang="en" source="yolo" w="120" x="156" y="246">bottle</contenuImg>
            <genre source="final">publicité</genre>
            <genre source="md">publicité</genre>
            <fonction source="final">repro/dessin</fonction>
            <tech source="final">imp photoméca</tech>
            <fonction CS="0.69" source="TensorFlow">repro/dessin</fonction>
            <tech CS="1" source="md">imp photoméca</tech>
            <leg>Pour le nouvel an de Saysa. une charmante boîte ornée d un fragment photographique du Songe d une Nuit d été Vous y trouverez un vernis, un dissolvant, de l huile fortifiante et de l Orteil Tonic complétés de deux bâtonnets Crystic a m a CHASSIS ET CARROSSERIES 1937 :</leg>
            <txt>PARIS: 279 Rue Saint Honore Y A RDLEY LONDRES : 33 Old Bond Street gSL En vente dans toutes les bonnes Maisons j~ L extrait: Frs. 10., 16., 21., 29.,39., 60., 115.; Le Savon : Frs. 6 et 12 ; Poudre de Riz : iM Frs. 10 ; Poudre de Talc : Frs. 7 ; Sels de \f fjjrjjjtÊBSÊBain : Frs. 15 ; Sachets fbte de 6) Frs. 18 LA VANDA VOINE (Lavendomeal) Parfume et adoucit merveilleusement l eau. Frs. 20 ez</txt>
          </ill>
        </ills>
      </page>
      <page hauteurPx="5131" largeurPx="3867" ordre="97">
        <nbMot>159</nbMot>
        <blocTexte>8</blocTexte>
        <blocTab>0</blocTab>
        <blocPub>4</blocPub>
        <blocIll ocr="3">3</blocIll>
        <ills/>
      </page>
      <page hauteurPx="5179" largeurPx="3827" ordre="98">
        <nbMot>850</nbMot>
        <blocTexte>13</blocTexte>
        <blocTab>0</blocTab>
        <blocPub>0</blocPub>
        <blocIll ocr="2">2</blocIll>
        <ills/>
      </page>
      <page hauteurPx="5133" largeurPx="3857" ordre="99">
        <nbMot>411</nbMot>
        <blocTexte>15</blocTexte>
        <blocTab>0</blocTab>
        <blocPub>14</blocPub>
        <blocIll ocr="0">0</blocIll>
      </page>
      <page hauteurPx="5177" largeurPx="3825" ordre="100">
        <nbMot>761</nbMot>
        <blocTexte>23</blocTexte>
        <blocTab>0</blocTab>
        <blocPub>11</blocPub>
        <blocIll ocr="1">1</blocIll>
        <ills>
          <ill classif="CCyolo CCibm" couleur="gris" h="1014" n="100-1" pub="1" taille="0" w="1419" x="2085" y="224">
            <contenuImg CS="0.678" lang="fr" source="ibm">table à dinner</contenuImg>
            <contenuImg CS="0.705" lang="fr" source="ibm">table à manger</contenuImg>
            <contenuImg CS="0.741" lang="fr" source="ibm">table</contenuImg>
            <contenuImg CS="0.743" lang="fr" source="ibm">meubles</contenuImg>
            <contenuImg CS="0.5" lang="fr" source="ibm">flacon Erlenmeyer</contenuImg>
            <contenuImg CS="0.5" lang="fr" source="ibm">flasque</contenuImg>
            <contenuImg CS="0.5" lang="fr" source="ibm">bouteille</contenuImg>
            <contenuImg CS="0.6" lang="fr" source="ibm">équipement de jeu</contenuImg>
            <contenuImg CS="0.599" lang="fr" source="ibm">pièce</contenuImg>
            <contenuImg CS="0.744" coul="1" lang="fr" source="ibm">émeraude (couleur)</contenuImg>
            <contenuImg CS="0.732" coul="1" lang="fr" source="ibm">noir</contenuImg>
            <contenuImg CS="0.732" coul="1" lang="en" source="ibm">black color</contenuImg>
            <contenuImg CS="0.744" coul="1" lang="en" source="ibm">emerald color</contenuImg>
            <contenuImg CS="0.599" lang="en" source="ibm">room</contenuImg>
            <contenuImg CS="0.6" lang="en" source="ibm">game equipment</contenuImg>
            <contenuImg CS="0.5" lang="en" source="ibm">bottle</contenuImg>
            <contenuImg CS="0.5" lang="en" source="ibm">flask</contenuImg>
            <contenuImg CS="0.5" lang="en" source="ibm">Erlenmeyer flask</contenuImg>
            <contenuImg CS="0.743" lang="en" source="ibm">furniture</contenuImg>
            <contenuImg CS="0.741" lang="en" source="ibm">table</contenuImg>
            <contenuImg CS="0.705" lang="en" source="ibm">dining table</contenuImg>
            <contenuImg CS="0.678" lang="en" source="ibm">dinner table</contenuImg>
            <contenuImg CS="0.82" h="273" lang="fr" source="yolo" w="170" x="533" y="356">bouteille</contenuImg>
            <contenuImg CS="0.62" h="296" lang="fr" source="yolo" w="180" x="176" y="366">tasse</contenuImg>
            <contenuImg CS="0.62" h="296" lang="en" source="yolo" w="180" x="176" y="366">cup</contenuImg>
            <contenuImg CS="0.82" h="273" lang="en" source="yolo" w="170" x="533" y="356">bottle</contenuImg>
            <contenuImg CS="0.87" h="313" lang="en" source="yolo" w="223" x="633" y="420">bottle</contenuImg>
            <contenuImg CS="0.90" h="373" lang="en" source="yolo" w="286" x="800" y="440">bottle</contenuImg>
            <contenuImg CS="0.91" h="296" lang="en" source="yolo" w="156" x="443" y="250">bottle</contenuImg>
            <genre source="final">publicité</genre>
            <genre source="md">publicité</genre>
            <fonction source="final">repro/photo</fonction>
            <tech source="final">imp photoméca</tech>
            <fonction CS="0.94" source="TensorFlow">repro/photo</fonction>
            <tech CS="1" source="md">imp photoméca</tech>
            <leg>FLACONS ET BOITES, BOUCHONS CHÊNE NATUREL SUR VOTRE COIFFEUSE A toutes les époques, sur la coiffeuse, sont apparus, d une part indispensables et d autre part comme de véritables éléments décoratifs, les nécessaires, les flacons, les boîtes. Sur les belles coiffeuses en marqueterie Régence ou XVIIIe siècle, c étaient les petits pots de porcelaine tendre, les flacons de cristal taillé et parfois agrémentés d ornements dorés, tandis que l Empire nous valait surtout le cristal taillé à facettes et les nécessaires de vermeil. La Restauration puis le Second Empire ont connu une égale floraison de boîtes et de flacons soit en verre de Bohême gravé, soit en opaline, opalines aux tons si gais, encore fort recherchées aujourd hui.</leg>
            <txt>GRAND HOTEL DES ALPES MADONNA DI CAMPIGLlO, 1550 m. 40 bains, Ecole de ski HOTEL DOLOMtT) S. MARTINO PI CASTROZZA, 1500 m. Maison de haute classe SOLDA, 1900 m, GRAND HOTEL SOLDA, 200 lits. Tout confort. Enneigement certain Renseignements: E.N.I. T. 49, Avenue de l Opéra, Paris et toutes les Agences de Voyages CORTINA HOTEL, I50 lits. Posit. centrale. Maison moderne et distinguée TRE CROCI, 1800 m. GRAND HOTEL, 180 lits. 1er ordre.</txt>
          </ill>
        </ills>
      </page>
      <page hauteurPx="5171" largeurPx="3907" ordre="101">
        <nbMot>25</nbMot>
        <blocTexte>4</blocTexte>
        <blocTab>0</blocTab>
        <blocPub>3</blocPub>
        <blocIll ocr="0">0</blocIll>
      </page>
      <page hauteurPx="5187" largeurPx="3823" ordre="102">
        <nbMot>582</nbMot>
        <blocTexte>46</blocTexte>
        <blocTab>0</blocTab>
        <blocPub>6</blocPub>
        <blocIll ocr="3">3</blocIll>
        <ills>
          <ill classif="CCibm" couleur="gris" h="379" n="102-3" pub="1" taille="0" w="366" x="3135" y="443">
            <contenuImg CS="0.692" lang="fr" source="ibm">stylo et encre</contenuImg>
            <contenuImg CS="0.626" lang="fr" source="ibm">détecteur de métaux</contenuImg>
            <contenuImg CS="0.5" lang="fr" source="ibm">appareil de gymnastique</contenuImg>
            <contenuImg CS="0.598" lang="fr" source="ibm">appareil électrique</contenuImg>
            <contenuImg CS="0.595" lang="fr" source="ibm">radiogramme</contenuImg>
            <contenuImg CS="0.716" coul="1" lang="fr" source="ibm">gris</contenuImg>
            <contenuImg CS="0.657" coul="1" lang="fr" source="ibm">bleu outremer</contenuImg>
            <contenuImg CS="0.657" coul="1" lang="en" source="ibm">ultramarine color</contenuImg>
            <contenuImg CS="0.716" coul="1" lang="en" source="ibm">gray color</contenuImg>
            <contenuImg CS="0.595" lang="en" source="ibm">radiogram</contenuImg>
            <contenuImg CS="0.598" lang="en" source="ibm">electrical device</contenuImg>
            <contenuImg CS="0.5" lang="en" source="ibm">gymnastic apparatus</contenuImg>
            <contenuImg CS="0.626" lang="en" source="ibm">metal detector</contenuImg>
            <contenuImg CS="0.692" lang="en" source="ibm">pen-and-ink</contenuImg>
            <genre source="final">publicité</genre>
            <genre source="md">publicité</genre>
            <fonction source="final">repro/dessin</fonction>
            <tech source="final">imp photoméca</tech>
            <fonction CS="0.97" source="TensorFlow">repro/dessin</fonction>
            <tech CS="1" source="md">imp photoméca</tech>
            <leg>Des Adresses ? De Bonnes Adresses Vous n en aurez jamais trop! AMEUBLEMENT LESATELIERS D ART RUSTIQUE ET MODERNE vendent au prix de leur usine. Leurs décorateurs sont des artistes. Consultez-les pour moderniser votre appartement, choisir vos luminaires, créer votre studio et donner à votre Beauté un cadre digne d Elle, 10, rue de la Pépinière.</leg>
            <txt>ADRESSE NOM</txt>
          </ill>
        </ills>
      </page>
      <page hauteurPx="5179" largeurPx="3917" ordre="103">
        <nbMot>18</nbMot>
        <blocTexte>3</blocTexte>
        <blocTab>0</blocTab>
        <blocPub>3</blocPub>
        <blocIll ocr="0">0</blocIll>
      </page>
      <page hauteurPx="5165" largeurPx="3793" ordre="104">
        <nbMot>181</nbMot>
        <blocTexte>6</blocTexte>
        <blocTab>0</blocTab>
        <blocPub>4</blocPub>
        <blocIll ocr="0">0</blocIll>
      </page>
      <page hauteurPx="5149" largeurPx="3889" ordre="105">
        <nbMot>0</nbMot>
        <blocTexte>0</blocTexte>
        <blocTab>0</blocTab>
        <blocPub>0</blocPub>
        <blocIll ocr="0">0</blocIll>
      </page>
      <page hauteurPx="5165" largeurPx="3793" ordre="106">
        <nbMot>0</nbMot>
        <blocTexte>0</blocTexte>
        <blocTab>0</blocTab>
        <blocPub>0</blocPub>
        <blocIll ocr="0">0</blocIll>
      </page>
      <page hauteurPx="5179" largeurPx="3927" ordre="107">
        <nbMot>0</nbMot>
        <blocTexte>0</blocTexte>
        <blocTab>0</blocTab>
        <blocPub>0</blocPub>
        <blocIll ocr="0">0</blocIll>
      </page>
      <page hauteurPx="5165" largeurPx="3793" ordre="108">
        <nbMot>0</nbMot>
        <blocTexte>0</blocTexte>
        <blocTab>0</blocTab>
        <blocPub>0</blocPub>
        <blocIll ocr="0">0</blocIll>
      </page>
      <page hauteurPx="5161" largeurPx="3905" ordre="109">
        <nbMot>0</nbMot>
        <blocTexte>0</blocTexte>
        <blocTab>0</blocTab>
        <blocPub>0</blocPub>
        <blocIll ocr="0">0</blocIll>
      </page>
      <page hauteurPx="5211" largeurPx="3855" ordre="110">
        <nbMot>0</nbMot>
        <blocTexte>0</blocTexte>
        <blocTab>0</blocTab>
        <blocPub>0</blocPub>
        <blocIll ocr="0">0</blocIll>
      </page>
      <page hauteurPx="5201" largeurPx="3957" ordre="111">
        <nbMot>0</nbMot>
        <blocTexte>0</blocTexte>
        <blocTab>0</blocTab>
        <blocPub>0</blocPub>
        <blocIll ocr="0">0</blocIll>
      </page>
      <page hauteurPx="5165" largeurPx="3793" ordre="112">
        <nbMot>0</nbMot>
        <blocTexte>0</blocTexte>
        <blocTab>0</blocTab>
        <blocPub>0</blocPub>
        <blocIll ocr="0">0</blocIll>
      </page>
      <page hauteurPx="5337" largeurPx="4075" ordre="113">
        <nbMot>0</nbMot>
        <blocTexte>0</blocTexte>
        <blocTab>0</blocTab>
        <blocPub>0</blocPub>
        <blocIll ocr="0">0</blocIll>
      </page>
      <page hauteurPx="5317" largeurPx="4065" ordre="114">
        <nbMot>0</nbMot>
        <blocTexte>0</blocTexte>
        <blocTab>0</blocTab>
        <blocPub>0</blocPub>
        <blocIll ocr="0">0</blocIll>
      </page>
    </pages>
  </contenus>
</analyseAlto>