<analyseAlto>
  <metad>
    <type>R</type>
    <ID>bpt6k6540496s</ID>
    <notice>cb343833568</notice>
    <titre>Vogue 1936/11</titre>
    <dateEdition>1936-11</dateEdition>
    <lang>fre</lang>
    <source>BnF</source>
    <nbPage>88</nbPage>
  </metad>
  <contenus>
    <largeur>157</largeur>
    <hauteur>215</hauteur>
    <largeurPx>3713</largeurPx>
    <hauteurPx>5091</hauteurPx>
    <pages>
      <page hauteurPx="5091" largeurPx="3713" ordre="1">
        <nbMot>0</nbMot>
        <blocTexte>0</blocTexte>
        <blocTab>0</blocTab>
        <blocPub>0</blocPub>
        <blocIll ocr="1">1</blocIll>
        <ills/>
      </page>
      <page hauteurPx="5191" largeurPx="3783" ordre="2">
        <nbMot>53</nbMot>
        <blocTexte>1</blocTexte>
        <blocTab>0</blocTab>
        <blocPub>1</blocPub>
        <blocIll ocr="0">0</blocIll>
      </page>
      <page hauteurPx="5091" largeurPx="3715" ordre="3">
        <nbMot>29</nbMot>
        <blocTexte>3</blocTexte>
        <blocTab>0</blocTab>
        <blocPub>1</blocPub>
        <blocIll ocr="0">0</blocIll>
      </page>
      <page hauteurPx="5157" largeurPx="3737" ordre="4">
        <nbMot>145</nbMot>
        <blocTexte>13</blocTexte>
        <blocTab>0</blocTab>
        <blocPub>11</blocPub>
        <blocIll ocr="0">0</blocIll>
      </page>
      <page hauteurPx="5061" largeurPx="3673" ordre="5">
        <nbMot>75</nbMot>
        <blocTexte>4</blocTexte>
        <blocTab>0</blocTab>
        <blocPub>2</blocPub>
        <blocIll ocr="0">0</blocIll>
      </page>
      <page hauteurPx="5179" largeurPx="3767" ordre="6">
        <nbMot>96</nbMot>
        <blocTexte>13</blocTexte>
        <blocTab>0</blocTab>
        <blocPub>11</blocPub>
        <blocIll ocr="1">1</blocIll>
        <ills>
          <ill classif="CCyolo CCibm" couleur="gris" h="3415" n="6-1" pub="1" taille="2" w="1694" x="259" y="254">
            <contenuImg CS="0.798" lang="fr" source="ibm">personne</contenuImg>
            <contenuImg CS="0.721" lang="fr" source="ibm">zoot suit</contenuImg>
            <contenuImg CS="0.722" lang="fr" source="ibm">costume</contenuImg>
            <contenuImg CS="0.81" lang="fr" source="ibm">vêtement</contenuImg>
            <contenuImg CS="0.549" lang="fr" source="ibm">costume marin</contenuImg>
            <contenuImg CS="0.551" lang="fr" source="ibm">tenue</contenuImg>
            <contenuImg CS="0.552" lang="fr" source="ibm">robe</contenuImg>
            <contenuImg CS="0.5" lang="fr" source="ibm">houppelande</contenuImg>
            <contenuImg CS="0.51" lang="fr" source="ibm">manteau</contenuImg>
            <contenuImg CS="0.519" lang="fr" source="ibm">survêtement</contenuImg>
            <contenuImg CS="0.801" lang="fr" source="ibm">vêtements</contenuImg>
            <contenuImg CS="0.972" coul="1" lang="fr" source="ibm">charbon (couleur)</contenuImg>
            <contenuImg CS="0.972" coul="1" lang="en" source="ibm">charcoal color</contenuImg>
            <contenuImg CS="0.801" lang="en" source="ibm">clothing</contenuImg>
            <contenuImg CS="0.519" lang="en" source="ibm">overgarment</contenuImg>
            <contenuImg CS="0.51" lang="en" source="ibm">coat</contenuImg>
            <contenuImg CS="0.5" lang="en" source="ibm">greatcoat</contenuImg>
            <contenuImg CS="0.552" lang="en" source="ibm">dress</contenuImg>
            <contenuImg CS="0.551" lang="en" source="ibm">outfit</contenuImg>
            <contenuImg CS="0.549" lang="en" source="ibm">sailor suit</contenuImg>
            <contenuImg CS="0.81" lang="en" source="ibm">garment</contenuImg>
            <contenuImg CS="0.722" lang="en" source="ibm">suit of clothes</contenuImg>
            <contenuImg CS="0.721" lang="en" source="ibm">zoot suit</contenuImg>
            <contenuImg CS="0.798" lang="en" source="ibm">person</contenuImg>
            <contenuImg CS="0.98" h="3310" lang="fr" source="yolo" w="1443" x="156" y="93">personne</contenuImg>
            <contenuImg CS="0.98" h="3310" lang="en" source="yolo" w="1443" x="156" y="93">person</contenuImg>
            <genre source="final">publicité</genre>
            <genre source="md">publicité</genre>
            <fonction source="final">repro/photo</fonction>
            <tech source="final">imp photoméca</tech>
            <fonction CS="0.94" source="TensorFlow">repro/photo</fonction>
            <tech CS="1" source="md">imp photoméca</tech>
            <leg>METIS ASTRAKAN P E RSIANER ALLÉGÉ DE DAIM 5000 Fr FOURRURES MAURICE AU RENARD ARGENTÉ MAISON FONDEE EN 1890 1 3 ★ TEL. PASSY: 66-24. claire any couture</leg>
          </ill>
        </ills>
      </page>
      <page hauteurPx="5081" largeurPx="3701" ordre="7">
        <nbMot>245</nbMot>
        <blocTexte>9</blocTexte>
        <blocTab>0</blocTab>
        <blocPub>7</blocPub>
        <blocIll ocr="0">0</blocIll>
      </page>
      <page hauteurPx="5193" largeurPx="3787" ordre="8">
        <nbMot>175</nbMot>
        <blocTexte>10</blocTexte>
        <blocTab>0</blocTab>
        <blocPub>8</blocPub>
        <blocIll ocr="0">0</blocIll>
      </page>
      <page hauteurPx="5073" largeurPx="3689" ordre="9">
        <nbMot>116</nbMot>
        <blocTexte>5</blocTexte>
        <blocTab>0</blocTab>
        <blocPub>5</blocPub>
        <blocIll ocr="0">0</blocIll>
      </page>
      <page hauteurPx="5157" largeurPx="3737" ordre="10">
        <nbMot>213</nbMot>
        <blocTexte>10</blocTexte>
        <blocTab>0</blocTab>
        <blocPub>8</blocPub>
        <blocIll ocr="0">0</blocIll>
      </page>
      <page hauteurPx="5083" largeurPx="3703" ordre="11">
        <nbMot>59</nbMot>
        <blocTexte>6</blocTexte>
        <blocTab>0</blocTab>
        <blocPub>6</blocPub>
        <blocIll ocr="0">0</blocIll>
      </page>
      <page hauteurPx="5195" largeurPx="3789" ordre="12">
        <nbMot>640</nbMot>
        <blocTexte>17</blocTexte>
        <blocTab>0</blocTab>
        <blocPub>3</blocPub>
        <blocIll ocr="1">1</blocIll>
        <ills>
          <ill classif="CCyolo CCibm" couleur="gris" h="1944" n="12-1" pub="1" taille="1" w="1883" x="1780" y="254">
            <contenuImg CS="0.878" lang="fr" source="ibm">salle d'étude</contenuImg>
            <contenuImg CS="0.605" lang="fr" source="ibm">ciliée (organisme)</contenuImg>
            <contenuImg CS="0.614" lang="fr" source="ibm">micro-organisme</contenuImg>
            <contenuImg CS="0.5" lang="fr" source="ibm">pointe d'argent</contenuImg>
            <contenuImg CS="0.79" lang="fr" source="ibm">animal</contenuImg>
            <contenuImg CS="0.786" lang="fr" source="ibm">plante</contenuImg>
            <contenuImg CS="0.887" coul="1" lang="fr" source="ibm">gris</contenuImg>
            <contenuImg CS="0.604" coul="1" lang="fr" source="ibm">bleu outremer</contenuImg>
            <contenuImg CS="0.604" coul="1" lang="en" source="ibm">ultramarine color</contenuImg>
            <contenuImg CS="0.887" coul="1" lang="en" source="ibm">gray color</contenuImg>
            <contenuImg CS="0.786" lang="en" source="ibm">plant</contenuImg>
            <contenuImg CS="0.79" lang="en" source="ibm">animal</contenuImg>
            <contenuImg CS="0.5" lang="en" source="ibm">silverpoint</contenuImg>
            <contenuImg CS="0.614" lang="en" source="ibm">microorganism</contenuImg>
            <contenuImg CS="0.605" lang="en" source="ibm">ciliate (organism)</contenuImg>
            <contenuImg CS="0.878" lang="en" source="ibm">study</contenuImg>
            <contenuImg CS="0.69" h="343" lang="fr" source="yolo" w="566" x="280" y="1503">oiseau</contenuImg>
            <contenuImg CS="0.69" h="343" lang="en" source="yolo" w="566" x="280" y="1503">bird</contenuImg>
            <genre source="final">publicité</genre>
            <genre source="md">publicité</genre>
            <fonction source="final">repro/dessin</fonction>
            <tech source="final">imp photoméca</tech>
            <fonction CS="0.81" source="TensorFlow">repro/dessin</fonction>
            <tech CS="1" source="md">imp photoméca</tech>
            <leg>A femme nouvelle, beauté inédite. L idéal de Beauté change et se transforme plus lentement mais aussi sûrement que la mode. Helena Rubinstein lance cet automne une nouvelle conception du maquillage ; il ne suffit pas pour plaire de colorier son visage, rouge et poudre en grande quantité n ont jamais embelli personne. Le maquillage doit, tout en étant discret, donner à la femme une sorte de rayonnement grâce auquel elle est remarquée, admirée. Le maquillage est au visage ce que l orient est à la perle du la rosée aux fleurs.</leg>
            <txt>d:vw M~ et nH adcIe tgMvt 17Ut £ t ,</txt>
          </ill>
        </ills>
      </page>
      <page hauteurPx="5091" largeurPx="3713" ordre="13">
        <nbMot>16</nbMot>
        <blocTexte>1</blocTexte>
        <blocTab>0</blocTab>
        <blocPub>1</blocPub>
        <blocIll ocr="0">0</blocIll>
      </page>
      <page hauteurPx="5207" largeurPx="3807" ordre="14">
        <nbMot>59</nbMot>
        <blocTexte>6</blocTexte>
        <blocTab>0</blocTab>
        <blocPub>6</blocPub>
        <blocIll ocr="0">0</blocIll>
      </page>
      <page hauteurPx="5083" largeurPx="3703" ordre="15">
        <nbMot>265</nbMot>
        <blocTexte>6</blocTexte>
        <blocTab>0</blocTab>
        <blocPub>4</blocPub>
        <blocIll ocr="0">0</blocIll>
      </page>
      <page hauteurPx="5157" largeurPx="3737" ordre="16">
        <nbMot>191</nbMot>
        <blocTexte>4</blocTexte>
        <blocTab>0</blocTab>
        <blocPub>2</blocPub>
        <blocIll ocr="0">0</blocIll>
      </page>
      <page hauteurPx="5083" largeurPx="3703" ordre="17">
        <nbMot>97</nbMot>
        <blocTexte>3</blocTexte>
        <blocTab>0</blocTab>
        <blocPub>3</blocPub>
        <blocIll ocr="1">1</blocIll>
        <ills>
          <ill classif="CCyolo CCibm" couleur="gris" h="3371" n="17-1" pub="1" taille="5" w="3331" x="42" y="850">
            <contenuImg CS="0.6" lang="fr" source="ibm">personne</contenuImg>
            <contenuImg CS="0.505" lang="fr" source="ibm">pont de bateau</contenuImg>
            <contenuImg CS="0.505" lang="fr" source="ibm">plate-forme</contenuImg>
            <contenuImg CS="0.5" lang="fr" source="ibm">zoot suit</contenuImg>
            <contenuImg CS="0.511" lang="fr" source="ibm">costume</contenuImg>
            <contenuImg CS="0.512" lang="fr" source="ibm">vêtement</contenuImg>
            <contenuImg CS="0.597" lang="fr" source="ibm">pièce</contenuImg>
            <contenuImg CS="0.601" lang="fr" source="ibm">vêtements</contenuImg>
            <contenuImg CS="0.99" coul="1" lang="fr" source="ibm">gris</contenuImg>
            <contenuImg CS="0.99" coul="1" lang="en" source="ibm">gray color</contenuImg>
            <contenuImg CS="0.601" lang="en" source="ibm">clothing</contenuImg>
            <contenuImg CS="0.597" lang="en" source="ibm">room</contenuImg>
            <contenuImg CS="0.512" lang="en" source="ibm">garment</contenuImg>
            <contenuImg CS="0.511" lang="en" source="ibm">suit of clothes</contenuImg>
            <contenuImg CS="0.5" lang="en" source="ibm">zoot suit</contenuImg>
            <contenuImg CS="0.505" lang="en" source="ibm">platform</contenuImg>
            <contenuImg CS="0.505" lang="en" source="ibm">Boat Deck</contenuImg>
            <contenuImg CS="0.6" lang="en" source="ibm">person</contenuImg>
            <contenuImg CS="0.44" h="526" lang="fr" source="yolo" w="220" x="3036" y="1696">personne</contenuImg>
            <contenuImg CS="0.26" h="453" lang="fr" source="yolo" w="176" x="2296" y="756">cravate</contenuImg>
            <contenuImg CS="0.26" h="453" lang="en" source="yolo" w="176" x="2296" y="756">tie</contenuImg>
            <contenuImg CS="0.44" h="526" lang="en" source="yolo" w="220" x="3036" y="1696">person</contenuImg>
            <contenuImg CS="0.97" h="3170" lang="en" source="yolo" w="1426" x="1816" y="146">person</contenuImg>
            <contenuImg CS="0.99" h="2983" lang="en" source="yolo" w="1176" x="273" y="293">person</contenuImg>
            <genre source="final">publicité</genre>
            <genre source="md">publicité</genre>
            <fonction source="final">repro/photo</fonction>
            <tech source="final">imp photoméca</tech>
            <fonction CS="0.98" source="TensorFlow">repro/photo</fonction>
            <tech CS="1" source="md">imp photoméca</tech>
            <leg>LLAMOVEL CURL Manteaux très confortables: recommandés pour le sport; très appréciés pour leur légèreté,  leur chaleur et leur imperméabilité; se font on trois-quarts et en long ~i i n Ekiftt a u n • •; .vW F L LÉ •• Il Ci N ^IimFLB m?</leg>
            <txt>:|#I^ |S| 6 0 H C £ RUE L HABILLEMENT TOUTCEQUI CONCERNE IMgm  DE QU ALITÉ POUR LA F EM H E D^OUALITÉ ULITY FIRST  l H 0 M M DE OUALI Tf:   , t! ,UI M :|#I^ |S| 6 0 H C £ RUE L HABILLEMENT TOUTCEQUI CONCERNE IMgm  DE QU ALITÉ POUR LA F EM H E D^OUALITÉ ULITY FIRST  l H 0 M M DE OUALI Tf:   , t! ,UI M</txt>
          </ill>
        </ills>
      </page>
      <page hauteurPx="5203" largeurPx="3799" ordre="18">
        <nbMot>15</nbMot>
        <blocTexte>2</blocTexte>
        <blocTab>0</blocTab>
        <blocPub>2</blocPub>
        <blocIll ocr="0">0</blocIll>
      </page>
      <page hauteurPx="5061" largeurPx="3673" ordre="19">
        <nbMot>0</nbMot>
        <blocTexte>0</blocTexte>
        <blocTab>0</blocTab>
        <blocPub>0</blocPub>
        <blocIll ocr="1">0</blocIll>
        <ills/>
      </page>
      <page hauteurPx="5169" largeurPx="3753" ordre="20">
        <nbMot>301</nbMot>
        <blocTexte>16</blocTexte>
        <blocTab>0</blocTab>
        <blocPub>16</blocPub>
        <blocIll ocr="0">0</blocIll>
      </page>
      <page hauteurPx="5133" largeurPx="3789" ordre="21">
        <nbMot>230</nbMot>
        <blocTexte>10</blocTexte>
        <blocTab>0</blocTab>
        <blocPub>8</blocPub>
        <blocIll ocr="0">0</blocIll>
      </page>
      <page hauteurPx="5157" largeurPx="3737" ordre="22">
        <nbMot>106</nbMot>
        <blocTexte>11</blocTexte>
        <blocTab>0</blocTab>
        <blocPub>9</blocPub>
        <blocIll ocr="1">1</blocIll>
        <ills>
          <ill classif="CCyolo CCibm" couleur="gris" h="3147" n="22-1" pub="1" taille="2" w="1655" x="307" y="323">
            <contenuImg CS="0.797" lang="fr" source="ibm">personne</contenuImg>
            <contenuImg CS="0.949" lang="fr" source="ibm">musée (intérieur)</contenuImg>
            <contenuImg CS="0.781" lang="fr" source="ibm">vêtements</contenuImg>
            <contenuImg CS="0.956" coul="1" lang="fr" source="ibm">gris</contenuImg>
            <contenuImg CS="0.956" coul="1" lang="en" source="ibm">gray color</contenuImg>
            <contenuImg CS="0.781" lang="en" source="ibm">clothing</contenuImg>
            <contenuImg CS="0.949" lang="en" source="ibm">Museum (Indoor)</contenuImg>
            <contenuImg CS="0.797" lang="en" source="ibm">person</contenuImg>
            <contenuImg CS="0.33" h="310" lang="fr" source="yolo" w="173" x="880" y="233">personne</contenuImg>
            <contenuImg CS="0.33" h="310" lang="en" source="yolo" w="173" x="880" y="233">person</contenuImg>
            <contenuImg CS="0.94" h="2790" lang="en" source="yolo" w="1086" x="303" y="263">person</contenuImg>
            <genre source="final">publicité</genre>
            <genre source="md">publicité</genre>
            <fonction source="final">repro/photo</fonction>
            <tech source="final">imp photoméca</tech>
            <fonction CS="0.89" source="TensorFlow">repro/photo</fonction>
            <tech CS="1" source="md">imp photoméca</tech>
            <leg>MANTELET .B R EIT S C H W A N TZ GRIS PORTE PAR MELLE D A V I A</leg>
          </ill>
        </ills>
      </page>
      <page hauteurPx="5125" largeurPx="3777" ordre="23">
        <nbMot>48</nbMot>
        <blocTexte>5</blocTexte>
        <blocTab>0</blocTab>
        <blocPub>3</blocPub>
        <blocIll ocr="0">0</blocIll>
      </page>
      <page hauteurPx="5191" largeurPx="3783" ordre="24">
        <nbMot>9</nbMot>
        <blocTexte>4</blocTexte>
        <blocTab>0</blocTab>
        <blocPub>0</blocPub>
        <blocIll ocr="1">1</blocIll>
        <ills>
          <ill classif="CCyolo CCibm" couleur="coul" edit="1" h="4176" n="24-1" pub="1" taille="6" w="3322" x="341" y="450">
            <contenuImg CS="0.5" lang="fr" source="ibm">visage voilé</contenuImg>
            <contenuImg CS="0.916" coul="1" lang="fr" source="ibm">rouge châtain</contenuImg>
            <contenuImg CS="0.593" lang="fr" source="ibm">personne</contenuImg>
            <contenuImg CS="0.558" lang="fr" source="ibm">tchador</contenuImg>
            <contenuImg CS="0.794" lang="fr" source="ibm">couvre-tête</contenuImg>
            <contenuImg CS="0.795" lang="fr" source="ibm">vêtement</contenuImg>
            <contenuImg CS="0.599" lang="fr" source="ibm">instrument de musique</contenuImg>
            <contenuImg CS="0.587" lang="fr" source="ibm">pièce</contenuImg>
            <contenuImg CS="0.601" lang="fr" source="ibm">vêtements</contenuImg>
            <contenuImg CS="0.6" lang="fr" source="ibm">cosmétique</contenuImg>
            <contenuImg CS="0.916" coul="1" lang="en" source="ibm">chestnut red color</contenuImg>
            <contenuImg CS="0.6" lang="en" source="ibm">cosmetic</contenuImg>
            <contenuImg CS="0.601" lang="en" source="ibm">clothing</contenuImg>
            <contenuImg CS="0.587" lang="en" source="ibm">room</contenuImg>
            <contenuImg CS="0.599" lang="en" source="ibm">musical instrument</contenuImg>
            <contenuImg CS="0.5" lang="en" source="ibm">face with veil</contenuImg>
            <contenuImg CS="0.795" lang="en" source="ibm">garment</contenuImg>
            <contenuImg CS="0.794" lang="en" source="ibm">head covering</contenuImg>
            <contenuImg CS="0.558" lang="en" source="ibm">chador (cloth)</contenuImg>
            <contenuImg CS="0.593" lang="en" source="ibm">person</contenuImg>
            <contenuImg CS="0.82" h="3566" lang="fr" source="yolo" w="1816" x="1480" y="686">livre</contenuImg>
            <contenuImg CS="0.82" h="3566" lang="en" source="yolo" w="1816" x="1480" y="686">book</contenuImg>
            <contenuImg b="86" coul="1" g="76" ordre="6" r="153" source="colorific" type="frg">#994c56</contenuImg>
            <contenuImg b="255" coul="1" g="255" ordre="5" r="255" source="colorific" type="frg">#ffffff</contenuImg>
            <contenuImg b="92" coul="1" g="93" ordre="4" r="113" source="colorific" type="frg">#715d5c</contenuImg>
            <contenuImg b="141" coul="1" g="133" ordre="3" r="136" source="colorific" type="frg">#88858d</contenuImg>
            <contenuImg b="162" coul="1" g="168" ordre="2" r="190" source="colorific" type="frg">#bea8a2</contenuImg>
            <contenuImg b="65" coul="1" g="64" ordre="1" r="66" source="colorific" type="frg">#424041</contenuImg>
            <fonction source="final">repro/dessin</fonction>
            <tech source="final">imp photoméca</tech>
            <fonction CS="0.44" source="TensorFlow">repro/dessin</fonction>
            <tech CS="1" source="md">imp photoméca</tech>
            <leg>LA GRANDE BEA U T E</leg>
            <txt>CARON VOGUE</txt>
            <genre source="hm" time="2020-11-01T12:59:08.07+01:00">publicité</genre>
            <genre source="final">publicité</genre>
          </ill>
        </ills>
      </page>
      <page hauteurPx="5101" largeurPx="3745" ordre="25">
        <nbMot>392</nbMot>
        <blocTexte>10</blocTexte>
        <blocTab>2</blocTab>
        <blocPub>6</blocPub>
        <blocIll ocr="1">1</blocIll>
        <ills/>
      </page>
      <page hauteurPx="5157" largeurPx="3737" ordre="26">
        <nbMot>4</nbMot>
        <blocTexte>3</blocTexte>
        <blocTab>0</blocTab>
        <blocPub>0</blocPub>
        <blocIll ocr="1">1</blocIll>
        <ills>
          <ill classif="CCyolo CCibm" couleur="coul" edit="1" h="4133" n="26-1" pub="1" taille="6" w="3381" x="258" y="517">
            <contenuImg CS="0.59" lang="fr" source="ibm">personne</contenuImg>
            <contenuImg CS="0.597" lang="fr" source="ibm">masque</contenuImg>
            <contenuImg CS="0.571" lang="fr" source="ibm">oeuvre d'art</contenuImg>
            <contenuImg CS="0.5" lang="fr" source="ibm">salle d'étude</contenuImg>
            <contenuImg CS="0.592" lang="fr" source="ibm">animal</contenuImg>
            <contenuImg CS="0.589" lang="fr" source="ibm">coiffure</contenuImg>
            <contenuImg CS="0.861" coul="1" lang="fr" source="ibm">albâtre</contenuImg>
            <contenuImg CS="0.656" coul="1" lang="fr" source="ibm">noir</contenuImg>
            <contenuImg CS="0.656" coul="1" lang="en" source="ibm">black color</contenuImg>
            <contenuImg CS="0.861" coul="1" lang="en" source="ibm">alabaster color</contenuImg>
            <contenuImg CS="0.589" lang="en" source="ibm">headdress</contenuImg>
            <contenuImg CS="0.592" lang="en" source="ibm">animal</contenuImg>
            <contenuImg CS="0.5" lang="en" source="ibm">study</contenuImg>
            <contenuImg CS="0.571" lang="en" source="ibm">artwork</contenuImg>
            <contenuImg CS="0.597" lang="en" source="ibm">mask</contenuImg>
            <contenuImg CS="0.59" lang="en" source="ibm">person</contenuImg>
            <contenuImg CS="0.82" h="786" lang="fr" source="yolo" w="1596" x="1463" y="2860">oiseau</contenuImg>
            <contenuImg CS="0.49" h="1880" lang="fr" source="yolo" w="1770" x="613" y="293">parapluie</contenuImg>
            <contenuImg CS="0.49" h="1880" lang="en" source="yolo" w="1770" x="613" y="293">umbrella</contenuImg>
            <contenuImg CS="0.82" h="786" lang="en" source="yolo" w="1596" x="1463" y="2860">bird</contenuImg>
            <contenuImg b="255" coul="1" g="255" r="255" source="colorific" type="bkg">#ffffff</contenuImg>
            <contenuImg b="102" coul="1" g="98" ordre="4" r="93" source="colorific" type="frg">#5d6266</contenuImg>
            <contenuImg b="53" coul="1" g="51" ordre="3" r="51" source="colorific" type="frg">#333335</contenuImg>
            <contenuImg b="141" coul="1" g="144" ordre="2" r="146" source="colorific" type="frg">#92908d</contenuImg>
            <contenuImg b="168" coul="1" g="156" ordre="1" r="138" source="colorific" type="frg">#8a9ca8</contenuImg>
            <fonction source="final">repro/dessin</fonction>
            <tech source="final">imp photoméca</tech>
            <fonction CS="0.89" source="TensorFlow">repro/dessin</fonction>
            <tech CS="1" source="md">imp photoméca</tech>
            <leg>ROSE DESCAT</leg>
            <genre source="hm" time="2020-11-02T17:30:08.192+01:00">publicité</genre>
            <genre source="final">publicité</genre>
          </ill>
        </ills>
      </page>
      <page hauteurPx="5153" largeurPx="3781" ordre="27">
        <nbMot>2</nbMot>
        <blocTexte>2</blocTexte>
        <blocTab>0</blocTab>
        <blocPub>0</blocPub>
        <blocIll ocr="1">1</blocIll>
        <ills/>
      </page>
      <page hauteurPx="5177" largeurPx="3765" ordre="28">
        <nbMot>0</nbMot>
        <blocTexte>0</blocTexte>
        <blocTab>0</blocTab>
        <blocPub>0</blocPub>
        <blocIll ocr="1">1</blocIll>
        <ills/>
      </page>
      <page hauteurPx="5133" largeurPx="3753" ordre="29">
        <nbMot>407</nbMot>
        <blocTexte>9</blocTexte>
        <blocTab>0</blocTab>
        <blocPub>0</blocPub>
        <blocIll ocr="1">1</blocIll>
        <ills/>
      </page>
      <page hauteurPx="5187" largeurPx="3777" ordre="30">
        <nbMot>26</nbMot>
        <blocTexte>3</blocTexte>
        <blocTab>0</blocTab>
        <blocPub>0</blocPub>
        <blocIll ocr="1">1</blocIll>
        <ills/>
      </page>
      <page hauteurPx="5173" largeurPx="3777" ordre="31">
        <nbMot>23</nbMot>
        <blocTexte>3</blocTexte>
        <blocTab>0</blocTab>
        <blocPub>0</blocPub>
        <blocIll ocr="1">1</blocIll>
        <ills/>
      </page>
      <page hauteurPx="5179" largeurPx="3765" ordre="32">
        <nbMot>64</nbMot>
        <blocTexte>4</blocTexte>
        <blocTab>0</blocTab>
        <blocPub>0</blocPub>
        <blocIll ocr="1">1</blocIll>
        <ills/>
      </page>
      <page hauteurPx="5177" largeurPx="3783" ordre="33">
        <nbMot>132</nbMot>
        <blocTexte>6</blocTexte>
        <blocTab>0</blocTab>
        <blocPub>0</blocPub>
        <blocIll ocr="1">1</blocIll>
        <ills/>
      </page>
      <page hauteurPx="5157" largeurPx="3737" ordre="34">
        <nbMot>5</nbMot>
        <blocTexte>2</blocTexte>
        <blocTab>0</blocTab>
        <blocPub>0</blocPub>
        <blocIll ocr="1">1</blocIll>
        <ills/>
      </page>
      <page hauteurPx="5133" largeurPx="3745" ordre="35">
        <nbMot>3</nbMot>
        <blocTexte>2</blocTexte>
        <blocTab>0</blocTab>
        <blocPub>0</blocPub>
        <blocIll ocr="1">1</blocIll>
        <ills/>
      </page>
      <page hauteurPx="5109" largeurPx="3737" ordre="36">
        <nbMot>6</nbMot>
        <blocTexte>1</blocTexte>
        <blocTab>0</blocTab>
        <blocPub>0</blocPub>
        <blocIll ocr="1">1</blocIll>
        <ills/>
      </page>
      <page hauteurPx="5165" largeurPx="3765" ordre="37">
        <nbMot>3</nbMot>
        <blocTexte>2</blocTexte>
        <blocTab>0</blocTab>
        <blocPub>0</blocPub>
        <blocIll ocr="1">1</blocIll>
        <ills/>
      </page>
      <page hauteurPx="5169" largeurPx="3753" ordre="38">
        <nbMot>1</nbMot>
        <blocTexte>1</blocTexte>
        <blocTab>0</blocTab>
        <blocPub>0</blocPub>
        <blocIll ocr="1">1</blocIll>
        <ills/>
      </page>
      <page hauteurPx="5149" largeurPx="3745" ordre="39">
        <nbMot>317</nbMot>
        <blocTexte>6</blocTexte>
        <blocTab>0</blocTab>
        <blocPub>0</blocPub>
        <blocIll ocr="1">1</blocIll>
        <ills/>
      </page>
      <page hauteurPx="5185" largeurPx="3775" ordre="40">
        <nbMot>6</nbMot>
        <blocTexte>2</blocTexte>
        <blocTab>0</blocTab>
        <blocPub>0</blocPub>
        <blocIll ocr="1">1</blocIll>
        <ills/>
      </page>
      <page hauteurPx="5171" largeurPx="3775" ordre="41">
        <nbMot>292</nbMot>
        <blocTexte>15</blocTexte>
        <blocTab>0</blocTab>
        <blocPub>0</blocPub>
        <blocIll ocr="1">1</blocIll>
        <ills/>
      </page>
      <page hauteurPx="5157" largeurPx="3737" ordre="42">
        <nbMot>102</nbMot>
        <blocTexte>2</blocTexte>
        <blocTab>0</blocTab>
        <blocPub>0</blocPub>
        <blocIll ocr="1">1</blocIll>
        <ills/>
      </page>
      <page hauteurPx="5183" largeurPx="3785" ordre="43">
        <nbMot>725</nbMot>
        <blocTexte>27</blocTexte>
        <blocTab>0</blocTab>
        <blocPub>0</blocPub>
        <blocIll ocr="2">2</blocIll>
        <ills/>
      </page>
      <page hauteurPx="5179" largeurPx="3767" ordre="44">
        <nbMot>33</nbMot>
        <blocTexte>3</blocTexte>
        <blocTab>0</blocTab>
        <blocPub>0</blocPub>
        <blocIll ocr="2">2</blocIll>
        <ills/>
      </page>
      <page hauteurPx="5189" largeurPx="3793" ordre="45">
        <nbMot>21</nbMot>
        <blocTexte>2</blocTexte>
        <blocTab>0</blocTab>
        <blocPub>0</blocPub>
        <blocIll ocr="1">1</blocIll>
        <ills/>
      </page>
      <page hauteurPx="5181" largeurPx="3723" ordre="46">
        <nbMot>22</nbMot>
        <blocTexte>3</blocTexte>
        <blocTab>0</blocTab>
        <blocPub>0</blocPub>
        <blocIll ocr="2">2</blocIll>
        <ills/>
      </page>
      <page hauteurPx="5149" largeurPx="3737" ordre="47">
        <nbMot>25</nbMot>
        <blocTexte>3</blocTexte>
        <blocTab>0</blocTab>
        <blocPub>0</blocPub>
        <blocIll ocr="1">1</blocIll>
        <ills/>
      </page>
      <page hauteurPx="5215" largeurPx="3777" ordre="48">
        <nbMot>7</nbMot>
        <blocTexte>2</blocTexte>
        <blocTab>0</blocTab>
        <blocPub>0</blocPub>
        <blocIll ocr="1">1</blocIll>
        <ills/>
      </page>
      <page hauteurPx="5149" largeurPx="3737" ordre="49">
        <nbMot>297</nbMot>
        <blocTexte>7</blocTexte>
        <blocTab>0</blocTab>
        <blocPub>0</blocPub>
        <blocIll ocr="1">1</blocIll>
        <ills/>
      </page>
      <page hauteurPx="5157" largeurPx="3681" ordre="50">
        <nbMot>20</nbMot>
        <blocTexte>3</blocTexte>
        <blocTab>0</blocTab>
        <blocPub>0</blocPub>
        <blocIll ocr="1">1</blocIll>
        <ills/>
      </page>
      <page hauteurPx="5171" largeurPx="3767" ordre="51">
        <nbMot>21</nbMot>
        <blocTexte>3</blocTexte>
        <blocTab>0</blocTab>
        <blocPub>0</blocPub>
        <blocIll ocr="1">1</blocIll>
        <ills/>
      </page>
      <page hauteurPx="5157" largeurPx="3689" ordre="52">
        <nbMot>9</nbMot>
        <blocTexte>3</blocTexte>
        <blocTab>0</blocTab>
        <blocPub>0</blocPub>
        <blocIll ocr="1">1</blocIll>
        <ills/>
      </page>
      <page hauteurPx="5203" largeurPx="3811" ordre="53">
        <nbMot>126</nbMot>
        <blocTexte>3</blocTexte>
        <blocTab>0</blocTab>
        <blocPub>0</blocPub>
        <blocIll ocr="1">1</blocIll>
        <ills/>
      </page>
      <page hauteurPx="5175" largeurPx="3715" ordre="54">
        <nbMot>122</nbMot>
        <blocTexte>3</blocTexte>
        <blocTab>0</blocTab>
        <blocPub>0</blocPub>
        <blocIll ocr="1">1</blocIll>
        <ills/>
      </page>
      <page hauteurPx="5149" largeurPx="3737" ordre="55">
        <nbMot>8</nbMot>
        <blocTexte>3</blocTexte>
        <blocTab>0</blocTab>
        <blocPub>0</blocPub>
        <blocIll ocr="1">1</blocIll>
        <ills/>
      </page>
      <page hauteurPx="5157" largeurPx="3689" ordre="56">
        <nbMot>72</nbMot>
        <blocTexte>5</blocTexte>
        <blocTab>0</blocTab>
        <blocPub>0</blocPub>
        <blocIll ocr="1">1</blocIll>
        <ills/>
      </page>
      <page hauteurPx="5161" largeurPx="3753" ordre="57">
        <nbMot>26</nbMot>
        <blocTexte>4</blocTexte>
        <blocTab>0</blocTab>
        <blocPub>0</blocPub>
        <blocIll ocr="1">1</blocIll>
        <ills/>
      </page>
      <page hauteurPx="5157" largeurPx="3689" ordre="58">
        <nbMot>0</nbMot>
        <blocTexte>0</blocTexte>
        <blocTab>0</blocTab>
        <blocPub>0</blocPub>
        <blocIll ocr="1">1</blocIll>
        <ills/>
      </page>
      <page hauteurPx="5149" largeurPx="3737" ordre="59">
        <nbMot>594</nbMot>
        <blocTexte>17</blocTexte>
        <blocTab>0</blocTab>
        <blocPub>0</blocPub>
        <blocIll ocr="0">0</blocIll>
      </page>
      <page hauteurPx="5177" largeurPx="3717" ordre="60">
        <nbMot>0</nbMot>
        <blocTexte>0</blocTexte>
        <blocTab>0</blocTab>
        <blocPub>0</blocPub>
        <blocIll ocr="1">1</blocIll>
        <ills/>
      </page>
      <page hauteurPx="5179" largeurPx="3779" ordre="61">
        <nbMot>317</nbMot>
        <blocTexte>5</blocTexte>
        <blocTab>0</blocTab>
        <blocPub>0</blocPub>
        <blocIll ocr="1">1</blocIll>
        <ills/>
      </page>
      <page hauteurPx="5179" largeurPx="3719" ordre="62">
        <nbMot>1</nbMot>
        <blocTexte>1</blocTexte>
        <blocTab>0</blocTab>
        <blocPub>0</blocPub>
        <blocIll ocr="1">1</blocIll>
        <ills/>
      </page>
      <page hauteurPx="5169" largeurPx="3765" ordre="63">
        <nbMot>226</nbMot>
        <blocTexte>5</blocTexte>
        <blocTab>0</blocTab>
        <blocPub>0</blocPub>
        <blocIll ocr="1">1</blocIll>
        <ills/>
      </page>
      <page hauteurPx="5173" largeurPx="3757" ordre="64">
        <nbMot>111</nbMot>
        <blocTexte>3</blocTexte>
        <blocTab>0</blocTab>
        <blocPub>0</blocPub>
        <blocIll ocr="1">1</blocIll>
        <ills/>
      </page>
      <page hauteurPx="5145" largeurPx="3761" ordre="65">
        <nbMot>137</nbMot>
        <blocTexte>2</blocTexte>
        <blocTab>0</blocTab>
        <blocPub>0</blocPub>
        <blocIll ocr="1">1</blocIll>
        <ills/>
      </page>
      <page hauteurPx="5173" largeurPx="3757" ordre="66">
        <nbMot>0</nbMot>
        <blocTexte>0</blocTexte>
        <blocTab>0</blocTab>
        <blocPub>0</blocPub>
        <blocIll ocr="1">1</blocIll>
        <ills/>
      </page>
      <page hauteurPx="5175" largeurPx="3803" ordre="67">
        <nbMot>0</nbMot>
        <blocTexte>0</blocTexte>
        <blocTab>0</blocTab>
        <blocPub>0</blocPub>
        <blocIll ocr="1">1</blocIll>
        <ills/>
      </page>
      <page hauteurPx="5181" largeurPx="3769" ordre="68">
        <nbMot>0</nbMot>
        <blocTexte>0</blocTexte>
        <blocTab>0</blocTab>
        <blocPub>0</blocPub>
        <blocIll ocr="1">1</blocIll>
        <ills/>
      </page>
      <page hauteurPx="5149" largeurPx="3777" ordre="69">
        <nbMot>33</nbMot>
        <blocTexte>3</blocTexte>
        <blocTab>0</blocTab>
        <blocPub>0</blocPub>
        <blocIll ocr="1">1</blocIll>
        <ills/>
      </page>
      <page hauteurPx="5141" largeurPx="3721" ordre="70">
        <nbMot>30</nbMot>
        <blocTexte>3</blocTexte>
        <blocTab>0</blocTab>
        <blocPub>0</blocPub>
        <blocIll ocr="1">1</blocIll>
        <ills/>
      </page>
      <page hauteurPx="5161" largeurPx="3795" ordre="71">
        <nbMot>30</nbMot>
        <blocTexte>3</blocTexte>
        <blocTab>0</blocTab>
        <blocPub>0</blocPub>
        <blocIll ocr="1">1</blocIll>
        <ills/>
      </page>
      <page hauteurPx="5153" largeurPx="3737" ordre="72">
        <nbMot>29</nbMot>
        <blocTexte>3</blocTexte>
        <blocTab>0</blocTab>
        <blocPub>0</blocPub>
        <blocIll ocr="1">1</blocIll>
        <ills/>
      </page>
      <page hauteurPx="5149" largeurPx="3777" ordre="73">
        <nbMot>29</nbMot>
        <blocTexte>3</blocTexte>
        <blocTab>0</blocTab>
        <blocPub>0</blocPub>
        <blocIll ocr="1">1</blocIll>
        <ills/>
      </page>
      <page hauteurPx="5141" largeurPx="3721" ordre="74">
        <nbMot>32</nbMot>
        <blocTexte>3</blocTexte>
        <blocTab>0</blocTab>
        <blocPub>0</blocPub>
        <blocIll ocr="1">1</blocIll>
        <ills/>
      </page>
      <page hauteurPx="5133" largeurPx="3753" ordre="75">
        <nbMot>32</nbMot>
        <blocTexte>5</blocTexte>
        <blocTab>0</blocTab>
        <blocPub>0</blocPub>
        <blocIll ocr="1">1</blocIll>
        <ills/>
      </page>
      <page hauteurPx="5141" largeurPx="3721" ordre="76">
        <nbMot>32</nbMot>
        <blocTexte>4</blocTexte>
        <blocTab>0</blocTab>
        <blocPub>0</blocPub>
        <blocIll ocr="1">1</blocIll>
        <ills/>
      </page>
      <page hauteurPx="5181" largeurPx="3803" ordre="77">
        <nbMot>32</nbMot>
        <blocTexte>4</blocTexte>
        <blocTab>0</blocTab>
        <blocPub>0</blocPub>
        <blocIll ocr="1">1</blocIll>
        <ills/>
      </page>
      <page hauteurPx="5153" largeurPx="3737" ordre="78">
        <nbMot>31</nbMot>
        <blocTexte>4</blocTexte>
        <blocTab>0</blocTab>
        <blocPub>0</blocPub>
        <blocIll ocr="1">1</blocIll>
        <ills/>
      </page>
      <page hauteurPx="5173" largeurPx="3789" ordre="79">
        <nbMot>444</nbMot>
        <blocTexte>14</blocTexte>
        <blocTab>0</blocTab>
        <blocPub>0</blocPub>
        <blocIll ocr="1">1</blocIll>
        <ills/>
      </page>
      <page hauteurPx="5175" largeurPx="3775" ordre="80">
        <nbMot>839</nbMot>
        <blocTexte>25</blocTexte>
        <blocTab>0</blocTab>
        <blocPub>7</blocPub>
        <blocIll ocr="3">3</blocIll>
        <ills>
          <ill classif="CCyolo CCibm" couleur="gris" edit="true" h="1163" n="80-2" pub="1" taille="0" w="1692" x="319" y="3352">
            <contenuImg CS="0.919" lang="fr" source="ibm">arthrogramme (rayons x)</contenuImg>
            <contenuImg CS="0.941" lang="fr" source="ibm">radiogramme</contenuImg>
            <contenuImg CS="0.5" lang="fr" source="ibm">film radiographique</contenuImg>
            <contenuImg CS="0.5" lang="fr" source="ibm">film photographique</contenuImg>
            <contenuImg CS="0.5" lang="fr" source="ibm">matériel photographique</contenuImg>
            <contenuImg CS="0.789" lang="fr" source="ibm">vêtements</contenuImg>
            <contenuImg CS="0.963" coul="1" lang="fr" source="ibm">noir</contenuImg>
            <contenuImg CS="0.963" coul="1" lang="en" source="ibm">black color</contenuImg>
            <contenuImg CS="0.789" lang="en" source="ibm">clothing</contenuImg>
            <contenuImg CS="0.5" lang="en" source="ibm">photographic equipment</contenuImg>
            <contenuImg CS="0.5" lang="en" source="ibm">photographic film</contenuImg>
            <contenuImg CS="0.5" lang="en" source="ibm">X-ray film</contenuImg>
            <contenuImg CS="0.941" lang="en" source="ibm">radiogram</contenuImg>
            <contenuImg CS="0.919" lang="en" source="ibm">arthrogram (x-ray)</contenuImg>
            <contenuImg CS="0.98" h="1003" lang="fr" source="yolo" w="703" x="896" y="136">personne</contenuImg>
            <contenuImg CS="0.98" h="1003" lang="en" source="yolo" w="703" x="896" y="136">person</contenuImg>
            <tech source="final">imp photoméca</tech>
            <fonction CS="0.75" source="TensorFlow">repro/photo</fonction>
            <tech CS="1" source="md">imp photoméca</tech>
            <leg>MARGUERITE SACREZ 136, Faubourg Saint-Honoré u PARIS Téléphone : ÉLY. 30-04</leg>
            <txt>MARGUERITE SACREZ vous présente en outre son modèle de ceinture étudiée spécialement pour les robes marquant fortement la taille ainsi que son dernier soutien-gorge qui obtient un. énorme succès. 0</txt>
            <fonction source="hm" time="2020-10-31T17:56:38.567+01:00">repro/dessin</fonction>
            <fonction source="final">repro/dessin</fonction>
            <genre source="hm" time="2020-11-01T12:59:25.764+01:00">publicité</genre>
            <genre source="final">publicité</genre>
          </ill>
          <ill classif="CCyolo CCibm" couleur="gris" h="1407" n="80-3" pub="1" taille="1" w="1671" x="2093" y="263">
            <contenuImg CS="0.857" lang="fr" source="ibm">personnes</contenuImg>
            <contenuImg CS="0.996" lang="fr" source="ibm">personne</contenuImg>
            <contenuImg CS="0.5" lang="fr" source="ibm">clown blanc</contenuImg>
            <contenuImg CS="0.5" lang="fr" source="ibm">artiste</contenuImg>
            <contenuImg CS="0.799" lang="fr" source="ibm">radiogramme</contenuImg>
            <contenuImg CS="1" coul="1" lang="fr" source="ibm">noir</contenuImg>
            <contenuImg CS="1" coul="1" lang="en" source="ibm">black color</contenuImg>
            <contenuImg CS="0.799" lang="en" source="ibm">radiogram</contenuImg>
            <contenuImg CS="0.5" lang="en" source="ibm">entertainer</contenuImg>
            <contenuImg CS="0.5" lang="en" source="ibm">whiteface (clown)</contenuImg>
            <contenuImg CS="0.996" lang="en" source="ibm">person</contenuImg>
            <contenuImg CS="0.857" lang="en" source="ibm">people</contenuImg>
            <contenuImg CS="0.41" h="170" lang="fr" source="yolo" w="283" x="250" y="633">brosse à dents</contenuImg>
            <contenuImg CS="0.25" h="1020" lang="fr" source="yolo" w="320" x="1350" y="290">personne</contenuImg>
            <contenuImg CS="0.25" h="1020" lang="en" source="yolo" w="320" x="1350" y="290">person</contenuImg>
            <contenuImg CS="0.41" h="170" lang="en" source="yolo" w="283" x="250" y="633">toothbrush</contenuImg>
            <contenuImg CS="0.86" h="1126" lang="en" source="yolo" w="703" x="60" y="206">person</contenuImg>
            <genre source="final">publicité</genre>
            <genre source="md">publicité</genre>
            <fonction source="final">repro/photo</fonction>
            <tech source="final">imp photoméca</tech>
            <fonction CS="0.92" source="TensorFlow">repro/photo</fonction>
            <tech CS="1" source="md">imp photoméca</tech>
            <leg>SOIGNEZ VOTRE BEAUTÉ Les masques de beauté sont à l ordre du jour depuis déjà quelque temps. Particulièrement ceux qui gardent une souplesse élastique sur le visage. Ils ont en vérité la consistance du caoutchouc, une fois refroidis sur la peau. Non seulement ils ravivent momentanément votre beauté, mais ils sont une véritable cure de santé .pour votre visage. Vous voyez, ci-dessus, les deux derniers moments de l application du masque d Hollywood de Mme Ouvry à l instant où il est enlevé. Moule parfait du visage, il est très adhérent et imprime à l intérieur du masque la trace des moindres rides, du plus petit défaut de la peau. Ainsi, quand on fait une cure complète, comprenant une série d applications, on peut constater à chaque nouveau masque l atténuation ou la disparition quelquefois complète de ces marques, et suivre ainsi de très près l effet du traitement. Mme Ouvry applique ce masque alors que vous êtes étendue, pour qu une fois refroidi il maintienne l ovale naturel de votre visage, alors que vos muscles sont bien en place.</leg>
            <txt>MARGUERITE SACREZ 136, Faubourg Saint-Honoré u PARIS Téléphone : ÉLY. 30-04 MARGUERITE SACREZ vous présente en outre son modèle de ceinture étudiée spécialement pour les robes marquant fortement la taille ainsi que son dernier soutien-gorge qui obtient un. énorme succès.</txt>
          </ill>
        </ills>
      </page>
      <page hauteurPx="5169" largeurPx="3787" ordre="81">
        <nbMot>60</nbMot>
        <blocTexte>3</blocTexte>
        <blocTab>0</blocTab>
        <blocPub>1</blocPub>
        <blocIll ocr="0">0</blocIll>
      </page>
      <page hauteurPx="5165" largeurPx="3753" ordre="82">
        <nbMot>1217</nbMot>
        <blocTexte>34</blocTexte>
        <blocTab>0</blocTab>
        <blocPub>7</blocPub>
        <blocIll ocr="1">1</blocIll>
        <ills>
          <ill classif="CCibm" couleur="gris" h="1775" n="82-1" pub="1" taille="1" w="1669" x="275" y="545">
            <contenuImg CS="0.584" lang="fr" source="ibm">personne</contenuImg>
            <contenuImg CS="0.746" lang="fr" source="ibm">poumon de fer</contenuImg>
            <contenuImg CS="0.612" lang="fr" source="ibm">stylo et encre</contenuImg>
            <contenuImg CS="0.562" lang="fr" source="ibm">salle d'étude</contenuImg>
            <contenuImg CS="0.5" lang="fr" source="ibm">studio d'art</contenuImg>
            <contenuImg CS="0.5" lang="fr" source="ibm">pièce</contenuImg>
            <contenuImg CS="0.944" coul="1" lang="fr" source="ibm">gris cendré</contenuImg>
            <contenuImg CS="0.772" coul="1" lang="fr" source="ibm">sauge</contenuImg>
            <contenuImg CS="0.772" coul="1" lang="en" source="ibm">sage green color</contenuImg>
            <contenuImg CS="0.944" coul="1" lang="en" source="ibm">ash grey color</contenuImg>
            <contenuImg CS="0.5" lang="en" source="ibm">room</contenuImg>
            <contenuImg CS="0.5" lang="en" source="ibm">Art Studio</contenuImg>
            <contenuImg CS="0.562" lang="en" source="ibm">study</contenuImg>
            <contenuImg CS="0.612" lang="en" source="ibm">pen-and-ink</contenuImg>
            <contenuImg CS="0.746" lang="en" source="ibm">iron lung</contenuImg>
            <contenuImg CS="0.584" lang="en" source="ibm">person</contenuImg>
            <genre source="final">publicité</genre>
            <genre source="md">publicité</genre>
            <fonction source="final">repro/dessin</fonction>
            <tech source="final">imp photoméca</tech>
            <fonction CS="0.78" source="TensorFlow">repro/dessin</fonction>
            <tech CS="1" source="md">imp photoméca</tech>
            <leg>Yardley Scène familière à laquelle le parfum rayonnant de la Lavande Yardley ajoute le charme de son délicieux arôme ! Parfaite en toutes occasions, idéale pour le plein air, le sport, la promenade.</leg>
            <txt>Lavande VOGUE</txt>
          </ill>
        </ills>
      </page>
      <page hauteurPx="5179" largeurPx="3799" ordre="83">
        <nbMot>37</nbMot>
        <blocTexte>10</blocTexte>
        <blocTab>0</blocTab>
        <blocPub>8</blocPub>
        <blocIll ocr="1">1</blocIll>
        <ills>
          <ill classif="CCyolo CCibm" couleur="gris" h="1894" n="83-1" pub="1" taille="1" w="1445" x="156" y="1401">
            <contenuImg CS="0.677" lang="fr" source="ibm">dortoir</contenuImg>
            <contenuImg CS="0.728" lang="fr" source="ibm">chambre</contenuImg>
            <contenuImg CS="0.966" lang="fr" source="ibm">pièce</contenuImg>
            <contenuImg CS="0.648" lang="fr" source="ibm">salon</contenuImg>
            <contenuImg CS="0.5" lang="fr" source="ibm">photo de bars</contenuImg>
            <contenuImg CS="0.872" coul="1" lang="fr" source="ibm">gris</contenuImg>
            <contenuImg CS="0.602" coul="1" lang="fr" source="ibm">gris cendré</contenuImg>
            <contenuImg CS="0.602" coul="1" lang="en" source="ibm">ash grey color</contenuImg>
            <contenuImg CS="0.872" coul="1" lang="en" source="ibm">gray color</contenuImg>
            <contenuImg CS="0.5" lang="en" source="ibm">photo with bars</contenuImg>
            <contenuImg CS="0.648" lang="en" source="ibm">living room</contenuImg>
            <contenuImg CS="0.654" lang="en" source="ibm">lounge</contenuImg>
            <contenuImg CS="0.966" lang="en" source="ibm">room</contenuImg>
            <contenuImg CS="0.728" lang="en" source="ibm">bedroom</contenuImg>
            <contenuImg CS="0.677" lang="en" source="ibm">dormitory</contenuImg>
            <contenuImg CS="0.40" h="523" lang="fr" source="yolo" w="506" x="476" y="1023">parapluie</contenuImg>
            <contenuImg CS="0.40" h="523" lang="en" source="yolo" w="506" x="476" y="1023">umbrella</contenuImg>
            <genre source="final">publicité</genre>
            <genre source="md">publicité</genre>
            <fonction source="final">repro/photo</fonction>
            <tech source="final">imp photoméca</tech>
            <fonction CS="0.98" source="TensorFlow">repro/photo</fonction>
            <tech CS="1" source="md">imp photoméca</tech>
            <leg>PRÉSENTE SES NOUVEAUX TRAITEMENTS AU VAPOZONE ET A L ATOMISEUR</leg>
            <txt>26, PLACE VENDOME PARIS 1 i i INSTITUT DE BEAUTÉ</txt>
          </ill>
        </ills>
      </page>
      <page hauteurPx="5165" largeurPx="3755" ordre="84">
        <nbMot>889</nbMot>
        <blocTexte>37</blocTexte>
        <blocTab>0</blocTab>
        <blocPub>11</blocPub>
        <blocIll ocr="3">3</blocIll>
        <ills>
          <ill classif="CCyolo CCibm" couleur="gris" h="1204" n="84-3" pub="1" taille="0" w="853" x="2443" y="210">
            <contenuImg CS="0.959" lang="fr" source="ibm">pointe d'argent</contenuImg>
            <contenuImg CS="0.716" lang="fr" source="ibm">salle d'étude</contenuImg>
            <contenuImg CS="0.817" coul="1" lang="fr" source="ibm">gris</contenuImg>
            <contenuImg CS="0.632" coul="1" lang="fr" source="ibm">albâtre</contenuImg>
            <contenuImg CS="0.632" coul="1" lang="en" source="ibm">alabaster color</contenuImg>
            <contenuImg CS="0.817" coul="1" lang="en" source="ibm">gray color</contenuImg>
            <contenuImg CS="0.716" lang="en" source="ibm">study</contenuImg>
            <contenuImg CS="0.959" lang="en" source="ibm">silverpoint</contenuImg>
            <contenuImg CS="0.79" h="1086" lang="fr" source="yolo" w="820" x="16" y="123">personne</contenuImg>
            <contenuImg CS="0.79" h="1086" lang="en" source="yolo" w="820" x="16" y="123">person</contenuImg>
            <genre source="final">publicité</genre>
            <genre source="md">publicité</genre>
            <fonction source="final">repro/dessin</fonction>
            <tech source="final">imp photoméca</tech>
            <fonction CS="0.63" source="TensorFlow">repro/dessin</fonction>
            <tech CS="1" source="md">imp photoméca</tech>
            <leg>MARLÈNE DIETRICH PAR CECIL BÉATON MARLÈNE A PARIS SUITE DE LA PAGE 80 son restent dans l escalier, s agglomèrent à la rampe, se suspendent en grappe. La voilà.</leg>
            <txt>Catalogue et Échantillons franco sur demande 8 10Bd Malesherbes, PARIS cette griffe</txt>
          </ill>
        </ills>
      </page>
      <page hauteurPx="5157" largeurPx="3753" ordre="85">
        <nbMot>580</nbMot>
        <blocTexte>12</blocTexte>
        <blocTab>0</blocTab>
        <blocPub>0</blocPub>
        <blocIll ocr="1">1</blocIll>
        <ills/>
      </page>
      <page hauteurPx="5153" largeurPx="3737" ordre="86">
        <nbMot>1228</nbMot>
        <blocTexte>40</blocTexte>
        <blocTab>0</blocTab>
        <blocPub>14</blocPub>
        <blocIll ocr="1">1</blocIll>
        <ills>
          <ill classif="CCyolo CCibm" couleur="gris" h="387" n="86-1" pub="1" taille="0" w="366" x="1529" y="1572">
            <contenuImg CS="0.753" lang="fr" source="ibm">stylo et encre</contenuImg>
            <contenuImg CS="0.595" lang="fr" source="ibm">appareil électrique</contenuImg>
            <contenuImg CS="0.596" lang="fr" source="ibm">radiogramme</contenuImg>
            <contenuImg CS="0.588" lang="fr" source="ibm">outil</contenuImg>
            <contenuImg CS="0.857" coul="1" lang="fr" source="ibm">gris</contenuImg>
            <contenuImg CS="0.531" coul="1" lang="fr" source="ibm">noir</contenuImg>
            <contenuImg CS="0.531" coul="1" lang="en" source="ibm">black color</contenuImg>
            <contenuImg CS="0.857" coul="1" lang="en" source="ibm">gray color</contenuImg>
            <contenuImg CS="0.588" lang="en" source="ibm">tool</contenuImg>
            <contenuImg CS="0.596" lang="en" source="ibm">radiogram</contenuImg>
            <contenuImg CS="0.595" lang="en" source="ibm">electrical device</contenuImg>
            <contenuImg CS="0.753" lang="en" source="ibm">pen-and-ink</contenuImg>
            <contenuImg CS="0.35" h="376" lang="fr" source="yolo" w="343" x="3" y="3">montre</contenuImg>
            <contenuImg CS="0.35" h="376" lang="en" source="yolo" w="343" x="3" y="3">clock</contenuImg>
            <genre source="final">publicité</genre>
            <genre source="md">publicité</genre>
            <fonction source="final">repro/dessin</fonction>
            <tech source="final">imp photoméca</tech>
            <fonction CS="0.98" source="TensorFlow">repro/dessin</fonction>
            <tech CS="1" source="md">imp photoméca</tech>
            <leg>AMEUBLEMENT femme chic, présente actuellement sa nouvelle collection d hiver ainsi L ENCHANTEMENT DE VOTRE que quelques modèles inédits de FOYER. dépend de votre habileté sport et de chasse.</leg>
            <txt>Vous n en aurez jamais trop ! De Bonnes Adresses</txt>
          </ill>
        </ills>
      </page>
      <page hauteurPx="5185" largeurPx="3759" ordre="87">
        <nbMot>887</nbMot>
        <blocTexte>39</blocTexte>
        <blocTab>0</blocTab>
        <blocPub>27</blocPub>
        <blocIll ocr="1">1</blocIll>
        <ills>
          <ill classif="CCibm" couleur="gris" h="650" n="87-1" pub="1" taille="0" w="780" x="59" y="276">
            <contenuImg CS="0.582" lang="fr" source="ibm">rétracteur (instrument chirurgical)</contenuImg>
            <contenuImg CS="0.678" lang="fr" source="ibm">instrument chirurgical</contenuImg>
            <contenuImg CS="0.679" lang="fr" source="ibm">instrument médical</contenuImg>
            <contenuImg CS="0.5" lang="fr" source="ibm">porte-manteau</contenuImg>
            <contenuImg CS="0.5" lang="fr" source="ibm">grille</contenuImg>
            <contenuImg CS="0.5" lang="fr" source="ibm">cadre</contenuImg>
            <contenuImg CS="0.5" lang="fr" source="ibm">structure porteuse</contenuImg>
            <contenuImg CS="0.599" lang="fr" source="ibm">instrument de musique</contenuImg>
            <contenuImg CS="0.595" lang="fr" source="ibm">radiogramme</contenuImg>
            <contenuImg CS="0.6" lang="fr" source="ibm">outil</contenuImg>
            <contenuImg CS="0.963" coul="1" lang="fr" source="ibm">gris</contenuImg>
            <contenuImg CS="0.854" coul="1" lang="fr" source="ibm">gris cendré</contenuImg>
            <contenuImg CS="0.854" coul="1" lang="en" source="ibm">ash grey color</contenuImg>
            <contenuImg CS="0.963" coul="1" lang="en" source="ibm">gray color</contenuImg>
            <contenuImg CS="0.6" lang="en" source="ibm">tool</contenuImg>
            <contenuImg CS="0.595" lang="en" source="ibm">radiogram</contenuImg>
            <contenuImg CS="0.599" lang="en" source="ibm">musical instrument</contenuImg>
            <contenuImg CS="0.5" lang="en" source="ibm">supporting structure</contenuImg>
            <contenuImg CS="0.5" lang="en" source="ibm">framework</contenuImg>
            <contenuImg CS="0.5" lang="en" source="ibm">rack</contenuImg>
            <contenuImg CS="0.5" lang="en" source="ibm">coat rack</contenuImg>
            <contenuImg CS="0.679" lang="en" source="ibm">medical instrument</contenuImg>
            <contenuImg CS="0.678" lang="en" source="ibm">surgical instrument</contenuImg>
            <contenuImg CS="0.582" lang="en" source="ibm">retractor (surgical instrument)</contenuImg>
            <genre source="final">publicité</genre>
            <genre source="md">publicité</genre>
            <fonction source="final">repro/dessin</fonction>
            <tech source="final">imp photoméca</tech>
            <fonction CS="0.90" source="TensorFlow">repro/dessin</fonction>
            <tech CS="1" source="md">imp photoméca</tech>
            <leg>! Des mains comme es vôtres devraient être signées y ÎUAND vous aurez essayé les produits et la méthode Peggy lige, ce que vous avez connu squ ici, comme traitement pour t  Beauté des Mains , vous iraîtra bien approximatif.</leg>
          </ill>
        </ills>
      </page>
      <page hauteurPx="5153" largeurPx="3737" ordre="88">
        <nbMot>39</nbMot>
        <blocTexte>4</blocTexte>
        <blocTab>0</blocTab>
        <blocPub>2</blocPub>
        <blocIll ocr="0">0</blocIll>
      </page>
    </pages>
  </contenus>
</analyseAlto>