<analyseAlto>
  <metad>
    <type>R</type>
    <ID>bpt6k6540495c</ID>
    <notice>cb343833568</notice>
    <titre>Vogue 1936/10</titre>
    <dateEdition>1936-10</dateEdition>
    <lang>fre</lang>
    <source>BnF</source>
    <nbPage>104</nbPage>
  </metad>
  <contenus>
    <largeur>154</largeur>
    <hauteur>216</hauteur>
    <largeurPx>3657</largeurPx>
    <hauteurPx>5125</hauteurPx>
    <pages>
      <page hauteurPx="5125" largeurPx="3657" ordre="1">
        <nbMot>19</nbMot>
        <blocTexte>3</blocTexte>
        <blocTab>0</blocTab>
        <blocPub>0</blocPub>
        <blocIll ocr="1">1</blocIll>
        <ills/>
      </page>
      <page hauteurPx="5155" largeurPx="3731" ordre="2">
        <nbMot>176</nbMot>
        <blocTexte>10</blocTexte>
        <blocTab>0</blocTab>
        <blocPub>0</blocPub>
        <blocIll ocr="0">0</blocIll>
      </page>
      <page hauteurPx="5149" largeurPx="3689" ordre="3">
        <nbMot>4</nbMot>
        <blocTexte>1</blocTexte>
        <blocTab>0</blocTab>
        <blocPub>0</blocPub>
        <blocIll ocr="1">1</blocIll>
        <ills>
          <ill classif="CCyolo CCibm" couleur="gris" edit="1" h="4536" n="3-1" pub="1" taille="7" w="3319" x="12" y="306">
            <contenuImg CS="0.579" lang="fr" source="ibm">musée d'histoire naturelle</contenuImg>
            <contenuImg CS="0.568" lang="fr" source="ibm">tête de hache</contenuImg>
            <contenuImg CS="0.568" lang="fr" source="ibm">plan incliné</contenuImg>
            <contenuImg CS="0.568" lang="fr" source="ibm">machine</contenuImg>
            <contenuImg CS="0.569" lang="fr" source="ibm">dispositif mécanique</contenuImg>
            <contenuImg CS="0.542" lang="fr" source="ibm">radiogramme</contenuImg>
            <contenuImg CS="0.5" lang="fr" source="ibm">papier</contenuImg>
            <contenuImg CS="0.5" lang="fr" source="ibm">média</contenuImg>
            <contenuImg CS="0.6" lang="fr" source="ibm">outil</contenuImg>
            <contenuImg CS="0.979" coul="1" lang="fr" source="ibm">gris</contenuImg>
            <contenuImg CS="0.979" coul="1" lang="en" source="ibm">gray color</contenuImg>
            <contenuImg CS="0.6" lang="en" source="ibm">tool</contenuImg>
            <contenuImg CS="0.5" lang="en" source="ibm">medium</contenuImg>
            <contenuImg CS="0.5" lang="en" source="ibm">paper</contenuImg>
            <contenuImg CS="0.542" lang="en" source="ibm">radiogram</contenuImg>
            <contenuImg CS="0.569" lang="en" source="ibm">mechanical device</contenuImg>
            <contenuImg CS="0.568" lang="en" source="ibm">machine</contenuImg>
            <contenuImg CS="0.568" lang="en" source="ibm">inclined plane</contenuImg>
            <contenuImg CS="0.568" lang="en" source="ibm">ax head</contenuImg>
            <contenuImg CS="0.579" lang="en" source="ibm">Natural History Museum</contenuImg>
            <contenuImg CS="0.45" h="2583" lang="fr" source="yolo" w="863" x="50" y="1896">personne</contenuImg>
            <contenuImg CS="0.27" h="1416" lang="fr" source="yolo" w="1876" x="393" y="1350">livre</contenuImg>
            <contenuImg CS="0.27" h="1416" lang="en" source="yolo" w="1876" x="393" y="1350">book</contenuImg>
            <contenuImg CS="0.45" h="2583" lang="en" source="yolo" w="863" x="50" y="1896">person</contenuImg>
            <contenuImg CS="0.72" h="3140" lang="en" source="yolo" w="3153" x="56" y="1336">person</contenuImg>
            <fonction source="final">repro/photo</fonction>
            <tech source="final">imp photoméca</tech>
            <fonction CS="0.87" source="TensorFlow">repro/photo</fonction>
            <tech CS="1" source="md">imp photoméca</tech>
            <txt>OCTOBRE 1936 1 i  OCTOBRE 1936 1 i</txt>
            <genre source="hm" time="2020-11-01T12:56:07.723+01:00">publicité</genre>
            <genre source="final">publicité</genre>
          </ill>
        </ills>
      </page>
      <page hauteurPx="5125" largeurPx="3689" ordre="4">
        <nbMot>2</nbMot>
        <blocTexte>1</blocTexte>
        <blocTab>0</blocTab>
        <blocPub>0</blocPub>
        <blocIll ocr="1">1</blocIll>
        <ills>
          <ill classif="CCyolo CCibm" couleur="gris" edit="1" h="4572" n="4-1" pub="1" taille="7" w="3315" x="342" y="292">
            <contenuImg CS="0.5" lang="fr" source="ibm">robe à clapet</contenuImg>
            <contenuImg CS="0.724" lang="fr" source="ibm">menu-vair</contenuImg>
            <contenuImg CS="0.764" lang="fr" source="ibm">personne</contenuImg>
            <contenuImg CS="0.994" coul="1" lang="fr" source="ibm">noir</contenuImg>
            <contenuImg CS="0.994" coul="1" lang="en" source="ibm">black color</contenuImg>
            <contenuImg CS="0.764" lang="en" source="ibm">person</contenuImg>
            <contenuImg CS="0.5" lang="en" source="ibm">person in flapper dress</contenuImg>
            <contenuImg CS="0.724" lang="en" source="ibm">miniver</contenuImg>
            <contenuImg CS="0.71" h="3313" lang="fr" source="yolo" w="2703" x="326" y="1246">personne</contenuImg>
            <contenuImg CS="0.71" h="3313" lang="en" source="yolo" w="2703" x="326" y="1246">person</contenuImg>
            <fonction source="final">repro/photo</fonction>
            <tech source="final">imp photoméca</tech>
            <fonction CS="0.99" source="TensorFlow">repro/photo</fonction>
            <tech CS="1" source="md">imp photoméca</tech>
            <txt>2 vOGUt 2 vOGUt</txt>
            <genre source="hm" time="2020-11-01T12:55:46.118+01:00">publicité</genre>
            <genre source="final">publicité</genre>
          </ill>
        </ills>
      </page>
      <page hauteurPx="5157" largeurPx="3701" ordre="5">
        <nbMot>3</nbMot>
        <blocTexte>1</blocTexte>
        <blocTab>0</blocTab>
        <blocPub>0</blocPub>
        <blocIll ocr="1">1</blocIll>
        <ills>
          <ill classif="CCyolo CCibm" couleur="gris" edit="1" h="4531" n="5-1" pub="1" taille="6" w="3286" x="89" y="325">
            <contenuImg CS="0.556" lang="fr" source="ibm">musée (intérieur)</contenuImg>
            <contenuImg CS="0.541" lang="fr" source="ibm">personnes</contenuImg>
            <contenuImg CS="0.624" lang="fr" source="ibm">personne</contenuImg>
            <contenuImg CS="0.5" lang="fr" source="ibm">lance</contenuImg>
            <contenuImg CS="0.51" lang="fr" source="ibm">arme</contenuImg>
            <contenuImg CS="0.599" lang="fr" source="ibm">outil</contenuImg>
            <contenuImg CS="0.996" coul="1" lang="fr" source="ibm">gris</contenuImg>
            <contenuImg CS="0.996" coul="1" lang="en" source="ibm">gray color</contenuImg>
            <contenuImg CS="0.599" lang="en" source="ibm">tool</contenuImg>
            <contenuImg CS="0.51" lang="en" source="ibm">weapon</contenuImg>
            <contenuImg CS="0.5" lang="en" source="ibm">spear</contenuImg>
            <contenuImg CS="0.624" lang="en" source="ibm">person</contenuImg>
            <contenuImg CS="0.541" lang="en" source="ibm">people</contenuImg>
            <contenuImg CS="0.556" lang="en" source="ibm">Museum (Indoor)</contenuImg>
            <contenuImg CS="0.37" h="4040" lang="fr" source="yolo" w="1286" x="533" y="200">personne</contenuImg>
            <contenuImg CS="0.37" h="4040" lang="en" source="yolo" w="1286" x="533" y="200">person</contenuImg>
            <fonction source="final">repro/dessin</fonction>
            <tech source="final">imp photoméca</tech>
            <fonction CS="0.73" source="TensorFlow">repro/dessin</fonction>
            <tech CS="1" source="md">imp photoméca</tech>
            <txt>OCTOBRE 1936 3 OCTOBRE 1936 3</txt>
            <genre source="hm" time="2020-11-01T12:55:42.865+01:00">publicité</genre>
            <genre source="final">publicité</genre>
          </ill>
        </ills>
      </page>
      <page hauteurPx="5139" largeurPx="3719" ordre="6">
        <nbMot>43</nbMot>
        <blocTexte>8</blocTexte>
        <blocTab>0</blocTab>
        <blocPub>7</blocPub>
        <blocIll ocr="2">2</blocIll>
        <ills>
          <ill classif="CCyolo CCibm" couleur="gris" edit="1" h="3407" n="6-1" pub="1" taille="2" w="1713" x="191" y="235">
            <contenuImg CS="0.5" lang="fr" source="ibm">suffragette</contenuImg>
            <contenuImg CS="0.517" lang="fr" source="ibm">funambulisme</contenuImg>
            <contenuImg CS="0.517" lang="fr" source="ibm">sport</contenuImg>
            <contenuImg CS="0.501" lang="fr" source="ibm">personne</contenuImg>
            <contenuImg CS="0.599" lang="fr" source="ibm">arme</contenuImg>
            <contenuImg CS="0.948" coul="1" lang="fr" source="ibm">noir</contenuImg>
            <contenuImg CS="0.84" coul="1" lang="fr" source="ibm">gris</contenuImg>
            <contenuImg CS="0.84" coul="1" lang="en" source="ibm">gray color</contenuImg>
            <contenuImg CS="0.948" coul="1" lang="en" source="ibm">black color</contenuImg>
            <contenuImg CS="0.599" lang="en" source="ibm">weapon</contenuImg>
            <contenuImg CS="0.501" lang="en" source="ibm">person</contenuImg>
            <contenuImg CS="0.5" lang="en" source="ibm">women's voting rights activist</contenuImg>
            <contenuImg CS="0.517" lang="en" source="ibm">sport</contenuImg>
            <contenuImg CS="0.517" lang="en" source="ibm">tightrope walking</contenuImg>
            <contenuImg CS="0.98" h="3036" lang="fr" source="yolo" w="1103" x="440" y="266">personne</contenuImg>
            <contenuImg CS="0.85" h="950" lang="fr" source="yolo" w="490" x="866" y="860">sac à main</contenuImg>
            <contenuImg CS="0.34" h="250" lang="fr" source="yolo" w="73" x="926" y="836">cravate</contenuImg>
            <contenuImg CS="0.34" h="250" lang="en" source="yolo" w="73" x="926" y="836">tie</contenuImg>
            <contenuImg CS="0.85" h="950" lang="en" source="yolo" w="490" x="866" y="860">handbag</contenuImg>
            <contenuImg CS="0.98" h="3036" lang="en" source="yolo" w="1103" x="440" y="266">person</contenuImg>
            <fonction source="final">repro/photo</fonction>
            <tech source="final">imp photoméca</tech>
            <fonction CS="0.93" source="TensorFlow">repro/photo</fonction>
            <tech CS="1" source="md">imp photoméca</tech>
            <leg>STUDIO DORVYNE Jupe-culotte tricot main veste doblis roux. Bas de manches et garniture même tricot que la jupe. Cartouchière vache jaune. Canne-siège gainée porc.</leg>
            <txt>4 VOGUE 4 VOGUE</txt>
            <genre source="hm" time="2020-11-01T12:55:56.696+01:00">publicité</genre>
            <genre source="final">publicité</genre>
          </ill>
          <ill classif="CCibm" couleur="gris" h="2324" n="6-2" pub="1" taille="1" w="1700" x="1974" y="2566">
            <contenuImg CS="0.924" lang="fr" source="ibm">chaussette</contenuImg>
            <contenuImg CS="0.5" lang="fr" source="ibm">chaussette haute</contenuImg>
            <contenuImg CS="0.887" lang="fr" source="ibm">chaussette de sport</contenuImg>
            <contenuImg CS="0.967" lang="fr" source="ibm">bonneterie</contenuImg>
            <contenuImg CS="0.53" lang="fr" source="ibm">bas</contenuImg>
            <contenuImg CS="0.801" lang="fr" source="ibm">vêtements</contenuImg>
            <contenuImg CS="0.797" lang="fr" source="ibm">chaussure</contenuImg>
            <contenuImg CS="0.955" coul="1" lang="fr" source="ibm">charbon (couleur)</contenuImg>
            <contenuImg CS="0.955" coul="1" lang="en" source="ibm">charcoal color</contenuImg>
            <contenuImg CS="0.797" lang="en" source="ibm">footwear</contenuImg>
            <contenuImg CS="0.801" lang="en" source="ibm">clothing</contenuImg>
            <contenuImg CS="0.5" lang="en" source="ibm">knee-high</contenuImg>
            <contenuImg CS="0.53" lang="en" source="ibm">stocking</contenuImg>
            <contenuImg CS="0.967" lang="en" source="ibm">hosiery</contenuImg>
            <contenuImg CS="0.924" lang="en" source="ibm">sock</contenuImg>
            <contenuImg CS="0.887" lang="en" source="ibm">athletic sock</contenuImg>
            <genre source="final">publicité</genre>
            <genre source="md">publicité</genre>
            <fonction source="final">repro/photo</fonction>
            <tech source="final">imp photoméca</tech>
            <fonction CS="0.64" source="TensorFlow">repro/photo</fonction>
            <tech CS="1" source="md">imp photoméca</tech>
            <txt>I MODES I PLACE VENDOME I PARIS I CANNES BIARRITZ</txt>
          </ill>
        </ills>
      </page>
      <page hauteurPx="5135" largeurPx="3671" ordre="7">
        <nbMot>173</nbMot>
        <blocTexte>3</blocTexte>
        <blocTab>0</blocTab>
        <blocPub>2</blocPub>
        <blocIll ocr="1">1</blocIll>
        <ills>
          <ill classif="CCibm" couleur="gris" h="4091" n="7-1" pub="1" taille="6" w="3473" x="38" y="178">
            <contenuImg CS="0.786" lang="fr" source="ibm">station de ski</contenuImg>
            <contenuImg CS="0.786" lang="fr" source="ibm">hôtel</contenuImg>
            <contenuImg CS="0.786" lang="fr" source="ibm">bâtiment</contenuImg>
            <contenuImg CS="0.558" lang="fr" source="ibm">piste de ski</contenuImg>
            <contenuImg CS="0.558" lang="fr" source="ibm">pente</contenuImg>
            <contenuImg CS="0.558" lang="fr" source="ibm">nature</contenuImg>
            <contenuImg CS="0.5" lang="fr" source="ibm">musée d'histoire naturelle</contenuImg>
            <contenuImg CS="0.598" lang="fr" source="ibm">masse de glace</contenuImg>
            <contenuImg CS="0.583" lang="fr" source="ibm">presse écrite</contenuImg>
            <contenuImg CS="0.761" coul="1" lang="fr" source="ibm">gris</contenuImg>
            <contenuImg CS="0.614" coul="1" lang="fr" source="ibm">noir charbon</contenuImg>
            <contenuImg CS="0.614" coul="1" lang="en" source="ibm">coal black color</contenuImg>
            <contenuImg CS="0.761" coul="1" lang="en" source="ibm">gray color</contenuImg>
            <contenuImg CS="0.583" lang="en" source="ibm">print media</contenuImg>
            <contenuImg CS="0.598" lang="en" source="ibm">ice mass</contenuImg>
            <contenuImg CS="0.5" lang="en" source="ibm">Natural History Museum</contenuImg>
            <contenuImg CS="0.558" lang="en" source="ibm">nature</contenuImg>
            <contenuImg CS="0.558" lang="en" source="ibm">slope</contenuImg>
            <contenuImg CS="0.558" lang="en" source="ibm">ski slope</contenuImg>
            <contenuImg CS="0.786" lang="en" source="ibm">building</contenuImg>
            <contenuImg CS="0.786" lang="en" source="ibm">hotel</contenuImg>
            <contenuImg CS="0.786" lang="en" source="ibm">ski resort</contenuImg>
            <genre source="final">publicité</genre>
            <genre source="md">publicité</genre>
            <fonction source="final">repro/dessin</fonction>
            <tech source="final">imp photoméca</tech>
            <fonction CS="0.81" source="TensorFlow">repro/dessin</fonction>
            <tech CS="1" source="md">imp photoméca</tech>
            <leg>1 Glacé, cousu main. Noir, bordeaux ou vert, 3 Mokado lavable, nouvelle couture main, fil 5 Gant velours de laine intérieur glacé. Noir, cousus blanc; coq de roche, cuivre, moutarde, ° ton sur ton ou multicolore. Noir, marron, marron, jaune, vert, coq de roche 39 Frs cousus marron ; marron, cousu cuivre. Même bordeaux, vert vif, soufre, cayenne, blanc, maEcharpe assortie 35 Frs modèle en mokado lavable, blanc, gris, marron rine et beige. 55 Frs Même gant en velours noir, marron, manne.</leg>
            <txt>OCTOBRE 1936 5 OCTOBRE 1936 5</txt>
          </ill>
        </ills>
      </page>
      <page hauteurPx="5139" largeurPx="3719" ordre="8">
        <nbMot>102</nbMot>
        <blocTexte>8</blocTexte>
        <blocTab>0</blocTab>
        <blocPub>7</blocPub>
        <blocIll ocr="2">2</blocIll>
        <ills>
          <ill classif="CCyolo CCibm" couleur="gris" edit="1" h="3197" n="8-1" pub="1" taille="2" w="1668" x="248" y="203">
            <contenuImg CS="0.821" lang="fr" source="ibm">salle de bal</contenuImg>
            <contenuImg CS="0.951" lang="fr" source="ibm">pièce</contenuImg>
            <contenuImg CS="0.728" lang="fr" source="ibm">vestiaire</contenuImg>
            <contenuImg CS="0.618" coul="1" lang="fr" source="ibm">charbon (couleur)</contenuImg>
            <contenuImg CS="0.592" coul="1" lang="fr" source="ibm">vert bouteille</contenuImg>
            <contenuImg CS="0.592" coul="1" lang="en" source="ibm">bottle green color</contenuImg>
            <contenuImg CS="0.618" coul="1" lang="en" source="ibm">charcoal color</contenuImg>
            <contenuImg CS="0.728" lang="en" source="ibm">dressing room</contenuImg>
            <contenuImg CS="0.951" lang="en" source="ibm">room</contenuImg>
            <contenuImg CS="0.821" lang="en" source="ibm">ballroom</contenuImg>
            <contenuImg CS="0.99" h="2890" lang="fr" source="yolo" w="1580" x="66" y="156">personne</contenuImg>
            <contenuImg CS="0.99" h="2890" lang="en" source="yolo" w="1580" x="66" y="156">person</contenuImg>
            <fonction source="final">repro/photo</fonction>
            <tech source="final">imp photoméca</tech>
            <fonction CS="1.00" source="TensorFlow">repro/photo</fonction>
            <tech CS="1" source="md">imp photoméca</tech>
            <leg>STUDIO DORVYNE Ensemble du soir en velours fantaisie marron. Corsage 1 décolleté lamé or. Chapeau lamé or, plumes autruche marron de Vera Borea. úJ 376, RUE SAINT-HONORÉ PARIS CAUMARTIN 32-74 et 75</leg>
            <txt>6 • VOGUE 6 • VOGUE</txt>
            <genre source="hm" time="2020-11-01T12:56:35.849+01:00">publicité</genre>
            <genre source="final">publicité</genre>
          </ill>
          <ill classif="CCyolo CCibm" couleur="gris" h="1725" n="8-2" pub="1" taille="1" w="1563" x="2107" y="2598">
            <contenuImg CS="0.508" lang="fr" source="ibm">prépuce</contenuImg>
            <contenuImg CS="0.528" lang="fr" source="ibm">arthrogramme (rayons x)</contenuImg>
            <contenuImg CS="0.596" lang="fr" source="ibm">radiogramme</contenuImg>
            <contenuImg CS="0.512" lang="fr" source="ibm">peau</contenuImg>
            <contenuImg CS="0.631" lang="fr" source="ibm">personne</contenuImg>
            <contenuImg CS="0.5" lang="fr" source="ibm">ligament (corps)</contenuImg>
            <contenuImg CS="0.598" lang="fr" source="ibm">pièce</contenuImg>
            <contenuImg CS="0.903" coul="1" lang="fr" source="ibm">noir</contenuImg>
            <contenuImg CS="0.706" coul="1" lang="fr" source="ibm">noir charbon</contenuImg>
            <contenuImg CS="0.706" coul="1" lang="en" source="ibm">coal black color</contenuImg>
            <contenuImg CS="0.903" coul="1" lang="en" source="ibm">black color</contenuImg>
            <contenuImg CS="0.598" lang="en" source="ibm">room</contenuImg>
            <contenuImg CS="0.5" lang="en" source="ibm">ligament (of body)</contenuImg>
            <contenuImg CS="0.631" lang="en" source="ibm">person</contenuImg>
            <contenuImg CS="0.512" lang="en" source="ibm">skin</contenuImg>
            <contenuImg CS="0.508" lang="en" source="ibm">prepuce</contenuImg>
            <contenuImg CS="0.596" lang="en" source="ibm">radiogram</contenuImg>
            <contenuImg CS="0.528" lang="en" source="ibm">arthrogram (x-ray)</contenuImg>
            <contenuImg CS="0.91" h="1606" lang="fr" source="yolo" w="1263" x="50" y="80">personne</contenuImg>
            <contenuImg CS="0.91" h="1606" lang="en" source="yolo" w="1263" x="50" y="80">person</contenuImg>
            <genre source="final">publicité</genre>
            <genre source="md">publicité</genre>
            <fonction source="final">repro/photo</fonction>
            <tech source="final">imp photoméca</tech>
            <fonction CS="0.96" source="TensorFlow">repro/photo</fonction>
            <tech CS="1" source="md">imp photoméca</tech>
            <leg>S. A Gerton Qu il soit destiné au jour ou qu il soit destiné au soir vous trouverez le plus beau bas américain au goût français chez S. A. Gerton, 116 bis, avenue des Champs-Élysées (6e étage, 2 ascenseurs). Téléphone : Bal. 49-26.</leg>
            <txt>LE COUTURIER DE LA FEMME SPORTIVE Tailleur à jupc-culotte 1ÊÊJ ÊÊÊÊr^ en Manyfil havane, A jcF lainage filé à la main, JEROME 140, Faub. St-HONORÊ</txt>
          </ill>
        </ills>
      </page>
      <page hauteurPx="5121" largeurPx="3699" ordre="9">
        <nbMot>3</nbMot>
        <blocTexte>1</blocTexte>
        <blocTab>0</blocTab>
        <blocPub>0</blocPub>
        <blocIll ocr="1">1</blocIll>
        <ills>
          <ill classif="CCyolo CCibm" couleur="gris" edit="1" h="4607" n="9-1" pub="1" taille="7" w="3305" x="38" y="178">
            <contenuImg CS="0.5" lang="fr" source="ibm">spoiler (voiture)</contenuImg>
            <contenuImg CS="0.567" lang="fr" source="ibm">magasin de chaussures</contenuImg>
            <contenuImg CS="0.567" lang="fr" source="ibm">boutique</contenuImg>
            <contenuImg CS="0.567" lang="fr" source="ibm">magasin de détail</contenuImg>
            <contenuImg CS="0.567" lang="fr" source="ibm">bâtiment</contenuImg>
            <contenuImg CS="0.531" lang="fr" source="ibm">varlope</contenuImg>
            <contenuImg CS="0.545" lang="fr" source="ibm">rabot de charpentier</contenuImg>
            <contenuImg CS="0.553" lang="fr" source="ibm">outil</contenuImg>
            <contenuImg CS="0.507" lang="fr" source="ibm">couteau</contenuImg>
            <contenuImg CS="0.511" lang="fr" source="ibm">arme</contenuImg>
            <contenuImg CS="0.515" lang="fr" source="ibm">aérofoil (avion)</contenuImg>
            <contenuImg CS="0.705" coul="1" lang="fr" source="ibm">charbon (couleur)</contenuImg>
            <contenuImg CS="0.673" coul="1" lang="fr" source="ibm">gris</contenuImg>
            <contenuImg CS="0.673" coul="1" lang="en" source="ibm">gray color</contenuImg>
            <contenuImg CS="0.705" coul="1" lang="en" source="ibm">charcoal color</contenuImg>
            <contenuImg CS="0.515" lang="en" source="ibm">aerofoil (aeroplane)</contenuImg>
            <contenuImg CS="0.5" lang="en" source="ibm">spoiler (of car)</contenuImg>
            <contenuImg CS="0.511" lang="en" source="ibm">weapon</contenuImg>
            <contenuImg CS="0.507" lang="en" source="ibm">knife</contenuImg>
            <contenuImg CS="0.553" lang="en" source="ibm">tool</contenuImg>
            <contenuImg CS="0.545" lang="en" source="ibm">carpenter's plane</contenuImg>
            <contenuImg CS="0.531" lang="en" source="ibm">jack plane</contenuImg>
            <contenuImg CS="0.567" lang="en" source="ibm">building</contenuImg>
            <contenuImg CS="0.567" lang="en" source="ibm">retail store</contenuImg>
            <contenuImg CS="0.567" lang="en" source="ibm">shop</contenuImg>
            <contenuImg CS="0.567" lang="en" source="ibm">shoe shop</contenuImg>
            <contenuImg y="1" CS="0.40" h="4626" lang="fr" source="yolo" w="3183" x="56">montre</contenuImg>
            <contenuImg y="1" CS="0.40" h="4626" lang="en" source="yolo" w="3183" x="56">clock</contenuImg>
            <fonction source="final">repro/photo</fonction>
            <tech source="final">imp photoméca</tech>
            <fonction CS="0.94" source="TensorFlow">repro/photo</fonction>
            <tech CS="1" source="md">imp photoméca</tech>
            <txt>OCTOBRE 1936 7 OCTOBRE 1936 7</txt>
            <genre source="hm" time="2020-11-01T12:56:11.77+01:00">publicité</genre>
            <genre source="final">publicité</genre>
          </ill>
        </ills>
      </page>
      <page hauteurPx="5131" largeurPx="3707" ordre="10">
        <nbMot>113</nbMot>
        <blocTexte>11</blocTexte>
        <blocTab>0</blocTab>
        <blocPub>10</blocPub>
        <blocIll ocr="2">2</blocIll>
        <ills>
          <ill classif="CCyolo CCibm" couleur="gris" edit="1" h="3243" n="10-1" pub="1" taille="2" w="1729" x="305" y="184">
            <contenuImg CS="0.597" lang="fr" source="ibm">personne</contenuImg>
            <contenuImg CS="0.775" lang="fr" source="ibm">musée (intérieur)</contenuImg>
            <contenuImg CS="0.5" lang="fr" source="ibm">promenade (esplanade)</contenuImg>
            <contenuImg CS="0.598" lang="fr" source="ibm">pièce</contenuImg>
            <contenuImg CS="0.981" coul="1" lang="fr" source="ibm">gris</contenuImg>
            <contenuImg CS="0.981" coul="1" lang="en" source="ibm">gray color</contenuImg>
            <contenuImg CS="0.598" lang="en" source="ibm">room</contenuImg>
            <contenuImg CS="0.5" lang="en" source="ibm">Promenade</contenuImg>
            <contenuImg CS="0.775" lang="en" source="ibm">Museum (Indoor)</contenuImg>
            <contenuImg CS="0.597" lang="en" source="ibm">person</contenuImg>
            <contenuImg CS="0.92" h="3040" lang="fr" source="yolo" w="1326" x="200" y="83">personne</contenuImg>
            <contenuImg CS="0.27" h="490" lang="fr" source="yolo" w="216" x="760" y="600">cravate</contenuImg>
            <contenuImg CS="0.27" h="490" lang="en" source="yolo" w="216" x="760" y="600">tie</contenuImg>
            <contenuImg CS="0.92" h="3040" lang="en" source="yolo" w="1326" x="200" y="83">person</contenuImg>
            <fonction source="final">repro/photo</fonction>
            <tech source="final">imp photoméca</tech>
            <fonction CS="0.80" source="TensorFlow">repro/photo</fonction>
            <tech CS="1" source="md">imp photoméca</tech>
            <leg>STUDIO DORVYNE  CHEVRONNÉ  Costume de golf. Applications de daim vert, ceinture de daim vert, et rappel de daim à la jupe. Le tissu est chiné vert. JANE REGNY 22, AVENUE PIERRE Ier DE SERBIE PARIS</leg>
            <txt>8 WI li 1 8 WI li 1</txt>
            <genre source="hm" time="2020-11-01T12:56:47.222+01:00">publicité</genre>
            <genre source="final">publicité</genre>
          </ill>
          <ill classif="CCibm" couleur="gris" h="1793" n="10-2" pub="1" taille="1" w="1566" x="2104" y="2473">
            <contenuImg CS="0.85" lang="fr" source="ibm">vaisseau spatial</contenuImg>
            <contenuImg CS="0.85" lang="fr" source="ibm">artisanat</contenuImg>
            <contenuImg CS="0.85" lang="fr" source="ibm">véhicule</contenuImg>
            <contenuImg CS="0.5" lang="fr" source="ibm">gantelet</contenuImg>
            <contenuImg CS="0.664" lang="fr" source="ibm">gant</contenuImg>
            <contenuImg CS="0.797" lang="fr" source="ibm">outil</contenuImg>
            <contenuImg CS="0.8" lang="fr" source="ibm">vêtements</contenuImg>
            <contenuImg CS="0.902" coul="1" lang="fr" source="ibm">noir</contenuImg>
            <contenuImg CS="0.623" coul="1" lang="fr" source="ibm">gris</contenuImg>
            <contenuImg CS="0.623" coul="1" lang="en" source="ibm">gray color</contenuImg>
            <contenuImg CS="0.902" coul="1" lang="en" source="ibm">black color</contenuImg>
            <contenuImg CS="0.8" lang="en" source="ibm">clothing</contenuImg>
            <contenuImg CS="0.797" lang="en" source="ibm">tool</contenuImg>
            <contenuImg CS="0.664" lang="en" source="ibm">handwear</contenuImg>
            <contenuImg CS="0.596" lang="en" source="ibm">glove</contenuImg>
            <contenuImg CS="0.5" lang="en" source="ibm">gauntlet (glove)</contenuImg>
            <contenuImg CS="0.85" lang="en" source="ibm">vehicle</contenuImg>
            <contenuImg CS="0.85" lang="en" source="ibm">craft</contenuImg>
            <contenuImg CS="0.85" lang="en" source="ibm">spacecraft</contenuImg>
            <contenuImg CS="0.847" lang="en" source="ibm">starship</contenuImg>
            <genre source="final">publicité</genre>
            <genre source="md">publicité</genre>
            <fonction source="final">repro/dessin</fonction>
            <tech source="final">imp photoméca</tech>
            <fonction CS="0.82" source="TensorFlow">repro/dessin</fonction>
            <tech CS="1" source="md">imp photoméca</tech>
            <leg>KISLAV a fabriqué pour vous ces gants fantaisie, en vente GRANDS MAGASINS DU LOUVRE du 7 au 24 Octobre Gante!et, fendu dessus, boutons jumelles, piqué anglais 42 W II Deux autres modèles combinés en KISLAV et GLACE piqué anglais.. 49 P II 1 Coloris Mode</leg>
            <txt>SUCCURSALI ROUBAIX ,j I 6, Bd de Pari 8  1</txt>
          </ill>
        </ills>
      </page>
      <page hauteurPx="5109" largeurPx="3681" ordre="11">
        <nbMot>99</nbMot>
        <blocTexte>11</blocTexte>
        <blocTab>0</blocTab>
        <blocPub>10</blocPub>
        <blocIll ocr="1">1</blocIll>
        <ills>
          <ill classif="CCyolo CCibm" couleur="gris" h="2936" n="11-1" pub="1" taille="3" w="2294" x="126" y="178">
            <contenuImg CS="0.575" lang="fr" source="ibm">salle de bain</contenuImg>
            <contenuImg CS="0.813" lang="fr" source="ibm">pièce</contenuImg>
            <contenuImg CS="0.561" lang="fr" source="ibm">vestiaire</contenuImg>
            <contenuImg CS="0.548" lang="fr" source="ibm">disco</contenuImg>
            <contenuImg CS="0.5" lang="fr" source="ibm">moustache</contenuImg>
            <contenuImg CS="0.5" lang="fr" source="ibm">personne</contenuImg>
            <contenuImg CS="0.985" coul="1" lang="fr" source="ibm">noir</contenuImg>
            <contenuImg CS="0.985" coul="1" lang="en" source="ibm">black color</contenuImg>
            <contenuImg CS="0.5" lang="en" source="ibm">person</contenuImg>
            <contenuImg CS="0.5" lang="en" source="ibm">mustachio</contenuImg>
            <contenuImg CS="0.548" lang="en" source="ibm">disco</contenuImg>
            <contenuImg CS="0.561" lang="en" source="ibm">dressing room</contenuImg>
            <contenuImg CS="0.813" lang="en" source="ibm">room</contenuImg>
            <contenuImg CS="0.575" lang="en" source="ibm">shower room</contenuImg>
            <contenuImg CS="1.00" h="2823" lang="fr" source="yolo" w="2133" x="83" y="66">personne</contenuImg>
            <contenuImg CS="0.79" h="310" lang="fr" source="yolo" w="363" x="1186" y="956">téléphone mobile</contenuImg>
            <contenuImg CS="0.79" h="310" lang="en" source="yolo" w="363" x="1186" y="956">cell phone</contenuImg>
            <contenuImg CS="1.00" h="2823" lang="en" source="yolo" w="2133" x="83" y="66">person</contenuImg>
            <genre source="final">publicité</genre>
            <genre source="md">publicité</genre>
            <fonction source="final">repro/photo</fonction>
            <tech source="final">imp photoméca</tech>
            <fonction CS="0.91" source="TensorFlow">repro/photo</fonction>
            <tech CS="1" source="md">imp photoméca</tech>
            <leg>IL aeÂie * jctaaeuK ,e e ctee</leg>
            <txt>OCTOBRE 1936 9 OCTOBRE 1936 9</txt>
          </ill>
        </ills>
      </page>
      <page hauteurPx="5117" largeurPx="3689" ordre="12">
        <nbMot>87</nbMot>
        <blocTexte>8</blocTexte>
        <blocTab>0</blocTab>
        <blocPub>0</blocPub>
        <blocIll ocr="1">1</blocIll>
        <ills/>
      </page>
      <page hauteurPx="5121" largeurPx="3699" ordre="13">
        <nbMot>167</nbMot>
        <blocTexte>7</blocTexte>
        <blocTab>0</blocTab>
        <blocPub>6</blocPub>
        <blocIll ocr="1">1</blocIll>
        <ills>
          <ill classif="CCyolo CCibm" couleur="gris" h="3548" n="13-1" pub="1" taille="5" w="3096" x="203" y="215">
            <contenuImg CS="0.715" lang="fr" source="ibm">personnel militaire</contenuImg>
            <contenuImg CS="0.817" lang="fr" source="ibm">uniforme de cérémonie</contenuImg>
            <contenuImg CS="0.844" lang="fr" source="ibm">uniforme militaire</contenuImg>
            <contenuImg CS="0.851" lang="fr" source="ibm">uniforme</contenuImg>
            <contenuImg CS="0.561" lang="fr" source="ibm">maréchal</contenuImg>
            <contenuImg CS="0.715" lang="fr" source="ibm">personne</contenuImg>
            <contenuImg CS="0.5" lang="fr" source="ibm">officier militaire</contenuImg>
            <contenuImg CS="0.801" lang="fr" source="ibm">vêtements</contenuImg>
            <contenuImg CS="0.852" coul="1" lang="fr" source="ibm">gris</contenuImg>
            <contenuImg CS="0.515" coul="1" lang="fr" source="ibm">noir</contenuImg>
            <contenuImg CS="0.515" coul="1" lang="en" source="ibm">black color</contenuImg>
            <contenuImg CS="0.852" coul="1" lang="en" source="ibm">gray color</contenuImg>
            <contenuImg CS="0.801" lang="en" source="ibm">clothing</contenuImg>
            <contenuImg CS="0.5" lang="en" source="ibm">military officer</contenuImg>
            <contenuImg CS="0.715" lang="en" source="ibm">person</contenuImg>
            <contenuImg CS="0.715" lang="en" source="ibm">military personnel</contenuImg>
            <contenuImg CS="0.568" lang="en" source="ibm">commissioned military officer</contenuImg>
            <contenuImg CS="0.561" lang="en" source="ibm">marshal</contenuImg>
            <contenuImg CS="0.851" lang="en" source="ibm">uniform</contenuImg>
            <contenuImg CS="0.844" lang="en" source="ibm">military uniform</contenuImg>
            <contenuImg CS="0.817" lang="en" source="ibm">full-dress uniform</contenuImg>
            <contenuImg CS="0.98" h="2460" lang="fr" source="yolo" w="990" x="1930" y="870">personne</contenuImg>
            <contenuImg CS="0.50" h="176" lang="fr" source="yolo" w="80" x="1486" y="703">cravate</contenuImg>
            <contenuImg CS="0.50" h="176" lang="en" source="yolo" w="80" x="1486" y="703">tie</contenuImg>
            <contenuImg CS="0.61" h="166" lang="en" source="yolo" w="153" x="2286" y="1303">tie</contenuImg>
            <contenuImg CS="0.70" h="103" lang="en" source="yolo" w="90" x="586" y="1280">tie</contenuImg>
            <contenuImg CS="0.98" h="2460" lang="en" source="yolo" w="990" x="1930" y="870">person</contenuImg>
            <contenuImg CS="0.99" h="3050" lang="en" source="yolo" w="1186" x="953" y="276">person</contenuImg>
            <contenuImg CS="0.99" h="2636" lang="en" source="yolo" w="853" x="233" y="796">person</contenuImg>
            <genre source="final">publicité</genre>
            <genre source="md">publicité</genre>
            <fonction source="final">repro/photo</fonction>
            <tech source="final">imp photoméca</tech>
            <fonction CS="0.86" source="TensorFlow">repro/photo</fonction>
            <tech CS="1" source="md">imp photoméca</tech>
            <leg>PHOTO SCHALL OLD ENGLAND 12, BOULEVARD DES CAPUCINES. PARIS AUCUNE SUCCURSALE FILLETTE MADAME GARÇONNET MANTEAU Oxford réversible marron ou bleu, à partir de 450 Frs. MANTEAU Llamovel curl sport 7/8 raglan, très souple, doublé MANTEAU D. B. Naval coat ratine marine doublé tartan écossais CHAPEAU feutre Bob, 65 Frs. Écharpe laine cachemire, 35 Frs. soie ou tartan, à partir de 700 Frs. à partir de. 245 Frs. SOULIERS mocassin, box jaune, semelles Durata, à partir CHAPEAU feutre automne, 125 Frs. ÉCHARPE laine cacheBÉRET américain, 40 Frs. ECHARPE écossaise.</leg>
            <txt>OCTOBRE 1936 11 OCTOBRE 1936 11</txt>
          </ill>
        </ills>
      </page>
      <page hauteurPx="5149" largeurPx="3733" ordre="14">
        <nbMot>53</nbMot>
        <blocTexte>10</blocTexte>
        <blocTab>0</blocTab>
        <blocPub>9</blocPub>
        <blocIll ocr="1">1</blocIll>
        <ills>
          <ill classif="CCyolo CCibm" couleur="gris" h="3165" n="14-1" pub="1" taille="2" w="1736" x="261" y="184">
            <contenuImg CS="0.823" lang="fr" source="ibm">piste de course</contenuImg>
            <contenuImg CS="0.55" lang="fr" source="ibm">salle de bal</contenuImg>
            <contenuImg CS="0.55" lang="fr" source="ibm">pièce</contenuImg>
            <contenuImg CS="0.5" lang="fr" source="ibm">pont d'atterrissage</contenuImg>
            <contenuImg CS="0.793" lang="fr" source="ibm">sport</contenuImg>
            <contenuImg CS="0.951" coul="1" lang="fr" source="ibm">noir</contenuImg>
            <contenuImg CS="0.951" coul="1" lang="en" source="ibm">black color</contenuImg>
            <contenuImg CS="0.793" lang="en" source="ibm">sport</contenuImg>
            <contenuImg CS="0.5" lang="en" source="ibm">Landing Deck</contenuImg>
            <contenuImg CS="0.55" lang="en" source="ibm">room</contenuImg>
            <contenuImg CS="0.55" lang="en" source="ibm">ballroom</contenuImg>
            <contenuImg CS="0.823" lang="en" source="ibm">runway</contenuImg>
            <contenuImg CS="0.98" h="3093" lang="fr" source="yolo" w="1303" x="196" y="120">personne</contenuImg>
            <contenuImg CS="0.50" h="640" lang="fr" source="yolo" w="436" x="363" y="1246">sac à main</contenuImg>
            <contenuImg CS="0.50" h="640" lang="en" source="yolo" w="436" x="363" y="1246">handbag</contenuImg>
            <contenuImg CS="0.98" h="3093" lang="en" source="yolo" w="1303" x="196" y="120">person</contenuImg>
            <genre source="final">publicité</genre>
            <genre source="md">publicité</genre>
            <fonction source="final">repro/photo</fonction>
            <tech source="final">imp photoméca</tech>
            <fonction CS="0.91" source="TensorFlow">repro/photo</fonction>
            <tech CS="1" source="md">imp photoméca</tech>
            <leg>kx-:, --,l STUDIO DORVYNE GERMAINE LECOMTE 22. Boulevard Malesherbes PARIS</leg>
            <txt>12 VOGUE 1 12 VOGUE 1</txt>
          </ill>
        </ills>
      </page>
      <page hauteurPx="5109" largeurPx="3681" ordre="15">
        <nbMot>59</nbMot>
        <blocTexte>5</blocTexte>
        <blocTab>0</blocTab>
        <blocPub>5</blocPub>
        <blocIll ocr="0">0</blocIll>
      </page>
      <page hauteurPx="5117" largeurPx="3689" ordre="16">
        <nbMot>17</nbMot>
        <blocTexte>1</blocTexte>
        <blocTab>0</blocTab>
        <blocPub>1</blocPub>
        <blocIll ocr="0">0</blocIll>
      </page>
      <page hauteurPx="5135" largeurPx="3715" ordre="17">
        <nbMot>0</nbMot>
        <blocTexte>0</blocTexte>
        <blocTab>0</blocTab>
        <blocPub>0</blocPub>
        <blocIll ocr="1">1</blocIll>
        <ills/>
      </page>
      <page hauteurPx="5117" largeurPx="3689" ordre="18">
        <nbMot>91</nbMot>
        <blocTexte>10</blocTexte>
        <blocTab>0</blocTab>
        <blocPub>9</blocPub>
        <blocIll ocr="2">2</blocIll>
        <ills>
          <ill classif="CCibm" couleur="gris" edit="1" h="1699" n="18-1" pub="1" taille="1" w="1356" x="2117" y="399">
            <contenuImg CS="0.976" lang="fr" source="ibm">salle d'étude</contenuImg>
            <contenuImg CS="0.951" coul="1" lang="fr" source="ibm">gris</contenuImg>
            <contenuImg CS="0.951" coul="1" lang="en" source="ibm">gray color</contenuImg>
            <contenuImg CS="0.976" lang="en" source="ibm">study</contenuImg>
            <fonction source="final">repro/dessin</fonction>
            <tech source="final">imp photoméca</tech>
            <fonction CS="0.99" source="TensorFlow">repro/dessin</fonction>
            <tech CS="1" source="md">imp photoméca</tech>
            <leg>RAPHAËL , COUTURE 161, Faubourg Saint-Honoré, Paris Téléphone: BALzac 30-57</leg>
            <txt>En or depuis. Soo •ni • ï Un des mo d è l es de la nouve l e collection I |iSÉ:/C  623 en or T. ; ,\ 900 Autres mo d è l es :  ;^ t En acier staybrite, depuis. 39.5fr.</txt>
            <genre source="hm" time="2020-11-01T12:56:15.048+01:00">publicité</genre>
            <genre source="final">publicité</genre>
          </ill>
          <ill classif="CCyolo CCibm" couleur="gris" h="1008" n="18-2" pub="1" taille="0" w="793" x="2395" y="2682">
            <contenuImg CS="0.687" lang="fr" source="ibm">hydre</contenuImg>
            <contenuImg CS="0.687" lang="fr" source="ibm">coelentéré</contenuImg>
            <contenuImg CS="0.687" lang="fr" source="ibm">invertébré</contenuImg>
            <contenuImg CS="0.687" lang="fr" source="ibm">animal</contenuImg>
            <contenuImg CS="0.5" lang="fr" source="ibm">dendrite</contenuImg>
            <contenuImg CS="0.6" lang="fr" source="ibm">cellule</contenuImg>
            <contenuImg CS="0.592" lang="fr" source="ibm">plante</contenuImg>
            <contenuImg CS="0.6" lang="fr" source="ibm">micro-organisme</contenuImg>
            <contenuImg CS="0.6" lang="fr" source="ibm">vêtements</contenuImg>
            <contenuImg CS="0.962" coul="1" lang="fr" source="ibm">charbon (couleur)</contenuImg>
            <contenuImg CS="0.69" coul="1" lang="fr" source="ibm">gris</contenuImg>
            <contenuImg CS="0.69" coul="1" lang="en" source="ibm">gray color</contenuImg>
            <contenuImg CS="0.962" coul="1" lang="en" source="ibm">charcoal color</contenuImg>
            <contenuImg CS="0.6" lang="en" source="ibm">clothing</contenuImg>
            <contenuImg CS="0.6" lang="en" source="ibm">microorganism</contenuImg>
            <contenuImg CS="0.592" lang="en" source="ibm">plant</contenuImg>
            <contenuImg CS="0.6" lang="en" source="ibm">cell</contenuImg>
            <contenuImg CS="0.5" lang="en" source="ibm">dendrite</contenuImg>
            <contenuImg CS="0.687" lang="en" source="ibm">animal</contenuImg>
            <contenuImg CS="0.687" lang="en" source="ibm">invertebrate</contenuImg>
            <contenuImg CS="0.687" lang="en" source="ibm">coelenterate</contenuImg>
            <contenuImg CS="0.687" lang="en" source="ibm">hydra</contenuImg>
            <contenuImg CS="0.31" h="960" lang="fr" source="yolo" w="616" x="90" y="30">montre</contenuImg>
            <contenuImg CS="0.31" h="960" lang="en" source="yolo" w="616" x="90" y="30">clock</contenuImg>
            <genre source="final">publicité</genre>
            <genre source="md">publicité</genre>
            <fonction source="final">repro/dessin</fonction>
            <tech source="final">imp photoméca</tech>
            <fonction CS="0.99" source="TensorFlow">repro/dessin</fonction>
            <tech CS="1" source="md">imp photoméca</tech>
            <leg>rROSALi FOURRURES CRÉATION DE MODÈLES PRIX TRÈS ETUDIÉS [-l AVE.NUE VICTOR EMMANUEL Ill. PARIS . TEL:ELY.(O! g</leg>
            <txt>RAPHAËL , COUTURE 161, Faubourg Saint-Honoré, Paris Téléphone: BALzac 30-57 En or depuis. Soo</txt>
          </ill>
        </ills>
      </page>
      <page hauteurPx="5123" largeurPx="3699" ordre="19">
        <nbMot>47</nbMot>
        <blocTexte>8</blocTexte>
        <blocTab>0</blocTab>
        <blocPub>7</blocPub>
        <blocIll ocr="2">2</blocIll>
        <ills>
          <ill classif="CCyolo CCibm" couleur="gris" edit="1" h="3352" n="19-1" pub="1" taille="2" w="1485" x="69" y="241">
            <contenuImg CS="0.723" lang="fr" source="ibm">fontaine</contenuImg>
            <contenuImg CS="0.5" lang="fr" source="ibm">ruine</contenuImg>
            <contenuImg CS="0.5" lang="fr" source="ibm">bâtiment</contenuImg>
            <contenuImg CS="0.912" coul="1" lang="fr" source="ibm">noir</contenuImg>
            <contenuImg CS="0.641" coul="1" lang="fr" source="ibm">gris</contenuImg>
            <contenuImg CS="0.641" coul="1" lang="en" source="ibm">gray color</contenuImg>
            <contenuImg CS="0.912" coul="1" lang="en" source="ibm">black color</contenuImg>
            <contenuImg CS="0.5" lang="en" source="ibm">building</contenuImg>
            <contenuImg CS="0.5" lang="en" source="ibm">ruin</contenuImg>
            <contenuImg CS="0.723" lang="en" source="ibm">fountain</contenuImg>
            <contenuImg CS="0.82" h="2736" lang="fr" source="yolo" w="1043" x="300" y="333">personne</contenuImg>
            <contenuImg CS="0.82" h="2736" lang="en" source="yolo" w="1043" x="300" y="333">person</contenuImg>
            <fonction source="final">repro/photo</fonction>
            <tech source="final">imp photoméca</tech>
            <fonction CS="0.97" source="TensorFlow">repro/photo</fonction>
            <tech CS="1" source="md">imp photoméca</tech>
            <leg>NORMANDIE Manteau breitschwanz des Indes 3.500 fr.</leg>
            <txt>OCTOBRE 1936 17 OCTOBRE 1936 17</txt>
            <genre source="hm" time="2020-11-01T12:56:25.45+01:00">publicité</genre>
            <genre source="final">publicité</genre>
          </ill>
          <ill classif="CCyolo CCibm" couleur="gris" h="3307" n="19-2" pub="1" taille="2" w="1503" x="1935" y="584">
            <contenuImg CS="0.782" lang="fr" source="ibm">suffragette</contenuImg>
            <contenuImg CS="0.782" lang="fr" source="ibm">personne</contenuImg>
            <contenuImg CS="0.5" lang="fr" source="ibm">musée (intérieur)</contenuImg>
            <contenuImg CS="0.949" coul="1" lang="fr" source="ibm">noir</contenuImg>
            <contenuImg CS="0.949" coul="1" lang="en" source="ibm">black color</contenuImg>
            <contenuImg CS="0.5" lang="en" source="ibm">Museum (Indoor)</contenuImg>
            <contenuImg CS="0.782" lang="en" source="ibm">person</contenuImg>
            <contenuImg CS="0.782" lang="en" source="ibm">women's voting rights activist</contenuImg>
            <contenuImg CS="0.81" h="3006" lang="fr" source="yolo" w="846" x="423" y="230">personne</contenuImg>
            <contenuImg CS="0.39" h="360" lang="fr" source="yolo" w="323" x="336" y="1443">sac à main</contenuImg>
            <contenuImg CS="0.39" h="360" lang="en" source="yolo" w="323" x="336" y="1443">handbag</contenuImg>
            <contenuImg CS="0.81" h="3006" lang="en" source="yolo" w="846" x="423" y="230">person</contenuImg>
            <genre source="final">publicité</genre>
            <genre source="md">publicité</genre>
            <fonction source="final">repro/photo</fonction>
            <tech source="final">imp photoméca</tech>
            <fonction CS="0.99" source="TensorFlow">repro/photo</fonction>
            <tech CS="1" source="md">imp photoméca</tech>
            <leg>PHOTOS LIPNITZKI FOURRURES E NE L MAISON FONDÉE EN 1898 5, AVENUE VICTOR-HUGO PARIS ÉTOILE LONDRES CANNES</leg>
            <txt>Agneau des Indes 1.800 fr. RITZ Tunique astrakan gris ou breitschwanz gris 4.500 fr.</txt>
          </ill>
        </ills>
      </page>
      <page hauteurPx="5117" largeurPx="3689" ordre="20">
        <nbMot>76</nbMot>
        <blocTexte>13</blocTexte>
        <blocTab>0</blocTab>
        <blocPub>12</blocPub>
        <blocIll ocr="0">0</blocIll>
      </page>
      <page hauteurPx="5121" largeurPx="3699" ordre="21">
        <nbMot>4</nbMot>
        <blocTexte>1</blocTexte>
        <blocTab>0</blocTab>
        <blocPub>0</blocPub>
        <blocIll ocr="1">1</blocIll>
        <ills>
          <ill classif="CCibm" couleur="gris" edit="1" h="4576" n="21-1" pub="1" taille="7" w="3362" x="57" y="234">
            <contenuImg CS="0.556" lang="fr" source="ibm">décapsuleur</contenuImg>
            <contenuImg CS="0.666" lang="fr" source="ibm">écouteur</contenuImg>
            <contenuImg CS="0.666" lang="fr" source="ibm">appareil électrique</contenuImg>
            <contenuImg CS="0.626" lang="fr" source="ibm">ouvre-boîte</contenuImg>
            <contenuImg CS="0.626" lang="fr" source="ibm">outil</contenuImg>
            <contenuImg CS="0.5" lang="fr" source="ibm">pistolet derringer</contenuImg>
            <contenuImg CS="0.5" lang="fr" source="ibm">arme à feu</contenuImg>
            <contenuImg CS="0.5" lang="fr" source="ibm">pistolet</contenuImg>
            <contenuImg CS="0.5" lang="fr" source="ibm">arme</contenuImg>
            <contenuImg CS="0.598" lang="fr" source="ibm">thermomètre</contenuImg>
            <contenuImg CS="0.598" lang="fr" source="ibm">instrument</contenuImg>
            <contenuImg CS="0.6" lang="fr" source="ibm">machine</contenuImg>
            <contenuImg CS="0.738" coul="1" lang="fr" source="ibm">gris</contenuImg>
            <contenuImg CS="0.639" coul="1" lang="fr" source="ibm">vert bouteille</contenuImg>
            <contenuImg CS="0.639" coul="1" lang="en" source="ibm">bottle green color</contenuImg>
            <contenuImg CS="0.738" coul="1" lang="en" source="ibm">gray color</contenuImg>
            <contenuImg CS="0.6" lang="en" source="ibm">machine</contenuImg>
            <contenuImg CS="0.598" lang="en" source="ibm">instrument</contenuImg>
            <contenuImg CS="0.598" lang="en" source="ibm">thermometer</contenuImg>
            <contenuImg CS="0.5" lang="en" source="ibm">weapon</contenuImg>
            <contenuImg CS="0.5" lang="en" source="ibm">gun</contenuImg>
            <contenuImg CS="0.5" lang="en" source="ibm">firearm</contenuImg>
            <contenuImg CS="0.5" lang="en" source="ibm">derringer pistol</contenuImg>
            <contenuImg CS="0.626" lang="en" source="ibm">tool</contenuImg>
            <contenuImg CS="0.626" lang="en" source="ibm">opener</contenuImg>
            <contenuImg CS="0.556" lang="en" source="ibm">cap opener</contenuImg>
            <contenuImg CS="0.666" lang="en" source="ibm">electrical device</contenuImg>
            <contenuImg CS="0.666" lang="en" source="ibm">earphone</contenuImg>
            <fonction source="final">repro/photo</fonction>
            <tech source="final">imp photoméca</tech>
            <fonction CS="0.74" source="TensorFlow">repro/photo</fonction>
            <tech CS="1" source="md">imp photoméca</tech>
            <txt>19 OCTOBRE 1936 19 19 OCTOBRE 1936 19</txt>
            <genre source="hm" time="2020-11-01T12:56:50.668+01:00">publicité</genre>
            <genre source="final">publicité</genre>
            <genre source="hm" time="2020-11-01T12:57:14.009+01:00">publicité</genre>
          </ill>
        </ills>
      </page>
      <page hauteurPx="5139" largeurPx="3721" ordre="22">
        <nbMot>111</nbMot>
        <blocTexte>9</blocTexte>
        <blocTab>0</blocTab>
        <blocPub>8</blocPub>
        <blocIll ocr="1">1</blocIll>
        <ills>
          <ill classif="CCyolo CCibm" couleur="gris" h="1981" n="22-1" pub="1" taille="1" w="1523" x="1987" y="1400">
            <contenuImg CS="0.798" lang="fr" source="ibm">personne</contenuImg>
            <contenuImg CS="0.917" lang="fr" source="ibm">musée (intérieur)</contenuImg>
            <contenuImg CS="0.792" lang="fr" source="ibm">vêtements</contenuImg>
            <contenuImg CS="0.955" coul="1" lang="fr" source="ibm">gris</contenuImg>
            <contenuImg CS="0.955" coul="1" lang="en" source="ibm">gray color</contenuImg>
            <contenuImg CS="0.792" lang="en" source="ibm">clothing</contenuImg>
            <contenuImg CS="0.917" lang="en" source="ibm">Museum (Indoor)</contenuImg>
            <contenuImg CS="0.798" lang="en" source="ibm">person</contenuImg>
            <contenuImg CS="0.96" h="1763" lang="fr" source="yolo" w="676" x="396" y="166">personne</contenuImg>
            <contenuImg CS="0.96" h="1763" lang="en" source="yolo" w="676" x="396" y="166">person</contenuImg>
            <genre source="final">publicité</genre>
            <genre source="md">publicité</genre>
            <fonction source="final">repro/photo</fonction>
            <tech source="final">imp photoméca</tech>
            <fonction CS="0.52" source="TensorFlow">repro/photo</fonction>
            <tech CS="1" source="md">imp photoméca</tech>
            <leg>G. SAAD MARCEL DHORME LA  MAISON DU SPORT 63, Avenue Victor-Emmanuel III Tél. : Balzac 26-95 J LA MARQUE DE QUALITÉ lA MARQUE DE QUALITÉ FEUTRES /ffi 1 PAILLES 0 MONTÉZIN M 5, RUE DU QUATRE-SEPTEMBRE m RICHELIEU 76-88</leg>
            <txt>II Sport Couture Xncot Tél.: OPÉra 46-81</txt>
          </ill>
        </ills>
      </page>
      <page hauteurPx="5121" largeurPx="3699" ordre="23">
        <nbMot>196</nbMot>
        <blocTexte>8</blocTexte>
        <blocTab>0</blocTab>
        <blocPub>6</blocPub>
        <blocIll ocr="1">1</blocIll>
        <ills>
          <ill classif="CCyolo CCibm" couleur="gris" h="1612" n="23-1" pub="1" taille="2" w="3001" x="253" y="2658">
            <contenuImg CS="0.872" lang="fr" source="ibm">showroom</contenuImg>
            <contenuImg CS="0.622" lang="fr" source="ibm">parking</contenuImg>
            <contenuImg CS="0.5" lang="fr" source="ibm">usine automobile</contenuImg>
            <contenuImg CS="0.5" lang="fr" source="ibm">usine</contenuImg>
            <contenuImg CS="0.786" lang="fr" source="ibm">route</contenuImg>
            <contenuImg CS="0.783" lang="fr" source="ibm">voiture</contenuImg>
            <contenuImg CS="1" coul="1" lang="fr" source="ibm">gris cendré</contenuImg>
            <contenuImg CS="1" coul="1" lang="en" source="ibm">ash grey color</contenuImg>
            <contenuImg CS="0.783" lang="en" source="ibm">car</contenuImg>
            <contenuImg CS="0.786" lang="en" source="ibm">road</contenuImg>
            <contenuImg CS="0.5" lang="en" source="ibm">factory</contenuImg>
            <contenuImg CS="0.5" lang="en" source="ibm">automobile factory</contenuImg>
            <contenuImg CS="0.622" lang="en" source="ibm">Parking Lot</contenuImg>
            <contenuImg CS="0.872" lang="en" source="ibm">showroom</contenuImg>
            <contenuImg CS="0.47" h="1580" lang="fr" source="yolo" w="2900" x="56" y="36">voiture</contenuImg>
            <contenuImg CS="0.47" h="1580" lang="en" source="yolo" w="2900" x="56" y="36">car</contenuImg>
            <genre source="final">publicité</genre>
            <genre source="md">publicité</genre>
            <fonction source="final">repro/photo</fonction>
            <tech source="final">imp photoméca</tech>
            <fonction CS="0.70" source="TensorFlow">repro/photo</fonction>
            <tech CS="1" source="md">imp photoméca</tech>
            <leg>-.,.. M~M~i~M~ N~iSM~M~w~aHMta~~Z!na~AU~MM~MMM=ta~K~ EXPOSITION ET ESSAIS AU SALON DE L AUTOMOBILE N GRAND PALAIS, A NOTRE MAGASIN D EXPOSITION M 51-53 AVENUE DES CHAMPS ÉLYSÉES, PARIS ■ ET CHEZ TOUS NOS CONCESSIONNAIRES jJNj</leg>
            <txt>CHASSIS A LONGERONS-CAISSONS. ESSIEUX COMPLETS ET ROBUSTES. SUSPENSION EN 3 POINTS AVEC 4 AMORTISSEURS HYDRAULIQUES. RÉPARTITION RATIONNELLE DES POIDS. CARROSSERIES ULTRA MODERNES SPACIEUSES ET CONFORTABLES A GRANDE VISIBILITÉ. BAGAGES ET ROUES DE SECOURS ABRITÉS NOUVELLE CALANDRE ET NOUVEAU CAPOT. NOUVEAUX MOTEURS SURPUISSANTS A REGIME ECONOMIQUE ET (AU-DESSUS DE 2 LITRES DE CYLINDRÉE) A REFROIDISSEMENT JUSQU AU BAS DES CYlINDRES. NOUVELLE DIRECTION A VIS GLOBIQUE ET GALET DOUBLE EXTREMEMENT DOUCE ET PRÉCISE. NOUVEAUX FREINS ENERGIQUES ET PROGRESSIFS A COMMANDES MÉCANIQUES 0 NOUVELLES ROUES A VOILE AJOURÉ MUNIES DE PNEUMATIQUES AUX DIMENSIONS STANDARD. NOUVEAU SYSTEME DE LEVAGE DE LA VOITURE PAR APPUI SUR LES PARE-CHOCS A L AIDE D UN NOUVEAU CRIC.</txt>
          </ill>
        </ills>
      </page>
      <page hauteurPx="5137" largeurPx="3717" ordre="24">
        <nbMot>581</nbMot>
        <blocTexte>23</blocTexte>
        <blocTab>0</blocTab>
        <blocPub>22</blocPub>
        <blocIll ocr="1">1</blocIll>
        <ills>
          <ill classif="CCyolo CCibm" couleur="gris" h="1776" n="24-1" pub="1" taille="1" w="1687" x="254" y="528">
            <contenuImg CS="0.594" lang="fr" source="ibm">personne</contenuImg>
            <contenuImg CS="0.691" lang="fr" source="ibm">studio d'art</contenuImg>
            <contenuImg CS="0.691" lang="fr" source="ibm">pièce</contenuImg>
            <contenuImg CS="0.606" lang="fr" source="ibm">poumon de fer</contenuImg>
            <contenuImg CS="0.5" lang="fr" source="ibm">stylo et encre</contenuImg>
            <contenuImg CS="0.943" coul="1" lang="fr" source="ibm">gris cendré</contenuImg>
            <contenuImg CS="0.84" coul="1" lang="fr" source="ibm">sauge</contenuImg>
            <contenuImg CS="0.84" coul="1" lang="en" source="ibm">sage green color</contenuImg>
            <contenuImg CS="0.943" coul="1" lang="en" source="ibm">ash grey color</contenuImg>
            <contenuImg CS="0.5" lang="en" source="ibm">pen-and-ink</contenuImg>
            <contenuImg CS="0.606" lang="en" source="ibm">iron lung</contenuImg>
            <contenuImg CS="0.691" lang="en" source="ibm">room</contenuImg>
            <contenuImg CS="0.691" lang="en" source="ibm">Art Studio</contenuImg>
            <contenuImg CS="0.594" lang="en" source="ibm">person</contenuImg>
            <contenuImg CS="0.29" h="120" lang="fr" source="yolo" w="296" x="483" y="1016">livre</contenuImg>
            <contenuImg CS="0.29" h="120" lang="en" source="yolo" w="296" x="483" y="1016">book</contenuImg>
            <genre source="final">publicité</genre>
            <genre source="md">publicité</genre>
            <fonction source="final">repro/dessin</fonction>
            <tech source="final">imp photoméca</tech>
            <fonction CS="0.69" source="TensorFlow">repro/dessin</fonction>
            <tech CS="1" source="md">imp photoméca</tech>
            <leg>Yardley Scène familière à laquelle le parfum rayonnant de la Lavande Yardley ajoute le charme de son délicieux arôme ! Parfaite en toutes occasions, idéale pour le plein air, le sport, la promenade.</leg>
            <txt>Lavande 20 B VOGUE 1</txt>
          </ill>
        </ills>
      </page>
      <page hauteurPx="5139" largeurPx="3721" ordre="25">
        <nbMot>63</nbMot>
        <blocTexte>6</blocTexte>
        <blocTab>0</blocTab>
        <blocPub>5</blocPub>
        <blocIll ocr="0">0</blocIll>
      </page>
      <page hauteurPx="5129" largeurPx="3707" ordre="26">
        <nbMot>45</nbMot>
        <blocTexte>4</blocTexte>
        <blocTab>0</blocTab>
        <blocPub>0</blocPub>
        <blocIll ocr="1">1</blocIll>
        <ills>
          <ill classif="CCyolo CCibm" couleur="gris" edit="1" h="4054" n="26-1" pub="1" taille="5" w="2791" x="534" y="299">
            <contenuImg CS="0.59" lang="fr" source="ibm">personne</contenuImg>
            <contenuImg CS="0.595" lang="fr" source="ibm">pointe d'argent</contenuImg>
            <contenuImg CS="0.529" lang="fr" source="ibm">salle d'étude</contenuImg>
            <contenuImg CS="0.596" lang="fr" source="ibm">sport</contenuImg>
            <contenuImg CS="0.948" coul="1" lang="fr" source="ibm">gris cendré</contenuImg>
            <contenuImg CS="0.724" coul="1" lang="fr" source="ibm">albâtre</contenuImg>
            <contenuImg CS="0.724" coul="1" lang="en" source="ibm">alabaster color</contenuImg>
            <contenuImg CS="0.948" coul="1" lang="en" source="ibm">ash grey color</contenuImg>
            <contenuImg CS="0.596" lang="en" source="ibm">sport</contenuImg>
            <contenuImg CS="0.529" lang="en" source="ibm">study</contenuImg>
            <contenuImg CS="0.595" lang="en" source="ibm">silverpoint</contenuImg>
            <contenuImg CS="0.59" lang="en" source="ibm">person</contenuImg>
            <contenuImg CS="0.52" h="4013" lang="fr" source="yolo" w="2310" x="173" y="6">personne</contenuImg>
            <contenuImg CS="0.52" h="4013" lang="en" source="yolo" w="2310" x="173" y="6">person</contenuImg>
            <fonction source="final">repro/dessin</fonction>
            <tech source="final">imp photoméca</tech>
            <fonction CS="0.86" source="TensorFlow">repro/dessin</fonction>
            <tech CS="1" source="md">imp photoméca</tech>
            <leg>LE VELOURS Seul le velours, par la pureté de ses plis où se joue la lumière, fait ressortir la ligne de la femme.</leg>
            <txt>20 D OCTOBRE 1936 20 D OCTOBRE 1936</txt>
            <genre source="hm" time="2020-11-01T12:57:02.526+01:00">publicité</genre>
            <genre source="final">publicité</genre>
          </ill>
        </ills>
      </page>
      <page hauteurPx="5137" largeurPx="3719" ordre="27">
        <nbMot>62</nbMot>
        <blocTexte>4</blocTexte>
        <blocTab>0</blocTab>
        <blocPub>2</blocPub>
        <blocIll ocr="0">0</blocIll>
      </page>
      <page hauteurPx="5141" largeurPx="3723" ordre="28">
        <nbMot>96</nbMot>
        <blocTexte>2</blocTexte>
        <blocTab>0</blocTab>
        <blocPub>0</blocPub>
        <blocIll ocr="1">1</blocIll>
        <ills>
          <ill classif="CCyolo CCibm" couleur="coul" edit="1" h="3300" n="28-1" pub="1" taille="5" w="3271" x="286" y="458">
            <contenuImg CS="0.573" lang="fr" source="ibm">rougeur</contenuImg>
            <contenuImg CS="0.5" lang="fr" source="ibm">toupet (postiche)</contenuImg>
            <contenuImg CS="0.642" lang="fr" source="ibm">personne</contenuImg>
            <contenuImg CS="0.516" lang="fr" source="ibm">peau</contenuImg>
            <contenuImg CS="0.506" lang="fr" source="ibm">perruque</contenuImg>
            <contenuImg CS="0.61" lang="fr" source="ibm">postiche (cheveux)</contenuImg>
            <contenuImg CS="0.61" lang="fr" source="ibm">robe</contenuImg>
            <contenuImg CS="0.932" coul="1" lang="fr" source="ibm">albâtre</contenuImg>
            <contenuImg CS="0.932" coul="1" lang="en" source="ibm">alabaster color</contenuImg>
            <contenuImg CS="0.5" lang="en" source="ibm">toupee (hairpiece)</contenuImg>
            <contenuImg CS="0.61" lang="en" source="ibm">dress</contenuImg>
            <contenuImg CS="0.61" lang="en" source="ibm">hairpiece (hair)</contenuImg>
            <contenuImg CS="0.506" lang="en" source="ibm">wig</contenuImg>
            <contenuImg CS="0.516" lang="en" source="ibm">skin</contenuImg>
            <contenuImg CS="0.642" lang="en" source="ibm">person</contenuImg>
            <contenuImg CS="0.573" lang="en" source="ibm">ruddiness</contenuImg>
            <contenuImg CS="0.99" h="3173" lang="fr" source="yolo" w="3113" x="86" y="103">personne</contenuImg>
            <contenuImg CS="0.99" h="3173" lang="en" source="yolo" w="3113" x="86" y="103">person</contenuImg>
            <contenuImg b="80" coul="1" g="65" ordre="7" r="90" source="colorific" type="frg">#5a4150</contenuImg>
            <contenuImg b="79" coul="1" g="58" ordre="6" r="120" source="colorific" type="frg">#783a4f</contenuImg>
            <contenuImg b="155" coul="1" g="157" ordre="5" r="177" source="colorific" type="frg">#b19d9b</contenuImg>
            <contenuImg b="112" coul="1" g="106" ordre="4" r="135" source="colorific" type="frg">#876a70</contenuImg>
            <contenuImg b="146" coul="1" g="167" ordre="3" r="196" source="colorific" type="frg">#c4a792</contenuImg>
            <contenuImg b="255" coul="1" g="255" ordre="2" r="255" source="colorific" type="frg">#ffffff</contenuImg>
            <contenuImg b="121" coul="1" g="127" ordre="1" r="170" source="colorific" type="frg">#aa7f79</contenuImg>
            <fonction source="final">repro/dessin</fonction>
            <tech source="final">imp photoméca</tech>
            <fonction CS="0.52" source="TensorFlow">repro/dessin</fonction>
            <tech CS="1" source="md">imp photoméca</tech>
            <leg>LES CENT POUDRES LES CENT FARDS DE PÊCHE TRENTE ANS ABRICOT CORAIL ROSE MADAME PEAUFINE TEINTES POUR LE JOUR: ALBATRE BISTRE OCRE. PECHE. TRENTE ANS. ABRICOT. CORAIL ROSE INDIEN PEAU D ESPAGNE PAILLE MAïs. BLÉ MUR PEAU AMBRÉE MAROC BLE D OR. PL El N SOL E 1 L PEAU BRULÉE TEINTES POUR LE SOIR: MYSTÉRIEUX ÉTRANGE ÉCLATANT SCINTILLANT FARD REFLET DE BEAUTÉ TEINTES : COQUELICOT. ROUGE FEU CARDINAL ROSE POURPRE JEUNESSE GÉRANIUM VÉNITIEN. PIVOINE INVISIBLE, CINÉMA. AUBURN AMBRE ROSÉ. VAN DyCK AMBRE DORÉ SOLEIL ROUGE CUIVRE PÊCHE FORCÉE CORAIL PUR ROSE LUMIÈRE PORCELAINE</leg>
            <txt>22 VOGUE 22 VOGUE</txt>
            <genre source="hm" time="2020-11-01T12:57:11.37+01:00">publicité</genre>
            <genre source="final">publicité</genre>
          </ill>
        </ills>
      </page>
      <page hauteurPx="5125" largeurPx="3701" ordre="29">
        <nbMot>427</nbMot>
        <blocTexte>11</blocTexte>
        <blocTab>1</blocTab>
        <blocPub>0</blocPub>
        <blocIll ocr="1">1</blocIll>
        <ills>
          <ill classif="CCyolo CCibm" couleur="gris" h="1194" n="29-1" pub="1" taille="0" w="895" x="2139" y="552">
            <contenuImg CS="0.879" lang="fr" source="ibm">angiocardiogramme (rayons x)</contenuImg>
            <contenuImg CS="0.88" lang="fr" source="ibm">radiogramme</contenuImg>
            <contenuImg CS="0.792" lang="fr" source="ibm">animal</contenuImg>
            <contenuImg CS="0.8" lang="fr" source="ibm">forme amorphe</contenuImg>
            <contenuImg CS="0.79" lang="fr" source="ibm">insecte</contenuImg>
            <contenuImg CS="0.768" coul="1" lang="fr" source="ibm">gris cendré</contenuImg>
            <contenuImg CS="0.749" coul="1" lang="fr" source="ibm">noir</contenuImg>
            <contenuImg CS="0.749" coul="1" lang="en" source="ibm">black color</contenuImg>
            <contenuImg CS="0.768" coul="1" lang="en" source="ibm">ash grey color</contenuImg>
            <contenuImg CS="0.79" lang="en" source="ibm">insect</contenuImg>
            <contenuImg CS="0.8" lang="en" source="ibm">amorphous shape</contenuImg>
            <contenuImg CS="0.792" lang="en" source="ibm">animal</contenuImg>
            <contenuImg CS="0.88" lang="en" source="ibm">radiogram</contenuImg>
            <contenuImg CS="0.879" lang="en" source="ibm">angiocardiogram (x-rays)</contenuImg>
            <contenuImg CS="0.49" h="893" lang="fr" source="yolo" w="803" x="50" y="166">montre</contenuImg>
            <contenuImg CS="0.49" h="893" lang="en" source="yolo" w="803" x="50" y="166">clock</contenuImg>
            <genre source="final">publicité</genre>
            <genre source="md">publicité</genre>
            <fonction source="final">repro/dessin</fonction>
            <tech source="final">imp photoméca</tech>
            <fonction CS="0.93" source="TensorFlow">repro/dessin</fonction>
            <tech CS="1" source="md">imp photoméca</tech>
            <leg>NOTRE COUVERTURE, DESSINÉE PAR RENÉ BOUËTWILLAUMEZ, REPRÉSENTE UNE TOQUE EN CRIN DE LOUISE BOURBON, GARNIE SUR LE DEVANT DE PLUMES DANS DES TONS ROUGES, VIOLETS, BORDEAUX.</leg>
            <txt>LE POINT DE VUE DE VOGUE 25 LA MODE DU SOIR 29 LE MANTEAU DU SOIR EN TWËÉD 33 DES BANDES D OR OU DE COULEUR 34 DE FLUIDES DRAPÉS 36 SILHOUETTES DROITES, JUPES AMPLES 38 DES COULEURS HEUREUSES 40 LES SOIRS EN ROBES COURTES 43 COIFFURES 46 L AMPLEUR RETENUE 47 DENTELLES 48 MANTEAUX DU SOIR 50 L AMPLEUR LIBRE 52 SACS ET MOUCHOIRS 53 LA MODE DE JOUR 54 LES BASQUES ET LES TOURNURES 56 VELOURS ET LAINAGE 60 VIVE LA FOURRURE 62 MADEMOISELLE CONSTANTINESCO 66 RÉHABILITATION DE L ENFANTILLAGE 67 LE MATIN 69 COULEURS DU JOUR 70 L APRÈS-MIDI 72 BONNES ROBES, BONS MANTEAUX 74 LA MÉDITERRANÉE, L ADRIATIQUE 77 LE PORTFOLIO DE VOGUE 80 S SOMMAIRE</txt>
          </ill>
        </ills>
      </page>
      <page hauteurPx="5129" largeurPx="3651" ordre="30">
        <nbMot>28</nbMot>
        <blocTexte>2</blocTexte>
        <blocTab>0</blocTab>
        <blocPub>2</blocPub>
        <blocIll ocr="0">0</blocIll>
      </page>
      <page hauteurPx="5109" largeurPx="3681" ordre="31">
        <nbMot>321</nbMot>
        <blocTexte>7</blocTexte>
        <blocTab>0</blocTab>
        <blocPub>0</blocPub>
        <blocIll ocr="1">1</blocIll>
        <ills/>
      </page>
      <page hauteurPx="5117" largeurPx="3633" ordre="32">
        <nbMot>4</nbMot>
        <blocTexte>2</blocTexte>
        <blocTab>0</blocTab>
        <blocPub>0</blocPub>
        <blocIll ocr="1">1</blocIll>
        <ills>
          <ill classif="CCyolo CCibm" couleur="coul" edit="1" h="4160" n="32-1" pub="1" taille="6" w="3538" x="69" y="475">
            <contenuImg CS="0.761" lang="fr" source="ibm">tricorne (chapeau)</contenuImg>
            <contenuImg CS="0.845" lang="fr" source="ibm">chapeau</contenuImg>
            <contenuImg CS="0.845" lang="fr" source="ibm">coiffure</contenuImg>
            <contenuImg CS="0.507" lang="fr" source="ibm">bonnet</contenuImg>
            <contenuImg CS="0.5" lang="fr" source="ibm">déguisement</contenuImg>
            <contenuImg CS="0.8" lang="fr" source="ibm">vêtements</contenuImg>
            <contenuImg CS="0.929" coul="1" lang="fr" source="ibm">marron</contenuImg>
            <contenuImg CS="0.683" coul="1" lang="fr" source="ibm">rouge foncé</contenuImg>
            <contenuImg CS="0.683" coul="1" lang="en" source="ibm">dark red color</contenuImg>
            <contenuImg CS="0.929" coul="1" lang="en" source="ibm">maroon color</contenuImg>
            <contenuImg CS="0.8" lang="en" source="ibm">clothing</contenuImg>
            <contenuImg CS="0.5" lang="en" source="ibm">disguise</contenuImg>
            <contenuImg CS="0.507" lang="en" source="ibm">bonnet</contenuImg>
            <contenuImg CS="0.845" lang="en" source="ibm">headdress</contenuImg>
            <contenuImg CS="0.845" lang="en" source="ibm">hat</contenuImg>
            <contenuImg CS="0.761" lang="en" source="ibm">tricorn (cocked hat)</contenuImg>
            <contenuImg CS="0.65" h="3913" lang="fr" source="yolo" w="3386" x="56" y="103">personne</contenuImg>
            <contenuImg CS="0.65" h="3913" lang="en" source="yolo" w="3386" x="56" y="103">person</contenuImg>
            <contenuImg b="255" coul="1" g="255" r="255" source="colorific" type="bkg">#ffffff</contenuImg>
            <contenuImg b="172" coul="1" g="168" ordre="5" r="200" source="colorific" type="frg">#c8a8ac</contenuImg>
            <contenuImg b="114" coul="1" g="105" ordre="4" r="150" source="colorific" type="frg">#966972</contenuImg>
            <contenuImg b="180" coul="1" g="187" ordre="3" r="190" source="colorific" type="frg">#bebbb4</contenuImg>
            <contenuImg b="82" coul="1" g="81" ordre="2" r="81" source="colorific" type="frg">#515152</contenuImg>
            <contenuImg b="67" coul="1" g="53" ordre="1" r="116" source="colorific" type="frg">#743543</contenuImg>
            <fonction source="final">repro/dessin</fonction>
            <tech source="final">imp photoméca</tech>
            <fonction CS="0.80" source="TensorFlow">repro/dessin</fonction>
            <tech CS="1" source="md">imp photoméca</tech>
            <leg>ROSE DESCAT</leg>
            <txt>26 VOGUE 26 VOGUE</txt>
            <genre source="hm" time="2020-11-02T17:28:57.589+01:00">publicité</genre>
            <genre source="final">publicité</genre>
          </ill>
        </ills>
      </page>
      <page hauteurPx="5125" largeurPx="3703" ordre="33">
        <nbMot>328</nbMot>
        <blocTexte>8</blocTexte>
        <blocTab>0</blocTab>
        <blocPub>0</blocPub>
        <blocIll ocr="1">1</blocIll>
        <ills/>
      </page>
      <page hauteurPx="5129" largeurPx="3649" ordre="34">
        <nbMot>29</nbMot>
        <blocTexte>3</blocTexte>
        <blocTab>0</blocTab>
        <blocPub>0</blocPub>
        <blocIll ocr="1">1</blocIll>
        <ills/>
      </page>
      <page hauteurPx="5125" largeurPx="3703" ordre="35">
        <nbMot>543</nbMot>
        <blocTexte>16</blocTexte>
        <blocTab>0</blocTab>
        <blocPub>0</blocPub>
        <blocIll ocr="0">0</blocIll>
      </page>
      <page hauteurPx="5139" largeurPx="3665" ordre="36">
        <nbMot>59</nbMot>
        <blocTexte>4</blocTexte>
        <blocTab>0</blocTab>
        <blocPub>0</blocPub>
        <blocIll ocr="1">1</blocIll>
        <ills/>
      </page>
      <page hauteurPx="5135" largeurPx="3715" ordre="37">
        <nbMot>52</nbMot>
        <blocTexte>3</blocTexte>
        <blocTab>0</blocTab>
        <blocPub>0</blocPub>
        <blocIll ocr="1">1</blocIll>
        <ills/>
      </page>
      <page hauteurPx="5117" largeurPx="3665" ordre="38">
        <nbMot>608</nbMot>
        <blocTexte>16</blocTexte>
        <blocTab>0</blocTab>
        <blocPub>0</blocPub>
        <blocIll ocr="0">0</blocIll>
      </page>
      <page hauteurPx="5121" largeurPx="3697" ordre="39">
        <nbMot>31</nbMot>
        <blocTexte>3</blocTexte>
        <blocTab>0</blocTab>
        <blocPub>0</blocPub>
        <blocIll ocr="1">1</blocIll>
        <ills/>
      </page>
      <page hauteurPx="5199" largeurPx="3781" ordre="40">
        <nbMot>15</nbMot>
        <blocTexte>3</blocTexte>
        <blocTab>0</blocTab>
        <blocPub>0</blocPub>
        <blocIll ocr="1">1</blocIll>
        <ills/>
      </page>
      <page hauteurPx="5131" largeurPx="3711" ordre="41">
        <nbMot>85</nbMot>
        <blocTexte>5</blocTexte>
        <blocTab>0</blocTab>
        <blocPub>0</blocPub>
        <blocIll ocr="1">1</blocIll>
        <ills/>
      </page>
      <page hauteurPx="5147" largeurPx="3707" ordre="42">
        <nbMot>47</nbMot>
        <blocTexte>4</blocTexte>
        <blocTab>0</blocTab>
        <blocPub>0</blocPub>
        <blocIll ocr="1">1</blocIll>
        <ills/>
      </page>
      <page hauteurPx="5109" largeurPx="3681" ordre="43">
        <nbMot>46</nbMot>
        <blocTexte>5</blocTexte>
        <blocTab>0</blocTab>
        <blocPub>0</blocPub>
        <blocIll ocr="1">1</blocIll>
        <ills/>
      </page>
      <page hauteurPx="5117" largeurPx="3665" ordre="44">
        <nbMot>78</nbMot>
        <blocTexte>5</blocTexte>
        <blocTab>0</blocTab>
        <blocPub>0</blocPub>
        <blocIll ocr="1">1</blocIll>
        <ills/>
      </page>
      <page hauteurPx="5121" largeurPx="3697" ordre="45">
        <nbMot>11</nbMot>
        <blocTexte>5</blocTexte>
        <blocTab>0</blocTab>
        <blocPub>0</blocPub>
        <blocIll ocr="1">1</blocIll>
        <ills/>
      </page>
      <page hauteurPx="5129" largeurPx="3681" ordre="46">
        <nbMot>34</nbMot>
        <blocTexte>5</blocTexte>
        <blocTab>0</blocTab>
        <blocPub>0</blocPub>
        <blocIll ocr="1">1</blocIll>
        <ills/>
      </page>
      <page hauteurPx="5115" largeurPx="3711" ordre="47">
        <nbMot>32</nbMot>
        <blocTexte>4</blocTexte>
        <blocTab>0</blocTab>
        <blocPub>0</blocPub>
        <blocIll ocr="1">1</blocIll>
        <ills/>
      </page>
      <page hauteurPx="5129" largeurPx="3681" ordre="48">
        <nbMot>35</nbMot>
        <blocTexte>5</blocTexte>
        <blocTab>0</blocTab>
        <blocPub>0</blocPub>
        <blocIll ocr="1">1</blocIll>
        <ills/>
      </page>
      <page hauteurPx="5113" largeurPx="3709" ordre="49">
        <nbMot>346</nbMot>
        <blocTexte>14</blocTexte>
        <blocTab>0</blocTab>
        <blocPub>0</blocPub>
        <blocIll ocr="3">3</blocIll>
        <ills/>
      </page>
      <page hauteurPx="5139" largeurPx="3697" ordre="50">
        <nbMot>259</nbMot>
        <blocTexte>9</blocTexte>
        <blocTab>0</blocTab>
        <blocPub>0</blocPub>
        <blocIll ocr="4">4</blocIll>
        <ills/>
      </page>
      <page hauteurPx="5093" largeurPx="3649" ordre="51">
        <nbMot>10</nbMot>
        <blocTexte>4</blocTexte>
        <blocTab>0</blocTab>
        <blocPub>0</blocPub>
        <blocIll ocr="1">1</blocIll>
        <ills/>
      </page>
      <page hauteurPx="5135" largeurPx="3691" ordre="52">
        <nbMot>308</nbMot>
        <blocTexte>14</blocTexte>
        <blocTab>0</blocTab>
        <blocPub>0</blocPub>
        <blocIll ocr="3">3</blocIll>
        <ills/>
      </page>
      <page hauteurPx="5127" largeurPx="3697" ordre="53">
        <nbMot>12</nbMot>
        <blocTexte>3</blocTexte>
        <blocTab>0</blocTab>
        <blocPub>0</blocPub>
        <blocIll ocr="1">1</blocIll>
        <ills/>
      </page>
      <page hauteurPx="5139" largeurPx="3695" ordre="54">
        <nbMot>5</nbMot>
        <blocTexte>3</blocTexte>
        <blocTab>0</blocTab>
        <blocPub>0</blocPub>
        <blocIll ocr="1">1</blocIll>
        <ills/>
      </page>
      <page hauteurPx="5069" largeurPx="3689" ordre="55">
        <nbMot>86</nbMot>
        <blocTexte>8</blocTexte>
        <blocTab>0</blocTab>
        <blocPub>0</blocPub>
        <blocIll ocr="1">1</blocIll>
        <ills/>
      </page>
      <page hauteurPx="5117" largeurPx="3665" ordre="56">
        <nbMot>4</nbMot>
        <blocTexte>2</blocTexte>
        <blocTab>0</blocTab>
        <blocPub>0</blocPub>
        <blocIll ocr="1">1</blocIll>
        <ills/>
      </page>
      <page hauteurPx="5093" largeurPx="3721" ordre="57">
        <nbMot>3</nbMot>
        <blocTexte>2</blocTexte>
        <blocTab>0</blocTab>
        <blocPub>0</blocPub>
        <blocIll ocr="1">1</blocIll>
        <ills/>
      </page>
      <page hauteurPx="5129" largeurPx="3681" ordre="58">
        <nbMot>8</nbMot>
        <blocTexte>1</blocTexte>
        <blocTab>0</blocTab>
        <blocPub>0</blocPub>
        <blocIll ocr="1">1</blocIll>
        <ills/>
      </page>
      <page hauteurPx="5081" largeurPx="3705" ordre="59">
        <nbMot>351</nbMot>
        <blocTexte>7</blocTexte>
        <blocTab>0</blocTab>
        <blocPub>0</blocPub>
        <blocIll ocr="1">1</blocIll>
        <ills/>
      </page>
      <page hauteurPx="5117" largeurPx="3665" ordre="60">
        <nbMot>520</nbMot>
        <blocTexte>10</blocTexte>
        <blocTab>0</blocTab>
        <blocPub>0</blocPub>
        <blocIll ocr="0">0</blocIll>
      </page>
      <page hauteurPx="5069" largeurPx="3689" ordre="61">
        <nbMot>3</nbMot>
        <blocTexte>2</blocTexte>
        <blocTab>0</blocTab>
        <blocPub>0</blocPub>
        <blocIll ocr="1">1</blocIll>
        <ills/>
      </page>
      <page hauteurPx="5131" largeurPx="3683" ordre="62">
        <nbMot>74</nbMot>
        <blocTexte>4</blocTexte>
        <blocTab>0</blocTab>
        <blocPub>0</blocPub>
        <blocIll ocr="1">1</blocIll>
        <ills/>
      </page>
      <page hauteurPx="5069" largeurPx="3689" ordre="63">
        <nbMot>13</nbMot>
        <blocTexte>3</blocTexte>
        <blocTab>0</blocTab>
        <blocPub>0</blocPub>
        <blocIll ocr="1">1</blocIll>
        <ills/>
      </page>
      <page hauteurPx="5117" largeurPx="3665" ordre="64">
        <nbMot>56</nbMot>
        <blocTexte>4</blocTexte>
        <blocTab>0</blocTab>
        <blocPub>0</blocPub>
        <blocIll ocr="1">1</blocIll>
        <ills/>
      </page>
      <page hauteurPx="5105" largeurPx="3737" ordre="65">
        <nbMot>51</nbMot>
        <blocTexte>4</blocTexte>
        <blocTab>0</blocTab>
        <blocPub>0</blocPub>
        <blocIll ocr="1">1</blocIll>
        <ills/>
      </page>
      <page hauteurPx="5129" largeurPx="3681" ordre="66">
        <nbMot>12</nbMot>
        <blocTexte>5</blocTexte>
        <blocTab>0</blocTab>
        <blocPub>0</blocPub>
        <blocIll ocr="1">1</blocIll>
        <ills/>
      </page>
      <page hauteurPx="5081" largeurPx="3705" ordre="67">
        <nbMot>100</nbMot>
        <blocTexte>5</blocTexte>
        <blocTab>0</blocTab>
        <blocPub>0</blocPub>
        <blocIll ocr="2">2</blocIll>
        <ills/>
      </page>
      <page hauteurPx="5129" largeurPx="3681" ordre="68">
        <nbMot>1</nbMot>
        <blocTexte>1</blocTexte>
        <blocTab>0</blocTab>
        <blocPub>0</blocPub>
        <blocIll ocr="1">1</blocIll>
        <ills/>
      </page>
      <page hauteurPx="5081" largeurPx="3705" ordre="69">
        <nbMot>91</nbMot>
        <blocTexte>4</blocTexte>
        <blocTab>0</blocTab>
        <blocPub>0</blocPub>
        <blocIll ocr="2">2</blocIll>
        <ills/>
      </page>
      <page hauteurPx="5129" largeurPx="3681" ordre="70">
        <nbMot>156</nbMot>
        <blocTexte>8</blocTexte>
        <blocTab>0</blocTab>
        <blocPub>0</blocPub>
        <blocIll ocr="1">1</blocIll>
        <ills/>
      </page>
      <page hauteurPx="5101" largeurPx="3709" ordre="71">
        <nbMot>0</nbMot>
        <blocTexte>0</blocTexte>
        <blocTab>0</blocTab>
        <blocPub>0</blocPub>
        <blocIll ocr="1">1</blocIll>
        <ills/>
      </page>
      <page hauteurPx="5159" largeurPx="3723" ordre="72">
        <nbMot>31</nbMot>
        <blocTexte>5</blocTexte>
        <blocTab>0</blocTab>
        <blocPub>0</blocPub>
        <blocIll ocr="1">1</blocIll>
        <ills/>
      </page>
      <page hauteurPx="5101" largeurPx="3707" ordre="73">
        <nbMot>894</nbMot>
        <blocTexte>15</blocTexte>
        <blocTab>0</blocTab>
        <blocPub>0</blocPub>
        <blocIll ocr="0">0</blocIll>
      </page>
      <page hauteurPx="5165" largeurPx="3753" ordre="74">
        <nbMot>13</nbMot>
        <blocTexte>3</blocTexte>
        <blocTab>0</blocTab>
        <blocPub>0</blocPub>
        <blocIll ocr="1">1</blocIll>
        <ills/>
      </page>
      <page hauteurPx="5069" largeurPx="3665" ordre="75">
        <nbMot>471</nbMot>
        <blocTexte>14</blocTexte>
        <blocTab>0</blocTab>
        <blocPub>0</blocPub>
        <blocIll ocr="1">1</blocIll>
        <ills/>
      </page>
      <page hauteurPx="5181" largeurPx="3775" ordre="76">
        <nbMot>232</nbMot>
        <blocTexte>7</blocTexte>
        <blocTab>0</blocTab>
        <blocPub>0</blocPub>
        <blocIll ocr="1">1</blocIll>
        <ills/>
      </page>
      <page hauteurPx="5087" largeurPx="3689" ordre="77">
        <nbMot>148</nbMot>
        <blocTexte>8</blocTexte>
        <blocTab>0</blocTab>
        <blocPub>0</blocPub>
        <blocIll ocr="1">1</blocIll>
        <ills/>
      </page>
      <page hauteurPx="5199" largeurPx="3801" ordre="78">
        <nbMot>479</nbMot>
        <blocTexte>12</blocTexte>
        <blocTab>0</blocTab>
        <blocPub>0</blocPub>
        <blocIll ocr="1">1</blocIll>
        <ills/>
      </page>
      <page hauteurPx="5153" largeurPx="3783" ordre="79">
        <nbMot>15</nbMot>
        <blocTexte>3</blocTexte>
        <blocTab>0</blocTab>
        <blocPub>0</blocPub>
        <blocIll ocr="1">1</blocIll>
        <ills/>
      </page>
      <page hauteurPx="5175" largeurPx="3765" ordre="80">
        <nbMot>21</nbMot>
        <blocTexte>9</blocTexte>
        <blocTab>0</blocTab>
        <blocPub>0</blocPub>
        <blocIll ocr="8">8</blocIll>
        <ills/>
      </page>
      <page hauteurPx="5081" largeurPx="3681" ordre="81">
        <nbMot>281</nbMot>
        <blocTexte>10</blocTexte>
        <blocTab>0</blocTab>
        <blocPub>0</blocPub>
        <blocIll ocr="8">8</blocIll>
        <ills/>
      </page>
      <page hauteurPx="5181" largeurPx="3777" ordre="82">
        <nbMot>191</nbMot>
        <blocTexte>13</blocTexte>
        <blocTab>0</blocTab>
        <blocPub>0</blocPub>
        <blocIll ocr="8">8</blocIll>
        <ills/>
      </page>
      <page hauteurPx="5099" largeurPx="3707" ordre="83">
        <nbMot>142</nbMot>
        <blocTexte>6</blocTexte>
        <blocTab>0</blocTab>
        <blocPub>0</blocPub>
        <blocIll ocr="1">1</blocIll>
        <ills/>
      </page>
      <page hauteurPx="5169" largeurPx="3753" ordre="84">
        <nbMot>2</nbMot>
        <blocTexte>2</blocTexte>
        <blocTab>0</blocTab>
        <blocPub>0</blocPub>
        <blocIll ocr="2">2</blocIll>
        <ills/>
      </page>
      <page hauteurPx="5089" largeurPx="3691" ordre="85">
        <nbMot>154</nbMot>
        <blocTexte>3</blocTexte>
        <blocTab>0</blocTab>
        <blocPub>0</blocPub>
        <blocIll ocr="2">2</blocIll>
        <ills/>
      </page>
      <page hauteurPx="5169" largeurPx="3753" ordre="86">
        <nbMot>26</nbMot>
        <blocTexte>4</blocTexte>
        <blocTab>0</blocTab>
        <blocPub>0</blocPub>
        <blocIll ocr="1">1</blocIll>
        <ills/>
      </page>
      <page hauteurPx="5091" largeurPx="3695" ordre="87">
        <nbMot>34</nbMot>
        <blocTexte>3</blocTexte>
        <blocTab>0</blocTab>
        <blocPub>0</blocPub>
        <blocIll ocr="1">1</blocIll>
        <ills/>
      </page>
      <page hauteurPx="5157" largeurPx="3737" ordre="88">
        <nbMot>30</nbMot>
        <blocTexte>5</blocTexte>
        <blocTab>0</blocTab>
        <blocPub>0</blocPub>
        <blocIll ocr="1">1</blocIll>
        <ills/>
      </page>
      <page hauteurPx="5087" largeurPx="3689" ordre="89">
        <nbMot>32</nbMot>
        <blocTexte>4</blocTexte>
        <blocTab>0</blocTab>
        <blocPub>0</blocPub>
        <blocIll ocr="1">1</blocIll>
        <ills/>
      </page>
      <page hauteurPx="5185" largeurPx="3775" ordre="90">
        <nbMot>32</nbMot>
        <blocTexte>5</blocTexte>
        <blocTab>0</blocTab>
        <blocPub>0</blocPub>
        <blocIll ocr="1">1</blocIll>
        <ills/>
      </page>
      <page hauteurPx="5089" largeurPx="3691" ordre="91">
        <nbMot>36</nbMot>
        <blocTexte>5</blocTexte>
        <blocTab>0</blocTab>
        <blocPub>0</blocPub>
        <blocIll ocr="1">1</blocIll>
        <ills/>
      </page>
      <page hauteurPx="5157" largeurPx="3737" ordre="92">
        <nbMot>31</nbMot>
        <blocTexte>4</blocTexte>
        <blocTab>0</blocTab>
        <blocPub>0</blocPub>
        <blocIll ocr="1">1</blocIll>
        <ills/>
      </page>
      <page hauteurPx="5093" largeurPx="3697" ordre="93">
        <nbMot>29</nbMot>
        <blocTexte>4</blocTexte>
        <blocTab>0</blocTab>
        <blocPub>0</blocPub>
        <blocIll ocr="1">1</blocIll>
        <ills/>
      </page>
      <page hauteurPx="5193" largeurPx="3787" ordre="94">
        <nbMot>35</nbMot>
        <blocTexte>4</blocTexte>
        <blocTab>0</blocTab>
        <blocPub>0</blocPub>
        <blocIll ocr="1">1</blocIll>
        <ills/>
      </page>
      <page hauteurPx="5103" largeurPx="3711" ordre="95">
        <nbMot>33</nbMot>
        <blocTexte>4</blocTexte>
        <blocTab>0</blocTab>
        <blocPub>0</blocPub>
        <blocIll ocr="1">1</blocIll>
        <ills/>
      </page>
      <page hauteurPx="5169" largeurPx="3753" ordre="96">
        <nbMot>25</nbMot>
        <blocTexte>4</blocTexte>
        <blocTab>0</blocTab>
        <blocPub>0</blocPub>
        <blocIll ocr="1">1</blocIll>
        <ills/>
      </page>
      <page hauteurPx="5101" largeurPx="3709" ordre="97">
        <nbMot>221</nbMot>
        <blocTexte>10</blocTexte>
        <blocTab>0</blocTab>
        <blocPub>10</blocPub>
        <blocIll ocr="0">0</blocIll>
      </page>
      <page hauteurPx="5169" largeurPx="3753" ordre="98">
        <nbMot>379</nbMot>
        <blocTexte>13</blocTexte>
        <blocTab>0</blocTab>
        <blocPub>0</blocPub>
        <blocIll ocr="4">4</blocIll>
        <ills/>
      </page>
      <page hauteurPx="5093" largeurPx="3699" ordre="99">
        <nbMot>59</nbMot>
        <blocTexte>5</blocTexte>
        <blocTab>0</blocTab>
        <blocPub>4</blocPub>
        <blocIll ocr="0">0</blocIll>
      </page>
      <page hauteurPx="5173" largeurPx="3759" ordre="100">
        <nbMot>925</nbMot>
        <blocTexte>36</blocTexte>
        <blocTab>0</blocTab>
        <blocPub>3</blocPub>
        <blocIll ocr="1">1</blocIll>
        <ills>
          <ill classif="CCyolo CCibm" couleur="gris" h="3346" n="100-1" pub="1" taille="2" w="1668" x="301" y="288">
            <contenuImg CS="0.681" lang="fr" source="ibm">suffragette</contenuImg>
            <contenuImg CS="0.681" lang="fr" source="ibm">personne</contenuImg>
            <contenuImg CS="0.531" lang="fr" source="ibm">base militaire</contenuImg>
            <contenuImg CS="0.531" lang="fr" source="ibm">structure défensive</contenuImg>
            <contenuImg CS="0.5" lang="fr" source="ibm">musée (intérieur)</contenuImg>
            <contenuImg CS="0.599" lang="fr" source="ibm">vêtements</contenuImg>
            <contenuImg CS="0.675" coul="1" lang="fr" source="ibm">gris</contenuImg>
            <contenuImg CS="0.669" coul="1" lang="fr" source="ibm">marron</contenuImg>
            <contenuImg CS="0.669" coul="1" lang="en" source="ibm">maroon color</contenuImg>
            <contenuImg CS="0.675" coul="1" lang="en" source="ibm">gray color</contenuImg>
            <contenuImg CS="0.599" lang="en" source="ibm">clothing</contenuImg>
            <contenuImg CS="0.5" lang="en" source="ibm">Museum (Indoor)</contenuImg>
            <contenuImg CS="0.531" lang="en" source="ibm">defensive structure</contenuImg>
            <contenuImg CS="0.531" lang="en" source="ibm">Army Base</contenuImg>
            <contenuImg CS="0.681" lang="en" source="ibm">person</contenuImg>
            <contenuImg CS="0.681" lang="en" source="ibm">women's voting rights activist</contenuImg>
            <contenuImg CS="0.97" h="3146" lang="fr" source="yolo" w="1466" x="73" y="190">personne</contenuImg>
            <contenuImg CS="0.97" h="3146" lang="en" source="yolo" w="1466" x="73" y="190">person</contenuImg>
            <genre source="final">publicité</genre>
            <genre source="md">publicité</genre>
            <fonction source="final">repro/photo</fonction>
            <tech source="final">imp photoméca</tech>
            <fonction CS="0.86" source="TensorFlow">repro/photo</fonction>
            <tech CS="1" source="md">imp photoméca</tech>
            <leg>G. SAAD  VICTORIA  Tailleur en pattes de caracul breitschwanz 1.400 francs AUX 2 PANTHÈRES HÉLÈNE DEVINOY habille la femme élégante 92, Rue du Bac PARIS Tél. : Littré 02-06 LA MODE DU SOIR</leg>
            <txt>94 VOGUE 94 VOGUE</txt>
          </ill>
        </ills>
      </page>
      <page hauteurPx="5081" largeurPx="3699" ordre="101">
        <nbMot>1038</nbMot>
        <blocTexte>32</blocTexte>
        <blocTab>0</blocTab>
        <blocPub>4</blocPub>
        <blocIll ocr="1">1</blocIll>
        <ills>
          <ill classif="CCyolo CCibm" couleur="gris" h="2487" n="101-1" pub="1" taille="1" w="1139" x="2044" y="975">
            <contenuImg CS="0.799" lang="fr" source="ibm">personne</contenuImg>
            <contenuImg CS="0.822" lang="fr" source="ibm">salle d'étude</contenuImg>
            <contenuImg CS="0.544" lang="fr" source="ibm">pointe d'argent</contenuImg>
            <contenuImg CS="0.522" lang="fr" source="ibm">musée (intérieur)</contenuImg>
            <contenuImg CS="0.5" lang="fr" source="ibm">stylo et encre</contenuImg>
            <contenuImg CS="0.939" coul="1" lang="fr" source="ibm">gris cendré</contenuImg>
            <contenuImg CS="0.912" coul="1" lang="fr" source="ibm">gris</contenuImg>
            <contenuImg CS="0.912" coul="1" lang="en" source="ibm">gray color</contenuImg>
            <contenuImg CS="0.939" coul="1" lang="en" source="ibm">ash grey color</contenuImg>
            <contenuImg CS="0.5" lang="en" source="ibm">pen-and-ink</contenuImg>
            <contenuImg CS="0.522" lang="en" source="ibm">Museum (Indoor)</contenuImg>
            <contenuImg CS="0.544" lang="en" source="ibm">silverpoint</contenuImg>
            <contenuImg CS="0.822" lang="en" source="ibm">study</contenuImg>
            <contenuImg CS="0.799" lang="en" source="ibm">person</contenuImg>
            <contenuImg CS="0.65" h="2450" lang="fr" source="yolo" w="756" x="276" y="66">personne</contenuImg>
            <contenuImg CS="0.65" h="2450" lang="en" source="yolo" w="756" x="276" y="66">person</contenuImg>
            <genre source="final">publicité</genre>
            <genre source="md">publicité</genre>
            <fonction source="final">repro/dessin</fonction>
            <tech source="final">imp photoméca</tech>
            <fonction CS="0.70" source="TensorFlow">repro/dessin</fonction>
            <tech CS="1" source="md">imp photoméca</tech>
            <leg>Sans rien sacirfier de 1 élégance, ces manteaux assurent 1 aisance confortable, indispensable aux multiples exigences de la vie moderne. Dans la Collection de modèles présentés cette année, tous de lignes sobres et nettes, on trouvera aussi bien le manteau de ville très habillé que le manteau de voyage douillet ou d auto, la pelisse garnie ou doublée fourrure. Tous sont des vêtements de qualité, coupés par des artisans experts qui utilisent une main-d  œuvre sélectionnée.</leg>
            <txt>, . ,k LE SENS DU CONFORT Base de toutes les productions BURBERRYS n est nulle part plus évident que dans leurs MANTEAUX DE DEMI-SAISON   D HIVER A N.OS LECTRICES Si une lectrice de VOGUE nous fait connaître l usage abusif de quoi que ce soit pris dans VOGUE, nous saurons reconnaître sa coopération à notre effort pour protéger notre Copyright.</txt>
          </ill>
        </ills>
      </page>
      <page hauteurPx="5191" largeurPx="3783" ordre="102">
        <nbMot>386</nbMot>
        <blocTexte>20</blocTexte>
        <blocTab>0</blocTab>
        <blocPub>19</blocPub>
        <blocIll ocr="1">1</blocIll>
        <ills>
          <ill classif="CCyolo CCibm" couleur="gris" h="1035" n="102-1" pub="1" taille="0" w="907" x="238" y="3853">
            <contenuImg CS="0.879" lang="fr" source="ibm">pointe d'argent</contenuImg>
            <contenuImg CS="0.843" lang="fr" source="ibm">salle d'étude</contenuImg>
            <contenuImg CS="0.943" coul="1" lang="fr" source="ibm">gris</contenuImg>
            <contenuImg CS="0.918" coul="1" lang="fr" source="ibm">gris cendré</contenuImg>
            <contenuImg CS="0.918" coul="1" lang="en" source="ibm">ash grey color</contenuImg>
            <contenuImg CS="0.943" coul="1" lang="en" source="ibm">gray color</contenuImg>
            <contenuImg CS="0.843" lang="en" source="ibm">study</contenuImg>
            <contenuImg CS="0.879" lang="en" source="ibm">silverpoint</contenuImg>
            <contenuImg CS="0.28" h="393" lang="fr" source="yolo" w="776" x="36" y="573">parapluie</contenuImg>
            <contenuImg CS="0.28" h="393" lang="en" source="yolo" w="776" x="36" y="573">umbrella</contenuImg>
            <genre source="final">publicité</genre>
            <genre source="md">publicité</genre>
            <fonction source="final">repro/dessin</fonction>
            <tech source="final">imp photoméca</tech>
            <fonction CS="0.91" source="TensorFlow">repro/dessin</fonction>
            <tech CS="1" source="md">imp photoméca</tech>
            <leg>CURE DE BEAUTÉ MODERNE  s~~PORTEZ, MADAME, UNE DEMI HEURE PAR JOUR SEULEMENT V W LES CAOUTCHOUCS</leg>
            <txt>7, Place Vendôme PARIS Tél. : Opéra 54-64 LONDRES NEW-YORK Le Tout-Paris féminin s y retrouve dans un cadre particulièrement élégant.</txt>
          </ill>
        </ills>
      </page>
      <page hauteurPx="5099" largeurPx="3725" ordre="103">
        <nbMot>249</nbMot>
        <blocTexte>9</blocTexte>
        <blocTab>0</blocTab>
        <blocPub>7</blocPub>
        <blocIll ocr="0">0</blocIll>
      </page>
      <page hauteurPx="5187" largeurPx="3779" ordre="104">
        <nbMot>0</nbMot>
        <blocTexte>0</blocTexte>
        <blocTab>0</blocTab>
        <blocPub>0</blocPub>
        <blocIll ocr="1">1</blocIll>
        <ills>
          <ill classif="CCyolo CCibm" couleur="coul" derniere="true" edit="true" h="5142" n="104-1" pub="1" taille="9" w="3772" x="6" y="12">
            <txt source="google">"de - Nina Ricci - d'Dambola de Montagnac - ",</txt>
            <contenuImg CS="0.556" lang="fr" source="ibm">crieur public</contenuImg>
            <contenuImg CS="0.653" lang="fr" source="ibm">personne</contenuImg>
            <contenuImg CS="0.529" lang="fr" source="ibm">échasse à ressort</contenuImg>
            <contenuImg CS="0.526" lang="fr" source="ibm">cycliste</contenuImg>
            <contenuImg CS="0.526" lang="fr" source="ibm">voyageur</contenuImg>
            <contenuImg CS="0.5" lang="fr" source="ibm">pilotis</contenuImg>
            <contenuImg CS="0.501" lang="fr" source="ibm">pôle</contenuImg>
            <contenuImg CS="0.501" lang="fr" source="ibm">barre</contenuImg>
            <contenuImg CS="0.822" coul="1" lang="fr" source="ibm">rouge alizarine</contenuImg>
            <contenuImg CS="0.772" coul="1" lang="fr" source="ibm">albâtre</contenuImg>
            <contenuImg CS="0.772" coul="1" lang="en" source="ibm">alabaster color</contenuImg>
            <contenuImg CS="0.822" coul="1" lang="en" source="ibm">alizarine red color</contenuImg>
            <contenuImg CS="0.501" lang="en" source="ibm">rod</contenuImg>
            <contenuImg CS="0.501" lang="en" source="ibm">pole</contenuImg>
            <contenuImg CS="0.5" lang="en" source="ibm">stilt</contenuImg>
            <contenuImg CS="0.526" lang="en" source="ibm">traveler</contenuImg>
            <contenuImg CS="0.526" lang="en" source="ibm">unicyclist</contenuImg>
            <contenuImg CS="0.529" lang="en" source="ibm">pogo stick</contenuImg>
            <contenuImg CS="0.653" lang="en" source="ibm">person</contenuImg>
            <contenuImg CS="0.556" lang="en" source="ibm">town crier</contenuImg>
            <contenuImg CS="0.49" h="633" lang="fr" source="yolo" w="1206" x="656" y="4176">voiture</contenuImg>
            <contenuImg CS="0.37" h="2026" lang="fr" source="yolo" w="1633" x="1373" y="56">ours en peluche</contenuImg>
            <contenuImg CS="0.31" h="213" lang="fr" source="yolo" w="246" x="3016" y="4116">personne</contenuImg>
            <contenuImg CS="0.31" h="213" lang="en" source="yolo" w="246" x="3016" y="4116">person</contenuImg>
            <contenuImg CS="0.37" h="2026" lang="en" source="yolo" w="1633" x="1373" y="56">teddy bear</contenuImg>
            <contenuImg CS="0.49" h="633" lang="en" source="yolo" w="1206" x="656" y="4176">car</contenuImg>
            <contenuImg CS="0.53" h="166" lang="en" source="yolo" w="130" x="3420" y="4143">person</contenuImg>
            <contenuImg CS="0.54" h="1193" lang="en" source="yolo" w="3133" x="620" y="3876">car</contenuImg>
            <contenuImg b="118" coul="1" g="129" ordre="8" r="156" source="colorific" type="frg">#9c8176</contenuImg>
            <contenuImg b="114" coul="1" g="113" ordre="7" r="102" source="colorific" type="frg">#667172</contenuImg>
            <contenuImg b="52" coul="1" g="47" ordre="6" r="59" source="colorific" type="frg">#3b2f34</contenuImg>
            <contenuImg b="255" coul="1" g="255" ordre="5" r="255" source="colorific" type="frg">#ffffff</contenuImg>
            <contenuImg b="60" coul="1" g="50" ordre="4" r="115" source="colorific" type="frg">#73323c</contenuImg>
            <contenuImg b="71" coul="1" g="64" ordre="3" r="96" source="colorific" type="frg">#604047</contenuImg>
            <contenuImg b="110" coul="1" g="109" ordre="2" r="125" source="colorific" type="frg">#7d6d6e</contenuImg>
            <contenuImg b="182" coul="1" g="185" ordre="1" r="195" source="colorific" type="frg">#c3b9b6</contenuImg>
            <tech source="final">imp photoméca</tech>
            <fonction CS="0.63" source="TensorFlow">repro/photo</fonction>
            <tech CS="1" source="md">imp photoméca</tech>
            <fonction source="hm" time="2020-10-31T17:54:47.963+01:00">repro/dessin</fonction>
            <fonction source="final">repro/dessin</fonction>
            <genre source="hm" time="2020-11-01T12:57:29.763+01:00">publicité</genre>
            <genre source="final">publicité</genre>
          </ill>
        </ills>
      </page>
    </pages>
  </contenus>
</analyseAlto>