<analyseAlto>
  <metad>
    <type>R</type>
    <ID>bpt6k65403684</ID>
    <notice>cb343833568</notice>
    <titre>Vogue 1921/10/01 (Volume 3, Numéro 7)</titre>
    <dateEdition>1921-10-01</dateEdition>
    <lang>fre</lang>
    <source>BnF</source>
    <nbPage>52</nbPage>
  </metad>
  <contenus>
    <largeur>157</largeur>
    <hauteur>213</hauteur>
    <largeurPx>3715</largeurPx>
    <hauteurPx>5037</hauteurPx>
    <pages>
      <page hauteurPx="5037" largeurPx="3715" ordre="1">
        <nbMot>8</nbMot>
        <blocTexte>1</blocTexte>
        <blocTab>0</blocTab>
        <blocPub>0</blocPub>
        <blocIll ocr="1">1</blocIll>
        <ills/>
      </page>
      <page hauteurPx="5115" largeurPx="3699" ordre="2">
        <nbMot>43</nbMot>
        <blocTexte>7</blocTexte>
        <blocTab>0</blocTab>
        <blocPub>0</blocPub>
        <blocIll ocr="1">1</blocIll>
        <ills>
          <ill classif="CCyolo CCibm" couleur="coul" edit="1" h="3181" n="2-1" pub="1" taille="3" w="2078" x="873" y="1104">
            <contenuImg CS="0.5" lang="fr" source="ibm">pli</contenuImg>
            <contenuImg CS="0.6" lang="fr" source="ibm">personne</contenuImg>
            <contenuImg CS="0.615" lang="fr" source="ibm">manteau</contenuImg>
            <contenuImg CS="0.616" lang="fr" source="ibm">survêtement</contenuImg>
            <contenuImg CS="0.628" lang="fr" source="ibm">vêtement</contenuImg>
            <contenuImg CS="0.516" lang="fr" source="ibm">sarape (châle)</contenuImg>
            <contenuImg CS="0.601" lang="fr" source="ibm">vêtements</contenuImg>
            <contenuImg CS="0.596" lang="fr" source="ibm">tissu</contenuImg>
            <contenuImg CS="0.806" coul="1" lang="fr" source="ibm">rouge foncé</contenuImg>
            <contenuImg CS="0.715" coul="1" lang="fr" source="ibm">marron</contenuImg>
            <contenuImg CS="0.715" coul="1" lang="en" source="ibm">maroon color</contenuImg>
            <contenuImg CS="0.806" coul="1" lang="en" source="ibm">dark red color</contenuImg>
            <contenuImg CS="0.596" lang="en" source="ibm">fabric</contenuImg>
            <contenuImg CS="0.601" lang="en" source="ibm">clothing</contenuImg>
            <contenuImg CS="0.5" lang="en" source="ibm">pleat</contenuImg>
            <contenuImg CS="0.516" lang="en" source="ibm">serape (shawl)</contenuImg>
            <contenuImg CS="0.628" lang="en" source="ibm">garment</contenuImg>
            <contenuImg CS="0.616" lang="en" source="ibm">overgarment</contenuImg>
            <contenuImg CS="0.615" lang="en" source="ibm">cloak</contenuImg>
            <contenuImg CS="0.6" lang="en" source="ibm">person</contenuImg>
            <contenuImg CS="0.98" h="2716" lang="fr" source="yolo" w="876" x="756" y="230">personne</contenuImg>
            <contenuImg CS="0.98" h="2716" lang="en" source="yolo" w="876" x="756" y="230">person</contenuImg>
            <contenuImg b="73" coul="1" g="68" r="77" source="colorific" type="bkg">#4d4449</contenuImg>
            <contenuImg b="61" coul="1" g="74" ordre="6" r="76" source="colorific" type="frg">#4c4a3d</contenuImg>
            <contenuImg b="114" coul="1" g="117" ordre="5" r="126" source="colorific" type="frg">#7e7572</contenuImg>
            <contenuImg b="255" coul="1" g="255" ordre="4" r="255" source="colorific" type="frg">#ffffff</contenuImg>
            <contenuImg b="156" coul="1" g="164" ordre="3" r="186" source="colorific" type="frg">#baa49c</contenuImg>
            <contenuImg b="81" coul="1" g="79" ordre="2" r="136" source="colorific" type="frg">#884f51</contenuImg>
            <contenuImg b="91" coul="1" g="95" ordre="1" r="124" source="colorific" type="frg">#7c5f5b</contenuImg>
            <fonction source="final">repro/photo</fonction>
            <tech source="final">imp photoméca</tech>
            <fonction CS="0.75" source="TensorFlow">repro/photo</fonction>
            <tech CS="1" source="md">imp photoméca</tech>
            <leg>CLICHÉ AUTOCHROME DESBOUTINS CHALE, création, Henry à la Wensée porté par Mademoiselle Yolande LAFFON du Théâtre de Paris EXPOSÉ AU SALON DU GOUT FRANÇAIS</leg>
            <txt>DEAUVILLE Place de la Potinière 3 et 5, faubourg Saint-Honoré PARIS</txt>
            <genre source="hm" time="2020-11-01T16:13:31.724+01:00">publicité</genre>
            <genre source="final">publicité</genre>
          </ill>
        </ills>
      </page>
      <page hauteurPx="5045" largeurPx="3687" ordre="3">
        <nbMot>1071</nbMot>
        <blocTexte>35</blocTexte>
        <blocTab>5</blocTab>
        <blocPub>0</blocPub>
        <blocIll ocr="1">1</blocIll>
        <ills/>
      </page>
      <page hauteurPx="5081" largeurPx="3633" ordre="4">
        <nbMot>84</nbMot>
        <blocTexte>5</blocTexte>
        <blocTab>0</blocTab>
        <blocPub>0</blocPub>
        <blocIll ocr="1">1</blocIll>
        <ills/>
      </page>
      <page hauteurPx="5065" largeurPx="3715" ordre="5">
        <nbMot>557</nbMot>
        <blocTexte>15</blocTexte>
        <blocTab>0</blocTab>
        <blocPub>0</blocPub>
        <blocIll ocr="2">2</blocIll>
        <ills/>
      </page>
      <page hauteurPx="5105" largeurPx="3665" ordre="6">
        <nbMot>324</nbMot>
        <blocTexte>11</blocTexte>
        <blocTab>0</blocTab>
        <blocPub>0</blocPub>
        <blocIll ocr="2">2</blocIll>
        <ills/>
      </page>
      <page hauteurPx="5059" largeurPx="3709" ordre="7">
        <nbMot>339</nbMot>
        <blocTexte>9</blocTexte>
        <blocTab>0</blocTab>
        <blocPub>0</blocPub>
        <blocIll ocr="2">2</blocIll>
        <ills/>
      </page>
      <page hauteurPx="5087" largeurPx="3653" ordre="8">
        <nbMot>396</nbMot>
        <blocTexte>8</blocTexte>
        <blocTab>0</blocTab>
        <blocPub>0</blocPub>
        <blocIll ocr="3">3</blocIll>
        <ills/>
      </page>
      <page hauteurPx="5089" largeurPx="3765" ordre="9">
        <nbMot>426</nbMot>
        <blocTexte>10</blocTexte>
        <blocTab>0</blocTab>
        <blocPub>0</blocPub>
        <blocIll ocr="3">3</blocIll>
        <ills/>
      </page>
      <page hauteurPx="5089" largeurPx="3617" ordre="10">
        <nbMot>267</nbMot>
        <blocTexte>7</blocTexte>
        <blocTab>0</blocTab>
        <blocPub>0</blocPub>
        <blocIll ocr="4">6</blocIll>
        <ills/>
      </page>
      <page hauteurPx="5045" largeurPx="3701" ordre="11">
        <nbMot>330</nbMot>
        <blocTexte>8</blocTexte>
        <blocTab>0</blocTab>
        <blocPub>0</blocPub>
        <blocIll ocr="2">2</blocIll>
        <ills/>
      </page>
      <page hauteurPx="5061" largeurPx="3621" ordre="12">
        <nbMot>387</nbMot>
        <blocTexte>12</blocTexte>
        <blocTab>0</blocTab>
        <blocPub>0</blocPub>
        <blocIll ocr="4">4</blocIll>
        <ills/>
      </page>
      <page hauteurPx="5049" largeurPx="3707" ordre="13">
        <nbMot>376</nbMot>
        <blocTexte>9</blocTexte>
        <blocTab>0</blocTab>
        <blocPub>0</blocPub>
        <blocIll ocr="4">4</blocIll>
        <ills/>
      </page>
      <page hauteurPx="5083" largeurPx="3625" ordre="14">
        <nbMot>265</nbMot>
        <blocTexte>9</blocTexte>
        <blocTab>0</blocTab>
        <blocPub>0</blocPub>
        <blocIll ocr="3">3</blocIll>
        <ills/>
      </page>
      <page hauteurPx="5043" largeurPx="3701" ordre="15">
        <nbMot>241</nbMot>
        <blocTexte>15</blocTexte>
        <blocTab>0</blocTab>
        <blocPub>0</blocPub>
        <blocIll ocr="3">3</blocIll>
        <ills/>
      </page>
      <page hauteurPx="5069" largeurPx="3621" ordre="16">
        <nbMot>93</nbMot>
        <blocTexte>3</blocTexte>
        <blocTab>0</blocTab>
        <blocPub>0</blocPub>
        <blocIll ocr="1">1</blocIll>
        <ills/>
      </page>
      <page hauteurPx="5053" largeurPx="3713" ordre="17">
        <nbMot>94</nbMot>
        <blocTexte>4</blocTexte>
        <blocTab>0</blocTab>
        <blocPub>0</blocPub>
        <blocIll ocr="1">1</blocIll>
        <ills/>
      </page>
      <page hauteurPx="5079" largeurPx="3635" ordre="18">
        <nbMot>90</nbMot>
        <blocTexte>4</blocTexte>
        <blocTab>0</blocTab>
        <blocPub>0</blocPub>
        <blocIll ocr="1">1</blocIll>
        <ills/>
      </page>
      <page hauteurPx="5051" largeurPx="3691" ordre="19">
        <nbMot>91</nbMot>
        <blocTexte>5</blocTexte>
        <blocTab>0</blocTab>
        <blocPub>0</blocPub>
        <blocIll ocr="1">1</blocIll>
        <ills/>
      </page>
      <page hauteurPx="5087" largeurPx="3667" ordre="20">
        <nbMot>90</nbMot>
        <blocTexte>4</blocTexte>
        <blocTab>0</blocTab>
        <blocPub>0</blocPub>
        <blocIll ocr="1">1</blocIll>
        <ills/>
      </page>
      <page hauteurPx="5085" largeurPx="3739" ordre="21">
        <nbMot>108</nbMot>
        <blocTexte>4</blocTexte>
        <blocTab>0</blocTab>
        <blocPub>0</blocPub>
        <blocIll ocr="1">1</blocIll>
        <ills/>
      </page>
      <page hauteurPx="5087" largeurPx="3669" ordre="22">
        <nbMot>96</nbMot>
        <blocTexte>4</blocTexte>
        <blocTab>0</blocTab>
        <blocPub>0</blocPub>
        <blocIll ocr="1">1</blocIll>
        <ills/>
      </page>
      <page hauteurPx="5041" largeurPx="3677" ordre="23">
        <nbMot>95</nbMot>
        <blocTexte>3</blocTexte>
        <blocTab>0</blocTab>
        <blocPub>0</blocPub>
        <blocIll ocr="1">1</blocIll>
        <ills/>
      </page>
      <page hauteurPx="5061" largeurPx="3597" ordre="24">
        <nbMot>103</nbMot>
        <blocTexte>4</blocTexte>
        <blocTab>0</blocTab>
        <blocPub>0</blocPub>
        <blocIll ocr="1">1</blocIll>
        <ills/>
      </page>
      <page hauteurPx="5037" largeurPx="3661" ordre="25">
        <nbMot>93</nbMot>
        <blocTexte>4</blocTexte>
        <blocTab>0</blocTab>
        <blocPub>0</blocPub>
        <blocIll ocr="1">1</blocIll>
        <ills/>
      </page>
      <page hauteurPx="5061" largeurPx="3597" ordre="26">
        <nbMot>96</nbMot>
        <blocTexte>4</blocTexte>
        <blocTab>0</blocTab>
        <blocPub>0</blocPub>
        <blocIll ocr="1">1</blocIll>
        <ills/>
      </page>
      <page hauteurPx="5079" largeurPx="3719" ordre="27">
        <nbMot>85</nbMot>
        <blocTexte>4</blocTexte>
        <blocTab>0</blocTab>
        <blocPub>0</blocPub>
        <blocIll ocr="1">1</blocIll>
        <ills/>
      </page>
      <page hauteurPx="5075" largeurPx="3643" ordre="28">
        <nbMot>265</nbMot>
        <blocTexte>11</blocTexte>
        <blocTab>0</blocTab>
        <blocPub>0</blocPub>
        <blocIll ocr="2">2</blocIll>
        <ills/>
      </page>
      <page hauteurPx="5045" largeurPx="3671" ordre="29">
        <nbMot>231</nbMot>
        <blocTexte>14</blocTexte>
        <blocTab>0</blocTab>
        <blocPub>0</blocPub>
        <blocIll ocr="5">5</blocIll>
        <ills/>
      </page>
      <page hauteurPx="5077" largeurPx="3645" ordre="30">
        <nbMot>288</nbMot>
        <blocTexte>10</blocTexte>
        <blocTab>0</blocTab>
        <blocPub>0</blocPub>
        <blocIll ocr="4">4</blocIll>
        <ills/>
      </page>
      <page hauteurPx="5025" largeurPx="3645" ordre="31">
        <nbMot>231</nbMot>
        <blocTexte>10</blocTexte>
        <blocTab>0</blocTab>
        <blocPub>0</blocPub>
        <blocIll ocr="4">4</blocIll>
        <ills/>
      </page>
      <page hauteurPx="5113" largeurPx="3635" ordre="32">
        <nbMot>273</nbMot>
        <blocTexte>7</blocTexte>
        <blocTab>0</blocTab>
        <blocPub>0</blocPub>
        <blocIll ocr="1">4</blocIll>
        <ills/>
      </page>
      <page hauteurPx="5069" largeurPx="3689" ordre="33">
        <nbMot>175</nbMot>
        <blocTexte>7</blocTexte>
        <blocTab>0</blocTab>
        <blocPub>0</blocPub>
        <blocIll ocr="3">3</blocIll>
        <ills/>
      </page>
      <page hauteurPx="5127" largeurPx="3719" ordre="34">
        <nbMot>807</nbMot>
        <blocTexte>27</blocTexte>
        <blocTab>0</blocTab>
        <blocPub>0</blocPub>
        <blocIll ocr="1">1</blocIll>
        <ills/>
      </page>
      <page hauteurPx="5081" largeurPx="3755" ordre="35">
        <nbMot>810</nbMot>
        <blocTexte>24</blocTexte>
        <blocTab>0</blocTab>
        <blocPub>0</blocPub>
        <blocIll ocr="1">1</blocIll>
        <ills/>
      </page>
      <page hauteurPx="5099" largeurPx="3647" ordre="36">
        <nbMot>65</nbMot>
        <blocTexte>3</blocTexte>
        <blocTab>0</blocTab>
        <blocPub>0</blocPub>
        <blocIll ocr="1">1</blocIll>
        <ills/>
      </page>
      <page hauteurPx="5067" largeurPx="3715" ordre="37">
        <nbMot>1013</nbMot>
        <blocTexte>25</blocTexte>
        <blocTab>0</blocTab>
        <blocPub>0</blocPub>
        <ills/>
        <blocIll ocr="0">1</blocIll>
      </page>
      <page hauteurPx="5141" largeurPx="3737" ordre="38">
        <nbMot>439</nbMot>
        <blocTexte>19</blocTexte>
        <blocTab>0</blocTab>
        <blocPub>0</blocPub>
        <blocIll ocr="5">5</blocIll>
        <ills/>
      </page>
      <page hauteurPx="5045" largeurPx="3653" ordre="39">
        <nbMot>321</nbMot>
        <blocTexte>10</blocTexte>
        <blocTab>0</blocTab>
        <blocPub>0</blocPub>
        <blocIll ocr="4">4</blocIll>
        <ills/>
      </page>
      <page hauteurPx="5101" largeurPx="3649" ordre="40">
        <nbMot>105</nbMot>
        <blocTexte>5</blocTexte>
        <blocTab>0</blocTab>
        <blocPub>0</blocPub>
        <blocIll ocr="2">2</blocIll>
        <ills/>
      </page>
      <page hauteurPx="5057" largeurPx="3669" ordre="41">
        <nbMot>222</nbMot>
        <blocTexte>11</blocTexte>
        <blocTab>0</blocTab>
        <blocPub>0</blocPub>
        <blocIll ocr="6">6</blocIll>
        <ills/>
      </page>
      <page hauteurPx="5161" largeurPx="3755" ordre="42">
        <nbMot>292</nbMot>
        <blocTexte>11</blocTexte>
        <blocTab>0</blocTab>
        <blocPub>0</blocPub>
        <blocIll ocr="3">3</blocIll>
        <ills/>
      </page>
      <page hauteurPx="5079" largeurPx="3701" ordre="43">
        <nbMot>234</nbMot>
        <blocTexte>6</blocTexte>
        <blocTab>0</blocTab>
        <blocPub>0</blocPub>
        <blocIll ocr="1">1</blocIll>
        <ills/>
      </page>
      <page hauteurPx="5165" largeurPx="3733" ordre="44">
        <nbMot>580</nbMot>
        <blocTexte>14</blocTexte>
        <blocTab>0</blocTab>
        <blocPub>0</blocPub>
        <blocIll ocr="4">4</blocIll>
        <ills/>
      </page>
      <page hauteurPx="5079" largeurPx="3703" ordre="45">
        <nbMot>125</nbMot>
        <blocTexte>9</blocTexte>
        <blocTab>0</blocTab>
        <blocPub>0</blocPub>
        <blocIll ocr="2">2</blocIll>
        <ills/>
      </page>
      <page hauteurPx="5091" largeurPx="3667" ordre="46">
        <nbMot>254</nbMot>
        <blocTexte>7</blocTexte>
        <blocTab>0</blocTab>
        <blocPub>0</blocPub>
        <blocIll ocr="1">2</blocIll>
        <ills/>
      </page>
      <page hauteurPx="5051" largeurPx="3665" ordre="47">
        <nbMot>242</nbMot>
        <blocTexte>6</blocTexte>
        <blocTab>0</blocTab>
        <blocPub>0</blocPub>
        <blocIll ocr="3">3</blocIll>
        <ills/>
      </page>
      <page hauteurPx="5123" largeurPx="3727" ordre="48">
        <nbMot>211</nbMot>
        <blocTexte>7</blocTexte>
        <blocTab>0</blocTab>
        <blocPub>0</blocPub>
        <blocIll ocr="1">3</blocIll>
        <ills/>
      </page>
      <page hauteurPx="5037" largeurPx="3645" ordre="49">
        <nbMot>202</nbMot>
        <blocTexte>6</blocTexte>
        <blocTab>0</blocTab>
        <blocPub>0</blocPub>
        <blocIll ocr="1">3</blocIll>
        <ills/>
      </page>
      <page hauteurPx="5029" largeurPx="3613" ordre="50">
        <nbMot>249</nbMot>
        <blocTexte>9</blocTexte>
        <blocTab>0</blocTab>
        <blocPub>0</blocPub>
        <blocIll ocr="1">5</blocIll>
        <ills/>
      </page>
      <page hauteurPx="5099" largeurPx="3727" ordre="51">
        <nbMot>54</nbMot>
        <blocTexte>3</blocTexte>
        <blocTab>0</blocTab>
        <blocPub>2</blocPub>
        <ills>
          <ill classif="CCibm CCyolo" couleur="gris" edit="1" h="3254" n="51-1" pub="1" seg="1" source="hm" time="2020-12-08T15:38:36.972+01:00" w="3266" x="211" y="298">
            <txt source="google">"trickson - ",</txt>
            <contenuImg CS="0.704" lang="fr" source="ibm">buggy</contenuImg>
            <contenuImg CS="0.709" lang="fr" source="ibm">véhicule à roues</contenuImg>
            <contenuImg CS="0.759" lang="fr" source="ibm">véhicule</contenuImg>
            <contenuImg CS="0.501" lang="fr" source="ibm">châssis</contenuImg>
            <contenuImg CS="0.501" lang="fr" source="ibm">cadre</contenuImg>
            <contenuImg CS="0.501" lang="fr" source="ibm">structure porteuse</contenuImg>
            <contenuImg CS="0.5" lang="fr" source="ibm">rouleau compresseur</contenuImg>
            <contenuImg CS="0.837" coul="1" lang="fr" source="ibm">beige</contenuImg>
            <contenuImg CS="0.807" coul="1" lang="fr" source="ibm">vert olive</contenuImg>
            <contenuImg CS="0.62" h="296" lang="fr" source="yolo" w="266" x="2186" y="1816">personne</contenuImg>
            <contenuImg CS="0.28" h="1106" lang="fr" source="yolo" w="2710" x="296" y="1720">voiture</contenuImg>
            <contenuImg CS="0.28" h="1106" lang="en" source="yolo" w="2710" x="296" y="1720">car</contenuImg>
            <contenuImg CS="0.62" h="296" lang="en" source="yolo" w="266" x="2186" y="1816">person</contenuImg>
            <contenuImg CS="0.65" h="223" lang="en" source="yolo" w="176" x="1906" y="1840">person</contenuImg>
            <contenuImg CS="0.96" h="316" lang="en" source="yolo" w="213" x="1696" y="1826">person</contenuImg>
            <contenuImg CS="0.807" coul="1" lang="en" source="ibm">olive green color</contenuImg>
            <contenuImg CS="0.837" coul="1" lang="en" source="ibm">beige color</contenuImg>
            <contenuImg CS="0.5" lang="en" source="ibm">steamroller</contenuImg>
            <contenuImg CS="0.501" lang="en" source="ibm">supporting structure</contenuImg>
            <contenuImg CS="0.501" lang="en" source="ibm">framework</contenuImg>
            <contenuImg CS="0.501" lang="en" source="ibm">chassis</contenuImg>
            <contenuImg CS="0.759" lang="en" source="ibm">vehicle</contenuImg>
            <contenuImg CS="0.709" lang="en" source="ibm">wheeled vehicle</contenuImg>
            <contenuImg CS="0.704" lang="en" source="ibm">dune buggy</contenuImg>
            <fonction source="final">repro/dessin</fonction>
            <fonction source="md">repro/dessin</fonction>
            <tech source="final">imp photoméca</tech>
            <tech source="md">imp photoméca</tech>
            <genre source="hm" time="2020-12-08T15:38:57.764+01:00">publicité</genre>
            <genre source="final">publicité</genre>
          </ill>
        </ills>
        <blocIll ocr="0">1</blocIll>
      </page>
      <page hauteurPx="5077" largeurPx="3669" ordre="52">
        <nbMot>94</nbMot>
        <blocTexte>9</blocTexte>
        <blocTab>0</blocTab>
        <blocPub>8</blocPub>
        <ills>
          <ill classif="CCibm CCyolo" couleur="gris" edit="1" h="4273" n="52-1" pub="1" seg="1" source="hm" time="2020-12-08T15:39:01.79+01:00" w="2842" x="476" y="317">
            <txt source="google">"anod - Miche - Poudre Nilde - en boite-tamis - Impalpable, adhérente, - délicieusement parfumée. - La boîte tamis permet d'ob- - tenir aisémentun teint régulier. - Elle économise la poudre et - garantit une propreté absolue. - La petite boîte plate pour le sac 2 fr. - La boite moyenne ... - 3 fr. go - La grande boîte - 6 fr. - Toutes les boites contiennent une houppe. - En vente toutes parfumeries ou envoi - franco contre mandat - NILDÉ - 51, Rue du Rocher - PARIS - ",</txt>
            <contenuImg CS="0.606" lang="fr" source="ibm">épergne</contenuImg>
            <contenuImg CS="0.524" lang="fr" source="ibm">tabouret de musique</contenuImg>
            <contenuImg CS="0.531" lang="fr" source="ibm">tabouret</contenuImg>
            <contenuImg CS="0.531" lang="fr" source="ibm">siège</contenuImg>
            <contenuImg CS="0.723" lang="fr" source="ibm">meubles</contenuImg>
            <contenuImg CS="0.5" lang="fr" source="ibm">guéridon</contenuImg>
            <contenuImg CS="0.503" lang="fr" source="ibm">table</contenuImg>
            <contenuImg CS="0.596" lang="fr" source="ibm">ustensile</contenuImg>
            <contenuImg CS="0.599" lang="fr" source="ibm">vaisselle</contenuImg>
            <contenuImg CS="0.592" lang="fr" source="ibm">lampe</contenuImg>
            <contenuImg CS="0.913" coul="1" lang="fr" source="ibm">albâtre</contenuImg>
            <contenuImg CS="0.913" coul="1" lang="fr" source="ibm">ivoire (couleur)</contenuImg>
            <contenuImg CS="0.29" h="246" lang="fr" source="yolo" w="186" x="1136" y="1223">cravate</contenuImg>
            <contenuImg CS="0.29" h="246" lang="en" source="yolo" w="186" x="1136" y="1223">tie</contenuImg>
            <contenuImg CS="0.913" coul="1" lang="en" source="ibm">ivory color</contenuImg>
            <contenuImg CS="0.913" coul="1" lang="en" source="ibm">alabaster color</contenuImg>
            <contenuImg CS="0.592" lang="en" source="ibm">lamp</contenuImg>
            <contenuImg CS="0.599" lang="en" source="ibm">tableware</contenuImg>
            <contenuImg CS="0.596" lang="en" source="ibm">utensil</contenuImg>
            <contenuImg CS="0.503" lang="en" source="ibm">table</contenuImg>
            <contenuImg CS="0.5" lang="en" source="ibm">pedestal table</contenuImg>
            <contenuImg CS="0.723" lang="en" source="ibm">furniture</contenuImg>
            <contenuImg CS="0.531" lang="en" source="ibm">seat</contenuImg>
            <contenuImg CS="0.531" lang="en" source="ibm">stool</contenuImg>
            <contenuImg CS="0.524" lang="en" source="ibm">music stool</contenuImg>
            <contenuImg CS="0.606" lang="en" source="ibm">epergne (centerpiece)</contenuImg>
            <fonction source="final">repro/dessin</fonction>
            <fonction source="md">repro/dessin</fonction>
            <tech source="final">imp photoméca</tech>
            <tech source="md">imp photoméca</tech>
            <genre source="hm" time="2020-12-08T15:39:20.311+01:00">publicité</genre>
            <genre source="final">publicité</genre>
          </ill>
        </ills>
        <blocIll ocr="0">1</blocIll>
      </page>
    </pages>
  </contenus>
</analyseAlto>