<analyseAlto>
  <metad>
    <type>R</type>
    <ID>bpt6k65426392</ID>
    <notice>cb343833568</notice>
    <titre>Vogue 1939/08</titre>
    <dateEdition>1939-08</dateEdition>
    <lang>fre</lang>
    <source>BnF</source>
    <nbPage>70</nbPage>
  </metad>
  <contenus>
    <largeur>161</largeur>
    <hauteur>213</hauteur>
    <largeurPx>3807</largeurPx>
    <hauteurPx>5053</hauteurPx>
    <pages>
      <page hauteurPx="5053" largeurPx="3807" ordre="1">
        <nbMot>267</nbMot>
        <blocTexte>13</blocTexte>
        <blocTab>0</blocTab>
        <blocPub>0</blocPub>
        <blocIll ocr="1">1</blocIll>
        <ills/>
      </page>
      <page hauteurPx="5115" largeurPx="3647" ordre="2">
        <nbMot>99</nbMot>
        <blocTexte>1</blocTexte>
        <blocTab>0</blocTab>
        <blocPub>1</blocPub>
        <blocIll ocr="0">0</blocIll>
      </page>
      <page hauteurPx="5033" largeurPx="3781" ordre="3">
        <nbMot>2</nbMot>
        <blocTexte>1</blocTexte>
        <blocTab>0</blocTab>
        <blocPub>0</blocPub>
        <blocIll ocr="1">1</blocIll>
        <ills/>
      </page>
      <page hauteurPx="5119" largeurPx="3651" ordre="4">
        <nbMot>230</nbMot>
        <blocTexte>13</blocTexte>
        <blocTab>0</blocTab>
        <blocPub>12</blocPub>
        <blocIll ocr="0">0</blocIll>
      </page>
      <page hauteurPx="5049" largeurPx="3803" ordre="5">
        <nbMot>14</nbMot>
        <blocTexte>1</blocTexte>
        <blocTab>0</blocTab>
        <blocPub>1</blocPub>
        <blocIll ocr="0">0</blocIll>
      </page>
      <page hauteurPx="5117" largeurPx="3651" ordre="6">
        <nbMot>624</nbMot>
        <blocTexte>18</blocTexte>
        <blocTab>0</blocTab>
        <blocPub>17</blocPub>
        <blocIll ocr="2">2</blocIll>
        <ills>
          <ill classif="CCibm" couleur="gris" edit="1" h="1203" n="6-1" pub="1" taille="0" w="991" x="2250" y="772">
            <contenuImg CS="0.5" lang="fr" source="ibm">joint d'articulation</contenuImg>
            <contenuImg CS="0.82" lang="fr" source="ibm">ouvre-boîte</contenuImg>
            <contenuImg CS="0.82" lang="fr" source="ibm">outil</contenuImg>
            <contenuImg CS="0.561" lang="fr" source="ibm">gant de golf</contenuImg>
            <contenuImg CS="0.5" lang="fr" source="ibm">articulation</contenuImg>
            <contenuImg CS="0.8" lang="fr" source="ibm">équipement sportif</contenuImg>
            <contenuImg CS="0.944" coul="1" lang="fr" source="ibm">gris</contenuImg>
            <contenuImg CS="0.877" coul="1" lang="fr" source="ibm">gris cendré</contenuImg>
            <contenuImg CS="0.877" coul="1" lang="en" source="ibm">ash grey color</contenuImg>
            <contenuImg CS="0.944" coul="1" lang="en" source="ibm">gray color</contenuImg>
            <contenuImg CS="0.8" lang="en" source="ibm">sports equipment</contenuImg>
            <contenuImg CS="0.5" lang="en" source="ibm">joint</contenuImg>
            <contenuImg CS="0.5" lang="en" source="ibm">knuckle joint</contenuImg>
            <contenuImg CS="0.561" lang="en" source="ibm">golf glove</contenuImg>
            <contenuImg CS="0.82" lang="en" source="ibm">tool</contenuImg>
            <contenuImg CS="0.82" lang="en" source="ibm">opener</contenuImg>
            <contenuImg CS="0.804" lang="en" source="ibm">can opener</contenuImg>
            <fonction source="final">repro/photo</fonction>
            <tech source="final">imp photoméca</tech>
            <fonction CS="0.60" source="TensorFlow">repro/photo</fonction>
            <tech CS="1" source="md">imp photoméca</tech>
            <leg>VO:;UE STUDIO Odorono présente sous une forme solide son fameux produit désodorisant dont on connaît les effets particulièrement bienfaisants au moment des chaleurs. Cette crème non grasse, d une efficacité parfaite, est extrêmement commode à emporter en voyage et vous rendra des services précieux pendant les vacances. Max Factor vient de recevoir d Amérique des faux cils dont l attache est si ténue qu il est impossible de les distinguer des vrais. Faciles à poser, parce qu ils sont en deux morceaux, ils s adaptent au bord de la paupière à l aide d un liquide spécial vendu avec la boîte de cils. Le soir on les remet dans leur boîte, sur un petit cylindre de peluche, où ils reprennent automatiquement leur courbe.</leg>
            <txt>■S BU SI» «II, POUR VBTBE BEAUTÉ j Adre.rser le présent coupon à : C. E. G. M., Service G .2 8 I 71, rue de Colombes, à Asnières (Seine) I l I NOM j I I 1 ADRESSE H H 1 L_-------------------J</txt>
            <genre source="hm" time="2020-10-31T19:50:43.088+01:00">publicité</genre>
            <genre source="final">publicité</genre>
          </ill>
          <ill classif="CCyolo CCibm" couleur="gris" h="974" n="6-2" pub="1" taille="0" w="996" x="2240" y="3940">
            <contenuImg CS="0.5" lang="fr" source="ibm">canard laqué</contenuImg>
            <contenuImg CS="0.756" lang="fr" source="ibm">musée d'histoire naturelle</contenuImg>
            <contenuImg CS="0.5" lang="fr" source="ibm">plat</contenuImg>
            <contenuImg CS="0.5" lang="fr" source="ibm">nutrition</contenuImg>
            <contenuImg CS="0.5" lang="fr" source="ibm">aliments</contenuImg>
            <contenuImg CS="0.581" lang="fr" source="ibm">produit alimentaire</contenuImg>
            <contenuImg CS="0.979" coul="1" lang="fr" source="ibm">gris</contenuImg>
            <contenuImg CS="0.979" coul="1" lang="en" source="ibm">gray color</contenuImg>
            <contenuImg CS="0.581" lang="en" source="ibm">food product</contenuImg>
            <contenuImg CS="0.5" lang="en" source="ibm">food</contenuImg>
            <contenuImg CS="0.5" lang="en" source="ibm">nutrition</contenuImg>
            <contenuImg CS="0.5" lang="en" source="ibm">dish</contenuImg>
            <contenuImg CS="0.5" lang="en" source="ibm">Peking Duck</contenuImg>
            <contenuImg CS="0.756" lang="en" source="ibm">Natural History Museum</contenuImg>
            <contenuImg CS="0.46" h="933" lang="fr" source="yolo" w="906" x="33" y="16">avion</contenuImg>
            <contenuImg CS="0.46" h="933" lang="en" source="yolo" w="906" x="33" y="16">aeroplane</contenuImg>
            <genre source="final">publicité</genre>
            <genre source="md">publicité</genre>
            <fonction source="final">repro/photo</fonction>
            <tech source="final">imp photoméca</tech>
            <fonction CS="0.57" source="TensorFlow">repro/photo</fonction>
            <tech CS="1" source="md">imp photoméca</tech>
            <txt>Le nouveau rouge que Dorothy Gray présente dans un très joli tube automatique arrive en droite ligne d Amérique. Tout en ; étant d une pâte grasse et très adoucissante pour les lèvres, il tient admirablement ; SIERRA GOLD, dont le ton chaud convient spécialement à la vie au plein air, s harmonise avec le maquillage du même nom. 5 Ilartnell, le couturier de S. M. la Reine Elizabeth, a créé  : t:tt année des parfums dont la qualité s égale au goût dont il fait preuve en matière de mode. Le COFFRET ROYAL contient trois flacons : la Peinture, la Sculpture, la Gravure, parfums nouveaux et ■ £ délicieux qui sont maintenant vendus en France.</txt>
          </ill>
        </ills>
      </page>
      <page hauteurPx="5053" largeurPx="3807" ordre="7">
        <nbMot>16</nbMot>
        <blocTexte>1</blocTexte>
        <blocTab>0</blocTab>
        <blocPub>1</blocPub>
        <blocIll ocr="0">0</blocIll>
      </page>
      <page hauteurPx="5121" largeurPx="3655" ordre="8">
        <nbMot>564</nbMot>
        <blocTexte>27</blocTexte>
        <blocTab>0</blocTab>
        <blocPub>18</blocPub>
        <blocIll ocr="5">5</blocIll>
        <ills/>
      </page>
      <page hauteurPx="5073" largeurPx="3835" ordre="9">
        <nbMot>21</nbMot>
        <blocTexte>1</blocTexte>
        <blocTab>0</blocTab>
        <blocPub>1</blocPub>
        <blocIll ocr="0">0</blocIll>
      </page>
      <page hauteurPx="5065" largeurPx="3609" ordre="10">
        <nbMot>17</nbMot>
        <blocTexte>1</blocTexte>
        <blocTab>0</blocTab>
        <blocPub>1</blocPub>
        <blocIll ocr="1">1</blocIll>
        <ills>
          <ill classif="CCyolo CCibm" couleur="coul" edit="1" h="4546" n="10-1" pub="1" taille="7" w="3517" x="35" y="46">
            <contenuImg CS="0.553" lang="fr" source="ibm">gazette</contenuImg>
            <contenuImg CS="0.595" lang="fr" source="ibm">journal</contenuImg>
            <contenuImg CS="0.595" lang="fr" source="ibm">média</contenuImg>
            <contenuImg CS="0.5" lang="fr" source="ibm">négatif</contenuImg>
            <contenuImg CS="0.508" lang="fr" source="ibm">film photographique</contenuImg>
            <contenuImg CS="0.509" lang="fr" source="ibm">matériel photographique</contenuImg>
            <contenuImg CS="0.601" lang="fr" source="ibm">presse écrite</contenuImg>
            <contenuImg CS="0.595" lang="fr" source="ibm">sport</contenuImg>
            <contenuImg CS="0.935" coul="1" lang="fr" source="ibm">violet</contenuImg>
            <contenuImg CS="0.935" coul="1" lang="en" source="ibm">purple color</contenuImg>
            <contenuImg CS="0.595" lang="en" source="ibm">sport</contenuImg>
            <contenuImg CS="0.601" lang="en" source="ibm">print media</contenuImg>
            <contenuImg CS="0.509" lang="en" source="ibm">photographic equipment</contenuImg>
            <contenuImg CS="0.508" lang="en" source="ibm">photographic film</contenuImg>
            <contenuImg CS="0.5" lang="en" source="ibm">negative</contenuImg>
            <contenuImg CS="0.595" lang="en" source="ibm">medium</contenuImg>
            <contenuImg CS="0.595" lang="en" source="ibm">newspaper</contenuImg>
            <contenuImg CS="0.553" lang="en" source="ibm">gazette</contenuImg>
            <contenuImg CS="0.38" h="4496" lang="fr" source="yolo" w="3190" x="180" y="0">vase</contenuImg>
            <contenuImg CS="0.38" h="4496" lang="en" source="yolo" w="3190" x="180" y="0">vase</contenuImg>
            <contenuImg b="255" coul="1" g="255" ordre="9" r="255" source="colorific" type="frg">#ffffff</contenuImg>
            <contenuImg b="188" coul="1" g="199" ordre="8" r="228" source="colorific" type="frg">#e4c7bc</contenuImg>
            <contenuImg b="112" coul="1" g="104" ordre="7" r="139" source="colorific" type="frg">#8b6870</contenuImg>
            <contenuImg b="103" coul="1" g="80" ordre="6" r="109" source="colorific" type="frg">#6d5067</contenuImg>
            <contenuImg b="45" coul="1" g="44" ordre="5" r="46" source="colorific" type="frg">#2e2c2d</contenuImg>
            <contenuImg b="75" coul="1" g="69" ordre="4" r="77" source="colorific" type="frg">#4d454b</contenuImg>
            <contenuImg b="150" coul="1" g="123" ordre="3" r="113" source="colorific" type="frg">#717b96</contenuImg>
            <contenuImg b="161" coul="1" g="159" ordre="2" r="180" source="colorific" type="frg">#b49fa1</contenuImg>
            <contenuImg b="161" coul="1" g="147" ordre="1" r="156" source="colorific" type="frg">#9c93a1</contenuImg>
            <genre source="final">publicité</genre>
            <genre source="md">publicité</genre>
            <fonction source="final">repro/dessin</fonction>
            <tech source="final">imp photoméca</tech>
            <fonction CS="0.74" source="TensorFlow">repro/dessin</fonction>
            <tech CS="1" source="md">imp photoméca</tech>
            <leg>1 a mS* m » a mi. * » ft Ô  1 ((  ft Q (Il !</leg>
          </ill>
        </ills>
      </page>
      <page hauteurPx="5033" largeurPx="3781" ordre="11">
        <nbMot>382</nbMot>
        <blocTexte>11</blocTexte>
        <blocTab>0</blocTab>
        <blocPub>11</blocPub>
        <blocIll ocr="0">0</blocIll>
      </page>
      <page hauteurPx="5123" largeurPx="3689" ordre="12">
        <nbMot>19</nbMot>
        <blocTexte>2</blocTexte>
        <blocTab>0</blocTab>
        <blocPub>1</blocPub>
        <blocIll ocr="1">1</blocIll>
        <ills>
          <ill classif="CCyolo CCibm" couleur="coul" edit="1" h="3447" n="12-1" pub="1" taille="4" w="3004" x="451" y="295">
            <contenuImg CS="0.679" lang="fr" source="ibm">gourou</contenuImg>
            <contenuImg CS="0.818" coul="1" lang="fr" source="ibm">rouge châtain</contenuImg>
            <contenuImg CS="0.748" lang="fr" source="ibm">personne</contenuImg>
            <contenuImg CS="0.519" lang="fr" source="ibm">bonnet de bain</contenuImg>
            <contenuImg CS="0.521" lang="fr" source="ibm">casquette</contenuImg>
            <contenuImg CS="0.633" lang="fr" source="ibm">coiffure</contenuImg>
            <contenuImg CS="0.506" lang="fr" source="ibm">turban</contenuImg>
            <contenuImg CS="0.5" lang="fr" source="ibm">religieux</contenuImg>
            <contenuImg CS="0.917" coul="1" lang="fr" source="ibm">rouge alizarine</contenuImg>
            <contenuImg CS="0.818" coul="1" lang="en" source="ibm">chestnut red color</contenuImg>
            <contenuImg CS="0.917" coul="1" lang="en" source="ibm">alizarine red color</contenuImg>
            <contenuImg CS="0.5" lang="en" source="ibm">religion related</contenuImg>
            <contenuImg CS="0.506" lang="en" source="ibm">turban</contenuImg>
            <contenuImg CS="0.633" lang="en" source="ibm">headdress</contenuImg>
            <contenuImg CS="0.521" lang="en" source="ibm">cap</contenuImg>
            <contenuImg CS="0.519" lang="en" source="ibm">bathing cap</contenuImg>
            <contenuImg CS="0.748" lang="en" source="ibm">person</contenuImg>
            <contenuImg CS="0.679" lang="en" source="ibm">guru</contenuImg>
            <contenuImg CS="0.82" h="386" lang="fr" source="yolo" w="330" x="1740" y="2276">brosse à dents</contenuImg>
            <contenuImg CS="0.57" h="2770" lang="fr" source="yolo" w="1656" x="1333" y="700">personne</contenuImg>
            <contenuImg CS="0.57" h="2770" lang="en" source="yolo" w="1656" x="1333" y="700">person</contenuImg>
            <contenuImg CS="0.82" h="386" lang="en" source="yolo" w="330" x="1740" y="2276">toothbrush</contenuImg>
            <contenuImg b="127" coul="1" g="191" ordre="9" r="222" source="colorific" type="frg">#debf7f</contenuImg>
            <contenuImg b="255" coul="1" g="255" ordre="8" r="255" source="colorific" type="frg">#ffffff</contenuImg>
            <contenuImg b="38" coul="1" g="38" ordre="7" r="38" source="colorific" type="frg">#262626</contenuImg>
            <contenuImg b="107" coul="1" g="135" ordre="6" r="190" source="colorific" type="frg">#be876b</contenuImg>
            <contenuImg b="71" coul="1" g="190" ordre="5" r="218" source="colorific" type="frg">#dabe47</contenuImg>
            <contenuImg b="170" coul="1" g="191" ordre="4" r="214" source="colorific" type="frg">#d6bfaa</contenuImg>
            <contenuImg b="55" coul="1" g="50" ordre="3" r="100" source="colorific" type="frg">#643237</contenuImg>
            <contenuImg b="59" coul="1" g="82" ordre="2" r="169" source="colorific" type="frg">#a9523b</contenuImg>
            <contenuImg b="68" coul="1" g="67" ordre="1" r="186" source="colorific" type="frg">#ba4344</contenuImg>
            <genre source="final">publicité</genre>
            <genre source="md">publicité</genre>
            <fonction source="final">repro/dessin</fonction>
            <tech source="final">imp photoméca</tech>
            <fonction CS="0.71" source="TensorFlow">repro/dessin</fonction>
            <tech CS="1" source="md">imp photoméca</tech>
            <leg>CIGAR ETTES 0-..: p 1 •uj P.CJWj U DAMORTISSEMENT ROGER DACOSTA ÉDITEUR. 6 RUE DE CÉRISOLES. PARIS</leg>
            <txt>10 VOGUE 10 VOGUE</txt>
          </ill>
        </ills>
      </page>
      <page hauteurPx="5063" largeurPx="3821" ordre="13">
        <nbMot>115</nbMot>
        <blocTexte>2</blocTexte>
        <blocTab>0</blocTab>
        <blocPub>2</blocPub>
        <blocIll ocr="0">0</blocIll>
      </page>
      <page hauteurPx="5111" largeurPx="3639" ordre="14">
        <nbMot>0</nbMot>
        <blocTexte>0</blocTexte>
        <blocTab>0</blocTab>
        <blocPub>0</blocPub>
        <blocIll ocr="1">1</blocIll>
        <ills/>
      </page>
      <page hauteurPx="5045" largeurPx="3797" ordre="15">
        <nbMot>448</nbMot>
        <blocTexte>11</blocTexte>
        <blocTab>0</blocTab>
        <blocPub>0</blocPub>
        <blocIll ocr="1">1</blocIll>
        <ills/>
      </page>
      <page hauteurPx="5125" largeurPx="3661" ordre="16">
        <nbMot>45</nbMot>
        <blocTexte>2</blocTexte>
        <blocTab>0</blocTab>
        <blocPub>0</blocPub>
        <blocIll ocr="1">1</blocIll>
        <ills/>
      </page>
      <page hauteurPx="5077" largeurPx="3839" ordre="17">
        <nbMot>44</nbMot>
        <blocTexte>2</blocTexte>
        <blocTab>0</blocTab>
        <blocPub>0</blocPub>
        <blocIll ocr="1">1</blocIll>
        <ills/>
      </page>
      <page hauteurPx="5113" largeurPx="3627" ordre="18">
        <nbMot>17</nbMot>
        <blocTexte>2</blocTexte>
        <blocTab>0</blocTab>
        <blocPub>0</blocPub>
        <blocIll ocr="1">1</blocIll>
        <ills/>
      </page>
      <page hauteurPx="5059" largeurPx="3815" ordre="19">
        <nbMot>110</nbMot>
        <blocTexte>5</blocTexte>
        <blocTab>0</blocTab>
        <blocPub>0</blocPub>
        <blocIll ocr="1">1</blocIll>
        <ills/>
      </page>
      <page hauteurPx="5113" largeurPx="3627" ordre="20">
        <nbMot>25</nbMot>
        <blocTexte>5</blocTexte>
        <blocTab>0</blocTab>
        <blocPub>4</blocPub>
        <blocIll ocr="0">0</blocIll>
      </page>
      <page hauteurPx="5075" largeurPx="3837" ordre="21">
        <nbMot>76</nbMot>
        <blocTexte>5</blocTexte>
        <blocTab>0</blocTab>
        <blocPub>4</blocPub>
        <blocIll ocr="0">0</blocIll>
      </page>
      <page hauteurPx="5113" largeurPx="3627" ordre="22">
        <nbMot>23</nbMot>
        <blocTexte>6</blocTexte>
        <blocTab>0</blocTab>
        <blocPub>0</blocPub>
        <blocIll ocr="1">1</blocIll>
        <ills/>
      </page>
      <page hauteurPx="5141" largeurPx="3825" ordre="23">
        <nbMot>186</nbMot>
        <blocTexte>8</blocTexte>
        <blocTab>0</blocTab>
        <blocPub>7</blocPub>
        <blocIll ocr="0">0</blocIll>
      </page>
      <page hauteurPx="5089" largeurPx="3593" ordre="24">
        <nbMot>369</nbMot>
        <blocTexte>10</blocTexte>
        <blocTab>0</blocTab>
        <blocPub>0</blocPub>
        <blocIll ocr="1">1</blocIll>
        <ills/>
      </page>
      <page hauteurPx="5159" largeurPx="3849" ordre="25">
        <nbMot>384</nbMot>
        <blocTexte>11</blocTexte>
        <blocTab>0</blocTab>
        <blocPub>0</blocPub>
        <blocIll ocr="1">1</blocIll>
        <ills/>
      </page>
      <page hauteurPx="5139" largeurPx="3663" ordre="26">
        <nbMot>47</nbMot>
        <blocTexte>5</blocTexte>
        <blocTab>0</blocTab>
        <blocPub>5</blocPub>
        <blocIll ocr="0">0</blocIll>
      </page>
      <page hauteurPx="5135" largeurPx="3815" ordre="27">
        <nbMot>154</nbMot>
        <blocTexte>9</blocTexte>
        <blocTab>0</blocTab>
        <blocPub>0</blocPub>
        <blocIll ocr="1">1</blocIll>
        <ills/>
      </page>
      <page hauteurPx="5123" largeurPx="3641" ordre="28">
        <nbMot>155</nbMot>
        <blocTexte>5</blocTexte>
        <blocTab>0</blocTab>
        <blocPub>0</blocPub>
        <blocIll ocr="1">1</blocIll>
        <ills/>
      </page>
      <page hauteurPx="5143" largeurPx="3793" ordre="29">
        <nbMot>109</nbMot>
        <blocTexte>7</blocTexte>
        <blocTab>0</blocTab>
        <blocPub>7</blocPub>
        <blocIll ocr="0">0</blocIll>
      </page>
      <page hauteurPx="5123" largeurPx="3641" ordre="30">
        <nbMot>0</nbMot>
        <blocTexte>0</blocTexte>
        <blocTab>0</blocTab>
        <blocPub>0</blocPub>
        <blocIll ocr="1">1</blocIll>
        <ills/>
      </page>
      <page hauteurPx="5165" largeurPx="3821" ordre="31">
        <nbMot>282</nbMot>
        <blocTexte>10</blocTexte>
        <blocTab>0</blocTab>
        <blocPub>0</blocPub>
        <blocIll ocr="1">1</blocIll>
        <ills/>
      </page>
      <page hauteurPx="5123" largeurPx="3641" ordre="32">
        <nbMot>0</nbMot>
        <blocTexte>0</blocTexte>
        <blocTab>0</blocTab>
        <blocPub>0</blocPub>
        <blocIll ocr="1">1</blocIll>
        <ills/>
      </page>
      <page hauteurPx="5161" largeurPx="3817" ordre="33">
        <nbMot>0</nbMot>
        <blocTexte>0</blocTexte>
        <blocTab>0</blocTab>
        <blocPub>0</blocPub>
        <blocIll ocr="1">1</blocIll>
        <ills/>
      </page>
      <page hauteurPx="5089" largeurPx="3593" ordre="34">
        <nbMot>461</nbMot>
        <blocTexte>22</blocTexte>
        <blocTab>0</blocTab>
        <blocPub>22</blocPub>
        <blocIll ocr="4">4</blocIll>
        <ills>
          <ill classif="CCyolo CCibm" couleur="gris" h="1196" n="34-4" pub="1" taille="0" w="1077" x="2448" y="3738">
            <contenuImg CS="0.5" lang="fr" source="ibm">équipement de basket-ball</contenuImg>
            <contenuImg CS="0.769" lang="fr" source="ibm">panier de basquet</contenuImg>
            <contenuImg CS="0.769" lang="fr" source="ibm">support</contenuImg>
            <contenuImg CS="0.621" lang="fr" source="ibm">terrain de basketball</contenuImg>
            <contenuImg CS="0.593" lang="fr" source="ibm">basketball</contenuImg>
            <contenuImg CS="0.984" coul="1" lang="fr" source="ibm">gris</contenuImg>
            <contenuImg CS="0.984" coul="1" lang="en" source="ibm">gray color</contenuImg>
            <contenuImg CS="0.5" lang="en" source="ibm">basketball equipment</contenuImg>
            <contenuImg CS="0.593" lang="en" source="ibm">basketball</contenuImg>
            <contenuImg CS="0.621" lang="en" source="ibm">basketball court</contenuImg>
            <contenuImg CS="0.769" lang="en" source="ibm">support</contenuImg>
            <contenuImg CS="0.769" lang="en" source="ibm">backboard</contenuImg>
            <contenuImg y="1" CS="0.48" h="1190" lang="fr" source="yolo" w="1060" x="13">gâteau</contenuImg>
            <contenuImg y="1" CS="0.48" h="1190" lang="en" source="yolo" w="1060" x="13">cake</contenuImg>
            <genre source="final">publicité</genre>
            <genre source="md">publicité</genre>
            <fonction source="final">repro/dessin</fonction>
            <tech source="final">imp photoméca</tech>
            <fonction CS="0.53" source="TensorFlow">repro/dessin</fonction>
            <tech CS="1" source="md">imp photoméca</tech>
            <txt>32 Les tapisseries reproduites sur ces pages ont été exécutées en laines anti-mites et couleurs grand teint, par les soins de Mlle Domer et de Mme Monnier-Brécard. Sur demande Vogue se chargera de fournir ces tapisseries dessinées et échantillonnées, avec les fournitures de laines. Écrire à Vogue, 67, avenue des Champs-Élysées, Paris.</txt>
          </ill>
        </ills>
      </page>
      <page hauteurPx="5167" largeurPx="3825" ordre="35">
        <nbMot>0</nbMot>
        <blocTexte>0</blocTexte>
        <blocTab>0</blocTab>
        <blocPub>0</blocPub>
        <blocIll ocr="1">1</blocIll>
        <ills/>
      </page>
      <page hauteurPx="5089" largeurPx="3593" ordre="36">
        <nbMot>12</nbMot>
        <blocTexte>1</blocTexte>
        <blocTab>0</blocTab>
        <blocPub>0</blocPub>
        <blocIll ocr="1">1</blocIll>
        <ills/>
      </page>
      <page hauteurPx="5169" largeurPx="3845" ordre="37">
        <nbMot>19</nbMot>
        <blocTexte>2</blocTexte>
        <blocTab>0</blocTab>
        <blocPub>0</blocPub>
        <blocIll ocr="1">1</blocIll>
        <ills/>
      </page>
      <page hauteurPx="5103" largeurPx="3613" ordre="38">
        <nbMot>131</nbMot>
        <blocTexte>6</blocTexte>
        <blocTab>0</blocTab>
        <blocPub>0</blocPub>
        <blocIll ocr="1">1</blocIll>
        <ills/>
      </page>
      <page hauteurPx="5149" largeurPx="3847" ordre="39">
        <nbMot>1</nbMot>
        <blocTexte>1</blocTexte>
        <blocTab>0</blocTab>
        <blocPub>0</blocPub>
        <blocIll ocr="1">1</blocIll>
        <ills/>
      </page>
      <page hauteurPx="5133" largeurPx="3653" ordre="40">
        <nbMot>651</nbMot>
        <blocTexte>21</blocTexte>
        <blocTab>0</blocTab>
        <blocPub>0</blocPub>
        <blocIll ocr="0">0</blocIll>
      </page>
      <page hauteurPx="5149" largeurPx="3847" ordre="41">
        <nbMot>56</nbMot>
        <blocTexte>5</blocTexte>
        <blocTab>0</blocTab>
        <blocPub>0</blocPub>
        <blocIll ocr="1">1</blocIll>
        <ills/>
      </page>
      <page hauteurPx="5089" largeurPx="3593" ordre="42">
        <nbMot>114</nbMot>
        <blocTexte>14</blocTexte>
        <blocTab>0</blocTab>
        <blocPub>0</blocPub>
        <blocIll ocr="1">1</blocIll>
        <ills/>
      </page>
      <page hauteurPx="5125" largeurPx="3803" ordre="43">
        <nbMot>101</nbMot>
        <blocTexte>11</blocTexte>
        <blocTab>0</blocTab>
        <blocPub>0</blocPub>
        <blocIll ocr="1">1</blocIll>
        <ills/>
      </page>
      <page hauteurPx="5101" largeurPx="3611" ordre="44">
        <nbMot>102</nbMot>
        <blocTexte>10</blocTexte>
        <blocTab>0</blocTab>
        <blocPub>0</blocPub>
        <blocIll ocr="1">1</blocIll>
        <ills/>
      </page>
      <page hauteurPx="5137" largeurPx="3819" ordre="45">
        <nbMot>100</nbMot>
        <blocTexte>13</blocTexte>
        <blocTab>0</blocTab>
        <blocPub>0</blocPub>
        <blocIll ocr="1">1</blocIll>
        <ills/>
      </page>
      <page hauteurPx="5109" largeurPx="3623" ordre="46">
        <nbMot>7</nbMot>
        <blocTexte>1</blocTexte>
        <blocTab>0</blocTab>
        <blocPub>0</blocPub>
        <blocIll ocr="1">1</blocIll>
        <ills/>
      </page>
      <page hauteurPx="5163" largeurPx="3855" ordre="47">
        <nbMot>159</nbMot>
        <blocTexte>9</blocTexte>
        <blocTab>0</blocTab>
        <blocPub>0</blocPub>
        <blocIll ocr="1">1</blocIll>
        <ills/>
      </page>
      <page hauteurPx="5125" largeurPx="3645" ordre="48">
        <nbMot>236</nbMot>
        <blocTexte>10</blocTexte>
        <blocTab>0</blocTab>
        <blocPub>0</blocPub>
        <blocIll ocr="1">1</blocIll>
        <ills/>
      </page>
      <page hauteurPx="5181" largeurPx="3879" ordre="49">
        <nbMot>0</nbMot>
        <blocTexte>0</blocTexte>
        <blocTab>0</blocTab>
        <blocPub>0</blocPub>
        <blocIll ocr="1">1</blocIll>
        <ills/>
      </page>
      <page hauteurPx="5089" largeurPx="3593" ordre="50">
        <nbMot>114</nbMot>
        <blocTexte>7</blocTexte>
        <blocTab>0</blocTab>
        <blocPub>0</blocPub>
        <blocIll ocr="1">1</blocIll>
        <ills/>
      </page>
      <page hauteurPx="5147" largeurPx="3831" ordre="51">
        <nbMot>9</nbMot>
        <blocTexte>5</blocTexte>
        <blocTab>0</blocTab>
        <blocPub>0</blocPub>
        <blocIll ocr="1">1</blocIll>
        <ills/>
      </page>
      <page hauteurPx="5121" largeurPx="3605" ordre="52">
        <nbMot>226</nbMot>
        <blocTexte>4</blocTexte>
        <blocTab>0</blocTab>
        <blocPub>0</blocPub>
        <blocIll ocr="2">2</blocIll>
        <ills/>
      </page>
      <page hauteurPx="5163" largeurPx="3855" ordre="53">
        <nbMot>41</nbMot>
        <blocTexte>5</blocTexte>
        <blocTab>0</blocTab>
        <blocPub>0</blocPub>
        <blocIll ocr="1">1</blocIll>
        <ills/>
      </page>
      <page hauteurPx="5085" largeurPx="3553" ordre="54">
        <nbMot>360</nbMot>
        <blocTexte>5</blocTexte>
        <blocTab>0</blocTab>
        <blocPub>0</blocPub>
        <blocIll ocr="1">1</blocIll>
        <ills/>
      </page>
      <page hauteurPx="5147" largeurPx="3827" ordre="55">
        <nbMot>723</nbMot>
        <blocTexte>13</blocTexte>
        <blocTab>0</blocTab>
        <blocPub>0</blocPub>
        <blocIll ocr="1">1</blocIll>
        <ills/>
      </page>
      <page hauteurPx="5085" largeurPx="3553" ordre="56">
        <nbMot>0</nbMot>
        <blocTexte>0</blocTexte>
        <blocTab>0</blocTab>
        <blocPub>0</blocPub>
        <blocIll ocr="1">1</blocIll>
        <ills/>
      </page>
      <page hauteurPx="5175" largeurPx="3865" ordre="57">
        <nbMot>189</nbMot>
        <blocTexte>4</blocTexte>
        <blocTab>0</blocTab>
        <blocPub>4</blocPub>
        <blocIll ocr="0">0</blocIll>
      </page>
      <page hauteurPx="5085" largeurPx="3553" ordre="58">
        <nbMot>209</nbMot>
        <blocTexte>7</blocTexte>
        <blocTab>0</blocTab>
        <blocPub>7</blocPub>
        <blocIll ocr="0">0</blocIll>
      </page>
      <page hauteurPx="5177" largeurPx="3867" ordre="59">
        <nbMot>15</nbMot>
        <blocTexte>1</blocTexte>
        <blocTab>0</blocTab>
        <blocPub>1</blocPub>
        <blocIll ocr="0">0</blocIll>
      </page>
      <page hauteurPx="5085" largeurPx="3553" ordre="60">
        <nbMot>4</nbMot>
        <blocTexte>1</blocTexte>
        <blocTab>0</blocTab>
        <blocPub>0</blocPub>
        <blocIll ocr="1">1</blocIll>
        <ills/>
      </page>
      <page hauteurPx="5227" largeurPx="3935" ordre="61">
        <nbMot>7</nbMot>
        <blocTexte>1</blocTexte>
        <blocTab>0</blocTab>
        <blocPub>1</blocPub>
        <blocIll ocr="0">0</blocIll>
      </page>
      <page hauteurPx="5109" largeurPx="3587" ordre="62">
        <nbMot>20</nbMot>
        <blocTexte>3</blocTexte>
        <blocTab>0</blocTab>
        <blocPub>3</blocPub>
        <blocIll ocr="0">0</blocIll>
      </page>
      <page hauteurPx="5189" largeurPx="3883" ordre="63">
        <nbMot>2</nbMot>
        <blocTexte>1</blocTexte>
        <blocTab>0</blocTab>
        <blocPub>1</blocPub>
        <blocIll ocr="0">0</blocIll>
      </page>
      <page hauteurPx="5099" largeurPx="3571" ordre="64">
        <nbMot>9</nbMot>
        <blocTexte>1</blocTexte>
        <blocTab>0</blocTab>
        <blocPub>0</blocPub>
        <blocIll ocr="1">1</blocIll>
        <ills/>
      </page>
      <page hauteurPx="5199" largeurPx="3953" ordre="65">
        <nbMot>39</nbMot>
        <blocTexte>2</blocTexte>
        <blocTab>0</blocTab>
        <blocPub>2</blocPub>
        <blocIll ocr="0">0</blocIll>
      </page>
      <page hauteurPx="5107" largeurPx="3783" ordre="66">
        <nbMot>22</nbMot>
        <blocTexte>1</blocTexte>
        <blocTab>0</blocTab>
        <blocPub>1</blocPub>
        <blocIll ocr="0">0</blocIll>
      </page>
      <page hauteurPx="5187" largeurPx="3923" ordre="67">
        <nbMot>182</nbMot>
        <blocTexte>4</blocTexte>
        <blocTab>0</blocTab>
        <blocPub>4</blocPub>
        <blocIll ocr="0">0</blocIll>
      </page>
      <page hauteurPx="5137" largeurPx="3825" ordre="68">
        <nbMot>1068</nbMot>
        <blocTexte>34</blocTexte>
        <blocTab>0</blocTab>
        <blocPub>8</blocPub>
        <blocIll ocr="0">0</blocIll>
      </page>
      <page hauteurPx="5197" largeurPx="3937" ordre="69">
        <nbMot>64</nbMot>
        <blocTexte>3</blocTexte>
        <blocTab>0</blocTab>
        <blocPub>2</blocPub>
        <blocIll ocr="0">0</blocIll>
      </page>
      <page hauteurPx="5113" largeurPx="3791" ordre="70">
        <nbMot>1431</nbMot>
        <blocTexte>37</blocTexte>
        <blocTab>0</blocTab>
        <blocPub>9</blocPub>
        <blocIll ocr="0">0</blocIll>
      </page>
    </pages>
  </contenus>
</analyseAlto>