<doc>
  <metad>
    <type>P</type>
    <ID>bpt6k596386s</ID>
    <titre>La Presse</titre>
    <dateEdition>1910-05-14</dateEdition>
    <nbPage>4</nbPage>
    <suppl>FALSE</suppl>
  </metad>
  <contenus>
    <largeur>435</largeur>
    <hauteur>584</hauteur>
    <pages>
      <page ordre="1">
        <nbMot>815</nbMot>
        <blocTexte>46</blocTexte>
        <blocTab>0</blocTab>
        <blocPub>0</blocPub>
        <blocIllustration>7</blocIllustration>
        <ills/>
      </page>
      <page ordre="2">
        <nbMot>1008</nbMot>
        <blocTexte>37</blocTexte>
        <blocTab>0</blocTab>
        <blocPub>0</blocPub>
        <blocIllustration>1</blocIllustration>
        <ills/>
      </page>
      <page ordre="3">
        <nbMot>969</nbMot>
        <blocTexte>124</blocTexte>
        <blocTab>0</blocTab>
        <blocPub>0</blocPub>
        <blocIllustration>1</blocIllustration>
        <ills/>
      </page>
      <page ordre="4">
        <nbMot>1544</nbMot>
        <blocTexte>434</blocTexte>
        <blocTab>0</blocTab>
        <blocPub>0</blocPub>
        <blocIllustration>13</blocIllustration>
        <ills>
          <ill couleur="gris" derniere="true" edit="1" h="428" n="4-9" pub="1" taille="0" w="593" x="2615" y="4328">
            <leg>FABRIQUE DE LITS ET SOIVÏfftfgilS</leg>
            <index>FABRIQUE DE LITS ET SOIVÏfftfgilS1 1</index>
            <genre source="hm" time="2019-09-29T13:28:22.15+02:00">publicite</genre>
            <genre source="final">publicite</genre>
          </ill>
        </ills>
      </page>
    </pages>
  </contenus>
</doc>