<analyseAlto>
  <metad>
    <type>P</type>
    <ID>bpt6k597791r</ID>
    <titre>La Presse</titre>
    <dateEdition>1914-03-23</dateEdition>
    <nbPage>4</nbPage>
    <suppl>FALSE</suppl>
  </metad>
  <contenus>
    <largeur>435</largeur>
    <hauteur>584</hauteur>
    <pages>
      <page ordre="1">
        <nbMot>748</nbMot>
        <blocTexte>55</blocTexte>
        <blocTab>0</blocTab>
        <blocPub>0</blocPub>
        <blocIllustration>9</blocIllustration>
        <ills/>
      </page>
      <page ordre="2">
        <nbMot>998</nbMot>
        <blocTexte>38</blocTexte>
        <blocTab>0</blocTab>
        <blocPub>0</blocPub>
        <blocIllustration>4</blocIllustration>
        <ills/>
      </page>
      <page ordre="3">
        <nbMot>1008</nbMot>
        <blocTexte>40</blocTexte>
        <blocTab>0</blocTab>
        <blocPub>0</blocPub>
        <blocIllustration>2</blocIllustration>
        <ills/>
      </page>
      <page ordre="4">
        <nbMot>1034</nbMot>
        <blocTexte>212</blocTexte>
        <blocTab>0</blocTab>
        <blocPub>0</blocPub>
        <blocIllustration>16</blocIllustration>
        <ills>
          <ill couleur="gris" derniere="true" edit="1" h="574" n="4-15" pub="1" taille="0" w="371" x="1812" y="4075">
            <txt>L'ouvrier atteint de douleurs bénit le Kephaldol Outarville. 19-1-19W. Monsieur, Je vous dirai que je suis bien content au Kephaldol. Etant arrêté par les douleurs de puis une quinzaine de jours, quelqu'un m a conseillé ce remède. A la première boite, il y avait déjà de l'amélioration ; à la troisième, j'étais guéri ; aussi je veux toujours en avoir a la maison. Votre reconnaissant, Videau-Fobcher, couvreur, à Ouiarville [Loiret), Les douleurs, qu'elles soient dé nature rhu matismale ou névralgique, sont bien gènan-. tes pour tous ceux qui en soufirenv e.t parti culièrement pour l'ouvrier qu'elles réduis-eni au chômage. Heiua'eusemenit que le Kephaldol est là maintenant, et qu'il ne se contente pas d'agi.r « à peu près » : il soulage immédiate ment et 'guérit en quelques jours. La rapKii.a de certains résultats, observés maintes tois, tient même du. prodige. De plus son usage est complètement sans, danger pour l organis me. On 1-e trouive dans'toutes les pharmacies, le tube 4 fr. 30. . \ Envoi franco par J. Ratié, pharmacien,  ïj, rue de l'Echiquier, Paris. Pour se 1 retirer des affaires. On cède bonne: IMPRIMERIE-LIBRAIRIE de jolie vilie Ouest-, tenue 40 ans. Bénéf. net 10.000 f. Px 30.000 lr.. I MP RIMERIE DE LA PRESSE FRAîiÇMâa' L éon C ouchqi . 144, vue Montmartre, ; ■ —= cooe'aai.</txt>
            <index>L'ouvrier atteint de douleurs bénit le Kephaldol Outarville. 19-1-19W. Monsieur, Je vous dirai que je suis bien content au Kephaldol. Etant arrêté par les douleurs de puis une quinzaine de jours, quelqu'un m a conseillé ce remède. A la première boite, il y avait déjà de l'amélioration ; à la troisième, j'étais guéri ; aussi je veux toujours en avoir a la maison. Votre reconnaissant, Videau-Fobcher, couvreur, à Ouiarville [Loiret), Les douleurs, qu'elles soient dé nature rhu matismale ou névralgique, sont bien gènan-. tes pour tous ceux qui en soufirenv e.t parti culièrement pour l'ouvrier qu'elles réduis-eni au chômage. Heiua'eusemenit que le Kephaldol est là maintenant, et qu'il ne se contente pas d'agi.r « à peu près » : il soulage immédiate ment et 'guérit en quelques jours. La rapKii.a de certains résultats, observés maintes tois, tient même du. prodige. De plus son usage est complètement sans, danger pour l organis me. On 1-e trouive dans'toutes les pharmacies, le tube 4 fr. 30. . \ Envoi franco par J. Ratié, pharmacien,  ïj, rue de l'Echiquier, Paris. Pour se 1 retirer des affaires. On cède bonne: IMPRIMERIE-LIBRAIRIE de jolie vilie Ouest-, tenue 40 ans. Bénéf. net 10.000 f. Px 30.000 lr.. I MP RIMERIE DE LA PRESSE FRAîiÇMâa' L éon C ouchqi . 144, vue Montmartre, ; ■ —= cooe'aai.</index>
            <genre source="hm" time="2019-09-29T13:35:44.361+02:00">publicite</genre>
            <genre source="final">publicite</genre>
          </ill>
        </ills>
      </page>
    </pages>
  </contenus>
</analyseAlto>