<analyseAlto>
  <metad>
    <type>P</type>
    <ID>bpt6k597255b</ID>
    <titre>La Presse</titre>
    <dateEdition>1912-09-30</dateEdition>
    <nbPage>4</nbPage>
    <suppl>FALSE</suppl>
  </metad>
  <contenus>
    <largeur>434</largeur>
    <hauteur>584</hauteur>
    <pages>
      <page ordre="1">
        <nbMot>783</nbMot>
        <blocTexte>56</blocTexte>
        <blocTab>0</blocTab>
        <blocPub>0</blocPub>
        <blocIllustration>8</blocIllustration>
        <ills/>
      </page>
      <page ordre="2">
        <nbMot>1026</nbMot>
        <blocTexte>41</blocTexte>
        <blocTab>0</blocTab>
        <blocPub>0</blocPub>
        <blocIllustration>2</blocIllustration>
        <ills/>
      </page>
      <page ordre="3">
        <nbMot>805</nbMot>
        <blocTexte>59</blocTexte>
        <blocTab>0</blocTab>
        <blocPub>0</blocPub>
        <blocIllustration>26</blocIllustration>
        <ills>
          <ill couleur="gris" edit="1" h="452" n="3-12" pub="1" taille="0" w="725" x="1034" y="3605">
            <leg>Louis XVI, acajou et bronze, compose de : ï bibliothèque tasse, .3 portes grillagées» 1 bureau a caisse avec tirettes, 1 fauteuil do bureau canne. ^9 SS Prix. O a fv. Classeurs assortis, depuis... 59 fr.</leg>
            <txt>ÛMâiBU I SUSO se. de : 1 armoire à giace a une doi Nous Remettons en vente que des meuble$ de premier choix et de fabrication garantie Les meubles qui ne denneraient pas entière satisfaction seraient immédiatement échangés.</txt>
            <index>Louis XVI, acajou et bronze, compose de : ï bibliothèque tasse, .3 portes grillagées» 1 bureau a caisse avec tirettes, 1 fauteuil do bureau canne. ^9 SS Prix. O a fv. Classeurs assortis, depuis... 59 fr.ÛMâiBU I SUSO se. de : 1 armoire à giace a une doi Nous Remettons en vente que des meuble$ de premier choix et de fabrication garantie Les meubles qui ne denneraient pas entière satisfaction seraient immédiatement échangés.</index>
            <genre source="hm" time="2019-09-29T13:31:17.027+02:00">publicite</genre>
            <genre source="final">publicite</genre>
          </ill>
        </ills>
      </page>
      <page ordre="4">
        <nbMot>1000</nbMot>
        <blocTexte>133</blocTexte>
        <blocTab>0</blocTab>
        <blocPub>0</blocPub>
        <blocIllustration>9</blocIllustration>
        <ills/>
      </page>
    </pages>
  </contenus>
</analyseAlto>