<doc>
  <metad>
    <type>P</type>
    <ID>bpt6k5977882</ID>
    <titre>La Presse</titre>
    <dateEdition>1914-03-20</dateEdition>
    <nbPage>4</nbPage>
    <suppl>FALSE</suppl>
  </metad>
  <contenus>
    <largeur>434</largeur>
    <hauteur>583</hauteur>
    <pages>
      <page ordre="1">
        <nbMot>720</nbMot>
        <blocTexte>46</blocTexte>
        <blocTab>0</blocTab>
        <blocPub>0</blocPub>
        <blocIllustration>13</blocIllustration>
        <ills/>
      </page>
      <page ordre="2">
        <nbMot>988</nbMot>
        <blocTexte>54</blocTexte>
        <blocTab>0</blocTab>
        <blocPub>0</blocPub>
        <blocIllustration>7</blocIllustration>
        <ills/>
      </page>
      <page ordre="3">
        <nbMot>961</nbMot>
        <blocTexte>112</blocTexte>
        <blocTab>0</blocTab>
        <blocPub>0</blocPub>
        <blocIllustration>18</blocIllustration>
        <ills>
          <ill couleur="gris" edit="1" h="774" n="3-5" pub="1" taille="0" w="376" x="954" y="3878">
            <txt>1 £j  T utrcintre,laquenoir / / decore or. modclc ÎSvg lressoî;de.î.«omplet : Isom. métal eu coutji. l matelas iîimette. 1 o^iHera et ira- îj-^ versm pl. p 1 pers. P.--3 Pour 2 pers. 60 t. 9v</txt>
            <index>1 £j  T utrcintre,laquenoir / / decore or. modclc ÎSvg lressoî;de.î.«omplet : Isom. métal eu coutji. l matelas iîimette. 1 o^iHera et ira- îj-^ versm pl. p 1 pers. P.--3 Pour 2 pers. 60 t. 9v</index>
            <genre source="hm" time="2019-09-29T13:43:07.031+02:00">publicite</genre>
            <genre source="final">publicite</genre>
          </ill>
        </ills>
      </page>
      <page ordre="4">
        <nbMot>1280</nbMot>
        <blocTexte>243</blocTexte>
        <blocTab>0</blocTab>
        <blocPub>0</blocPub>
        <blocIllustration>9</blocIllustration>
        <ills/>
      </page>
    </pages>
  </contenus>
</doc>