<analyseAlto>
  <metad>
    <type>P</type>
    <ID>bpt6k6002016</ID>
    <titre>La Presse</titre>
    <dateEdition>1920-11-27</dateEdition>
    <nbPage>4</nbPage>
    <suppl>FALSE</suppl>
  </metad>
  <contenus>
    <largeur>437</largeur>
    <hauteur>582</hauteur>
    <pages>
      <page ordre="1">
        <nbMot>928</nbMot>
        <blocTexte>43</blocTexte>
        <blocTab>0</blocTab>
        <blocPub>0</blocPub>
        <blocIllustration>3</blocIllustration>
        <ills/>
      </page>
      <page ordre="2">
        <nbMot>1024</nbMot>
        <blocTexte>51</blocTexte>
        <blocTab>0</blocTab>
        <blocPub>0</blocPub>
        <blocIllustration>1</blocIllustration>
        <ills/>
      </page>
      <page ordre="3">
        <nbMot>701</nbMot>
        <blocTexte>96</blocTexte>
        <blocTab>0</blocTab>
        <blocPub>0</blocPub>
        <blocIllustration>18</blocIllustration>
        <ills>
          <ill couleur="gris" edit="1" h="698" n="3-12" pub="1" taille="0" w="741" x="4225" y="3699">
            <leg>Emprunt national 6 0/0 Vf n Je p nn n ttie ^a\. 0^1 01 i rippicliL ea.semaine, de-sowsonr-e selon-leurs conve nances.- -te BANQUE DE L 'UMSON PABiSlEMHE ?, rue Ghauchal, a Paris ^ laifis?,ra, ses. guichets de souscription ouvens\\ je samedi 27 nevenuire. toute la iournee. et le dimanche 2s novembre, ue i0 h. a lt  lieures.</leg>
            <txt>bu péri- j ur, garanti d'un goût parfait. MELANGE FIN Le kilo........ 0   ™ Les.SGO gi\ .... Les 2o0 gr...... Chocolat j..\' tra. garanti pur cacao f . t si cr.r. « : En paquets de 2o0 grammes. ? divisions f Le kilo..., () Fr. fi() { Les 500 gr... ^ Fr. 30/ .Los 250 gr. - 1 Fr. ( t) J SAVON de Marseille Blanc extra pur SAVONS, SAVONNETTES mSE EU WEMTE DÂÏ4S notre Halî des Dépêches st notre annexe 42 el 144, nie Moiitalre Pour nos tectrices Voici'-la' période des fêtes qui J commence. S! va falloir faire des adeaux. Pour être agréabie à nos lectrices, | gros industriel de la maroquinerie a mis à notre disposition un lot im- T'rtaRt Cî'ariiCÏes à des prix extraor* Jinaires de bon marché.</txt>
            <index>Emprunt national 6 0/0 Vf n Je p nn n ttie ^a\. 0^1 01 i rippicliL ea.semaine, de-sowsonr-e selon-leurs conve nances.- -te BANQUE DE L 'UMSON PABiSlEMHE ?, rue Ghauchal, a Paris ^ laifis?,ra, ses. guichets de souscription ouvens\\ je samedi 27 nevenuire. toute la iournee. et le dimanche 2s novembre, ue i0 h. a lt  lieures.bu péri- j ur, garanti d'un goût parfait. MELANGE FIN Le kilo........ 0   ™ Les.SGO gi\ .... Les 2o0 gr...... Chocolat j..\' tra. garanti pur cacao f . t si cr.r. « : En paquets de 2o0 grammes. ? divisions f Le kilo..., () Fr. fi() { Les 500 gr... ^ Fr. 30/ .Los 250 gr. - 1 Fr. ( t) J SAVON de Marseille Blanc extra pur SAVONS, SAVONNETTES mSE EU WEMTE DÂÏ4S notre Halî des Dépêches st notre annexe 42 el 144, nie Moiitalre Pour nos tectrices Voici'-la' période des fêtes qui J commence. S! va falloir faire des adeaux. Pour être agréabie à nos lectrices, | gros industriel de la maroquinerie a mis à notre disposition un lot im- T'rtaRt Cî'ariiCÏes à des prix extraor* Jinaires de bon marché.</index>
            <genre source="hm" time="2019-09-29T13:47:15.173+02:00">publicite</genre>
            <genre source="final">publicite</genre>
          </ill>
          <ill couleur="gris" edit="1" h="1001" n="3-14" pub="1" taille="1" w="1071" x="1094" y="4984">
            <leg>SALÎVIORAL Tout Sox-calî Bouts rapportes  Belle qualité .. . 49 50 Qualité extra 61</leg>
            <txt>BOTTE Tcuî Bcx-efi ' Talons bottier 55.50 BOTTE Cuir glace Bout verni Talons bottier 5 8 fr.</txt>
            <index>SALÎVIORAL Tout Sox-calî Bouts rapportes  Belle qualité .. . 49 50 Qualité extra 61BOTTE Tcuî Bcx-efi ' Talons bottier 55.50 BOTTE Cuir glace Bout verni Talons bottier 5 8 fr.</index>
            <genre source="hm" time="2019-09-29T13:47:31.857+02:00">publicite</genre>
            <genre source="final">publicite</genre>
          </ill>
        </ills>
      </page>
      <page ordre="4">
        <nbMot>1244</nbMot>
        <blocTexte>328</blocTexte>
        <blocTab>0</blocTab>
        <blocPub>0</blocPub>
        <blocIllustration>6</blocIllustration>
        <ills/>
      </page>
    </pages>
  </contenus>
</analyseAlto>