<analyseAlto>
  <metad>
    <type>P</type>
    <ID>bpt6k5964036</ID>
    <titre>La Presse</titre>
    <dateEdition>1910-05-31</dateEdition>
    <nbPage>4</nbPage>
    <suppl>FALSE</suppl>
  </metad>
  <contenus>
    <largeur>435</largeur>
    <hauteur>583</hauteur>
    <pages>
      <page ordre="1">
        <nbMot>795</nbMot>
        <blocTexte>39</blocTexte>
        <blocTab>0</blocTab>
        <blocPub>0</blocPub>
        <blocIllustration>4</blocIllustration>
        <ills/>
      </page>
      <page ordre="2">
        <nbMot>1036</nbMot>
        <blocTexte>30</blocTexte>
        <blocTab>0</blocTab>
        <blocPub>0</blocPub>
        <blocIllustration>0</blocIllustration>
      </page>
      <page ordre="3">
        <nbMot>1030</nbMot>
        <blocTexte>68</blocTexte>
        <blocTab>0</blocTab>
        <blocPub>0</blocPub>
        <blocIllustration>7</blocIllustration>
        <ills/>
      </page>
      <page ordre="4">
        <nbMot>1889</nbMot>
        <blocTexte>565</blocTexte>
        <blocTab>0</blocTab>
        <blocPub>0</blocPub>
        <blocIllustration>5</blocIllustration>
        <ills>
          <ill couleur="gris" derniere="true" edit="1" h="508" n="4-4" pub="1" taille="0" w="652" x="4338" y="5378">
            <leg>On seul .essai vous convaincre de l'incontestable supériorité des Engins de Pêche vendus^ 1 au pêcheur écossais  : 47, Hue Joubert, JPA.R1S. QûmandeslenouceauCalaloguilOiOcncouô franco. 196  jpg Ct-lll DfTTKf (10®)-.MA!SON d'ang. Bev. R. dur  Ô  lAlUllV 25,320. M. à px 225,000. ■B'IfriI IV -s.-S. Pté.ang. r. Hôtei-de-Ville, 22 et ULljlLLI av.du Roule,133.C- 624 ra .M.à p.120,00C A atli. s r . 1 ericli.Ch.Not.Paris. .14 luin.S'ad.not. M 63 Laeuffer,Faroux,Cousin, 6,pl.S f -Michel,d.e. 4 CRÉDIT ch 7 z EDM0HD 3 4« b î ® Sur- mesui-Oj Complets grand chic «ep. 49 tr- Pardféssué'èt UTip6iTin-éâ:Mes dep. 6» f. ' paj moisu Ouvert de 9 à 7 û. Le diîùaïKili-e ù  9 h. à midi.</leg>
            <txt>1 QU'EST-CE fue tu prends pour ion DU SSRQP FRÂMY, parbleul Rsmede le plus efficace des voles respiratoireaL Astîi?rt«, Tutee?fii!loso, Bronchite, Nous ein ga- raiv' 11   0uli:j nous en aîfl;rriïoris la guérison. Le j® flaCT®- 2 £r,. le flacon 3 fr. 75. Dépôt : Phar macie de* 1 Deux-Aven.u®s, 53, Avenue die la l puà'Ug.ue Ta  toutes pliaimaciss, Pariai</txt>
            <index>On seul .essai vous convaincre de l'incontestable supériorité des Engins de Pêche vendus^ 1 au pêcheur écossais  : 47, Hue Joubert, JPA.R1S. QûmandeslenouceauCalaloguilOiOcncouô franco. 196  jpg Ct-lll DfTTKf (10®)-.MA!SON d'ang. Bev. R. dur  Ô  lAlUllV 25,320. M. à px 225,000. ■B'IfriI IV -s.-S. Pté.ang. r. Hôtei-de-Ville, 22 et ULljlLLI av.du Roule,133.C- 624 ra .M.à p.120,00C A atli. s r . 1 ericli.Ch.Not.Paris. .14 luin.S'ad.not. M 63 Laeuffer,Faroux,Cousin, 6,pl.S f -Michel,d.e. 4 CRÉDIT ch 7 z EDM0HD 3 4« b î ® Sur- mesui-Oj Complets grand chic «ep. 49 tr- Pardféssué'èt UTip6iTin-éâ:Mes dep. 6» f. ' paj moisu Ouvert de 9 à 7 û. Le diîùaïKili-e ù  9 h. à midi.1 QU'EST-CE fue tu prends pour ion DU SSRQP FRÂMY, parbleul Rsmede le plus efficace des voles respiratoireaL Astîi?rt«, Tutee?fii!loso, Bronchite, Nous ein ga- raiv' 11   0uli:j nous en aîfl;rriïoris la guérison. Le j® flaCT®- 2 £r,. le flacon 3 fr. 75. Dépôt : Phar macie de* 1 Deux-Aven.u®s, 53, Avenue die la l puà'Ug.ue Ta  toutes pliaimaciss, Pariai</index>
            <genre source="hm" time="2019-09-29T13:28:17.017+02:00">publicite</genre>
            <genre source="final">publicite</genre>
          </ill>
        </ills>
      </page>
    </pages>
  </contenus>
</analyseAlto>