<analyseAlto>
  <metad>
    <type>P</type>
    <ID>bpt6k599615r</ID>
    <titre>La Presse</titre>
    <dateEdition>1919-04-01</dateEdition>
    <nbPage>4</nbPage>
    <suppl>FALSE</suppl>
  </metad>
  <contenus>
    <largeur>434</largeur>
    <hauteur>582</hauteur>
    <pages>
      <page ordre="1">
        <nbMot>796</nbMot>
        <blocTexte>41</blocTexte>
        <blocTab>0</blocTab>
        <blocPub>0</blocPub>
        <blocIllustration>11</blocIllustration>
        <ills/>
      </page>
      <page ordre="2">
        <nbMot>944</nbMot>
        <blocTexte>23</blocTexte>
        <blocTab>0</blocTab>
        <blocPub>0</blocPub>
        <blocIllustration>3</blocIllustration>
        <ills/>
      </page>
      <page ordre="3">
        <nbMot>963</nbMot>
        <blocTexte>38</blocTexte>
        <blocTab>0</blocTab>
        <blocPub>0</blocPub>
        <blocIllustration>3</blocIllustration>
        <ills/>
      </page>
      <page ordre="4">
        <nbMot>805</nbMot>
        <blocTexte>82</blocTexte>
        <blocTab>0</blocTab>
        <blocPub>0</blocPub>
        <blocIllustration>6</blocIllustration>
        <ills>
          <ill couleur="gris" derniere="true" edit="1" h="530" n="4-1" pub="1" taille="0" w="923" x="2767" y="420">
            <txt>L'administration des douanes puiblie les chiffres de nos importations et de nos ex portations depuis 1914. Les tableaux donnant la valeur de ces transactions n'offrent aucun intérêt, étant donné la hausse générale des prix. Les tableaux .ci-dessous, pa-' contre, don nant le poids des marchandises importées ou exportées, montrent quel désastre a subi notre commerce extérieur. D'e 126 millions de auintaux en 1914, nos exportations sont tombées à 30 millions ! Importations 1914 1915 1916 1917 Objets d'ali mentation . 52.246 62.807 79.229 67.1Ï6 Matières né- oess. à l'in dustrie .... 272.655 257.768 304.560 260.110 Objets fabr.. 9.445 9.918 17.117 21.114 M0D0NÂL- éviîe l'artério - sclérose</txt>
            <index>L'administration des douanes puiblie les chiffres de nos importations et de nos ex portations depuis 1914. Les tableaux donnant la valeur de ces transactions n'offrent aucun intérêt, étant donné la hausse générale des prix. Les tableaux .ci-dessous, pa-' contre, don nant le poids des marchandises importées ou exportées, montrent quel désastre a subi notre commerce extérieur. D'e 126 millions de auintaux en 1914, nos exportations sont tombées à 30 millions ! Importations 1914 1915 1916 1917 Objets d'ali mentation . 52.246 62.807 79.229 67.1Ï6 Matières né- oess. à l'in dustrie .... 272.655 257.768 304.560 260.110 Objets fabr.. 9.445 9.918 17.117 21.114 M0D0NÂL- éviîe l'artério - sclérose</index>
            <genre source="hm" time="2019-09-29T13:46:13.39+02:00">publicite</genre>
            <genre source="final">publicite</genre>
          </ill>
        </ills>
      </page>
    </pages>
  </contenus>
</analyseAlto>