<analyseAlto>
  <metad>
    <type>P</type>
    <ID>bpt6k600048m</ID>
    <titre>La Presse</titre>
    <dateEdition>1920-06-27</dateEdition>
    <nbPage>4</nbPage>
    <suppl>FALSE</suppl>
  </metad>
  <contenus>
    <largeur>437</largeur>
    <hauteur>585</hauteur>
    <pages>
      <page ordre="1">
        <nbMot>752</nbMot>
        <blocTexte>42</blocTexte>
        <blocTab>0</blocTab>
        <blocPub>0</blocPub>
        <blocIllustration>21</blocIllustration>
        <ills/>
      </page>
      <page ordre="2">
        <nbMot>986</nbMot>
        <blocTexte>37</blocTexte>
        <blocTab>0</blocTab>
        <blocPub>0</blocPub>
        <blocIllustration>5</blocIllustration>
        <ills>
          <ill couleur="gris" edit="1" h="435" n="2-1" pub="1" taille="1" w="1534" x="125" y="241">
            <leg>Le Grand P ha de</leg>
            <txt>s, LA PRESSE — 27 JUIN 1920 EEsaœija</txt>
            <index>Le Grand P ha des, LA PRESSE — 27 JUIN 1920 EEsaœija</index>
            <genre source="hm" time="2019-09-29T13:46:52.079+02:00">publicite</genre>
            <genre source="final">publicite</genre>
          </ill>
        </ills>
      </page>
      <page ordre="3">
        <nbMot>968</nbMot>
        <blocTexte>53</blocTexte>
        <blocTab>0</blocTab>
        <blocPub>0</blocPub>
        <blocIllustration>6</blocIllustration>
        <ills/>
      </page>
      <page ordre="4">
        <nbMot>1026</nbMot>
        <blocTexte>145</blocTexte>
        <blocTab>0</blocTab>
        <blocPub>0</blocPub>
        <blocIllustration>11</blocIllustration>
        <ills/>
      </page>
    </pages>
  </contenus>
</analyseAlto>