<analyseAlto>
  <metad>
    <type>P</type>
    <ID>bpt6k596986n</ID>
    <titre>La Presse</titre>
    <dateEdition>1912-01-05</dateEdition>
    <nbPage>4</nbPage>
    <suppl>FALSE</suppl>
  </metad>
  <contenus>
    <largeur>435</largeur>
    <hauteur>583</hauteur>
    <pages>
      <page ordre="1">
        <nbMot>735</nbMot>
        <blocTexte>49</blocTexte>
        <blocTab>0</blocTab>
        <blocPub>0</blocPub>
        <blocIllustration>12</blocIllustration>
        <ills/>
      </page>
      <page ordre="2">
        <nbMot>1043</nbMot>
        <blocTexte>42</blocTexte>
        <blocTab>0</blocTab>
        <blocPub>0</blocPub>
        <blocIllustration>6</blocIllustration>
        <ills/>
      </page>
      <page ordre="3">
        <nbMot>1016</nbMot>
        <blocTexte>65</blocTexte>
        <blocTab>0</blocTab>
        <blocPub>0</blocPub>
        <blocIllustration>5</blocIllustration>
        <ills/>
      </page>
      <page ordre="4">
        <nbMot>1373</nbMot>
        <blocTexte>589</blocTexte>
        <blocTab>0</blocTab>
        <blocPub>0</blocPub>
        <blocIllustration>19</blocIllustration>
        <ills>
          <ill couleur="gris" derniere="true" edit="1" h="615" n="4-9" pub="1" taille="0" w="726" x="1783" y="3833">
            <txt>AMEUBLEMENTS COMPLETS potir fiPPARTERIENTS, VILLAS, CHATEAUX, HOf ELS ADMINISTRATIONS. CASINOS, etc. Les Commandes de ces trois mobiliers ne seront acceptées ù ce prix de 300 fr. que jusqu'au 31 Janoler 1912.</txt>
            <index>AMEUBLEMENTS COMPLETS potir fiPPARTERIENTS, VILLAS, CHATEAUX, HOf ELS ADMINISTRATIONS. CASINOS, etc. Les Commandes de ces trois mobiliers ne seront acceptées ù ce prix de 300 fr. que jusqu'au 31 Janoler 1912.</index>
            <genre source="hm" time="2019-09-29T13:30:38.371+02:00">publicite</genre>
            <genre source="final">publicite</genre>
          </ill>
          <ill couleur="gris" derniere="true" edit="1" h="763" n="4-10" pub="1" taille="0" w="362" x="2570" y="3134">
            <txt>AMEUBLEMENTS COMPLETS potir fiPPARTERIENTS, VILLAS, CHATEAUX, HOf ELS ADMINISTRATIONS. CASINOS, etc. Les Commandes de ces trois mobiliers ne seront acceptées ù ce prix de 300 fr. que jusqu'au 31 Janoler 1912.</txt>
            <index>AMEUBLEMENTS COMPLETS potir fiPPARTERIENTS, VILLAS, CHATEAUX, HOf ELS ADMINISTRATIONS. CASINOS, etc. Les Commandes de ces trois mobiliers ne seront acceptées ù ce prix de 300 fr. que jusqu'au 31 Janoler 1912.</index>
            <genre source="hm" time="2019-09-29T13:38:47.203+02:00">publicite</genre>
            <genre source="final">publicite</genre>
          </ill>
        </ills>
      </page>
    </pages>
  </contenus>
</analyseAlto>