<doc>
  <metad>
    <type>P</type>
    <ID>bpt6k6001991</ID>
    <titre>La Presse</titre>
    <dateEdition>1920-11-25</dateEdition>
    <nbPage>4</nbPage>
    <suppl>FALSE</suppl>
  </metad>
  <contenus>
    <largeur>431</largeur>
    <hauteur>536</hauteur>
    <pages>
      <page ordre="1">
        <nbMot>804</nbMot>
        <blocTexte>43</blocTexte>
        <blocTab>0</blocTab>
        <blocPub>0</blocPub>
        <blocIllustration>4</blocIllustration>
        <ills/>
      </page>
      <page ordre="2">
        <nbMot>944</nbMot>
        <blocTexte>57</blocTexte>
        <blocTab>0</blocTab>
        <blocPub>0</blocPub>
        <blocIllustration>0</blocIllustration>
      </page>
      <page ordre="3">
        <nbMot>507</nbMot>
        <blocTexte>68</blocTexte>
        <blocTab>0</blocTab>
        <blocPub>0</blocPub>
        <blocIllustration>14</blocIllustration>
        <ills>
          <ill couleur="gris" edit="1" h="948" n="3-8" pub="1" taille="0" w="246" x="596" y="4405">
            <index>99 i</index>
            <genre source="hm" time="2019-09-29T16:04:22.888+02:00">publicite</genre>
            <genre source="final">publicite</genre>
          </ill>
          <ill couleur="gris" edit="1" h="1045" n="3-13" pub="1" taille="1" w="671" x="3339" y="4965">
            <leg>avec l-isere blanc;ou: rouge, /double-soie, Cuir f- «i grain angloia,. fermeture.. tanatiere: . gala- )1 «. litiie^-■- glace -biseautee: rucbee-v-Poi-gnée: tout é T-cuir. Se fait en noir; bleu-et'havane -, - * ExeenftEomiei- : m-a | à LA PUES Si;..;. . .. 00 Fr. ,. SAC eilRMIE « VLRJTABIE MAROQUIN g ,  n J 1' liseie; blanc, ou rouge.. double sa-mi gaitfré, 4- fermeture tabat-iere galalit-he incrustation,- '| glace' biseaut-ee re-chee.: Poignee- cuir M-aro- % qum. Article- de grand luxe. Se fait, eu % noir, bleu:et.havane: ' introuvable ailleurs wa qu à LA\ PRESSE. 0$ Fr.</leg>
            <txt>POUR DAMES PAHAPLUiE SA.n\ COTON, sans liiSiere,. monture, para, gon, poignee mode bouts nlancs. fourreau 25i fr:- PAPAPLUIE Ver tabls sura'n, lisiere, monture: paragon. bouts - blancs, poignee: .imita tion ivoire; grajvet, em-. , haut,' fmirrean..... 45 fr. ENVAXTS SOULIER OER3Y cuir: glacé : et clievreau gla-ce, bouts-gla ces ou Ternis: Belle qualité. Enfants 2B fr. ' Fillette 34 fr. Grande filletta.... 40 fr:</txt>
            <index>avec l-isere blanc;ou: rouge, /double-soie, Cuir f- «i grain angloia,. fermeture.. tanatiere: . gala- )1 «. litiie^-■- glace -biseautee: rucbee-v-Poi-gnée: tout é T-cuir. Se fait en noir; bleu-et'havane -, - * ExeenftEomiei- : m-a | à LA PUES Si;..;. . .. 00 Fr. ,. SAC eilRMIE « VLRJTABIE MAROQUIN g ,  n J 1' liseie; blanc, ou rouge.. double sa-mi gaitfré, 4- fermeture tabat-iere galalit-he incrustation,- '| glace' biseaut-ee re-chee.: Poignee- cuir M-aro- % qum. Article- de grand luxe. Se fait, eu % noir, bleu:et.havane: ' introuvable ailleurs wa qu à LA\ PRESSE. 0$ Fr.POUR DAMES PAHAPLUiE SA.n\ COTON, sans liiSiere,. monture, para, gon, poignee mode bouts nlancs. fourreau 25i fr:- PAPAPLUIE Ver tabls sura'n, lisiere, monture: paragon. bouts - blancs, poignee: .imita tion ivoire; grajvet, em-. , haut,' fmirrean..... 45 fr. ENVAXTS SOULIER OER3Y cuir: glacé : et clievreau gla-ce, bouts-gla ces ou Ternis: Belle qualité. Enfants 2B fr. ' Fillette 34 fr. Grande filletta.... 40 fr:</index>
            <genre source="hm" time="2019-09-29T13:47:24.117+02:00">publicite</genre>
            <genre source="final">publicite</genre>
          </ill>
        </ills>
      </page>
      <page ordre="4">
        <nbMot>1290</nbMot>
        <blocTexte>405</blocTexte>
        <blocTab>0</blocTab>
        <blocPub>0</blocPub>
        <blocIllustration>7</blocIllustration>
        <ills/>
      </page>
    </pages>
  </contenus>
</doc>