<doc>
  <metad>
    <type>P</type>
    <ID>bpt6k596947n</ID>
    <titre>La Presse</titre>
    <dateEdition>1911-11-26</dateEdition>
    <nbPage>4</nbPage>
    <suppl>FALSE</suppl>
  </metad>
  <contenus>
    <largeur>434</largeur>
    <hauteur>584</hauteur>
    <pages>
      <page ordre="1">
        <nbMot>702</nbMot>
        <blocTexte>67</blocTexte>
        <blocTab>0</blocTab>
        <blocPub>0</blocPub>
        <blocIllustration>9</blocIllustration>
        <ills/>
      </page>
      <page ordre="2">
        <nbMot>1060</nbMot>
        <blocTexte>35</blocTexte>
        <blocTab>0</blocTab>
        <blocPub>0</blocPub>
        <blocIllustration>0</blocIllustration>
      </page>
      <page ordre="3">
        <nbMot>1359</nbMot>
        <blocTexte>416</blocTexte>
        <blocTab>0</blocTab>
        <blocPub>0</blocPub>
        <blocIllustration>16</blocIllustration>
        <ills/>
      </page>
      <page ordre="4">
        <nbMot>819</nbMot>
        <blocTexte>160</blocTexte>
        <blocTab>0</blocTab>
        <blocPub>0</blocPub>
        <blocIllustration>16</blocIllustration>
        <ills>
          <ill couleur="gris" derniere="true" edit="1" h="1558" n="4-15" pub="1" taille="1" w="436" x="4514" y="4914">
            <leg>manteau double face, gris foncé,- envers gris plus iSftfn clair. Long. 13ïv |||- '. Soldé à 1 A la Samaritaine,</leg>
            <txt>CRAVATE renard, ornée têtes naturalisées, eu renard de pavs, . laçon sitka noir: ppf  Valeur 9S fr. Slfe ' Soldée a.... • ^{1 ^ ' Ï.O MCanchonassorti 39' lj CbapcacS feulre i Soldé às 4 sol</txt>
            <index>manteau double face, gris foncé,- envers gris plus iSftfn clair. Long. 13ïv |||- '. Soldé à 1 A la Samaritaine,CRAVATE renard, ornée têtes naturalisées, eu renard de pavs, . laçon sitka noir: ppf  Valeur 9S fr. Slfe ' Soldée a.... • ^{1 ^ ' Ï.O MCanchonassorti 39' lj CbapcacS feulre i Soldé às 4 sol</index>
            <genre source="hm" time="2019-09-29T13:30:42.095+02:00">publicite</genre>
            <genre source="final">publicite</genre>
          </ill>
        </ills>
      </page>
    </pages>
  </contenus>
</doc>