<doc>
  <metad>
    <type>P</type>
    <ID>bpt6k5976423</ID>
    <titre>La Presse</titre>
    <dateEdition>1913-10-24</dateEdition>
    <nbPage>4</nbPage>
    <suppl>FALSE</suppl>
  </metad>
  <contenus>
    <largeur>434</largeur>
    <hauteur>583</hauteur>
    <pages>
      <page ordre="1">
        <nbMot>681</nbMot>
        <blocTexte>45</blocTexte>
        <blocTab>0</blocTab>
        <blocPub>0</blocPub>
        <blocIllustration>16</blocIllustration>
        <ills/>
      </page>
      <page ordre="2">
        <nbMot>997</nbMot>
        <blocTexte>36</blocTexte>
        <blocTab>0</blocTab>
        <blocPub>0</blocPub>
        <blocIllustration>5</blocIllustration>
        <ills/>
      </page>
      <page ordre="3">
        <nbMot>975</nbMot>
        <blocTexte>80</blocTexte>
        <blocTab>0</blocTab>
        <blocPub>0</blocPub>
        <blocIllustration>12</blocIllustration>
        <ills>
          <ill couleur="gris" edit="1" h="720" n="3-5" pub="1" taille="0" w="384" x="2562" y="3486">
            <txt>L ùna-park. — Ouvert dimanches et. fêtes avec ses attract. Inauguration du Dancing Palace c-n nov. American biograph (19, rue Le Peletier). — A la Frontière, Le Faux Secrétaire, etc. — Ac- tu alités au jou r le j o ur. Kimema gab-ka (27, Bould des Italiens. 257 -441. Séances tous les jours, de 2 heures à minuit. — Ingéniosités industrielles, Un Duel décisif, Dans la province de Novare (chant). Le galop vers l'abîme. Culture en Indo-Chine (chant), La dactylographe et l e box eu r, Le c hien et le petit mendiant. Actual. T)ur eiffel. Ouverte de 10 h.du matin à la nuit! Matiné es au théâtre : d imanches et fêtes à 3 h. ENGHIEN. — Sources sulfureuses. Etablissement thermal. Casino, Concerts symphoniques dans le Jardin des Roses. Music-Hall. COMPAGNIE GtïïERALE dis l'A M EUBLE MENT, fs jfii/s iisconantô Socifits FrâncaiSB pour i Indiislns du fiBbilisr. Siège eoci l au es</txt>
            <index>L ùna-park. — Ouvert dimanches et. fêtes avec ses attract. Inauguration du Dancing Palace c-n nov. American biograph (19, rue Le Peletier). — A la Frontière, Le Faux Secrétaire, etc. — Ac- tu alités au jou r le j o ur. Kimema gab-ka (27, Bould des Italiens. 257 -441. Séances tous les jours, de 2 heures à minuit. — Ingéniosités industrielles, Un Duel décisif, Dans la province de Novare (chant). Le galop vers l'abîme. Culture en Indo-Chine (chant), La dactylographe et l e box eu r, Le c hien et le petit mendiant. Actual. T)ur eiffel. Ouverte de 10 h.du matin à la nuit! Matiné es au théâtre : d imanches et fêtes à 3 h. ENGHIEN. — Sources sulfureuses. Etablissement thermal. Casino, Concerts symphoniques dans le Jardin des Roses. Music-Hall. COMPAGNIE GtïïERALE dis l'A M EUBLE MENT, fs jfii/s iisconantô Socifits FrâncaiSB pour i Indiislns du fiBbilisr. Siège eoci l au es</index>
            <genre source="hm" time="2019-09-29T13:41:55.681+02:00">publicite</genre>
            <genre source="final">publicite</genre>
          </ill>
        </ills>
      </page>
      <page ordre="4">
        <nbMot>1617</nbMot>
        <blocTexte>539</blocTexte>
        <blocTab>0</blocTab>
        <blocPub>0</blocPub>
        <blocIllustration>11</blocIllustration>
        <ills>
          <ill couleur="gris" derniere="true" edit="1" h="1537" n="4-8" pub="1" taille="5" w="1896" x="1556" y="3583">
            <txt>-, La mauvaise tenue de la Bourse de Lyon, par suite de la défaillance d'un agent de 'change dont le passif s'élèverait à deux millions et demi, a sa répercussion sur notre place qui, après une ouverture hé sitante, clôture en tendance nettement lourde. L'avance enregistrée hier a pres que totalement disparu et la spéculation 1 reste indécise, dans l'attente du lendemain. La Rente française vaut' 87 2T. L'Exté rieure est discutée à 90 55 et l'Italien pro gresse à 97 80. Le Turc est mieux tenu_ à 86 70. - lii j^.u ygrn emenj, va publie^ .ua communiquié relatif â l'accord russo-turc sur les chemins de fer d'Anatoiie. La Rus sie se réserve de céder ses droits à la France au cas où elle ne pourrait assurer la construction des chemins de fer en temps voulu; Les Etablissements de Crédit demeurent sta-tionn,aimes, Banque de Piaris 1.716, Lyon nais 1.655. La Banque de France est bien tenue. L'encaisse-or, pour la semaine écoulée est eia augmentation, de 3.796.000 fr. et L'en caisse-argent die 3.988.000 fr. Le Crédit Foncier reperd du terrain à 883. Pour les : trois premiers trimestres de 1913 les bénéfices se sont élevés à 15.045.022 fr. contre 15.199.218 fr. pour là môme période d*e 1912. Les Chemins de fer français ne sont pas traités et les Chemins Espagnols sont sou tenus : Andalous 316, Nord-467, Saragosse 445. Les Nitrates Railways sont inchangés/ Les recettes de la première quinzaine d'octobre se présentent en augmentation de 360 Lu sur celles de la quinzaine cor respondante de 1912. Les valeurs de Traction sont faibl-es, Mé tropolitain 618, Omnibus 685.    J Recettes die la 41° semaine : 1.186.746 f. 45. en augmentation de 133.598 fr. 05 sur la'</txt>
            <index>-, La mauvaise tenue de la Bourse de Lyon, par suite de la défaillance d'un agent de 'change dont le passif s'élèverait à deux millions et demi, a sa répercussion sur notre place qui, après une ouverture hé sitante, clôture en tendance nettement lourde. L'avance enregistrée hier a pres que totalement disparu et la spéculation 1 reste indécise, dans l'attente du lendemain. La Rente française vaut' 87 2T. L'Exté rieure est discutée à 90 55 et l'Italien pro gresse à 97 80. Le Turc est mieux tenu_ à 86 70. - lii j^.u ygrn emenj, va publie^ .ua communiquié relatif â l'accord russo-turc sur les chemins de fer d'Anatoiie. La Rus sie se réserve de céder ses droits à la France au cas où elle ne pourrait assurer la construction des chemins de fer en temps voulu; Les Etablissements de Crédit demeurent sta-tionn,aimes, Banque de Piaris 1.716, Lyon nais 1.655. La Banque de France est bien tenue. L'encaisse-or, pour la semaine écoulée est eia augmentation, de 3.796.000 fr. et L'en caisse-argent die 3.988.000 fr. Le Crédit Foncier reperd du terrain à 883. Pour les : trois premiers trimestres de 1913 les bénéfices se sont élevés à 15.045.022 fr. contre 15.199.218 fr. pour là môme période d*e 1912. Les Chemins de fer français ne sont pas traités et les Chemins Espagnols sont sou tenus : Andalous 316, Nord-467, Saragosse 445. Les Nitrates Railways sont inchangés/ Les recettes de la première quinzaine d'octobre se présentent en augmentation de 360 Lu sur celles de la quinzaine cor respondante de 1912. Les valeurs de Traction sont faibl-es, Mé tropolitain 618, Omnibus 685.    J Recettes die la 41° semaine : 1.186.746 f. 45. en augmentation de 133.598 fr. 05 sur la'</index>
            <genre source="hm" time="2019-09-29T13:34:39.143+02:00">publicite</genre>
            <genre source="final">publicite</genre>
          </ill>
        </ills>
      </page>
    </pages>
  </contenus>
</doc>