<doc>
  <metad>
    <type>P</type>
    <ID>bpt6k597154n</ID>
    <titre>La Presse</titre>
    <dateEdition>1912-06-21</dateEdition>
    <nbPage>4</nbPage>
    <suppl>FALSE</suppl>
  </metad>
  <contenus>
    <largeur>435</largeur>
    <hauteur>582</hauteur>
    <pages>
      <page ordre="1">
        <nbMot>672</nbMot>
        <blocTexte>46</blocTexte>
        <blocTab>0</blocTab>
        <blocPub>0</blocPub>
        <blocIllustration>7</blocIllustration>
        <ills/>
      </page>
      <page ordre="2">
        <nbMot>1023</nbMot>
        <blocTexte>42</blocTexte>
        <blocTab>0</blocTab>
        <blocPub>0</blocPub>
        <blocIllustration>1</blocIllustration>
        <ills/>
      </page>
      <page ordre="3">
        <nbMot>1058</nbMot>
        <blocTexte>61</blocTexte>
        <blocTab>0</blocTab>
        <blocPub>0</blocPub>
        <blocIllustration>5</blocIllustration>
        <ills>
          <ill couleur="gris" edit="1" h="373" n="3-1" pub="1" taille="0" w="768" x="4173" y="2955">
            <leg>Obèses, Arthritiques, dyspeptiques, Neurasthéniques, Guérissez-vous à L'ETABLISSEMENT   de Culture Physique du Docteur RUFFIER</leg>
            <txt>Chez nos hôteliers L'Union. Sfwrtive  HOfcliere Parisienne in forme ses. membres ad.héronts qu^le-s'occu-. petra dorénavant du placement de ses socié taires. S'adresser à M. Demeule, rue des Pe tits-Champs, 73. LES CELEBRES AUTOMOBILES FORD sont ©xposeee et en vente chez Haranger et Cie, 93. Champs-Elysées. ÇA ET Sur le. .parcours Saint-Germain-Pontoise et retour, les vétérans, de l'U.V. du IX e dispu teront, le 23, leur Championnat. ; X '• Lire dans « Nav.igazett-e » du jeudi 20 juin :. k La Répercussion de, la grève anglaise ■ sur les frets v ,n ,Navigaizette »j 50'cent. ■■■...   Plusieurs amis de l'Odéon organisent pour dimanche une sortie vers  Mantes. Déjeuner à yesneuil^ dîner à Saint-Germain. x .Pour le titre de champion de France ' de lutte, Simonon rencontrera D.-riaz îe 27 juin, au C. A. des.' Gobelins, 94, rue liroca. X Rappelons que, c'est ce soir, à 8 h. 30, 52, boulevard: Haussmar.ri, qu'aura lieu la soirée au bénéfice des. prévôts de Mainguet;- - - x Notre confrère:, Paul Rousseau vient d'être- élu président de la Fédération de Boxe, et dé Lutte. ■'X Les • Championnats de' France d'athlétisme de la F. G.S.P. F. se disputeront le 30 juin pro chain, pis;e de Gentili.y. X Sur le parcours,Montgeron-Melun et retour,. 50 Kil., se disputera dimanche le,Championnat cycliste de l'Epicerie.</txt>
            <index>Obèses, Arthritiques, dyspeptiques, Neurasthéniques, Guérissez-vous à L'ETABLISSEMENT   de Culture Physique du Docteur RUFFIERChez nos hôteliers L'Union. Sfwrtive  HOfcliere Parisienne in forme ses. membres ad.héronts qu^le-s'occu-. petra dorénavant du placement de ses socié taires. S'adresser à M. Demeule, rue des Pe tits-Champs, 73. LES CELEBRES AUTOMOBILES FORD sont ©xposeee et en vente chez Haranger et Cie, 93. Champs-Elysées. ÇA ET Sur le. .parcours Saint-Germain-Pontoise et retour, les vétérans, de l'U.V. du IX e dispu teront, le 23, leur Championnat. ; X '• Lire dans « Nav.igazett-e » du jeudi 20 juin :. k La Répercussion de, la grève anglaise ■ sur les frets v ,n ,Navigaizette »j 50'cent. ■■■...   Plusieurs amis de l'Odéon organisent pour dimanche une sortie vers  Mantes. Déjeuner à yesneuil^ dîner à Saint-Germain. x .Pour le titre de champion de France ' de lutte, Simonon rencontrera D.-riaz îe 27 juin, au C. A. des.' Gobelins, 94, rue liroca. X Rappelons que, c'est ce soir, à 8 h. 30, 52, boulevard: Haussmar.ri, qu'aura lieu la soirée au bénéfice des. prévôts de Mainguet;- - - x Notre confrère:, Paul Rousseau vient d'être- élu président de la Fédération de Boxe, et dé Lutte. ■'X Les • Championnats de' France d'athlétisme de la F. G.S.P. F. se disputeront le 30 juin pro chain, pis;e de Gentili.y. X Sur le parcours,Montgeron-Melun et retour,. 50 Kil., se disputera dimanche le,Championnat cycliste de l'Epicerie.</index>
            <genre source="hm" time="2019-09-29T13:39:32.162+02:00">publicite</genre>
            <genre source="final">publicite</genre>
          </ill>
        </ills>
      </page>
      <page ordre="4">
        <nbMot>1645</nbMot>
        <blocTexte>577</blocTexte>
        <blocTab>0</blocTab>
        <blocPub>0</blocPub>
        <blocIllustration>10</blocIllustration>
        <ills/>
      </page>
    </pages>
  </contenus>
</doc>