<analyseAlto>
  <metad>
    <type>P</type>
    <ID>bpt6k596993v</ID>
    <titre>La Presse</titre>
    <dateEdition>1912-01-12</dateEdition>
    <nbPage>4</nbPage>
    <suppl>FALSE</suppl>
  </metad>
  <contenus>
    <largeur>435</largeur>
    <hauteur>584</hauteur>
    <pages>
      <page ordre="1">
        <nbMot>701</nbMot>
        <blocTexte>38</blocTexte>
        <blocTab>0</blocTab>
        <blocPub>0</blocPub>
        <blocIllustration>14</blocIllustration>
        <ills/>
      </page>
      <page ordre="2">
        <nbMot>1125</nbMot>
        <blocTexte>50</blocTexte>
        <blocTab>0</blocTab>
        <blocPub>0</blocPub>
        <blocIllustration>3</blocIllustration>
        <ills/>
      </page>
      <page ordre="3">
        <nbMot>994</nbMot>
        <blocTexte>68</blocTexte>
        <blocTab>0</blocTab>
        <blocPub>0</blocPub>
        <blocIllustration>1</blocIllustration>
        <ills/>
      </page>
      <page ordre="4">
        <nbMot>1471</nbMot>
        <blocTexte>619</blocTexte>
        <blocTab>0</blocTab>
        <blocPub>0</blocPub>
        <blocIllustration>20</blocIllustration>
        <ills>
          <ill couleur="gris" derniere="true" edit="1" h="1175" n="4-7" pub="1" taille="2" w="1057" x="241" y="3761">
            <txt>VALEUR REELLE. 300 Fr.</txt>
            <index>VALEUR REELLE. 300 Fr.</index>
            <genre source="hm" time="2019-09-29T13:30:49.562+02:00">publicite</genre>
            <genre source="final">publicite</genre>
          </ill>
        </ills>
      </page>
    </pages>
  </contenus>
</analyseAlto>