<doc>
  <metad>
    <type>P</type>
    <ID>bpt6k597532f</ID>
    <titre>La Presse</titre>
    <dateEdition>1913-07-05</dateEdition>
    <nbPage>4</nbPage>
    <suppl>FALSE</suppl>
  </metad>
  <contenus>
    <largeur>434</largeur>
    <hauteur>584</hauteur>
    <pages>
      <page ordre="1">
        <nbMot>753</nbMot>
        <blocTexte>50</blocTexte>
        <blocTab>0</blocTab>
        <blocPub>0</blocPub>
        <blocIllustration>12</blocIllustration>
        <ills/>
      </page>
      <page ordre="2">
        <nbMot>1011</nbMot>
        <blocTexte>42</blocTexte>
        <blocTab>0</blocTab>
        <blocPub>0</blocPub>
        <blocIllustration>1</blocIllustration>
        <ills/>
      </page>
      <page ordre="3">
        <nbMot>1022</nbMot>
        <blocTexte>109</blocTexte>
        <blocTab>0</blocTab>
        <blocPub>0</blocPub>
        <blocIllustration>4</blocIllustration>
        <ills/>
      </page>
      <page ordre="4">
        <nbMot>1475</nbMot>
        <blocTexte>470</blocTexte>
        <blocTab>0</blocTab>
        <blocPub>0</blocPub>
        <blocIllustration>11</blocIllustration>
        <ills>
          <ill couleur="gris" derniere="true" edit="1" h="622" n="4-3" pub="1" taille="0" w="423" x="1815" y="5943">
            <leg>COHIPAQNIE GÉNÉRALE DE L'AMEUBLEMENT — - SIÈGE SOCIAK § -TAPIS HUME PARIS-Z8 Bd île Strasbourg, Si à 60 R. du ChâtC U-d'Eau et 57 F g St-Marlin - PARIS j {Expéditions franco port et emballage à partir de 100 fr. _ Catalogue gratis et franco</leg>
            <txt>Nous avons à la disposition de..' os lecteurs^ quelques' pièces de  Fronton i que nous coterons - - 120 FR, LA PIÈCE . .Lorsque le stock mis actuellement à notre disposition sera' vendu, -nous pra: ( tiquerons les. prix de la propriété pour, chaque qualité épuisée. - Malgré les -dégâts causés par le .triil- dlou dans les -vignobles, nous maintë-i nons provisoirement les prix ci-dessous. la pièce 90 Fr, 95 - ÎOO — 105 — 110 — 120 - 140 — 150 _ 150 - VINS ROUGES Hérault Hérault côtes. Minervois ■ ■ Côtes du Rhône........ Sorbières —.... Corbières sup r ... Bordeaux-Palus vieux.. Beaujolais — .. Fronsac — .. VINS BLANCS Gard no Fr. Pïcpoul 120 — Tauraine 12£  — Graves — 130 — Vouvray vieux 150 — Bordeaux — ;. 150 — Franco à domicile, Paris,' lût compris. En demi-pièce, moitié des prix, plus 3 francs. Pour la banlieue, 1 fr. 50 de supplément de camionnage et les droits de commune. Pour la province; le transport en plus .de Paris à la localité, désignée. . Les commandes sont livrë s contra remboursement. et cïsvratit, pour éviter toute erreur, être adressées à M. Pip-et, 144, rue Montmartre. Des échantillons sont à la disposition des clients. Pour en reesvoir franco à domicile, adresser 0 fr. 65 en timbres-poste./ Les fûts vides en bon état seront re pris à 6 fr. la pièce et 5 fr la demi- pièce à une prochaine commande. Prix courant de toutes les qualité» adressé sur demande. BUREAU AU JOURNAL V-</txt>
            <index>COHIPAQNIE GÉNÉRALE DE L'AMEUBLEMENT — - SIÈGE SOCIAK § -TAPIS HUME PARIS-Z8 Bd île Strasbourg, Si à 60 R. du ChâtC U-d'Eau et 57 F g St-Marlin - PARIS j {Expéditions franco port et emballage à partir de 100 fr. _ Catalogue gratis et francoNous avons à la disposition de..' os lecteurs^ quelques' pièces de  Fronton i que nous coterons - - 120 FR, LA PIÈCE . .Lorsque le stock mis actuellement à notre disposition sera' vendu, -nous pra: ( tiquerons les. prix de la propriété pour, chaque qualité épuisée. - Malgré les -dégâts causés par le .triil- dlou dans les -vignobles, nous maintë-i nons provisoirement les prix ci-dessous. la pièce 90 Fr, 95 - ÎOO — 105 — 110 — 120 - 140 — 150 _ 150 - VINS ROUGES Hérault Hérault côtes. Minervois ■ ■ Côtes du Rhône........ Sorbières —.... Corbières sup r ... Bordeaux-Palus vieux.. Beaujolais — .. Fronsac — .. VINS BLANCS Gard no Fr. Pïcpoul 120 — Tauraine 12£  — Graves — 130 — Vouvray vieux 150 — Bordeaux — ;. 150 — Franco à domicile, Paris,' lût compris. En demi-pièce, moitié des prix, plus 3 francs. Pour la banlieue, 1 fr. 50 de supplément de camionnage et les droits de commune. Pour la province; le transport en plus .de Paris à la localité, désignée. . Les commandes sont livrë s contra remboursement. et cïsvratit, pour éviter toute erreur, être adressées à M. Pip-et, 144, rue Montmartre. Des échantillons sont à la disposition des clients. Pour en reesvoir franco à domicile, adresser 0 fr. 65 en timbres-poste./ Les fûts vides en bon état seront re pris à 6 fr. la pièce et 5 fr la demi- pièce à une prochaine commande. Prix courant de toutes les qualité» adressé sur demande. BUREAU AU JOURNAL V-</index>
            <genre source="hm" time="2019-09-29T13:33:34.512+02:00">publicite</genre>
            <genre source="final">publicite</genre>
          </ill>
        </ills>
      </page>
    </pages>
  </contenus>
</doc>