<analyseAlto>
  <metad>
    <type>P</type>
    <ID>bpt6k5987691</ID>
    <titre>La Presse</titre>
    <dateEdition>1916-12-02</dateEdition>
    <nbPage>2</nbPage>
    <suppl>FALSE</suppl>
  </metad>
  <contenus>
    <largeur>435</largeur>
    <hauteur>583</hauteur>
    <pages>
      <page ordre="1">
        <nbMot>855</nbMot>
        <blocTexte>54</blocTexte>
        <blocTab>0</blocTab>
        <blocPub>0</blocPub>
        <blocIllustration>3</blocIllustration>
        <ills/>
      </page>
      <page ordre="2">
        <nbMot>912</nbMot>
        <blocTexte>106</blocTexte>
        <blocTab>0</blocTab>
        <blocPub>0</blocPub>
        <blocIllustration>12</blocIllustration>
        <ills>
          <ill couleur="gris" derniere="true" edit="1" h="816" n="2-5" pub="1" taille="0" w="593" x="2625" y="3686">
            <txt>Jusqu'à nouvel avis, nous livrerons â nos lectear; des vins de qualité supérieure aux prix su: --aui8- VINS ROUGES HERAULT 190 francs la pièct HLHAULl Côtes.......... 185 — — MlfJERVOIS ............ 200-' — : — CORB1ERES vreuxv...... 210 — — BORDEAUX vieux......; 240 — VINS BLANCS BORDEAUX vieux...... 250 francs la pièce • Fut. compris, . franco, domicile fans. Paiement comptant. — La dascenre en cave n'est pas i;araa- tie: — Pai deLin-pie.e. la. moine• dos prix, ulus 4 Crânes. — Pour la biiniteue. i. i'r M) par fut, sup plément, de-camionnage et ; droits d'octroi de com mune en si-- , Fûts vides repris en bot. état, 12 francs les pièces.' 10 francs ; les ,1/2. — S'adresser S M sipet.-bureaux du- journal; m--rut- Motit.mf rîre : TDlUODnoTC Camionnages-par autos Paris, Banlieue,. Province:. Service rapide. I oAKwl Uil-S w - ^6, .-bis,' rue des Arts. — Téléphonez : 154-Levallûis.</txt>
            <index>Jusqu'à nouvel avis, nous livrerons â nos lectear; des vins de qualité supérieure aux prix su: --aui8- VINS ROUGES HERAULT 190 francs la pièct HLHAULl Côtes.......... 185 — — MlfJERVOIS ............ 200-' — : — CORB1ERES vreuxv...... 210 — — BORDEAUX vieux......; 240 — VINS BLANCS BORDEAUX vieux...... 250 francs la pièce • Fut. compris, . franco, domicile fans. Paiement comptant. — La dascenre en cave n'est pas i;araa- tie: — Pai deLin-pie.e. la. moine• dos prix, ulus 4 Crânes. — Pour la biiniteue. i. i'r M) par fut, sup plément, de-camionnage et ; droits d'octroi de com mune en si-- , Fûts vides repris en bot. état, 12 francs les pièces.' 10 francs ; les ,1/2. — S'adresser S M sipet.-bureaux du- journal; m--rut- Motit.mf rîre : TDlUODnoTC Camionnages-par autos Paris, Banlieue,. Province:. Service rapide. I oAKwl Uil-S w - ^6, .-bis,' rue des Arts. — Téléphonez : 154-Levallûis.</index>
            <genre source="hm" time="2019-09-29T13:45:12.812+02:00">publicite</genre>
            <genre source="final">publicite</genre>
          </ill>
        </ills>
      </page>
    </pages>
  </contenus>
</analyseAlto>