<analyseAlto>
  <metad>
    <type>P</type>
    <ID>bpt6k597276d</ID>
    <titre>La Presse</titre>
    <dateEdition>1912-10-21</dateEdition>
    <nbPage>4</nbPage>
    <suppl>FALSE</suppl>
  </metad>
  <contenus>
    <largeur>434</largeur>
    <hauteur>584</hauteur>
    <pages>
      <page ordre="1">
        <nbMot>689</nbMot>
        <blocTexte>40</blocTexte>
        <blocTab>0</blocTab>
        <blocPub>0</blocPub>
        <blocIllustration>5</blocIllustration>
        <ills/>
      </page>
      <page ordre="2">
        <nbMot>973</nbMot>
        <blocTexte>41</blocTexte>
        <blocTab>0</blocTab>
        <blocPub>0</blocPub>
        <blocIllustration>8</blocIllustration>
        <ills/>
      </page>
      <page ordre="3">
        <nbMot>1012</nbMot>
        <blocTexte>39</blocTexte>
        <blocTab>0</blocTab>
        <blocPub>0</blocPub>
        <blocIllustration>5</blocIllustration>
        <ills/>
      </page>
      <page ordre="4">
        <nbMot>1148</nbMot>
        <blocTexte>145</blocTexte>
        <blocTab>0</blocTab>
        <blocPub>0</blocPub>
        <blocIllustration>9</blocIllustration>
        <ills>
          <ill couleur="gris" derniere="true" edit="1" h="1179" n="4-8" pub="1" taille="1" w="791" x="3332" y="5251">
            <txt>A SAISÎT-JOSEPH il5, Rue Montmartre. A la GEANBS FABRI0Î3S 50, Rue de Turbigo. A la TOUR SI-JACQUES 88, Rue de Rivoli. AU PONT-NEUF 4-6, Rue du Pont-Neuf.</txt>
            <index>A SAISÎT-JOSEPH il5, Rue Montmartre. A la GEANBS FABRI0Î3S 50, Rue de Turbigo. A la TOUR SI-JACQUES 88, Rue de Rivoli. AU PONT-NEUF 4-6, Rue du Pont-Neuf.</index>
            <genre source="hm" time="2019-09-29T13:31:26.454+02:00">publicite</genre>
            <genre source="final">publicite</genre>
          </ill>
        </ills>
      </page>
    </pages>
  </contenus>
</analyseAlto>