<analyseAlto>
  <metad>
    <type>P</type>
    <ID>bpt6k5978857</ID>
    <titre>La Presse</titre>
    <dateEdition>1914-06-25</dateEdition>
    <nbPage>4</nbPage>
    <suppl>FALSE</suppl>
  </metad>
  <contenus>
    <largeur>435</largeur>
    <hauteur>584</hauteur>
    <pages>
      <page ordre="1">
        <nbMot>699</nbMot>
        <blocTexte>40</blocTexte>
        <blocTab>0</blocTab>
        <blocPub>0</blocPub>
        <blocIllustration>4</blocIllustration>
        <ills/>
      </page>
      <page ordre="2">
        <nbMot>988</nbMot>
        <blocTexte>42</blocTexte>
        <blocTab>0</blocTab>
        <blocPub>0</blocPub>
        <blocIllustration>3</blocIllustration>
        <ills/>
      </page>
      <page ordre="3">
        <nbMot>1029</nbMot>
        <blocTexte>71</blocTexte>
        <blocTab>0</blocTab>
        <blocPub>0</blocPub>
        <blocIllustration>5</blocIllustration>
        <ills/>
      </page>
      <page ordre="4">
        <nbMot>1555</nbMot>
        <blocTexte>506</blocTexte>
        <blocTab>0</blocTab>
        <blocPub>0</blocPub>
        <blocIllustration>9</blocIllustration>
        <ills>
          <ill couleur="gris" derniere="true" edit="1" h="469" n="4-4" pub="1" taille="0" w="564" x="2105" y="4155">
            <leg>port e.t d'embalhee a dq dO') fr. b Occasion extraordinaire fiAlfiM LOUIS XV ©HLUWfaçon noyer ciré : i canapé, 2 fauteuils et 2 chai ses, couvert soierie ou tapisserie4 OCf SALLE A MÂNGER HENRI II,vieux■chêne, compr.: i buffei, pan neau central sculpté, motif chasse, côtés ajou rés garnis verrés cathé drale; i tablèà Uong.- .6 chaises cannées .... £w3 .</leg>
            <txt>RICHE CHAMBRE ^ noyer ciré frisé, ornée de jolis motifs sculptés, solidité garantie, comprenant : 4 armoire à glaces biseautées, 1 Ht larg. 1^40, 1 table de nuit, dessus et intérieur marbre. • Prix.^ Catalogue Gratuit</txt>
            <index>port e.t d'embalhee a dq dO') fr. b Occasion extraordinaire fiAlfiM LOUIS XV ©HLUWfaçon noyer ciré : i canapé, 2 fauteuils et 2 chai ses, couvert soierie ou tapisserie4 OCf SALLE A MÂNGER HENRI II,vieux■chêne, compr.: i buffei, pan neau central sculpté, motif chasse, côtés ajou rés garnis verrés cathé drale; i tablèà Uong.- .6 chaises cannées .... £w3 .RICHE CHAMBRE ^ noyer ciré frisé, ornée de jolis motifs sculptés, solidité garantie, comprenant : 4 armoire à glaces biseautées, 1 Ht larg. 1^40, 1 table de nuit, dessus et intérieur marbre. • Prix.^ Catalogue Gratuit</index>
            <genre source="hm" time="2019-09-29T13:43:35.318+02:00">publicite</genre>
            <genre source="final">publicite</genre>
          </ill>
        </ills>
      </page>
    </pages>
  </contenus>
</analyseAlto>