<analyseAlto>
  <metad>
    <type>P</type>
    <ID>bpt6k5974502</ID>
    <titre>La Presse</titre>
    <dateEdition>1913-04-14</dateEdition>
    <nbPage>4</nbPage>
    <suppl>FALSE</suppl>
  </metad>
  <contenus>
    <largeur>435</largeur>
    <hauteur>584</hauteur>
    <pages>
      <page ordre="1">
        <nbMot>782</nbMot>
        <blocTexte>52</blocTexte>
        <blocTab>0</blocTab>
        <blocPub>0</blocPub>
        <blocIllustration>6</blocIllustration>
        <ills/>
      </page>
      <page ordre="2">
        <nbMot>1098</nbMot>
        <blocTexte>32</blocTexte>
        <blocTab>0</blocTab>
        <blocPub>0</blocPub>
        <blocIllustration>1</blocIllustration>
        <ills/>
      </page>
      <page ordre="3">
        <nbMot>1037</nbMot>
        <blocTexte>59</blocTexte>
        <blocTab>0</blocTab>
        <blocPub>0</blocPub>
        <blocIllustration>7</blocIllustration>
        <ills/>
      </page>
      <page ordre="4">
        <nbMot>1167</nbMot>
        <blocTexte>155</blocTexte>
        <blocTab>0</blocTab>
        <blocPub>0</blocPub>
        <blocIllustration>26</blocIllustration>
        <ills>
          <ill couleur="gris" derniere="true" edit="1" h="802" n="4-11" pub="1" taille="0" w="454" x="987" y="5561">
            <leg>expéditions franco de port et, d'emballage à partir de 100 fr.pjtauf pour ros MOBILIERS RÉCLAME qui. étant vendu» sans bénéfice, ne sont livres franco qu'à Paria et en Ba nli eue - iiàqu'n 25 kilomiin».</leg>
            <txt>Courses retardées Monté-Carlo, 13 avril. — Par suifcj lu mau vais temps qui sévit sur toute la eûte le dé part des courses, d'aujourd'hui, iv été retardé jusqu'à 3 h. 30 cet après-midi Pi le temps le permet. Le Livref-Ghaix continental renferme lei services de tous les Chemins de fer de l'Eu rope et des principaux paquebots de la Mé diterranée et de l'Océan, avec cartes.' Deux volumes in-16 paraissant tous les mois .' 1  vol. Chemins de ter français, avec cartes des différents réseaux et carte. d'ensemble. Prix :  2 francs. — Port en plus : Départe ments, 0 fr. 35 c.: Etranger. 0 fr. 8o c. Livret spécial pour le Reseau du Mif»  l'Espagne et le Portugal, avec 2 cartes. K î   X 0 fr. 50 c. — Port en plus. 0 fr. Oo c. -</txt>
            <index>expéditions franco de port et, d'emballage à partir de 100 fr.pjtauf pour ros MOBILIERS RÉCLAME qui. étant vendu» sans bénéfice, ne sont livres franco qu'à Paria et en Ba nli eue - iiàqu'n 25 kilomiin».Courses retardées Monté-Carlo, 13 avril. — Par suifcj lu mau vais temps qui sévit sur toute la eûte le dé part des courses, d'aujourd'hui, iv été retardé jusqu'à 3 h. 30 cet après-midi Pi le temps le permet. Le Livref-Ghaix continental renferme lei services de tous les Chemins de fer de l'Eu rope et des principaux paquebots de la Mé diterranée et de l'Océan, avec cartes.' Deux volumes in-16 paraissant tous les mois .' 1  vol. Chemins de ter français, avec cartes des différents réseaux et carte. d'ensemble. Prix :  2 francs. — Port en plus : Départe ments, 0 fr. 35 c.: Etranger. 0 fr. 8o c. Livret spécial pour le Reseau du Mif»  l'Espagne et le Portugal, avec 2 cartes. K î   X 0 fr. 50 c. — Port en plus. 0 fr. Oo c. -</index>
            <genre source="hm" time="2019-09-29T13:32:38.843+02:00">publicite</genre>
            <genre source="final">publicite</genre>
          </ill>
          <ill couleur="gris" derniere="true" edit="1" h="441" n="4-12" pub="1" taille="0" w="543" x="1406" y="5939">
            <txt>expéditions franco de port et, d'emballage à partir de 100 fr.pjtauf pour ros MOBILIERS RÉCLAME qui. étant vendu» sans bénéfice, ne sont livres franco qu'à Paria et en Ba nli eue - iiàqu'n 25 kilomiin». Réclama - [Riche CHAMBRE</txt>
            <index>expéditions franco de port et, d'emballage à partir de 100 fr.pjtauf pour ros MOBILIERS RÉCLAME qui. étant vendu» sans bénéfice, ne sont livres franco qu'à Paria et en Ba nli eue - iiàqu'n 25 kilomiin». Réclama - [Riche CHAMBRE</index>
            <genre source="hm" time="2019-09-29T13:32:34.9+02:00">publicite</genre>
            <genre source="final">publicite</genre>
          </ill>
        </ills>
      </page>
    </pages>
  </contenus>
</analyseAlto>