<doc>
  <metad>
    <type>P</type>
    <ID>bpt6k596527q</ID>
    <titre>La Presse</titre>
    <dateEdition>1910-10-02</dateEdition>
    <nbPage>4</nbPage>
    <suppl>FALSE</suppl>
  </metad>
  <contenus>
    <largeur>435</largeur>
    <hauteur>584</hauteur>
    <pages>
      <page ordre="1">
        <nbMot>775</nbMot>
        <blocTexte>34</blocTexte>
        <blocTab>0</blocTab>
        <blocPub>0</blocPub>
        <blocIllustration>2</blocIllustration>
        <ills/>
      </page>
      <page ordre="2">
        <nbMot>1545</nbMot>
        <blocTexte>433</blocTexte>
        <blocTab>0</blocTab>
        <blocPub>0</blocPub>
        <blocIllustration>1</blocIllustration>
        <ills/>
      </page>
      <page ordre="3">
        <nbMot>762</nbMot>
        <blocTexte>105</blocTexte>
        <blocTab>0</blocTab>
        <blocPub>0</blocPub>
        <blocIllustration>18</blocIllustration>
        <ills/>
      </page>
      <page ordre="4">
        <nbMot>901</nbMot>
        <blocTexte>169</blocTexte>
        <blocTab>0</blocTab>
        <blocPub>0</blocPub>
        <blocIllustration>22</blocIllustration>
        <ills>
          <ill couleur="gris" derniere="true" edit="1" h="899" n="4-5" pub="1" taille="0" w="268" x="197" y="4186">
            <txt>1 MMeille flans llrlogirio nlîtiAim mïiAsti Garanti dix  ans . - Hauteur 1 m..Largeur Om.36 ;• Mouvement . supérieur à quinzaine,. sonnant heure : et demi-heure sur gong, vé ritable bourdon - de ai tin:- drale. Cadran et balancier riches.-- -■ 1 Prix ï 48 fr. payable 8 francs par'mois par la Poste. Premier vei sè ment à la livraison,. Franco, de port et d'emballage. Le meuble; en noyer poli, est élégamment sculpté, mu ni de décors ravissants, et oi*né de superbes motifs, tels que Ja glorieuse tête du Lion de Belfort et du. noble coursier qui le sur montent lui donnent un a-s- _ pect merveilleux et gran- ftiose, qu'il est inutile d'en dire plus long.. Le même genre, noyer c-iré, fronton à colon- nettes, pour salle à manger, hauteur 0.85, lar geur 0.35, aux même prix et mêmes conditions que ci-dessus. ' Livraison immédiate. Ecrire : HORLOGERIE NOUVELLE J 9, r. des Barres, 19» Bel fort (Territ ro de Belf or Nombreux Dépôts a Paris.     ■ ,</txt>
            <index>1 MMeille flans llrlogirio nlîtiAim mïiAsti Garanti dix  ans . - Hauteur 1 m..Largeur Om.36 ;• Mouvement . supérieur à quinzaine,. sonnant heure : et demi-heure sur gong, vé ritable bourdon - de ai tin:- drale. Cadran et balancier riches.-- -■ 1 Prix ï 48 fr. payable 8 francs par'mois par la Poste. Premier vei sè ment à la livraison,. Franco, de port et d'emballage. Le meuble; en noyer poli, est élégamment sculpté, mu ni de décors ravissants, et oi*né de superbes motifs, tels que Ja glorieuse tête du Lion de Belfort et du. noble coursier qui le sur montent lui donnent un a-s- _ pect merveilleux et gran- ftiose, qu'il est inutile d'en dire plus long.. Le même genre, noyer c-iré, fronton à colon- nettes, pour salle à manger, hauteur 0.85, lar geur 0.35, aux même prix et mêmes conditions que ci-dessus. ' Livraison immédiate. Ecrire : HORLOGERIE NOUVELLE J 9, r. des Barres, 19» Bel fort (Territ ro de Belf or Nombreux Dépôts a Paris.     ■ ,</index>
            <genre source="hm" time="2019-09-29T13:37:23.308+02:00">publicite</genre>
            <genre source="final">publicite</genre>
          </ill>
        </ills>
      </page>
    </pages>
  </contenus>
</doc>