<analyseAlto>
  <metad>
    <type>P</type>
    <ID>bpt6k5977280</ID>
    <titre>La Presse</titre>
    <dateEdition>1914-01-18</dateEdition>
    <nbPage>4</nbPage>
    <suppl>FALSE</suppl>
  </metad>
  <contenus>
    <largeur>435</largeur>
    <hauteur>584</hauteur>
    <pages>
      <page ordre="1">
        <nbMot>733</nbMot>
        <blocTexte>57</blocTexte>
        <blocTab>0</blocTab>
        <blocPub>0</blocPub>
        <blocIllustration>6</blocIllustration>
        <ills/>
      </page>
      <page ordre="2">
        <nbMot>1354</nbMot>
        <blocTexte>174</blocTexte>
        <blocTab>0</blocTab>
        <blocPub>0</blocPub>
        <blocIllustration>4</blocIllustration>
        <ills/>
      </page>
      <page ordre="3">
        <nbMot>599</nbMot>
        <blocTexte>76</blocTexte>
        <blocTab>0</blocTab>
        <blocPub>0</blocPub>
        <blocIllustration>20</blocIllustration>
        <ills/>
      </page>
      <page ordre="4">
        <nbMot>713</nbMot>
        <blocTexte>262</blocTexte>
        <blocTab>0</blocTab>
        <blocPub>0</blocPub>
        <blocIllustration>14</blocIllustration>
        <ills>
          <ill couleur="gris" derniere="true" edit="1" h="2878" n="4-4" pub="1" taille="16" w="3097" x="155" y="2564">
            <leg>tsSïg s.</leg>
            <txt>DAHS LA UUnS poar LA VIS Que faut-U? BEAUCOUP D'OPI, HOBMRT voum eà tfomera on ACHETANT T»o KMOUX.PEIUJâa «t DIA MANTS. 1 m Ot(3A«e rrr aohète Rbconnaissances. ~ . 1U, SVB Z  AUfIOU, 1  BTAQB^ IMPRIMERIE DB LA PRESSB FRANÇAISE L ëom C oucmoi, 144. rue Montmartre. Ge (Sérvtt : ;</txt>
            <index>tsSïg s.DAHS LA UUnS poar LA VIS Que faut-U? BEAUCOUP D'OPI, HOBMRT voum eà tfomera on ACHETANT T»o KMOUX.PEIUJâa «t DIA MANTS. 1 m Ot(3A«e rrr aohète Rbconnaissances. ~ . 1U, SVB Z  AUfIOU, 1  BTAQB^ IMPRIMERIE DB LA PRESSB FRANÇAISE L ëom C oucmoi, 144. rue Montmartre. Ge (Sérvtt : ;</index>
            <genre source="hm" time="2019-09-29T13:35:04.309+02:00">publicite</genre>
            <genre source="final">publicite</genre>
            <genre source="hm" time="2019-09-29T13:35:16.375+02:00">publicite</genre>
          </ill>
          <ill couleur="gris" derniere="true" edit="1" h="1010" n="4-8" pub="1" taille="1" w="581" x="4325" y="4348">
            <txt>1 Pyjamas Très Ijeau tissa uni imitation parfaite de la soie (bleu, maXive, paille) 10 75</txt>
            <index>1 Pyjamas Très Ijeau tissa uni imitation parfaite de la soie (bleu, maXive, paille) 10 75</index>
            <genre source="hm" time="2019-09-29T13:35:11.539+02:00">publicite</genre>
            <genre source="final">publicite</genre>
          </ill>
        </ills>
      </page>
    </pages>
  </contenus>
</analyseAlto>