<analyseAlto>
  <metad>
    <type>P</type>
    <ID>bpt6k597798d</ID>
    <titre>La Presse</titre>
    <dateEdition>1914-03-30</dateEdition>
    <nbPage>4</nbPage>
    <suppl>FALSE</suppl>
  </metad>
  <contenus>
    <largeur>435</largeur>
    <hauteur>584</hauteur>
    <pages>
      <page ordre="1">
        <nbMot>772</nbMot>
        <blocTexte>56</blocTexte>
        <blocTab>0</blocTab>
        <blocPub>0</blocPub>
        <blocIllustration>7</blocIllustration>
        <ills/>
      </page>
      <page ordre="2">
        <nbMot>1081</nbMot>
        <blocTexte>44</blocTexte>
        <blocTab>0</blocTab>
        <blocPub>0</blocPub>
        <blocIllustration>4</blocIllustration>
        <ills/>
      </page>
      <page ordre="3">
        <nbMot>887</nbMot>
        <blocTexte>48</blocTexte>
        <blocTab>0</blocTab>
        <blocPub>0</blocPub>
        <blocIllustration>19</blocIllustration>
        <ills>
          <ill couleur="gris" edit="1" h="763" n="3-6" pub="1" taille="0" w="381" x="947" y="3279">
            <txt>36, Boulevard de Strasbourg ; 54, 56, 58,.60, rue du Chl'-sau-d'Eau ; 67, rue du Faubourg Sailli-Martin — P/iRiS Nos Magasins restent ouverts les Dimanches et jours de fêt ?. t J f fercmlre, laqucnwr \ Iml i decore 01% modelé ■ très solide. Complet: Isoin.; j mulnl ou ooutil. l matciiïs I lamctte,-2 orctiiers et tra- i .\evsni -pJ. p i pers. E- if 1 Pour 2 pers. f; OiJ</txt>
            <index>36, Boulevard de Strasbourg ; 54, 56, 58,.60, rue du Chl'-sau-d'Eau ; 67, rue du Faubourg Sailli-Martin — P/iRiS Nos Magasins restent ouverts les Dimanches et jours de fêt ?. t J f fercmlre, laqucnwr \ Iml i decore 01% modelé ■ très solide. Complet: Isoin.; j mulnl ou ooutil. l matciiïs I lamctte,-2 orctiiers et tra- i .\evsni -pJ. p i pers. E- if 1 Pour 2 pers. f; OiJ</index>
            <genre source="hm" time="2019-09-29T13:35:40.071+02:00">publicite</genre>
            <genre source="final">publicite</genre>
          </ill>
          <ill couleur="gris" edit="1" h="428" n="3-12" pub="1" taille="0" w="537" x="1389" y="3620">
            <txt>RECLAME ç a J am Louis XV, ciré noyer, sculptures soignées, couvert tissu oALwel -mutation tapisserie, intérieur et façon g gft fr. soignes. Occasion extraordinaire . • • E Ç AI I Ç 1 UltinEn laçon noyer ou acajou verni uALL S -1 § .'iË!f compren. : huBet. gîïfr. table, roade, .0 ciiaises eannees . Ow</txt>
            <index>RECLAME ç a J am Louis XV, ciré noyer, sculptures soignées, couvert tissu oALwel -mutation tapisserie, intérieur et façon g gft fr. soignes. Occasion extraordinaire . • • E Ç AI I Ç 1 UltinEn laçon noyer ou acajou verni uALL S -1 § .'iË!f compren. : huBet. gîïfr. table, roade, .0 ciiaises eannees . Ow</index>
            <genre source="hm" time="2019-09-29T13:35:49.246+02:00">publicite</genre>
            <genre source="final">publicite</genre>
          </ill>
        </ills>
      </page>
      <page ordre="4">
        <nbMot>1061</nbMot>
        <blocTexte>174</blocTexte>
        <blocTab>0</blocTab>
        <blocPub>0</blocPub>
        <blocIllustration>9</blocIllustration>
        <ills/>
      </page>
    </pages>
  </contenus>
</analyseAlto>