<doc>
  <metad>
    <type>P</type>
    <ID>bpt6k5968056</ID>
    <titre>La Presse</titre>
    <dateEdition>1911-07-07</dateEdition>
    <nbPage>4</nbPage>
    <suppl>FALSE</suppl>
  </metad>
  <contenus>
    <largeur>435</largeur>
    <hauteur>583</hauteur>
    <pages>
      <page ordre="1">
        <nbMot>842</nbMot>
        <blocTexte>46</blocTexte>
        <blocTab>0</blocTab>
        <blocPub>0</blocPub>
        <blocIllustration>9</blocIllustration>
        <ills/>
      </page>
      <page ordre="2">
        <nbMot>1016</nbMot>
        <blocTexte>41</blocTexte>
        <blocTab>0</blocTab>
        <blocPub>0</blocPub>
        <blocIllustration>3</blocIllustration>
        <ills/>
      </page>
      <page ordre="3">
        <nbMot>952</nbMot>
        <blocTexte>49</blocTexte>
        <blocTab>0</blocTab>
        <blocPub>0</blocPub>
        <blocIllustration>6</blocIllustration>
        <ills>
          <ill couleur="gris" edit="1" h="701" n="3-5" pub="1" taille="0" w="759" x="4160" y="2809">
            <leg>Odolparfume /haleine.</leg>
            <txt>organisée par la F.S.A., qui devait avoir lieu dimanche prochain., u juillet, est re portée au dimanche 23 juillet. Les nombreux;- engagements reçus siéront maintenus po-un- te juillet, à moins d'avis contraire des mite e e~ Pour tous reuseiennemants, s'adresser à' M, de Léliva, président-de la commission' d'.athlétisme de la F.S.A.. 57, râe de Châ- teauidum. R égor. LE SPOR T A L't. M. 5. La reunion de ce soir . Le Comité, de l'Iintermagasins-Sport est coi''- \oqué. d'urgence pour ce.soir a 9 heures, au siege social,, brasserie Le Galio, 14, rue Jean- Jacques-Rousseau. A l'ordre du jour • 1 ' Or ganisation des Ciliiallenge et. Champioinnat de Mtesse du 23 juillet- ; 2. Classification des cou leurs en deux catégories. La. piesence de MiM. les délégués est indis pensable. NEMO. ~çà ET LS - Le Stade Svint -Giai'manois fera disputer, dr- manebe, une epreuve sur route, reservee aux amateurs (Saiint-GermamAe.rnon et retour)r X Œ/'I-nstitet AetiofceclMttque de Sawit-Cyr-rEcole a eite org-aiiiise cet après-midi, en preseace d';un nomlbre- considérable de sportsmen- X : Le Grand. Prix Cycliste d.'Eu.rope, disputé hier a Dusseklorf, est gagne par Walthouir, eouvirant 7s kil. dans l'heure; ' X Parti hier soir, a   h. 30, de son hangar, la duniigeatole Astra-Tones évolua au-dessus d® Paris et rentra a Issv a 9 li. 35. X A'uijouTd.nui, a eu lieu ia oroisaere ae canots automobiles de C'audebec-en-Oa.ux au Havre (cinquième journée .de Paris à la Mer). X La prodliaiine réunion nootainie organisée ■par le Vélodrome Burfalo est fixée au jeudi 20 juillet, x A Amiens, dimanche prochain, se -dispute ront les Championnats de Francé de Natation, organisés par le Sport d'Anniens. •; ' Le pédestii-ian Louis Boucihard teaiteiru, ven dredi soir, à six heures, au Stade de Colombes, de battre le necord de la demi-ilieure. X En souvenir d'un vol de Gibert, la munici</txt>
            <index>Odolparfume /haleine.organisée par la F.S.A., qui devait avoir lieu dimanche prochain., u juillet, est re portée au dimanche 23 juillet. Les nombreux;- engagements reçus siéront maintenus po-un- te juillet, à moins d'avis contraire des mite e e~ Pour tous reuseiennemants, s'adresser à' M, de Léliva, président-de la commission' d'.athlétisme de la F.S.A.. 57, râe de Châ- teauidum. R égor. LE SPOR T A L't. M. 5. La reunion de ce soir . Le Comité, de l'Iintermagasins-Sport est coi''- \oqué. d'urgence pour ce.soir a 9 heures, au siege social,, brasserie Le Galio, 14, rue Jean- Jacques-Rousseau. A l'ordre du jour • 1 ' Or ganisation des Ciliiallenge et. Champioinnat de Mtesse du 23 juillet- ; 2. Classification des cou leurs en deux catégories. La. piesence de MiM. les délégués est indis pensable. NEMO. ~çà ET LS - Le Stade Svint -Giai'manois fera disputer, dr- manebe, une epreuve sur route, reservee aux amateurs (Saiint-GermamAe.rnon et retour)r X Œ/'I-nstitet AetiofceclMttque de Sawit-Cyr-rEcole a eite org-aiiiise cet après-midi, en preseace d';un nomlbre- considérable de sportsmen- X : Le Grand. Prix Cycliste d.'Eu.rope, disputé hier a Dusseklorf, est gagne par Walthouir, eouvirant 7s kil. dans l'heure; ' X Parti hier soir, a   h. 30, de son hangar, la duniigeatole Astra-Tones évolua au-dessus d® Paris et rentra a Issv a 9 li. 35. X A'uijouTd.nui, a eu lieu ia oroisaere ae canots automobiles de C'audebec-en-Oa.ux au Havre (cinquième journée .de Paris à la Mer). X La prodliaiine réunion nootainie organisée ■par le Vélodrome Burfalo est fixée au jeudi 20 juillet, x A Amiens, dimanche prochain, se -dispute ront les Championnats de Francé de Natation, organisés par le Sport d'Anniens. •; ' Le pédestii-ian Louis Boucihard teaiteiru, ven dredi soir, à six heures, au Stade de Colombes, de battre le necord de la demi-ilieure. X En souvenir d'un vol de Gibert, la munici</index>
            <genre source="hm" time="2019-09-29T13:30:23.247+02:00">publicite</genre>
            <genre source="final">publicite</genre>
          </ill>
        </ills>
      </page>
      <page ordre="4">
        <nbMot>1620</nbMot>
        <blocTexte>533</blocTexte>
        <blocTab>0</blocTab>
        <blocPub>0</blocPub>
        <blocIllustration>10</blocIllustration>
        <ills/>
      </page>
    </pages>
  </contenus>
</doc>