<analyseAlto>
  <metad>
    <type>P</type>
    <ID>bpt6k5964002</ID>
    <titre>La Presse</titre>
    <dateEdition>1910-05-28</dateEdition>
    <nbPage>4</nbPage>
    <suppl>FALSE</suppl>
  </metad>
  <contenus>
    <largeur>435</largeur>
    <hauteur>584</hauteur>
    <pages>
      <page ordre="1">
        <nbMot>811</nbMot>
        <blocTexte>38</blocTexte>
        <blocTab>0</blocTab>
        <blocPub>0</blocPub>
        <blocIllustration>2</blocIllustration>
        <ills/>
      </page>
      <page ordre="2">
        <nbMot>997</nbMot>
        <blocTexte>32</blocTexte>
        <blocTab>0</blocTab>
        <blocPub>0</blocPub>
        <blocIllustration>0</blocIllustration>
      </page>
      <page ordre="3">
        <nbMot>961</nbMot>
        <blocTexte>100</blocTexte>
        <blocTab>0</blocTab>
        <blocPub>0</blocPub>
        <blocIllustration>5</blocIllustration>
        <ills/>
      </page>
      <page ordre="4">
        <nbMot>1681</nbMot>
        <blocTexte>516</blocTexte>
        <blocTab>0</blocTab>
        <blocPub>0</blocPub>
        <blocIllustration>9</blocIllustration>
        <ills>
          <ill couleur="gris" derniere="true" edit="1" h="426" n="4-3" pub="1" taille="0" w="599" x="179" y="4206">
            <txt>M. Paniia.ll M. Pantall Raoul VV. Davis Lawrence W. Davis Cli. Carter W. CiHimfig-t E. Loig-h La-\\Teiice nietires env. - A. Carier A.-v. Chapman R. Sauvai Pauvrement Non partant - Non partant Patrick J. Oliapman Defej'er Non partant</txt>
            <index>M. Paniia.ll M. Pantall Raoul VV. Davis Lawrence W. Davis Cli. Carter W. CiHimfig-t E. Loig-h La-\\Teiice nietires env. - A. Carier A.-v. Chapman R. Sauvai Pauvrement Non partant - Non partant Patrick J. Oliapman Defej'er Non partant</index>
            <genre source="hm" time="2019-09-29T13:28:32.931+02:00">publicite</genre>
            <genre source="final">publicite</genre>
          </ill>
          <ill couleur="gris" derniere="true" edit="1" h="510" n="4-7" pub="1" taille="0" w="660" x="4304" y="3841">
            <leg>■ IfSi 1 8Î -îeTir.es labouraljie-s, a vendre,- pe- ffulllfli!) t.ute tooalue (Pas-de^alais) près gare, hginie d'Achiet a Cambrai ;.se retire, cau se veuvage ; .comprenant : .Maison d'Habita. •ion,, laïques «t ardoises ; 3:gr. pièces, 2 pet ; au 1 e .--, 5 .cit., 2 cab,; grenier aiu-dess.; grand pigeonnier, esur-ies p. chev. et vaches, g,péia, - à grams ; tr. gr. grange cottiv. -aoxioisesi ; 2-éeû mes .et etabtes a poires ; îoiurml, haaïg'ar, mag., i cv., ouiur ; 2 jard. pl. mpp. ent. de murs ; êian^e a fo;imriages ; pâmiiie et div. dépend. Terres labourables de 1 er ordre,-cliisséaniinéas, 25 heot. On peut s'»dt.auadre, en oiutire, 35 lieet'. d'ejuÇfiill. teriiy, que le. propr™ actuel cultive, ce qiid pou.tei-a.il, la.culture à 60 «u.65 Iieet-.; les baux tie.-. teuiMiS lottaes partent loonitaon env. .1 fr.. l'are. ..Ooiitea 0 tôt. Bâtiments. Jardins, Pâiure, 1 hact. C a. env. (3040) PRIX : 182,000 francs. Entrée jouissance octobre prochain, 3, rue Rocbechouart. 3 PARIS</leg>
            <txt>*A (Succursale). Rucftéaumur, . 13ï (Placc dc la Houne). -, ♦B. Boulevard Haitshtrbes, 41. ■ •C..Rue de Turbiao, SS. *L\ dt» Bac, 13. ■ *E. Avenus de ( Opéra, S, *P. /îtfe des ArcJtncs, 19. . ^ * S; Boni. Saint-iTtc/tel, 30. •H. Boulevard Voltaire, 2{.^ *L Bout. Saint-Germain, 23. •J. fluc du Font-Neuf, 1S. K. Rue de Passy, W . • L .- Bmc de Citchy, 72. . .. .. «M. IW dcSIrasImui-g.CStmiI.fll»!!®!») : »N. B.iti Faab.-Sn-int-Ifimoré.tù; . . 'O. Iiue SamV-Anlotnc, i * . P. Place d'J l'Opéra, l *. •R. Rue du lauvr.e^ 60.  S; rfu l-:aub .-Poissonnière, U. -*T; Avenuc.de liUters, 72. *V: RwdeSèvres,6. *V. Jioui. d? S^bQsfOPol, ii'i. *-VfiUuc de Flandre, 10o.  JLUvo rame, 1.(qare de Lyon). ' Y; nue Vicille-du-Tcmplerltt.- - Z. ^Boulevard Barbès;£t . AB. Rue Ordcncr lbS *AÔ. Rue Ucowrbe, 6J, •AD. Avenue.des Terna, W,. *AEÎ. vtueniw dOrléam, b. *AF. Rue Saint-bomîniqU4, f0$, AG. Avenue Ktébcr, (td. •AH.-jBo«fct arrf Vallatre, 15£, ♦AI. Rite Lafayette, 107.. *AJ. Av. des-Ch*-ÈlyUes t 91, - *AK. Rue de Rennes, 1 W. *AL. Avenue des GobeUns. 9, *AM.iîoul. Uaussmann. 413» AN. Rue de Betlcmlle, iî. - • »AO. R. DonizeUi, 4 (16* arr.V AP. Rnc du Ilavre;1 btg. *AR; Boul.-ilontmartre,1b. •AS. Rue de Consîantmople, $5, •AT. Place Victor-Hugo, 10. ■ •AU. Place Gambetia, AV. Rite Saint-Jlonoré, 319, *AW, Rite des Uarlyrs, 7, AX. Rue de Chabrol, bf. * Z.~Avenue Frxedland.1. . BF. /(pw.uî Vaumesnil, 197, •BK. Rue'du lemple, -0l . ■ r BL. Rue Au Commerce, J9. ' BM.Jî. du-Faub.rSt-JUarlin, VBN. Boul. Sébastopot, 3 r f-30. -</txt>
            <index>■ IfSi 1 8Î -îeTir.es labouraljie-s, a vendre,- pe- ffulllfli!) t.ute tooalue (Pas-de^alais) près gare, hginie d'Achiet a Cambrai ;.se retire, cau se veuvage ; .comprenant : .Maison d'Habita. •ion,, laïques «t ardoises ; 3:gr. pièces, 2 pet ; au 1 e .--, 5 .cit., 2 cab,; grenier aiu-dess.; grand pigeonnier, esur-ies p. chev. et vaches, g,péia, - à grams ; tr. gr. grange cottiv. -aoxioisesi ; 2-éeû mes .et etabtes a poires ; îoiurml, haaïg'ar, mag., i cv., ouiur ; 2 jard. pl. mpp. ent. de murs ; êian^e a fo;imriages ; pâmiiie et div. dépend. Terres labourables de 1 er ordre,-cliisséaniinéas, 25 heot. On peut s'»dt.auadre, en oiutire, 35 lieet'. d'ejuÇfiill. teriiy, que le. propr™ actuel cultive, ce qiid pou.tei-a.il, la.culture à 60 «u.65 Iieet-.; les baux tie.-. teuiMiS lottaes partent loonitaon env. .1 fr.. l'are. ..Ooiitea 0 tôt. Bâtiments. Jardins, Pâiure, 1 hact. C a. env. (3040) PRIX : 182,000 francs. Entrée jouissance octobre prochain, 3, rue Rocbechouart. 3 PARIS*A (Succursale). Rucftéaumur, . 13ï (Placc dc la Houne). -, ♦B. Boulevard Haitshtrbes, 41. ■ •C..Rue de Turbiao, SS. *L\ dt» Bac, 13. ■ *E. Avenus de ( Opéra, S, *P. /îtfe des ArcJtncs, 19. . ^ * S; Boni. Saint-iTtc/tel, 30. •H. Boulevard Voltaire, 2{.^ *L Bout. Saint-Germain, 23. •J. fluc du Font-Neuf, 1S. K. Rue de Passy, W . • L .- Bmc de Citchy, 72. . .. .. «M. IW dcSIrasImui-g.CStmiI.fll»!!®!») : »N. B.iti Faab.-Sn-int-Ifimoré.tù; . . 'O. Iiue SamV-Anlotnc, i * . P. Place d'J l'Opéra, l *. •R. Rue du lauvr.e^ 60.  S; rfu l-:aub .-Poissonnière, U. -*T; Avenuc.de liUters, 72. *V: RwdeSèvres,6. *V. Jioui. d? S^bQsfOPol, ii'i. *-VfiUuc de Flandre, 10o.  JLUvo rame, 1.(qare de Lyon). ' Y; nue Vicille-du-Tcmplerltt.- - Z. ^Boulevard Barbès;£t . AB. Rue Ordcncr lbS *AÔ. Rue Ucowrbe, 6J, •AD. Avenue.des Terna, W,. *AEÎ. vtueniw dOrléam, b. *AF. Rue Saint-bomîniqU4, f0$, AG. Avenue Ktébcr, (td. •AH.-jBo«fct arrf Vallatre, 15£, ♦AI. Rite Lafayette, 107.. *AJ. Av. des-Ch*-ÈlyUes t 91, - *AK. Rue de Rennes, 1 W. *AL. Avenue des GobeUns. 9, *AM.iîoul. Uaussmann. 413» AN. Rue de Betlcmlle, iî. - • »AO. R. DonizeUi, 4 (16* arr.V AP. Rnc du Ilavre;1 btg. *AR; Boul.-ilontmartre,1b. •AS. Rue de Consîantmople, $5, •AT. Place Victor-Hugo, 10. ■ •AU. Place Gambetia, AV. Rite Saint-Jlonoré, 319, *AW, Rite des Uarlyrs, 7, AX. Rue de Chabrol, bf. * Z.~Avenue Frxedland.1. . BF. /(pw.uî Vaumesnil, 197, •BK. Rue'du lemple, -0l . ■ r BL. Rue Au Commerce, J9. ' BM.Jî. du-Faub.rSt-JUarlin, VBN. Boul. Sébastopot, 3 r f-30. -</index>
            <genre source="hm" time="2019-09-29T13:28:31.216+02:00">publicite</genre>
            <genre source="final">publicite</genre>
          </ill>
        </ills>
      </page>
    </pages>
  </contenus>
</analyseAlto>