<doc>
  <metad>
    <type>P</type>
    <ID>bpt6k5976512</ID>
    <titre>La Presse</titre>
    <dateEdition>1913-11-02</dateEdition>
    <nbPage>4</nbPage>
    <suppl>FALSE</suppl>
  </metad>
  <contenus>
    <largeur>434</largeur>
    <hauteur>583</hauteur>
    <pages>
      <page ordre="1">
        <nbMot>742</nbMot>
        <blocTexte>49</blocTexte>
        <blocTab>0</blocTab>
        <blocPub>0</blocPub>
        <blocIllustration>5</blocIllustration>
        <ills/>
      </page>
      <page ordre="2">
        <nbMot>1037</nbMot>
        <blocTexte>37</blocTexte>
        <blocTab>0</blocTab>
        <blocPub>0</blocPub>
        <blocIllustration>4</blocIllustration>
        <ills/>
      </page>
      <page ordre="3">
        <nbMot>957</nbMot>
        <blocTexte>31</blocTexte>
        <blocTab>0</blocTab>
        <blocPub>0</blocPub>
        <blocIllustration>4</blocIllustration>
        <ills/>
      </page>
      <page ordre="4">
        <nbMot>1395</nbMot>
        <blocTexte>302</blocTexte>
        <blocTab>0</blocTab>
        <blocPub>0</blocPub>
        <blocIllustration>16</blocIllustration>
        <ills>
          <ill couleur="gris" derniere="true" edit="1" h="880" n="4-7" pub="1" taille="0" w="425" x="2550" y="4558">
            <leg>SIEGE SOCIAL</leg>
            <txt>Enghien. — Sources sulfureuses. Etablissement thermal. Casino. Concerts symphoniques dans le Jardin des Roses. — Music-Hall. . TIUR EIFFEL. Ouverte de 10 h.du matin à la nuit. Matinées au théâtre : dimanches et fêtes à 3 tl«</txt>
            <index>SIEGE SOCIALEnghien. — Sources sulfureuses. Etablissement thermal. Casino. Concerts symphoniques dans le Jardin des Roses. — Music-Hall. . TIUR EIFFEL. Ouverte de 10 h.du matin à la nuit. Matinées au théâtre : dimanches et fêtes à 3 tl«</index>
            <genre source="hm" time="2019-09-29T16:02:43.916+02:00">publicite</genre>
            <genre source="final">publicite</genre>
          </ill>
        </ills>
      </page>
    </pages>
  </contenus>
</doc>