<doc>
  <metad>
    <type>P</type>
    <ID>bpt6k600202k</ID>
    <titre>La Presse</titre>
    <dateEdition>1920-11-28</dateEdition>
    <nbPage>4</nbPage>
    <suppl>FALSE</suppl>
  </metad>
  <contenus>
    <largeur>433</largeur>
    <hauteur>579</hauteur>
    <pages>
      <page ordre="1">
        <nbMot>864</nbMot>
        <blocTexte>50</blocTexte>
        <blocTab>0</blocTab>
        <blocPub>0</blocPub>
        <blocIllustration>2</blocIllustration>
        <ills/>
      </page>
      <page ordre="2">
        <nbMot>1004</nbMot>
        <blocTexte>46</blocTexte>
        <blocTab>0</blocTab>
        <blocPub>0</blocPub>
        <blocIllustration>1</blocIllustration>
        <ills/>
      </page>
      <page ordre="3">
        <nbMot>918</nbMot>
        <blocTexte>82</blocTexte>
        <blocTab>0</blocTab>
        <blocPub>0</blocPub>
        <blocIllustration>12</blocIllustration>
        <ills>
          <ill couleur="gris" edit="1" h="939" n="3-5" pub="1" taille="0" w="238" x="534" y="4491">
            <txt>1 ^sClerÉirsii'AiprteMls Libre de suite L. 13. 19»'». — A louer a Malakoff. s mm. porte Diuot. chambre meuUlee confortable pour j-er^onne seule, i»   et. sur rue, 120 p.- mois, service comitr. L. 1*. litao. —f. A louer -, granae boutique .avec arriere-bontique compos. d une piece et cius.. ea.u. gaz.-eiectr..; loyer .2:000 fr. avec bail 12 ans. Petit fonds da commerce (te m -.rcîiand de vin et matériel a racheter dans 5» arrondissement. - L. P. i'JjS. — A louer .avec reprise , beau mobilier., appartement de a. p.. cuis., entree. ch.. de Iv. cliauft. cent., cao. toit., ascens.. salle ae i). gaz. electr.. o» et. sur ar-snue. loyer 2.7Q0 ir. avec bail. d. ave nue La Motte-Picqu-et. mes. Ecole Mrl-itaire.- L. P. 19 7. .4-- A -Tendre, • garage -106- m? • avec -local (6xu) sur terrain loue 500 fr.-par an,-avec 4 ans de bail, a Clicliv. L. P: 19o8. —. A -louer, belle. chambre conforta blement -metiWce, -2 fenetres avec baie.: sur rue, 200 fr. par mois, pour monsieur, dans: faubourg Saint-.Dcnis. - - . : L. P. 19,j9. — A louer avec reprise mobilier, appartement de :  p.. cuis., ent-ree. w.-c.. cliauff. cent..;eau. gaz. i«-sur rue. loyer i.jOO tr.. dans -la*. ECHANGES (Consulter tes adresses d notre Otlict) B. a8ô. — -3-échangé 1- o. culs., c. Cteb.. entrée, v.'. c.. eau. gaz. 3V.etag.. lov. av.-g. S50 fr. aans 140 contre 2 p. culs., eau.-gaz. lov. mas. 000 fr. dans 7e. 14 e . lôc ou 16' ou ban.beue limitrophe. A. 455. — J'échange belle chambre, lov. 140 fr. par an. aans 1 er arr. contr</txt>
            <index>1 ^sClerÉirsii'AiprteMls Libre de suite L. 13. 19»'». — A louer a Malakoff. s mm. porte Diuot. chambre meuUlee confortable pour j-er^onne seule, i»   et. sur rue, 120 p.- mois, service comitr. L. 1*. litao. —f. A louer -, granae boutique .avec arriere-bontique compos. d une piece et cius.. ea.u. gaz.-eiectr..; loyer .2:000 fr. avec bail 12 ans. Petit fonds da commerce (te m -.rcîiand de vin et matériel a racheter dans 5» arrondissement. - L. P. i'JjS. — A louer .avec reprise , beau mobilier., appartement de a. p.. cuis., entree. ch.. de Iv. cliauft. cent., cao. toit., ascens.. salle ae i). gaz. electr.. o» et. sur ar-snue. loyer 2.7Q0 ir. avec bail. d. ave nue La Motte-Picqu-et. mes. Ecole Mrl-itaire.- L. P. 19 7. .4-- A -Tendre, • garage -106- m? • avec -local (6xu) sur terrain loue 500 fr.-par an,-avec 4 ans de bail, a Clicliv. L. P: 19o8. —. A -louer, belle. chambre conforta blement -metiWce, -2 fenetres avec baie.: sur rue, 200 fr. par mois, pour monsieur, dans: faubourg Saint-.Dcnis. - - . : L. P. 19,j9. — A louer avec reprise mobilier, appartement de :  p.. cuis., ent-ree. w.-c.. cliauff. cent..;eau. gaz. i«-sur rue. loyer i.jOO tr.. dans -la*. ECHANGES (Consulter tes adresses d notre Otlict) B. a8ô. — -3-échangé 1- o. culs., c. Cteb.. entrée, v.'. c.. eau. gaz. 3V.etag.. lov. av.-g. S50 fr. aans 140 contre 2 p. culs., eau.-gaz. lov. mas. 000 fr. dans 7e. 14 e . lôc ou 16' ou ban.beue limitrophe. A. 455. — J'échange belle chambre, lov. 140 fr. par an. aans 1 er arr. contr</index>
            <genre source="hm" time="2019-09-29T13:48:22.978+02:00">publicite</genre>
            <genre source="final">publicite</genre>
          </ill>
        </ills>
      </page>
      <page ordre="4">
        <nbMot>1131</nbMot>
        <blocTexte>239</blocTexte>
        <blocTab>0</blocTab>
        <blocPub>0</blocPub>
        <blocIllustration>7</blocIllustration>
        <ills/>
      </page>
    </pages>
  </contenus>
</doc>