<analyseAlto>
  <metad>
    <type>P</type>
    <ID>bpt6k596757c</ID>
    <titre>La Presse</titre>
    <dateEdition>1911-05-20</dateEdition>
    <nbPage>4</nbPage>
    <suppl>FALSE</suppl>
  </metad>
  <contenus>
    <largeur>434</largeur>
    <hauteur>584</hauteur>
    <pages>
      <page ordre="1">
        <nbMot>709</nbMot>
        <blocTexte>37</blocTexte>
        <blocTab>0</blocTab>
        <blocPub>0</blocPub>
        <blocIllustration>14</blocIllustration>
        <ills/>
      </page>
      <page ordre="2">
        <nbMot>1327</nbMot>
        <blocTexte>286</blocTexte>
        <blocTab>0</blocTab>
        <blocPub>0</blocPub>
        <blocIllustration>1</blocIllustration>
        <ills/>
      </page>
      <page ordre="3">
        <nbMot>836</nbMot>
        <blocTexte>124</blocTexte>
        <blocTab>0</blocTab>
        <blocPub>0</blocPub>
        <blocIllustration>12</blocIllustration>
        <ills/>
      </page>
      <page ordre="4">
        <nbMot>1002</nbMot>
        <blocTexte>197</blocTexte>
        <blocTab>0</blocTab>
        <blocPub>0</blocPub>
        <blocIllustration>12</blocIllustration>
        <ills>
          <ill couleur="gris" derniere="true" edit="1" h="517" n="4-6" pub="1" taille="0" w="658" x="1939" y="5679">
            <leg>UN SEUL ES S A3 voua convaincra de l'incontestable supériorité des ïendus  AU PÊCHEUR ECOSSAIS 47. Rue joubert . PARia . Demandes le Catalogue IviO-lSll enooyè franco,.</leg>
            <txt>1 pour etre heureux QUE FAUT - IL ? UN PEU d OK - MAXIM : A achète i bijoux. diamants. perles au MAXIMUM l b i 3 Boul d des ITALIENS 2«Étage RECONNAISSANCES</txt>
            <index>UN SEUL ES S A3 voua convaincra de l'incontestable supériorité des ïendus  AU PÊCHEUR ECOSSAIS 47. Rue joubert . PARia . Demandes le Catalogue IviO-lSll enooyè franco,.1 pour etre heureux QUE FAUT - IL ? UN PEU d OK - MAXIM : A achète i bijoux. diamants. perles au MAXIMUM l b i 3 Boul d des ITALIENS 2«Étage RECONNAISSANCES</index>
            <genre source="hm" time="2019-09-29T13:29:38.904+02:00">publicite</genre>
            <genre source="final">publicite</genre>
          </ill>
        </ills>
      </page>
    </pages>
  </contenus>
</analyseAlto>