<analyseAlto>
  <metad>
    <type>P</type>
    <ID>bpt6k5985757</ID>
    <titre>La Presse</titre>
    <dateEdition>1916-05-18</dateEdition>
    <nbPage>2</nbPage>
    <suppl>FALSE</suppl>
  </metad>
  <contenus>
    <largeur>436</largeur>
    <hauteur>584</hauteur>
    <pages>
      <page ordre="1">
        <nbMot>863</nbMot>
        <blocTexte>60</blocTexte>
        <blocTab>0</blocTab>
        <blocPub>0</blocPub>
        <blocIllustration>3</blocIllustration>
        <ills/>
      </page>
      <page ordre="2">
        <nbMot>925</nbMot>
        <blocTexte>102</blocTexte>
        <blocTab>0</blocTab>
        <blocPub>0</blocPub>
        <blocIllustration>10</blocIllustration>
        <ills>
          <ill couleur="gris" derniere="true" edit="1" h="390" n="2-4" pub="1" taille="0" w="679" x="4233" y="1347">
            <txt>même chez soi sans. . _ _ _ Rétrécissements, etc. Conçoit, gratuite ou Correspond. | Discret.INSTITUT tlROOERMiQUEdo PARIS, 16.r. Fertlinand-Duval. 2 fq8s plus nutritif; ^ÛE LE BCEUF. ' BA7.3NDSÏT-Z /ES MRTGUT-</txt>
            <index>même chez soi sans. . _ _ _ Rétrécissements, etc. Conçoit, gratuite ou Correspond. | Discret.INSTITUT tlROOERMiQUEdo PARIS, 16.r. Fertlinand-Duval. 2 fq8s plus nutritif; ^ÛE LE BCEUF. ' BA7.3NDSÏT-Z /ES MRTGUT-</index>
            <genre source="hm" time="2019-09-29T13:45:00.409+02:00">publicite</genre>
            <genre source="final">publicite</genre>
          </ill>
        </ills>
      </page>
    </pages>
  </contenus>
</analyseAlto>