<doc>
  <metad>
    <type>P</type>
    <ID>bpt6k5972827</ID>
    <titre>La Presse</titre>
    <dateEdition>1912-10-27</dateEdition>
    <nbPage>4</nbPage>
    <suppl>FALSE</suppl>
  </metad>
  <contenus>
    <largeur>434</largeur>
    <hauteur>581</hauteur>
    <pages>
      <page ordre="1">
        <nbMot>748</nbMot>
        <blocTexte>46</blocTexte>
        <blocTab>0</blocTab>
        <blocPub>0</blocPub>
        <blocIllustration>13</blocIllustration>
        <ills/>
      </page>
      <page ordre="2">
        <nbMot>1080</nbMot>
        <blocTexte>28</blocTexte>
        <blocTab>0</blocTab>
        <blocPub>0</blocPub>
        <blocIllustration>9</blocIllustration>
        <ills/>
      </page>
      <page ordre="3">
        <nbMot>1007</nbMot>
        <blocTexte>65</blocTexte>
        <blocTab>0</blocTab>
        <blocPub>0</blocPub>
        <blocIllustration>5</blocIllustration>
        <ills/>
      </page>
      <page ordre="4">
        <nbMot>1705</nbMot>
        <blocTexte>647</blocTexte>
        <blocTab>0</blocTab>
        <blocPub>0</blocPub>
        <blocIllustration>10</blocIllustration>
        <ills>
          <ill couleur="gris" derniere="true" edit="1" h="607" n="4-5" pub="1" taille="0" w="789" x="4200" y="4663">
            <leg>ACHETER les solides et élégants Pardessus ou Complets</leg>
            <txt>ALGÉRIE-TUNISIE Billets de voyages à-itinéraires fixes, l ro et 2° classes,, délivrés à la gare de Paris-Lyon, ainsi que dans les principales gares situées su-r les itinéraires. Certaines combinaisons de ces voyages permettent de visiter, ron seulement /l'Algérie et la Tunisie, niais ..en core'des-parties plus ou moins étendues de l'Italie et de. l'Espagne. ■ . . ; 1 Voir, la - nome-ncliature complète de ces voyages circulaires 'dans le Livret-Guide Ho- ràiré - P.-L.-M. -en vente dans les ; garés, -bu reaux de ville, bibliothèques 0-fr, 60- '; en voi sur demande au service central.de l'ex ploitation, 20, boulevard Diderot, 'à Paris, .contre 0 Ir. 8û .m iiaifcrfî -.£oster~ . -- ODCtl  s r siGjf AT. Maison fondée en 189 4. Pas confond» .f STiSC. 1 Discret. Bï««AIfORI£U.70.xXafa7ette.ParieaI</txt>
            <index>ACHETER les solides et élégants Pardessus ou CompletsALGÉRIE-TUNISIE Billets de voyages à-itinéraires fixes, l ro et 2° classes,, délivrés à la gare de Paris-Lyon, ainsi que dans les principales gares situées su-r les itinéraires. Certaines combinaisons de ces voyages permettent de visiter, ron seulement /l'Algérie et la Tunisie, niais ..en core'des-parties plus ou moins étendues de l'Italie et de. l'Espagne. ■ . . ; 1 Voir, la - nome-ncliature complète de ces voyages circulaires 'dans le Livret-Guide Ho- ràiré - P.-L.-M. -en vente dans les ; garés, -bu reaux de ville, bibliothèques 0-fr, 60- '; en voi sur demande au service central.de l'ex ploitation, 20, boulevard Diderot, 'à Paris, .contre 0 Ir. 8û .m iiaifcrfî -.£oster~ . -- ODCtl  s r siGjf AT. Maison fondée en 189 4. Pas confond» .f STiSC. 1 Discret. Bï««AIfORI£U.70.xXafa7ette.ParieaI</index>
            <genre source="hm" time="2019-09-29T13:31:32.929+02:00">publicite</genre>
            <genre source="final">publicite</genre>
          </ill>
        </ills>
      </page>
    </pages>
  </contenus>
</doc>