<doc>
  <metad>
    <type>P</type>
    <ID>bpt6k600205q</ID>
    <titre>La Presse</titre>
    <dateEdition>1920-12-01</dateEdition>
    <nbPage>4</nbPage>
    <suppl>FALSE</suppl>
  </metad>
  <contenus>
    <largeur>433</largeur>
    <hauteur>580</hauteur>
    <pages>
      <page ordre="1">
        <nbMot>869</nbMot>
        <blocTexte>41</blocTexte>
        <blocTab>0</blocTab>
        <blocPub>0</blocPub>
        <blocIllustration>3</blocIllustration>
        <ills/>
      </page>
      <page ordre="2">
        <nbMot>1127</nbMot>
        <blocTexte>114</blocTexte>
        <blocTab>0</blocTab>
        <blocPub>0</blocPub>
        <blocIllustration>1</blocIllustration>
        <ills/>
      </page>
      <page ordre="3">
        <nbMot>871</nbMot>
        <blocTexte>125</blocTexte>
        <blocTab>0</blocTab>
        <blocPub>0</blocPub>
        <blocIllustration>11</blocIllustration>
        <ills>
          <ill couleur="gris" edit="1" h="637" n="3-7" pub="1" taille="0" w="662" x="4179" y="3710">
            <txt>d l\i m % oui mo-f arr.</txt>
            <index>•* *d l\i m % oui mo-f arr.</index>
            <genre source="hm" time="2019-09-29T13:48:15.64+02:00">publicite</genre>
            <genre source="final">publicite</genre>
          </ill>
          <ill couleur="gris" edit="1" h="1042" n="3-10" pub="1" taille="1" w="663" x="3281" y="4947">
            <leg>HiHïûBjiîE Clïev-sau glrcs Fabi-ication soignée '. • A.1 ticle. de luxe 62 fr.</leg>
            <index>HiHïûBjiîE Clïev-sau glrcs Fabi-ication soignée '. • A.1 ticle. de luxe 62 fr.1 1</index>
            <genre source="hm" time="2019-09-29T13:47:10.705+02:00">publicite</genre>
            <genre source="final">publicite</genre>
          </ill>
        </ills>
      </page>
      <page ordre="4">
        <nbMot>1464</nbMot>
        <blocTexte>374</blocTexte>
        <blocTab>0</blocTab>
        <blocPub>0</blocPub>
        <blocIllustration>6</blocIllustration>
        <ills/>
      </page>
    </pages>
  </contenus>
</doc>