<doc>
  <metad>
    <type>P</type>
    <ID>bpt6k6002152</ID>
    <titre>La Presse</titre>
    <dateEdition>1920-12-11</dateEdition>
    <nbPage>4</nbPage>
    <suppl>FALSE</suppl>
  </metad>
  <contenus>
    <largeur>433</largeur>
    <hauteur>580</hauteur>
    <pages>
      <page ordre="1">
        <nbMot>875</nbMot>
        <blocTexte>44</blocTexte>
        <blocTab>0</blocTab>
        <blocPub>0</blocPub>
        <blocIllustration>3</blocIllustration>
        <ills/>
      </page>
      <page ordre="2">
        <nbMot>997</nbMot>
        <blocTexte>31</blocTexte>
        <blocTab>0</blocTab>
        <blocPub>0</blocPub>
        <blocIllustration>0</blocIllustration>
      </page>
      <page ordre="3">
        <nbMot>932</nbMot>
        <blocTexte>50</blocTexte>
        <blocTab>0</blocTab>
        <blocPub>0</blocPub>
        <blocIllustration>12</blocIllustration>
        <ills/>
      </page>
      <page ordre="4">
        <nbMot>1374</nbMot>
        <blocTexte>439</blocTexte>
        <blocTab>0</blocTab>
        <blocPub>0</blocPub>
        <blocIllustration>8</blocIllustration>
        <ills>
          <ill couleur="gris" derniere="true" edit="1" h="719" n="4-6" pub="1" taille="0" w="664" x="4252" y="4514">
            <index>1 1</index>
            <genre source="hm" time="2019-09-29T13:47:34.095+02:00">publicite</genre>
            <genre source="final">publicite</genre>
          </ill>
        </ills>
      </page>
    </pages>
  </contenus>
</doc>