<doc>
  <metad>
    <type>P</type>
    <ID>bpt6k5967594</ID>
    <titre>La Presse</titre>
    <dateEdition>1911-05-22</dateEdition>
    <nbPage>4</nbPage>
    <suppl>FALSE</suppl>
  </metad>
  <contenus>
    <largeur>434</largeur>
    <hauteur>583</hauteur>
    <pages>
      <page ordre="1">
        <nbMot>700</nbMot>
        <blocTexte>41</blocTexte>
        <blocTab>0</blocTab>
        <blocPub>0</blocPub>
        <blocIllustration>16</blocIllustration>
        <ills/>
      </page>
      <page ordre="2">
        <nbMot>1035</nbMot>
        <blocTexte>23</blocTexte>
        <blocTab>0</blocTab>
        <blocPub>0</blocPub>
        <blocIllustration>2</blocIllustration>
        <ills/>
      </page>
      <page ordre="3">
        <nbMot>598</nbMot>
        <blocTexte>64</blocTexte>
        <blocTab>0</blocTab>
        <blocPub>0</blocPub>
        <blocIllustration>10</blocIllustration>
        <ills/>
      </page>
      <page ordre="4">
        <nbMot>1133</nbMot>
        <blocTexte>185</blocTexte>
        <blocTab>0</blocTab>
        <blocPub>0</blocPub>
        <blocIllustration>9</blocIllustration>
        <ills>
          <ill couleur="gris" derniere="true" edit="1" h="511" n="4-7" pub="1" taille="0" w="659" x="3533" y="4282">
            <index>1 1</index>
            <genre source="hm" time="2019-09-29T13:29:34.519+02:00">publicite</genre>
            <genre source="final">publicite</genre>
          </ill>
        </ills>
      </page>
    </pages>
  </contenus>
</doc>