<analyseAlto>
  <metad>
    <type>P</type>
    <ID>bpt6k5968022</ID>
    <titre>La Presse</titre>
    <dateEdition>1911-07-04</dateEdition>
    <nbPage>4</nbPage>
    <suppl>FALSE</suppl>
  </metad>
  <contenus>
    <largeur>434</largeur>
    <hauteur>584</hauteur>
    <pages>
      <page ordre="1">
        <nbMot>693</nbMot>
        <blocTexte>55</blocTexte>
        <blocTab>0</blocTab>
        <blocPub>0</blocPub>
        <blocIllustration>11</blocIllustration>
        <ills/>
      </page>
      <page ordre="2">
        <nbMot>1052</nbMot>
        <blocTexte>27</blocTexte>
        <blocTab>0</blocTab>
        <blocPub>0</blocPub>
        <blocIllustration>0</blocIllustration>
      </page>
      <page ordre="3">
        <nbMot>964</nbMot>
        <blocTexte>54</blocTexte>
        <blocTab>0</blocTab>
        <blocPub>0</blocPub>
        <blocIllustration>6</blocIllustration>
        <ills>
          <ill couleur="gris" edit="1" h="350" n="3-2" pub="1" taille="0" w="624" x="1806" y="3042">
            <contenuImg CS="1" lang="fr" source="hm" time="2020-04-08T17:40:14.028+02:00">vélo</contenuImg>
            <leg>Catalogue iranco GVGLES LABOR, 23, avenue du Roule, 23 Neuilly-sur-feeine ^ESCMlSm</leg>
            <txt>gàire IX, ,à- Hinstin, motetir Grégowe,- - coque Desjiujols, en 23 111. 2l-s. -3/5 -; 3. La- ■botr- JVy à. M-. M-cye^s-, moteisr tabor-Avia- tioni, !: coque V.. Desjj-ujoïfij. en 2i m. 29 fi., .Finale handicap : l. : Bou-boiV,. a. M;. Ro- geis, en 33 m. 11 s. 3/5 : 2. Rôdeur, à M. Le La s en 33 m. 54 s. 2 5 ; J. Ibis,    M. Ai ullée, en 31 m. 8 secondes. Paris à ta MfeV C'est aujourd'îrai-, à 8 iïefffte du .matin-, qu'a été doîrmé : 1-e;'départ de ta crd-isifere annuelle Paris à la Mer. Les concurrents ■■ont accompli l'etape Sures.nes-Vc4Tiiàn . EGO. Au Fronton Saint-James o-b-Rue de 'Lvngchnrirps (Neieelty) Hier,,au Fronton»Basque,, Kuiïsa i. Saint : Jà- ■mes, 5-i, rue de Longehaïiiip., a' .Neiiiillv ia ■ foule s'e-st presses, noiiibreuse- -, le terrips iri-. clament.;pendant.,-la: senVaine;. était passe ail soleil radieux. Tous les ; sipoi-tsïnen étaient■ v-enus pour acclame^- lè seul - et véritable .champion damToMe!, aviq-nito-dè CaiiïtiO. Simple, d-ebut ].usqi?ai la repMse*... Deux- .points a fcignalea*- au carftp ràuge au 36 a , .alors; ;que ChL-quito est au -15®. L'imimtâble C'àiiip bleu étant au M e potn't lorsque ij'iTutia n'é tait qu'au-40«s -fit une req^rise magnifique et reigagna- 4 points par de tera-iJ les battes bas ses ; niais .Ctiiquitô --de Catailîo vepri t le 5-i» ip aï* un maître coup, poar- côiitinuer à êtrè m'aï- trè du fenret gagner.fla'r OO^j-47.- (.l'ns:- Gi-ànde-,Sefiha.me-' de- Championnat^ dfi mofrde- avec -10,000 frafies de prix,- go'ii's : le pat LES GROS EVKNTs NAUTIQUES taire fiso n M à la Celui d'Hier et celui du 30 juillet .. La Presse a dit combien fut infcéressanté lïi fcàta.-îlle na'UtnJue;qui- s'est déroulée hier iîti l'ont Natioîiai au Pont do Grenelle, ea- tije les .nïeill-éurs nagaurs 1 professionnels. . La victoire ! est- rest-fee-, une»fois de pliisj au nte'-veîlleiix bav-td BiJhngt.on t|Ui, parti soratehm a.îii a s rejoint-, successivement tous sets concurrents pour finalement r arriver- seul 5 minutes avant-Je second. Voici, d'.a il- teln-s, i'oixli'é ollîciel des arrive-és : -. 1. Bitlnigtoiii a 5 11 43 m. 30 s.; 2. Labbé, à 5 ; il-, 48. m. 35 s.; 3. ChiretiWi à 5 h. 49 m. 50 s.; 4- Martouet-, à 5 li. 50 111.5 5. Simon- Là-vogadé, à 5 h. 52 111. 30 s.; G. Georges Mi chel,'à 5 li. 53 m.; 7. Pau lus, à 5 h. 54 m. 30 s.; 8. Burgess, a 5 h. 58 m.; 9. Maurice Lavogaftc, a ti h 2 m. 30 s.; 10. Gasparetti, à 611V 15. Le classement par temps 1. Bilhngton,. en. 2 h. 15 ; 2. Chrétién, en 2 h. 30 i». 50, s: ; 3. Hanouet* en 2 h. 31 111. 4. Georges Michel, eu 2. h. 34 m. ; 5. Simoii Lavogad«, en 2 h. 43 m\ ; G. Labbé, en 2 h. 18 m. 30 s. ; 7. Paulus, en. 2 h. 49 m. 45 s.; 8. Maurice La.vofrad©  en 2 li. 53 m. ; 9. Borg-ess, en 2 h. 53 m. 15 s. ; 10. Gasparetti, en 3 h. 43 secondes. A lii suite de 1 épreuve d'hier le palma rès de !: Paris à'la Nage; s'établit comme- suit • lâ05 : Paulus (Français), en 3 h. 39 -; 1906-: Bda^'ôm (Fï-ançanè)-, en •?, h. 6 ; 1907 : Billington (Anglais), en 2 h. 18 nr. 27 s. ;: 1^ : Bil</txt>
            <index>Catalogue iranco GVGLES LABOR, 23, avenue du Roule, 23 Neuilly-sur-feeine ^ESCMlSmgàire IX, ,à- Hinstin, motetir Grégowe,- - coque Desjiujols, en 23 111. 2l-s. -3/5 -; 3. La- ■botr- JVy à. M-. M-cye^s-, moteisr tabor-Avia- tioni, !: coque V.. Desjj-ujoïfij. en 2i m. 29 fi., .Finale handicap : l. : Bou-boiV,. a. M;. Ro- geis, en 33 m. 11 s. 3/5 : 2. Rôdeur, à M. Le La s en 33 m. 54 s. 2 5 ; J. Ibis,    M. Ai ullée, en 31 m. 8 secondes. Paris à ta MfeV C'est aujourd'îrai-, à 8 iïefffte du .matin-, qu'a été doîrmé : 1-e;'départ de ta crd-isifere annuelle Paris à la Mer. Les concurrents ■■ont accompli l'etape Sures.nes-Vc4Tiiàn . EGO. Au Fronton Saint-James o-b-Rue de 'Lvngchnrirps (Neieelty) Hier,,au Fronton»Basque,, Kuiïsa i. Saint : Jà- ■mes, 5-i, rue de Longehaïiiip., a' .Neiiiillv ia ■ foule s'e-st presses, noiiibreuse- -, le terrips iri-. clament.;pendant.,-la: senVaine;. était passe ail soleil radieux. Tous les ; sipoi-tsïnen étaient■ v-enus pour acclame^- lè seul - et véritable .champion damToMe!, aviq-nito-dè CaiiïtiO. Simple, d-ebut ].usqi?ai la repMse*... Deux- .points a fcignalea*- au carftp ràuge au 36 a , .alors; ;que ChL-quito est au -15®. L'imimtâble C'àiiip bleu étant au M e potn't lorsque ij'iTutia n'é tait qu'au-40«s -fit une req^rise magnifique et reigagna- 4 points par de tera-iJ les battes bas ses ; niais .Ctiiquitô --de Catailîo vepri t le 5-i» ip aï* un maître coup, poar- côiitinuer à êtrè m'aï- trè du fenret gagner.fla'r OO^j-47.- (.l'ns:- Gi-ànde-,Sefiha.me-' de- Championnat^ dfi mofrde- avec -10,000 frafies de prix,- go'ii's : le pat LES GROS EVKNTs NAUTIQUES taire fiso n M à la Celui d'Hier et celui du 30 juillet .. La Presse a dit combien fut infcéressanté lïi fcàta.-îlle na'UtnJue;qui- s'est déroulée hier iîti l'ont Natioîiai au Pont do Grenelle, ea- tije les .nïeill-éurs nagaurs 1 professionnels. . La victoire ! est- rest-fee-, une»fois de pliisj au nte'-veîlleiix bav-td BiJhngt.on t|Ui, parti soratehm a.îii a s rejoint-, successivement tous sets concurrents pour finalement r arriver- seul 5 minutes avant-Je second. Voici, d'.a il- teln-s, i'oixli'é ollîciel des arrive-és : -. 1. Bitlnigtoiii a 5 11 43 m. 30 s.; 2. Labbé, à 5 ; il-, 48. m. 35 s.; 3. ChiretiWi à 5 h. 49 m. 50 s.; 4- Martouet-, à 5 li. 50 111.5 5. Simon- Là-vogadé, à 5 h. 52 111. 30 s.; G. Georges Mi chel,'à 5 li. 53 m.; 7. Pau lus, à 5 h. 54 m. 30 s.; 8. Burgess, a 5 h. 58 m.; 9. Maurice Lavogaftc, a ti h 2 m. 30 s.; 10. Gasparetti, à 611V 15. Le classement par temps 1. Bilhngton,. en. 2 h. 15 ; 2. Chrétién, en 2 h. 30 i». 50, s: ; 3. Hanouet* en 2 h. 31 111. 4. Georges Michel, eu 2. h. 34 m. ; 5. Simoii Lavogad«, en 2 h. 43 m\ ; G. Labbé, en 2 h. 18 m. 30 s. ; 7. Paulus, en. 2 h. 49 m. 45 s.; 8. Maurice La.vofrad©  en 2 li. 53 m. ; 9. Borg-ess, en 2 h. 53 m. 15 s. ; 10. Gasparetti, en 3 h. 43 secondes. A lii suite de 1 épreuve d'hier le palma rès de !: Paris à'la Nage; s'établit comme- suit • lâ05 : Paulus (Français), en 3 h. 39 -; 1906-: Bda^'ôm (Fï-ançanè)-, en •?, h. 6 ; 1907 : Billington (Anglais), en 2 h. 18 nr. 27 s. ;: 1^ : Bil</index>
            <genre source="hm" time="2019-09-29T13:37:53.883+02:00">publicite</genre>
            <genre source="final">publicite</genre>
            <contenuImg CS="1" lang="en" source="hm" time="2020-04-08T17:40:14.028+02:00">bicycle</contenuImg>
          </ill>
        </ills>
      </page>
      <page ordre="4">
        <nbMot>1654</nbMot>
        <blocTexte>302</blocTexte>
        <blocTab>0</blocTab>
        <blocPub>0</blocPub>
        <blocIllustration>11</blocIllustration>
        <ills/>
      </page>
    </pages>
  </contenus>
</analyseAlto>