<analyseAlto>
  <metad>
    <type>P</type>
    <ID>bpt6k596744w</ID>
    <titre>La Presse</titre>
    <dateEdition>1911-05-07</dateEdition>
    <nbPage>4</nbPage>
    <suppl>FALSE</suppl>
  </metad>
  <contenus>
    <largeur>435</largeur>
    <hauteur>584</hauteur>
    <pages>
      <page ordre="1">
        <nbMot>791</nbMot>
        <blocTexte>62</blocTexte>
        <blocTab>0</blocTab>
        <blocPub>0</blocPub>
        <blocIllustration>5</blocIllustration>
        <ills/>
      </page>
      <page ordre="2">
        <nbMot>1398</nbMot>
        <blocTexte>341</blocTexte>
        <blocTab>0</blocTab>
        <blocPub>0</blocPub>
        <blocIllustration>5</blocIllustration>
        <ills/>
      </page>
      <page ordre="3">
        <nbMot>734</nbMot>
        <blocTexte>53</blocTexte>
        <blocTab>0</blocTab>
        <blocPub>0</blocPub>
        <blocIllustration>7</blocIllustration>
        <ills>
          <ill couleur="gris" edit="1" h="513" n="3-3" pub="1" taille="0" w="660" x="974" y="4240">
            <leg>UN SEUL ESSAI. tous convaincra de l'incontestable supériorité des</leg>
            <txt>Arcueil-Cachan (gare du- Luxembourg). — Fete de Caclian : défile-de trompettes, couxses evelistes et pédestres, trompes de c,nasse, la- cîier de pigeons, concert, bal. Lundi : ]eux et courses pour les enfants, feu d'artifice, audi tion-de trompettes. Ballainvilliers (gare d'Orléans). — Fête pa tronale : leux forains, concert, tir, bal. Bassevelle tgare de l'Est). — Fête foraine, jeux champêtres, concours de tir, bal. Chaloux.-Moulmo.iix- (gare uOïk-uns). — Concours régional de tir. - Ghatilicnsous-Eagneux ift inwai i-aint Germain-des-Prés).:— Fete communale.: en- levement d'un ballon, rallye-ballou,. conçei-t,. tir, leux'fora.ins, bal. .. Cliohy {gare Saint-Lazare). Fete ioraine place de la Repunitque : .tHeâtres, maneges, attractions diverses; .concert, bal. Corbeit-Essonnes (gare de Lyon). — Con cours de tir de la Société mixte de 1 arrondis sement. - Rosny-sous Eois (gare de IEst). — Concouib publie de tir au stand communal. Saint-Denis (gare du îsord). — lete de la. 'Gare : concerts, jeux et attractions, balr CourîsevtHe (gare Saint-Lazare). — Fcie de la place du Port : concert-, concours divers, attractions foraines, tir, bal. - Crosne (gare de Lyon). — Fete foraine, con cert, concours de tir, jeux varies, liai. Eaubcnne (gare duTxOixl'). — Fete (lu mil lion de la société l'Avenir et, pose de la pre mière pierre-de. sa. centième :maison, lete. charnu etre. Everly (gare de Lvon). -r- Concours public de.tir de l y « Avant-Garde ». Ivry-Cenlre. igare dOrleans). — .Ce soir,  Mnteuil concert-, lenx, attractions foraines, bal. - Quatcrztenre atronc5issc nenj. — rc'e forai ne, avenue du Maine. . Dix-neuvieme arrondlesement. — Fete forai ne du Pont de Flandre.</txt>
            <index>UN SEUL ESSAI. tous convaincra de l'incontestable supériorité desArcueil-Cachan (gare du- Luxembourg). — Fete de Caclian : défile-de trompettes, couxses evelistes et pédestres, trompes de c,nasse, la- cîier de pigeons, concert, bal. Lundi : ]eux et courses pour les enfants, feu d'artifice, audi tion-de trompettes. Ballainvilliers (gare d'Orléans). — Fête pa tronale : leux forains, concert, tir, bal. Bassevelle tgare de l'Est). — Fête foraine, jeux champêtres, concours de tir, bal. Chaloux.-Moulmo.iix- (gare uOïk-uns). — Concours régional de tir. - Ghatilicnsous-Eagneux ift inwai i-aint Germain-des-Prés).:— Fete communale.: en- levement d'un ballon, rallye-ballou,. conçei-t,. tir, leux'fora.ins, bal. .. Cliohy {gare Saint-Lazare). Fete ioraine place de la Repunitque : .tHeâtres, maneges, attractions diverses; .concert, bal. Corbeit-Essonnes (gare de Lyon). — Con cours de tir de la Société mixte de 1 arrondis sement. - Rosny-sous Eois (gare de IEst). — Concouib publie de tir au stand communal. Saint-Denis (gare du îsord). — lete de la. 'Gare : concerts, jeux et attractions, balr CourîsevtHe (gare Saint-Lazare). — Fcie de la place du Port : concert-, concours divers, attractions foraines, tir, bal. - Crosne (gare de Lyon). — Fete foraine, con cert, concours de tir, jeux varies, liai. Eaubcnne (gare duTxOixl'). — Fete (lu mil lion de la société l'Avenir et, pose de la pre mière pierre-de. sa. centième :maison, lete. charnu etre. Everly (gare de Lvon). -r- Concours public de.tir de l y « Avant-Garde ». Ivry-Cenlre. igare dOrleans). — .Ce soir,  Mnteuil concert-, lenx, attractions foraines, bal. - Quatcrztenre atronc5issc nenj. — rc'e forai ne, avenue du Maine. . Dix-neuvieme arrondlesement. — Fete forai ne du Pont de Flandre.</index>
            <genre source="hm" time="2019-09-29T13:29:40.258+02:00">publicite</genre>
            <genre source="final">publicite</genre>
          </ill>
        </ills>
      </page>
      <page ordre="4">
        <nbMot>889</nbMot>
        <blocTexte>146</blocTexte>
        <blocTab>0</blocTab>
        <blocPub>0</blocPub>
        <blocIllustration>17</blocIllustration>
        <ills/>
      </page>
    </pages>
  </contenus>
</analyseAlto>