<analyseAlto>
  <metad>
    <type>P</type>
    <ID>bpt6k596679h</ID>
    <titre>La Presse</titre>
    <dateEdition>1911-03-03</dateEdition>
    <nbPage>4</nbPage>
    <suppl>FALSE</suppl>
  </metad>
  <contenus>
    <largeur>434</largeur>
    <hauteur>582</hauteur>
    <pages>
      <page ordre="1">
        <nbMot>777</nbMot>
        <blocTexte>36</blocTexte>
        <blocTab>0</blocTab>
        <blocPub>0</blocPub>
        <blocIllustration>6</blocIllustration>
        <ills/>
      </page>
      <page ordre="2">
        <nbMot>1040</nbMot>
        <blocTexte>34</blocTexte>
        <blocTab>0</blocTab>
        <blocPub>0</blocPub>
        <blocIllustration>3</blocIllustration>
        <ills/>
      </page>
      <page ordre="3">
        <nbMot>1025</nbMot>
        <blocTexte>59</blocTexte>
        <blocTab>0</blocTab>
        <blocPub>0</blocPub>
        <blocIllustration>6</blocIllustration>
        <ills>
          <ill couleur="gris" edit="1" h="621" n="3-3" pub="1" taille="0" w="768" x="4210" y="2436">
            <leg>1 ^,s_ C Ji cou* serve les dents blanches, propres et saines. 'Elle assure a la bouche une delicieuse fraîcheur et la laisse ira» pregnee d 'un parfum agreable ; elle fait de la toilette un doux moment de bien -être général. L 'Odol est sans rival, et l 'essayer, c 'est l 'adopter pour toujours.</leg>
            <index>1 ^,s_ C Ji cou* serve les dents blanches, propres et saines. 'Elle assure a la bouche une delicieuse fraîcheur et la laisse ira» pregnee d 'un parfum agreable ; elle fait de la toilette un doux moment de bien -être général. L 'Odol est sans rival, et l 'essayer, c 'est l 'adopter pour toujours.1 vil «»'/, «</index>
            <genre source="hm" time="2019-09-29T13:29:14.028+02:00">publicite</genre>
            <genre source="final">publicite</genre>
          </ill>
        </ills>
      </page>
      <page ordre="4">
        <nbMot>1727</nbMot>
        <blocTexte>515</blocTexte>
        <blocTab>0</blocTab>
        <blocPub>0</blocPub>
        <blocIllustration>14</blocIllustration>
        <ills/>
      </page>
    </pages>
  </contenus>
</analyseAlto>