<analyseAlto>
  <metad>
    <type>P</type>
    <ID>bpt6k600204b</ID>
    <titre>La Presse</titre>
    <dateEdition>1920-11-30</dateEdition>
    <nbPage>4</nbPage>
    <suppl>FALSE</suppl>
  </metad>
  <contenus>
    <largeur>433</largeur>
    <hauteur>578</hauteur>
    <pages>
      <page ordre="1">
        <nbMot>891</nbMot>
        <blocTexte>56</blocTexte>
        <blocTab>0</blocTab>
        <blocPub>0</blocPub>
        <blocIllustration>5</blocIllustration>
        <ills/>
      </page>
      <page ordre="2">
        <nbMot>1008</nbMot>
        <blocTexte>67</blocTexte>
        <blocTab>0</blocTab>
        <blocPub>0</blocPub>
        <blocIllustration>2</blocIllustration>
        <ills/>
      </page>
      <page ordre="3">
        <nbMot>730</nbMot>
        <blocTexte>79</blocTexte>
        <blocTab>0</blocTab>
        <blocPub>0</blocPub>
        <blocIllustration>17</blocIllustration>
        <ills>
          <ill couleur="gris" edit="1" h="1047" n="3-15" pub="1" taille="1" w="674" x="3276" y="5016">
            <index>1 1</index>
            <genre source="hm" time="2019-09-29T13:47:08.525+02:00">publicite</genre>
            <genre source="final">publicite</genre>
          </ill>
        </ills>
      </page>
      <page ordre="4">
        <nbMot>1389</nbMot>
        <blocTexte>371</blocTexte>
        <blocTab>0</blocTab>
        <blocPub>0</blocPub>
        <blocIllustration>7</blocIllustration>
        <ills/>
      </page>
    </pages>
  </contenus>
</analyseAlto>