<analyseAlto>
  <metad>
    <type>P</type>
    <ID>bpt6k5972751</ID>
    <titre>La Presse</titre>
    <dateEdition>1912-10-20</dateEdition>
    <nbPage>4</nbPage>
    <suppl>FALSE</suppl>
  </metad>
  <contenus>
    <largeur>433</largeur>
    <hauteur>582</hauteur>
    <pages>
      <page ordre="1">
        <nbMot>654</nbMot>
        <blocTexte>48</blocTexte>
        <blocTab>0</blocTab>
        <blocPub>0</blocPub>
        <blocIllustration>11</blocIllustration>
        <ills/>
      </page>
      <page ordre="2">
        <nbMot>1271</nbMot>
        <blocTexte>228</blocTexte>
        <blocTab>0</blocTab>
        <blocPub>0</blocPub>
        <blocIllustration>9</blocIllustration>
        <ills/>
      </page>
      <page ordre="3">
        <nbMot>714</nbMot>
        <blocTexte>72</blocTexte>
        <blocTab>0</blocTab>
        <blocPub>0</blocPub>
        <blocIllustration>17</blocIllustration>
        <ills>
          <ill couleur="gris" edit="1" h="1167" n="3-7" pub="1" taille="1" w="792" x="1732" y="3918">
            <leg>CHAPEAUX</leg>
            <txt>ROBE velours croisé noir ou manne ornee dépassants et boutons sntin couleur, col dentelle fantaisie, 45. CHEMISETTE crêpe de Chine tout soie. An en garnie plis, fins et col broderie anglaise I t.OU</txt>
            <index>CHAPEAUXROBE velours croisé noir ou manne ornee dépassants et boutons sntin couleur, col dentelle fantaisie, 45. CHEMISETTE crêpe de Chine tout soie. An en garnie plis, fins et col broderie anglaise I t.OU</index>
            <genre source="hm" time="2019-09-29T13:31:29.423+02:00">publicite</genre>
            <genre source="final">publicite</genre>
          </ill>
        </ills>
      </page>
      <page ordre="4">
        <nbMot>745</nbMot>
        <blocTexte>147</blocTexte>
        <blocTab>0</blocTab>
        <blocPub>0</blocPub>
        <blocIllustration>37</blocIllustration>
        <ills/>
      </page>
    </pages>
  </contenus>
</analyseAlto>