<doc>
  <metad>
    <type>P</type>
    <ID>bpt6k600040k</ID>
    <titre>La Presse</titre>
    <dateEdition>1920-06-19</dateEdition>
    <nbPage>4</nbPage>
    <suppl>FALSE</suppl>
  </metad>
  <contenus>
    <largeur>437</largeur>
    <hauteur>585</hauteur>
    <pages>
      <page ordre="1">
        <nbMot>737</nbMot>
        <blocTexte>44</blocTexte>
        <blocTab>0</blocTab>
        <blocPub>0</blocPub>
        <blocIllustration>12</blocIllustration>
        <ills/>
      </page>
      <page ordre="2">
        <nbMot>1023</nbMot>
        <blocTexte>39</blocTexte>
        <blocTab>0</blocTab>
        <blocPub>0</blocPub>
        <blocIllustration>4</blocIllustration>
        <ills/>
      </page>
      <page ordre="3">
        <nbMot>958</nbMot>
        <blocTexte>54</blocTexte>
        <blocTab>0</blocTab>
        <blocPub>0</blocPub>
        <blocIllustration>3</blocIllustration>
        <ills/>
      </page>
      <page ordre="4">
        <nbMot>724</nbMot>
        <blocTexte>100</blocTexte>
        <blocTab>0</blocTab>
        <blocPub>0</blocPub>
        <blocIllustration>12</blocIllustration>
        <ills>
          <ill couleur="gris" derniere="true" edit="1" h="1542" n="4-5" pub="1" taille="2" w="988" x="229" y="4598">
            <txt>Train de nuit pour Mulhouse et llâle Aller.' —   Paris, - dèp: - 21' h.; Mulhouse, arr. t h.; Bâle, 9 b. 11. , Retour. — Bâle, dèp. 16 h. 47 ; Mulhouse. 17 h. 50 ; Paris, arr. 5 h. 85. A la même date, le train ouiitant Paris 4 20 h. 20 à destination de Metz, partira à 21 U, 3\ IMPRIMERIE DE LA PRESSE FRANÇAISE 144, rue MoEtmartre, Paris (II e arr*) Le (lérsnt : Edouard maïîmajoo,</txt>
            <index>Train de nuit pour Mulhouse et llâle Aller.' —   Paris, - dèp: - 21' h.; Mulhouse, arr. t h.; Bâle, 9 b. 11. , Retour. — Bâle, dèp. 16 h. 47 ; Mulhouse. 17 h. 50 ; Paris, arr. 5 h. 85. A la même date, le train ouiitant Paris 4 20 h. 20 à destination de Metz, partira à 21 U, 3\ IMPRIMERIE DE LA PRESSE FRANÇAISE 144, rue MoEtmartre, Paris (II e arr*) Le (lérsnt : Edouard maïîmajoo,</index>
            <genre source="hm" time="2019-09-29T13:46:45.693+02:00">publicite</genre>
            <genre source="final">publicite</genre>
          </ill>
          <ill couleur="gris" derniere="true" edit="1" h="874" n="4-9" pub="1" taille="0" w="495" x="2851" y="5431">
            <leg>Grand choix de. CHAPEAUX modèles à veadus avec</leg>
            <txt>joJd éesffiS f Mercerie OUVRAGES,de DAMES  Soldées , . 2O-f f 50UL!ERS ^fantaisiep'ciames chevreau. . et ci Jim /nuancés mode /ou verni Roupie, Jval.UOf 125!</txt>
            <index>Grand choix de. CHAPEAUX modèles à veadus avecjoJd éesffiS f Mercerie OUVRAGES,de DAMES  Soldées , . 2O-f f 50UL!ERS ^fantaisiep'ciames chevreau. . et ci Jim /nuancés mode /ou verni Roupie, Jval.UOf 125!</index>
            <genre source="hm" time="2019-09-29T13:46:42.011+02:00">publicite</genre>
            <genre source="final">publicite</genre>
          </ill>
        </ills>
      </page>
    </pages>
  </contenus>
</doc>