<analyseAlto>
  <metad>
    <type>P</type>
    <ID>bpt6k5963841</ID>
    <titre>La Presse</titre>
    <dateEdition>1910-05-12</dateEdition>
    <nbPage>4</nbPage>
    <suppl>FALSE</suppl>
  </metad>
  <contenus>
    <largeur>434</largeur>
    <hauteur>584</hauteur>
    <pages>
      <page ordre="1">
        <nbMot>847</nbMot>
        <blocTexte>54</blocTexte>
        <blocTab>0</blocTab>
        <blocPub>0</blocPub>
        <blocIllustration>6</blocIllustration>
        <ills/>
      </page>
      <page ordre="2">
        <nbMot>943</nbMot>
        <blocTexte>39</blocTexte>
        <blocTab>0</blocTab>
        <blocPub>0</blocPub>
        <blocIllustration>2</blocIllustration>
        <ills/>
      </page>
      <page ordre="3">
        <nbMot>1020</nbMot>
        <blocTexte>79</blocTexte>
        <blocTab>0</blocTab>
        <blocPub>0</blocPub>
        <blocIllustration>5</blocIllustration>
        <ills/>
      </page>
      <page ordre="4">
        <nbMot>1629</nbMot>
        <blocTexte>529</blocTexte>
        <blocTab>0</blocTab>
        <blocPub>0</blocPub>
        <blocIllustration>10</blocIllustration>
        <ills>
          <ill couleur="gris" derniere="true" edit="1" h="482" n="4-7" pub="1" taille="0" w="764" x="3458" y="4951">
            <leg>■ Le gérant .- lêoh C ouchoî ..</leg>
            <txt>5,000 fr. en i-- lîypoîheïj. est .recherché 1 -fillil-1 sur une Mansen située dans chef-liau ca-ntou Hsiivte-Saua-e:U-ne partie est louée 200 ». L'auitre e-slu occupée p. le Propriet 0 Mecafliiciein. Union des Industries, S3, rue d'Hauteville. ■ imPrAf T Mercerie^., bonneterie, arfcicl.Paris. chaussures .esc:,: de gr. ville - F,st lou.J IS65), fais 1 250.000 fr Aff. reeh. ooirtmandite 40.000 fr. p f .don. extension. Tout repos, u.nian-. Industries,-fô r r. : d-HauteviUe; banque d'athèmes SOCIHE INOSnti. tWT. U,l». : 'W MILLIONS ■ AUGMENTATION DU CAPITAL Émission de î»0.000 Actions Nouvelle:; L'Assemblée générale du 25 Déo.1909 a autorisé l'aug mentation du capital de Dr. 40 à 60 Millions. : Xe'Const , .il l usantde!afacnltéaccordée ; acréélCOiCOO Actions nouvelles, dontoO.OOO réservées par pré'- fererteo, i raison d'une nouvelle pour: huit anciennes, aux actionnaires actuels «w»* présentation dea iiCresu*qttiseironS- C«iu-ci ont,.en outre,-la faculté de souscrire, '.aotta s 'és prvc île» jpossîhèliîés rf'flWrifeMÏso», uûô quantité supplémentair e de ti tres à leur convenance. Prix d'Émission : Fi\ l ié .... JOUISSAN CE 1er- JUI l.i.ET 1910 . On verse en souscrivant : Fr. 28 Fr. 45 le 28 Mai et.Fr. 45 le. 15 Juillet Oa sonscrii dàs maintenant et jusp ' aa 18 Mai 1910 à PARIS, à la BftNQUE OE L'UNIOSfflBISIEHHE (Voir dét ails au Pr ospectus) ■ - -, La pubiicaliori exigée- par-la lot de finances du 30 janvier 1907 a'ét0 faite au Bulletin annexe au Journal.Officiel du 2â Avril 1910..</txt>
            <index>■ Le gérant .- lêoh C ouchoî ..5,000 fr. en i-- lîypoîheïj. est .recherché 1 -fillil-1 sur une Mansen située dans chef-liau ca-ntou Hsiivte-Saua-e:U-ne partie est louée 200 ». L'auitre e-slu occupée p. le Propriet 0 Mecafliiciein. Union des Industries, S3, rue d'Hauteville. ■ imPrAf T Mercerie^., bonneterie, arfcicl.Paris. chaussures .esc:,: de gr. ville - F,st lou.J IS65), fais 1 250.000 fr Aff. reeh. ooirtmandite 40.000 fr. p f .don. extension. Tout repos, u.nian-. Industries,-fô r r. : d-HauteviUe; banque d'athèmes SOCIHE INOSnti. tWT. U,l». : 'W MILLIONS ■ AUGMENTATION DU CAPITAL Émission de î»0.000 Actions Nouvelle:; L'Assemblée générale du 25 Déo.1909 a autorisé l'aug mentation du capital de Dr. 40 à 60 Millions. : Xe'Const , .il l usantde!afacnltéaccordée ; acréélCOiCOO Actions nouvelles, dontoO.OOO réservées par pré'- fererteo, i raison d'une nouvelle pour: huit anciennes, aux actionnaires actuels «w»* présentation dea iiCresu*qttiseironS- C«iu-ci ont,.en outre,-la faculté de souscrire, '.aotta s 'és prvc île» jpossîhèliîés rf'flWrifeMÏso», uûô quantité supplémentair e de ti tres à leur convenance. Prix d'Émission : Fi\ l ié .... JOUISSAN CE 1er- JUI l.i.ET 1910 . On verse en souscrivant : Fr. 28 Fr. 45 le 28 Mai et.Fr. 45 le. 15 Juillet Oa sonscrii dàs maintenant et jusp ' aa 18 Mai 1910 à PARIS, à la BftNQUE OE L'UNIOSfflBISIEHHE (Voir dét ails au Pr ospectus) ■ - -, La pubiicaliori exigée- par-la lot de finances du 30 janvier 1907 a'ét0 faite au Bulletin annexe au Journal.Officiel du 2â Avril 1910..</index>
            <genre source="hm" time="2019-09-29T13:28:12.109+02:00">publicite</genre>
            <genre source="final">publicite</genre>
          </ill>
        </ills>
      </page>
    </pages>
  </contenus>
</analyseAlto>