<doc>
  <metad>
    <type>P</type>
    <ID>bpt6k596984w</ID>
    <titre>La Presse</titre>
    <dateEdition>1912-01-03</dateEdition>
    <nbPage>4</nbPage>
    <suppl>FALSE</suppl>
  </metad>
  <contenus>
    <largeur>435</largeur>
    <hauteur>582</hauteur>
    <pages>
      <page ordre="1">
        <nbMot>734</nbMot>
        <blocTexte>49</blocTexte>
        <blocTab>0</blocTab>
        <blocPub>0</blocPub>
        <blocIllustration>13</blocIllustration>
        <ills/>
      </page>
      <page ordre="2">
        <nbMot>1036</nbMot>
        <blocTexte>36</blocTexte>
        <blocTab>0</blocTab>
        <blocPub>0</blocPub>
        <blocIllustration>2</blocIllustration>
        <ills/>
      </page>
      <page ordre="3">
        <nbMot>1039</nbMot>
        <blocTexte>97</blocTexte>
        <blocTab>0</blocTab>
        <blocPub>0</blocPub>
        <blocIllustration>6</blocIllustration>
        <ills/>
      </page>
      <page ordre="4">
        <nbMot>1334</nbMot>
        <blocTexte>512</blocTexte>
        <blocTab>0</blocTab>
        <blocPub>0</blocPub>
        <blocIllustration>14</blocIllustration>
        <ills>
          <ill couleur="gris" derniere="true" edit="1" h="612" n="4-6" pub="1" taille="0" w="770" x="1834" y="3764">
            <txt>Les Commandes de ces trois mobiliers ne seront acceptées à ce prix de 300 fr* que jusqu'au 3/ Janvier 1912. TRÈS. BELLE CMBRE i GOSCHER</txt>
            <index>Les Commandes de ces trois mobiliers ne seront acceptées à ce prix de 300 fr* que jusqu'au 3/ Janvier 1912. TRÈS. BELLE CMBRE i GOSCHER</index>
            <genre source="hm" time="2019-09-29T13:30:37.093+02:00">publicite</genre>
            <genre source="final">publicite</genre>
          </ill>
        </ills>
      </page>
    </pages>
  </contenus>
</doc>