<doc>
  <metad>
    <type>P</type>
    <ID>bpt6k600203z</ID>
    <titre>La Presse</titre>
    <dateEdition>1920-11-29</dateEdition>
    <nbPage>4</nbPage>
    <suppl>FALSE</suppl>
  </metad>
  <contenus>
    <largeur>433</largeur>
    <hauteur>580</hauteur>
    <pages>
      <page ordre="1">
        <nbMot>889</nbMot>
        <blocTexte>37</blocTexte>
        <blocTab>0</blocTab>
        <blocPub>0</blocPub>
        <blocIllustration>2</blocIllustration>
        <ills/>
      </page>
      <page ordre="2">
        <nbMot>1160</nbMot>
        <blocTexte>217</blocTexte>
        <blocTab>0</blocTab>
        <blocPub>0</blocPub>
        <blocIllustration>0</blocIllustration>
      </page>
      <page ordre="3">
        <nbMot>664</nbMot>
        <blocTexte>137</blocTexte>
        <blocTab>0</blocTab>
        <blocPub>0</blocPub>
        <blocIllustration>16</blocIllustration>
        <ills>
          <ill couleur="gris" edit="1" h="644" n="3-10" pub="1" taille="0" w="636" x="4238" y="3796">
            <txt>Voici la période 'Jcs fS.23 qs; ? GQiv^yjence. h va îauoir jaire des civJsaux. Peu.  être agi-éut.j à nos ;ectS'.ee3, . n grcô Induiinei ac fa r.t? -CÎ;I= 'terie f p  ^lis b Eiui/e jisipcsilior ji îcî : rs- | ro v Èartt d'£ tic',rs - de? pj*.x V ûmsirss ds bon marené. •• k I I | I</txt>
            <index>J %    ; \ - x }Voici la période 'Jcs fS.23 qs; ? GQiv^yjence. h va îauoir jaire des civJsaux. Peu.  être agi-éut.j à nos ;ectS'.ee3, . n grcô Induiinei ac fa r.t? -CÎ;I= 'terie f p  ^lis b Eiui/e jisipcsilior ji îcî : rs- | ro v Èartt d'£ tic',rs - de? pj*.x V ûmsirss ds bon marené. •• k I I | I</index>
            <genre source="hm" time="2019-09-29T13:47:06.244+02:00">publicite</genre>
            <genre source="final">publicite</genre>
          </ill>
          <ill couleur="gris" edit="1" h="1006" n="3-13" pub="1" taille="2" w="1085" x="1086" y="4988">
            <leg>BÂLfiGRÂL 'Toist Box-ca!î Bouts rapportes --Belle qualité  9 50 Quairte i.'Xtra - ' 8-1 »</leg>
            <txt>En belle draperie, blanketme et velours ^ de lame. Depuis 99 fr, ]U=C(U à SSÛ fr. BOTTÉ Tout Bcx-ca.4 .Talons bottier 55.5© BOTTE Cuir glace Bout verni Talons bottier 51 ^</txt>
            <index>BÂLfiGRÂL 'Toist Box-ca!î Bouts rapportes --Belle qualité  9 50 Quairte i.'Xtra - ' 8-1 »En belle draperie, blanketme et velours ^ de lame. Depuis 99 fr, ]U=C(U à SSÛ fr. BOTTÉ Tout Bcx-ca.4 .Talons bottier 55.5© BOTTE Cuir glace Bout verni Talons bottier 51 ^</index>
            <genre source="hm" time="2019-09-29T13:48:13.721+02:00">publicite</genre>
            <genre source="final">publicite</genre>
          </ill>
          <ill couleur="gris" edit="1" h="1372" n="3-14" pub="1" taille="4" w="1909" x="2270" y="4711">
            <leg>avec lisere blanc ou rouse. grain anglais, terinetiire litlie. plate biseautee ruen cuir. Se fait en noir, bleu e Exceptionnel h LA PRE,HE..</leg>
            <txt>Enfants c i!'ettc Crpnde ïi!lelte . 23 tr. 34 fr. ■m fr.</txt>
            <index>avec lisere blanc ou rouse. grain anglais, terinetiire litlie. plate biseautee ruen cuir. Se fait en noir, bleu e Exceptionnel h LA PRE,HE..Enfants c i!'ettc Crpnde ïi!lelte . 23 tr. 34 fr. ■m fr.</index>
            <genre source="hm" time="2019-09-29T13:47:12.821+02:00">publicite</genre>
            <genre source="final">publicite</genre>
          </ill>
        </ills>
      </page>
      <page ordre="4">
        <nbMot>1497</nbMot>
        <blocTexte>411</blocTexte>
        <blocTab>0</blocTab>
        <blocPub>0</blocPub>
        <blocIllustration>11</blocIllustration>
        <ills/>
      </page>
    </pages>
  </contenus>
</doc>