<analyseAlto>
  <metad>
    <type>P</type>
    <ID>bpt6k597611p</ID>
    <titre>La Presse</titre>
    <dateEdition>1913-09-23</dateEdition>
    <nbPage>4</nbPage>
    <suppl>FALSE</suppl>
  </metad>
  <contenus>
    <largeur>434</largeur>
    <hauteur>582</hauteur>
    <pages>
      <page ordre="1">
        <nbMot>635</nbMot>
        <blocTexte>47</blocTexte>
        <blocTab>0</blocTab>
        <blocPub>0</blocPub>
        <blocIllustration>9</blocIllustration>
        <ills/>
      </page>
      <page ordre="2">
        <nbMot>1005</nbMot>
        <blocTexte>55</blocTexte>
        <blocTab>0</blocTab>
        <blocPub>0</blocPub>
        <blocIllustration>1</blocIllustration>
        <ills/>
      </page>
      <page ordre="3">
        <nbMot>1038</nbMot>
        <blocTexte>56</blocTexte>
        <blocTab>0</blocTab>
        <blocPub>0</blocPub>
        <blocIllustration>0</blocIllustration>
      </page>
      <page ordre="4">
        <nbMot>1729</nbMot>
        <blocTexte>656</blocTexte>
        <blocTab>0</blocTab>
        <blocPub>0</blocPub>
        <blocIllustration>12</blocIllustration>
        <ills>
          <ill couleur="gris" derniere="true" edit="1" h="376" n="4-6" pub="1" taille="0" w="912" x="2350" y="4010">
            <leg>1 I? *  er nouveau modèle à palmet- Itl a tes, vases, anneaux et barres cuivre. Complet : 1 sommier métal lique ou coutil, 1 matelas lainette, oreillers et traversin plume, firtfr. 2 personnes:75 fr.- lpers.: |#UI</leg>
            <txt>fôÀGM'.nGUE ÛHMiEE frise sculptures très fines, meubles de. fabrication très soignée, solidité garantie. Composée de : 1 gran de armoire 2 portes à glaces biseautées, 1 lit de milieu largeur l ra 40 ; 1 table de nuit fr. dessus et intérieur marbre. Le tout. I 1? ^ er c i n tré, laqué noir décoré EaB i or, modèle très solide» Com. f )let: 1 som.métal, ou coutil,  1 mate- as lainette, 2 oreillers et traversin plume. Pour 1 personne : Eftfr. Pour 2 personnes : QO fr.</txt>
            <index>1 I? *  er nouveau modèle à palmet- Itl a tes, vases, anneaux et barres cuivre. Complet : 1 sommier métal lique ou coutil, 1 matelas lainette, oreillers et traversin plume, firtfr. 2 personnes:75 fr.- lpers.: |#UIfôÀGM'.nGUE ÛHMiEE frise sculptures très fines, meubles de. fabrication très soignée, solidité garantie. Composée de : 1 gran de armoire 2 portes à glaces biseautées, 1 lit de milieu largeur l ra 40 ; 1 table de nuit fr. dessus et intérieur marbre. Le tout. I 1? ^ er c i n tré, laqué noir décoré EaB i or, modèle très solide» Com. f )let: 1 som.métal, ou coutil,  1 mate- as lainette, 2 oreillers et traversin plume. Pour 1 personne : Eftfr. Pour 2 personnes : QO fr.</index>
            <genre source="hm" time="2019-09-29T13:34:15.852+02:00">publicite</genre>
            <genre source="final">publicite</genre>
          </ill>
          <ill couleur="gris" derniere="true" edit="1" h="486" n="4-8" pub="1" taille="0" w="730" x="1832" y="4562">
            <leg>SALON LGb.'S m gnees, compose*de : 1 ca napé, 2 fauteuils et 2 chaises tendus soierie «flftfifr.</leg>
            <txt>1 mkmmi A COMÛMER Jou,  ou pitchpin, composée de : 1 armoire cintreèj,--2 portes à pan neaux,1 lit fer laqué noir et orjlarg.l ^; 1 sommier metalliq. ou coutil; 1 matelas lainette ; 1 traversin et 2 oreillers pmme : tauie cie nuit coion-4 QCfr. nettes ; 1 descente ae ut : 2 cnaises. 1 taûie S uO</txt>
            <index>SALON LGb.'S m gnees, compose*de : 1 ca napé, 2 fauteuils et 2 chaises tendus soierie «flftfifr.1 mkmmi A COMÛMER Jou,  ou pitchpin, composée de : 1 armoire cintreèj,--2 portes à pan neaux,1 lit fer laqué noir et orjlarg.l ^; 1 sommier metalliq. ou coutil; 1 matelas lainette ; 1 traversin et 2 oreillers pmme : tauie cie nuit coion-4 QCfr. nettes ; 1 descente ae ut : 2 cnaises. 1 taûie S uO</index>
            <genre source="hm" time="2019-09-29T13:34:09.549+02:00">publicite</genre>
            <genre source="final">publicite</genre>
          </ill>
          <ill couleur="gris" derniere="true" edit="1" h="516" n="4-9" pub="1" taille="0" w="732" x="2598" y="4530">
            <leg>SABENET IEîHAVASL^ p  ' ena - 1 bureau dessus drap, 1 fauteuil canné. En chêne noyer ou bois noir ciré . . _ Cartonnier, 8 cartons... 25 » j Fauteuil canné — 16 cartons.., 4-5 » | Chaise</leg>
            <txt>SALON LGb.'S m gnees, compose*de : 1 ca napé, 2 fauteuils et 2 chaises tendus soierie «flftfifr. fantaisie. Les 5 pièces.</txt>
            <index>SABENET IEîHAVASL^ p  ' ena - 1 bureau dessus drap, 1 fauteuil canné. En chêne noyer ou bois noir ciré . . _ Cartonnier, 8 cartons... 25 » j Fauteuil canné — 16 cartons.., 4-5 » | ChaiseSALON LGb.'S m gnees, compose*de : 1 ca napé, 2 fauteuils et 2 chaises tendus soierie «flftfifr. fantaisie. Les 5 pièces.</index>
            <genre source="hm" time="2019-09-29T13:34:17.336+02:00">publicite</genre>
            <genre source="final">publicite</genre>
          </ill>
        </ills>
      </page>
    </pages>
  </contenus>
</analyseAlto>