<doc>
  <metad>
    <type>P</type>
    <ID>bpt6k596847b</ID>
    <titre>La Presse</titre>
    <dateEdition>1911-08-18</dateEdition>
    <nbPage>4</nbPage>
    <suppl>FALSE</suppl>
  </metad>
  <contenus>
    <largeur>435</largeur>
    <hauteur>584</hauteur>
    <pages>
      <page ordre="1">
        <nbMot>695</nbMot>
        <blocTexte>49</blocTexte>
        <blocTab>0</blocTab>
        <blocPub>0</blocPub>
        <blocIllustration>2</blocIllustration>
        <ills/>
      </page>
      <page ordre="2">
        <nbMot>997</nbMot>
        <blocTexte>45</blocTexte>
        <blocTab>0</blocTab>
        <blocPub>0</blocPub>
        <blocIllustration>0</blocIllustration>
      </page>
      <page ordre="3">
        <nbMot>959</nbMot>
        <blocTexte>58</blocTexte>
        <blocTab>0</blocTab>
        <blocPub>0</blocPub>
        <blocIllustration>5</blocIllustration>
        <ills/>
      </page>
      <page ordre="4">
        <nbMot>1473</nbMot>
        <blocTexte>286</blocTexte>
        <blocTab>0</blocTab>
        <blocPub>0</blocPub>
        <blocIllustration>13</blocIllustration>
        <ills>
          <ill couleur="gris" derniere="true" edit="1" h="757" n="4-8" pub="1" taille="1" w="763" x="3854" y="4273">
            <contenuImg CS="1" lang="fr" source="hm" time="2020-04-08T17:40:30.463+02:00">vélo</contenuImg>
            <leg>ENVELOPPES</leg>
            <txt>PNEUS VÉLO Liquidation Nous vendons à tous prix, poiur  écouler notre STOCK énorme avant' la mau-v-aise saison.</txt>
            <index>ENVELOPPESPNEUS VÉLO Liquidation Nous vendons à tous prix, poiur  écouler notre STOCK énorme avant' la mau-v-aise saison.</index>
            <genre source="hm" time="2019-09-29T13:38:17.15+02:00">publicite</genre>
            <genre source="final">publicite</genre>
            <contenuImg CS="1" lang="en" source="hm" time="2020-04-08T17:40:30.463+02:00">bicycle</contenuImg>
          </ill>
        </ills>
      </page>
    </pages>
  </contenus>
</doc>