<doc>
  <metad>
    <type>P</type>
    <ID>bpt6k596809q</ID>
    <titre>La Presse</titre>
    <dateEdition>1911-07-11</dateEdition>
    <nbPage>4</nbPage>
    <suppl>FALSE</suppl>
  </metad>
  <contenus>
    <largeur>435</largeur>
    <hauteur>583</hauteur>
    <pages>
      <page ordre="1">
        <nbMot>848</nbMot>
        <blocTexte>45</blocTexte>
        <blocTab>0</blocTab>
        <blocPub>0</blocPub>
        <blocIllustration>4</blocIllustration>
        <ills/>
      </page>
      <page ordre="2">
        <nbMot>1028</nbMot>
        <blocTexte>35</blocTexte>
        <blocTab>0</blocTab>
        <blocPub>0</blocPub>
        <blocIllustration>2</blocIllustration>
        <ills/>
      </page>
      <page ordre="3">
        <nbMot>949</nbMot>
        <blocTexte>58</blocTexte>
        <blocTab>0</blocTab>
        <blocPub>0</blocPub>
        <blocIllustration>13</blocIllustration>
        <ills>
          <ill couleur="gris" edit="1" h="729" n="3-7" pub="1" taille="1" w="776" x="4181" y="3850">
            <leg>Udoi conserve fes dents sa m es.</leg>
            <txt>ÇA El LA Turin, 9- juillet.'— On mande de Rome qua l'aviateur Mamseero a. évolue longuement au- ■(tessus -du- eb teau royal. x Vidiy, 9 juillet /De 1' « Agence Havas »). — Lo tournoi d'epé© de Vichy s'est ■ termine par la victoire.de M. Duci-ot, 10 touches, x On mande de Liège que l'aviateur Amérigo a fait. hier sa premier© sortie depuis son accident. Il compte voter ea août.. X Hier, a Toulouse, l'athlète Princet a batte le record de France du saut: en longueur avea élan avec % métrés 2 cent. X Mlle Blanche Michel nage de mieux en mieux, elle triompha gracieusement, hier, a» meeting du bassin.de l'Hôtel de Ville. X L'équipe de Pans enleya, hier, au Luxem bourg, ■ le titre de champion de France dfl longue Paume en battant Samt-Quentin. . • X : Sur le parcours Paris-Nar.gis a eu lieu liiei l'epreuve' du  .Cercle V.elocipedique de Mont- rouge 72 lui. : 1.- Egg. X Quand- la F.S.A.P.F.. s'y met I... Hier, elle fit disputer deux brevets de 10 kil. Mazaud et Lecîereq furent vamqueurs. X ■ Bedlemère gagne. La course cycliste- Char» patgny-Dignolles -et retour lui permit de battre. 33 de ses •-adversaires.-    Hier, à Montreui-l, les deux fameux pédes- tri ans Boiuftliard et ©ubedat -se- sont-couverts de gloire dans la course de 10 kal. - - X Sunner a .enlevé le- Grand Prix Cycliste de ViUiers-sur-Marne (50 kil.), en 1 h. 30 m. 30 s. 2.- Guidet, etc. X De San-Franciseo : dans un .match pour le Championnat du monde de boxe, -poids lé gers, Wolgart a battu .0. Moran. ..X . L'état de l'aviaieur</txt>
            <index>Udoi conserve fes dents sa m es.ÇA El LA Turin, 9- juillet.'— On mande de Rome qua l'aviateur Mamseero a. évolue longuement au- ■(tessus -du- eb teau royal. x Vidiy, 9 juillet /De 1' « Agence Havas »). — Lo tournoi d'epé© de Vichy s'est ■ termine par la victoire.de M. Duci-ot, 10 touches, x On mande de Liège que l'aviateur Amérigo a fait. hier sa premier© sortie depuis son accident. Il compte voter ea août.. X Hier, a Toulouse, l'athlète Princet a batte le record de France du saut: en longueur avea élan avec % métrés 2 cent. X Mlle Blanche Michel nage de mieux en mieux, elle triompha gracieusement, hier, a» meeting du bassin.de l'Hôtel de Ville. X L'équipe de Pans enleya, hier, au Luxem bourg, ■ le titre de champion de France dfl longue Paume en battant Samt-Quentin. . • X : Sur le parcours Paris-Nar.gis a eu lieu liiei l'epreuve' du  .Cercle V.elocipedique de Mont- rouge 72 lui. : 1.- Egg. X Quand- la F.S.A.P.F.. s'y met I... Hier, elle fit disputer deux brevets de 10 kil. Mazaud et Lecîereq furent vamqueurs. X ■ Bedlemère gagne. La course cycliste- Char» patgny-Dignolles -et retour lui permit de battre. 33 de ses •-adversaires.-    Hier, à Montreui-l, les deux fameux pédes- tri ans Boiuftliard et ©ubedat -se- sont-couverts de gloire dans la course de 10 kal. - - X Sunner a .enlevé le- Grand Prix Cycliste de ViUiers-sur-Marne (50 kil.), en 1 h. 30 m. 30 s. 2.- Guidet, etc. X De San-Franciseo : dans un .match pour le Championnat du monde de boxe, -poids lé gers, Wolgart a battu .0. Moran. ..X . L'état de l'aviaieur</index>
            <genre source="hm" time="2019-09-29T13:30:09.953+02:00">publicite</genre>
            <genre source="final">publicite</genre>
          </ill>
        </ills>
      </page>
      <page ordre="4">
        <nbMot>1769</nbMot>
        <blocTexte>595</blocTexte>
        <blocTab>0</blocTab>
        <blocPub>0</blocPub>
        <blocIllustration>6</blocIllustration>
        <ills>
          <ill couleur="gris" derniere="true" edit="1" h="656" n="4-3" pub="1" taille="0" w="802" x="4238" y="3254">
            <leg>Couobot, imp.. 1M. lue Montmarcre, Parla</leg>
            <txt>Gonsutanoa ds sociétés , émissions , commandité ^ associations , cessloca , ouvertures de crédit . -• Maison d ' une grande notoriété , possédant vérlU - biement éléments et moyens d ' action considéra -' Mes , — Ne s ' occupe que de très grosses affaires .— Organisation unique : correspondants , banquM et groupes dans le monde entier . — 3i° année vraie . — n' offre pas de garanties illusoires ét toute A. UGRANGE F us Le Gérant .- L éon C ouchoï.</txt>
            <index>Couobot, imp.. 1M. lue Montmarcre, ParlaGonsutanoa ds sociétés , émissions , commandité ^ associations , cessloca , ouvertures de crédit . -• Maison d ' une grande notoriété , possédant vérlU - biement éléments et moyens d ' action considéra -' Mes , — Ne s ' occupe que de très grosses affaires .— Organisation unique : correspondants , banquM et groupes dans le monde entier . — 3i° année vraie . — n' offre pas de garanties illusoires ét toute A. UGRANGE F us Le Gérant .- L éon C ouchoï.</index>
            <genre source="hm" time="2019-09-29T13:30:11.381+02:00">publicite</genre>
            <genre source="final">publicite</genre>
          </ill>
        </ills>
      </page>
    </pages>
  </contenus>
</doc>