<doc>
  <metad>
    <type>P</type>
    <ID>bpt6k597881q</ID>
    <titre>La Presse</titre>
    <dateEdition>1914-06-21</dateEdition>
    <nbPage>4</nbPage>
    <suppl>FALSE</suppl>
  </metad>
  <contenus>
    <largeur>436</largeur>
    <hauteur>584</hauteur>
    <pages>
      <page ordre="1">
        <nbMot>714</nbMot>
        <blocTexte>44</blocTexte>
        <blocTab>0</blocTab>
        <blocPub>0</blocPub>
        <blocIllustration>26</blocIllustration>
        <ills/>
      </page>
      <page ordre="2">
        <nbMot>1230</nbMot>
        <blocTexte>80</blocTexte>
        <blocTab>0</blocTab>
        <blocPub>0</blocPub>
        <blocIllustration>1</blocIllustration>
        <ills/>
      </page>
      <page ordre="3">
        <nbMot>938</nbMot>
        <blocTexte>81</blocTexte>
        <blocTab>0</blocTab>
        <blocPub>0</blocPub>
        <blocIllustration>12</blocIllustration>
        <ills>
          <ill couleur="gris" edit="1" h="872" n="3-4" pub="1" taille="0" w="423" x="944" y="3613">
            <txt>1 36rB d de Strasbourg, 54 à 60, rue du Château*d'Eau et 67, rue du F* St-Martm — PARIS</txt>
            <index>1 36rB d de Strasbourg, 54 à 60, rue du Château*d'Eau et 67, rue du F* St-Martm — PARIS</index>
            <genre source="hm" time="2019-09-29T13:43:40.023+02:00">publicite</genre>
            <genre source="final">publicite</genre>
          </ill>
          <ill couleur="gris" edit="1" h="448" n="3-7" pub="1" taille="0" w="729" x="1856" y="3784">
            <txt>Louis XVI noyer cire frise, ornee de jolis motifs sculptes, solidité garantie, comprenant : i armoire a glaces biseautees, i lit larg. l m 40, i table de nuit, dessus et intérieur • marbre. Pnx | Franco  Se horfc et d'emballage a parhv dft loo'fr '! ^ caasion extraordinaire ■—i——nmàx—tti '— ■■■-■■■ ^ -- - ■ ^ * a r rtTTTC vtr</txt>
            <index>Louis XVI noyer cire frise, ornee de jolis motifs sculptes, solidité garantie, comprenant : i armoire a glaces biseautees, i lit larg. l m 40, i table de nuit, dessus et intérieur • marbre. Pnx | Franco  Se horfc et d'emballage a parhv dft loo'fr '! ^ caasion extraordinaire ■—i——nmàx—tti '— ■■■-■■■ ^ -- - ■ ^ * a r rtTTTC vtr</index>
            <genre source="hm" time="2019-09-29T13:43:32.842+02:00">publicite</genre>
            <genre source="final">publicite</genre>
          </ill>
        </ills>
      </page>
      <page ordre="4">
        <nbMot>975</nbMot>
        <blocTexte>227</blocTexte>
        <blocTab>0</blocTab>
        <blocPub>0</blocPub>
        <blocIllustration>29</blocIllustration>
        <ills/>
      </page>
    </pages>
  </contenus>
</doc>