<analyseAlto>
  <metad>
    <type>P</type>
    <ID>bpt6k5993391</ID>
    <titre>La Presse</titre>
    <dateEdition>1918-06-29</dateEdition>
    <nbPage>2</nbPage>
    <suppl>FALSE</suppl>
  </metad>
  <contenus>
    <largeur>433</largeur>
    <hauteur>581</hauteur>
    <pages>
      <page ordre="1">
        <nbMot>853</nbMot>
        <blocTexte>50</blocTexte>
        <blocTab>0</blocTab>
        <blocPub>0</blocPub>
        <blocIllustration>3</blocIllustration>
        <ills/>
      </page>
      <page ordre="2">
        <nbMot>936</nbMot>
        <blocTexte>87</blocTexte>
        <blocTab>0</blocTab>
        <blocPub>0</blocPub>
        <blocIllustration>5</blocIllustration>
        <ills>
          <ill couleur="gris" derniere="true" edit="1" h="806" n="2-3" pub="1" taille="2" w="1929" x="3035" y="3977">
            <txt>On annonce la mort en Angleterre de M. J. Barrow, qui avait possède, quelques boas chevaux, notamment Fowl'ingpiece; ma» malheureusement pouo.* lui le fils  ?ie CarJ ine fut le oontemporain ■ d'Ard Patrick et  !«■ ■Sceptre. Il avait été cependant déclaré vain queur des ..NewroaTket Stakes apr«s avoir été; bai tu de justesse par Ai d 'Patrick et do tancé par bousculade. . : - Lcs courses, qui avaient été interrompues au- Canada, en raiéon de la -guerre;- vont ye»: prendre sans-doute prochainement, mais sot-, un nombre ■ restreint d'hippodromas, -une dt-i Eame environ.; et les meetings, s'etendraienfc sur un® duree'de neuf semaines. La moitié, de»; recettes serait attribués -aux secours- d;e la  Croux-Rouge.</txt>
            <index>On annonce la mort en Angleterre de M. J. Barrow, qui avait possède, quelques boas chevaux, notamment Fowl'ingpiece; ma» malheureusement pouo.* lui le fils  ?ie CarJ ine fut le oontemporain ■ d'Ard Patrick et  !«■ ■Sceptre. Il avait été cependant déclaré vain queur des ..NewroaTket Stakes apr«s avoir été; bai tu de justesse par Ai d 'Patrick et do tancé par bousculade. . : - Lcs courses, qui avaient été interrompues au- Canada, en raiéon de la -guerre;- vont ye»: prendre sans-doute prochainement, mais sot-, un nombre ■ restreint d'hippodromas, -une dt-i Eame environ.; et les meetings, s'etendraienfc sur un® duree'de neuf semaines. La moitié, de»; recettes serait attribués -aux secours- d;e la  Croux-Rouge.</index>
            <genre source="hm" time="2019-09-29T13:45:47.407+02:00">publicite</genre>
            <genre source="final">publicite</genre>
          </ill>
        </ills>
      </page>
    </pages>
  </contenus>
</analyseAlto>