<doc>
  <metad>
    <type>P</type>
    <ID>bpt6k599661z</ID>
    <titre>La Presse</titre>
    <dateEdition>1919-05-18</dateEdition>
    <nbPage>4</nbPage>
    <suppl>FALSE</suppl>
  </metad>
  <contenus>
    <largeur>434</largeur>
    <hauteur>577</hauteur>
    <pages>
      <page ordre="1">
        <nbMot>747</nbMot>
        <blocTexte>48</blocTexte>
        <blocTab>0</blocTab>
        <blocPub>0</blocPub>
        <blocIllustration>8</blocIllustration>
        <ills/>
      </page>
      <page ordre="2">
        <nbMot>977</nbMot>
        <blocTexte>37</blocTexte>
        <blocTab>0</blocTab>
        <blocPub>0</blocPub>
        <blocIllustration>6</blocIllustration>
        <ills/>
      </page>
      <page ordre="3">
        <nbMot>846</nbMot>
        <blocTexte>111</blocTexte>
        <blocTab>0</blocTab>
        <blocPub>0</blocPub>
        <blocIllustration>14</blocIllustration>
        <ills>
          <ill couleur="gris" edit="1" h="754" n="3-8" pub="1" taille="1" w="1261" x="3556" y="4382">
            <txt>ChemiSeS d ®.^ our ' mada P ola, ?  t ro^eri«s Valeur 15. ».</txt>
            <index>1692ChemiSeS d ®.^ our ' mada P ola, ?  t ro^eri«s Valeur 15. ».</index>
            <genre source="hm" time="2019-09-29T13:46:26.705+02:00">publicite</genre>
            <genre source="final">publicite</genre>
          </ill>
        </ills>
      </page>
      <page ordre="4">
        <nbMot>1147</nbMot>
        <blocTexte>251</blocTexte>
        <blocTab>0</blocTab>
        <blocPub>0</blocPub>
        <blocIllustration>5</blocIllustration>
        <ills/>
      </page>
    </pages>
  </contenus>
</doc>