<doc>
  <metad>
    <type>P</type>
    <ID>bpt6k596750q</ID>
    <titre>La Presse</titre>
    <dateEdition>1911-05-13</dateEdition>
    <nbPage>4</nbPage>
    <suppl>FALSE</suppl>
  </metad>
  <contenus>
    <largeur>434</largeur>
    <hauteur>583</hauteur>
    <pages>
      <page ordre="1">
        <nbMot>805</nbMot>
        <blocTexte>52</blocTexte>
        <blocTab>0</blocTab>
        <blocPub>0</blocPub>
        <blocIllustration>10</blocIllustration>
        <ills/>
      </page>
      <page ordre="2">
        <nbMot>1051</nbMot>
        <blocTexte>40</blocTexte>
        <blocTab>0</blocTab>
        <blocPub>0</blocPub>
        <blocIllustration>3</blocIllustration>
        <ills/>
      </page>
      <page ordre="3">
        <nbMot>887</nbMot>
        <blocTexte>111</blocTexte>
        <blocTab>0</blocTab>
        <blocPub>0</blocPub>
        <blocIllustration>4</blocIllustration>
        <ills>
          <ill couleur="gris" edit="1" h="336" n="3-1" pub="1" taille="0" w="648" x="1831" y="1146">
            <contenuImg CS="1" lang="fr" source="hm" time="2020-04-08T18:19:12.456+02:00">vélo</contenuImg>
            <leg>Catalogue franco CYCLES LABOR, 23, avenue du Roule, 23 ■■ NeuiHy-sur-Seine- = ' ' ' Que sont-ils devenus ?</leg>
            <txt>clos les engagements pour kâ_Ghallenf.e.s na tionaux de la Route, équipes premières et secondes, organisés par la Société 1 des Cour ses; Ces belles ooa^gt-itioais auront pour théâ tre dimanche prochain, le tour dit Circuit de Brie, soit 50 kilomètres. Le premier dé part sera donhe a 9 h. 15 précisés. Les en gagements .(-cinq francs pour, les équipés pre-*. mieres et trois francs pour les équipés se condes), sont-reçus ce soir de ? à 10 heures, dernier délai. Le Championnat dEurepe t'est dimanche que, pour la--première fois, va se disputer en -France le Championnat d'Europe. C'est a. l'initiative cte la Société des Courses que cette grande - épreuve aura pour ■théâtre le vélodrome du Paras, des Sports et «tes; -Quatre-V îlles a Rou» aix.. Seront panants «rtawi-s : Willj Mau'-s, l'util Guiïi'.n-J Mo- ran et Darragon. La distance : îeO-Jcilorraètr-es: hoîhi hobebt. EN VENTE PARTOUT</txt>
            <index>Catalogue franco CYCLES LABOR, 23, avenue du Roule, 23 ■■ NeuiHy-sur-Seine- = ' ' ' Que sont-ils devenus ?clos les engagements pour kâ_Ghallenf.e.s na tionaux de la Route, équipes premières et secondes, organisés par la Société 1 des Cour ses; Ces belles ooa^gt-itioais auront pour théâ tre dimanche prochain, le tour dit Circuit de Brie, soit 50 kilomètres. Le premier dé part sera donhe a 9 h. 15 précisés. Les en gagements .(-cinq francs pour, les équipés pre-*. mieres et trois francs pour les équipés se condes), sont-reçus ce soir de ? à 10 heures, dernier délai. Le Championnat dEurepe t'est dimanche que, pour la--première fois, va se disputer en -France le Championnat d'Europe. C'est a. l'initiative cte la Société des Courses que cette grande - épreuve aura pour ■théâtre le vélodrome du Paras, des Sports et «tes; -Quatre-V îlles a Rou» aix.. Seront panants «rtawi-s : Willj Mau'-s, l'util Guiïi'.n-J Mo- ran et Darragon. La distance : îeO-Jcilorraètr-es: hoîhi hobebt. EN VENTE PARTOUT</index>
            <genre source="hm" time="2019-09-29T13:29:30.885+02:00">publicite</genre>
            <genre source="final">publicite</genre>
            <contenuImg CS="1" lang="en" source="hm" time="2020-04-08T18:19:12.456+02:00">bicycle</contenuImg>
          </ill>
        </ills>
      </page>
      <page ordre="4">
        <nbMot>1645</nbMot>
        <blocTexte>333</blocTexte>
        <blocTab>0</blocTab>
        <blocPub>0</blocPub>
        <blocIllustration>12</blocIllustration>
        <ills/>
      </page>
    </pages>
  </contenus>
</doc>