<analyseAlto>
  <metad>
    <type>P</type>
    <ID>bpt6k5974460</ID>
    <titre>La Presse</titre>
    <dateEdition>1913-04-10</dateEdition>
    <nbPage>4</nbPage>
    <suppl>FALSE</suppl>
  </metad>
  <contenus>
    <largeur>435</largeur>
    <hauteur>584</hauteur>
    <pages>
      <page ordre="1">
        <nbMot>687</nbMot>
        <blocTexte>47</blocTexte>
        <blocTab>0</blocTab>
        <blocPub>0</blocPub>
        <blocIllustration>8</blocIllustration>
        <ills/>
      </page>
      <page ordre="2">
        <nbMot>1037</nbMot>
        <blocTexte>46</blocTexte>
        <blocTab>0</blocTab>
        <blocPub>0</blocPub>
        <blocIllustration>1</blocIllustration>
        <ills/>
      </page>
      <page ordre="3">
        <nbMot>1055</nbMot>
        <blocTexte>66</blocTexte>
        <blocTab>0</blocTab>
        <blocPub>0</blocPub>
        <blocIllustration>8</blocIllustration>
        <ills/>
      </page>
      <page ordre="4">
        <nbMot>1791</nbMot>
        <blocTexte>730</blocTexte>
        <blocTab>0</blocTab>
        <blocPub>0</blocPub>
        <blocIllustration>16</blocIllustration>
        <ills>
          <ill couleur="gris" derniere="true" edit="1" h="540" n="4-9" pub="1" taille="0" w="579" x="2645" y="5925">
            <leg>COMPAGNIE GÉNÉRALE DE L 'AMEUBLEMENT altos social; AU</leg>
            <txt>1 Le Livret-Chaix continental renferme les services de tous les Chemins de fer de l'Eu rope et des principaux paquebots de la Mé diterranée et de l'Océan, avec cartes. Deux volumes in-16 paraissant tous les mois : 1  vol. Chemins de ter français, avec cartes des différents réseaux et carte d'ensemble. Prix : 2 francs. — Port en plus : Départe ments, 0 fr. 35 c.; Etranger, 0 fr. 85 c. 2° vol. Chemins de 1er étrangers et services franco -initernationaux, avec onze cartes spé ciales des pays d'Europe et une carte des principales relations internationales: Prix :• 2 fr. 50 c. — Port en plus : Départements, 0 fr. 25 c.; Etranger, 0 fr. 55 c. Livret spécial pour la Suisse, avec carte, Prix : 0 fr. 50 c. — Port en plus, 0 fr. 05 c. Se trouvent dans toutes les gares, et à la Librairie Chaix, rue Bergère, 20, Paris. Livret spécial pour le Réseau du Midi, l'Espagne et le Portugal, avec 2 cartes. Prix • 0 fr. 50 c. — Port en plus, 0 fr. 05 c.</txt>
            <index>COMPAGNIE GÉNÉRALE DE L 'AMEUBLEMENT altos social; AU1 Le Livret-Chaix continental renferme les services de tous les Chemins de fer de l'Eu rope et des principaux paquebots de la Mé diterranée et de l'Océan, avec cartes. Deux volumes in-16 paraissant tous les mois : 1  vol. Chemins de ter français, avec cartes des différents réseaux et carte d'ensemble. Prix : 2 francs. — Port en plus : Départe ments, 0 fr. 35 c.; Etranger, 0 fr. 85 c. 2° vol. Chemins de 1er étrangers et services franco -initernationaux, avec onze cartes spé ciales des pays d'Europe et une carte des principales relations internationales: Prix :• 2 fr. 50 c. — Port en plus : Départements, 0 fr. 25 c.; Etranger, 0 fr. 55 c. Livret spécial pour la Suisse, avec carte, Prix : 0 fr. 50 c. — Port en plus, 0 fr. 05 c. Se trouvent dans toutes les gares, et à la Librairie Chaix, rue Bergère, 20, Paris. Livret spécial pour le Réseau du Midi, l'Espagne et le Portugal, avec 2 cartes. Prix • 0 fr. 50 c. — Port en plus, 0 fr. 05 c.</index>
            <genre source="hm" time="2019-09-29T13:32:33.312+02:00">publicite</genre>
            <genre source="final">publicite</genre>
          </ill>
        </ills>
      </page>
    </pages>
  </contenus>
</analyseAlto>