<doc>
  <metad>
    <type>P</type>
    <ID>bpt6k600198n</ID>
    <titre>La Presse</titre>
    <dateEdition>1920-11-24</dateEdition>
    <nbPage>4</nbPage>
    <suppl>FALSE</suppl>
  </metad>
  <contenus>
    <largeur>431</largeur>
    <hauteur>535</hauteur>
    <pages>
      <page ordre="1">
        <nbMot>807</nbMot>
        <blocTexte>38</blocTexte>
        <blocTab>0</blocTab>
        <blocPub>0</blocPub>
        <blocIllustration>3</blocIllustration>
        <ills/>
      </page>
      <page ordre="2">
        <nbMot>957</nbMot>
        <blocTexte>41</blocTexte>
        <blocTab>0</blocTab>
        <blocPub>0</blocPub>
        <blocIllustration>4</blocIllustration>
        <ills/>
      </page>
      <page ordre="3">
        <nbMot>719</nbMot>
        <blocTexte>126</blocTexte>
        <blocTab>0</blocTab>
        <blocPub>0</blocPub>
        <blocIllustration>12</blocIllustration>
        <ills>
          <ill couleur="gris" edit="1" h="1049" n="3-11" pub="1" taille="1" w="660" x="3358" y="5078">
            <leg>CSisvreau giacé Fabrication soignée Article de luxe 82 fr.</leg>
            <txt>POUR DAMES PARAPLUIE SATIN COTON, sans lisière, monture para gon, poignée mode   bouts Jjlancs, fourreau 25 fr. PARAPLUIE Véritable surah, listere, monture paragon, bouts blancs poignée imita tion ivoire gravé t, em bout, fourreau 45 fr. ENFANTS SOULIER DERBY cuir glacé et chevreau glacé, boiiis gla ces ou vernis. Belle qualité. Enfants 28 ir. Fillette 34 fr. i Grande fillette.... 40 fr.</txt>
            <index>CSisvreau giacé Fabrication soignée Article de luxe 82 fr.POUR DAMES PARAPLUIE SATIN COTON, sans lisière, monture para gon, poignée mode   bouts Jjlancs, fourreau 25 fr. PARAPLUIE Véritable surah, listere, monture paragon, bouts blancs poignée imita tion ivoire gravé t, em bout, fourreau 45 fr. ENFANTS SOULIER DERBY cuir glacé et chevreau glacé, boiiis gla ces ou vernis. Belle qualité. Enfants 28 ir. Fillette 34 fr. i Grande fillette.... 40 fr.</index>
            <genre source="hm" time="2019-09-29T13:47:27.937+02:00">publicite</genre>
            <genre source="final">publicite</genre>
          </ill>
          <ill couleur="gris" edit="1" h="691" n="3-12" pub="1" taille="0" w="654" x="4250" y="5170">
            <txt>avç'o liseré (blanc ou rouge, doublé soie, cuir gr/iin anglais,. fermeture, tabatière gala- » li'ttie, glace biseautée ruchée. Poignée toijt (!( cuir. Se fait en noir, bleu et havane. ï Exceptionnel çp ' ! à LA PRESSE.. OU Fr, »., SAC BOUItRICHE VERITABLE MAROQUIN grain anglais, , liseré blanc ou rouge, doublé satin gaufré, \ fermeture tabatière galalithe incrustation, glace biseautée récliée. .Poignée cuir Mar-o- 'fr quin. Article de grand luxe. Se fait on \l( noir, bleu et b-avane. \ï Introuvable ailleurs.. Wft l qu à LA PRESSE Ot7 Fr. |</txt>
            <index>!avç'o liseré (blanc ou rouge, doublé soie, cuir gr/iin anglais,. fermeture, tabatière gala- » li'ttie, glace biseautée ruchée. Poignée toijt (!( cuir. Se fait en noir, bleu et havane. ï Exceptionnel çp ' ! à LA PRESSE.. OU Fr, »., SAC BOUItRICHE VERITABLE MAROQUIN grain anglais, , liseré blanc ou rouge, doublé satin gaufré, \ fermeture tabatière galalithe incrustation, glace biseautée récliée. .Poignée cuir Mar-o- 'fr quin. Article de grand luxe. Se fait on \l( noir, bleu et b-avane. \ï Introuvable ailleurs.. Wft l qu à LA PRESSE Ot7 Fr. |</index>
            <genre source="hm" time="2019-09-29T13:47:30.111+02:00">publicite</genre>
            <genre source="final">publicite</genre>
          </ill>
        </ills>
      </page>
      <page ordre="4">
        <nbMot>990</nbMot>
        <blocTexte>340</blocTexte>
        <blocTab>0</blocTab>
        <blocPub>0</blocPub>
        <blocIllustration>9</blocIllustration>
        <ills/>
      </page>
    </pages>
  </contenus>
</doc>