<analyseAlto>
  <metad>
    <type>P</type>
    <ID>bpt6k5976457</ID>
    <titre>La Presse</titre>
    <dateEdition>1913-10-27</dateEdition>
    <nbPage>4</nbPage>
    <suppl>FALSE</suppl>
  </metad>
  <contenus>
    <largeur>435</largeur>
    <hauteur>583</hauteur>
    <pages>
      <page ordre="1">
        <nbMot>767</nbMot>
        <blocTexte>52</blocTexte>
        <blocTab>0</blocTab>
        <blocPub>0</blocPub>
        <blocIllustration>10</blocIllustration>
        <ills/>
      </page>
      <page ordre="2">
        <nbMot>1024</nbMot>
        <blocTexte>29</blocTexte>
        <blocTab>0</blocTab>
        <blocPub>0</blocPub>
        <blocIllustration>3</blocIllustration>
        <ills/>
      </page>
      <page ordre="3">
        <nbMot>1031</nbMot>
        <blocTexte>49</blocTexte>
        <blocTab>0</blocTab>
        <blocPub>0</blocPub>
        <blocIllustration>6</blocIllustration>
        <ills/>
      </page>
      <page ordre="4">
        <nbMot>1137</nbMot>
        <blocTexte>216</blocTexte>
        <blocTab>0</blocTab>
        <blocPub>0</blocPub>
        <blocIllustration>12</blocIllustration>
        <ills>
          <ill couleur="gris" derniere="true" edit="1" h="798" n="4-7" pub="1" taille="0" w="400" x="1074" y="5738">
            <txt>Tailleur„ en belle draperie diagonale pure laine marine, noire et coloris mode; jaquette doublée joli pékiné s'oie toutes nuances, col nouveau garai velours noir ou couleur, a». Valeur 59 francs. Jf JP '   A voir de suite</txt>
            <index>Tailleur„ en belle draperie diagonale pure laine marine, noire et coloris mode; jaquette doublée joli pékiné s'oie toutes nuances, col nouveau garai velours noir ou couleur, a». Valeur 59 francs. Jf JP '   A voir de suite</index>
            <genre source="hm" time="2019-09-29T13:41:59.56+02:00">publicite</genre>
            <genre source="final">publicite</genre>
          </ill>
        </ills>
      </page>
    </pages>
  </contenus>
</analyseAlto>