<analyseAlto>
  <metad>
    <type>P</type>
    <ID>bpt6k751552x</ID>
    <titre>Le Siècle</titre>
    <dateEdition>1920-05-27</dateEdition>
    <nbPage>4</nbPage>
    <suppl>FALSE</suppl>
  </metad>
  <contenus>
    <largeur>357</largeur>
    <hauteur>539</hauteur>
    <pages>
      <page ordre="1">
        <nbMot>609</nbMot>
        <blocTexte>37</blocTexte>
        <blocTab>0</blocTab>
        <blocPub>0</blocPub>
        <blocIll ocr="0">0</blocIll>
      </page>
      <page ordre="2">
        <nbMot>775</nbMot>
        <blocTexte>37</blocTexte>
        <blocTab>0</blocTab>
        <blocPub>0</blocPub>
        <blocIll ocr="1">0</blocIll>
        <ills/>
      </page>
      <page ordre="3">
        <nbMot>794</nbMot>
        <blocTexte>20</blocTexte>
        <blocTab>0</blocTab>
        <blocPub>0</blocPub>
        <blocIll ocr="0">0</blocIll>
      </page>
      <page ordre="4">
        <nbMot>989</nbMot>
        <blocTexte>386</blocTexte>
        <blocTab>0</blocTab>
        <blocPub>0</blocPub>
        <blocIll ocr="5">1</blocIll>
        <ills>
          <ill couleur="gris" derniere="true" edit="1" h="889" n="4-1" pub="1" taille="2" w="1407" x="2615" y="1338">
            <tech source="final">imp photoméca</tech>
            <tech source="md">imp photoméca</tech>
            <index/>
          </ill>
        </ills>
      </page>
    </pages>
  </contenus>
</analyseAlto>