<analyseAlto>
  <metad>
    <type>P</type>
    <ID>bpt6k749116s</ID>
    <titre>Le Siècle</titre>
    <dateEdition>1913-08-21</dateEdition>
    <nbPage>6</nbPage>
    <suppl>FALSE</suppl>
  </metad>
  <contenus>
    <largeur>434</largeur>
    <hauteur>607</hauteur>
    <pages>
      <page ordre="1">
        <nbMot>911</nbMot>
        <blocTexte>27</blocTexte>
        <blocTab>0</blocTab>
        <blocPub>0</blocPub>
        <blocIll ocr="2">0</blocIll>
        <ills/>
      </page>
      <page ordre="2">
        <nbMot>1015</nbMot>
        <blocTexte>22</blocTexte>
        <blocTab>0</blocTab>
        <blocPub>0</blocPub>
        <blocIll ocr="1">0</blocIll>
        <ills/>
      </page>
      <page ordre="3">
        <nbMot>1028</nbMot>
        <blocTexte>43</blocTexte>
        <blocTab>0</blocTab>
        <blocPub>0</blocPub>
        <blocIll ocr="2">1</blocIll>
        <ills>
          <ill classif="DFdnn" couleur="gris" edit="1" h="816" n="3-1" pub="1" taille="1" w="808" x="1719" y="6067">
            <tech source="final">imp photoméca</tech>
            <tech source="md">imp photoméca</tech>
            <contenuImg CS="0.97" h="97" sexe="P" source="dnn" w="72" x="342" y="72">face</contenuImg>
            <txt>CHEMINS DE FER DE L'EST Paris-Est-Interlaken sans changement de voiture Du 30 juin au 15 septembre, service quotidien « très rapide » avec voitures directes de 1' et 2' cl. entre Paris-Est et InterlaYen, via Troyes- BeMort-Berne. Départ de Paris-Est à 21 h. 45 (9 h. 45 soir) ; arrivée à Interlaken à.10 h. 20 (matin). Départ d'Iiiterlaken à 7 h. 45 (soir) ; arrivée ù Paris-Est à 7 h. 28 (matin). En 1  classe, plaoes de couchettes retenues gratuitement à l'avance (taxe supplémentaire d'occupation entre Paris et Interlaken : 9 fr.).</txt>
            <index>CHEMINS DE FER DE L'EST Paris-Est-Interlaken sans changement de voiture Du 30 juin au 15 septembre, service quotidien « très rapide » avec voitures directes de 1' et 2' cl. entre Paris-Est et InterlaYen, via Troyes- BeMort-Berne. Départ de Paris-Est à 21 h. 45 (9 h. 45 soir) ; arrivée à Interlaken à.10 h. 20 (matin). Départ d'Iiiterlaken à 7 h. 45 (soir) ; arrivée ù Paris-Est à 7 h. 28 (matin). En 1  classe, plaoes de couchettes retenues gratuitement à l'avance (taxe supplémentaire d'occupation entre Paris et Interlaken : 9 fr.).</index>
          </ill>
        </ills>
      </page>
      <page ordre="4">
        <nbMot>2082</nbMot>
        <blocTexte>1226</blocTexte>
        <blocTab>0</blocTab>
        <blocPub>0</blocPub>
        <blocIll ocr="0">0</blocIll>
      </page>
      <page ordre="5">
        <nbMot>884</nbMot>
        <blocTexte>62</blocTexte>
        <blocTab>0</blocTab>
        <blocPub>0</blocPub>
        <blocIll ocr="4">0</blocIll>
        <ills/>
      </page>
      <page ordre="6">
        <nbMot>933</nbMot>
        <blocTexte>44</blocTexte>
        <blocTab>0</blocTab>
        <blocPub>0</blocPub>
        <blocIll ocr="1">0</blocIll>
        <ills/>
      </page>
    </pages>
  </contenus>
</analyseAlto>