<analyseAlto>
  <metad>
    <type>P</type>
    <ID>bpt6k749342x</ID>
    <titre>Le Siècle</titre>
    <dateEdition>1914-04-04</dateEdition>
    <nbPage>4</nbPage>
    <suppl>FALSE</suppl>
  </metad>
  <contenus>
    <largeur>432</largeur>
    <hauteur>604</hauteur>
    <pages>
      <page ordre="1">
        <nbMot>943</nbMot>
        <blocTexte>26</blocTexte>
        <blocTab>0</blocTab>
        <blocPub>0</blocPub>
        <blocIll ocr="3">0</blocIll>
        <ills/>
      </page>
      <page ordre="2">
        <nbMot>1037</nbMot>
        <blocTexte>25</blocTexte>
        <blocTab>0</blocTab>
        <blocPub>0</blocPub>
        <blocIll ocr="1">0</blocIll>
        <ills/>
      </page>
      <page ordre="3">
        <nbMot>1014</nbMot>
        <blocTexte>62</blocTexte>
        <blocTab>0</blocTab>
        <blocPub>0</blocPub>
        <blocIll ocr="3">1</blocIll>
        <ills>
          <ill couleur="gris" edit="1" h="929" n="3-1" pub="1" taille="1" w="627" x="1016" y="5286">
            <tech source="final">imp photoméca</tech>
            <tech source="md">imp photoméca</tech>
            <leg>Livraisons journalières à domicile dans Paris. BIÈRE-CHOPE : Le panier de 15 litres..*.....,. 6 tr, BIÈRE-BOCK : Le panier de 30 petits bocks (2o centilitres).,. 6 fr. Le panier de 15 canettes (50 centilitres),,.....^ 4fr. 50 LA CONTENANCE EXACTE DES BOUTEILLES EST GARANTIE La matériel vide est consigné et repris. . Pour les commandes, écrire : BRASSERIE KARCHER   Ci», PARIS XX*</leg>
            <txt>—0— V. P. du faub. Saint-Antoine , 157. — Madeleine Bonnard : La musique et les ani maux {avec auditions), demain dimanche : 5 n. matin. Métro les Halles. Visite des Halles. 10 n., Musée du Louvre (sous l'horloge) : La techni que de la peinture ancienne par .le peintre An- quetin. 2 h., causerie-promenade : Le faubourg Saint-Antoine. — o — Soirées ouvrières de Monlreuu, 15, rue Arsène-Chéreau. — Conlérenoe. — o — U. P. Gervaisiemie. — Cours ae enant réservé aux dames. = BUVEZ= la Bière KARCHER La plus agréable au goût ha plus saine pour Vestomac Beconunaadée par les Hygiénistes parce que SA QUALITÉ EST GARANTIE Envoi sur demande de l'analyse du Laboratoire Municipal»</txt>
            <index>Livraisons journalières à domicile dans Paris. BIÈRE-CHOPE : Le panier de 15 litres..*.....,. 6 tr, BIÈRE-BOCK : Le panier de 30 petits bocks (2o centilitres).,. 6 fr. Le panier de 15 canettes (50 centilitres),,.....^ 4fr. 50 LA CONTENANCE EXACTE DES BOUTEILLES EST GARANTIE La matériel vide est consigné et repris. . Pour les commandes, écrire : BRASSERIE KARCHER   Ci», PARIS XX*—0— V. P. du faub. Saint-Antoine , 157. — Madeleine Bonnard : La musique et les ani maux {avec auditions), demain dimanche : 5 n. matin. Métro les Halles. Visite des Halles. 10 n., Musée du Louvre (sous l'horloge) : La techni que de la peinture ancienne par .le peintre An- quetin. 2 h., causerie-promenade : Le faubourg Saint-Antoine. — o — Soirées ouvrières de Monlreuu, 15, rue Arsène-Chéreau. — Conlérenoe. — o — U. P. Gervaisiemie. — Cours ae enant réservé aux dames. = BUVEZ= la Bière KARCHER La plus agréable au goût ha plus saine pour Vestomac Beconunaadée par les Hygiénistes parce que SA QUALITÉ EST GARANTIE Envoi sur demande de l'analyse du Laboratoire Municipal»</index>
          </ill>
        </ills>
      </page>
      <page ordre="4">
        <nbMot>2123</nbMot>
        <blocTexte>1148</blocTexte>
        <blocTab>0</blocTab>
        <blocPub>0</blocPub>
        <blocIll ocr="0">0</blocIll>
      </page>
    </pages>
  </contenus>
</analyseAlto>