<analyseAlto>
  <metad>
    <type>P</type>
    <ID>bpt6k751368x</ID>
    <titre>Le Siècle</titre>
    <dateEdition>1919-11-03</dateEdition>
    <nbPage>4</nbPage>
    <suppl>FALSE</suppl>
  </metad>
  <contenus>
    <largeur>354</largeur>
    <hauteur>531</hauteur>
    <pages>
      <page ordre="1">
        <nbMot>604</nbMot>
        <blocTexte>27</blocTexte>
        <blocTab>0</blocTab>
        <blocPub>0</blocPub>
        <blocIll ocr="2">0</blocIll>
        <ills/>
      </page>
      <page ordre="2">
        <nbMot>779</nbMot>
        <blocTexte>49</blocTexte>
        <blocTab>0</blocTab>
        <blocPub>0</blocPub>
        <blocIll ocr="2">0</blocIll>
        <ills/>
      </page>
      <page ordre="3">
        <nbMot>570</nbMot>
        <blocTexte>58</blocTexte>
        <blocTab>0</blocTab>
        <blocPub>0</blocPub>
        <blocIll ocr="7">1</blocIll>
        <ills>
          <ill couleur="gris" edit="1" h="592" n="3-3" pub="1" taille="1" w="1431" x="2596" y="2704">
            <tech source="final">imp photoméca</tech>
            <tech source="md">imp photoméca</tech>
            <txt>%2cndëâ $catùmJ GRANDS MAGASINS DUFAYEL # PARIS #</txt>
            <index>55» 1%2cndëâ $catùmJ GRANDS MAGASINS DUFAYEL # PARIS #</index>
          </ill>
        </ills>
      </page>
      <page ordre="4">
        <nbMot>1265</nbMot>
        <blocTexte>217</blocTexte>
        <blocTab>0</blocTab>
        <blocPub>0</blocPub>
        <blocIll ocr="2">0</blocIll>
        <ills/>
      </page>
    </pages>
  </contenus>
</analyseAlto>