<analyseAlto>
  <metad>
    <type>P</type>
    <ID>bpt6k7492943</ID>
    <titre>Le Siècle</titre>
    <dateEdition>1914-02-15</dateEdition>
    <nbPage>6</nbPage>
    <suppl>FALSE</suppl>
  </metad>
  <contenus>
    <largeur>431</largeur>
    <hauteur>602</hauteur>
    <pages>
      <page ordre="1">
        <nbMot>903</nbMot>
        <blocTexte>33</blocTexte>
        <blocTab>0</blocTab>
        <blocPub>0</blocPub>
        <blocIll ocr="4">0</blocIll>
        <ills/>
      </page>
      <page ordre="2">
        <nbMot>992</nbMot>
        <blocTexte>35</blocTexte>
        <blocTab>0</blocTab>
        <blocPub>0</blocPub>
        <blocIll ocr="2">0</blocIll>
        <ills/>
      </page>
      <page ordre="3">
        <nbMot>904</nbMot>
        <blocTexte>67</blocTexte>
        <blocTab>0</blocTab>
        <blocPub>0</blocPub>
        <blocIll ocr="12">1</blocIll>
        <ills>
          <ill classif="DFdnn" couleur="gris" edit="1" h="345" n="3-10" pub="1" taille="0" w="694" x="1818" y="5094">
            <tech source="final">imp photoméca</tech>
            <tech source="md">imp photoméca</tech>
            <contenuImg CS="1" lang="fr" source="hm" time="2020-04-08T18:07:42.924+02:00">moto</contenuImg>
            <leg>La Révélation fie l'Année</leg>
            <txt>simplicité, robustesse solidité incontestable t)e l'arrière indépendance de ruus les organes et facilité d'accès démontage rapide - . i ; marche s.flénçleusè -- faible consommation USINES. SIEGE SOCIAL ET CORRESPONDANCE , :: Rue du Moulin de la Tour GENNEV1LL1ERS (Seine) cyclisbse Au Vélodrome d'Hiver Aujourd'hui, au Vélodromê -d'Hiver, « MatcH revanche Kramer-Prlol ». Nous assisterons en suite à un handicap sur 40 kilomètres dispute par Sérès, Léon' Didier, Lavalade et Henri Fos- sier. Puis nous aurons le matcli. de vitesse dis puté par l'Italien Poledri et par Sergent ; ce match constituera un attrayant ëvent... Au programme encore une course seratch en huit séries, dont voici la composition : Première-série;Pouchois, Palutias, Coom- batto, Murât, E. Léonard. Deuxième série. ~ - Polledri, Sussmilch, Laro» che, Rohmer,,Fuentès. : ' Troisième série. — Sergent, Pinn, Vugé, Char don, Hubert. . ■ . Quatrième série. — Dupuy, Seigneur,.Budi- Russe, Rettioh, Jubi, Régnier. . Cihquième série. — Piani, P. Didier, Hedspath, Ougau, Auriaux. • Sixième série., — Schilling, Packebusch, Ma thieu, koisel, Jauzin, Pedron. Septième série. — Schllles, Martin, Dupont,; Cbstet, Delrieu-.Peyrode. t - t Huitième sdrie. n- Devoissoux, Du,clair, Simeo- ni'e, Toussaint, Robuschi. Comme od le voit, cette course seratch' s'an- nonce intéressante. On verra aveo plaisir les Jeunes comme Polledri et Sergent batailler con tre Pouchois. L'épreuve comportera en outre'un repëohage et trois demi-finales.</txt>
            <index>La Révélation fie l'Annéesimplicité, robustesse solidité incontestable t)e l'arrière indépendance de ruus les organes et facilité d'accès démontage rapide - . i ; marche s.flénçleusè -- faible consommation USINES. SIEGE SOCIAL ET CORRESPONDANCE , :: Rue du Moulin de la Tour GENNEV1LL1ERS (Seine) cyclisbse Au Vélodrome d'Hiver Aujourd'hui, au Vélodromê -d'Hiver, « MatcH revanche Kramer-Prlol ». Nous assisterons en suite à un handicap sur 40 kilomètres dispute par Sérès, Léon' Didier, Lavalade et Henri Fos- sier. Puis nous aurons le matcli. de vitesse dis puté par l'Italien Poledri et par Sergent ; ce match constituera un attrayant ëvent... Au programme encore une course seratch en huit séries, dont voici la composition : Première-série;Pouchois, Palutias, Coom- batto, Murât, E. Léonard. Deuxième série. ~ - Polledri, Sussmilch, Laro» che, Rohmer,,Fuentès. : ' Troisième série. — Sergent, Pinn, Vugé, Char don, Hubert. . ■ . Quatrième série. — Dupuy, Seigneur,.Budi- Russe, Rettioh, Jubi, Régnier. . Cihquième série. — Piani, P. Didier, Hedspath, Ougau, Auriaux. • Sixième série., — Schilling, Packebusch, Ma thieu, koisel, Jauzin, Pedron. Septième série. — Schllles, Martin, Dupont,; Cbstet, Delrieu-.Peyrode. t - t Huitième sdrie. n- Devoissoux, Du,clair, Simeo- ni'e, Toussaint, Robuschi. Comme od le voit, cette course seratch' s'an- nonce intéressante. On verra aveo plaisir les Jeunes comme Polledri et Sergent batailler con tre Pouchois. L'épreuve comportera en outre'un repëohage et trois demi-finales.</index>
            <contenuImg CS="1" lang="en" source="hm" time="2020-04-08T18:07:42.924+02:00">motorcycle</contenuImg>
          </ill>
        </ills>
      </page>
      <page ordre="4">
        <nbMot>2019</nbMot>
        <blocTexte>1005</blocTexte>
        <blocTab>0</blocTab>
        <blocPub>0</blocPub>
        <blocIll ocr="0">0</blocIll>
      </page>
      <page ordre="5">
        <nbMot>907</nbMot>
        <blocTexte>24</blocTexte>
        <blocTab>0</blocTab>
        <blocPub>0</blocPub>
        <blocIll ocr="2">0</blocIll>
        <ills/>
      </page>
      <page ordre="6">
        <nbMot>1018</nbMot>
        <blocTexte>22</blocTexte>
        <blocTab>0</blocTab>
        <blocPub>0</blocPub>
        <blocIll ocr="5">0</blocIll>
        <ills/>
      </page>
    </pages>
  </contenus>
</analyseAlto>