<analyseAlto>
  <metad>
    <type>P</type>
    <ID>bpt6k7515196</ID>
    <titre>Le Siècle</titre>
    <dateEdition>1920-04-24</dateEdition>
    <nbPage>4</nbPage>
    <suppl>FALSE</suppl>
  </metad>
  <contenus>
    <largeur>354</largeur>
    <hauteur>538</hauteur>
    <pages>
      <page ordre="1">
        <nbMot>611</nbMot>
        <blocTexte>26</blocTexte>
        <blocTab>0</blocTab>
        <blocPub>0</blocPub>
        <blocIll ocr="0">0</blocIll>
      </page>
      <page ordre="2">
        <nbMot>718</nbMot>
        <blocTexte>43</blocTexte>
        <blocTab>0</blocTab>
        <blocPub>0</blocPub>
        <blocIll ocr="3">0</blocIll>
        <ills/>
      </page>
      <page ordre="3">
        <nbMot>725</nbMot>
        <blocTexte>28</blocTexte>
        <blocTab>0</blocTab>
        <blocPub>0</blocPub>
        <blocIll ocr="0">0</blocIll>
      </page>
      <page ordre="4">
        <nbMot>1086</nbMot>
        <blocTexte>314</blocTexte>
        <blocTab>0</blocTab>
        <blocPub>0</blocPub>
        <blocIll ocr="6">1</blocIll>
        <ills>
          <ill classif="DFdnn" couleur="gris" derniere="true" edit="1" h="1870" n="4-1" pub="1" taille="3" w="953" x="3149" y="489">
            <tech source="final">imp photoméca</tech>
            <tech source="md">imp photoméca</tech>
            <contenuImg CS="0.90" h="167" sexe="P" source="dnn" w="87" x="525" y="297">face</contenuImg>
            <leg>3 Harvard .. 3 Cinna . a Gardanne .. 3 La Név-ç ....— .. 4 Barbare? .. 3 Oituzu .. 3 Jenny Bruno ...</leg>
            <txt>PRIX Handicap. — 4.000 L. Olry-Rcederer .... E. Morgon F. Monnier L. Maupoix A. Moulin Vicomte Foy M. Boussac Vicomte Foy ....... L. Cazerieuve F. Boittin-Bertin ... R. Batf. de Pudhesse M. Sherwood A. Eknayan A. Eknayan Jean Cerf PAYMENT francs. — 1.600 mètres .. 4 Alliance .... .. 4 Fricourt .. 6 Son Phœnix .. 4 Brin d'Amour .. 4 Crown Jewel .. 3 Gaspilleur 51 i .. 3 Prouilly 51 4 Couronne Aiustral 50</txt>
            <index>3 Harvard .. 3 Cinna . a Gardanne .. 3 La Név-ç ....— .. 4 Barbare? .. 3 Oituzu .. 3 Jenny Bruno ...PRIX Handicap. — 4.000 L. Olry-Rcederer .... E. Morgon F. Monnier L. Maupoix A. Moulin Vicomte Foy M. Boussac Vicomte Foy ....... L. Cazerieuve F. Boittin-Bertin ... R. Batf. de Pudhesse M. Sherwood A. Eknayan A. Eknayan Jean Cerf PAYMENT francs. — 1.600 mètres .. 4 Alliance .... .. 4 Fricourt .. 6 Son Phœnix .. 4 Brin d'Amour .. 4 Crown Jewel .. 3 Gaspilleur 51 i .. 3 Prouilly 51 4 Couronne Aiustral 50</index>
          </ill>
        </ills>
      </page>
    </pages>
  </contenus>
</analyseAlto>