<analyseAlto>
  <metad>
    <type>P</type>
    <ID>bpt6k751496h</ID>
    <titre>Le Siècle</titre>
    <dateEdition>1920-04-01</dateEdition>
    <nbPage>4</nbPage>
    <suppl>FALSE</suppl>
  </metad>
  <contenus>
    <largeur>356</largeur>
    <hauteur>538</hauteur>
    <pages>
      <page ordre="1">
        <nbMot>567</nbMot>
        <blocTexte>29</blocTexte>
        <blocTab>0</blocTab>
        <blocPub>0</blocPub>
        <blocIll ocr="0">0</blocIll>
      </page>
      <page ordre="2">
        <nbMot>768</nbMot>
        <blocTexte>44</blocTexte>
        <blocTab>0</blocTab>
        <blocPub>0</blocPub>
        <blocIll ocr="3">0</blocIll>
        <ills/>
      </page>
      <page ordre="3">
        <nbMot>762</nbMot>
        <blocTexte>22</blocTexte>
        <blocTab>0</blocTab>
        <blocPub>0</blocPub>
        <blocIll ocr="1">0</blocIll>
        <ills/>
      </page>
      <page ordre="4">
        <nbMot>1154</nbMot>
        <blocTexte>362</blocTexte>
        <blocTab>0</blocTab>
        <blocPub>0</blocPub>
        <blocIll ocr="2">1</blocIll>
        <ills>
          <ill classif="DFdnn" couleur="gris" derniere="true" edit="1" h="255" n="4-1" pub="1" taille="0" w="681" x="2571" y="3290">
            <tech source="final">imp photoméca</tech>
            <tech source="md">imp photoméca</tech>
            <leg>ET POUCE...</leg>
            <txt>PRIX DE LA HUME Handicap, — 7.500 francs. — 1.600 métras JUSTICE</txt>
            <index>ET POUCE...PRIX DE LA HUME Handicap, — 7.500 francs. — 1.600 métras JUSTICE</index>
          </ill>
        </ills>
      </page>
    </pages>
  </contenus>
</analyseAlto>