<analyseAlto>
  <metad>
    <type>P</type>
    <ID>bpt6k7515628</ID>
    <titre>Le Siècle</titre>
    <dateEdition>1920-06-06</dateEdition>
    <nbPage>4</nbPage>
    <suppl>FALSE</suppl>
  </metad>
  <contenus>
    <largeur>358</largeur>
    <hauteur>536</hauteur>
    <pages>
      <page ordre="1">
        <nbMot>591</nbMot>
        <blocTexte>34</blocTexte>
        <blocTab>0</blocTab>
        <blocPub>0</blocPub>
        <blocIll ocr="1">0</blocIll>
        <ills/>
      </page>
      <page ordre="2">
        <nbMot>781</nbMot>
        <blocTexte>51</blocTexte>
        <blocTab>0</blocTab>
        <blocPub>0</blocPub>
        <blocIll ocr="0">0</blocIll>
      </page>
      <page ordre="3">
        <nbMot>783</nbMot>
        <blocTexte>16</blocTexte>
        <blocTab>0</blocTab>
        <blocPub>0</blocPub>
        <blocIll ocr="0">0</blocIll>
      </page>
      <page ordre="4">
        <nbMot>849</nbMot>
        <blocTexte>288</blocTexte>
        <blocTab>0</blocTab>
        <blocPub>0</blocPub>
        <blocIll ocr="5">2</blocIll>
        <ills>
          <ill couleur="gris" derniere="true" edit="1" h="1454" n="4-3" pub="1" taille="3" w="1470" x="2580" y="4170">
            <tech source="final">imp photoméca</tech>
            <tech source="md">imp photoméca</tech>
            <contenuImg CS="1" lang="fr" source="hm" time="2020-04-08T18:11:28.481+02:00">camion</contenuImg>
            <txt>Nous avons passé un bon: après-midi à Saint-Cloud, même un excellent après-midi. Les oourses- ont été intéressantes, honnête ment disputées et cela nous repose tin peu. Hélas 1 il faut des gendarmes dans»notTe'pau vre société ! • ■ Lamoure n'a pas donné assez d'ailes à ES* Belle Hélène qui s : eat fait battre avant le poteau par Dunkerque et ce sont là les deux seuls concurrents à, noter. Le prix du Tertre a éité gagné facilement par Ma I.oute qui, à la distance a pris l'a vantage sur Cent Garde, alors en tête. On a vu longtemps en tèto La Consulta. Quant   Solférino, Flossy et Artaxerxès ils n'ont pas couru comme on pouvait s'y attendre. Si Verse'usr ne reste pas au poteau, et s'il avait eu un jockey sur le dos il eût gagné d  vingt longueurs. 11 a perdu et c'est bien fait Aubazine est partie très vite avec Lysa 1 Gora efc Arny II . et 'à la. lin. 'cette dernière à été si fortement menacée à l'arrivée que vingt mè' .très' plus' loin Verseur avait r avantage. • Je «conseille à Couturier de changer de métier. Bizaion est vraiment Imbattable sur les' courtes distances. Il a pris la tfite au débul malgré les efforts de Rosetti'il a gagné très facilement. Quant, à Arixicès on voit, comme je l'ai dit, combien sa place dans la Poule d'Essai était fausse. Jl a fini dernier.*! Le handicaip a donné lieu à une très .jolie .course d'où Chaud est sorti vainqueur après avoir attendu en troisième position jusqu à la .sortie du tournant. ' v Saint-Fruaquin. . w» RESULTATS DU PARI MUTUEL ; chevaux 10 tr. 5 fr. l'e c. Dunkcrgue g 35 so ,20 50 .ta Belle Hélène H  . !!! !p 15 50 ^ 50 8  C. Ma Loute .G . 62,» 23 50 — ' P 15 » 8 50 , Cent Garde * ...:....'.p 15 50 8 50 Freeliold ..■ J  39 » 46 50 3» fi. Amy II : ......,.G 53 50 21 » — ...P 20' » 1 10 » Verseur ,p 30 . ' 9 50 i» c. Bizoton G 11)50 13 » - — ...P 13 50 8 » Rosetti ..p 18 » 10 50 5« C. Oliaud G 25 » 10 » — ..P 13 » 6 50 ' Ilaiicourt .......P 43 » 17 » ■ La Pinard p 20 • 9 » 6« c. ' Masklng ... g 21 » 13 50 — .P 12 » 6 50 Salnfralre p 15 » 7 50 Grand .Vizir .....P 80 » 25.» ■ te Gérant Hippolyte V iiupieb. VOLUMARD, imprimeur. 21, rue Cadet. *</txt>
            <index>Nous avons passé un bon: après-midi à Saint-Cloud, même un excellent après-midi. Les oourses- ont été intéressantes, honnête ment disputées et cela nous repose tin peu. Hélas 1 il faut des gendarmes dans»notTe'pau vre société ! • ■ Lamoure n'a pas donné assez d'ailes à ES* Belle Hélène qui s : eat fait battre avant le poteau par Dunkerque et ce sont là les deux seuls concurrents à, noter. Le prix du Tertre a éité gagné facilement par Ma I.oute qui, à la distance a pris l'a vantage sur Cent Garde, alors en tête. On a vu longtemps en tèto La Consulta. Quant   Solférino, Flossy et Artaxerxès ils n'ont pas couru comme on pouvait s'y attendre. Si Verse'usr ne reste pas au poteau, et s'il avait eu un jockey sur le dos il eût gagné d  vingt longueurs. 11 a perdu et c'est bien fait Aubazine est partie très vite avec Lysa 1 Gora efc Arny II . et 'à la. lin. 'cette dernière à été si fortement menacée à l'arrivée que vingt mè' .très' plus' loin Verseur avait r avantage. • Je «conseille à Couturier de changer de métier. Bizaion est vraiment Imbattable sur les' courtes distances. Il a pris la tfite au débul malgré les efforts de Rosetti'il a gagné très facilement. Quant, à Arixicès on voit, comme je l'ai dit, combien sa place dans la Poule d'Essai était fausse. Jl a fini dernier.*! Le handicaip a donné lieu à une très .jolie .course d'où Chaud est sorti vainqueur après avoir attendu en troisième position jusqu à la .sortie du tournant. ' v Saint-Fruaquin. . w» RESULTATS DU PARI MUTUEL ; chevaux 10 tr. 5 fr. l'e c. Dunkcrgue g 35 so ,20 50 .ta Belle Hélène H  . !!! !p 15 50 ^ 50 8  C. Ma Loute .G . 62,» 23 50 — ' P 15 » 8 50 , Cent Garde * ...:....'.p 15 50 8 50 Freeliold ..■ J  39 » 46 50 3» fi. Amy II : ......,.G 53 50 21 » — ...P 20' » 1 10 » Verseur ,p 30 . ' 9 50 i» c. Bizoton G 11)50 13 » - — ...P 13 50 8 » Rosetti ..p 18 » 10 50 5« C. Oliaud G 25 » 10 » — ..P 13 » 6 50 ' Ilaiicourt .......P 43 » 17 » ■ La Pinard p 20 • 9 » 6« c. ' Masklng ... g 21 » 13 50 — .P 12 » 6 50 Salnfralre p 15 » 7 50 Grand .Vizir .....P 80 » 25.» ■ te Gérant Hippolyte V iiupieb. VOLUMARD, imprimeur. 21, rue Cadet. *</index>
            <contenuImg CS="1" lang="en" source="hm" time="2020-04-08T18:11:28.481+02:00">truck</contenuImg>
          </ill>
          <ill couleur="gris" derniere="true" edit="1" h="294" n="4-4" pub="1" taille="0" w="625" x="2671" y="5668">
            <tech source="final">imp photoméca</tech>
            <tech source="md">imp photoméca</tech>
            <leg>259, Avenue Berthelot LYON 152, Av des Champs-Elysées PARIS</leg>
            <txt>1 Wi</txt>
            <index>259, Avenue Berthelot LYON 152, Av des Champs-Elysées PARIS1 Wi</index>
          </ill>
        </ills>
      </page>
    </pages>
  </contenus>
</analyseAlto>