<analyseAlto>
  <metad>
    <type>P</type>
    <ID>bpt6k751736c</ID>
    <titre>Le Siècle</titre>
    <dateEdition>1920-11-28</dateEdition>
    <nbPage>4</nbPage>
    <suppl>FALSE</suppl>
  </metad>
  <contenus>
    <largeur>360</largeur>
    <hauteur>540</hauteur>
    <pages>
      <page ordre="1">
        <nbMot>625</nbMot>
        <blocTexte>22</blocTexte>
        <blocTab>0</blocTab>
        <blocPub>0</blocPub>
        <blocIll ocr="0">0</blocIll>
      </page>
      <page ordre="2">
        <nbMot>776</nbMot>
        <blocTexte>28</blocTexte>
        <blocTab>0</blocTab>
        <blocPub>0</blocPub>
        <blocIll ocr="7">1</blocIll>
        <ills>
          <ill couleur="gris" edit="1" h="359" n="2-6" pub="1" taille="0" w="668" x="2605" y="807">
            <tech source="final">imp photoméca</tech>
            <tech source="md">imp photoméca</tech>
            <leg>!   n., t .— vous y conduiront mât.-cs, tramwaye, autobus et mSirio taxis Faut, dopuis G fr; La vêndrerU. renrteï-voiis du Paris , Olêcnml Aujourd'hui, en matinée po-</leg>
            <txt>t L'Homm» à la Ross ». — L'état de M. Allâré Brûlé est stationnais. On espère néanmoins «ue io grand com sdlen pourra jouer lundi soir, date à la- r/uelle est iizée la répétition générale de « L'Homme â la Rose », au Théâtre da Paris ■Mardi, première A. Mercredi, première B. Qala Kobiei. — Le 4 décembre, au Gala Mo!)t  ; t, au ïliéatro £;i.Taix-Bern1iariat, 11 ciyartent d'ajouter le nom do M. Alexandre Uutal, «ui remplira Je roi? du Majordome. .. A 20 mètres du métro : CHAMPS-ELV5ESS Le thââire !e p!un Élégant: oaauffé et flaui'i. comme une serrr, vous convie</txt>
            <index>!   n., t .— vous y conduiront mât.-cs, tramwaye, autobus et mSirio taxis Faut, dopuis G fr; La vêndrerU. renrteï-voiis du Paris , Olêcnml Aujourd'hui, en matinée po-t L'Homm» à la Ross ». — L'état de M. Allâré Brûlé est stationnais. On espère néanmoins «ue io grand com sdlen pourra jouer lundi soir, date à la- r/uelle est iizée la répétition générale de « L'Homme â la Rose », au Théâtre da Paris ■Mardi, première A. Mercredi, première B. Qala Kobiei. — Le 4 décembre, au Gala Mo!)t  ; t, au ïliéatro £;i.Taix-Bern1iariat, 11 ciyartent d'ajouter le nom do M. Alexandre Uutal, «ui remplira Je roi? du Majordome. .. A 20 mètres du métro : CHAMPS-ELV5ESS Le thââire !e p!un Élégant: oaauffé et flaui'i. comme une serrr, vous convie</index>
          </ill>
        </ills>
      </page>
      <page ordre="3">
        <nbMot>724</nbMot>
        <blocTexte>28</blocTexte>
        <blocTab>0</blocTab>
        <blocPub>0</blocPub>
        <blocIll ocr="3">0</blocIll>
        <ills/>
      </page>
      <page ordre="4">
        <nbMot>1111</nbMot>
        <blocTexte>402</blocTexte>
        <blocTab>0</blocTab>
        <blocPub>0</blocPub>
        <blocIll ocr="4">0</blocIll>
        <ills/>
      </page>
    </pages>
  </contenus>
</analyseAlto>