<analyseAlto>
  <metad>
    <type>P</type>
    <ID>bpt6k751432x</ID>
    <titre>Le Siècle</titre>
    <dateEdition>1920-01-28</dateEdition>
    <nbPage>4</nbPage>
    <suppl>FALSE</suppl>
  </metad>
  <contenus>
    <largeur>357</largeur>
    <hauteur>537</hauteur>
    <pages>
      <page ordre="1">
        <nbMot>545</nbMot>
        <blocTexte>29</blocTexte>
        <blocTab>0</blocTab>
        <blocPub>0</blocPub>
        <blocIll ocr="1">0</blocIll>
        <ills/>
      </page>
      <page ordre="2">
        <nbMot>770</nbMot>
        <blocTexte>51</blocTexte>
        <blocTab>0</blocTab>
        <blocPub>0</blocPub>
        <blocIll ocr="5">1</blocIll>
        <ills>
          <ill couleur="gris" edit="1" h="337" n="2-1" pub="1" taille="0" w="799" x="136" y="3700">
            <tech source="final">imp photoméca</tech>
            <tech source="md">imp photoméca</tech>
            <leg>Londres, comme Paris, souffre de la crise des logements. Il taut donc bâtir et bâtir sans re â» che pour k résoudre. Mal!» Londres n'a pas, coirmç Paris, use ceinture 4e fortifications per mettant d'édifier aux abords Immédiats de la capitale des milliers d'habitations. Déjà les fau bourgs s'étendent à une distance de plusieurs kilomètres de'la capitale proprement dite. Il faut donc trouver une autre solution. Cette solution, d'après sir Martin Conway, directeur général du musée de guerre impérial consiste dans la construction d'énormes gratte» ciels de 40 étages quj seraient édiflâ tout d'abord sur l'emplacement des taudis qui désho norent la capitale de l'Angleterre et qui ooti- vrenit une énorme superficie. Ce projet, d'après sir Martin Conway, est</leg>
            <txt>— Trafiquer ainsi pendant qu'il est im possible d'obtenir de la monnaie dans les grands magasins ! s'écria-t-il... C'est abo minable !... Deux ans de prison et mille francs d'a mende apprirent au bijoutier combien son acte était répréhensible.. Hier également, on iugeait, dans une cour d'assises, le procès d'un faux mon- nayeur qui, lui, fut acquitté par, le Jury après avoir métamorphosé de l'argent en pièces... En somme, les tribunaux sont bixarres : Ils condamnent à deux années d'emprison nement un citoyen qui a transformé des pièces de monnaie en simple métal. Ils poursuivent rigoureusement devant des juridictions plus imposantes celui qui, au contraire, fait, du métal, des pièces... — On ne sait jamais comment faire pour ne pas avoir d'ennui, disait hier un avocat. M'est avis qu'il est plus dangereux de détruire la monnaie que de la fabriquer. Dans le premier cas, on risque de tomber sur des juges qui vont dans les grands ma gasins et se vengent sur les inculpés de la difficulté de leur change. Dans le second, on se trouve en présence de jurés sensi bles aux touchantes, plaidoiries et prêts à toutes les indulgences en raison des né cessités de la vie chère qui sont, à l'heure actuelle, un des principaux thèmes des plaidoiries des avocats, - Max Viterbo. ÉCHOS</txt>
            <index>Londres, comme Paris, souffre de la crise des logements. Il taut donc bâtir et bâtir sans re â» che pour k résoudre. Mal!» Londres n'a pas, coirmç Paris, use ceinture 4e fortifications per mettant d'édifier aux abords Immédiats de la capitale des milliers d'habitations. Déjà les fau bourgs s'étendent à une distance de plusieurs kilomètres de'la capitale proprement dite. Il faut donc trouver une autre solution. Cette solution, d'après sir Martin Conway, directeur général du musée de guerre impérial consiste dans la construction d'énormes gratte» ciels de 40 étages quj seraient édiflâ tout d'abord sur l'emplacement des taudis qui désho norent la capitale de l'Angleterre et qui ooti- vrenit une énorme superficie. Ce projet, d'après sir Martin Conway, est— Trafiquer ainsi pendant qu'il est im possible d'obtenir de la monnaie dans les grands magasins ! s'écria-t-il... C'est abo minable !... Deux ans de prison et mille francs d'a mende apprirent au bijoutier combien son acte était répréhensible.. Hier également, on iugeait, dans une cour d'assises, le procès d'un faux mon- nayeur qui, lui, fut acquitté par, le Jury après avoir métamorphosé de l'argent en pièces... En somme, les tribunaux sont bixarres : Ils condamnent à deux années d'emprison nement un citoyen qui a transformé des pièces de monnaie en simple métal. Ils poursuivent rigoureusement devant des juridictions plus imposantes celui qui, au contraire, fait, du métal, des pièces... — On ne sait jamais comment faire pour ne pas avoir d'ennui, disait hier un avocat. M'est avis qu'il est plus dangereux de détruire la monnaie que de la fabriquer. Dans le premier cas, on risque de tomber sur des juges qui vont dans les grands ma gasins et se vengent sur les inculpés de la difficulté de leur change. Dans le second, on se trouve en présence de jurés sensi bles aux touchantes, plaidoiries et prêts à toutes les indulgences en raison des né cessités de la vie chère qui sont, à l'heure actuelle, un des principaux thèmes des plaidoiries des avocats, - Max Viterbo. ÉCHOS</index>
          </ill>
        </ills>
      </page>
      <page ordre="3">
        <nbMot>757</nbMot>
        <blocTexte>21</blocTexte>
        <blocTab>0</blocTab>
        <blocPub>0</blocPub>
        <blocIll ocr="0">0</blocIll>
      </page>
      <page ordre="4">
        <nbMot>1115</nbMot>
        <blocTexte>338</blocTexte>
        <blocTab>0</blocTab>
        <blocPub>0</blocPub>
        <blocIll ocr="3">0</blocIll>
        <ills/>
      </page>
    </pages>
  </contenus>
</analyseAlto>