<analyseAlto>
  <metad>
    <type>P</type>
    <ID>bpt6k7515730</ID>
    <titre>Le Siècle</titre>
    <dateEdition>1920-06-17</dateEdition>
    <nbPage>4</nbPage>
    <suppl>FALSE</suppl>
  </metad>
  <contenus>
    <largeur>352</largeur>
    <hauteur>535</hauteur>
    <pages>
      <page ordre="1">
        <nbMot>614</nbMot>
        <blocTexte>22</blocTexte>
        <blocTab>0</blocTab>
        <blocPub>0</blocPub>
        <blocIll ocr="0">0</blocIll>
      </page>
      <page ordre="2">
        <nbMot>767</nbMot>
        <blocTexte>42</blocTexte>
        <blocTab>0</blocTab>
        <blocPub>0</blocPub>
        <blocIll ocr="5">0</blocIll>
        <ills/>
      </page>
      <page ordre="3">
        <nbMot>791</nbMot>
        <blocTexte>20</blocTexte>
        <blocTab>0</blocTab>
        <blocPub>0</blocPub>
        <blocIll ocr="0">0</blocIll>
      </page>
      <page ordre="4">
        <nbMot>1090</nbMot>
        <blocTexte>333</blocTexte>
        <blocTab>0</blocTab>
        <blocPub>0</blocPub>
        <blocIll ocr="1">1</blocIll>
        <ills>
          <ill couleur="gris" derniere="true" edit="1" h="885" n="4-1" pub="1" taille="2" w="1413" x="2623" y="3282">
            <tech source="final">imp photoméca</tech>
            <tech source="md">imp photoméca</tech>
            <leg>Aujourd'hui : SINAGRIDA PLAQUI</leg>
            <txt>Merry Mischief ne disputera pas le Prix Emma, le poulain étant réservé pour ie Prix d'Essai, vendredi, a Engliien, , Il eet possible qu'Ajaccio, gui doit faire ses débuts en obstacles dans cette même épreuve, ne dispute pas le Prix Solon et enfin, Tomsk, District et Etourdi III sont également des par tants douteux, le poulain de M. Olry-Rœderer, pouvant être réservé pour le Prix Mackenzle- Grièses, mardi, à Longchamp. — Bochourdiak, engagé dans le Prix Em ma, est à l'entraînement chez Floch. — Sommereux, que son propriétaire ré serve pour Amiens, iaiesera à Mailly le soin de représenter l'écurie dans le Prix Mo» werina. w». Demain, à Longchamp. — M. J. D. Cohn a cédé à M Coulon, lear engagements de Caviar, dans les Prix de Vic- tot et d'Ibos. — Il est possible que Simpri dispute le Prix La Moskowa qui lui servira de dernier galop en vue du Grand Steeple-Chase d'Auteuiî. — Bateau remplira son engagement dans le Prix de Senailly, avec la monte de Mac Gee.. wv Fonraud et Curiobourg deviennent des par tante possibles dans le Grand Steeple, toute* fois le départ de'Fonraud ne sera décidé qu'a près son galop de demain matin. , ■ , . Par contre, Bigobert ne disputera pas lai Grande Course dè Haies. La Vie Sportive - CHAMPIONNAT DE FRANCE DE TENNIS Résultat : Gobert bat Decugis, 6-3, 3-6, 1-6, 6-4. 5-3. Decugis sortit un jeu très vite, mais malgré cela ne put venir à bout de son adversaire Gobert, qui, moins nerveux, fut plus eûr de lui. — Mlle Lenglen, W. Laurentz, A.-II. Gobert, Max Decugis, Brugnon, Dupont, teis sont Jes joueurs qui vont représenter la France aux Championnats du inonde sur .gazon de Wim- bledon, prés de Londres. Ces championnats dureront du 20 juin au 4 juillet. Tenants dea titres : Petterson et Mlle Lenglen. AUTOMOBILE Les automobiles-clubs reconnus Hier matin s'eet tenue, à l'Automobiie-Club de France, l'assemblée générale de l'Associa tion intesnationale des automobiles-clubs re connus. Dix nations étaient représentées. La bureau pour le prochain exercice a été élu comme sutt : Président : baron de Zuylen (France) ; vice-présidents : Sir A. llolden (Angleterre) et marquis A Ferrero-Ventimi* glia ; trésorier : M. André Lehideux-Vernim- men (France) ; membres : comte Liedekerke (Belgique) ; S. Ex. Quinonés de Léon (Es pagne) ; colonel H. Pfyffer d'Altishoffen (Suisse). L'affiliation des automobiles-clubs de Chine, de Cuba, de Finlande, de-Pologne et de Tché coslovaquie a été prononcée. Différents re cords ont été homologués. Les réunions du mercredi Polo. — A 16 heures, au Polo de Bagatelle, fête d'enfant,s ; théâtre de fantoches ; rondes i jeux divers. — A 17 heures, match de polo. Boxe. — a 9 heures, au Continental S.C. (Salle Wagram), Verne 'contr</txt>
            <index>Aujourd'hui : SINAGRIDA PLAQUIMerry Mischief ne disputera pas le Prix Emma, le poulain étant réservé pour ie Prix d'Essai, vendredi, a Engliien, , Il eet possible qu'Ajaccio, gui doit faire ses débuts en obstacles dans cette même épreuve, ne dispute pas le Prix Solon et enfin, Tomsk, District et Etourdi III sont également des par tants douteux, le poulain de M. Olry-Rœderer, pouvant être réservé pour le Prix Mackenzle- Grièses, mardi, à Longchamp. — Bochourdiak, engagé dans le Prix Em ma, est à l'entraînement chez Floch. — Sommereux, que son propriétaire ré serve pour Amiens, iaiesera à Mailly le soin de représenter l'écurie dans le Prix Mo» werina. w». Demain, à Longchamp. — M. J. D. Cohn a cédé à M Coulon, lear engagements de Caviar, dans les Prix de Vic- tot et d'Ibos. — Il est possible que Simpri dispute le Prix La Moskowa qui lui servira de dernier galop en vue du Grand Steeple-Chase d'Auteuiî. — Bateau remplira son engagement dans le Prix de Senailly, avec la monte de Mac Gee.. wv Fonraud et Curiobourg deviennent des par tante possibles dans le Grand Steeple, toute* fois le départ de'Fonraud ne sera décidé qu'a près son galop de demain matin. , ■ , . Par contre, Bigobert ne disputera pas lai Grande Course dè Haies. La Vie Sportive - CHAMPIONNAT DE FRANCE DE TENNIS Résultat : Gobert bat Decugis, 6-3, 3-6, 1-6, 6-4. 5-3. Decugis sortit un jeu très vite, mais malgré cela ne put venir à bout de son adversaire Gobert, qui, moins nerveux, fut plus eûr de lui. — Mlle Lenglen, W. Laurentz, A.-II. Gobert, Max Decugis, Brugnon, Dupont, teis sont Jes joueurs qui vont représenter la France aux Championnats du inonde sur .gazon de Wim- bledon, prés de Londres. Ces championnats dureront du 20 juin au 4 juillet. Tenants dea titres : Petterson et Mlle Lenglen. AUTOMOBILE Les automobiles-clubs reconnus Hier matin s'eet tenue, à l'Automobiie-Club de France, l'assemblée générale de l'Associa tion intesnationale des automobiles-clubs re connus. Dix nations étaient représentées. La bureau pour le prochain exercice a été élu comme sutt : Président : baron de Zuylen (France) ; vice-présidents : Sir A. llolden (Angleterre) et marquis A Ferrero-Ventimi* glia ; trésorier : M. André Lehideux-Vernim- men (France) ; membres : comte Liedekerke (Belgique) ; S. Ex. Quinonés de Léon (Es pagne) ; colonel H. Pfyffer d'Altishoffen (Suisse). L'affiliation des automobiles-clubs de Chine, de Cuba, de Finlande, de-Pologne et de Tché coslovaquie a été prononcée. Différents re cords ont été homologués. Les réunions du mercredi Polo. — A 16 heures, au Polo de Bagatelle, fête d'enfant,s ; théâtre de fantoches ; rondes i jeux divers. — A 17 heures, match de polo. Boxe. — a 9 heures, au Continental S.C. (Salle Wagram), Verne 'contr</index>
          </ill>
        </ills>
      </page>
    </pages>
  </contenus>
</analyseAlto>