<analyseAlto>
  <metad>
    <type>P</type>
    <ID>bpt6k749358j</ID>
    <titre>Le Siècle</titre>
    <dateEdition>1914-04-20</dateEdition>
    <nbPage>4</nbPage>
    <suppl>FALSE</suppl>
  </metad>
  <contenus>
    <largeur>433</largeur>
    <hauteur>604</hauteur>
    <pages>
      <page ordre="1">
        <nbMot>910</nbMot>
        <blocTexte>29</blocTexte>
        <blocTab>0</blocTab>
        <blocPub>0</blocPub>
        <blocIll ocr="9">0</blocIll>
        <ills/>
      </page>
      <page ordre="2">
        <nbMot>1044</nbMot>
        <blocTexte>21</blocTexte>
        <blocTab>0</blocTab>
        <blocPub>0</blocPub>
        <blocIll ocr="0">0</blocIll>
      </page>
      <page ordre="3">
        <nbMot>908</nbMot>
        <blocTexte>62</blocTexte>
        <blocTab>0</blocTab>
        <blocPub>0</blocPub>
        <blocIll ocr="6">2</blocIll>
        <ills>
          <ill couleur="gris" edit="1" h="934" n="3-1" pub="1" taille="1" w="615" x="168" y="4955">
            <tech source="final">imp photoméca</tech>
            <tech source="md">imp photoméca</tech>
            <leg>Livraisons journalières à domicile dans Paris, BIÊSE-CHOPÊ : Lepanier de 15 litres.......».,, 8 fr. BIÈRE-BOCK : ■ Le b tiier de 80 petits bocks (2a centilitres) 6 fr. Le panier de 1S canettes (50 centilitres; A fr. 60 LA CONTENANCE EXACTS DES BOUTEILLES EST GARANTIE Le matériel vide est consigné et repris. Pour les commandes, écrire: BRASSERIE KARCHER   Ci», PARIS XX®</leg>
            <txt>Dans la Banlieue Un meurtre à Saint-Ouen Un groupe de jeunes vauriens, dont le plus âgé n'avait pas quinze ans, parcou rait, vers dix heures du soir, l'avenue de, la Gar#, à Saint-Ouen, injuriant et moles tant les passants et brisant les lanternes des becs de gaz à coups de revolver. A cet instant, un jeune ouvrier typographe, Jean Grandet, sortait de son domicile, rue J m.'-, nest-Renan, 2. A peine avait-il fait quel ques pas qu'un -des bandits lui porta* un violent coup de poing au visage, le renversa sur la chaussée et lui tira un- coup de re volver qui l'atteignit à la poitrine. Après quoi les bandits prirent la fuita Transporté à l'hôpital Bichat, le mal» heureux Granelet y a su-ccombé après une courte agonie. Ses agresseurs sont active ment recherchés. Dans les Départements Un instituteur tue sa femme devant ses enfants Gumgamp, 19 avril. — A Kergloff, village situé près de Carhaix, en Bretagne, un ins tituteur nommé Le Bihan, âgé de trente-- huit ans, a tué sa femme au cours d'un# scène de jalousie, sous les yeux de ses deux enfants, âgés de trois et neuf ans. La vic time de ce drame avait, parait-il, menacé son mari de le quitter. — Tu veux rejoindre tes amis, répliqua celui-ci, mais je saurai bien t'en e mpê- CtlBI* Et l'instituteur alla décrocher son fusil de chasse :et mit sa femme en joue. Pierre, l'aîné des enfants, avait vu le geste : .. ..Maman;, prends garde ! cria-t-il. Mme Le Binan, affolée, prit la fuitei te nant par la main son plus jeune fils, tandis que  BUVEZ =s . la Bière KARCHER La plus agréable an goût ha plus saine pour l'estomac Eecommandée par les Hygiénistes parce que SA QUALITÉ EST GARANTIE Envoi sur. demande de l'analyse du Laboratoire Municipal.</txt>
            <index>Livraisons journalières à domicile dans Paris, BIÊSE-CHOPÊ : Lepanier de 15 litres.......».,, 8 fr. BIÈRE-BOCK : ■ Le b tiier de 80 petits bocks (2a centilitres) 6 fr. Le panier de 1S canettes (50 centilitres; A fr. 60 LA CONTENANCE EXACTS DES BOUTEILLES EST GARANTIE Le matériel vide est consigné et repris. Pour les commandes, écrire: BRASSERIE KARCHER   Ci», PARIS XX®Dans la Banlieue Un meurtre à Saint-Ouen Un groupe de jeunes vauriens, dont le plus âgé n'avait pas quinze ans, parcou rait, vers dix heures du soir, l'avenue de, la Gar#, à Saint-Ouen, injuriant et moles tant les passants et brisant les lanternes des becs de gaz à coups de revolver. A cet instant, un jeune ouvrier typographe, Jean Grandet, sortait de son domicile, rue J m.'-, nest-Renan, 2. A peine avait-il fait quel ques pas qu'un -des bandits lui porta* un violent coup de poing au visage, le renversa sur la chaussée et lui tira un- coup de re volver qui l'atteignit à la poitrine. Après quoi les bandits prirent la fuita Transporté à l'hôpital Bichat, le mal» heureux Granelet y a su-ccombé après une courte agonie. Ses agresseurs sont active ment recherchés. Dans les Départements Un instituteur tue sa femme devant ses enfants Gumgamp, 19 avril. — A Kergloff, village situé près de Carhaix, en Bretagne, un ins tituteur nommé Le Bihan, âgé de trente-- huit ans, a tué sa femme au cours d'un# scène de jalousie, sous les yeux de ses deux enfants, âgés de trois et neuf ans. La vic time de ce drame avait, parait-il, menacé son mari de le quitter. — Tu veux rejoindre tes amis, répliqua celui-ci, mais je saurai bien t'en e mpê- CtlBI* Et l'instituteur alla décrocher son fusil de chasse :et mit sa femme en joue. Pierre, l'aîné des enfants, avait vu le geste : .. ..Maman;, prends garde ! cria-t-il. Mme Le Binan, affolée, prit la fuitei te nant par la main son plus jeune fils, tandis que  BUVEZ =s . la Bière KARCHER La plus agréable an goût ha plus saine pour l'estomac Eecommandée par les Hygiénistes parce que SA QUALITÉ EST GARANTIE Envoi sur. demande de l'analyse du Laboratoire Municipal.</index>
          </ill>
          <ill couleur="gris" edit="1" h="587" n="3-2" pub="1" taille="0" w="612" x="983" y="2930">
            <tech source="final">imp photoméca</tech>
            <tech source="md">imp photoméca</tech>
            <leg>Grand choix die Radiateurs électriques. Prix depuis 50 francs. Démon As notre Notice spéciale. — Envoi gratuit</leg>
            <txt>informat ions Fi nancières EMÊtfUNT OTTOMAN 5 0/0 DE 1914 ■Le Gouvernement Impérial Ottoman va pro céder à l'émission de 1 million ; d'obligations 5 010 de 500 francs nominal, sur lesquelles 100.000 ont été antérieurement souscrites par un groupe de banquiers et d'établissements. Ces obligations, d'un montant total, nominal de 500 millions de francs, font ipartie d'un Em prunt de 800 millions de francs dont la créa tion a été autorisée ipar la loi du 29 mars-11 avril 19H. Leur intérêt annuel de 25 francs est paya ble semestriellement en or les 1Î14 mai et 1(14 novembre de chaque année, à Paris, à Cons- tantinople et   Londres. Elles soni exemptes, ainsi que leurs couoons, de tous impôts, taxes, timbres ou retenues présents ou futurs dans l'Empire Ottoman, et sont amortissables en qua rante-neuf ans au maximum, soit par rachats si les cours sont au-dessous du pair, soit par tirages au sort semestriels si les cours sont au pair ou au-dessus. Ces tirages ou rachats au ront lieu dans les mois de mars et septembre de chaque année, conformément au tableau d'amortissement reproduit sur les titres. Toute fois, le Gouvernement Impérial Ottoman se ré serve la faculté, mais seulement ù partir du 1!14 mai 1920, — d'augmenter l'amortissement a cha que tirage ou de procéder au remboursement au pair de la totalité des titres restant en circu lation Le présent Emprunt constitue une dette • di recte du Gouvernement Impérial Ottoman, mais il est, en outre, garanti par des affectations spéciale CHAUFFAGE) pa* Radiateurs Electriques APPARTEMENTS, BUREAUX, etc.</txt>
            <index>Grand choix die Radiateurs électriques. Prix depuis 50 francs. Démon As notre Notice spéciale. — Envoi gratuitinformat ions Fi nancières EMÊtfUNT OTTOMAN 5 0/0 DE 1914 ■Le Gouvernement Impérial Ottoman va pro céder à l'émission de 1 million ; d'obligations 5 010 de 500 francs nominal, sur lesquelles 100.000 ont été antérieurement souscrites par un groupe de banquiers et d'établissements. Ces obligations, d'un montant total, nominal de 500 millions de francs, font ipartie d'un Em prunt de 800 millions de francs dont la créa tion a été autorisée ipar la loi du 29 mars-11 avril 19H. Leur intérêt annuel de 25 francs est paya ble semestriellement en or les 1Î14 mai et 1(14 novembre de chaque année, à Paris, à Cons- tantinople et   Londres. Elles soni exemptes, ainsi que leurs couoons, de tous impôts, taxes, timbres ou retenues présents ou futurs dans l'Empire Ottoman, et sont amortissables en qua rante-neuf ans au maximum, soit par rachats si les cours sont au-dessous du pair, soit par tirages au sort semestriels si les cours sont au pair ou au-dessus. Ces tirages ou rachats au ront lieu dans les mois de mars et septembre de chaque année, conformément au tableau d'amortissement reproduit sur les titres. Toute fois, le Gouvernement Impérial Ottoman se ré serve la faculté, mais seulement ù partir du 1!14 mai 1920, — d'augmenter l'amortissement a cha que tirage ou de procéder au remboursement au pair de la totalité des titres restant en circu lation Le présent Emprunt constitue une dette • di recte du Gouvernement Impérial Ottoman, mais il est, en outre, garanti par des affectations spéciale CHAUFFAGE) pa* Radiateurs Electriques APPARTEMENTS, BUREAUX, etc.</index>
          </ill>
        </ills>
      </page>
      <page ordre="4">
        <nbMot>945</nbMot>
        <blocTexte>33</blocTexte>
        <blocTab>0</blocTab>
        <blocPub>0</blocPub>
        <blocIll ocr="1">0</blocIll>
        <ills/>
      </page>
    </pages>
  </contenus>
</analyseAlto>