<analyseAlto>
  <metad>
    <type>P</type>
    <ID>bpt6k751388m</ID>
    <titre>Le Siècle</titre>
    <dateEdition>1919-12-14</dateEdition>
    <nbPage>4</nbPage>
    <suppl>FALSE</suppl>
  </metad>
  <contenus>
    <largeur>359</largeur>
    <hauteur>531</hauteur>
    <pages>
      <page ordre="1">
        <nbMot>603</nbMot>
        <blocTexte>29</blocTexte>
        <blocTab>0</blocTab>
        <blocPub>0</blocPub>
        <blocIll ocr="1">0</blocIll>
        <ills/>
      </page>
      <page ordre="2">
        <nbMot>778</nbMot>
        <blocTexte>38</blocTexte>
        <blocTab>0</blocTab>
        <blocPub>0</blocPub>
        <blocIll ocr="3">1</blocIll>
        <ills>
          <ill couleur="gris" edit="1" h="568" n="2-2" pub="1" taille="0" w="284" x="3338" y="1535">
            <tech source="final">imp photoméca</tech>
            <tech source="md">imp photoméca</tech>
            <leg>CE SOIR fi SAMEDI  je s Usures à Minuit</leg>
            <txt>VALSES LOUVAiH SOJRviLLE A LA FIE 611 ClUSTE ST!ï«Xrïïa née avoc Charlotte Lysès et Charles Fallût.</txt>
            <index>CE SOIR fi SAMEDI  je s Usures à MinuitVALSES LOUVAiH SOJRviLLE A LA FIE 611 ClUSTE ST!ï«Xrïïa née avoc Charlotte Lysès et Charles Fallût.</index>
          </ill>
        </ills>
      </page>
      <page ordre="3">
        <nbMot>788</nbMot>
        <blocTexte>28</blocTexte>
        <blocTab>0</blocTab>
        <blocPub>0</blocPub>
        <blocIll ocr="0">0</blocIll>
      </page>
      <page ordre="4">
        <nbMot>1091</nbMot>
        <blocTexte>153</blocTexte>
        <blocTab>0</blocTab>
        <blocPub>0</blocPub>
        <blocIll ocr="1">0</blocIll>
        <ills/>
      </page>
    </pages>
  </contenus>
</analyseAlto>