<analyseAlto>
  <metad>
    <type>P</type>
    <ID>bpt6k751543z</ID>
    <titre>Le Siècle</titre>
    <dateEdition>1920-05-18</dateEdition>
    <nbPage>4</nbPage>
    <suppl>FALSE</suppl>
  </metad>
  <contenus>
    <largeur>354</largeur>
    <hauteur>537</hauteur>
    <pages>
      <page ordre="1">
        <nbMot>560</nbMot>
        <blocTexte>27</blocTexte>
        <blocTab>0</blocTab>
        <blocPub>0</blocPub>
        <blocIll ocr="4">0</blocIll>
        <ills/>
      </page>
      <page ordre="2">
        <nbMot>784</nbMot>
        <blocTexte>26</blocTexte>
        <blocTab>0</blocTab>
        <blocPub>0</blocPub>
        <blocIll ocr="1">0</blocIll>
        <ills/>
      </page>
      <page ordre="3">
        <nbMot>841</nbMot>
        <blocTexte>24</blocTexte>
        <blocTab>0</blocTab>
        <blocPub>0</blocPub>
        <blocIll ocr="0">0</blocIll>
      </page>
      <page ordre="4">
        <nbMot>1096</nbMot>
        <blocTexte>402</blocTexte>
        <blocTab>0</blocTab>
        <blocPub>0</blocPub>
        <blocIll ocr="2">1</blocIll>
        <ills>
          <ill couleur="gris" derniere="true" edit="1" h="1446" n="4-1" pub="1" taille="3" w="1472" x="2586" y="4102">
            <tech source="final">imp photoméca</tech>
            <tech source="md">imp photoméca</tech>
            <contenuImg CS="1" lang="fr" source="hm" time="2020-04-08T18:11:07.55+02:00">camion</contenuImg>
            <txt>(CONFECTIONNÉS .t ..t MESURE I [Hommes, Dames, Jeunes Genjj Fillettes et Enfants i=Les Meilleurs Tissus ='J y=La Meilleure Ccups=j k-Le Meilleur Marchés Envol franco «or demande d«S Fe«ill« de mesure#,  CUtiloauo» et Echantillons. L Su«oartal«5 : PARIS, 1, Pl. d* Cllchy; . LYM, MARSEILLE, BOROEA VX Hi/im, Huer. Mains Le Gérant : Hlppolyte V itdpieb. VOLUMARJ3, imprimeur, SI, rue Cadet.</txt>
            <index>(CONFECTIONNÉS .t ..t MESURE I [Hommes, Dames, Jeunes Genjj Fillettes et Enfants i=Les Meilleurs Tissus ='J y=La Meilleure Ccups=j k-Le Meilleur Marchés Envol franco «or demande d«S Fe«ill« de mesure#,  CUtiloauo» et Echantillons. L Su«oartal«5 : PARIS, 1, Pl. d* Cllchy; . LYM, MARSEILLE, BOROEA VX Hi/im, Huer. Mains Le Gérant : Hlppolyte V itdpieb. VOLUMARJ3, imprimeur, SI, rue Cadet.</index>
            <contenuImg CS="1" lang="en" source="hm" time="2020-04-08T18:11:07.55+02:00">truck</contenuImg>
          </ill>
        </ills>
      </page>
    </pages>
  </contenus>
</analyseAlto>