<analyseAlto>
  <metad>
    <type>P</type>
    <ID>bpt6k751737r</ID>
    <titre>Le Siècle</titre>
    <dateEdition>1920-11-29</dateEdition>
    <nbPage>4</nbPage>
    <suppl>FALSE</suppl>
  </metad>
  <contenus>
    <largeur>360</largeur>
    <hauteur>541</hauteur>
    <pages>
      <page ordre="1">
        <nbMot>611</nbMot>
        <blocTexte>26</blocTexte>
        <blocTab>0</blocTab>
        <blocPub>0</blocPub>
        <blocIll ocr="0">0</blocIll>
      </page>
      <page ordre="2">
        <nbMot>749</nbMot>
        <blocTexte>46</blocTexte>
        <blocTab>0</blocTab>
        <blocPub>0</blocPub>
        <blocIll ocr="3">0</blocIll>
        <ills/>
      </page>
      <page ordre="3">
        <nbMot>598</nbMot>
        <blocTexte>38</blocTexte>
        <blocTab>0</blocTab>
        <blocPub>0</blocPub>
        <blocIll ocr="6">2</blocIll>
        <ills>
          <ill classif="DFdnn" couleur="gris" edit="1" h="821" n="3-3" pub="1" taille="0" w="442" x="2282" y="3087">
            <tech source="final">imp photoméca</tech>
            <tech source="md">imp photoméca</tech>
            <contenuImg CS="0.95" h="140" sexe="P" source="dnn" w="90" x="147" y="80">face</contenuImg>
            <leg>vachette, box' noir cousu façon main 39«46   1 VO1ïu 4 =sS 2^ , / ypfr - SOLDEAjZ- C omplet veston droit draperiewataisie i3ô.lSonS_. 16 J ISanS</leg>
            <txt>.B ottes lacets ou Loufou filleU» iSeqt S oloe'E-S 0OL RQ jersey purt laine manches lonqtits.bbne.bti'ge. gris, vaféiti' ÇRANO CHOIX de COSTUMES TAl LLEUR,deROBESpour DAMES a de VETEMENTS pour F» LUETTES Si i4oiw SOLDÉS AVEC UN RABAIS CONSIDERABLE</txt>
            <index>vachette, box' noir cousu façon main 39«46   1 VO1ïu 4 =sS 2^ , / ypfr - SOLDEAjZ- C omplet veston droit draperiewataisie i3ô.lSonS_. 16 J ISanS.B ottes lacets ou Loufou filleU» iSeqt S oloe'E-S 0OL RQ jersey purt laine manches lonqtits.bbne.bti'ge. gris, vaféiti' ÇRANO CHOIX de COSTUMES TAl LLEUR,deROBESpour DAMES a de VETEMENTS pour F» LUETTES Si i4oiw SOLDÉS AVEC UN RABAIS CONSIDERABLE</index>
          </ill>
          <ill classif="DFdnn" couleur="gris" edit="1" h="1383" n="3-4" pub="1" taille="2" w="841" x="3143" y="2222">
            <tech source="final">imp photoméca</tech>
            <tech source="md">imp photoméca</tech>
            <contenuImg CS="0.96" h="112" sexe="P" source="dnn" w="85" x="92" y="215">face</contenuImg>
            <contenuImg CS="0.99" h="127" sexe="P" source="dnn" w="102" x="510" y="52">face</contenuImg>
            <txt>1 vachette, box' noir cousu façon main 39«46   1 VO1ïu 4 =sS 2^ , / ypfr - SOLDEAjZ- C omplet veston droit draperiewataisie i3ô.lSonS_. 16 J ISanS</txt>
            <index>1 vachette, box' noir cousu façon main 39«46   1 VO1ïu 4 =sS 2^ , / ypfr - SOLDEAjZ- C omplet veston droit draperiewataisie i3ô.lSonS_. 16 J ISanS</index>
          </ill>
        </ills>
      </page>
      <page ordre="4">
        <nbMot>1172</nbMot>
        <blocTexte>393</blocTexte>
        <blocTab>0</blocTab>
        <blocPub>0</blocPub>
        <blocIll ocr="3">1</blocIll>
        <ills>
          <ill classif="DFdnn" couleur="gris" derniere="true" edit="1" h="594" n="4-2" pub="1" taille="0" w="672" x="2642" y="3429">
            <tech source="final">imp photoméca</tech>
            <tech source="md">imp photoméca</tech>
            <index/>
          </ill>
        </ills>
      </page>
    </pages>
  </contenus>
</analyseAlto>