<analyseAlto>
  <metad>
    <type>P</type>
    <ID>bpt6k751761h</ID>
    <titre>Le Siècle</titre>
    <dateEdition>1920-12-23</dateEdition>
    <nbPage>4</nbPage>
    <suppl>FALSE</suppl>
  </metad>
  <contenus>
    <largeur>356</largeur>
    <hauteur>536</hauteur>
    <pages>
      <page ordre="1">
        <nbMot>636</nbMot>
        <blocTexte>31</blocTexte>
        <blocTab>0</blocTab>
        <blocPub>0</blocPub>
        <blocIll ocr="1">0</blocIll>
        <ills/>
      </page>
      <page ordre="2">
        <nbMot>753</nbMot>
        <blocTexte>38</blocTexte>
        <blocTab>0</blocTab>
        <blocPub>0</blocPub>
        <blocIll ocr="2">1</blocIll>
        <ills>
          <ill classif="DFdnn" couleur="gris" edit="1" h="930" n="2-1" pub="1" taille="1" w="752" x="3366" y="590">
            <tech source="final">imp photoméca</tech>
            <tech source="md">imp photoméca</tech>
            <contenuImg CS="0.97" h="110" sexe="P" source="dnn" w="72" x="350" y="55">face</contenuImg>
            <contenuImg CS="0.98" h="105" sexe="P" source="dnn" w="72" x="575" y="390">face</contenuImg>
            <contenuImg CS="1.00" h="147" sexe="P" source="dnn" w="100" x="85" y="612">face</contenuImg>
            <leg>Vendredi 5 REVEILLON g</leg>
            <txt>j—  A L'OPÉRA    î g JEUDI, SAMEDI, DIMANCHE A 3 heures S | CONCERTS PASDELGUP I «Bim«as»BaBSB«s8*aaB»aaBsa*aacaaiiaaaEmflBat7 5 CASINO DE PARIS S ■ . •.. ■ ■ J 4CQ Artistes! MISTTN GUETT i 1800 Costumer»</txt>
            <index>Vendredi 5 REVEILLON gj—  A L'OPÉRA    î g JEUDI, SAMEDI, DIMANCHE A 3 heures S | CONCERTS PASDELGUP I «Bim«as»BaBSB«s8*aaB»aaBsa*aacaaiiaaaEmflBat7 5 CASINO DE PARIS S ■ . •.. ■ ■ J 4CQ Artistes! MISTTN GUETT i 1800 Costumer»</index>
          </ill>
        </ills>
      </page>
      <page ordre="3">
        <nbMot>779</nbMot>
        <blocTexte>21</blocTexte>
        <blocTab>0</blocTab>
        <blocPub>0</blocPub>
        <blocIll ocr="0">0</blocIll>
      </page>
      <page ordre="4">
        <nbMot>1000</nbMot>
        <blocTexte>204</blocTexte>
        <blocTab>0</blocTab>
        <blocPub>0</blocPub>
        <blocIll ocr="6">0</blocIll>
        <ills/>
      </page>
    </pages>
  </contenus>
</analyseAlto>