<analyseAlto>
  <metad>
    <type>P</type>
    <ID>bpt6k7493787</ID>
    <titre>Le Siècle</titre>
    <dateEdition>1914-05-10</dateEdition>
    <nbPage>6</nbPage>
    <suppl>FALSE</suppl>
  </metad>
  <contenus>
    <largeur>435</largeur>
    <hauteur>600</hauteur>
    <pages>
      <page ordre="1">
        <nbMot>908</nbMot>
        <blocTexte>34</blocTexte>
        <blocTab>0</blocTab>
        <blocPub>0</blocPub>
        <blocIll ocr="5">0</blocIll>
        <ills/>
      </page>
      <page ordre="2">
        <nbMot>1003</nbMot>
        <blocTexte>37</blocTexte>
        <blocTab>0</blocTab>
        <blocPub>0</blocPub>
        <blocIll ocr="1">0</blocIll>
        <ills/>
      </page>
      <page ordre="3">
        <nbMot>737</nbMot>
        <blocTexte>54</blocTexte>
        <blocTab>0</blocTab>
        <blocPub>0</blocPub>
        <blocIll ocr="10">1</blocIll>
        <ills>
          <ill classif="DFdnn" couleur="gris" edit="1" h="342" n="3-7" pub="1" taille="0" w="698" x="1808" y="5454">
            <tech source="final">imp photoméca</tech>
            <tech source="md">imp photoméca</tech>
            <contenuImg CS="1" lang="fr" source="hm" time="2020-04-08T18:08:08.738+02:00">moto</contenuImg>
            <leg>Là Révélation d® t'Annéo La Moto THOMANN 1914 construite par la célèbr# marqn# . de CYCLES triomphatrice de BOltDEAUX ■ PARIS 1813 Catalogue franco sur âeroaflde *ux Usines XHOMAÏ«î«, A N AN TERRÉ</leg>
            <txt>début,, ce genre de course n'ayant pas été pratiqué depuis fort longtemps à  cette fédéra tion, le parcours du steeple-chase sera as sez coulant, le seul obstacle un peu sévère sera constitué par un fôSâé précédé d'Urte petite butte que les concurrents devront franenir à deux reprises, Les autres Obstacles seront des haies de 0 m. 80 de hauteur, ce qui, n'empiiche que dix obstacles sur une distance de 8G0 m. constituent une difficulté, sinon insurmontable, tout' au moins, suffisante pour nous moutrer leurs aptitudes. FOOTBALL ASSOCIATION 1 TT. S. F. S. A. contre Suisse Romande Cet après-midi; à 3 heures. riie  dlivier-de-. Serres, le dernier match international se jouera à Paris; 11 mettra en présence le team de i-'U.S. F.S.A. et celui de la Suisse romande Suisse Romande. — Jaeck (E; Chaux-de- Fonds) ; Duriaux (Stella Fribourg)- et collet, cap. (Montriond Sports) ; DUboux (Montriond), Fréolen-(Stella) et Chatelan (Montriond), Gysy (Montriontr)', Wuithier (Cantonal Neuchatel), Wyss frères (Chauds-de-Fonds) et Winder (Montreux). Réservé: Witrich (Cûncordia). U. S. F.' S. A. ■— Parsys (US Tourcoing) ; Ma- thieu (C.A. Société Générale) et Hanot (U.S. Tourcoing); Montagne (0. Lillois), Denis (G. A. Société Générale) et Hanot (U.S. Tourcoing); Montagne (0 Lillois), Denis (C.A. Société. Gé nérale) et Gravelines (O.L.) ; Lesur (U.S. Tour coing), Brouzes (CASG), Bard (RCF). Chande lier (O.L.) et R. Dubly (RC de Ropbaix). . G. Collot.</txt>
            <index>Là Révélation d® t'Annéo La Moto THOMANN 1914 construite par la célèbr# marqn# . de CYCLES triomphatrice de BOltDEAUX ■ PARIS 1813 Catalogue franco sur âeroaflde *ux Usines XHOMAÏ«î«, A N AN TERRÉdébut,, ce genre de course n'ayant pas été pratiqué depuis fort longtemps à  cette fédéra tion, le parcours du steeple-chase sera as sez coulant, le seul obstacle un peu sévère sera constitué par un fôSâé précédé d'Urte petite butte que les concurrents devront franenir à deux reprises, Les autres Obstacles seront des haies de 0 m. 80 de hauteur, ce qui, n'empiiche que dix obstacles sur une distance de 8G0 m. constituent une difficulté, sinon insurmontable, tout' au moins, suffisante pour nous moutrer leurs aptitudes. FOOTBALL ASSOCIATION 1 TT. S. F. S. A. contre Suisse Romande Cet après-midi; à 3 heures. riie  dlivier-de-. Serres, le dernier match international se jouera à Paris; 11 mettra en présence le team de i-'U.S. F.S.A. et celui de la Suisse romande Suisse Romande. — Jaeck (E; Chaux-de- Fonds) ; Duriaux (Stella Fribourg)- et collet, cap. (Montriond Sports) ; DUboux (Montriond), Fréolen-(Stella) et Chatelan (Montriond), Gysy (Montriontr)', Wuithier (Cantonal Neuchatel), Wyss frères (Chauds-de-Fonds) et Winder (Montreux). Réservé: Witrich (Cûncordia). U. S. F.' S. A. ■— Parsys (US Tourcoing) ; Ma- thieu (C.A. Société Générale) et Hanot (U.S. Tourcoing); Montagne (0. Lillois), Denis (G. A. Société Générale) et Hanot (U.S. Tourcoing); Montagne (0 Lillois), Denis (C.A. Société. Gé nérale) et Gravelines (O.L.) ; Lesur (U.S. Tour coing), Brouzes (CASG), Bard (RCF). Chande lier (O.L.) et R. Dubly (RC de Ropbaix). . G. Collot.</index>
            <contenuImg CS="1" lang="en" source="hm" time="2020-04-08T18:08:08.738+02:00">motorcycle</contenuImg>
            <contenuImg CS="1" lang="en" source="hm" time="2020-04-08T18:08:18.787+02:00">motorcycle</contenuImg>
          </ill>
        </ills>
      </page>
      <page ordre="4">
        <nbMot>2072</nbMot>
        <blocTexte>969</blocTexte>
        <blocTab>0</blocTab>
        <blocPub>0</blocPub>
        <blocIll ocr="0">0</blocIll>
      </page>
      <page ordre="5">
        <nbMot>921</nbMot>
        <blocTexte>26</blocTexte>
        <blocTab>0</blocTab>
        <blocPub>0</blocPub>
        <blocIll ocr="2">0</blocIll>
        <ills/>
      </page>
      <page ordre="6">
        <nbMot>978</nbMot>
        <blocTexte>44</blocTexte>
        <blocTab>0</blocTab>
        <blocPub>0</blocPub>
        <blocIll ocr="5">0</blocIll>
        <ills/>
      </page>
    </pages>
  </contenus>
</analyseAlto>