<analyseAlto>
  <metad>
    <type>P</type>
    <ID>bpt6k7517036</ID>
    <titre>Le Siècle</titre>
    <dateEdition>1920-10-26</dateEdition>
    <nbPage>4</nbPage>
    <suppl>FALSE</suppl>
  </metad>
  <contenus>
    <largeur>358</largeur>
    <hauteur>541</hauteur>
    <pages>
      <page ordre="1">
        <nbMot>589</nbMot>
        <blocTexte>26</blocTexte>
        <blocTab>0</blocTab>
        <blocPub>0</blocPub>
        <blocIll ocr="0">0</blocIll>
      </page>
      <page ordre="2">
        <nbMot>769</nbMot>
        <blocTexte>33</blocTexte>
        <blocTab>0</blocTab>
        <blocPub>0</blocPub>
        <blocIll ocr="2">0</blocIll>
        <ills/>
      </page>
      <page ordre="3">
        <nbMot>603</nbMot>
        <blocTexte>55</blocTexte>
        <blocTab>0</blocTab>
        <blocPub>0</blocPub>
        <blocIll ocr="17">4</blocIll>
        <ills>
          <ill classif="DFdnn" couleur="gris" edit="1" h="627" n="3-5" pub="1" taille="0" w="386" x="1892" y="1519">
            <tech source="final">imp photoméca</tech>
            <tech source="md">imp photoméca</tech>
            <index/>
          </ill>
          <ill classif="DFdnn" couleur="gris" edit="1" h="1237" n="3-8" pub="1" taille="1" w="443" x="2703" y="1420">
            <tech source="final">imp photoméca</tech>
            <tech source="md">imp photoméca</tech>
            <index/>
          </ill>
          <ill classif="DFdnn" couleur="gris" edit="1" h="705" n="3-12" pub="1" taille="0" w="346" x="2734" y="2962">
            <tech source="final">imp photoméca</tech>
            <tech source="md">imp photoméca</tech>
            <index/>
          </ill>
          <ill classif="DFdnn" couleur="gris" edit="1" h="697" n="3-13" pub="1" taille="0" w="424" x="3550" y="1514">
            <tech source="final">imp photoméca</tech>
            <tech source="md">imp photoméca</tech>
            <contenuImg CS="0.92" h="162" sexe="P" source="dnn" w="102" x="155" y="37">face</contenuImg>
            <index/>
          </ill>
        </ills>
      </page>
      <page ordre="4">
        <nbMot>1282</nbMot>
        <blocTexte>392</blocTexte>
        <blocTab>0</blocTab>
        <blocPub>0</blocPub>
        <blocIll ocr="2">0</blocIll>
        <ills/>
      </page>
    </pages>
  </contenus>
</analyseAlto>