<analyseAlto>
  <metad>
    <type>P</type>
    <ID>bpt6k748724z</ID>
    <titre>Le Siècle</titre>
    <dateEdition>1912-07-21</dateEdition>
    <nbPage>6</nbPage>
    <suppl>FALSE</suppl>
  </metad>
  <contenus>
    <largeur>430</largeur>
    <hauteur>616</hauteur>
    <pages>
      <page ordre="1">
        <nbMot>855</nbMot>
        <blocTexte>35</blocTexte>
        <blocTab>0</blocTab>
        <blocPub>0</blocPub>
        <blocIll ocr="4">0</blocIll>
        <ills/>
      </page>
      <page ordre="2">
        <nbMot>923</nbMot>
        <blocTexte>31</blocTexte>
        <blocTab>0</blocTab>
        <blocPub>0</blocPub>
        <blocIll ocr="2">0</blocIll>
        <ills/>
      </page>
      <page ordre="3">
        <nbMot>709</nbMot>
        <blocTexte>35</blocTexte>
        <blocTab>0</blocTab>
        <blocPub>0</blocPub>
        <blocIll ocr="9">0</blocIll>
        <ills/>
      </page>
      <page ordre="4">
        <nbMot>569</nbMot>
        <blocTexte>33</blocTexte>
        <blocTab>0</blocTab>
        <blocPub>0</blocPub>
        <blocIll ocr="11">0</blocIll>
        <ills/>
      </page>
      <page ordre="5">
        <nbMot>674</nbMot>
        <blocTexte>61</blocTexte>
        <blocTab>0</blocTab>
        <blocPub>0</blocPub>
        <blocIll ocr="19">1</blocIll>
        <ills>
          <ill classif="DFdnn" couleur="gris" edit="1" h="1509" n="5-11" pub="1" taille="3" w="1306" x="1020" y="5409">
            <tech source="final">imp photoméca</tech>
            <tech source="md">imp photoméca</tech>
            <leg>COSTUMES coutil fantaisie, col chevalPére, belle qualité, avec plis et ceinture, culotte droite, 3 6ans 4 .75 7 à oans 5.25 m n 1a ans 3.11</leg>
            <txt>GRANDE MISE en VENTE de SOLDES ET COUPONS à tous nos Comptoirs</txt>
            <index>COSTUMES coutil fantaisie, col chevalPére, belle qualité, avec plis et ceinture, culotte droite, 3 6ans 4 .75 7 à oans 5.25 m n 1a ans 3.11GRANDE MISE en VENTE de SOLDES ET COUPONS à tous nos Comptoirs</index>
          </ill>
        </ills>
      </page>
      <page ordre="6">
        <nbMot>2073</nbMot>
        <blocTexte>439</blocTexte>
        <blocTab>0</blocTab>
        <blocPub>0</blocPub>
        <blocIll ocr="2">0</blocIll>
        <ills/>
      </page>
    </pages>
  </contenus>
</analyseAlto>