<analyseAlto>
  <metad>
    <type>P</type>
    <ID>bpt6k751452m</ID>
    <titre>Le Siècle</titre>
    <dateEdition>1920-02-17</dateEdition>
    <nbPage>4</nbPage>
    <suppl>FALSE</suppl>
  </metad>
  <contenus>
    <largeur>355</largeur>
    <hauteur>537</hauteur>
    <pages>
      <page ordre="1">
        <nbMot>602</nbMot>
        <blocTexte>42</blocTexte>
        <blocTab>0</blocTab>
        <blocPub>0</blocPub>
        <blocIll ocr="0">0</blocIll>
      </page>
      <page ordre="2">
        <nbMot>764</nbMot>
        <blocTexte>34</blocTexte>
        <blocTab>0</blocTab>
        <blocPub>0</blocPub>
        <blocIll ocr="3">1</blocIll>
        <ills>
          <ill classif="DFdnn" couleur="gris" edit="1" h="252" n="2-2" pub="1" taille="0" w="673" x="3309" y="3162">
            <tech source="final">imp photoméca</tech>
            <tech source="md">imp photoméca</tech>
            <leg>ET POUCE...</leg>
            <txt>? C I RQ UE n ' H I V E l ~ Lundi 10 — 2 MATINEES — Mardi | ŒDIPE | QEMIER .... 200 Athlètes .... A. MEQARD | Mardi 17 en soirée, ■ dernière représentation n 11 lie; PAVAI Demain, mardi gra«, à 2 h-30,. 1 /ILj/il ij'ilU 1 illj matinée supplémentaire da. l'excellente revue de MM. Bip et GlgnOux, Hercule,] rt Paris, avec toute l'interprétation habituelle. Tou»! le® soirs, représentation à 8 h. 30. coScmrs ' PASDELOUP Au Cirque d'Hiver 0 ______ Les Jeudis, Samedis et DimancbesiSb* Juuui, a J h., au Cirque d'Hiver, 18* Concert hitw. torique. Conférence de M. J.ulien Tiersot ! Lalo, Duparc, E.'.eiràples musicaux avec le concours de Mime GabrtoUe Gills, de l'Opéra : Symphonie ère Bol mineur (Lalo) ; L'Invitation au voyage, La Via antérieure, Phldylé (Duparc): Mime Galyielle Gills;i Lémrre, poème ayuniphonlque (Duparc) ; Ouverture dit Roi d'I't (Lalo), violoncelle solo ; M. Fournler., Le concert sera dirigé par M. Rhené-Batooi. Samedi et dimanche, 3 h., au Cirque d'Hiver, 116« et HT Concerts, avec le concours de Mme Alberte Heflkia et de M.. Gabriel' Pâulet et sous la ' direction de M. Rbené-Batom : Ouverture de Léo. nore N  III (B.eetlioven) ; Poème  e l'Amour et de la Mer (Chausson) ; Fantaisie hongroise (LiSzt), Mme Alberte Heakia ; Elégies (Jean Gras)), M. Ga briel paulet ; Parsifal, Enchantement du Vendredi* Saint (W^gaiêr) : Le Chasseur inaudit (Franck). ■m^ïnnwM^ | A LA CIGALE | I GI60LETT0 ™   ™i !■ ™ W HENRY JULLIEN S » de Rip, Oietidooné et Chantrler • S S UNE TROUPE DE VE JUSTICE</txt>
            <index>ET POUCE...? C I RQ UE n ' H I V E l ~ Lundi 10 — 2 MATINEES — Mardi | ŒDIPE | QEMIER .... 200 Athlètes .... A. MEQARD | Mardi 17 en soirée, ■ dernière représentation n 11 lie; PAVAI Demain, mardi gra«, à 2 h-30,. 1 /ILj/il ij'ilU 1 illj matinée supplémentaire da. l'excellente revue de MM. Bip et GlgnOux, Hercule,] rt Paris, avec toute l'interprétation habituelle. Tou»! le® soirs, représentation à 8 h. 30. coScmrs ' PASDELOUP Au Cirque d'Hiver 0 ______ Les Jeudis, Samedis et DimancbesiSb* Juuui, a J h., au Cirque d'Hiver, 18* Concert hitw. torique. Conférence de M. J.ulien Tiersot ! Lalo, Duparc, E.'.eiràples musicaux avec le concours de Mime GabrtoUe Gills, de l'Opéra : Symphonie ère Bol mineur (Lalo) ; L'Invitation au voyage, La Via antérieure, Phldylé (Duparc): Mime Galyielle Gills;i Lémrre, poème ayuniphonlque (Duparc) ; Ouverture dit Roi d'I't (Lalo), violoncelle solo ; M. Fournler., Le concert sera dirigé par M. Rhené-Batooi. Samedi et dimanche, 3 h., au Cirque d'Hiver, 116« et HT Concerts, avec le concours de Mme Alberte Heflkia et de M.. Gabriel' Pâulet et sous la ' direction de M. Rbené-Batom : Ouverture de Léo. nore N  III (B.eetlioven) ; Poème  e l'Amour et de la Mer (Chausson) ; Fantaisie hongroise (LiSzt), Mme Alberte Heakia ; Elégies (Jean Gras)), M. Ga briel paulet ; Parsifal, Enchantement du Vendredi* Saint (W^gaiêr) : Le Chasseur inaudit (Franck). ■m^ïnnwM^ | A LA CIGALE | I GI60LETT0 ™   ™i !■ ™ W HENRY JULLIEN S » de Rip, Oietidooné et Chantrler • S S UNE TROUPE DE VE JUSTICE</index>
          </ill>
        </ills>
      </page>
      <page ordre="3">
        <nbMot>786</nbMot>
        <blocTexte>18</blocTexte>
        <blocTab>0</blocTab>
        <blocPub>0</blocPub>
        <blocIll ocr="1">0</blocIll>
        <ills/>
      </page>
      <page ordre="4">
        <nbMot>1173</nbMot>
        <blocTexte>354</blocTexte>
        <blocTab>0</blocTab>
        <blocPub>0</blocPub>
        <blocIll ocr="0">0</blocIll>
      </page>
    </pages>
  </contenus>
</analyseAlto>