<analyseAlto>
  <metad>
    <type>P</type>
    <ID>bpt6k751745b</ID>
    <titre>Le Siècle</titre>
    <dateEdition>1920-12-07</dateEdition>
    <nbPage>4</nbPage>
    <suppl>FALSE</suppl>
  </metad>
  <contenus>
    <largeur>352</largeur>
    <hauteur>542</hauteur>
    <pages>
      <page ordre="1">
        <nbMot>610</nbMot>
        <blocTexte>25</blocTexte>
        <blocTab>0</blocTab>
        <blocPub>0</blocPub>
        <blocIll ocr="2">0</blocIll>
        <ills/>
      </page>
      <page ordre="2">
        <nbMot>770</nbMot>
        <blocTexte>34</blocTexte>
        <blocTab>0</blocTab>
        <blocPub>0</blocPub>
        <blocIll ocr="3">0</blocIll>
        <ills/>
      </page>
      <page ordre="3">
        <nbMot>772</nbMot>
        <blocTexte>26</blocTexte>
        <blocTab>0</blocTab>
        <blocPub>0</blocPub>
        <blocIll ocr="0">0</blocIll>
      </page>
      <page ordre="4">
        <nbMot>1274</nbMot>
        <blocTexte>371</blocTexte>
        <blocTab>0</blocTab>
        <blocPub>0</blocPub>
        <blocIll ocr="1">1</blocIll>
        <ills>
          <ill couleur="gris" derniere="true" edit="1" h="1072" n="4-1" pub="1" taille="1" w="806" x="2564" y="2839">
            <tech source="final">imp photoméca</tech>
            <tech source="md">imp photoméca</tech>
            <leg>, Demain: AUTEVIL, PRIX DU MÈRLESAULT Steeple. — 10.000 francs. — 3.100 mètres. Chartec Liénart 6 King's Cross .... 74 . Baron G. de la Motte .. 5 Isolin ;.... Ii Gabriel Guerlain 4 Qui y Pense .... 73 Duc Decazes 5 Tarlufe '70 E. Castets ...: 7 Brûie Tout 6 i Moïse- Bruneau 6 Sammv Sonde a 6iS Duc Decazes 3 Eidere'd .......... 6(9 A. Veil-Picard 3 Mégantic ®î F. Boittin-Bertin 5 I.e Sliff .......... filî C-harlCf, Liénart 3 Vimy III ........ ti(  François Grumetz 6 Couvet ........... 68 Jean Arditi 3 Monke.v Winner . fift C. Banucoi 7 OLd' Pàstime .... iVî A. Sa-batMer............ 7 Montholoh. .i..»; KS ; Jean Trarieux ,3 Le Guetteur IM Alfred Wilkes -4 Hélice ........... 63 Mlle L. Guilmot 4 Dern. Cartouche.! 63 Duc Decazes f .. 4 Vosington Oiidef , aï Morae] Boussac 4 .lourde Gloire .... 63 Henri LeteUder 4 Batailleuse 03 VV.-T. Wilkinson 4 War Rocket ...... 65' G.A. - Bussae 4 Œil de Rot ...... 69 Piei't'e Dupont ........ 4 Clématite III .... (S A. Sabatliier ; 4 La Màisçnnette ... 65  15. Kéiédian 3 Bains lilj A. Eknayan 3 Anouche G0  A. Veil-Picard il Ravengar 60! Oscar Dufreime ....... 3 Mogador 6t). André Boas ........... 3 Rêve de Mondaine fit) C.. Alphen-SaJvador ... 3 La Saint Hubert.. 6(r PRIX DE LA SEINE Haies, lmndicap.,-r 10.000 fr., — 3.500 m. Marquis de Villamcjor . 5 L'Yser 7.» D. Kélédian .;.... 4 Rainfall ...; 7.1. A. B. de Pucbesse .... 8 Le Zotto ......... 70 Léon Agopian .. 4 King Crow G9j Marquis dé Villamejor . 4 Courcy 6!  D.-Kélédian ........... 4 K</leg>
            <txt>D'ECH OS EN ECHOS Outsiders de la Voirie : Champion V, Ortie IX, Robusto, Qui y Pense, Florina II; Cinna. \ ■wv D'.îuieuil-Longchamp : Aujourd'hui, à Maisons-Laffitfe : — Le départ de Gaspilleur, dans lo prix do Sanferre, n'est pas absolument certain. Le jockey, Georges Bartholomow, qui reste premier jockey de l'écurie Morgon, 1 pour l'année prochaine, a engagé sefe secondes montes à l'écurie Jean Lieux.</txt>
            <index>, Demain: AUTEVIL, PRIX DU MÈRLESAULT Steeple. — 10.000 francs. — 3.100 mètres. Chartec Liénart 6 King's Cross .... 74 . Baron G. de la Motte .. 5 Isolin ;.... Ii Gabriel Guerlain 4 Qui y Pense .... 73 Duc Decazes 5 Tarlufe '70 E. Castets ...: 7 Brûie Tout 6 i Moïse- Bruneau 6 Sammv Sonde a 6iS Duc Decazes 3 Eidere'd .......... 6(9 A. Veil-Picard 3 Mégantic ®î F. Boittin-Bertin 5 I.e Sliff .......... filî C-harlCf, Liénart 3 Vimy III ........ ti(  François Grumetz 6 Couvet ........... 68 Jean Arditi 3 Monke.v Winner . fift C. Banucoi 7 OLd' Pàstime .... iVî A. Sa-batMer............ 7 Montholoh. .i..»; KS ; Jean Trarieux ,3 Le Guetteur IM Alfred Wilkes -4 Hélice ........... 63 Mlle L. Guilmot 4 Dern. Cartouche.! 63 Duc Decazes f .. 4 Vosington Oiidef , aï Morae] Boussac 4 .lourde Gloire .... 63 Henri LeteUder 4 Batailleuse 03 VV.-T. Wilkinson 4 War Rocket ...... 65' G.A. - Bussae 4 Œil de Rot ...... 69 Piei't'e Dupont ........ 4 Clématite III .... (S A. Sabatliier ; 4 La Màisçnnette ... 65  15. Kéiédian 3 Bains lilj A. Eknayan 3 Anouche G0  A. Veil-Picard il Ravengar 60! Oscar Dufreime ....... 3 Mogador 6t). André Boas ........... 3 Rêve de Mondaine fit) C.. Alphen-SaJvador ... 3 La Saint Hubert.. 6(r PRIX DE LA SEINE Haies, lmndicap.,-r 10.000 fr., — 3.500 m. Marquis de Villamcjor . 5 L'Yser 7.» D. Kélédian .;.... 4 Rainfall ...; 7.1. A. B. de Pucbesse .... 8 Le Zotto ......... 70 Léon Agopian .. 4 King Crow G9j Marquis dé Villamejor . 4 Courcy 6!  D.-Kélédian ........... 4 KD'ECH OS EN ECHOS Outsiders de la Voirie : Champion V, Ortie IX, Robusto, Qui y Pense, Florina II; Cinna. \ ■wv D'.îuieuil-Longchamp : Aujourd'hui, à Maisons-Laffitfe : — Le départ de Gaspilleur, dans lo prix do Sanferre, n'est pas absolument certain. Le jockey, Georges Bartholomow, qui reste premier jockey de l'écurie Morgon, 1 pour l'année prochaine, a engagé sefe secondes montes à l'écurie Jean Lieux.</index>
          </ill>
        </ills>
      </page>
    </pages>
  </contenus>
</analyseAlto>