<analyseAlto>
  <metad>
    <type>P</type>
    <ID>bpt6k751598k</ID>
    <titre>Le Siècle</titre>
    <dateEdition>1920-07-12</dateEdition>
    <nbPage>4</nbPage>
    <suppl>FALSE</suppl>
  </metad>
  <contenus>
    <largeur>360</largeur>
    <hauteur>541</hauteur>
    <pages>
      <page ordre="1">
        <nbMot>603</nbMot>
        <blocTexte>29</blocTexte>
        <blocTab>0</blocTab>
        <blocPub>0</blocPub>
        <blocIll ocr="1">0</blocIll>
        <ills/>
      </page>
      <page ordre="2">
        <nbMot>787</nbMot>
        <blocTexte>38</blocTexte>
        <blocTab>0</blocTab>
        <blocPub>0</blocPub>
        <blocIll ocr="0">0</blocIll>
      </page>
      <page ordre="3">
        <nbMot>778</nbMot>
        <blocTexte>19</blocTexte>
        <blocTab>0</blocTab>
        <blocPub>0</blocPub>
        <blocIll ocr="0">0</blocIll>
      </page>
      <page ordre="4">
        <nbMot>1045</nbMot>
        <blocTexte>358</blocTexte>
        <blocTab>0</blocTab>
        <blocPub>0</blocPub>
        <blocIll ocr="6">2</blocIll>
        <ills>
          <ill classif="DFdnn" couleur="gris" derniere="true" edit="1" h="768" n="4-3" pub="1" taille="0" w="462" x="2626" y="3374">
            <tech source="final">imp photoméca</tech>
            <tech source="md">imp photoméca</tech>
            <txt>19. Salnt-Cloud. 20. Compiègne.— Viltel. 21. 1-e Tremblay 22. Saint-Cloud. 23. Compiègne. 24. 1-e Tremblay.. 25. Maisons-Laffitte. 26. Le Tremblay. 27. Chantilly. 29. Chalon-sur-Saône. 30. Pont-l'Evêque. 31 Deauvillo. CHEMINS DE FER DE L'EST, DE L'ETAT, DU MIDI, DU NORD, - D'ORLEANS ET DE PARIS-LYON-MEDITERRANEE Visite des Familles aux, tombes militaires Pour faciliter la visite des familles aux tombes militaires, l'Etat ayant décidé de pren dre désormais à sa charge 1 . moitié du prix du voyage, dont les grands réseaux ont pris à leur charge l'awtre moitié,' il pourra ôtra accorde par Tes réseaux de l'Est, de l'Etat, du Midi, du Nord, de l'Orléans et du P.-L.-M., à partir du 1 er juillet, mais une fois seule ment, des billets gratuits en 3° classe aux ascendants, veuves et enfants ou petits-en fants des militaires morts pour la France qui n'ont pas le moyien de payer leur place pour, se rendre sur une tombe. Il est indispensable de produire, à' l'appui de toute demande de billet gratuit : 1° L'acte rie décès du militaire ou urne pièca en tenant lieu. 2« La justification du rlscrré de narcnté. 3° La ju»Ufl«i.tiOn des charges des intéfes- ses et de 1 msutfisance de leurs ressources. La demande doit être adressée, pour le voyage «e bout en bout, a la Direction du ixiseau qui dessert la gare de- dénart : ce .rtee u .donnera réponse pour le parcours en tier aller «t ictour D une hiûiu 0 ge îérale 11 ne pourra Glva fait aucune réponse aux demandes qui na rempliraient pas toutes les conditions ci-des sus indiquées.</txt>
            <index>19. Salnt-Cloud. 20. Compiègne.— Viltel. 21. 1-e Tremblay 22. Saint-Cloud. 23. Compiègne. 24. 1-e Tremblay.. 25. Maisons-Laffitte. 26. Le Tremblay. 27. Chantilly. 29. Chalon-sur-Saône. 30. Pont-l'Evêque. 31 Deauvillo. CHEMINS DE FER DE L'EST, DE L'ETAT, DU MIDI, DU NORD, - D'ORLEANS ET DE PARIS-LYON-MEDITERRANEE Visite des Familles aux, tombes militaires Pour faciliter la visite des familles aux tombes militaires, l'Etat ayant décidé de pren dre désormais à sa charge 1 . moitié du prix du voyage, dont les grands réseaux ont pris à leur charge l'awtre moitié,' il pourra ôtra accorde par Tes réseaux de l'Est, de l'Etat, du Midi, du Nord, de l'Orléans et du P.-L.-M., à partir du 1 er juillet, mais une fois seule ment, des billets gratuits en 3° classe aux ascendants, veuves et enfants ou petits-en fants des militaires morts pour la France qui n'ont pas le moyien de payer leur place pour, se rendre sur une tombe. Il est indispensable de produire, à' l'appui de toute demande de billet gratuit : 1° L'acte rie décès du militaire ou urne pièca en tenant lieu. 2« La justification du rlscrré de narcnté. 3° La ju»Ufl«i.tiOn des charges des intéfes- ses et de 1 msutfisance de leurs ressources. La demande doit être adressée, pour le voyage «e bout en bout, a la Direction du ixiseau qui dessert la gare de- dénart : ce .rtee u .donnera réponse pour le parcours en tier aller «t ictour D une hiûiu 0 ge îérale 11 ne pourra Glva fait aucune réponse aux demandes qui na rempliraient pas toutes les conditions ci-des sus indiquées.</index>
          </ill>
          <ill couleur="gris" derniere="true" edit="1" h="827" n="4-6" pub="1" taille="2" w="1487" x="2598" y="3352">
            <tech source="final">imp photoméca</tech>
            <tech source="md">imp photoméca</tech>
            <index/>
          </ill>
        </ills>
      </page>
    </pages>
  </contenus>
</analyseAlto>