<analyseAlto>
  <metad>
    <type>P</type>
    <ID>bpt6k751503k</ID>
    <titre>Le Siècle</titre>
    <dateEdition>1920-04-08</dateEdition>
    <nbPage>4</nbPage>
    <suppl>FALSE</suppl>
  </metad>
  <contenus>
    <largeur>355</largeur>
    <hauteur>539</hauteur>
    <pages>
      <page ordre="1">
        <nbMot>584</nbMot>
        <blocTexte>26</blocTexte>
        <blocTab>0</blocTab>
        <blocPub>0</blocPub>
        <blocIll ocr="2">0</blocIll>
        <ills/>
      </page>
      <page ordre="2">
        <nbMot>754</nbMot>
        <blocTexte>47</blocTexte>
        <blocTab>0</blocTab>
        <blocPub>0</blocPub>
        <blocIll ocr="3">1</blocIll>
        <ills>
          <ill classif="DFdnn" couleur="gris" edit="1" h="249" n="2-2" pub="1" taille="0" w="680" x="3382" y="3186">
            <tech source="final">imp photoméca</tech>
            <tech source="md">imp photoméca</tech>
            <leg>ET P0UC ...</leg>
            <txt>en cours coup sûr la nieilleure du moment. La Jolie se fine, Jouée avec une charmante émotion par Charlotte Lysês, et la. gaie chanson d'Aug. Martini suturaient à cilles seules h attirer le public, et 11 y a de plus l'ex cellent Paco, l'amusant Secrétan, le bon comédien Bautmer, joussain, jean-Jam, et Berthe Fiisicr, et. Jane Ader. Spectacle parlait à tous les points de vue. PATHE-PALACE, 32, bd Italiens. Tous les.}. 2   Il h. Ttes les actualités. Les meilleurs programmes. Orchestre symphonique- ABTISTIC, Cl, rue de Douai — T. 1. soirs à 8 h.30 Mat. Jeud. sam. etdim. — L'ARTIS- TIC.rend.-v.de tout les gdes ved.de l'écran vente à PARIS-AWCt MAX ViTERBO JUSTICE</txt>
            <index>ET P0UC ...en cours coup sûr la nieilleure du moment. La Jolie se fine, Jouée avec une charmante émotion par Charlotte Lysês, et la. gaie chanson d'Aug. Martini suturaient à cilles seules h attirer le public, et 11 y a de plus l'ex cellent Paco, l'amusant Secrétan, le bon comédien Bautmer, joussain, jean-Jam, et Berthe Fiisicr, et. Jane Ader. Spectacle parlait à tous les points de vue. PATHE-PALACE, 32, bd Italiens. Tous les.}. 2   Il h. Ttes les actualités. Les meilleurs programmes. Orchestre symphonique- ABTISTIC, Cl, rue de Douai — T. 1. soirs à 8 h.30 Mat. Jeud. sam. etdim. — L'ARTIS- TIC.rend.-v.de tout les gdes ved.de l'écran vente à PARIS-AWCt MAX ViTERBO JUSTICE</index>
          </ill>
        </ills>
      </page>
      <page ordre="3">
        <nbMot>769</nbMot>
        <blocTexte>18</blocTexte>
        <blocTab>0</blocTab>
        <blocPub>0</blocPub>
        <blocIll ocr="0">0</blocIll>
      </page>
      <page ordre="4">
        <nbMot>1145</nbMot>
        <blocTexte>345</blocTexte>
        <blocTab>0</blocTab>
        <blocPub>0</blocPub>
        <blocIll ocr="1">0</blocIll>
        <ills/>
      </page>
    </pages>
  </contenus>
</analyseAlto>