<analyseAlto>
  <metad>
    <type>P</type>
    <ID>bpt6k7514127</ID>
    <titre>Le Siècle</titre>
    <dateEdition>1920-01-08</dateEdition>
    <nbPage>4</nbPage>
    <suppl>FALSE</suppl>
  </metad>
  <contenus>
    <largeur>353</largeur>
    <hauteur>539</hauteur>
    <pages>
      <page ordre="1">
        <nbMot>588</nbMot>
        <blocTexte>29</blocTexte>
        <blocTab>0</blocTab>
        <blocPub>0</blocPub>
        <blocIll ocr="2">0</blocIll>
        <ills/>
      </page>
      <page ordre="2">
        <nbMot>760</nbMot>
        <blocTexte>44</blocTexte>
        <blocTab>0</blocTab>
        <blocPub>0</blocPub>
        <blocIll ocr="1">0</blocIll>
        <ills/>
      </page>
      <page ordre="3">
        <nbMot>773</nbMot>
        <blocTexte>18</blocTexte>
        <blocTab>0</blocTab>
        <blocPub>0</blocPub>
        <blocIll ocr="0">0</blocIll>
      </page>
      <page ordre="4">
        <nbMot>828</nbMot>
        <blocTexte>94</blocTexte>
        <blocTab>0</blocTab>
        <blocPub>0</blocPub>
        <blocIll ocr="6">3</blocIll>
        <ills>
          <ill classif="DFdnn" couleur="gris" derniere="true" edit="1" h="852" n="4-1" pub="1" taille="0" w="476" x="2556" y="4156">
            <tech source="final">imp photoméca</tech>
            <tech source="md">imp photoméca</tech>
            <contenuImg CS="1" lang="fr" source="hm" time="2020-04-08T18:10:31.012+02:00">camion</contenuImg>
            <txt>1124 - SOUS-SECRETARIAT D'ETAT A LA UllilATIH DES STOCKS 19 ble, Boulevard Delessert, PARIS (16') — Téléphone : PASSY 9645, 98-14, 88^5. Veste aux Enchères i!e Presses à Fourrages LOOOMOBILES, AUTRES MOTEURS DIVERS et FIL DE FER S'adresser aux Directeurs de l'Intendance à LILLE, AMIENS, ROUEN, LE MANS, - ORLEANS. CHALONS-SUR-MARNE, BOURGES, TOURS, ftENNES, NANTES, LIMO GES, CLERMONT-FERRAND, LYON, MARSEILLE, TOULOUSE, MONTPEUJER, BORDEAUX, NANCY. EPINAL, ALGER, à la Sous-Intendance des Subsistances à V PARIS? « bis, Boulevard Latour.Maubowrg, et à la Stjation-Magasin de Mantee- Gassioourl, à la Sous-Intendanoe S. 71, Avenue de Pari*, à Safnt-Mandâ (Seiiw). 198 — A. SOUS-SECRETARIAT D'ETAT- A LA LIQUIDATION DES STOCKS 19 tfâ Boulevard Delessert. PARIS (16°) — Téléphone : PASSY S6-45, 98-14, 98-35 1° VENTE de HANGARS et BARAQUES Le 15 Janvier 1920, à 15 heures, au CENTRE AMiERICAIN de la Liquidation des Stoks, 48 bis, rue Gambptta, à MANTES, Adjudication sur soumissions cachetées de: 13 LOTS DE HANGARS et BARAQUES situés à l'ILE SAINTE-ANNE, à l'ECOLE dé la MADELEINE et à ROCHE-MAURICE. RENSEIGNEMENTS auprès du Directeur du Centre Américain de MONTOIR DE BRETAGNE (Loire-Inférieure). 2° VENTE de TOILES de TENTE Le 13 Janvier, à 15 heure?, au DEPOT AMERICAIN DE BREST (Finistère), Ad judication sur soumissions cachetées de : 40 LOTS de TOILES DE TENTE. RENSEIGNEMENTS auprès du Directeur .du Dépôt Américain de BREST ntf au H Sous-Secrétariat d'Etat (Serviico Commercial), 4, Square Alboni, à PARIS.</txt>
            <index>1124 - SOUS-SECRETARIAT D'ETAT A LA UllilATIH DES STOCKS 19 ble, Boulevard Delessert, PARIS (16') — Téléphone : PASSY 9645, 98-14, 88^5. Veste aux Enchères i!e Presses à Fourrages LOOOMOBILES, AUTRES MOTEURS DIVERS et FIL DE FER S'adresser aux Directeurs de l'Intendance à LILLE, AMIENS, ROUEN, LE MANS, - ORLEANS. CHALONS-SUR-MARNE, BOURGES, TOURS, ftENNES, NANTES, LIMO GES, CLERMONT-FERRAND, LYON, MARSEILLE, TOULOUSE, MONTPEUJER, BORDEAUX, NANCY. EPINAL, ALGER, à la Sous-Intendance des Subsistances à V PARIS? « bis, Boulevard Latour.Maubowrg, et à la Stjation-Magasin de Mantee- Gassioourl, à la Sous-Intendanoe S. 71, Avenue de Pari*, à Safnt-Mandâ (Seiiw). 198 — A. SOUS-SECRETARIAT D'ETAT- A LA LIQUIDATION DES STOCKS 19 tfâ Boulevard Delessert. PARIS (16°) — Téléphone : PASSY S6-45, 98-14, 98-35 1° VENTE de HANGARS et BARAQUES Le 15 Janvier 1920, à 15 heures, au CENTRE AMiERICAIN de la Liquidation des Stoks, 48 bis, rue Gambptta, à MANTES, Adjudication sur soumissions cachetées de: 13 LOTS DE HANGARS et BARAQUES situés à l'ILE SAINTE-ANNE, à l'ECOLE dé la MADELEINE et à ROCHE-MAURICE. RENSEIGNEMENTS auprès du Directeur du Centre Américain de MONTOIR DE BRETAGNE (Loire-Inférieure). 2° VENTE de TOILES de TENTE Le 13 Janvier, à 15 heure?, au DEPOT AMERICAIN DE BREST (Finistère), Ad judication sur soumissions cachetées de : 40 LOTS de TOILES DE TENTE. RENSEIGNEMENTS auprès du Directeur .du Dépôt Américain de BREST ntf au H Sous-Secrétariat d'Etat (Serviico Commercial), 4, Square Alboni, à PARIS.</index>
            <contenuImg CS="1" lang="en" source="hm" time="2020-04-08T18:10:31.012+02:00">truck</contenuImg>
          </ill>
          <ill classif="DFdnn" couleur="gris" derniere="true" edit="1" h="1006" n="4-2" pub="1" taille="2" w="1150" x="2844" y="4096">
            <tech source="final">imp photoméca</tech>
            <tech source="md">imp photoméca</tech>
            <contenuImg CS="1" lang="fr" source="hm" time="2020-04-08T18:10:20.759+02:00">camion</contenuImg>
            <txt>1124 - SOUS-SECRETARIAT D'ETAT A LA UllilATIH DES STOCKS 19 ble, Boulevard Delessert, PARIS (16') — Téléphone : PASSY 9645, 98-14, 88^5. Veste aux Enchères i!e Presses à Fourrages LOOOMOBILES, AUTRES MOTEURS DIVERS et FIL DE FER S'adresser aux Directeurs de l'Intendance à LILLE, AMIENS, ROUEN, LE MANS, - ORLEANS. CHALONS-SUR-MARNE, BOURGES, TOURS, ftENNES, NANTES, LIMO GES, CLERMONT-FERRAND, LYON, MARSEILLE, TOULOUSE, MONTPEUJER, BORDEAUX, NANCY. EPINAL, ALGER, à la Sous-Intendance des Subsistances à V PARIS? « bis, Boulevard Latour.Maubowrg, et à la Stjation-Magasin de Mantee- Gassioourl, à la Sous-Intendanoe S. 71, Avenue de Pari*, à Safnt-Mandâ (Seiiw). 198 — A. SOUS-SECRETARIAT D'ETAT- A LA LIQUIDATION DES STOCKS 19 tfâ Boulevard Delessert. PARIS (16°) — Téléphone : PASSY S6-45, 98-14, 98-35 1° VENTE de HANGARS et BARAQUES Le 15 Janvier 1920, à 15 heures, au CENTRE AMiERICAIN de la Liquidation des Stoks, 48 bis, rue Gambptta, à MANTES, Adjudication sur soumissions cachetées de: 13 LOTS DE HANGARS et BARAQUES situés à l'ILE SAINTE-ANNE, à l'ECOLE dé la MADELEINE et à ROCHE-MAURICE. RENSEIGNEMENTS auprès du Directeur du Centre Américain de MONTOIR DE BRETAGNE (Loire-Inférieure). 2° VENTE de TOILES de TENTE Le 13 Janvier, à 15 heure?, au DEPOT AMERICAIN DE BREST (Finistère), Ad judication sur soumissions cachetées de : 40 LOTS de TOILES DE TENTE. RENSEIGNEMENTS auprès du Directeur .du Dépôt Américain de BREST ntf au H Sous-Secrétariat d'Etat (Serviico Commercial), 4, Square Alboni, à PARIS.</txt>
            <index>1124 - SOUS-SECRETARIAT D'ETAT A LA UllilATIH DES STOCKS 19 ble, Boulevard Delessert, PARIS (16') — Téléphone : PASSY 9645, 98-14, 88^5. Veste aux Enchères i!e Presses à Fourrages LOOOMOBILES, AUTRES MOTEURS DIVERS et FIL DE FER S'adresser aux Directeurs de l'Intendance à LILLE, AMIENS, ROUEN, LE MANS, - ORLEANS. CHALONS-SUR-MARNE, BOURGES, TOURS, ftENNES, NANTES, LIMO GES, CLERMONT-FERRAND, LYON, MARSEILLE, TOULOUSE, MONTPEUJER, BORDEAUX, NANCY. EPINAL, ALGER, à la Sous-Intendance des Subsistances à V PARIS? « bis, Boulevard Latour.Maubowrg, et à la Stjation-Magasin de Mantee- Gassioourl, à la Sous-Intendanoe S. 71, Avenue de Pari*, à Safnt-Mandâ (Seiiw). 198 — A. SOUS-SECRETARIAT D'ETAT- A LA LIQUIDATION DES STOCKS 19 tfâ Boulevard Delessert. PARIS (16°) — Téléphone : PASSY S6-45, 98-14, 98-35 1° VENTE de HANGARS et BARAQUES Le 15 Janvier 1920, à 15 heures, au CENTRE AMiERICAIN de la Liquidation des Stoks, 48 bis, rue Gambptta, à MANTES, Adjudication sur soumissions cachetées de: 13 LOTS DE HANGARS et BARAQUES situés à l'ILE SAINTE-ANNE, à l'ECOLE dé la MADELEINE et à ROCHE-MAURICE. RENSEIGNEMENTS auprès du Directeur du Centre Américain de MONTOIR DE BRETAGNE (Loire-Inférieure). 2° VENTE de TOILES de TENTE Le 13 Janvier, à 15 heure?, au DEPOT AMERICAIN DE BREST (Finistère), Ad judication sur soumissions cachetées de : 40 LOTS de TOILES DE TENTE. RENSEIGNEMENTS auprès du Directeur .du Dépôt Américain de BREST ntf au H Sous-Secrétariat d'Etat (Serviico Commercial), 4, Square Alboni, à PARIS.</index>
            <contenuImg CS="1" lang="en" source="hm" time="2020-04-08T18:10:20.759+02:00">truck</contenuImg>
          </ill>
          <ill couleur="gris" derniere="true" edit="1" h="424" n="4-5" pub="1" taille="0" w="660" x="2598" y="5558">
            <tech source="final">imp photoméca</tech>
            <tech source="md">imp photoméca</tech>
            <txt>1 * WS0! 239. Avenue Bertheiot JLYON 152 A des Champs-Elysées PARIS</txt>
            <index>1 * WS0! 239. Avenue Bertheiot JLYON 152 A des Champs-Elysées PARIS</index>
          </ill>
        </ills>
      </page>
    </pages>
  </contenus>
</analyseAlto>