<analyseAlto>
  <metad>
    <type>P</type>
    <ID>bpt6k7517685</ID>
    <titre>Le Siècle</titre>
    <dateEdition>1920-12-30</dateEdition>
    <nbPage>4</nbPage>
    <suppl>FALSE</suppl>
  </metad>
  <contenus>
    <largeur>363</largeur>
    <hauteur>543</hauteur>
    <pages>
      <page ordre="1">
        <nbMot>628</nbMot>
        <blocTexte>26</blocTexte>
        <blocTab>0</blocTab>
        <blocPub>0</blocPub>
        <blocIll ocr="1">0</blocIll>
        <ills/>
      </page>
      <page ordre="2">
        <nbMot>762</nbMot>
        <blocTexte>27</blocTexte>
        <blocTab>0</blocTab>
        <blocPub>0</blocPub>
        <blocIll ocr="0">0</blocIll>
      </page>
      <page ordre="3">
        <nbMot>796</nbMot>
        <blocTexte>20</blocTexte>
        <blocTab>0</blocTab>
        <blocPub>0</blocPub>
        <blocIll ocr="0">0</blocIll>
      </page>
      <page ordre="4">
        <nbMot>1018</nbMot>
        <blocTexte>205</blocTexte>
        <blocTab>0</blocTab>
        <blocPub>0</blocPub>
        <blocIll ocr="9">1</blocIll>
        <ills>
          <ill classif="DFdnn" couleur="gris" derniere="true" edit="1" h="520" n="4-4" pub="1" taille="0" w="696" x="3400" y="3875">
            <tech source="final">imp photoméca</tech>
            <tech source="md">imp photoméca</tech>
            <leg>8 %,j4ûoM'Mzo?5ia.</leg>
            <txt>1 125Jue:teîojjj[ll®f</txt>
            <index>8 %,j4ûoM'Mzo?5ia.1 125Jue:teîojjj[ll®f</index>
          </ill>
        </ills>
      </page>
    </pages>
  </contenus>
</analyseAlto>