<analyseAlto>
  <metad>
    <type>P</type>
    <ID>bpt6k7517083</ID>
    <titre>Le Siècle</titre>
    <dateEdition>1920-10-31</dateEdition>
    <nbPage>4</nbPage>
    <suppl>FALSE</suppl>
  </metad>
  <contenus>
    <largeur>356</largeur>
    <hauteur>537</hauteur>
    <pages>
      <page ordre="1">
        <nbMot>625</nbMot>
        <blocTexte>30</blocTexte>
        <blocTab>0</blocTab>
        <blocPub>0</blocPub>
        <blocIll ocr="5">0</blocIll>
        <ills/>
      </page>
      <page ordre="2">
        <nbMot>787</nbMot>
        <blocTexte>26</blocTexte>
        <blocTab>0</blocTab>
        <blocPub>0</blocPub>
        <blocIll ocr="1">0</blocIll>
        <ills/>
      </page>
      <page ordre="3">
        <nbMot>573</nbMot>
        <blocTexte>32</blocTexte>
        <blocTab>0</blocTab>
        <blocPub>0</blocPub>
        <blocIll ocr="7">3</blocIll>
        <ills>
          <ill couleur="gris" edit="1" h="1577" n="3-2" pub="1" taille="2" w="882" x="1046" y="2069">
            <tech source="final">imp photoméca</tech>
            <tech source="md">imp photoméca</tech>
            <txt>ture «ur ce marché s'est effectuée en ten-, danc-f. soutenue. Caoutchoutières et valeurs russes fermes. Lourdeur d-u -3 '% à 5o.20 contre 55,75. Cré dit National ancien 477,50, nouveau 485. Aux fonds russes, le 1891 vaut 26,25, Consolidé 30 fr.. 1906 40 fr., 1909 30 -fr. Relevons aux Etablissements de Crédit, la Banque de Paris à 1.635, Comptoir 994, Lyon» nais 1.530, Union Parisienne 1.162, Crédit Mo. bilier 510, Nationale da Crédit 830. Au compartiment industriel, le Suez passe de 6.325 à tj.480. Thomson 1.025, Métaux 970, Gaf.sa action 1.140, part 1.445. \ Dans le groupe de la navigation, les'Char geurs Réunis s'avancent à 1.168. Transatlan tique et Messageries sans changement. Si gnalons aux transports urbains, la bonne tendance des Omnibus à 645, Nord-Sud fer me à 152. Voitures 705. Notons aux valeurs russes, la Briansk à 213, Naphte 500 contre 465, Rio Tmto sans variation à 1.575 Valeurs de charbonnages et métallurgiques bien tenues. Les Sucreries d'Egypte se res saisissent à 992. Astpa Roman â 2.405. En Banque, la Royal réa^tionne h 34.700, Shell 392, Eagle 664, Bakou recherchée à 4.045 De Beers 910, Goldfields 69,25. Rend Mines 3.51. Caoutchoutières fermes : Financière 217. Malacca 174,50, Padang 295. Estrellas- 259, Mexico El Oro 374. Valeurs russes fermes ; Lianosoff 651, Pla tine 727. Ia Utah Copper reste plus calme à 922. Les changes terminent  comme suit : livre 54.16 1/2, dollar 15.65 1/2, mark 20 1/4, Belgi que 105 1/4. peseta 216 3/4, Hollande 478, Ita lie 58, Les Etablissements ALLEZ Freres (Au Çha- telet, Paris) ont l'honneur d'informer leur clientèle que leurs magasins resteront ou verts -le dimanche 31 octobre, et seront for més le jour de la Toussaint. '</txt>
            <index>ture «ur ce marché s'est effectuée en ten-, danc-f. soutenue. Caoutchoutières et valeurs russes fermes. Lourdeur d-u -3 '% à 5o.20 contre 55,75. Cré dit National ancien 477,50, nouveau 485. Aux fonds russes, le 1891 vaut 26,25, Consolidé 30 fr.. 1906 40 fr., 1909 30 -fr. Relevons aux Etablissements de Crédit, la Banque de Paris à 1.635, Comptoir 994, Lyon» nais 1.530, Union Parisienne 1.162, Crédit Mo. bilier 510, Nationale da Crédit 830. Au compartiment industriel, le Suez passe de 6.325 à tj.480. Thomson 1.025, Métaux 970, Gaf.sa action 1.140, part 1.445. \ Dans le groupe de la navigation, les'Char geurs Réunis s'avancent à 1.168. Transatlan tique et Messageries sans changement. Si gnalons aux transports urbains, la bonne tendance des Omnibus à 645, Nord-Sud fer me à 152. Voitures 705. Notons aux valeurs russes, la Briansk à 213, Naphte 500 contre 465, Rio Tmto sans variation à 1.575 Valeurs de charbonnages et métallurgiques bien tenues. Les Sucreries d'Egypte se res saisissent à 992. Astpa Roman â 2.405. En Banque, la Royal réa^tionne h 34.700, Shell 392, Eagle 664, Bakou recherchée à 4.045 De Beers 910, Goldfields 69,25. Rend Mines 3.51. Caoutchoutières fermes : Financière 217. Malacca 174,50, Padang 295. Estrellas- 259, Mexico El Oro 374. Valeurs russes fermes ; Lianosoff 651, Pla tine 727. Ia Utah Copper reste plus calme à 922. Les changes terminent  comme suit : livre 54.16 1/2, dollar 15.65 1/2, mark 20 1/4, Belgi que 105 1/4. peseta 216 3/4, Hollande 478, Ita lie 58, Les Etablissements ALLEZ Freres (Au Çha- telet, Paris) ont l'honneur d'informer leur clientèle que leurs magasins resteront ou verts -le dimanche 31 octobre, et seront for més le jour de la Toussaint. '</index>
          </ill>
          <ill classif="DFdnn" couleur="gris" edit="1" h="936" n="3-4" pub="1" taille="1" w="723" x="2175" y="2651">
            <tech source="final">imp photoméca</tech>
            <tech source="md">imp photoméca</tech>
            <leg>Robes tricot, pure laine, Jade, fraise, chamois, canwd, gris, marine, chaudron, vert, prune ou noir.</leg>
            <txt>Robes dernière création, en beau velours noir et teintas foncées» garnies galon. 1M.* peluche Lisfer 5015, noir eu loutre, entièrement doublés soie, 495.* v  fond satin, bord wnapeaux vf io U rs, éo « aigrettes, 03.</txt>
            <index>Robes tricot, pure laine, Jade, fraise, chamois, canwd, gris, marine, chaudron, vert, prune ou noir.Robes dernière création, en beau velours noir et teintas foncées» garnies galon. 1M.* peluche Lisfer 5015, noir eu loutre, entièrement doublés soie, 495.* v  fond satin, bord wnapeaux vf io U rs, éo « aigrettes, 03.</index>
          </ill>
          <ill couleur="gris" edit="1" h="1592" n="3-5" pub="1" taille="2" w="818" x="3153" y="2042">
            <tech source="final">imp photoméca</tech>
            <tech source="md">imp photoméca</tech>
            <txt>98. Cravates 24.» [Chapeau*' »?'' 37.'</txt>
            <index>98. Cravates 24.» [Chapeau*' »?'' 37.'</index>
          </ill>
        </ills>
      </page>
      <page ordre="4">
        <nbMot>1191</nbMot>
        <blocTexte>397</blocTexte>
        <blocTab>0</blocTab>
        <blocPub>0</blocPub>
        <blocIll ocr="1">0</blocIll>
        <ills/>
      </page>
    </pages>
  </contenus>
</analyseAlto>