<analyseAlto>
  <metad>
    <type>P</type>
    <ID>bpt6k751458w</ID>
    <titre>Le Siècle</titre>
    <dateEdition>1920-02-23</dateEdition>
    <nbPage>4</nbPage>
    <suppl>FALSE</suppl>
  </metad>
  <contenus>
    <largeur>351</largeur>
    <hauteur>537</hauteur>
    <pages>
      <page ordre="1">
        <nbMot>587</nbMot>
        <blocTexte>39</blocTexte>
        <blocTab>0</blocTab>
        <blocPub>0</blocPub>
        <blocIll ocr="1">0</blocIll>
        <ills/>
      </page>
      <page ordre="2">
        <nbMot>763</nbMot>
        <blocTexte>45</blocTexte>
        <blocTab>0</blocTab>
        <blocPub>0</blocPub>
        <blocIll ocr="3">1</blocIll>
        <ills>
          <ill classif="DFdnn" couleur="gris" edit="1" h="255" n="2-2" pub="1" taille="0" w="680" x="3375" y="3164">
            <tech source="final">imp photoméca</tech>
            <tech source="md">imp photoméca</tech>
            <leg>ET POUCE...</leg>
            <txt>A LA GAITÉ ROCHECHOUAST: taaaivvvv^r nrrr rrr ^ ********■*****■*^*^^^■^^1 frtïreOT MA Y AI Aujourd'hui, matinée de lullLîiH 1 lililIvL la grande revue Tout A l'Amour, avec son sensationnel tableau : Le Cou, cher des ingénues, 1S0 ajrtlstes, 500 costumes. ARTISTIO, 61, rue de Doua!, -r- T. 1. soirs k 8 h.30 Mat. Jeud. sam. -et dim. — L'ARTIS- TlC,rend.-v.de tout les gdes ved.de l'écran, PATHE-PALACE, 32, bd Italiens. -Tous les J, nUL Ttes les actualités. Les meilleurs programmes. Orchestre symphonique. *ff,l riçirrp l'extraordinaire et amusante corné» 111/11/131 Ci» die d'aventure, obtient au Moga-i dor-Palace un succès sans précédent aine! que le iKoomcortant document allemand La Croisière de. l'U-38 et le prodigieux violoniste vagabond Alfre- do. Aujourd'hui : matinée a 2 b. 15, sotrée à! t b. 30. (Location, Gut. : 5S-03). \ - /r\ vervte à PAR1S-/*MPI, MAX VlTERBO JUSTICE</txt>
            <index>ET POUCE...A LA GAITÉ ROCHECHOUAST: taaaivvvv^r nrrr rrr ^ ********■*****■*^*^^^■^^1 frtïreOT MA Y AI Aujourd'hui, matinée de lullLîiH 1 lililIvL la grande revue Tout A l'Amour, avec son sensationnel tableau : Le Cou, cher des ingénues, 1S0 ajrtlstes, 500 costumes. ARTISTIO, 61, rue de Doua!, -r- T. 1. soirs k 8 h.30 Mat. Jeud. sam. -et dim. — L'ARTIS- TlC,rend.-v.de tout les gdes ved.de l'écran, PATHE-PALACE, 32, bd Italiens. -Tous les J, nUL Ttes les actualités. Les meilleurs programmes. Orchestre symphonique. *ff,l riçirrp l'extraordinaire et amusante corné» 111/11/131 Ci» die d'aventure, obtient au Moga-i dor-Palace un succès sans précédent aine! que le iKoomcortant document allemand La Croisière de. l'U-38 et le prodigieux violoniste vagabond Alfre- do. Aujourd'hui : matinée a 2 b. 15, sotrée à! t b. 30. (Location, Gut. : 5S-03). \ - /r\ vervte à PAR1S-/*MPI, MAX VlTERBO JUSTICE</index>
          </ill>
        </ills>
      </page>
      <page ordre="3">
        <nbMot>600</nbMot>
        <blocTexte>32</blocTexte>
        <blocTab>0</blocTab>
        <blocPub>0</blocPub>
        <blocIll ocr="4">0</blocIll>
        <ills/>
      </page>
      <page ordre="4">
        <nbMot>1125</nbMot>
        <blocTexte>390</blocTexte>
        <blocTab>0</blocTab>
        <blocPub>0</blocPub>
        <blocIll ocr="7">0</blocIll>
        <ills/>
      </page>
    </pages>
  </contenus>
</analyseAlto>