<analyseAlto>
  <metad>
    <type>P</type>
    <ID>bpt6k751515p</ID>
    <titre>Le Siècle</titre>
    <dateEdition>1920-04-20</dateEdition>
    <nbPage>4</nbPage>
    <suppl>FALSE</suppl>
  </metad>
  <contenus>
    <largeur>357</largeur>
    <hauteur>539</hauteur>
    <pages>
      <page ordre="1">
        <nbMot>557</nbMot>
        <blocTexte>28</blocTexte>
        <blocTab>0</blocTab>
        <blocPub>0</blocPub>
        <blocIll ocr="0">0</blocIll>
      </page>
      <page ordre="2">
        <nbMot>774</nbMot>
        <blocTexte>29</blocTexte>
        <blocTab>0</blocTab>
        <blocPub>0</blocPub>
        <blocIll ocr="2">0</blocIll>
        <ills/>
      </page>
      <page ordre="3">
        <nbMot>835</nbMot>
        <blocTexte>21</blocTexte>
        <blocTab>0</blocTab>
        <blocPub>0</blocPub>
        <blocIll ocr="0">0</blocIll>
      </page>
      <page ordre="4">
        <nbMot>1095</nbMot>
        <blocTexte>371</blocTexte>
        <blocTab>0</blocTab>
        <blocPub>0</blocPub>
        <blocIll ocr="6">1</blocIll>
        <ills>
          <ill couleur="gris" derniere="true" edit="1" h="494" n="4-3" pub="1" taille="0" w="898" x="2606" y="3728">
            <tech source="final">imp photoméca</tech>
            <tech source="md">imp photoméca</tech>
            <txt>D'ECHO S EN ECHOS Outsiders de « Ia Veine : Pexdïdo, Baratija, Oran, As, Bochourdialc. Ses deux tips : Maraussan, 1^ Pernnssionnaire. tH Hier, à Long-champ : Crapiné a été réclamé avant le prix de la Grotte, pour 151001 fr., plus le montant du prix, par le comte R. de Beauregard, et Te- rentia, pour 10.333 fr. 50, plus le montant du prix, également, par M. Ed. Kalhn. Teren- tia va à l'entraînement chez Fantini, à Mai- sons-Lattttte. — Senonches. la gagnante du prix de la Grotte, a été réclamée pour 19.001 fr. 50 par son propriétaire. Senonches est retournée chez Urbain Davrtt; •w* •Dolphin n'est pas un partant certain, au jourd'hui, à Samt-Cloud. It Gérant : Hippolyte V itopier.</txt>
            <index>D'ECHO S EN ECHOS Outsiders de « Ia Veine : Pexdïdo, Baratija, Oran, As, Bochourdialc. Ses deux tips : Maraussan, 1^ Pernnssionnaire. tH Hier, à Long-champ : Crapiné a été réclamé avant le prix de la Grotte, pour 151001 fr., plus le montant du prix, par le comte R. de Beauregard, et Te- rentia, pour 10.333 fr. 50, plus le montant du prix, également, par M. Ed. Kalhn. Teren- tia va à l'entraînement chez Fantini, à Mai- sons-Lattttte. — Senonches. la gagnante du prix de la Grotte, a été réclamée pour 19.001 fr. 50 par son propriétaire. Senonches est retournée chez Urbain Davrtt; •w* •Dolphin n'est pas un partant certain, au jourd'hui, à Samt-Cloud. It Gérant : Hippolyte V itopier.</index>
          </ill>
        </ills>
      </page>
    </pages>
  </contenus>
</analyseAlto>