<analyseAlto>
  <metad>
    <type>P</type>
    <ID>bpt6k751591x</ID>
    <titre>Le Siècle</titre>
    <dateEdition>1920-07-05</dateEdition>
    <nbPage>4</nbPage>
    <suppl>FALSE</suppl>
  </metad>
  <contenus>
    <largeur>358</largeur>
    <hauteur>538</hauteur>
    <pages>
      <page ordre="1">
        <nbMot>562</nbMot>
        <blocTexte>23</blocTexte>
        <blocTab>0</blocTab>
        <blocPub>0</blocPub>
        <blocIll ocr="1">0</blocIll>
        <ills/>
      </page>
      <page ordre="2">
        <nbMot>768</nbMot>
        <blocTexte>38</blocTexte>
        <blocTab>0</blocTab>
        <blocPub>0</blocPub>
        <blocIll ocr="2">0</blocIll>
        <ills/>
      </page>
      <page ordre="3">
        <nbMot>531</nbMot>
        <blocTexte>22</blocTexte>
        <blocTab>0</blocTab>
        <blocPub>0</blocPub>
        <blocIll ocr="11">0</blocIll>
        <ills/>
      </page>
      <page ordre="4">
        <nbMot>999</nbMot>
        <blocTexte>326</blocTexte>
        <blocTab>0</blocTab>
        <blocPub>0</blocPub>
        <blocIll ocr="7">1</blocIll>
        <ills>
          <ill couleur="gris" derniere="true" edit="1" h="828" n="4-3" pub="1" taille="0" w="507" x="1783" y="3442">
            <tech source="final">imp photoméca</tech>
            <tech source="md">imp photoméca</tech>
            <leg>— TE LEPHO N IE Appareils _ pour ^^trale Intégra! 1  ' supprimant t onte pile chez l'abonné Robustesse et g rande sensibilité p our les grandes distances SOCIÉTÉ ANONYME DES PORCELAINES ET APPAREILLAGES ELECTRIQUES GRAMMONT Siège Social : 10, Rue d'Uzès, PARIS Bureaux et Magasins : 123, Rue de Grenelle, PARIS (VII e ) .. Tél. Saxe 25-14 et 62-14</leg>
            <txt>Agen. Strasbourg. — Nancy. 19. Salni-Cloud. 20. Coin-piôgne.— Vittel. 21. Le Tremblay 22. Saint-Qoud. 23. Gompiègne. 24. Le Tremblay. 23. Maisons-Laffitte. 26. Le Tremblay. 27. Cliantilly. 86. Chalon-sur-Saône, 30. Pont-l'Evéque.. 31, Deauviiie.</txt>
            <index>— TE LEPHO N IE Appareils _ pour ^^trale Intégra! 1  ' supprimant t onte pile chez l'abonné Robustesse et g rande sensibilité p our les grandes distances SOCIÉTÉ ANONYME DES PORCELAINES ET APPAREILLAGES ELECTRIQUES GRAMMONT Siège Social : 10, Rue d'Uzès, PARIS Bureaux et Magasins : 123, Rue de Grenelle, PARIS (VII e ) .. Tél. Saxe 25-14 et 62-14Agen. Strasbourg. — Nancy. 19. Salni-Cloud. 20. Coin-piôgne.— Vittel. 21. Le Tremblay 22. Saint-Qoud. 23. Gompiègne. 24. Le Tremblay. 23. Maisons-Laffitte. 26. Le Tremblay. 27. Cliantilly. 86. Chalon-sur-Saône, 30. Pont-l'Evéque.. 31, Deauviiie.</index>
          </ill>
        </ills>
      </page>
    </pages>
  </contenus>
</analyseAlto>