<analyseAlto>
  <metad>
    <type>P</type>
    <ID>bpt6k749410f</ID>
    <titre>Le Siècle</titre>
    <dateEdition>1914-06-11</dateEdition>
    <nbPage>6</nbPage>
    <suppl>FALSE</suppl>
  </metad>
  <contenus>
    <largeur>429</largeur>
    <hauteur>600</hauteur>
    <pages>
      <page ordre="1">
        <nbMot>894</nbMot>
        <blocTexte>46</blocTexte>
        <blocTab>0</blocTab>
        <blocPub>0</blocPub>
        <blocIll ocr="4">0</blocIll>
        <ills/>
      </page>
      <page ordre="2">
        <nbMot>1003</nbMot>
        <blocTexte>33</blocTexte>
        <blocTab>0</blocTab>
        <blocPub>0</blocPub>
        <blocIll ocr="2">0</blocIll>
        <ills/>
      </page>
      <page ordre="3">
        <nbMot>1060</nbMot>
        <blocTexte>35</blocTexte>
        <blocTab>0</blocTab>
        <blocPub>0</blocPub>
        <blocIll ocr="4">1</blocIll>
        <ills>
          <ill classif="DFdnn" couleur="gris" edit="1" h="357" n="3-3" pub="1" taille="0" w="698" x="2585" y="4525">
            <tech source="final">imp photoméca</tech>
            <tech source="md">imp photoméca</tech>
            <contenuImg CS="1" lang="fr" source="hm" time="2020-04-08T18:08:44.487+02:00">moto</contenuImg>
            <leg>La Révélation eiï© l'Année</leg>
            <txt>r,(! (jj'and Prix de l'A. C. F. Les automobiles Aldd y pariicipennt M. Oharron, le sympathique constructeur des voitures automobiles Aida, a engagé trois voitures dans le grand prix de l'A.C.F. La première sera pilotée par Sisz,la seconde par 'i'abuteau et la troisième par un ama teur excellent conducteur, M. Pétro. Bonnes voitures, bons pilotes ; avec cela le succès est certain. AVIATION Itenau* bat loi records du mondé de vitesse d» 250 à 500 kilomètres Eugène Rénaux a battu les records mondiaux de vitesse avec un passager. La performance fut chronométrée par Gaudichard, chronométreur officiel de l'Ae. C. F., assisté du marquis de Lareinty-Tholozan, Voici lès temps réalisés : 830 kil. en 2 h. 21 ta. 56 s. (ancien record Guiliaux: 2 h. 34 m. 48 s. 2/5). 300 ?cll. en 2 h. 50 m. 28 s. (ancien record Guiliaux: 3 h. 4 m. 46 s. 2/5). 350 kil. en 3 h. 18 m. 44 s. (anolen record Guiliaux: 3 h. 34 m. 46 s. 2/5). 400 kil. en 3 h. 47 m. li s. (ancien record Guiliaux: 4 h. 4. m. 42 S. 4/5), 450 kil. en 4 h. 15 m. 29 s. (nouveau record). Vil »r» A h Aà m 4fi « fnnnv*on rp/*nt»HV Le passager était M. Georges BrouX, mécani. nen de Rénaux. T/aoparcu était un M. .Farman. actionné par un moteur Renault 100 HP. Un concours de moteurs Le ministère de la guerre organisera très bro- bubiement en novembre — la date n:est pas déQniuvement arrêtée. — un grand concours de moteurs d'aviation. Voici les principales lignes du règlement : Le concours sera ouvert à trois catégories dé noteurs : 1. Moteur tioa, Ils se distinguent également par le mode de propulsion: les uns sont mus par une né- lice aérienne, les autres par une hélicé aqua tique ou des roués à aube. Enfin, certains ap pareils peuvent indifféremment évoluer sur la terre ou sur l'eau, plusieurs même sans au cune modification préalable. Une épreuve spé ciale a été créée pour chacune des sept ca tégories et, pour terminer le concours, une épreuve Offimum réunira tous leâ oôncurrents sans distinction de catégories. Une quarantaine de concurrents se sont fait Inscrire ' et ces différents appareils essaieront de prouver la supériorité ae leurs systèmes, tous aussi ingénieux les uns que les autres. Du ce premier concours naîtra sans doute une nouvelle industrie des appareils « cycles nau tiques « à laquelle bon nombre de compéten ces prédisent dès aujourd'hui le plus bel avenir. ■ La piste aquatique sera tracée devant Je Cn«!ino d'Enghien, lés départs et les arrivées Se faisant devant le magnifique Jardin des Roses de cet établissement. 11 n'est donc pas exagéré de prévoir à ce concours un grand et très légitime suefiès. Les Challenges de la F.C.A.F. . Les challenges de la F. G. A. F. se dispute ront le dimanche 21 Juin sur un tour du cir cuit de Brie, soit 50 kilomètres. Lé pfémier dé part sera donné à 2 heures à Brie-Comte-Ro- bert. Ces challenges Se disputeront par équi pe de 5 coureurs, les trois premiers arrivants comptant pour le challenge équipe première. Les trois Suivants pour le challenge équipe se conde. Le</txt>
            <index>La Révélation eiï© l'Annéer,(! (jj'and Prix de l'A. C. F. Les automobiles Aldd y pariicipennt M. Oharron, le sympathique constructeur des voitures automobiles Aida, a engagé trois voitures dans le grand prix de l'A.C.F. La première sera pilotée par Sisz,la seconde par 'i'abuteau et la troisième par un ama teur excellent conducteur, M. Pétro. Bonnes voitures, bons pilotes ; avec cela le succès est certain. AVIATION Itenau* bat loi records du mondé de vitesse d» 250 à 500 kilomètres Eugène Rénaux a battu les records mondiaux de vitesse avec un passager. La performance fut chronométrée par Gaudichard, chronométreur officiel de l'Ae. C. F., assisté du marquis de Lareinty-Tholozan, Voici lès temps réalisés : 830 kil. en 2 h. 21 ta. 56 s. (ancien record Guiliaux: 2 h. 34 m. 48 s. 2/5). 300 ?cll. en 2 h. 50 m. 28 s. (ancien record Guiliaux: 3 h. 4 m. 46 s. 2/5). 350 kil. en 3 h. 18 m. 44 s. (anolen record Guiliaux: 3 h. 34 m. 46 s. 2/5). 400 kil. en 3 h. 47 m. li s. (ancien record Guiliaux: 4 h. 4. m. 42 S. 4/5), 450 kil. en 4 h. 15 m. 29 s. (nouveau record). Vil »r» A h Aà m 4fi « fnnnv*on rp/*nt»HV Le passager était M. Georges BrouX, mécani. nen de Rénaux. T/aoparcu était un M. .Farman. actionné par un moteur Renault 100 HP. Un concours de moteurs Le ministère de la guerre organisera très bro- bubiement en novembre — la date n:est pas déQniuvement arrêtée. — un grand concours de moteurs d'aviation. Voici les principales lignes du règlement : Le concours sera ouvert à trois catégories dé noteurs : 1. Moteur tioa, Ils se distinguent également par le mode de propulsion: les uns sont mus par une né- lice aérienne, les autres par une hélicé aqua tique ou des roués à aube. Enfin, certains ap pareils peuvent indifféremment évoluer sur la terre ou sur l'eau, plusieurs même sans au cune modification préalable. Une épreuve spé ciale a été créée pour chacune des sept ca tégories et, pour terminer le concours, une épreuve Offimum réunira tous leâ oôncurrents sans distinction de catégories. Une quarantaine de concurrents se sont fait Inscrire ' et ces différents appareils essaieront de prouver la supériorité ae leurs systèmes, tous aussi ingénieux les uns que les autres. Du ce premier concours naîtra sans doute une nouvelle industrie des appareils « cycles nau tiques « à laquelle bon nombre de compéten ces prédisent dès aujourd'hui le plus bel avenir. ■ La piste aquatique sera tracée devant Je Cn«!ino d'Enghien, lés départs et les arrivées Se faisant devant le magnifique Jardin des Roses de cet établissement. 11 n'est donc pas exagéré de prévoir à ce concours un grand et très légitime suefiès. Les Challenges de la F.C.A.F. . Les challenges de la F. G. A. F. se dispute ront le dimanche 21 Juin sur un tour du cir cuit de Brie, soit 50 kilomètres. Lé pfémier dé part sera donné à 2 heures à Brie-Comte-Ro- bert. Ces challenges Se disputeront par équi pe de 5 coureurs, les trois premiers arrivants comptant pour le challenge équipe première. Les trois Suivants pour le challenge équipe se conde. Le</index>
            <contenuImg CS="1" lang="en" source="hm" time="2020-04-08T18:08:44.487+02:00">motorcycle</contenuImg>
          </ill>
        </ills>
      </page>
      <page ordre="4">
        <nbMot>2030</nbMot>
        <blocTexte>1063</blocTexte>
        <blocTab>0</blocTab>
        <blocPub>0</blocPub>
        <blocIll ocr="1">0</blocIll>
        <ills/>
      </page>
      <page ordre="5">
        <nbMot>820</nbMot>
        <blocTexte>37</blocTexte>
        <blocTab>0</blocTab>
        <blocPub>0</blocPub>
        <blocIll ocr="8">0</blocIll>
        <ills/>
      </page>
      <page ordre="6">
        <nbMot>1008</nbMot>
        <blocTexte>28</blocTexte>
        <blocTab>0</blocTab>
        <blocPub>0</blocPub>
        <blocIll ocr="3">0</blocIll>
        <ills/>
      </page>
    </pages>
  </contenus>
</analyseAlto>