<analyseAlto>
  <metad>
    <type>P</type>
    <ID>bpt6k751425q</ID>
    <titre>Le Siècle</titre>
    <dateEdition>1920-01-21</dateEdition>
    <nbPage>4</nbPage>
    <suppl>FALSE</suppl>
  </metad>
  <contenus>
    <largeur>353</largeur>
    <hauteur>538</hauteur>
    <pages>
      <page ordre="1">
        <nbMot>560</nbMot>
        <blocTexte>26</blocTexte>
        <blocTab>0</blocTab>
        <blocPub>0</blocPub>
        <blocIll ocr="1">0</blocIll>
        <ills/>
      </page>
      <page ordre="2">
        <nbMot>758</nbMot>
        <blocTexte>39</blocTexte>
        <blocTab>0</blocTab>
        <blocPub>0</blocPub>
        <blocIll ocr="2">1</blocIll>
        <ills>
          <ill couleur="gris" edit="1" h="338" n="2-2" pub="1" taille="0" w="755" x="3304" y="3704">
            <tech source="final">imp photoméca</tech>
            <tech source="md">imp photoméca</tech>
            <leg>—- _ UICT - ux-ta _ BRUicsixni*</leg>
            <txt>MAMW 1 I I]\'I? RMICCS 1 tuoieu Boyer, l'autour du L IJl*Ii IHIjJiJufj lie tour et de .la Modelon de la Victoire, nommé Cbevaliecp de la Légion d'hon neur au titire de chansonnier, a été hter, a La Luine Rousse, l'ohJet d'une 1 , longue ovation de la part des spectateurs.   11 n'y a que des Vedettes - AU CASINO DE PARIS et c'est une des raisons du TRIOMPHE OE LA REVUE PARIS OUI DANSE J AI i rHinîiFRF Ce aoir, première à la L/i LH llllIlHUJ Chaumière, Fiumislana, revue de J. Feriiy et Merall, Joaiée par les chan sonniers Claudie de Slvry, Micheline et O. Bertie., Rentrée do Mévlsto. Chaiisoiis noureUes par Mar tini, Ferny, Ohepfer, WeU, Paco, Marc-HMy,  Ré- jnougiu et Rieux. ARTISTIO, 61, rue de Douai. •— T. 1. soirs à, 8 h.SO Mat. Jeud. sam. et dto. — L'ARTIS- TIG.rend.-v.de tout les gdes ved.de l'écran PATHE PALAOE, 38. bd'Italiens. Tous les J. 2 à 11 h. Ttes les actualités. Les meilleur« programmes, Orchestre symphofiique.</txt>
            <index>—- _ UICT - ux-ta _ BRUicsixni*MAMW 1 I I]\'I? RMICCS 1 tuoieu Boyer, l'autour du L IJl*Ii IHIjJiJufj lie tour et de .la Modelon de la Victoire, nommé Cbevaliecp de la Légion d'hon neur au titire de chansonnier, a été hter, a La Luine Rousse, l'ohJet d'une 1 , longue ovation de la part des spectateurs.   11 n'y a que des Vedettes - AU CASINO DE PARIS et c'est une des raisons du TRIOMPHE OE LA REVUE PARIS OUI DANSE J AI i rHinîiFRF Ce aoir, première à la L/i LH llllIlHUJ Chaumière, Fiumislana, revue de J. Feriiy et Merall, Joaiée par les chan sonniers Claudie de Slvry, Micheline et O. Bertie., Rentrée do Mévlsto. Chaiisoiis noureUes par Mar tini, Ferny, Ohepfer, WeU, Paco, Marc-HMy,  Ré- jnougiu et Rieux. ARTISTIO, 61, rue de Douai. •— T. 1. soirs à, 8 h.SO Mat. Jeud. sam. et dto. — L'ARTIS- TIG.rend.-v.de tout les gdes ved.de l'écran PATHE PALAOE, 38. bd'Italiens. Tous les J. 2 à 11 h. Ttes les actualités. Les meilleur« programmes, Orchestre symphofiique.</index>
          </ill>
        </ills>
      </page>
      <page ordre="3">
        <nbMot>758</nbMot>
        <blocTexte>22</blocTexte>
        <blocTab>0</blocTab>
        <blocPub>0</blocPub>
        <blocIll ocr="0">0</blocIll>
      </page>
      <page ordre="4">
        <nbMot>997</nbMot>
        <blocTexte>304</blocTexte>
        <blocTab>0</blocTab>
        <blocPub>0</blocPub>
        <blocIll ocr="6">1</blocIll>
        <ills>
          <ill classif="DFdnn" couleur="gris" derniere="true" edit="1" h="947" n="4-2" pub="1" taille="2" w="1478" x="2612" y="1981">
            <tech source="final">imp photoméca</tech>
            <tech source="md">imp photoméca</tech>
            <leg>Bcfa de Luxe «■ «lummioitt poli</leg>
            <txt>■VOLUMARD. imprimeur 21 rue cadet.   Le Gérant : Hippolyte V itdpier. année un lot respectable d'engagés, parmi les quels une centaine de ctmcurrents étrangers, anglais, américains, suisses, italiens; belges, espagnols, etc., c'est-à-dire tous les meilleurs concurrente des pays ci-dessus, seront clos après demain jeudi. Le lot de concurrents français qui sera op posé aux -étrangers réunira l'élite de nos gran dies marques. Cette épreuve doit susciter au près du grand ■ public le plus vif intérêt en raison de la difficulté du règlement et de la longueur du parcours. Le ' règlement est envoyé gratuitement'sur- simple demande adressée   M, l'Administra- teur-Délégué du Petit Journal 61, ' rue La- fayette à- Paris, ou au journal Motocyclisme, 1, Cité de' Paradis, à Paris. 1 LES REUNIONS D'AUJOURD'HUI .■ Tennis; -r- 13 h., S.C.P., 154, rue Saussure î Championnats interciuibs de Paris (U.S.F.S,A.)„ Sports féminins (Acadeniia). — Ce matin, 9 h. 30, wisoine, 160, rue Obei'kampf, réunion sous la direction de Mme Porte. -— Program-' me de la semaine : culture physique et. gym- nastiques spéciales : cours de MM. Carlsten, Lévêque, die Mmes Popard, Ronsay, Kintzel, Goloveski, Guerrapin, Gardères (escrime), Eq-uitatiom. Natation. Mercredi, 20 h. 30, gym nastique générale, 10, rue Huyghens. Jeudi, 2b h. 30, 10  soirée dansante et cours de danse; 70, me Jouffroy (Métro Wagram), pour tou tes les adhérentes. A partir du jeudi 29 jan vier après-midi, entraînement au hockey, à,. Puteaux, sous la direction de Mlle IbelS. S'inscrire, pour la saison d'aviron, au sec</txt>
            <index>Bcfa de Luxe «■ «lummioitt poli■VOLUMARD. imprimeur 21 rue cadet.   Le Gérant : Hippolyte V itdpier. année un lot respectable d'engagés, parmi les quels une centaine de ctmcurrents étrangers, anglais, américains, suisses, italiens; belges, espagnols, etc., c'est-à-dire tous les meilleurs concurrente des pays ci-dessus, seront clos après demain jeudi. Le lot de concurrents français qui sera op posé aux -étrangers réunira l'élite de nos gran dies marques. Cette épreuve doit susciter au près du grand ■ public le plus vif intérêt en raison de la difficulté du règlement et de la longueur du parcours. Le ' règlement est envoyé gratuitement'sur- simple demande adressée   M, l'Administra- teur-Délégué du Petit Journal 61, ' rue La- fayette à- Paris, ou au journal Motocyclisme, 1, Cité de' Paradis, à Paris. 1 LES REUNIONS D'AUJOURD'HUI .■ Tennis; -r- 13 h., S.C.P., 154, rue Saussure î Championnats interciuibs de Paris (U.S.F.S,A.)„ Sports féminins (Acadeniia). — Ce matin, 9 h. 30, wisoine, 160, rue Obei'kampf, réunion sous la direction de Mme Porte. -— Program-' me de la semaine : culture physique et. gym- nastiques spéciales : cours de MM. Carlsten, Lévêque, die Mmes Popard, Ronsay, Kintzel, Goloveski, Guerrapin, Gardères (escrime), Eq-uitatiom. Natation. Mercredi, 20 h. 30, gym nastique générale, 10, rue Huyghens. Jeudi, 2b h. 30, 10  soirée dansante et cours de danse; 70, me Jouffroy (Métro Wagram), pour tou tes les adhérentes. A partir du jeudi 29 jan vier après-midi, entraînement au hockey, à,. Puteaux, sous la direction de Mlle IbelS. S'inscrire, pour la saison d'aviron, au sec</index>
          </ill>
        </ills>
      </page>
    </pages>
  </contenus>
</analyseAlto>