<analyseAlto>
  <metad>
    <type>P</type>
    <ID>bpt6k751501t</ID>
    <titre>Le Siècle</titre>
    <dateEdition>1920-04-06</dateEdition>
    <nbPage>4</nbPage>
    <suppl>FALSE</suppl>
  </metad>
  <contenus>
    <largeur>357</largeur>
    <hauteur>538</hauteur>
    <pages>
      <page ordre="1">
        <nbMot>583</nbMot>
        <blocTexte>30</blocTexte>
        <blocTab>0</blocTab>
        <blocPub>0</blocPub>
        <blocIll ocr="0">0</blocIll>
      </page>
      <page ordre="2">
        <nbMot>759</nbMot>
        <blocTexte>30</blocTexte>
        <blocTab>0</blocTab>
        <blocPub>0</blocPub>
        <blocIll ocr="4">1</blocIll>
        <ills>
          <ill classif="DFdnn" couleur="gris" edit="1" h="255" n="2-3" pub="1" taille="0" w="681" x="3379" y="3163">
            <tech source="final">imp photoméca</tech>
            <tech source="md">imp photoméca</tech>
            <leg>ET POLICE...</leg>
            <txt>^ PAR TOUT LE MONDE 2 ^ Aujourd'hui Matinée et Soirée ^ CONCERT HAY0L là^ grande revue Tout  i| l'Amour, 150 artistes, 600 costumes et le sensa- 1 ' tioiiael tableau Le Coucha des ingénues. | A LA CIGALE sgesesa PARI SYS ■ DANS LA PLVS AMUSANTE REVUE Z ' S AUJOURD'HUI LUNDI MATINEE S PATHE-PALACE, 32, M Italiens. Tous les ]. 2   11 h, Ttes les actualités. Les meilleurs, programmes. Orchestre symphonique. ARTISTIC, 61, rue de Doua!. — T. 1. soirs à 8 h.30 Mat. Jeud. sam. et dim. — L'ARTIS- XIC.rend.-v.de tout les gdes ved.de l'écran 4jr\ver\te » PARIS MAX Vi.TERBO JUSTICE</txt>
            <index>ET POLICE...^ PAR TOUT LE MONDE 2 ^ Aujourd'hui Matinée et Soirée ^ CONCERT HAY0L là^ grande revue Tout  i| l'Amour, 150 artistes, 600 costumes et le sensa- 1 ' tioiiael tableau Le Coucha des ingénues. | A LA CIGALE sgesesa PARI SYS ■ DANS LA PLVS AMUSANTE REVUE Z ' S AUJOURD'HUI LUNDI MATINEE S PATHE-PALACE, 32, M Italiens. Tous les ]. 2   11 h, Ttes les actualités. Les meilleurs, programmes. Orchestre symphonique. ARTISTIC, 61, rue de Doua!. — T. 1. soirs à 8 h.30 Mat. Jeud. sam. et dim. — L'ARTIS- XIC.rend.-v.de tout les gdes ved.de l'écran 4jr\ver\te » PARIS MAX Vi.TERBO JUSTICE</index>
          </ill>
        </ills>
      </page>
      <page ordre="3">
        <nbMot>771</nbMot>
        <blocTexte>20</blocTexte>
        <blocTab>0</blocTab>
        <blocPub>0</blocPub>
        <blocIll ocr="0">0</blocIll>
      </page>
      <page ordre="4">
        <nbMot>1021</nbMot>
        <blocTexte>316</blocTexte>
        <blocTab>0</blocTab>
        <blocPub>0</blocPub>
        <blocIll ocr="2">0</blocIll>
        <ills/>
      </page>
    </pages>
  </contenus>
</analyseAlto>