<analyseAlto>
  <metad>
    <type>P</type>
    <ID>bpt6k749413k</ID>
    <titre>Le Siècle</titre>
    <dateEdition>1914-06-14</dateEdition>
    <nbPage>6</nbPage>
    <suppl>FALSE</suppl>
  </metad>
  <contenus>
    <largeur>433</largeur>
    <hauteur>599</hauteur>
    <pages>
      <page ordre="1">
        <nbMot>920</nbMot>
        <blocTexte>85</blocTexte>
        <blocTab>0</blocTab>
        <blocPub>0</blocPub>
        <blocIll ocr="5">0</blocIll>
        <ills/>
      </page>
      <page ordre="2">
        <nbMot>1013</nbMot>
        <blocTexte>35</blocTexte>
        <blocTab>0</blocTab>
        <blocPub>0</blocPub>
        <blocIll ocr="0">0</blocIll>
      </page>
      <page ordre="3">
        <nbMot>963</nbMot>
        <blocTexte>53</blocTexte>
        <blocTab>0</blocTab>
        <blocPub>0</blocPub>
        <blocIll ocr="4">1</blocIll>
        <ills>
          <ill classif="DFdnn" couleur="gris" edit="1" h="345" n="3-2" pub="1" taille="0" w="699" x="2585" y="2709">
            <tech source="final">imp photoméca</tech>
            <tech source="md">imp photoméca</tech>
            <contenuImg CS="1" lang="fr" source="hm" time="2020-04-08T18:08:29.448+02:00">moto</contenuImg>
            <leg>La Révélation el  l'Année La Moto THèMAIVN 1914 construit* par la célébra marque de CYCLES triomphatrict de BORBKAinC-PARIS 1913 Catalogue franco sur demanda aux Uaine* THOMANKt, A KAWiRRI</leg>
            <txt>est  la Coupe des Nation» i Cet après-thidl, dans le bassin dé Juvisy la Société d'Encouragement du Sport Nautique donnera une grande réunion de régates au cours de laquelle sera ramée la Coupe des Nations, épreuve classique internationale à un rameur. Voici la liste officsielle des engagés., pour les diverses épreuves : Quatre rameurs débutants.— i. Rowing Qub Paris; 2. S. N. Marne; 3. C. N. Versailles; 4.  N. Haute-Seine (éq. Marouignon) ; 5. SN Hau. te-Seine (équipé Vaugendt). Un rameur. — 1. E. Massué (SN Marne) ; 2. M. Mathieu (RCP); a J. Malafosse (RCP); 4. Bottin (SE); 5. A. Cadot SNHS); 6. M. Ter rier (S.E.); 7. G. Givan (SNM). Coupe des Nations. — 1. W. D. Kinnear (Kensmgton RC) ; 2. G. Sinigaglia (S.C. Lario di Como) ; 3. F. Tàymans {C.B. Bruxelles) ; 4. R. Testut (C.N. Rouen); 5. S. Wrobel (S.N.B.S.) Quatre rameurs. — 1. Rowing Club de Paris; 2. SN Marne; 3. Société d'encouragement; 4. S.N. Basse-Seine; 5. C.R. Bruxelles. NATATION Le* Championnat* de vitesse '(professionnel!)- Cet après-midi, dans le bassin de Magic. City, finale des Championnats de vitesse. Voici le programme : Finale du Championnat de France profes sionnels. Séries et finale du Championnat!; de Franoe féminin. i Match de Tout.Petits. — Les deux pu- ipilles: du C.N.P., Henri et Jean Marcoviol, sur oO mètres Voioi les noms des cintt qualifiés pour la finale du championnat de France profession nels : Pouilley, Belot, Biewech, Douin, Jean- glrar$ - - O. Collot.</txt>
            <index>La Révélation el  l'Année La Moto THèMAIVN 1914 construit* par la célébra marque de CYCLES triomphatrict de BORBKAinC-PARIS 1913 Catalogue franco sur demanda aux Uaine* THOMANKt, A KAWiRRIest  la Coupe des Nation» i Cet après-thidl, dans le bassin dé Juvisy la Société d'Encouragement du Sport Nautique donnera une grande réunion de régates au cours de laquelle sera ramée la Coupe des Nations, épreuve classique internationale à un rameur. Voici la liste officsielle des engagés., pour les diverses épreuves : Quatre rameurs débutants.— i. Rowing Qub Paris; 2. S. N. Marne; 3. C. N. Versailles; 4.  N. Haute-Seine (éq. Marouignon) ; 5. SN Hau. te-Seine (équipé Vaugendt). Un rameur. — 1. E. Massué (SN Marne) ; 2. M. Mathieu (RCP); a J. Malafosse (RCP); 4. Bottin (SE); 5. A. Cadot SNHS); 6. M. Ter rier (S.E.); 7. G. Givan (SNM). Coupe des Nations. — 1. W. D. Kinnear (Kensmgton RC) ; 2. G. Sinigaglia (S.C. Lario di Como) ; 3. F. Tàymans {C.B. Bruxelles) ; 4. R. Testut (C.N. Rouen); 5. S. Wrobel (S.N.B.S.) Quatre rameurs. — 1. Rowing Club de Paris; 2. SN Marne; 3. Société d'encouragement; 4. S.N. Basse-Seine; 5. C.R. Bruxelles. NATATION Le* Championnat* de vitesse '(professionnel!)- Cet après-midi, dans le bassin de Magic. City, finale des Championnats de vitesse. Voici le programme : Finale du Championnat de France profes sionnels. Séries et finale du Championnat!; de Franoe féminin. i Match de Tout.Petits. — Les deux pu- ipilles: du C.N.P., Henri et Jean Marcoviol, sur oO mètres Voioi les noms des cintt qualifiés pour la finale du championnat de France profession nels : Pouilley, Belot, Biewech, Douin, Jean- glrar$ - - O. Collot.</index>
            <contenuImg CS="1" lang="en" source="hm" time="2020-04-08T18:08:29.448+02:00">motorcycle</contenuImg>
          </ill>
        </ills>
      </page>
      <page ordre="4">
        <nbMot>2074</nbMot>
        <blocTexte>1002</blocTexte>
        <blocTab>0</blocTab>
        <blocPub>0</blocPub>
        <blocIll ocr="0">0</blocIll>
      </page>
      <page ordre="5">
        <nbMot>956</nbMot>
        <blocTexte>18</blocTexte>
        <blocTab>0</blocTab>
        <blocPub>0</blocPub>
        <blocIll ocr="4">0</blocIll>
        <ills/>
      </page>
      <page ordre="6">
        <nbMot>992</nbMot>
        <blocTexte>38</blocTexte>
        <blocTab>0</blocTab>
        <blocPub>0</blocPub>
        <blocIll ocr="2">0</blocIll>
        <ills/>
      </page>
    </pages>
  </contenus>
</analyseAlto>