<analyseAlto>
  <metad>
    <type>P</type>
    <ID>bpt6k751697h</ID>
    <titre>Le Siècle</titre>
    <dateEdition>1920-10-20</dateEdition>
    <nbPage>4</nbPage>
    <suppl>FALSE</suppl>
  </metad>
  <contenus>
    <largeur>352</largeur>
    <hauteur>542</hauteur>
    <pages>
      <page ordre="1">
        <nbMot>602</nbMot>
        <blocTexte>27</blocTexte>
        <blocTab>0</blocTab>
        <blocPub>0</blocPub>
        <blocIll ocr="0">0</blocIll>
      </page>
      <page ordre="2">
        <nbMot>742</nbMot>
        <blocTexte>31</blocTexte>
        <blocTab>0</blocTab>
        <blocPub>0</blocPub>
        <blocIll ocr="3">0</blocIll>
        <ills/>
      </page>
      <page ordre="3">
        <nbMot>689</nbMot>
        <blocTexte>23</blocTexte>
        <blocTab>0</blocTab>
        <blocPub>0</blocPub>
        <blocIll ocr="1">1</blocIll>
        <ills>
          <ill classif="DFdnn" couleur="gris" edit="1" h="919" n="3-1" pub="1" taille="1" w="727" x="3301" y="3036">
            <tech source="final">imp photoméca</tech>
            <tech source="md">imp photoméca</tech>
            <contenuImg CS="1" lang="fr" source="hm" time="2020-04-08T18:14:07.873+02:00">bateau</contenuImg>
            <contenuImg CS="1" lang="fr" source="hm" time="2020-04-08T18:12:00.079+02:00">voiture</contenuImg>
            <leg>CIRCUITS- .MARRAKECH NORD-AFRICAINS 1.700 Mloinitres dans la même auto de luxe Prospectus, Billet* comprenant tous les frais : Paquebots-Auto-Hôtels spéciaux-Pourboires S'Adr« r CieF 3 »diiTourisni8,3Q Bite Capucines - Paris et Agences de Voyage»</leg>
            <txt>i*a Vie Sportive AUTOMOBILE yn concours de consommation Réduire la consommation de . il'essence 'i Telle est la tâche à laquelle vient de s'atteler E'Automobile-Club de France. C'est une ques tion qui intéresse non seulement les automobi listes, mai? tout le pays, puisque l'automobile, qui assurera dans un avenir rapproché une grande partie de nos tnpnspoasts, est appelée S jouer un rôle de plus en plus grand dans la situation économique. Or. essayer de ré duire la consommation de l'essence, provo quer des recherches, créer des appareils pour l'économiser, c'est, lutter contre la vie chère ; le conoours de l'A.C.Q. vient donc bien à son ■heure. Notre confrère 1' # Auto   eut l'idée de ce concours il ne pouvait remettre l'or ganisation en de meilleures mains. ■ Ce concours de consommation se déroulera sur le circuit de la Sarthe le samedi 30 octo bre. Il sera remis à chaque concurrent une quantité d'essence déterminée' par !a force du moteur et le poids du véhicule, le départ sera donné et le vainqueur sera celui qui aura ac compli la pins grande distance. Armée et Marine L'ARMÉE AUX FÊTES DU CINQUANTENAIRE Les drapeaux et étendards de tous Us ré giments de France figureront, le 11 novembre, à la cérémonie des fetes. du cinquantenaire de {a République. D'autre part, la; garnison de Paris sera ren forcée de 8.000 hommes d'infanterie répartis en 16 bataillons de 500 hommes chacun, ù :î compagnies, et de 2.500 cavaliers, spit 25 es cadrons à 100 sabres. • -*  '  , Huit musiques militaires avec tambours et clairons seront, en outre, fournies par les 3 , i°, 8 . 17 e , 1S-, 19 e , 20» et 40» divisions.</txt>
            <index>CIRCUITS- .MARRAKECH NORD-AFRICAINS 1.700 Mloinitres dans la même auto de luxe Prospectus, Billet* comprenant tous les frais : Paquebots-Auto-Hôtels spéciaux-Pourboires S'Adr« r CieF 3 »diiTourisni8,3Q Bite Capucines - Paris et Agences de Voyage»i*a Vie Sportive AUTOMOBILE yn concours de consommation Réduire la consommation de . il'essence 'i Telle est la tâche à laquelle vient de s'atteler E'Automobile-Club de France. C'est une ques tion qui intéresse non seulement les automobi listes, mai? tout le pays, puisque l'automobile, qui assurera dans un avenir rapproché une grande partie de nos tnpnspoasts, est appelée S jouer un rôle de plus en plus grand dans la situation économique. Or. essayer de ré duire la consommation de l'essence, provo quer des recherches, créer des appareils pour l'économiser, c'est, lutter contre la vie chère ; le conoours de l'A.C.Q. vient donc bien à son ■heure. Notre confrère 1' # Auto   eut l'idée de ce concours il ne pouvait remettre l'or ganisation en de meilleures mains. ■ Ce concours de consommation se déroulera sur le circuit de la Sarthe le samedi 30 octo bre. Il sera remis à chaque concurrent une quantité d'essence déterminée' par !a force du moteur et le poids du véhicule, le départ sera donné et le vainqueur sera celui qui aura ac compli la pins grande distance. Armée et Marine L'ARMÉE AUX FÊTES DU CINQUANTENAIRE Les drapeaux et étendards de tous Us ré giments de France figureront, le 11 novembre, à la cérémonie des fetes. du cinquantenaire de {a République. D'autre part, la; garnison de Paris sera ren forcée de 8.000 hommes d'infanterie répartis en 16 bataillons de 500 hommes chacun, ù :î compagnies, et de 2.500 cavaliers, spit 25 es cadrons à 100 sabres. • -*  '  , Huit musiques militaires avec tambours et clairons seront, en outre, fournies par les 3 , i°, 8 . 17 e , 1S-, 19 e , 20» et 40» divisions.</index>
            <contenuImg CS="1" lang="en" source="hm" time="2020-04-08T18:12:00.079+02:00">car</contenuImg>
            <contenuImg CS="1" lang="en" source="hm" time="2020-04-08T18:14:07.873+02:00">boat</contenuImg>
          </ill>
        </ills>
      </page>
      <page ordre="4">
        <nbMot>1097</nbMot>
        <blocTexte>394</blocTexte>
        <blocTab>0</blocTab>
        <blocPub>0</blocPub>
        <blocIll ocr="6">2</blocIll>
        <ills>
          <ill couleur="gris" derniere="true" edit="1" h="344" n="4-3" pub="1" taille="0" w="676" x="2729" y="3008">
            <tech source="final">imp photoméca</tech>
            <tech source="md">imp photoméca</tech>
            <contenuImg CS="1" lang="fr" source="hm" time="2020-04-08T18:11:51.068+02:00">voiture</contenuImg>
            <leg>CONDUITE I^fÈRIEURE 3 places I9.ooo TAXE DE LUXE COMPRISE ÇOUPÊ DE VILLE 22 .500 TAXE DE LUXE COMPRISE</leg>
            <txt>1 taxe de luxe COMBLE</txt>
            <index>CONDUITE I^fÈRIEURE 3 places I9.ooo TAXE DE LUXE COMPRISE ÇOUPÊ DE VILLE 22 .500 TAXE DE LUXE COMPRISE1 taxe de luxe COMBLE</index>
            <contenuImg CS="1" lang="en" source="hm" time="2020-04-08T18:11:51.068+02:00">car</contenuImg>
          </ill>
          <ill couleur="gris" derniere="true" edit="1" h="342" n="4-4" pub="1" taille="0" w="673" x="2734" y="3440">
            <tech source="final">imp photoméca</tech>
            <tech source="md">imp photoméca</tech>
            <contenuImg CS="1" lang="fr" source="hm" time="2020-04-08T18:11:47.945+02:00">voiture</contenuImg>
            <txt>CONDUITE I^fÈRIEURE 3 places I9.ooo TAXE DE LUXE COMPRISE ÇOUPÊ DE VILLE 22 .500 TAXE DE LUXE COMPRISE LA PREMIÈRE VOITURE FRANÇAISE CONSTRUITE EN GRANDE SÉRIE</txt>
            <index>CONDUITE I^fÈRIEURE 3 places I9.ooo TAXE DE LUXE COMPRISE ÇOUPÊ DE VILLE 22 .500 TAXE DE LUXE COMPRISE LA PREMIÈRE VOITURE FRANÇAISE CONSTRUITE EN GRANDE SÉRIE</index>
            <contenuImg CS="1" lang="en" source="hm" time="2020-04-08T18:11:47.945+02:00">car</contenuImg>
          </ill>
        </ills>
      </page>
    </pages>
  </contenus>
</analyseAlto>