<analyseAlto>
  <metad>
    <type>P</type>
    <ID>bpt6k7479037</ID>
    <titre>Le Siècle</titre>
    <dateEdition>1910-04-03</dateEdition>
    <nbPage>4</nbPage>
    <suppl>FALSE</suppl>
  </metad>
  <contenus>
    <largeur>537</largeur>
    <hauteur>700</hauteur>
    <pages>
      <page ordre="1">
        <nbMot>1221</nbMot>
        <blocTexte>41</blocTexte>
        <blocTab>0</blocTab>
        <blocPub>0</blocPub>
        <blocIll ocr="6">0</blocIll>
        <ills/>
      </page>
      <page ordre="2">
        <nbMot>1217</nbMot>
        <blocTexte>47</blocTexte>
        <blocTab>0</blocTab>
        <blocPub>0</blocPub>
        <blocIll ocr="8">0</blocIll>
        <ills/>
      </page>
      <page ordre="3">
        <nbMot>963</nbMot>
        <blocTexte>105</blocTexte>
        <blocTab>0</blocTab>
        <blocPub>0</blocPub>
        <blocIll ocr="13">1</blocIll>
        <ills>
          <ill classif="DFdnn" couleur="gris" edit="1" h="1510" n="3-11" pub="1" taille="1" w="570" x="2794" y="6152">
            <tech source="final">imp photoméca</tech>
            <tech source="md">imp photoméca</tech>
            <leg>RtîffPQ eHerrette glacée, honte Ternie. forme nouvelle, fcemelleseoosu e, dn 35au Al ••••»....» a 8epB précédent u . I D</leg>
            <txt>Prix Ombrelles JÏSff   dorés, nua oea nouvelles, jolie ^ j\ j. manches. Exceptionnel O . UU VOStUlRô</txt>
            <index>RtîffPQ eHerrette glacée, honte Ternie. forme nouvelle, fcemelleseoosu e, dn 35au Al ••••»....» a 8epB précédent u . I DPrix Ombrelles JÏSff   dorés, nua oea nouvelles, jolie ^ j\ j. manches. Exceptionnel O . UU VOStUlRô</index>
          </ill>
        </ills>
      </page>
      <page ordre="4">
        <nbMot>2337</nbMot>
        <blocTexte>401</blocTexte>
        <blocTab>0</blocTab>
        <blocPub>0</blocPub>
        <blocIll ocr="1">0</blocIll>
        <ills/>
      </page>
    </pages>
  </contenus>
</analyseAlto>