<analyseAlto>
  <metad>
    <type>P</type>
    <ID>bpt6k751593p</ID>
    <titre>Le Siècle</titre>
    <dateEdition>1920-07-07</dateEdition>
    <nbPage>4</nbPage>
    <suppl>FALSE</suppl>
  </metad>
  <contenus>
    <largeur>363</largeur>
    <hauteur>538</hauteur>
    <pages>
      <page ordre="1">
        <nbMot>610</nbMot>
        <blocTexte>32</blocTexte>
        <blocTab>0</blocTab>
        <blocPub>0</blocPub>
        <blocIll ocr="0">0</blocIll>
      </page>
      <page ordre="2">
        <nbMot>792</nbMot>
        <blocTexte>46</blocTexte>
        <blocTab>0</blocTab>
        <blocPub>0</blocPub>
        <blocIll ocr="4">0</blocIll>
        <ills/>
      </page>
      <page ordre="3">
        <nbMot>820</nbMot>
        <blocTexte>59</blocTexte>
        <blocTab>0</blocTab>
        <blocPub>0</blocPub>
        <blocIll ocr="0">0</blocIll>
      </page>
      <page ordre="4">
        <nbMot>1065</nbMot>
        <blocTexte>316</blocTexte>
        <blocTab>0</blocTab>
        <blocPub>0</blocPub>
        <blocIll ocr="6">1</blocIll>
        <ills>
          <ill classif="DFdnn" couleur="gris" derniere="true" edit="1" h="777" n="4-2" pub="1" taille="2" w="1505" x="2615" y="2883">
            <tech source="final">imp photoméca</tech>
            <tech source="md">imp photoméca</tech>
            <contenuImg CS="1" lang="fr" source="hm" time="2020-04-08T18:11:39.816+02:00">voiture</contenuImg>
            <leg>LA NOUVELLE B9Bk m f ra i5Hri9si B E R L! JET; CKASSSS NU AVEC , SOUCLIEfî.tANCeMENT ET ECLAIRAGE tLECTRIOU£S , SANS AILES NI MARCHEPIEDS . PR! X :. S9.QOO TORPÉDO S PLACES CM.OÎÎDRE OS MARCHE 8 X î. 25-000 ++~r- -• ^ ..t .r-r-n..</leg>
            <txt>LE TOUR DE FRANCE CYCLISTE - La. ciinquième étape a eu lieu hier. Les coureurs furent en retard sur l'horairt par suite de la pluie et. du vent. Il faut signaler l'abandon de Henri Pélissier et de Tiberghien. L'étape se courait des Sabïes-d'Olonne à' Bayonne (482 kil.) : c'est la plus longue étape du Tour de France. Classement : 1. Lambot (Belge), 2.  Th'ys (Belge), 3. Rossius (Belge), 4. Van Daele (Bei ge), 5. Goethals (Français), 6. H. Heusighein (Belge), 7. Mottiat (Belge), 8. Barthélémy (Français), 9. Mas son (Belge), 10. Scieur (Bei ge), 11. Dhers (Français), en 19 li. 44 m. ; 12. Christophe, en 19 h. 50 m. 41 s. ; 13. Bellan- ger, en 20 h. 47 in. 10 s. ; 14. L. Heusgheni, en 20 h. 52 im. 43 ,is. ; 15. Chassot, m 20 h. 52 m. 43 s. Le. classement général des quatre premiers ne subit pas de modification. Thys et Mas- son'sont toujours en tête ensemlble ; Christo phe et H. Heusghem suivent à quelques mi nutes. • . Demain se courra la p-remièrft étape monta gneuse d'Ui Tour da France entre Bayonne et Ludion (320 kil.). LE RAID DE MANEYRGL PABIS-BOME   . ET RETO-U'R Genève,-5 juillet. — L'âviateur Maneyrnl, qui était .parit de Paris mardi, à 14 heures 14, pour effecfr'i«r lo raid Paris-Rome et retour, et dont o» était sains nouvelles, vient d'atter rir en Suisse. Maneyrol a été l'objet d'un accueil empressé de. la part de M. Peifioud, directeur de l'école Aéro, et des autorités'lausannoises. LES FRANÇAIS EN ANGLETERRE Les vainqueurs des trois. championnats d'Angleterre ; Paoli (lancer du. poids) ; Bur- ton (la course du mille) et Frarwvu-endle (saut à, .la perche) soint rentrés en, France afin, rie parachever leur entraînement en vué de l'Olympiade d'Anvers. Retenons les noms d« l'Anglais Edwards (220 yards en 21  3/5) et 1 du Sud-Africain (4 rnMle en 1' 55 ), comme étant ceux de lauréats , de ces championnats anglais, qui sont les plus près des performan ces olympiques.</txt>
            <index>LA NOUVELLE B9Bk m f ra i5Hri9si B E R L! JET; CKASSSS NU AVEC , SOUCLIEfî.tANCeMENT ET ECLAIRAGE tLECTRIOU£S , SANS AILES NI MARCHEPIEDS . PR! X :. S9.QOO TORPÉDO S PLACES CM.OÎÎDRE OS MARCHE 8 X î. 25-000 ++~r- -• ^ ..t .r-r-n..LE TOUR DE FRANCE CYCLISTE - La. ciinquième étape a eu lieu hier. Les coureurs furent en retard sur l'horairt par suite de la pluie et. du vent. Il faut signaler l'abandon de Henri Pélissier et de Tiberghien. L'étape se courait des Sabïes-d'Olonne à' Bayonne (482 kil.) : c'est la plus longue étape du Tour de France. Classement : 1. Lambot (Belge), 2.  Th'ys (Belge), 3. Rossius (Belge), 4. Van Daele (Bei ge), 5. Goethals (Français), 6. H. Heusighein (Belge), 7. Mottiat (Belge), 8. Barthélémy (Français), 9. Mas son (Belge), 10. Scieur (Bei ge), 11. Dhers (Français), en 19 li. 44 m. ; 12. Christophe, en 19 h. 50 m. 41 s. ; 13. Bellan- ger, en 20 h. 47 in. 10 s. ; 14. L. Heusgheni, en 20 h. 52 im. 43 ,is. ; 15. Chassot, m 20 h. 52 m. 43 s. Le. classement général des quatre premiers ne subit pas de modification. Thys et Mas- son'sont toujours en tête ensemlble ; Christo phe et H. Heusghem suivent à quelques mi nutes. • . Demain se courra la p-remièrft étape monta gneuse d'Ui Tour da France entre Bayonne et Ludion (320 kil.). LE RAID DE MANEYRGL PABIS-BOME   . ET RETO-U'R Genève,-5 juillet. — L'âviateur Maneyrnl, qui était .parit de Paris mardi, à 14 heures 14, pour effecfr'i«r lo raid Paris-Rome et retour, et dont o» était sains nouvelles, vient d'atter rir en Suisse. Maneyrol a été l'objet d'un accueil empressé de. la part de M. Peifioud, directeur de l'école Aéro, et des autorités'lausannoises. LES FRANÇAIS EN ANGLETERRE Les vainqueurs des trois. championnats d'Angleterre ; Paoli (lancer du. poids) ; Bur- ton (la course du mille) et Frarwvu-endle (saut à, .la perche) soint rentrés en, France afin, rie parachever leur entraînement en vué de l'Olympiade d'Anvers. Retenons les noms d« l'Anglais Edwards (220 yards en 21  3/5) et 1 du Sud-Africain (4 rnMle en 1' 55 ), comme étant ceux de lauréats , de ces championnats anglais, qui sont les plus près des performan ces olympiques.</index>
            <contenuImg CS="1" lang="en" source="hm" time="2020-04-08T18:11:39.816+02:00">car</contenuImg>
          </ill>
        </ills>
      </page>
    </pages>
  </contenus>
</analyseAlto>