<analyseAlto>
  <metad>
    <type>P</type>
    <ID>bpt6k751455r</ID>
    <titre>Le Siècle</titre>
    <dateEdition>1920-02-20</dateEdition>
    <nbPage>4</nbPage>
    <suppl>FALSE</suppl>
  </metad>
  <contenus>
    <largeur>355</largeur>
    <hauteur>538</hauteur>
    <pages>
      <page ordre="1">
        <nbMot>584</nbMot>
        <blocTexte>45</blocTexte>
        <blocTab>0</blocTab>
        <blocPub>0</blocPub>
        <blocIll ocr="0">0</blocIll>
      </page>
      <page ordre="2">
        <nbMot>789</nbMot>
        <blocTexte>37</blocTexte>
        <blocTab>0</blocTab>
        <blocPub>0</blocPub>
        <blocIll ocr="2">0</blocIll>
        <ills/>
      </page>
      <page ordre="3">
        <nbMot>656</nbMot>
        <blocTexte>25</blocTexte>
        <blocTab>0</blocTab>
        <blocPub>0</blocPub>
        <blocIll ocr="1">1</blocIll>
        <ills>
          <ill couleur="gris" edit="1" h="1458" n="3-1" pub="1" taille="3" w="1405" x="2556" y="315">
            <tech source="final">imp photoméca</tech>
            <tech source="md">imp photoméca</tech>
            <leg>1920 d 'Intérêts ; nets de tous impôts garantis contre toute réduction. de Bénéfice assurés au moment du remboursement qui commencera dès la première année. Tels sont les avantages de l'Emprunt de la Paix. v • Dans votre intérêt bien entendu : Souscrivez</leg>
            <txt>Armée et Marine L'APPEL DE tA CLASSE 20 Sur le rapport du lieutenant-colonel tabry, la sous-commission de l'organisation géné rale de l'armée a définitivement adopté le projet relatif à l'incorporation de la classe 1920. Beconmissant la nécessité de ne distraire aucun homme du contingent demandé par le ministre de la Guerre, pour le mois de tnars, la sous-commission, après un examen que guidait le souci de sauvegarder les droits. de certaines catégories de jeunes gens, s'est prononcée en principe pour le rejet dé tout sursis. Néanmoins, elle a décidé que les étu diants ■et les jeunes gens des régions libérées qui en feront la demande bénéficieront d'un retard. d'Incorporation jusqu'au • mois d'oc tobre. LES RECOMPENSES POUR FAITS DE GUERRE La sous-commission dé l'armée s'ebt pro noncée pour l'adoption du projet tendant à autoriser les. ministres de la Guerre et de la Marine à accorder, pendant un délai de six mois, et en nombre illimité, des croix de la Légion d'honnèur et des médailles militaires pour faits de guerre. EN RECOMPENSE DU DEVOUEMENT A NOS BLESSES La croix de la Légion d'honneur vient d'ê tre décernée aux présidentes des trois prin cipales associations de Croix-Bouge françai ses pour le dévouement avec lequel elles se sonh adonnêes à leur tâche pendant la f)lier re.. Ce sont ; Mmes Judnne Carnot présidente de l'Association des dames franca\ ei  Pau line d'Haussonville, présidente du comité des dames de la Société de secours aux bles sés militaires ; Suzanne Pérouse. présidente d</txt>
            <index>1920 d 'Intérêts ; nets de tous impôts garantis contre toute réduction. de Bénéfice assurés au moment du remboursement qui commencera dès la première année. Tels sont les avantages de l'Emprunt de la Paix. v • Dans votre intérêt bien entendu : SouscrivezArmée et Marine L'APPEL DE tA CLASSE 20 Sur le rapport du lieutenant-colonel tabry, la sous-commission de l'organisation géné rale de l'armée a définitivement adopté le projet relatif à l'incorporation de la classe 1920. Beconmissant la nécessité de ne distraire aucun homme du contingent demandé par le ministre de la Guerre, pour le mois de tnars, la sous-commission, après un examen que guidait le souci de sauvegarder les droits. de certaines catégories de jeunes gens, s'est prononcée en principe pour le rejet dé tout sursis. Néanmoins, elle a décidé que les étu diants ■et les jeunes gens des régions libérées qui en feront la demande bénéficieront d'un retard. d'Incorporation jusqu'au • mois d'oc tobre. LES RECOMPENSES POUR FAITS DE GUERRE La sous-commission dé l'armée s'ebt pro noncée pour l'adoption du projet tendant à autoriser les. ministres de la Guerre et de la Marine à accorder, pendant un délai de six mois, et en nombre illimité, des croix de la Légion d'honnèur et des médailles militaires pour faits de guerre. EN RECOMPENSE DU DEVOUEMENT A NOS BLESSES La croix de la Légion d'honneur vient d'ê tre décernée aux présidentes des trois prin cipales associations de Croix-Bouge françai ses pour le dévouement avec lequel elles se sonh adonnêes à leur tâche pendant la f)lier re.. Ce sont ; Mmes Judnne Carnot présidente de l'Association des dames franca\ ei  Pau line d'Haussonville, présidente du comité des dames de la Société de secours aux bles sés militaires ; Suzanne Pérouse. présidente d</index>
          </ill>
        </ills>
      </page>
      <page ordre="4">
        <nbMot>1294</nbMot>
        <blocTexte>504</blocTexte>
        <blocTab>0</blocTab>
        <blocPub>0</blocPub>
        <blocIll ocr="1">0</blocIll>
        <ills/>
      </page>
    </pages>
  </contenus>
</analyseAlto>