<analyseAlto>
  <metad>
    <type>P</type>
    <ID>bpt6k751365s</ID>
    <titre>Le Siècle</titre>
    <dateEdition>1919-10-31</dateEdition>
    <nbPage>4</nbPage>
    <suppl>FALSE</suppl>
  </metad>
  <contenus>
    <largeur>354</largeur>
    <hauteur>531</hauteur>
    <pages>
      <page ordre="1">
        <nbMot>583</nbMot>
        <blocTexte>39</blocTexte>
        <blocTab>0</blocTab>
        <blocPub>0</blocPub>
        <blocIll ocr="3">0</blocIll>
        <ills/>
      </page>
      <page ordre="2">
        <nbMot>733</nbMot>
        <blocTexte>41</blocTexte>
        <blocTab>0</blocTab>
        <blocPub>0</blocPub>
        <blocIll ocr="1">0</blocIll>
        <ills/>
      </page>
      <page ordre="3">
        <nbMot>795</nbMot>
        <blocTexte>15</blocTexte>
        <blocTab>0</blocTab>
        <blocPub>0</blocPub>
        <blocIll ocr="0">0</blocIll>
      </page>
      <page ordre="4">
        <nbMot>1098</nbMot>
        <blocTexte>203</blocTexte>
        <blocTab>0</blocTab>
        <blocPub>0</blocPub>
        <blocIll ocr="4">1</blocIll>
        <ills>
          <ill classif="DFdnn" couleur="gris" derniere="true" edit="1" h="935" n="4-2" pub="1" taille="1" w="750" x="3329" y="4016">
            <tech source="final">imp photoméca</tech>
            <tech source="md">imp photoméca</tech>
            <contenuImg CS="0.98" h="237" sexe="P" source="dnn" w="150" x="122" y="265">face</contenuImg>
            <leg>-MACHINES A ECRIRE. Réparations par Spécialistes C..Gd-'MARQUES, 94, r.Lafayette, Paris (Tél.Berg.S0 6S</leg>
            <txt>Hier ï VINCENNES Aucun dictionnaire ne donne la définition du journaliste hippique. C'est un homme qui, en dépit diu vait, du froid; de la pluie, de la grê le ou de la neige, dôit renseigner ceux de ees lecteurs que Je ma/uvais temps a retenus chez eux, sur ce qui s'est passé dans l'après-midi. Nous aurions donc ton de nous plaindre de quelques gouttes d'eau tombées hier : nooia en venions bien d'outre®, .. * d'iei que le pilntemps ait reverdi tes feuilles. i  C'est un alexandrin e.t U n'est pas trop mal. Cest sa/ns doute aussi la. muse qui ta- qninaiit ■ Gitton en selle sur Querido... j'allais aire Pégase. Le cheval a toujours eu l'air, pondant le parcours, de vouloir 6'enlevor vers des sphères plus hauxes. Une mise à pied a rap pelé Gitton aux prosaïques réalités des.cihoses d'ici bas. Pauvre poète ! Nous sommes revenus au sport sérieux dans</txt>
            <index>-MACHINES A ECRIRE. Réparations par Spécialistes C..Gd-'MARQUES, 94, r.Lafayette, Paris (Tél.Berg.S0 6SHier ï VINCENNES Aucun dictionnaire ne donne la définition du journaliste hippique. C'est un homme qui, en dépit diu vait, du froid; de la pluie, de la grê le ou de la neige, dôit renseigner ceux de ees lecteurs que Je ma/uvais temps a retenus chez eux, sur ce qui s'est passé dans l'après-midi. Nous aurions donc ton de nous plaindre de quelques gouttes d'eau tombées hier : nooia en venions bien d'outre®, .. * d'iei que le pilntemps ait reverdi tes feuilles. i  C'est un alexandrin e.t U n'est pas trop mal. Cest sa/ns doute aussi la. muse qui ta- qninaiit ■ Gitton en selle sur Querido... j'allais aire Pégase. Le cheval a toujours eu l'air, pondant le parcours, de vouloir 6'enlevor vers des sphères plus hauxes. Une mise à pied a rap pelé Gitton aux prosaïques réalités des.cihoses d'ici bas. Pauvre poète ! Nous sommes revenus au sport sérieux dans</index>
          </ill>
        </ills>
      </page>
    </pages>
  </contenus>
</analyseAlto>