<analyseAlto>
  <metad>
    <type>P</type>
    <ID>bpt6k751480w</ID>
    <titre>Le Siècle</titre>
    <dateEdition>1920-03-16</dateEdition>
    <nbPage>4</nbPage>
    <suppl>FALSE</suppl>
  </metad>
  <contenus>
    <largeur>354</largeur>
    <hauteur>537</hauteur>
    <pages>
      <page ordre="1">
        <nbMot>572</nbMot>
        <blocTexte>20</blocTexte>
        <blocTab>0</blocTab>
        <blocPub>0</blocPub>
        <blocIll ocr="0">0</blocIll>
      </page>
      <page ordre="2">
        <nbMot>750</nbMot>
        <blocTexte>39</blocTexte>
        <blocTab>0</blocTab>
        <blocPub>0</blocPub>
        <blocIll ocr="3">1</blocIll>
        <ills>
          <ill classif="DFdnn" couleur="gris" edit="1" h="268" n="2-1" pub="1" taille="0" w="676" x="2514" y="3166">
            <tech source="final">imp photoméca</tech>
            <tech source="md">imp photoméca</tech>
            <leg>g? peucE...</leg>
            <txt>/rvvei-vtfc à PARI5, MAX ViTERBO JUSTiC£</txt>
            <index>g? peucE.../rvvei-vtfc à PARI5, MAX ViTERBO JUSTiC£</index>
          </ill>
        </ills>
      </page>
      <page ordre="3">
        <nbMot>719</nbMot>
        <blocTexte>20</blocTexte>
        <blocTab>0</blocTab>
        <blocPub>0</blocPub>
        <blocIll ocr="1">0</blocIll>
        <ills/>
      </page>
      <page ordre="4">
        <nbMot>1203</nbMot>
        <blocTexte>395</blocTexte>
        <blocTab>0</blocTab>
        <blocPub>0</blocPub>
        <blocIll ocr="2">0</blocIll>
        <ills/>
      </page>
    </pages>
  </contenus>
</analyseAlto>