<analyseAlto>
  <metad>
    <type>P</type>
    <ID>bpt6k751680h</ID>
    <titre>Le Siècle</titre>
    <dateEdition>1920-10-03</dateEdition>
    <nbPage>4</nbPage>
    <suppl>FALSE</suppl>
  </metad>
  <contenus>
    <largeur>357</largeur>
    <hauteur>536</hauteur>
    <pages>
      <page ordre="1">
        <nbMot>582</nbMot>
        <blocTexte>30</blocTexte>
        <blocTab>0</blocTab>
        <blocPub>0</blocPub>
        <blocIll ocr="1">0</blocIll>
        <ills/>
      </page>
      <page ordre="2">
        <nbMot>791</nbMot>
        <blocTexte>32</blocTexte>
        <blocTab>0</blocTab>
        <blocPub>0</blocPub>
        <blocIll ocr="9">0</blocIll>
        <ills/>
      </page>
      <page ordre="3">
        <nbMot>809</nbMot>
        <blocTexte>24</blocTexte>
        <blocTab>0</blocTab>
        <blocPub>0</blocPub>
        <blocIll ocr="0">0</blocIll>
      </page>
      <page ordre="4">
        <nbMot>1095</nbMot>
        <blocTexte>419</blocTexte>
        <blocTab>0</blocTab>
        <blocPub>0</blocPub>
        <blocIll ocr="9">5</blocIll>
        <ills>
          <ill classif="DFdnn" couleur="gris" derniere="true" edit="1" h="1316" n="4-1" pub="1" taille="0" w="333" x="1026" y="4515">
            <tech source="final">imp photoméca</tech>
            <tech source="md">imp photoméca</tech>
            <txt>, D'ECHO S EN ECHOS Outsiders de la Veine : » Irish Lady II, Zinzizimi, Koutoubia, Virgule, Bimpri. Ses deux tips : La Merveille,- Phusla. m D' Auteuil-Lon'jchamp : Hier, à Enghien ; — La nouvelle taxe perçue sur les cartes de pesage hommes no parait, pas avoir eu de ré percussion- sur le cliil'frb' des recettes, qui a été à peu prés équivalent à celui d'une jour née antérieur© -correspciiidame. — Sarlelles, mise eu vente après sa victoire dans le Prix du Var, a été achetée 5.100 lr. par .M. E. Marchand. — Le jockey Ed. I-laEs, tombé avec Bedford eu disputant '-etta épreuve, s'est contusionné l'épaule gauche — A.-E. Bâtes a reçu un coup de pied dans les reins, dans sa chute avec Le Sobat, en disputant le Prix du Mont-Agel, mai? son état ne parait pas grave, fort heureusement. — Les jockeys P. Ltgrand et A. Kalley ont été mis à l'amende, le premier de 300 francs et le second de 200 frimes, pour désobéissance eux ordres du starter, au départ du Steeple- Chase de Trois Ans. — Le jockey Thibault s'est fait des coupures à la main droite dans sa chuta avec Le Cril- lon en disputant le Steeple-Chase de Trois Ans et n'a pas pu monter dans le Prix de i 'Estéret 1AIV Aujourd'hui, à Longchamp : — Le départ de Ws'h Lady II et P'tite Goule, dans le Prix de la. Pépinière, n'est pas cer tain et la pouliche de M. Boussac disputera peut-être de préférence le Prix des Coteaux. — Prince d'Andorre, Peau de Soie et Ma gnum II sont des partants douteux. — Zimzizimi, qui a été vendu à M. G. Lau- re Le Géra nt . Hippolyte V itupier. iViOLUAL'^ÇU imprimeur, 21, rue Cadet.</txt>
            <index>, D'ECHO S EN ECHOS Outsiders de la Veine : » Irish Lady II, Zinzizimi, Koutoubia, Virgule, Bimpri. Ses deux tips : La Merveille,- Phusla. m D' Auteuil-Lon'jchamp : Hier, à Enghien ; — La nouvelle taxe perçue sur les cartes de pesage hommes no parait, pas avoir eu de ré percussion- sur le cliil'frb' des recettes, qui a été à peu prés équivalent à celui d'une jour née antérieur© -correspciiidame. — Sarlelles, mise eu vente après sa victoire dans le Prix du Var, a été achetée 5.100 lr. par .M. E. Marchand. — Le jockey Ed. I-laEs, tombé avec Bedford eu disputant '-etta épreuve, s'est contusionné l'épaule gauche — A.-E. Bâtes a reçu un coup de pied dans les reins, dans sa chute avec Le Sobat, en disputant le Prix du Mont-Agel, mai? son état ne parait pas grave, fort heureusement. — Les jockeys P. Ltgrand et A. Kalley ont été mis à l'amende, le premier de 300 francs et le second de 200 frimes, pour désobéissance eux ordres du starter, au départ du Steeple- Chase de Trois Ans. — Le jockey Thibault s'est fait des coupures à la main droite dans sa chuta avec Le Cril- lon en disputant le Steeple-Chase de Trois Ans et n'a pas pu monter dans le Prix de i 'Estéret 1AIV Aujourd'hui, à Longchamp : — Le départ de Ws'h Lady II et P'tite Goule, dans le Prix de la. Pépinière, n'est pas cer tain et la pouliche de M. Boussac disputera peut-être de préférence le Prix des Coteaux. — Prince d'Andorre, Peau de Soie et Ma gnum II sont des partants douteux. — Zimzizimi, qui a été vendu à M. G. Lau- re Le Géra nt . Hippolyte V itupier. iViOLUAL'^ÇU imprimeur, 21, rue Cadet.</index>
          </ill>
          <ill classif="DFdnn" couleur="gris" derniere="true" edit="1" h="1105" n="4-3" pub="1" taille="1" w="964" x="1410" y="4830">
            <tech source="final">imp photoméca</tech>
            <tech source="md">imp photoméca</tech>
            <leg>IS «HIVER DRAPERIES ♦ LAfNAGES</leg>
            <txt>1 ♦Ttloure de laine, , doublé soie ml-corps. Se fait en tnsrine garni chamois, beige garni nègre, gris garni marins, ou tout noir, longueur 1 15.</txt>
            <index>IS «HIVER DRAPERIES ♦ LAfNAGES1 ♦Ttloure de laine, , doublé soie ml-corps. Se fait en tnsrine garni chamois, beige garni nègre, gris garni marins, ou tout noir, longueur 1 15.</index>
          </ill>
          <ill classif="DFdnn" couleur="gris" derniere="true" edit="1" h="795" n="4-4" pub="1" taille="0" w="638" x="2185" y="5171">
            <tech source="final">imp photoméca</tech>
            <tech source="md">imp photoméca</tech>
            <contenuImg CS="0.99" h="160" sexe="P" source="dnn" w="107" x="242" y="65">face</contenuImg>
            <leg>Bloasc</leg>
            <txt>Valeur. 225. » 150. » OCCABIO Col Colombia ^ 82 . » 78.» Mancbon assorti. Valeur 63.» S2.»</txt>
            <index>BloascValeur. 225. » 150. » OCCABIO Col Colombia ^ 82 . » 78.» Mancbon assorti. Valeur 63.» S2.»</index>
          </ill>
          <ill classif="DFdnn" couleur="gris" derniere="true" edit="1" h="760" n="4-5" pub="1" taille="0" w="502" x="2951" y="5217">
            <tech source="final">imp photoméca</tech>
            <tech source="md">imp photoméca</tech>
            <txt>Bloasc n crêpe de Chine tout soie, noir, blanc, nuanîes mode, ornée plissés, Valeur 45. J</txt>
            <index>Bloasc n crêpe de Chine tout soie, noir, blanc, nuanîes mode, ornée plissés, Valeur 45. J</index>
          </ill>
          <ill couleur="gris" derniere="true" edit="1" h="1252" n="4-6" pub="1" taille="0" w="405" x="3580" y="4540">
            <tech source="final">imp photoméca</tech>
            <tech source="md">imp photoméca</tech>
            <txt>Bloasc n crêpe de Chine tout soie, noir, blanc, nuanîes mode, ornée plissés, Valeur 45. J</txt>
            <index>Bloasc n crêpe de Chine tout soie, noir, blanc, nuanîes mode, ornée plissés, Valeur 45. J</index>
          </ill>
        </ills>
      </page>
    </pages>
  </contenus>
</analyseAlto>