<analyseAlto>
  <metad>
    <type>P</type>
    <ID>bpt6k751734m</ID>
    <titre>Le Siècle</titre>
    <dateEdition>1920-11-26</dateEdition>
    <nbPage>4</nbPage>
    <suppl>FALSE</suppl>
  </metad>
  <contenus>
    <largeur>357</largeur>
    <hauteur>540</hauteur>
    <pages>
      <page ordre="1">
        <nbMot>601</nbMot>
        <blocTexte>35</blocTexte>
        <blocTab>0</blocTab>
        <blocPub>0</blocPub>
        <blocIll ocr="2">0</blocIll>
        <ills/>
      </page>
      <page ordre="2">
        <nbMot>800</nbMot>
        <blocTexte>41</blocTexte>
        <blocTab>0</blocTab>
        <blocPub>0</blocPub>
        <blocIll ocr="3">0</blocIll>
        <ills/>
      </page>
      <page ordre="3">
        <nbMot>713</nbMot>
        <blocTexte>27</blocTexte>
        <blocTab>0</blocTab>
        <blocPub>0</blocPub>
        <blocIll ocr="3">1</blocIll>
        <ills>
          <ill classif="DFdnn" couleur="gris" edit="1" h="1347" n="3-2" pub="1" taille="1" w="746" x="3386" y="2581">
            <tech source="final">imp photoméca</tech>
            <tech source="md">imp photoméca</tech>
            <leg>ceux | |qui l'aident dans | | l'œuvre delà | reconstihilion issMf I !s Fiance 1 | assure des | lavandes certains J</leg>
            <txt>La Vis Economique L'al'raîicSîissement des lettres - doublé pour l 'étranger. Le congrès postal de Madrid a approuvé la convention d'unioti postale universelle fixant le tarif  international à 0 fr. 50 par lettre, 0 fr. 30 pur canO postale, 0 fr.. 10 par 50 gram mes pour imprimés, échantillons. Ces prix s'entendent en centimes de franc. Les naiiorjs dont lo change est supérieur au franc pouront adopter des prix équivalent à ceux en franc, sans être inférieurs au taux actuel, fixe au congrès de Rome. Au conseil dC3 consommateurs. Le conseil des consommateurs a émis 1# vœu que le gouvernement poursuive avec la plus grande énergie ia livraison des vaches, laitières que l'Allemagne doit restituer en exé cution du traité de paix ; que des renseigne ments soient plus largement répandus sur le mode de préparation de la viande congelée ; enfin, que le gouvernement prenne toutes les mesures utiles pour que la baisse actuelle sur les sucres indigènes profite le plus tôt possible aux' consommateurs. ■ ..A»——i ■ —■ .-mi . i UEO 1 . La Vie Sportive PRAGUE-PARIS EN 4 h. 40 DE VOL Le général PeSîé, chef de la mission militaire française en Tchéco-Slovaquie, accompagné du capitaine de Castelbazac. son officier d ordon nance, est rentré de Prague à Paris par la voie des airs, en utilisant le service régulier de la Compagnie franco-roumaine. L'avion, piloté entre Prague et Strasbourg par Bertheîot, avait quitté Prague à 9 h. 30 pour atterri, à Strasbourg à là heures. Après 1 h. 30 d'arrêt à Strasbourg, l'avion,</txt>
            <index>ceux | |qui l'aident dans | | l'œuvre delà | reconstihilion issMf I !s Fiance 1 | assure des | lavandes certains JLa Vis Economique L'al'raîicSîissement des lettres - doublé pour l 'étranger. Le congrès postal de Madrid a approuvé la convention d'unioti postale universelle fixant le tarif  international à 0 fr. 50 par lettre, 0 fr. 30 pur canO postale, 0 fr.. 10 par 50 gram mes pour imprimés, échantillons. Ces prix s'entendent en centimes de franc. Les naiiorjs dont lo change est supérieur au franc pouront adopter des prix équivalent à ceux en franc, sans être inférieurs au taux actuel, fixe au congrès de Rome. Au conseil dC3 consommateurs. Le conseil des consommateurs a émis 1# vœu que le gouvernement poursuive avec la plus grande énergie ia livraison des vaches, laitières que l'Allemagne doit restituer en exé cution du traité de paix ; que des renseigne ments soient plus largement répandus sur le mode de préparation de la viande congelée ; enfin, que le gouvernement prenne toutes les mesures utiles pour que la baisse actuelle sur les sucres indigènes profite le plus tôt possible aux' consommateurs. ■ ..A»——i ■ —■ .-mi . i UEO 1 . La Vie Sportive PRAGUE-PARIS EN 4 h. 40 DE VOL Le général PeSîé, chef de la mission militaire française en Tchéco-Slovaquie, accompagné du capitaine de Castelbazac. son officier d ordon nance, est rentré de Prague à Paris par la voie des airs, en utilisant le service régulier de la Compagnie franco-roumaine. L'avion, piloté entre Prague et Strasbourg par Bertheîot, avait quitté Prague à 9 h. 30 pour atterri, à Strasbourg à là heures. Après 1 h. 30 d'arrêt à Strasbourg, l'avion,</index>
          </ill>
        </ills>
      </page>
      <page ordre="4">
        <nbMot>1187</nbMot>
        <blocTexte>379</blocTexte>
        <blocTab>0</blocTab>
        <blocPub>0</blocPub>
        <blocIll ocr="3">1</blocIll>
        <ills>
          <ill classif="DFdnn" couleur="gris" derniere="true" edit="1" h="808" n="4-3" pub="1" taille="0" w="497" x="3385" y="2992">
            <tech source="final">imp photoméca</tech>
            <tech source="md">imp photoméca</tech>
            <leg>LIT TOUT CUIVRE gros Piliers carrés ll ll l I. M odèle '  ' 'igfeSSSE</leg>
            <txt>MAISON û£ VEfiT£ PRINCIPAL: 0AO 3UO: rtà VtOHC.SAXE. 6BOO PARIS © l25.RueLecourbe(XVî) ww?3UO;VAUO   ,ARO</txt>
            <index>LIT TOUT CUIVRE gros Piliers carrés ll ll l I. M odèle '  ' 'igfeSSSEMAISON û£ VEfiT£ PRINCIPAL: 0AO 3UO: rtà VtOHC.SAXE. 6BOO PARIS © l25.RueLecourbe(XVî) ww?3UO;VAUO   ,ARO</index>
          </ill>
        </ills>
      </page>
    </pages>
  </contenus>
</analyseAlto>