<analyseAlto>
  <metad>
    <type>P</type>
    <ID>bpt6k7516841</ID>
    <titre>Le Siècle</titre>
    <dateEdition>1920-10-07</dateEdition>
    <nbPage>4</nbPage>
    <suppl>FALSE</suppl>
  </metad>
  <contenus>
    <largeur>359</largeur>
    <hauteur>542</hauteur>
    <pages>
      <page ordre="1">
        <nbMot>581</nbMot>
        <blocTexte>36</blocTexte>
        <blocTab>0</blocTab>
        <blocPub>0</blocPub>
        <blocIll ocr="0">0</blocIll>
      </page>
      <page ordre="2">
        <nbMot>793</nbMot>
        <blocTexte>32</blocTexte>
        <blocTab>0</blocTab>
        <blocPub>0</blocPub>
        <blocIll ocr="10">1</blocIll>
        <ills>
          <ill classif="DFdnn" couleur="gris" edit="1" h="367" n="2-2" pub="1" taille="0" w="518" x="3580" y="2780">
            <tech source="final">imp photoméca</tech>
            <tech source="md">imp photoméca</tech>
            <contenuImg CS="0.99" h="97" sexe="P" source="dnn" w="72" x="117" y="87">face</contenuImg>
            <txt>LA SIRÈNE L'Exquise Comédie MusicaleI SONT INEGALABLES; ••oe®®®®o8®®«0®®«o©®©©o©®o®2 5 ce S ° ,R RÉ o? UVERT ^e S i CASINO DE PARIS} § Tr ansformé ET embeul»| •••| Première Représentation ?# * 0 à Bureaux ouverts   d» la Grande Revue présentée   . par M. liion Volterra PARIS QU9 JAZZ 1 . T de M. Aloert Willemetz T  {• Ttioavilh praduclin n de M . Jacques-Charles^ 6 .4' tX ^ Toute. A. ► intirprita- VV. 4r thn ^ unique au -®- monda</txt>
            <index>LA SIRÈNE L'Exquise Comédie MusicaleI SONT INEGALABLES; ••oe®®®®o8®®«0®®«o©®©©o©®o®2 5 ce S ° ,R RÉ o? UVERT ^e S i CASINO DE PARIS} § Tr ansformé ET embeul»| •••| Première Représentation ?# * 0 à Bureaux ouverts   d» la Grande Revue présentée   . par M. liion Volterra PARIS QU9 JAZZ 1 . T de M. Aloert Willemetz T  {• Ttioavilh praduclin n de M . Jacques-Charles^ 6 .4' tX ^ Toute. A. ► intirprita- VV. 4r thn ^ unique au -®- monda</index>
          </ill>
        </ills>
      </page>
      <page ordre="3">
        <nbMot>790</nbMot>
        <blocTexte>25</blocTexte>
        <blocTab>0</blocTab>
        <blocPub>0</blocPub>
        <blocIll ocr="0">0</blocIll>
      </page>
      <page ordre="4">
        <nbMot>1165</nbMot>
        <blocTexte>411</blocTexte>
        <blocTab>0</blocTab>
        <blocPub>0</blocPub>
        <blocIll ocr="6">1</blocIll>
        <ills>
          <ill classif="DFdnn" couleur="gris" derniere="true" edit="1" h="430" n="4-1" pub="1" taille="0" w="718" x="974" y="4909">
            <tech source="final">imp photoméca</tech>
            <tech source="md">imp photoméca</tech>
            <leg>Hier: MAISONS-LAFFITTE</leg>
            <txt>Xanthis ne doit pas disputer le Grand Crité rium. .. ..La réouverture d'Auteuil qui doit se faire samedi prochain, s'annonce sous les meil leurs auspices car lés pistes, régulièrement arrosées, sont actuellement'excellentes.</txt>
            <index>Hier: MAISONS-LAFFITTEXanthis ne doit pas disputer le Grand Crité rium. .. ..La réouverture d'Auteuil qui doit se faire samedi prochain, s'annonce sous les meil leurs auspices car lés pistes, régulièrement arrosées, sont actuellement'excellentes.</index>
          </ill>
        </ills>
      </page>
    </pages>
  </contenus>
</analyseAlto>