<analyseAlto>
  <metad>
    <type>P</type>
    <ID>bpt6k7513665</ID>
    <titre>Le Siècle</titre>
    <dateEdition>1919-11-01</dateEdition>
    <nbPage>4</nbPage>
    <suppl>FALSE</suppl>
  </metad>
  <contenus>
    <largeur>353</largeur>
    <hauteur>531</hauteur>
    <pages>
      <page ordre="1">
        <nbMot>589</nbMot>
        <blocTexte>30</blocTexte>
        <blocTab>0</blocTab>
        <blocPub>0</blocPub>
        <blocIll ocr="1">0</blocIll>
        <ills/>
      </page>
      <page ordre="2">
        <nbMot>765</nbMot>
        <blocTexte>46</blocTexte>
        <blocTab>0</blocTab>
        <blocPub>0</blocPub>
        <blocIll ocr="1">0</blocIll>
        <ills/>
      </page>
      <page ordre="3">
        <nbMot>679</nbMot>
        <blocTexte>30</blocTexte>
        <blocTab>0</blocTab>
        <blocPub>0</blocPub>
        <blocIll ocr="3">2</blocIll>
        <ills>
          <ill couleur="gris" edit="1" h="1081" n="3-1" pub="1" taille="2" w="1386" x="2570" y="1902">
            <tech source="final">imp photoméca</tech>
            <tech source="md">imp photoméca</tech>
            <contenuImg CS="1" lang="fr" source="hm" time="2020-04-08T18:09:44.247+02:00">camion</contenuImg>
            <leg>NOUVEAU C.B.A</leg>
            <index>NOUVEAU C.B.Am 158 214 29 VI 1li</index>
            <contenuImg CS="1" lang="en" source="hm" time="2020-04-08T18:09:44.247+02:00">truck</contenuImg>
          </ill>
          <ill couleur="gris" edit="1" h="245" n="3-3" pub="1" taille="0" w="670" x="2719" y="3672">
            <tech source="final">imp photoméca</tech>
            <tech source="md">imp photoméca</tech>
            <leg>159. Avenue QerUidfot LYON ISS.Av.Jm ChampetyeiM PARIS</leg>
            <txt>1 PRIX NET 51.ÔOO Francs</txt>
            <index>159. Avenue QerUidfot LYON ISS.Av.Jm ChampetyeiM PARIS1 PRIX NET 51.ÔOO Francs</index>
          </ill>
        </ills>
      </page>
      <page ordre="4">
        <nbMot>1284</nbMot>
        <blocTexte>367</blocTexte>
        <blocTab>0</blocTab>
        <blocPub>0</blocPub>
        <blocIll ocr="0">0</blocIll>
      </page>
    </pages>
  </contenus>
</analyseAlto>