<analyseAlto>
  <metad>
    <type>P</type>
    <ID>bpt6k751620f</ID>
    <titre>Le Siècle</titre>
    <dateEdition>1920-08-04</dateEdition>
    <nbPage>4</nbPage>
    <suppl>FALSE</suppl>
  </metad>
  <contenus>
    <largeur>358</largeur>
    <hauteur>540</hauteur>
    <pages>
      <page ordre="1">
        <nbMot>561</nbMot>
        <blocTexte>41</blocTexte>
        <blocTab>0</blocTab>
        <blocPub>0</blocPub>
        <blocIll ocr="3">0</blocIll>
        <ills/>
      </page>
      <page ordre="2">
        <nbMot>787</nbMot>
        <blocTexte>22</blocTexte>
        <blocTab>0</blocTab>
        <blocPub>0</blocPub>
        <blocIll ocr="1">0</blocIll>
        <ills/>
      </page>
      <page ordre="3">
        <nbMot>786</nbMot>
        <blocTexte>22</blocTexte>
        <blocTab>0</blocTab>
        <blocPub>0</blocPub>
        <blocIll ocr="0">0</blocIll>
      </page>
      <page ordre="4">
        <nbMot>1197</nbMot>
        <blocTexte>306</blocTexte>
        <blocTab>0</blocTab>
        <blocPub>0</blocPub>
        <blocIll ocr="2">1</blocIll>
        <ills>
          <ill classif="DFdnn" couleur="gris" derniere="true" edit="1" h="914" n="4-1" pub="1" taille="1" w="743" x="968" y="4697">
            <tech source="final">imp photoméca</tech>
            <tech source="md">imp photoméca</tech>
            <contenuImg CS="0.98" h="102" sexe="P" source="dnn" w="90" x="162" y="182">face</contenuImg>
            <index/>
          </ill>
        </ills>
      </page>
    </pages>
  </contenus>
</analyseAlto>