<analyseAlto>
  <metad>
    <type>P</type>
    <ID>bpt6k751766d</ID>
    <titre>Le Siècle</titre>
    <dateEdition>1920-12-28</dateEdition>
    <nbPage>4</nbPage>
    <suppl>FALSE</suppl>
  </metad>
  <contenus>
    <largeur>361</largeur>
    <hauteur>542</hauteur>
    <pages>
      <page ordre="1">
        <nbMot>643</nbMot>
        <blocTexte>15</blocTexte>
        <blocTab>0</blocTab>
        <blocPub>0</blocPub>
        <blocIll ocr="0">0</blocIll>
      </page>
      <page ordre="2">
        <nbMot>764</nbMot>
        <blocTexte>37</blocTexte>
        <blocTab>0</blocTab>
        <blocPub>0</blocPub>
        <blocIll ocr="2">0</blocIll>
        <ills/>
      </page>
      <page ordre="3">
        <nbMot>827</nbMot>
        <blocTexte>17</blocTexte>
        <blocTab>0</blocTab>
        <blocPub>0</blocPub>
        <blocIll ocr="0">0</blocIll>
      </page>
      <page ordre="4">
        <nbMot>757</nbMot>
        <blocTexte>71</blocTexte>
        <blocTab>0</blocTab>
        <blocPub>0</blocPub>
        <blocIll ocr="5">1</blocIll>
        <ills>
          <ill couleur="gris" derniere="true" edit="1" h="1003" n="4-4" pub="1" taille="1" w="755" x="2494" y="4600">
            <tech source="final">imp photoméca</tech>
            <tech source="md">imp photoméca</tech>
            <leg>Pri^.400.420.440.470,510, PRIX JN BAISSE MODÈLE e^çcemenkt ^conforme *; à la, ûravure Ji/fp!!pour£cràn 20 e . ' , y UVRAI-SON a DOft IC i LE • EXFED1TI OHSan PR0V1HCE §</leg>
            <txt>Herbier et Ultimatum se sont distingués hier à Pau. Ce premier a battu Clafouti dans un excellent style. A. Senson et les frères kalley se sont distingués sur l'hippodrome pa tois. A Marseille, Vimy III a dû à la monte de W. Head de battre One Step d'une courte en colure, et on a eu la surpnsc de voir Serpen teau IV, grdee à son poids léger, triompher de Lavoisier, Fenton et Barbara, sur lesquels étaient em selle pourtant des cavaliers com me W. lié ad. R. Ferré et G. Mitchell. Voici du reste les résultats des deux réu nions du sieeple-chasing dans le Midi : A MARSEILLE PRIX DU ROUET (baies, a réclamer), 4.000 francs, S.800 mètres 1. C'est la Guerre (Zambelll) ; s. Somme (A. Atklason) ; a. Gronos (H. Palmer). Non plaoés : Rlpiste, Souverain, Queensboro, Miroton, Friande. Austfeel Kultur (arrêté), i longueurs, 6 lon gueurs, Mutuel. — pesage : G. 30 ; P. 0 30. 7, 16. Pelouse : G V S_7. ; P. 0. 6 50, 18 50. - ,. PRIX DE LA MADRAGUE (stéepie-chasé), 6.000 fr., 3.100 «êtres.— 4. vimy III (W. Head) i 2. One Steep (J. Caulet) ; 3. Monkey Winner (G. MJtcbell). Non placés : Aceû, Mouetto V. Tony Face., Encolure, 6 longueurs. Mutuel. — Pesage : G. 7 ; P. 6 50, 9. Pelouse G. 6 50 i P. 6 50, 7, PRIX DU PARC BORELÏ (haies), 15.000 francs, 3.200 mètres. — 1. Serpenteau IV (Zambelli) ; 2. Lavoisier (W. Head) i 3. Fenton (R. Ferré). Non pto- cés : Varech, Chevron II, Barbais, ïereatla (tom bés), 1 longueur, loin. Mutuel. — Pesage : O. 24 ; P. 7 50, 6 50. Pelouse : G. 33 ; P. 7 50, 6 50. PRIX « ROSE DE NOËL » INTERNATIONAL (au trot monté ou attelé), 5.000 francs, 2.800 mètres. — 1. Lincoln (Visai) ; 2. Kermesse (Fauré) ; 3. Onze à Cœur (Métlvier). Non placés : Kaiser Dak, Eau, Quo Vadis, Passe Partout, Falot, Odessa, Inno. 4' 30 , i' 32 , i' 33 . Mutuel. — Pesage s G. 37 50 : P. 10, 8 50, 12 50. Pelouse : G. 43 ; P. 12, 8 50, 11 50. vu A PAU PRIX DU BOULEVARD (baies,   réclamer). 3.000 francs, 2.900 mètres. — 1, Serpenteau II (A. Benson); S. Barbas telle (D. KaJley) ; 3. Ninive v (Legros).Non placés : Provocation, La France, Reine d'Or (tom bée).</txt>
            <index>Pri^.400.420.440.470,510, PRIX JN BAISSE MODÈLE e^çcemenkt ^conforme *; à la, ûravure Ji/fp!!pour£cràn 20 e . ' , y UVRAI-SON a DOft IC i LE • EXFED1TI OHSan PR0V1HCE §Herbier et Ultimatum se sont distingués hier à Pau. Ce premier a battu Clafouti dans un excellent style. A. Senson et les frères kalley se sont distingués sur l'hippodrome pa tois. A Marseille, Vimy III a dû à la monte de W. Head de battre One Step d'une courte en colure, et on a eu la surpnsc de voir Serpen teau IV, grdee à son poids léger, triompher de Lavoisier, Fenton et Barbara, sur lesquels étaient em selle pourtant des cavaliers com me W. lié ad. R. Ferré et G. Mitchell. Voici du reste les résultats des deux réu nions du sieeple-chasing dans le Midi : A MARSEILLE PRIX DU ROUET (baies, a réclamer), 4.000 francs, S.800 mètres 1. C'est la Guerre (Zambelll) ; s. Somme (A. Atklason) ; a. Gronos (H. Palmer). Non plaoés : Rlpiste, Souverain, Queensboro, Miroton, Friande. Austfeel Kultur (arrêté), i longueurs, 6 lon gueurs, Mutuel. — pesage : G. 30 ; P. 0 30. 7, 16. Pelouse : G V S_7. ; P. 0. 6 50, 18 50. - ,. PRIX DE LA MADRAGUE (stéepie-chasé), 6.000 fr., 3.100 «êtres.— 4. vimy III (W. Head) i 2. One Steep (J. Caulet) ; 3. Monkey Winner (G. MJtcbell). Non placés : Aceû, Mouetto V. Tony Face., Encolure, 6 longueurs. Mutuel. — Pesage : G. 7 ; P. 6 50, 9. Pelouse G. 6 50 i P. 6 50, 7, PRIX DU PARC BORELÏ (haies), 15.000 francs, 3.200 mètres. — 1. Serpenteau IV (Zambelli) ; 2. Lavoisier (W. Head) i 3. Fenton (R. Ferré). Non pto- cés : Varech, Chevron II, Barbais, ïereatla (tom bés), 1 longueur, loin. Mutuel. — Pesage : O. 24 ; P. 7 50, 6 50. Pelouse : G. 33 ; P. 7 50, 6 50. PRIX « ROSE DE NOËL » INTERNATIONAL (au trot monté ou attelé), 5.000 francs, 2.800 mètres. — 1. Lincoln (Visai) ; 2. Kermesse (Fauré) ; 3. Onze à Cœur (Métlvier). Non placés : Kaiser Dak, Eau, Quo Vadis, Passe Partout, Falot, Odessa, Inno. 4' 30 , i' 32 , i' 33 . Mutuel. — Pesage s G. 37 50 : P. 10, 8 50, 12 50. Pelouse : G. 43 ; P. 12, 8 50, 11 50. vu A PAU PRIX DU BOULEVARD (baies,   réclamer). 3.000 francs, 2.900 mètres. — 1, Serpenteau II (A. Benson); S. Barbas telle (D. KaJley) ; 3. Ninive v (Legros).Non placés : Provocation, La France, Reine d'Or (tom bée).</index>
          </ill>
        </ills>
      </page>
    </pages>
  </contenus>
</analyseAlto>