<analyseAlto>
  <metad>
    <type>P</type>
    <ID>bpt6k751767s</ID>
    <titre>Le Siècle</titre>
    <dateEdition>1920-12-29</dateEdition>
    <nbPage>4</nbPage>
    <suppl>FALSE</suppl>
  </metad>
  <contenus>
    <largeur>359</largeur>
    <hauteur>541</hauteur>
    <pages>
      <page ordre="1">
        <nbMot>620</nbMot>
        <blocTexte>25</blocTexte>
        <blocTab>0</blocTab>
        <blocPub>0</blocPub>
        <blocIll ocr="0">0</blocIll>
      </page>
      <page ordre="2">
        <nbMot>749</nbMot>
        <blocTexte>31</blocTexte>
        <blocTab>0</blocTab>
        <blocPub>0</blocPub>
        <blocIll ocr="3">0</blocIll>
        <ills/>
      </page>
      <page ordre="3">
        <nbMot>764</nbMot>
        <blocTexte>18</blocTexte>
        <blocTab>0</blocTab>
        <blocPub>0</blocPub>
        <blocIll ocr="1">1</blocIll>
        <ills>
          <ill classif="DFdnn" couleur="gris" edit="1" h="861" n="3-1" pub="1" taille="1" w="732" x="3435" y="2978">
            <tech source="final">imp photoméca</tech>
            <tech source="md">imp photoméca</tech>
            <contenuImg CS="1" lang="fr" source="hm" time="2020-04-08T18:15:09.269+02:00">bateau</contenuImg>
            <contenuImg CS="1" lang="fr" source="hm" time="2020-04-08T18:13:47.095+02:00">voiture</contenuImg>
            <leg>AUTO- ouojsv CIRCUITS* «ÀMUXECM NORD -AFRICAINS 1.700 hilamittài dans la tnétM auto de lux* Prospectas, Billets aomprenanttous les frai* : Paquebots-Auto-Hôtels spéciaux-Pourboires S'Mr«C ie F«du Tourisme, 30 Capaclott - Parti</leg>
            <txt>à peu près nulles. Pour le principal arti cle d'exportation, la soie, c'est à peine si, au cours des derniers mois, quelques affai res de peu d'importance ont été ■conclues. Les achats américains, notamment, ont été insignifiants. Les œufs et les huiles végétales étaient devenus, pendant la guerre, des articles importants d'exportation. Le commerce en est à peu près, complètement arrêté. La situation est la même pour les cuirs et- peaux. Deux articles d'exportation 'seuls échap pent à la crise : la farine et le charbon, J^a Grande-Bretagne et l'Amérique conti nuent en effet à faire en Chine de gros achats de farine, Sur li marché du char bon, tout récemment, de nouveaux clients ont .fait' leur apparition', la France, le Danemark,' la Suède, la Norvège et même l'Amérique. Il ne s'agit, il est vrai, encore que de quantités relativement faibles. Le charbon chinois, d'un autre côté,  s'est révélé souvent d'assez médiocre qualité. Celui que l'administration des chemins de fer danois, notamment, a fait venir de Chine est loin d'avoir justifié. les espoirs qu'on avait mis en lui. II. est possible cependant, étant donné la disette géné rale, que l'exportation chinoise dans ce domaine prenne un certain développement. Qudmt au commerce d'importation, U se borne presque exclusivement, pour le mo ment, à l'achat de machines et de pièces détachées pour les moulins. à .céréales et pour les fuatures et les tissages de coton. L'Amérique est à peu près le seul fournis seur. L'importation des  La liquidation de là flotte d'Etat. Le gouvernement vient de déposer le projet de loi suivant, relatif à la liquidation de la * flotte en gérance » : Article premier. •*- Le compte « Flotte en gérance ouvert par, l'article â7 .de la loi du 2f) décembre 1919, sera arrêté à la date du 30 Juin 1921. A partir de cette date, pourront seules 6tre imputées audit compte : 1® La constatation des opérations déjà faites ou leur liquidation 2° La constatation des opérations relatives eux voyages en cours. Teutes les opérations de liquidation du compte « Flotte en gérance » devront être ter minées à la date au 30 juin 1922. Art. 2. — Le ministre des travaux publics disposera, d'accord avec le ministre des finan ces, au mieux des intérêts du Trésor : 1? Des navires construits «u en cours da construction imputés sur la section B du Compte Spécial des Transports Maritimes ou vert par la loi du 25 mars 1918 ; 2° Des navires compris dans le compte Flotte en Gérance, ouvert par la loi du 29 décembre 1919 ; .   ' „ 3° Des navires du service de ravitaillement, des comj gène , tenant à l'Etat ou susceptibles de devenir sa propriété, par application des dispositions des traités de paix ou de contrats antérieurs. La loi interdisant la vente de nos navi res à l'étranger sera prorogée.</txt>
            <index>AUTO- ouojsv CIRCUITS* «ÀMUXECM NORD -AFRICAINS 1.700 hilamittài dans la tnétM auto de lux* Prospectas, Billets aomprenanttous les frai* : Paquebots-Auto-Hôtels spéciaux-Pourboires S'Mr«C ie F«du Tourisme, 30 Capaclott - Partià peu près nulles. Pour le principal arti cle d'exportation, la soie, c'est à peine si, au cours des derniers mois, quelques affai res de peu d'importance ont été ■conclues. Les achats américains, notamment, ont été insignifiants. Les œufs et les huiles végétales étaient devenus, pendant la guerre, des articles importants d'exportation. Le commerce en est à peu près, complètement arrêté. La situation est la même pour les cuirs et- peaux. Deux articles d'exportation 'seuls échap pent à la crise : la farine et le charbon, J^a Grande-Bretagne et l'Amérique conti nuent en effet à faire en Chine de gros achats de farine, Sur li marché du char bon, tout récemment, de nouveaux clients ont .fait' leur apparition', la France, le Danemark,' la Suède, la Norvège et même l'Amérique. Il ne s'agit, il est vrai, encore que de quantités relativement faibles. Le charbon chinois, d'un autre côté,  s'est révélé souvent d'assez médiocre qualité. Celui que l'administration des chemins de fer danois, notamment, a fait venir de Chine est loin d'avoir justifié. les espoirs qu'on avait mis en lui. II. est possible cependant, étant donné la disette géné rale, que l'exportation chinoise dans ce domaine prenne un certain développement. Qudmt au commerce d'importation, U se borne presque exclusivement, pour le mo ment, à l'achat de machines et de pièces détachées pour les moulins. à .céréales et pour les fuatures et les tissages de coton. L'Amérique est à peu près le seul fournis seur. L'importation des  La liquidation de là flotte d'Etat. Le gouvernement vient de déposer le projet de loi suivant, relatif à la liquidation de la * flotte en gérance » : Article premier. •*- Le compte « Flotte en gérance ouvert par, l'article â7 .de la loi du 2f) décembre 1919, sera arrêté à la date du 30 Juin 1921. A partir de cette date, pourront seules 6tre imputées audit compte : 1® La constatation des opérations déjà faites ou leur liquidation 2° La constatation des opérations relatives eux voyages en cours. Teutes les opérations de liquidation du compte « Flotte en gérance » devront être ter minées à la date au 30 juin 1922. Art. 2. — Le ministre des travaux publics disposera, d'accord avec le ministre des finan ces, au mieux des intérêts du Trésor : 1? Des navires construits «u en cours da construction imputés sur la section B du Compte Spécial des Transports Maritimes ou vert par la loi du 25 mars 1918 ; 2° Des navires compris dans le compte Flotte en Gérance, ouvert par la loi du 29 décembre 1919 ; .   ' „ 3° Des navires du service de ravitaillement, des comj gène , tenant à l'Etat ou susceptibles de devenir sa propriété, par application des dispositions des traités de paix ou de contrats antérieurs. La loi interdisant la vente de nos navi res à l'étranger sera prorogée.</index>
            <contenuImg CS="1" lang="en" source="hm" time="2020-04-08T18:13:47.095+02:00">car</contenuImg>
            <contenuImg CS="1" lang="en" source="hm" time="2020-04-08T18:15:09.269+02:00">boat</contenuImg>
          </ill>
        </ills>
      </page>
      <page ordre="4">
        <nbMot>1205</nbMot>
        <blocTexte>241</blocTexte>
        <blocTab>0</blocTab>
        <blocPub>0</blocPub>
        <blocIll ocr="8">1</blocIll>
        <ills>
          <ill couleur="gris" derniere="true" edit="1" h="1069" n="4-6" pub="1" taille="1" w="744" x="3348" y="3463">
            <tech source="final">imp photoméca</tech>
            <tech source="md">imp photoméca</tech>
            <txt>1 Reins — Foie— Goutte</txt>
            <index>1 Reins — Foie— Goutte</index>
          </ill>
        </ills>
      </page>
    </pages>
  </contenus>
</analyseAlto>