<analyseAlto>
  <metad>
    <type>P</type>
    <ID>bpt6k7502177</ID>
    <titre>Le Siècle</titre>
    <dateEdition>1916-09-02</dateEdition>
    <nbPage>4</nbPage>
    <suppl>FALSE</suppl>
  </metad>
  <contenus>
    <largeur>435</largeur>
    <hauteur>603</hauteur>
    <pages>
      <page ordre="1">
        <nbMot>759</nbMot>
        <blocTexte>40</blocTexte>
        <blocTab>0</blocTab>
        <blocPub>0</blocPub>
        <blocIll ocr="1">0</blocIll>
        <ills/>
      </page>
      <page ordre="2">
        <nbMot>962</nbMot>
        <blocTexte>17</blocTexte>
        <blocTab>0</blocTab>
        <blocPub>0</blocPub>
        <blocIll ocr="0">0</blocIll>
      </page>
      <page ordre="3">
        <nbMot>1050</nbMot>
        <blocTexte>34</blocTexte>
        <blocTab>0</blocTab>
        <blocPub>0</blocPub>
        <blocIll ocr="1">0</blocIll>
        <ills/>
      </page>
      <page ordre="4">
        <nbMot>791</nbMot>
        <blocTexte>26</blocTexte>
        <blocTab>0</blocTab>
        <blocPub>0</blocPub>
        <blocIll ocr="4">1</blocIll>
        <ills>
          <ill couleur="gris" derniere="true" edit="1" h="753" n="4-2" pub="1" taille="0" w="669" x="4288" y="5265">
            <tech source="final">imp photoméca</tech>
            <tech source="md">imp photoméca</tech>
            <leg>; oixdt «C i f économiwmw Service Rapide bi-mencuel entre BORDEAUX - CASABLANCA - MAZAGAS EMR£ USTR£MENT DIRECT BES BAGAG8SL</leg>
            <txt>Crédit Lyonnais, c. 41, le 25.. 17 50 .18 80 . 14 05 Atchison Topeka, c. 45 7 S5 »® 785. Clïarbonnaoes l'onkin, c! 31....... 47 50 45 63 43 » Etablissement Pathé, 0. 30.. 7 50 7 80 6 88 Métallurgique de l'À- rlège. c. 17.... 15 » 14 40 13 45 Munitions de chasse, tir et guerre (Soç. franc.), c. 32 93 7i 9Q » 87 90 Uein^s fr.-russes, c. 17, de 10-..., 50 » 48 » 45 60. Usines Raniie françai se, C. 5 10 » 10 » 8 50 (4 suivre) . ...   i CHANGE FRANÇAIS ET CHANGE ALLEM0ND , EN PAYS NEUTRES ' En Suisse, dépréciation du firaoc, 9 95 0/0, diu mark 25 27 QJQ. En Hollande, dépréciation du franc 14 21 0/0, du mark 28 16 0/0. Aux «Etats-Unis, dépréciation du fraûO 15 70 0/0, du mark 25 71 0/0. CHEMIN DE FER D'ORLÉANS # ET COMPAGNIE GÉNÉRALE T8ANSATMNTIQU8. Le ISABOe mr B8BBEABX Paris en 3 jours i/a</txt>
            <index>; oixdt «C i f économiwmw Service Rapide bi-mencuel entre BORDEAUX - CASABLANCA - MAZAGAS EMR£ USTR£MENT DIRECT BES BAGAG8SLCrédit Lyonnais, c. 41, le 25.. 17 50 .18 80 . 14 05 Atchison Topeka, c. 45 7 S5 »® 785. Clïarbonnaoes l'onkin, c! 31....... 47 50 45 63 43 » Etablissement Pathé, 0. 30.. 7 50 7 80 6 88 Métallurgique de l'À- rlège. c. 17.... 15 » 14 40 13 45 Munitions de chasse, tir et guerre (Soç. franc.), c. 32 93 7i 9Q » 87 90 Uein^s fr.-russes, c. 17, de 10-..., 50 » 48 » 45 60. Usines Raniie françai se, C. 5 10 » 10 » 8 50 (4 suivre) . ...   i CHANGE FRANÇAIS ET CHANGE ALLEM0ND , EN PAYS NEUTRES ' En Suisse, dépréciation du firaoc, 9 95 0/0, diu mark 25 27 QJQ. En Hollande, dépréciation du franc 14 21 0/0, du mark 28 16 0/0. Aux «Etats-Unis, dépréciation du fraûO 15 70 0/0, du mark 25 71 0/0. CHEMIN DE FER D'ORLÉANS # ET COMPAGNIE GÉNÉRALE T8ANSATMNTIQU8. Le ISABOe mr B8BBEABX Paris en 3 jours i/a</index>
            <fonction source="hm" time="2020-10-25T13:49:31.929+01:00">carte</fonction>
            <fonction source="final">carte</fonction>
          </ill>
        </ills>
      </page>
    </pages>
  </contenus>
</analyseAlto>