<analyseAlto>
  <metad>
    <type>P</type>
    <ID>bpt6k7514907</ID>
    <titre>Le Siècle</titre>
    <dateEdition>1920-03-26</dateEdition>
    <nbPage>4</nbPage>
    <suppl>FALSE</suppl>
  </metad>
  <contenus>
    <largeur>355</largeur>
    <hauteur>539</hauteur>
    <pages>
      <page ordre="1">
        <nbMot>559</nbMot>
        <blocTexte>31</blocTexte>
        <blocTab>0</blocTab>
        <blocPub>0</blocPub>
        <blocIll ocr="2">0</blocIll>
        <ills/>
      </page>
      <page ordre="2">
        <nbMot>776</nbMot>
        <blocTexte>42</blocTexte>
        <blocTab>0</blocTab>
        <blocPub>0</blocPub>
        <blocIll ocr="2">0</blocIll>
        <ills/>
      </page>
      <page ordre="3">
        <nbMot>740</nbMot>
        <blocTexte>28</blocTexte>
        <blocTab>0</blocTab>
        <blocPub>0</blocPub>
        <blocIll ocr="1">1</blocIll>
        <ills>
          <ill couleur="gris" edit="1" h="344" n="3-1" pub="1" taille="0" w="677" x="3357" y="5242">
            <tech source="final">imp photoméca</tech>
            <tech source="md">imp photoméca</tech>
            <index/>
          </ill>
        </ills>
      </page>
      <page ordre="4">
        <nbMot>962</nbMot>
        <blocTexte>265</blocTexte>
        <blocTab>0</blocTab>
        <blocPub>0</blocPub>
        <blocIll ocr="3">1</blocIll>
        <ills>
          <ill couleur="gris" derniere="true" edit="1" h="1443" n="4-1" pub="1" taille="3" w="1467" x="2588" y="4143">
            <tech source="final">imp photoméca</tech>
            <tech source="md">imp photoméca</tech>
            <contenuImg CS="1" lang="fr" source="hm" time="2020-04-08T18:10:52.575+02:00">camion</contenuImg>
            <txt>â 6 b. OBJETS DE VITRINE du. commencement du XVIII® .siècle et autres Boites en or émaillô de travail de Genève i ESTAMPES ; MINIATURES — AQUARELLE formant la. Collection de M. A,.. Vte Hôt Drouot, s. 8, mercredi 31 mars, 2 H.3q C-pr.: M® Henri Baudoin, 10, r- Ggé-Bateliôre,- * Experts : MM. Marinhelm, 7,  rùe St-Geor- ges ; M. Houzeau, 4, rue de la Paix: : KL' Loyal Deltelt, 2, rue dos Beaux-Arts. ' Exposition publique mardi 30 mars, da 3 à 6 lu</txt>
            <index>â 6 b. OBJETS DE VITRINE du. commencement du XVIII® .siècle et autres Boites en or émaillô de travail de Genève i ESTAMPES ; MINIATURES — AQUARELLE formant la. Collection de M. A,.. Vte Hôt Drouot, s. 8, mercredi 31 mars, 2 H.3q C-pr.: M® Henri Baudoin, 10, r- Ggé-Bateliôre,- * Experts : MM. Marinhelm, 7,  rùe St-Geor- ges ; M. Houzeau, 4, rue de la Paix: : KL' Loyal Deltelt, 2, rue dos Beaux-Arts. ' Exposition publique mardi 30 mars, da 3 à 6 lu</index>
            <contenuImg CS="1" lang="en" source="hm" time="2020-04-08T18:10:52.575+02:00">truck</contenuImg>
          </ill>
        </ills>
      </page>
    </pages>
  </contenus>
</analyseAlto>