<analyseAlto>
  <metad>
    <type>P</type>
    <ID>bpt6k749920b</ID>
    <titre>Le Siècle</titre>
    <dateEdition>1915-11-09</dateEdition>
    <nbPage>4</nbPage>
    <suppl>FALSE</suppl>
  </metad>
  <contenus>
    <largeur>427</largeur>
    <hauteur>606</hauteur>
    <pages>
      <page ordre="1">
        <nbMot>814</nbMot>
        <blocTexte>27</blocTexte>
        <blocTab>0</blocTab>
        <blocPub>0</blocPub>
        <blocIll ocr="5">0</blocIll>
        <ills/>
      </page>
      <page ordre="2">
        <nbMot>938</nbMot>
        <blocTexte>24</blocTexte>
        <blocTab>0</blocTab>
        <blocPub>0</blocPub>
        <blocIll ocr="0">0</blocIll>
      </page>
      <page ordre="3">
        <nbMot>1012</nbMot>
        <blocTexte>26</blocTexte>
        <blocTab>0</blocTab>
        <blocPub>0</blocPub>
        <blocIll ocr="1">0</blocIll>
        <ills/>
      </page>
      <page ordre="4">
        <nbMot>563</nbMot>
        <blocTexte>70</blocTexte>
        <blocTab>0</blocTab>
        <blocPub>0</blocPub>
        <blocIll ocr="20">1</blocIll>
        <ills>
          <ill couleur="gris" derniere="true" edit="1" h="321" n="4-8" pub="1" taille="0" w="1055" x="1441" y="1557">
            <tech source="final">imp photoméca</tech>
            <tech source="md">imp photoméca</tech>
            <leg>Va» da soldat couché, dispoalti.n fa ne ftmt 1. aanchsge ea arriéra da froat Mutile tiisa  Parttailt   ebiolameat iapcimiaUR, ktlti sa bien, 6 fr. t p. pesta SXr.SO. '■ ■ ROOLD i Sous - Vêtements Papier Gilet Papier împérator Ôleid uns manches, imperméable et chaud. 4 fr. 50. Par poste . • 4 fr. 75 .Gilet Papier Japon sans manches, contre le froid. 5 £r. 50 _ Par poste . . . . . . . 5 fr. 75 V  Gilet Soie de Chine caoutchouté, sans manches, poids 75 er. ' 12 fr. Par poste ... 12 fr. 25 Gilet Soie de Chine T caoutchouté, à manches, poids 100 gf. 22 fr. Par poste . . 22 fr. 50 Jambière abdominale contre le froid et l'humidité se place sur le caleçon 5 fr.,50. Par poste . S Ér. 75</leg>
            <txt>Sac de Couchage formant pèlerine en tissu  Paratella   adopté par l'armée anglaise, kakt'an bleu de France, pèse 750 grammes, solide, chaud, imperméable, ne casse pas à la gelée, lè moins'encombrant et le plus pratique. » . 35 fr. S'envoie sur le front par poste franco contre mandat de 36 fr. 9 9 Stt truttomi ait Pêlsriïe fcw riafutirte.</txt>
            <index>Va» da soldat couché, dispoalti.n fa ne ftmt 1. aanchsge ea arriéra da froat Mutile tiisa  Parttailt   ebiolameat iapcimiaUR, ktlti sa bien, 6 fr. t p. pesta SXr.SO. '■ ■ ROOLD i Sous - Vêtements Papier Gilet Papier împérator Ôleid uns manches, imperméable et chaud. 4 fr. 50. Par poste . • 4 fr. 75 .Gilet Papier Japon sans manches, contre le froid. 5 £r. 50 _ Par poste . . . . . . . 5 fr. 75 V  Gilet Soie de Chine caoutchouté, sans manches, poids 75 er. ' 12 fr. Par poste ... 12 fr. 25 Gilet Soie de Chine T caoutchouté, à manches, poids 100 gf. 22 fr. Par poste . . 22 fr. 50 Jambière abdominale contre le froid et l'humidité se place sur le caleçon 5 fr.,50. Par poste . S Ér. 75Sac de Couchage formant pèlerine en tissu  Paratella   adopté par l'armée anglaise, kakt'an bleu de France, pèse 750 grammes, solide, chaud, imperméable, ne casse pas à la gelée, lè moins'encombrant et le plus pratique. » . 35 fr. S'envoie sur le front par poste franco contre mandat de 36 fr. 9 9 Stt truttomi ait Pêlsriïe fcw riafutirte.</index>
          </ill>
        </ills>
      </page>
    </pages>
  </contenus>
</analyseAlto>