<analyseAlto>
  <metad>
    <type>P</type>
    <ID>bpt6k7515162</ID>
    <titre>Le Siècle</titre>
    <dateEdition>1920-04-21</dateEdition>
    <nbPage>4</nbPage>
    <suppl>FALSE</suppl>
  </metad>
  <contenus>
    <largeur>357</largeur>
    <hauteur>538</hauteur>
    <pages>
      <page ordre="1">
        <nbMot>581</nbMot>
        <blocTexte>34</blocTexte>
        <blocTab>0</blocTab>
        <blocPub>0</blocPub>
        <blocIll ocr="1">0</blocIll>
        <ills/>
      </page>
      <page ordre="2">
        <nbMot>752</nbMot>
        <blocTexte>52</blocTexte>
        <blocTab>0</blocTab>
        <blocPub>0</blocPub>
        <blocIll ocr="5">1</blocIll>
        <ills>
          <ill classif="DFdnn" couleur="gris" edit="1" h="257" n="2-4" pub="1" taille="0" w="684" x="3363" y="3216">
            <tech source="final">imp photoméca</tech>
            <tech source="md">imp photoméca</tech>
            <txt>A vente à PARIS - j W7I •-i MAX VjTERBOf JWSTiCE</txt>
            <index>A vente à PARIS - j W7I •-i MAX VjTERBOf JWSTiCE</index>
          </ill>
        </ills>
      </page>
      <page ordre="3">
        <nbMot>774</nbMot>
        <blocTexte>20</blocTexte>
        <blocTab>0</blocTab>
        <blocPub>0</blocPub>
        <blocIll ocr="0">0</blocIll>
      </page>
      <page ordre="4">
        <nbMot>1272</nbMot>
        <blocTexte>428</blocTexte>
        <blocTab>0</blocTab>
        <blocPub>0</blocPub>
        <blocIll ocr="0">0</blocIll>
      </page>
    </pages>
  </contenus>
</analyseAlto>