<analyseAlto>
  <metad>
    <type>P</type>
    <ID>bpt6k751454c</ID>
    <titre>Le Siècle</titre>
    <dateEdition>1920-02-19</dateEdition>
    <nbPage>4</nbPage>
    <suppl>FALSE</suppl>
  </metad>
  <contenus>
    <largeur>355</largeur>
    <hauteur>537</hauteur>
    <pages>
      <page ordre="1">
        <nbMot>593</nbMot>
        <blocTexte>20</blocTexte>
        <blocTab>0</blocTab>
        <blocPub>0</blocPub>
        <blocIll ocr="2">0</blocIll>
        <ills/>
      </page>
      <page ordre="2">
        <nbMot>760</nbMot>
        <blocTexte>44</blocTexte>
        <blocTab>0</blocTab>
        <blocPub>0</blocPub>
        <blocIll ocr="4">1</blocIll>
        <ills>
          <ill classif="DFdnn" couleur="gris" edit="1" h="256" n="2-3" pub="1" taille="0" w="673" x="3396" y="3177">
            <tech source="final">imp photoméca</tech>
            <tech source="md">imp photoméca</tech>
            <leg>ET POUCE...</leg>
            <txt>FOOTBALL-RUGBY Les Gallois gagnent d'un point Le 8° match international entre le Pays de Galles et la. France, joué hier à Colombes, s'est terminé par une victoire, des Gallois par G points (2 essais) à 5 points (1 essai et 1 but). aux Français. BOXE Le National Sporttag-Glub de France inau-t gure demain ses grandes soirées. Voici le xiro  gramme : Lafoy contre Frank André' ; Che vrolet contre Diamaqd ; Cam contre Berger ron ; Cbavaro'c contre Lebreton, Debève con tre Max Henry. Les soirées du N.S.C.F. sont exclusivement réservées a ses membres ou aux personnes munies de. cartes d'invitation. LES REUNIONS DU MERCREDI Boxe. — 20 ih. 30, Continental S.C. (Salle Wagram) : Mac Oloskey contre Staber, Verne contre Frank Roose, Bora contre Rodler, etc. Tennis. —12 h. 30 à 16 h. 30, Championnats et Critériums de France (sur courts couverts), au Sporting-CIub de Paris, 154, rue Saussure (quatrième journée). Sports féminins (Aoademia). — Ce soir, réu nion générale au Gymnase Chritsmam, 57 (et non 56, comme il a été annoncé par erreur), laulbourg Saint-Denis (professeurs M. Lévêque et Mlle Guerrapin). ^r\ve»\te à P£iRIS-/ l| M7l ... MAX ViTERBO , JUSTiCS</txt>
            <index>ET POUCE...FOOTBALL-RUGBY Les Gallois gagnent d'un point Le 8° match international entre le Pays de Galles et la. France, joué hier à Colombes, s'est terminé par une victoire, des Gallois par G points (2 essais) à 5 points (1 essai et 1 but). aux Français. BOXE Le National Sporttag-Glub de France inau-t gure demain ses grandes soirées. Voici le xiro  gramme : Lafoy contre Frank André' ; Che vrolet contre Diamaqd ; Cam contre Berger ron ; Cbavaro'c contre Lebreton, Debève con tre Max Henry. Les soirées du N.S.C.F. sont exclusivement réservées a ses membres ou aux personnes munies de. cartes d'invitation. LES REUNIONS DU MERCREDI Boxe. — 20 ih. 30, Continental S.C. (Salle Wagram) : Mac Oloskey contre Staber, Verne contre Frank Roose, Bora contre Rodler, etc. Tennis. —12 h. 30 à 16 h. 30, Championnats et Critériums de France (sur courts couverts), au Sporting-CIub de Paris, 154, rue Saussure (quatrième journée). Sports féminins (Aoademia). — Ce soir, réu nion générale au Gymnase Chritsmam, 57 (et non 56, comme il a été annoncé par erreur), laulbourg Saint-Denis (professeurs M. Lévêque et Mlle Guerrapin). ^r\ve»\te à P£iRIS-/ l| M7l ... MAX ViTERBO , JUSTiCS</index>
          </ill>
        </ills>
      </page>
      <page ordre="3">
        <nbMot>662</nbMot>
        <blocTexte>27</blocTexte>
        <blocTab>0</blocTab>
        <blocPub>0</blocPub>
        <blocIll ocr="4">0</blocIll>
        <ills/>
      </page>
      <page ordre="4">
        <nbMot>1120</nbMot>
        <blocTexte>358</blocTexte>
        <blocTab>0</blocTab>
        <blocPub>0</blocPub>
        <blocIll ocr="3">0</blocIll>
        <ills/>
      </page>
    </pages>
  </contenus>
</analyseAlto>