<analyseAlto>
  <metad>
    <type>P</type>
    <ID>bpt6k751374r</ID>
    <titre>Le Siècle</titre>
    <dateEdition>1919-11-09</dateEdition>
    <nbPage>4</nbPage>
    <suppl>FALSE</suppl>
  </metad>
  <contenus>
    <largeur>358</largeur>
    <hauteur>531</hauteur>
    <pages>
      <page ordre="1">
        <nbMot>583</nbMot>
        <blocTexte>26</blocTexte>
        <blocTab>0</blocTab>
        <blocPub>0</blocPub>
        <blocIll ocr="0">0</blocIll>
      </page>
      <page ordre="2">
        <nbMot>802</nbMot>
        <blocTexte>27</blocTexte>
        <blocTab>0</blocTab>
        <blocPub>0</blocPub>
        <blocIll ocr="4">0</blocIll>
        <ills/>
      </page>
      <page ordre="3">
        <nbMot>673</nbMot>
        <blocTexte>17</blocTexte>
        <blocTab>0</blocTab>
        <blocPub>0</blocPub>
        <blocIll ocr="4">2</blocIll>
        <ills>
          <ill couleur="gris" edit="1" h="1053" n="3-1" pub="1" taille="2" w="1358" x="2668" y="4019">
            <tech source="final">imp photoméca</tech>
            <tech source="md">imp photoméca</tech>
            <contenuImg CS="1" lang="fr" source="hm" time="2020-04-08T18:10:05.049+02:00">camion</contenuImg>
            <leg>ws tsmmmmmmmm</leg>
            <txt>L'exploitation de la tourbe On nous communique la note suivante : Le Parlement ayant voté, le 30 septembre 1919, lies crédits proposés par le ministre de la Reconstitution industrielle, dans l.e but d'intenstti«r l'exploitation de la tourbe en France, il   été décidé que les tourbiers fran çais pourraient recevoir : 1° Une prime à, la production ; 2* Uue prime d'apprentissage pour la for mation de spécialistes; - 3° Une prtae pour achat de matériel. , Les tourbiers sont priés de se mettre le plus tôt possible en rapport avec la direction de l'Office des -combustibles végétaux (service de la tourbe), 147, rue de Courcelles, Paris, XVII e , qui leur adressera toutes tes indica tions nécessaires pour l'établissement de leurs demandes. • D'autre part-, il est ouvert entre les construc- teurs français un concours destiné à. la créa tion d'un loucfliet métallique pour l'exploita tion de la toYixbe. Une somme de 5.000 francs est affectée 4 ce concours dont les conditions peuvent Ctre demandées à l'Office des com bustibles végétaux. L'ouverture tfe nouvelles baraques VII- grain. A paris, quatre baraques ouvriront le mar di 11 novembre : rue Vaugelas, entre la rue Paul-Delmet et la ruelle de Malassis ; place Wagram ; rue de Cambrai, dans la partie comprise entre la rue de Crimée et la me Maithis ; mirç Charles-Rienouvier, entre la rue Bamus et de rue Stendhal. En banlieue, une baraque ouvrira le 11 no vembre à Fresnes, et une autre, le 12 novem-, bre, à Charenton. Les ïmpAt8 et taxes  et émis le vœu que les impôts èt taxes d'Etat, départementales et communales, frappant la propriété bâtie, ne puissent excéder le quart du revenu brut de l'immeuble et exprimé l'avis qu'un engagement formel devait être exigé des candidats sur ce point:capital. Ces résolutions qui complètent les vœux émis la veille à la grande manifestation du Trocadéro, vont être portées par les sotas du bureau de l'Union,   la connaissance do toutes les associations affiliées, chargées d'y donner la plus grande publicité et'd'en assu rer l'exécution. ' • '•  ■ ,-^CîV' . La Vie financière Bourse du 7 Novembre '•L'impression'- laissée par le discours de M. Klotz n'a pas été suffisante pour contre balancer celle qui résultait des nouvelles qui nous venaient de Londres et New-York sur là tension des changes. Nos rentes sont restées calmes et le mardi#, ' dan^' spii en semble, réservé, 3 % 60 05 Métropolit ... 3S0 » 5 % 8915 Omnibus ..... 426  • 4 % 1918. 71. 20 Penarroya 1.885 » Cie Algérienne 1.770 » Câbles 550 « Gréd. Lyonn . 1.500 » Charg. Réun . 1.940 « Est 690  • Suc. d'Egypte 724 » Lyon ........ 730 » Japon 1910 ... 100 « Transatlant .. 554 « Russe 1906 ... 57 u Messageries . 685 » 'furc 4 % unît 70 25. Marché du Change Londres 37.39 New-York 896 Espagne 176 Mafia 80 3 /4 Suisse ■»••«.»»«»••••»•••• ■•#■•.. 162 Suède SIS 1/^ Mayenee ' 85 ï/4</txt>
            <index>ws tsmmmmmmmmL'exploitation de la tourbe On nous communique la note suivante : Le Parlement ayant voté, le 30 septembre 1919, lies crédits proposés par le ministre de la Reconstitution industrielle, dans l.e but d'intenstti«r l'exploitation de la tourbe en France, il   été décidé que les tourbiers fran çais pourraient recevoir : 1° Une prime à, la production ; 2* Uue prime d'apprentissage pour la for mation de spécialistes; - 3° Une prtae pour achat de matériel. , Les tourbiers sont priés de se mettre le plus tôt possible en rapport avec la direction de l'Office des -combustibles végétaux (service de la tourbe), 147, rue de Courcelles, Paris, XVII e , qui leur adressera toutes tes indica tions nécessaires pour l'établissement de leurs demandes. • D'autre part-, il est ouvert entre les construc- teurs français un concours destiné à. la créa tion d'un loucfliet métallique pour l'exploita tion de la toYixbe. Une somme de 5.000 francs est affectée 4 ce concours dont les conditions peuvent Ctre demandées à l'Office des com bustibles végétaux. L'ouverture tfe nouvelles baraques VII- grain. A paris, quatre baraques ouvriront le mar di 11 novembre : rue Vaugelas, entre la rue Paul-Delmet et la ruelle de Malassis ; place Wagram ; rue de Cambrai, dans la partie comprise entre la rue de Crimée et la me Maithis ; mirç Charles-Rienouvier, entre la rue Bamus et de rue Stendhal. En banlieue, une baraque ouvrira le 11 no vembre à Fresnes, et une autre, le 12 novem-, bre, à Charenton. Les ïmpAt8 et taxes  et émis le vœu que les impôts èt taxes d'Etat, départementales et communales, frappant la propriété bâtie, ne puissent excéder le quart du revenu brut de l'immeuble et exprimé l'avis qu'un engagement formel devait être exigé des candidats sur ce point:capital. Ces résolutions qui complètent les vœux émis la veille à la grande manifestation du Trocadéro, vont être portées par les sotas du bureau de l'Union,   la connaissance do toutes les associations affiliées, chargées d'y donner la plus grande publicité et'd'en assu rer l'exécution. ' • '•  ■ ,-^CîV' . La Vie financière Bourse du 7 Novembre '•L'impression'- laissée par le discours de M. Klotz n'a pas été suffisante pour contre balancer celle qui résultait des nouvelles qui nous venaient de Londres et New-York sur là tension des changes. Nos rentes sont restées calmes et le mardi#, ' dan^' spii en semble, réservé, 3 % 60 05 Métropolit ... 3S0 » 5 % 8915 Omnibus ..... 426  • 4 % 1918. 71. 20 Penarroya 1.885 » Cie Algérienne 1.770 » Câbles 550 « Gréd. Lyonn . 1.500 » Charg. Réun . 1.940 « Est 690  • Suc. d'Egypte 724 » Lyon ........ 730 » Japon 1910 ... 100 « Transatlant .. 554 « Russe 1906 ... 57 u Messageries . 685 » 'furc 4 % unît 70 25. Marché du Change Londres 37.39 New-York 896 Espagne 176 Mafia 80 3 /4 Suisse ■»••«.»»«»••••»•••• ■•#■•.. 162 Suède SIS 1/^ Mayenee ' 85 ï/4</index>
            <contenuImg CS="1" lang="en" source="hm" time="2020-04-08T18:10:05.049+02:00">truck</contenuImg>
          </ill>
          <ill couleur="gris" edit="1" h="399" n="3-4" pub="1" taille="0" w="777" x="2689" y="5717">
            <tech source="final">imp photoméca</tech>
            <tech source="md">imp photoméca</tech>
            <leg>2S3.Avenue 5erthtffot LYON fSZiAv.jM Châ mp« E.!y*éos PARIS</leg>
            <txt>1 PRIX NET OOO francs</txt>
            <index>2S3.Avenue 5erthtffot LYON fSZiAv.jM Châ mp« E.!y*éos PARIS1 PRIX NET OOO francs</index>
          </ill>
        </ills>
      </page>
      <page ordre="4">
        <nbMot>1342</nbMot>
        <blocTexte>428</blocTexte>
        <blocTab>0</blocTab>
        <blocPub>0</blocPub>
        <blocIll ocr="1">1</blocIll>
        <ills>
          <ill classif="DFdnn" couleur="gris" derniere="true" edit="1" h="795" n="4-1" pub="1" taille="1" w="727" x="3318" y="3206">
            <tech source="final">imp photoméca</tech>
            <tech source="md">imp photoméca</tech>
            <contenuImg CS="0.97" h="215" sexe="P" source="dnn" w="147" x="135" y="232">face</contenuImg>
            <leg>-J EN VENTE PARTOUT an ^ G ros : 1A St. du P* Wilaon, Levallol» (S«;nï)^ IIIIIU WB IMUII</leg>
            <txt>Lundi. 10. -. Saint- Cloud. Mardi 11. — Maisons- Laffitte. Mercredi 12. — Vincen- nes (tixjt). Jeudi 13.•—Auteuil. . Vendrai 14. — Saint- Cloud. Samedi 13. ~ Enghien. Dimanche 16. — Au teuil. Lundi 17. — Maisons' Laffitté (obstacles). Mardi 18. — Vincennès (trot). • Mercredi 10,— Enghien. Jeudi  20. — Auteuil.; Vendredi 21.. — Mài- sons-Laffitte - (obsta-, - des). Samedi 23. — Vincen nès (trot). - 1 Dimanche 23. — AU- teuil. —•. Lyon. Lundi 24. — Enghien . Mardi 23. -r Vincennes (trot). m™ M?T.crali 26. — . Mul-   '. •sons-Laffitte (obsta- cîes). , Jeudi 27. — Auteuil. Vendredi 28. — En ghien. ,</txt>
            <index>-J EN VENTE PARTOUT an ^ G ros : 1A St. du P* Wilaon, Levallol» (S«;nï)^ IIIIIU WB IMUIILundi. 10. -. Saint- Cloud. Mardi 11. — Maisons- Laffitte. Mercredi 12. — Vincen- nes (tixjt). Jeudi 13.•—Auteuil. . Vendrai 14. — Saint- Cloud. Samedi 13. ~ Enghien. Dimanche 16. — Au teuil. Lundi 17. — Maisons' Laffitté (obstacles). Mardi 18. — Vincennès (trot). • Mercredi 10,— Enghien. Jeudi  20. — Auteuil.; Vendredi 21.. — Mài- sons-Laffitte - (obsta-, - des). Samedi 23. — Vincen nès (trot). - 1 Dimanche 23. — AU- teuil. —•. Lyon. Lundi 24. — Enghien . Mardi 23. -r Vincennes (trot). m™ M?T.crali 26. — . Mul-   '. •sons-Laffitte (obsta- cîes). , Jeudi 27. — Auteuil. Vendredi 28. — En ghien. ,</index>
          </ill>
        </ills>
      </page>
    </pages>
  </contenus>
</analyseAlto>