<analyseAlto>
  <metad>
    <type>P</type>
    <ID>bpt6k751413m</ID>
    <titre>Le Siècle</titre>
    <dateEdition>1920-01-09</dateEdition>
    <nbPage>4</nbPage>
    <suppl>FALSE</suppl>
  </metad>
  <contenus>
    <largeur>355</largeur>
    <hauteur>539</hauteur>
    <pages>
      <page ordre="1">
        <nbMot>593</nbMot>
        <blocTexte>33</blocTexte>
        <blocTab>0</blocTab>
        <blocPub>0</blocPub>
        <blocIll ocr="0">0</blocIll>
      </page>
      <page ordre="2">
        <nbMot>777</nbMot>
        <blocTexte>61</blocTexte>
        <blocTab>0</blocTab>
        <blocPub>0</blocPub>
        <blocIll ocr="4">1</blocIll>
        <ills>
          <ill couleur="gris" edit="1" h="560" n="2-4" pub="1" taille="0" w="747" x="3283" y="2196">
            <tech source="final">imp photoméca</tech>
            <tech source="md">imp photoméca</tech>
            <txt>Q — ~~ k , j ,. as abattu par la défaite, la révolution, le démembrement. Le président du Conseil hongrois, M. Hus- z r,-réclame   une paix juste   et rappelle que la Hongrie fut pendant des siècles.le rem part de l'Europe contre les assauts de la bar barie asiatique. Il- oublie que la Hongrie est précisément la seule puissance, où le bolchevisme russe, qu'on ne doit certes pas considérer comme une con ception européene de gouvernement, ait pu s'implanter sérieusement et durer. La presse hongroise comprend cependant que les Magyars ne doivent pus s'attendre * des conditions avantageuses. Mais elle ea  «</txt>
            <index>Q — ~~ k , j ,. as abattu par la défaite, la révolution, le démembrement. Le président du Conseil hongrois, M. Hus- z r,-réclame   une paix juste   et rappelle que la Hongrie fut pendant des siècles.le rem part de l'Europe contre les assauts de la bar barie asiatique. Il- oublie que la Hongrie est précisément la seule puissance, où le bolchevisme russe, qu'on ne doit certes pas considérer comme une con ception européene de gouvernement, ait pu s'implanter sérieusement et durer. La presse hongroise comprend cependant que les Magyars ne doivent pus s'attendre * des conditions avantageuses. Mais elle ea  «</index>
          </ill>
        </ills>
      </page>
      <page ordre="3">
        <nbMot>789</nbMot>
        <blocTexte>18</blocTexte>
        <blocTab>0</blocTab>
        <blocPub>0</blocPub>
        <blocIll ocr="0">0</blocIll>
      </page>
      <page ordre="4">
        <nbMot>1097</nbMot>
        <blocTexte>328</blocTexte>
        <blocTab>0</blocTab>
        <blocPub>0</blocPub>
        <blocIll ocr="1">0</blocIll>
        <ills/>
      </page>
    </pages>
  </contenus>
</analyseAlto>