<analyseAlto>
  <metad>
    <type>P</type>
    <ID>bpt6k751540t</ID>
    <titre>Le Siècle</titre>
    <dateEdition>1920-05-15</dateEdition>
    <nbPage>4</nbPage>
    <suppl>FALSE</suppl>
  </metad>
  <contenus>
    <largeur>356</largeur>
    <hauteur>537</hauteur>
    <pages>
      <page ordre="1">
        <nbMot>587</nbMot>
        <blocTexte>31</blocTexte>
        <blocTab>0</blocTab>
        <blocPub>0</blocPub>
        <blocIll ocr="2">0</blocIll>
        <ills/>
      </page>
      <page ordre="2">
        <nbMot>765</nbMot>
        <blocTexte>34</blocTexte>
        <blocTab>0</blocTab>
        <blocPub>0</blocPub>
        <blocIll ocr="0">0</blocIll>
      </page>
      <page ordre="3">
        <nbMot>760</nbMot>
        <blocTexte>27</blocTexte>
        <blocTab>0</blocTab>
        <blocPub>0</blocPub>
        <blocIll ocr="1">0</blocIll>
        <ills/>
      </page>
      <page ordre="4">
        <nbMot>1005</nbMot>
        <blocTexte>431</blocTexte>
        <blocTab>0</blocTab>
        <blocPub>0</blocPub>
        <blocIll ocr="7">1</blocIll>
        <ills>
          <ill couleur="gris" derniere="true" edit="1" h="360" n="4-5" pub="1" taille="0" w="710" x="2602" y="3753">
            <tech source="final">imp photoméca</tech>
            <tech source="md">imp photoméca</tech>
            <txt>1 WMBElÉM'BMUMSjSEi</txt>
            <index>1 WMBElÉM'BMUMSjSEi</index>
          </ill>
        </ills>
      </page>
    </pages>
  </contenus>
</analyseAlto>