<analyseAlto>
  <metad>
    <type>P</type>
    <ID>bpt6k751611g</ID>
    <titre>Le Siècle</titre>
    <dateEdition>1920-07-26</dateEdition>
    <nbPage>4</nbPage>
    <suppl>FALSE</suppl>
  </metad>
  <contenus>
    <largeur>365</largeur>
    <hauteur>537</hauteur>
    <pages>
      <page ordre="1">
        <nbMot>548</nbMot>
        <blocTexte>29</blocTexte>
        <blocTab>0</blocTab>
        <blocPub>0</blocPub>
        <blocIll ocr="1">0</blocIll>
        <ills/>
      </page>
      <page ordre="2">
        <nbMot>769</nbMot>
        <blocTexte>46</blocTexte>
        <blocTab>0</blocTab>
        <blocPub>0</blocPub>
        <blocIll ocr="2">0</blocIll>
        <ills/>
      </page>
      <page ordre="3">
        <nbMot>786</nbMot>
        <blocTexte>29</blocTexte>
        <blocTab>0</blocTab>
        <blocPub>0</blocPub>
        <blocIll ocr="0">0</blocIll>
      </page>
      <page ordre="4">
        <nbMot>1187</nbMot>
        <blocTexte>431</blocTexte>
        <blocTab>0</blocTab>
        <blocPub>0</blocPub>
        <blocIll ocr="7">1</blocIll>
        <ills>
          <ill classif="DFdnn" couleur="gris" derniere="true" edit="1" h="771" n="4-2" pub="1" taille="0" w="471" x="2640" y="2341">
            <tech source="final">imp photoméca</tech>
            <tech source="md">imp photoméca</tech>
            <leg>TE LEPHO NIE ^ Appareils ^ pour Bsîierie C^ratrale InteCTaîc supprimant t oute pile chez l'abonné Robustesse ot grande sensibilité pour les grandes distances SOCIÉTÉ ANONYME DES PORCELAINES et appareillages electriques G RAM M ONT Siège Social : 10, Rue d'Uzès, PARIS -. ' Bureaux et Magasina : 123, Rue cîe Grenelle, PARiS (y!l°) .. TéI. Saxe 25-14 et 52-14</leg>
            <txt>1. Caen.— Compjegnc. — SainirNazaire. — Dinan. — Cherbourg. — Châteaurenard. 2. Caen. — Dinan. 3. Caen. — Château- renard. 4. DeauviHe, — Caen (trot). 5. Lisieucc. — Dinard. — Boulogne-sur-Mèr. 6. Deàuville.— Lisieux. Boulogne-sur-Mer. 7. Bernav. î — Boulo gne-sur-Mer.— Àvran- ches. S, Deàuville.— Dinard. — Boulogne-sur-Mer. -- Bagnères -  ie -Lu dion. 9. Cabourg. 10. Deàuville, — Bagnè- i e'-de-Luchon. 11. Cabourg. 12. Deàuville. — Saint- Malo. 13. Pont-l'Evêque. 14. Deàuville. 15. Deàuville. — Berck. — Saini-Malo. 16. Deàuville. — Berek. 17. Dozulé. 18. Deauviîle. — Salnt- Malo. 19. Deauvide. — Saint- Malo. ' Deàuville. 21. (Deàuville. — Les Sabîes-d'Olonne. ' 23. Vincennes.— Berck. —St-Nazaire. ~ St- Malo. • — Les Sabies- d'Olonne. 24. Vincennes.</txt>
            <index>TE LEPHO NIE ^ Appareils ^ pour Bsîierie C^ratrale InteCTaîc supprimant t oute pile chez l'abonné Robustesse ot grande sensibilité pour les grandes distances SOCIÉTÉ ANONYME DES PORCELAINES et appareillages electriques G RAM M ONT Siège Social : 10, Rue d'Uzès, PARIS -. ' Bureaux et Magasina : 123, Rue cîe Grenelle, PARiS (y!l°) .. TéI. Saxe 25-14 et 52-141. Caen.— Compjegnc. — SainirNazaire. — Dinan. — Cherbourg. — Châteaurenard. 2. Caen. — Dinan. 3. Caen. — Château- renard. 4. DeauviHe, — Caen (trot). 5. Lisieucc. — Dinard. — Boulogne-sur-Mèr. 6. Deàuville.— Lisieux. Boulogne-sur-Mer. 7. Bernav. î — Boulo gne-sur-Mer.— Àvran- ches. S, Deàuville.— Dinard. — Boulogne-sur-Mer. -- Bagnères -  ie -Lu dion. 9. Cabourg. 10. Deàuville, — Bagnè- i e'-de-Luchon. 11. Cabourg. 12. Deàuville. — Saint- Malo. 13. Pont-l'Evêque. 14. Deàuville. 15. Deàuville. — Berck. — Saini-Malo. 16. Deàuville. — Berek. 17. Dozulé. 18. Deauviîle. — Salnt- Malo. 19. Deauvide. — Saint- Malo. ' Deàuville. 21. (Deàuville. — Les Sabîes-d'Olonne. ' 23. Vincennes.— Berck. —St-Nazaire. ~ St- Malo. • — Les Sabies- d'Olonne. 24. Vincennes.</index>
          </ill>
        </ills>
      </page>
    </pages>
  </contenus>
</analyseAlto>