<analyseAlto>
  <metad>
    <type>P</type>
    <ID>bpt6k748362b</ID>
    <titre>Le Siècle</titre>
    <dateEdition>1911-07-18</dateEdition>
    <nbPage>4</nbPage>
    <suppl>FALSE</suppl>
  </metad>
  <contenus>
    <largeur>525</largeur>
    <hauteur>682</hauteur>
    <pages>
      <page ordre="1">
        <nbMot>1165</nbMot>
        <blocTexte>53</blocTexte>
        <blocTab>0</blocTab>
        <blocPub>0</blocPub>
        <blocIll ocr="7">0</blocIll>
        <ills/>
      </page>
      <page ordre="2">
        <nbMot>1315</nbMot>
        <blocTexte>40</blocTexte>
        <blocTab>0</blocTab>
        <blocPub>0</blocPub>
        <blocIll ocr="3">0</blocIll>
        <ills/>
      </page>
      <page ordre="3">
        <nbMot>1205</nbMot>
        <blocTexte>50</blocTexte>
        <blocTab>0</blocTab>
        <blocPub>0</blocPub>
        <blocIll ocr="4">1</blocIll>
        <ills>
          <ill classif="DFdnn" couleur="gris" edit="1" h="1408" n="3-4" pub="1" taille="4" w="1528" x="4316" y="984">
            <tech source="final">imp photoméca</tech>
            <tech source="md">imp photoméca</tech>
            <leg>feifrançais H R-.j: LE ÇA I REijvQn ois Sfr|</leg>
            <txt>1 MACliETTE -et Cie, Éditeurs, 79, Boulevard St-Qermain, PARIS GUSDES JOâiiE</txt>
            <index>feifrançais H R-.j: LE ÇA I REijvQn ois Sfr|1 MACliETTE -et Cie, Éditeurs, 79, Boulevard St-Qermain, PARIS GUSDES JOâiiE</index>
            <fonction source="hm" time="2020-10-25T14:47:19.256+01:00">carte</fonction>
            <fonction source="final">carte</fonction>
          </ill>
        </ills>
      </page>
      <page ordre="4">
        <nbMot>2377</nbMot>
        <blocTexte>212</blocTexte>
        <blocTab>0</blocTab>
        <blocPub>0</blocPub>
        <blocIll ocr="3">0</blocIll>
        <ills/>
      </page>
    </pages>
  </contenus>
</analyseAlto>