<analyseAlto>
  <metad>
    <type>P</type>
    <ID>bpt6k7513542</ID>
    <titre>Le Siècle</titre>
    <dateEdition>1919-10-20</dateEdition>
    <nbPage>4</nbPage>
    <suppl>FALSE</suppl>
  </metad>
  <contenus>
    <largeur>357</largeur>
    <hauteur>531</hauteur>
    <pages>
      <page ordre="1">
        <nbMot>490</nbMot>
        <blocTexte>25</blocTexte>
        <blocTab>0</blocTab>
        <blocPub>0</blocPub>
        <blocIll ocr="2">0</blocIll>
        <ills/>
      </page>
      <page ordre="2">
        <nbMot>709</nbMot>
        <blocTexte>35</blocTexte>
        <blocTab>0</blocTab>
        <blocPub>0</blocPub>
        <blocIll ocr="7">0</blocIll>
        <ills/>
      </page>
      <page ordre="3">
        <nbMot>420</nbMot>
        <blocTexte>85</blocTexte>
        <blocTab>0</blocTab>
        <blocPub>0</blocPub>
        <blocIll ocr="19">1</blocIll>
        <ills>
          <ill classif="DFdnn" couleur="gris" edit="1" h="1028" n="3-3" pub="1" taille="1" w="597" x="211" y="3309">
            <tech source="final">imp photoméca</tech>
            <tech source="md">imp photoméca</tech>
            <contenuImg CS="0.97" h="102" sexe="P" source="dnn" w="77" x="392" y="187">face</contenuImg>
            <txt>MAÏÏM 2# OGTOB E I. ; PARIS</txt>
            <index>MAÏÏM 2# OGTOB E I. ; PARIS</index>
          </ill>
        </ills>
      </page>
      <page ordre="4">
        <nbMot>1082</nbMot>
        <blocTexte>116</blocTexte>
        <blocTab>0</blocTab>
        <blocPub>0</blocPub>
        <blocIll ocr="1">0</blocIll>
        <ills/>
      </page>
    </pages>
  </contenus>
</analyseAlto>