<analyseAlto>
  <metad>
    <type>P</type>
    <ID>bpt6k7513966</ID>
    <titre>Le Siècle</titre>
    <dateEdition>1919-12-22</dateEdition>
    <nbPage>4</nbPage>
    <suppl>FALSE</suppl>
  </metad>
  <contenus>
    <largeur>356</largeur>
    <hauteur>531</hauteur>
    <pages>
      <page ordre="1">
        <nbMot>595</nbMot>
        <blocTexte>39</blocTexte>
        <blocTab>0</blocTab>
        <blocPub>0</blocPub>
        <blocIll ocr="0">0</blocIll>
      </page>
      <page ordre="2">
        <nbMot>779</nbMot>
        <blocTexte>49</blocTexte>
        <blocTab>0</blocTab>
        <blocPub>0</blocPub>
        <blocIll ocr="6">0</blocIll>
        <ills/>
      </page>
      <page ordre="3">
        <nbMot>749</nbMot>
        <blocTexte>48</blocTexte>
        <blocTab>0</blocTab>
        <blocPub>0</blocPub>
        <blocIll ocr="3">0</blocIll>
        <ills/>
      </page>
      <page ordre="4">
        <nbMot>1127</nbMot>
        <blocTexte>258</blocTexte>
        <blocTab>0</blocTab>
        <blocPub>0</blocPub>
        <blocIll ocr="2">1</blocIll>
        <ills>
          <ill classif="DFdnn" couleur="gris" derniere="true" edit="1" h="544" n="4-1" pub="1" taille="0" w="349" x="3364" y="3253">
            <tech source="final">imp photoméca</tech>
            <tech source="md">imp photoméca</tech>
            <leg>GRIPPE MAUX la REINS LUMBAGO (t tous malaises d'un caractère fiévreux •ont toujours atténués et souvent guéris par quelques Comprimés  r ASPIRINE USINES d* RHONE' U TON »l 80 GoMmUi 1*60 £n Vint* 0«nt foofei '•  Pharmaeltt*</leg>
            <index>GRIPPE MAUX la REINS LUMBAGO (t tous malaises d'un caractère fiévreux •ont toujours atténués et souvent guéris par quelques Comprimés  r ASPIRINE USINES d* RHONE' U TON »l 80 GoMmUi 1*60 £n Vint* 0«nt foofei '•  Pharmaeltt*</index>
          </ill>
        </ills>
      </page>
    </pages>
  </contenus>
</analyseAlto>