<analyseAlto>
  <metad>
    <type>P</type>
    <ID>bpt6k751551j</ID>
    <titre>Le Siècle</titre>
    <dateEdition>1920-05-26</dateEdition>
    <nbPage>4</nbPage>
    <suppl>FALSE</suppl>
  </metad>
  <contenus>
    <largeur>358</largeur>
    <hauteur>536</hauteur>
    <pages>
      <page ordre="1">
        <nbMot>555</nbMot>
        <blocTexte>36</blocTexte>
        <blocTab>0</blocTab>
        <blocPub>0</blocPub>
        <blocIll ocr="4">0</blocIll>
        <ills/>
      </page>
      <page ordre="2">
        <nbMot>759</nbMot>
        <blocTexte>38</blocTexte>
        <blocTab>0</blocTab>
        <blocPub>0</blocPub>
        <blocIll ocr="3">1</blocIll>
        <ills>
          <ill classif="DFdnn" couleur="gris" edit="1" h="250" n="2-2" pub="1" taille="0" w="684" x="3306" y="3210">
            <tech source="final">imp photoméca</tech>
            <tech source="md">imp photoméca</tech>
            <leg>BTOmgSigBHgBBi ET POUCE...</leg>
            <txt>Tll. SAMIHiEMRDT JUSTICE</txt>
            <index>BTOmgSigBHgBBi ET POUCE...Tll. SAMIHiEMRDT JUSTICE</index>
          </ill>
        </ills>
      </page>
      <page ordre="3">
        <nbMot>778</nbMot>
        <blocTexte>21</blocTexte>
        <blocTab>0</blocTab>
        <blocPub>0</blocPub>
        <blocIll ocr="1">0</blocIll>
        <ills/>
      </page>
      <page ordre="4">
        <nbMot>1019</nbMot>
        <blocTexte>265</blocTexte>
        <blocTab>0</blocTab>
        <blocPub>0</blocPub>
        <blocIll ocr="1">0</blocIll>
        <ills/>
      </page>
    </pages>
  </contenus>
</analyseAlto>