<analyseAlto>
  <metad>
    <type>P</type>
    <ID>bpt6k751457h</ID>
    <titre>Le Siècle</titre>
    <dateEdition>1920-02-22</dateEdition>
    <nbPage>4</nbPage>
    <suppl>FALSE</suppl>
  </metad>
  <contenus>
    <largeur>357</largeur>
    <hauteur>538</hauteur>
    <pages>
      <page ordre="1">
        <nbMot>595</nbMot>
        <blocTexte>39</blocTexte>
        <blocTab>0</blocTab>
        <blocPub>0</blocPub>
        <blocIll ocr="1">0</blocIll>
        <ills/>
      </page>
      <page ordre="2">
        <nbMot>780</nbMot>
        <blocTexte>33</blocTexte>
        <blocTab>0</blocTab>
        <blocPub>0</blocPub>
        <blocIll ocr="3">0</blocIll>
        <ills/>
      </page>
      <page ordre="3">
        <nbMot>783</nbMot>
        <blocTexte>25</blocTexte>
        <blocTab>0</blocTab>
        <blocPub>0</blocPub>
        <blocIll ocr="2">1</blocIll>
        <ills>
          <ill classif="DFdnn" couleur="gris" edit="1" h="256" n="3-1" pub="1" taille="0" w="679" x="1794" y="3193">
            <tech source="final">imp photoméca</tech>
            <tech source="md">imp photoméca</tech>
            <leg>ET POUCE...</leg>
            <txt>Aucun autre amateur ne s'étant pré senté pour d'autres navires ou groupe# de navires, M. Scott a déclaré l'adjudica tion terminée. En somme, à part une demi-douzaine d'unités, les plus belles, la flotte de ces anciens paquebots allemands, n'a guère... attiré d'enchérisseurs, Cela parait tenir en premier lieu à ce que les circonstances ne favorisent pas les achats de navires : les exportations sont tombées très bas en raison de la situation du change; les cargos à desti nation de l'Europe partent des ports amé ricains m grande partie sur lest. Le. mouvement de touristes considérable qu'on prévoit 'pour l'été amènerait bien une demande de paquebots : mais ceux qui ont été repris à l'Allemagne ayant, dans l'in tervalle, servi de transports, ont besoin d'aménagements qui ne paraissent plus  pouvoir être'faits en temps utiie.' En second lieu, la politique du Shipping Board et celle du Congrès en matière de marine marchande demeurent hésitantes et incertaines. On ne sait pas encore au juste si le Shipping Board veut vraiment vendre, aux prix les plus avantageux qu'il soit possible d'obtenir, ou si les' autorités fédérales, en . dépit de tant de difficultés qui sautent aux yeux, ont l'intention de continuer à exploiter une flotte d'Etat, contre la concurrence domestique et étran gère. Cela coûterait au moins cent mil lions de dollars par an aiix contribuables,. et cela aboutirait à décourager les parti culiers de construire et d'armer des na vires.. On a fait croire à la grande mass JUSTICE</txt>
            <index>ET POUCE...Aucun autre amateur ne s'étant pré senté pour d'autres navires ou groupe# de navires, M. Scott a déclaré l'adjudica tion terminée. En somme, à part une demi-douzaine d'unités, les plus belles, la flotte de ces anciens paquebots allemands, n'a guère... attiré d'enchérisseurs, Cela parait tenir en premier lieu à ce que les circonstances ne favorisent pas les achats de navires : les exportations sont tombées très bas en raison de la situation du change; les cargos à desti nation de l'Europe partent des ports amé ricains m grande partie sur lest. Le. mouvement de touristes considérable qu'on prévoit 'pour l'été amènerait bien une demande de paquebots : mais ceux qui ont été repris à l'Allemagne ayant, dans l'in tervalle, servi de transports, ont besoin d'aménagements qui ne paraissent plus  pouvoir être'faits en temps utiie.' En second lieu, la politique du Shipping Board et celle du Congrès en matière de marine marchande demeurent hésitantes et incertaines. On ne sait pas encore au juste si le Shipping Board veut vraiment vendre, aux prix les plus avantageux qu'il soit possible d'obtenir, ou si les' autorités fédérales, en . dépit de tant de difficultés qui sautent aux yeux, ont l'intention de continuer à exploiter une flotte d'Etat, contre la concurrence domestique et étran gère. Cela coûterait au moins cent mil lions de dollars par an aiix contribuables,. et cela aboutirait à décourager les parti culiers de construire et d'armer des na vires.. On a fait croire à la grande mass JUSTICE</index>
          </ill>
        </ills>
      </page>
      <page ordre="4">
        <nbMot>1072</nbMot>
        <blocTexte>301</blocTexte>
        <blocTab>0</blocTab>
        <blocPub>0</blocPub>
        <blocIll ocr="2">0</blocIll>
        <ills/>
      </page>
    </pages>
  </contenus>
</analyseAlto>