<analyseAlto>
  <metad>
    <type>P</type>
    <ID>bpt6k751524n</ID>
    <titre>Le Siècle</titre>
    <dateEdition>1920-04-29</dateEdition>
    <nbPage>4</nbPage>
    <suppl>FALSE</suppl>
  </metad>
  <contenus>
    <largeur>355</largeur>
    <hauteur>537</hauteur>
    <pages>
      <page ordre="1">
        <nbMot>623</nbMot>
        <blocTexte>32</blocTexte>
        <blocTab>0</blocTab>
        <blocPub>0</blocPub>
        <blocIll ocr="1">0</blocIll>
        <ills/>
      </page>
      <page ordre="2">
        <nbMot>775</nbMot>
        <blocTexte>36</blocTexte>
        <blocTab>0</blocTab>
        <blocPub>0</blocPub>
        <blocIll ocr="1">0</blocIll>
        <ills/>
      </page>
      <page ordre="3">
        <nbMot>749</nbMot>
        <blocTexte>29</blocTexte>
        <blocTab>0</blocTab>
        <blocPub>0</blocPub>
        <blocIll ocr="3">1</blocIll>
        <ills>
          <ill couleur="gris" edit="1" h="254" n="3-1" pub="1" taille="0" w="677" x="3373" y="3199">
            <tech source="final">imp photoméca</tech>
            <tech source="md">imp photoméca</tech>
            <leg>fî POUCE...</leg>
            <txt>a -été définitivement signé liiér. Cette éventua lité, escomptée depuis quelque temps, a modi fié l'état d'esprit des capitalistes américaine Ces derniers, voyant que toutes les denrées passeront par te Canada au lieu de venir d'Amérique en France, se sont empressés de laire des propositions plus avantageuse^ gue précédemment ; certains proposent «es paie ments échelonnés, votre un crédit prolongé, La concurrence a du bon. 4h. v frvt « à PARIS -/ni7\ ^ MAX ViTERBQ JtfftTlCS'</txt>
            <index>fî POUCE...a -été définitivement signé liiér. Cette éventua lité, escomptée depuis quelque temps, a modi fié l'état d'esprit des capitalistes américaine Ces derniers, voyant que toutes les denrées passeront par te Canada au lieu de venir d'Amérique en France, se sont empressés de laire des propositions plus avantageuse^ gue précédemment ; certains proposent «es paie ments échelonnés, votre un crédit prolongé, La concurrence a du bon. 4h. v frvt « à PARIS -/ni7\ ^ MAX ViTERBQ JtfftTlCS'</index>
          </ill>
        </ills>
      </page>
      <page ordre="4">
        <nbMot>1027</nbMot>
        <blocTexte>336</blocTexte>
        <blocTab>0</blocTab>
        <blocPub>0</blocPub>
        <blocIll ocr="5">1</blocIll>
        <ills>
          <ill couleur="gris" derniere="true" edit="1" h="1017" n="4-3" pub="1" taille="2" w="1487" x="181" y="5083">
            <tech source="final">imp photoméca</tech>
            <tech source="md">imp photoméca</tech>
            <leg>Hier : ENGHIEK</leg>
            <txt>1 259. Avenue Bertheloî JLYON 152, Av de» Champs-Elysées PARIS    ; Demande r Notice e : c Catalogue.</txt>
            <index>Hier : ENGHIEK1 259. Avenue Bertheloî JLYON 152, Av de» Champs-Elysées PARIS    ; Demande r Notice e : c Catalogue.</index>
          </ill>
        </ills>
      </page>
    </pages>
  </contenus>
</analyseAlto>