<analyseAlto>
  <metad>
    <type>P</type>
    <ID>bpt6k751499n</ID>
    <titre>Le Siècle</titre>
    <dateEdition>1920-04-04</dateEdition>
    <nbPage>4</nbPage>
    <suppl>FALSE</suppl>
  </metad>
  <contenus>
    <largeur>356</largeur>
    <hauteur>538</hauteur>
    <pages>
      <page ordre="1">
        <nbMot>609</nbMot>
        <blocTexte>23</blocTexte>
        <blocTab>0</blocTab>
        <blocPub>0</blocPub>
        <blocIll ocr="1">0</blocIll>
        <ills/>
      </page>
      <page ordre="2">
        <nbMot>771</nbMot>
        <blocTexte>46</blocTexte>
        <blocTab>0</blocTab>
        <blocPub>0</blocPub>
        <blocIll ocr="1">0</blocIll>
        <ills/>
      </page>
      <page ordre="3">
        <nbMot>824</nbMot>
        <blocTexte>17</blocTexte>
        <blocTab>0</blocTab>
        <blocPub>0</blocPub>
        <blocIll ocr="0">0</blocIll>
      </page>
      <page ordre="4">
        <nbMot>1098</nbMot>
        <blocTexte>381</blocTexte>
        <blocTab>0</blocTab>
        <blocPub>0</blocPub>
        <blocIll ocr="5">2</blocIll>
        <ills>
          <ill couleur="gris" derniere="true" edit="1" h="1137" n="4-1" pub="1" taille="3" w="1511" x="2587" y="1948">
            <tech source="final">imp photoméca</tech>
            <tech source="md">imp photoméca</tech>
            <txt>n Beauté de Cour.. 5 Patroclô, ........ 5 Ourcç. â Clan Ronald ... 4 Précaution ..... â Quator fi Aiken 4 Adventure ...... 5 ATiodand ......i 4 1.a Revanche II. 4 Occebo.urg a OcBn III ....... (1 Précy '4 Ifoquisitive ....... 5 Sundairi â Herbier 4 Earlbury 4 Cour. Australe. .- A Manzoni sieur) na-rd) placés</txt>
            <index>n Beauté de Cour.. 5 Patroclô, ........ 5 Ourcç. â Clan Ronald ... 4 Précaution ..... â Quator fi Aiken 4 Adventure ...... 5 ATiodand ......i 4 1.a Revanche II. 4 Occebo.urg a OcBn III ....... (1 Précy '4 Ifoquisitive ....... 5 Sundairi â Herbier 4 Earlbury 4 Cour. Australe. .- A Manzoni sieur) na-rd) placés</index>
          </ill>
          <ill couleur="gris" derniere="true" edit="1" h="968" n="4-5" pub="1" taille="1" w="614" x="3467" y="3299">
            <tech source="final">imp photoméca</tech>
            <tech source="md">imp photoméca</tech>
            <txt>Exigez-le GIBBS authentiqua Ç .THIBAUD et C!..7et 9, rue J-Â BoSUc, P1H1 it Iin/Tl/TTI iop du uvonMorli bsrbs Coutaionaalrai giaéraux de D. et W. GIBBS (I INVENTEUK^et du uTo^entuAcef</txt>
            <index>Exigez-le GIBBS authentiqua Ç .THIBAUD et C!..7et 9, rue J-Â BoSUc, P1H1 it Iin/Tl/TTI iop du uvonMorli bsrbs Coutaionaalrai giaéraux de D. et W. GIBBS (I INVENTEUK^et du uTo^entuAcef</index>
          </ill>
        </ills>
      </page>
    </pages>
  </contenus>
</analyseAlto>