<analyseAlto>
  <metad>
    <type>P</type>
    <ID>bpt6k7493405</ID>
    <titre>Le Siècle</titre>
    <dateEdition>1914-04-02</dateEdition>
    <nbPage>6</nbPage>
    <suppl>FALSE</suppl>
  </metad>
  <contenus>
    <largeur>431</largeur>
    <hauteur>603</hauteur>
    <pages>
      <page ordre="1">
        <nbMot>907</nbMot>
        <blocTexte>33</blocTexte>
        <blocTab>0</blocTab>
        <blocPub>0</blocPub>
        <blocIll ocr="10">0</blocIll>
        <ills/>
      </page>
      <page ordre="2">
        <nbMot>1070</nbMot>
        <blocTexte>16</blocTexte>
        <blocTab>0</blocTab>
        <blocPub>0</blocPub>
        <blocIll ocr="1">0</blocIll>
        <ills/>
      </page>
      <page ordre="3">
        <nbMot>1123</nbMot>
        <blocTexte>43</blocTexte>
        <blocTab>0</blocTab>
        <blocPub>0</blocPub>
        <blocIll ocr="4">1</blocIll>
        <ills>
          <ill classif="DFdnn" couleur="gris" edit="1" h="344" n="3-2" pub="1" taille="0" w="692" x="2604" y="1810">
            <tech source="final">imp photoméca</tech>
            <tech source="md">imp photoméca</tech>
            <contenuImg CS="1" lang="fr" source="hm" time="2020-04-08T18:08:05.329+02:00">moto</contenuImg>
            <leg>LES GOURSEg COURSES AU TREMBLAY</leg>
            <txt>La Rê véSatS n des B'ÂInné® ■U Moto TMOKÎANN ■ .) construits par la célèbre marque .de CYCLES triomphatrice de [ i' . BORDEAUX - PAl»» 1913 j. Catalogue franco sur demande, U»ine» THOMANN, * NANTËHRE celui, que fournira le choc entre nordistes et méridionaux venus des deux extrémités de la France. L'an passé, on s'en_souvient, tous les records de succès, furent battus à Roueji en uhe telle, occasion, Il est permis d'espérer qu'il en sera de même cette rois en notre capitale. Tout permet en tous cas de le croire. Levallois contre Corinthiens-' L'équipe, de Levallois, qui a battu successi- Veitieht les meilleurs ciiibs français et, diman che, dernier l'ASP, va rencontrer, comme ulti me adversaire/ avant le trophée dè France, l'é quipe des Corinthiens. On sait que'les Corinthiens bht fait match nui avec l'Entente Parisienne, qui a 'été bat tue par les SpurS, où Levalloi3 était rehforcê par le Red Star. La cohésion des LeValloiSiens aurà-t.ellè fai*- son cette fois encore des adversaires, ou les brillantes qualités de ceux-ci vont-elles leur assurer là viotçireî. : '-'L'énigme est passionnèihté, d'autant pîilë que les lignés' de' comparaison manquent mais qu'on sait néanmoins quels sont là valeur et le renom des deux équipes. Le^mateh aura lieu- dimanche, à 15 heures, sur 1» terrain de Levallois. SKATING Le. Championnat de France Ce soir, au Skatinfe du Palais des Sports, sur 1.000 .mètres, — Les engagés. — Le palmarès ' La Fédération des Patineurs   roulettes de France fera disputer ce soir, au Skaling du Palais des Sports, son annuel Championnat de France de vitesse. 25 coureurs sont engagés dans cètte épreuve qui s'anhoncë d'ores et dé- comme le great event de cette saison</txt>
            <index>LES GOURSEg COURSES AU TREMBLAYLa Rê véSatS n des B'ÂInné® ■U Moto TMOKÎANN ■ .) construits par la célèbre marque .de CYCLES triomphatrice de [ i' . BORDEAUX - PAl»» 1913 j. Catalogue franco sur demande, U»ine» THOMANN, * NANTËHRE celui, que fournira le choc entre nordistes et méridionaux venus des deux extrémités de la France. L'an passé, on s'en_souvient, tous les records de succès, furent battus à Roueji en uhe telle, occasion, Il est permis d'espérer qu'il en sera de même cette rois en notre capitale. Tout permet en tous cas de le croire. Levallois contre Corinthiens-' L'équipe, de Levallois, qui a battu successi- Veitieht les meilleurs ciiibs français et, diman che, dernier l'ASP, va rencontrer, comme ulti me adversaire/ avant le trophée dè France, l'é quipe des Corinthiens. On sait que'les Corinthiens bht fait match nui avec l'Entente Parisienne, qui a 'été bat tue par les SpurS, où Levalloi3 était rehforcê par le Red Star. La cohésion des LeValloiSiens aurà-t.ellè fai*- son cette fois encore des adversaires, ou les brillantes qualités de ceux-ci vont-elles leur assurer là viotçireî. : '-'L'énigme est passionnèihté, d'autant pîilë que les lignés' de' comparaison manquent mais qu'on sait néanmoins quels sont là valeur et le renom des deux équipes. Le^mateh aura lieu- dimanche, à 15 heures, sur 1» terrain de Levallois. SKATING Le. Championnat de France Ce soir, au Skatinfe du Palais des Sports, sur 1.000 .mètres, — Les engagés. — Le palmarès ' La Fédération des Patineurs   roulettes de France fera disputer ce soir, au Skaling du Palais des Sports, son annuel Championnat de France de vitesse. 25 coureurs sont engagés dans cètte épreuve qui s'anhoncë d'ores et dé- comme le great event de cette saison</index>
            <contenuImg CS="1" lang="en" source="hm" time="2020-04-08T18:08:05.329+02:00">motorcycle</contenuImg>
          </ill>
        </ills>
      </page>
      <page ordre="4">
        <nbMot>2013</nbMot>
        <blocTexte>638</blocTexte>
        <blocTab>0</blocTab>
        <blocPub>0</blocPub>
        <blocIll ocr="0">0</blocIll>
      </page>
      <page ordre="5">
        <nbMot>909</nbMot>
        <blocTexte>22</blocTexte>
        <blocTab>0</blocTab>
        <blocPub>0</blocPub>
        <blocIll ocr="6">0</blocIll>
        <ills/>
      </page>
      <page ordre="6">
        <nbMot>1037</nbMot>
        <blocTexte>26</blocTexte>
        <blocTab>0</blocTab>
        <blocPub>0</blocPub>
        <blocIll ocr="4">0</blocIll>
        <ills/>
      </page>
    </pages>
  </contenus>
</analyseAlto>