<analyseAlto>
  <metad>
    <type>P</type>
    <ID>bpt6k751569x</ID>
    <titre>Le Siècle</titre>
    <dateEdition>1920-06-13</dateEdition>
    <nbPage>4</nbPage>
    <suppl>FALSE</suppl>
  </metad>
  <contenus>
    <largeur>355</largeur>
    <hauteur>538</hauteur>
    <pages>
      <page ordre="1">
        <nbMot>606</nbMot>
        <blocTexte>28</blocTexte>
        <blocTab>0</blocTab>
        <blocPub>0</blocPub>
        <blocIll ocr="0">0</blocIll>
      </page>
      <page ordre="2">
        <nbMot>802</nbMot>
        <blocTexte>38</blocTexte>
        <blocTab>0</blocTab>
        <blocPub>0</blocPub>
        <blocIll ocr="1">0</blocIll>
        <ills/>
      </page>
      <page ordre="3">
        <nbMot>684</nbMot>
        <blocTexte>25</blocTexte>
        <blocTab>0</blocTab>
        <blocPub>0</blocPub>
        <blocIll ocr="1">1</blocIll>
        <ills>
          <ill classif="DFdnn" couleur="gris" edit="1" h="1042" n="3-1" pub="1" taille="1" w="743" x="2582" y="2310">
            <tech source="final">imp photoméca</tech>
            <tech source="md">imp photoméca</tech>
            <contenuImg CS="0.95" h="92" sexe="P" source="dnn" w="65" x="322" y="162">face</contenuImg>
            <leg>La Vie financière</leg>
            <txt>Les tarife tiee charbons A partir du 14 juin, les tarifs des combus tibles pour le foyer domestique seront ma jorés de 40 françs par tonne pour'chaque nature de combustible. Notamment, lo prix du tout-venant sera de 270 francfc , celui des boulets et briquettes de 295 francs. Aucune modification n'est apportée aux prix des combustibles pour le chauffage cen tral, la petit commerce et la petite industrie l'alimentation et l'hygiène. L'écart entre ces- prix et ceux du foyer do mestique est donc ramené de 170 francs à 130 francs par tonne, somme que les titulai res de bons blancs ou verts auront désormais à verser dans les mairies à titre de supplé ment. Afin de faciliter l'utilisation des briquettes de lignite, chaque coupon de la carte de charbon donnera droit, à, Paris, à l'achat de 50 kilos de ces briquettes au lieu de 20 kilos de charbon. * Pour bénéficier de cet avantage, les intéres sée sont invités à se présenter à la mairie avec leur carte de charbon, afin de fajie es tampiller les coupons qu'ils se proposeront d'employer à l'achat de briquettes. Les coupons ainsi spécialisés seront vala bles pendant le mois qu'ils mentionnent, ain si que pendanf tout le mois suivant. Capital et travail Le groupe industriel de la Fédération des Français dont le but est d'étudier toutes les questions relatives à l'intérêt général de l'in dustrie, et plus particulièrement toutes les questions sociales intéressant l'union du ca pital du travail, aurâ sa' première réunion officielle à l'occ GRANDS MAGASINS DU !</txt>
            <index>La Vie financièreLes tarife tiee charbons A partir du 14 juin, les tarifs des combus tibles pour le foyer domestique seront ma jorés de 40 françs par tonne pour'chaque nature de combustible. Notamment, lo prix du tout-venant sera de 270 francfc , celui des boulets et briquettes de 295 francs. Aucune modification n'est apportée aux prix des combustibles pour le chauffage cen tral, la petit commerce et la petite industrie l'alimentation et l'hygiène. L'écart entre ces- prix et ceux du foyer do mestique est donc ramené de 170 francs à 130 francs par tonne, somme que les titulai res de bons blancs ou verts auront désormais à verser dans les mairies à titre de supplé ment. Afin de faciliter l'utilisation des briquettes de lignite, chaque coupon de la carte de charbon donnera droit, à, Paris, à l'achat de 50 kilos de ces briquettes au lieu de 20 kilos de charbon. * Pour bénéficier de cet avantage, les intéres sée sont invités à se présenter à la mairie avec leur carte de charbon, afin de fajie es tampiller les coupons qu'ils se proposeront d'employer à l'achat de briquettes. Les coupons ainsi spécialisés seront vala bles pendant le mois qu'ils mentionnent, ain si que pendanf tout le mois suivant. Capital et travail Le groupe industriel de la Fédération des Français dont le but est d'étudier toutes les questions relatives à l'intérêt général de l'in dustrie, et plus particulièrement toutes les questions sociales intéressant l'union du ca pital du travail, aurâ sa' première réunion officielle à l'occ GRANDS MAGASINS DU !</index>
          </ill>
        </ills>
      </page>
      <page ordre="4">
        <nbMot>1067</nbMot>
        <blocTexte>467</blocTexte>
        <blocTab>0</blocTab>
        <blocPub>0</blocPub>
        <blocIll ocr="3">0</blocIll>
        <ills/>
      </page>
    </pages>
  </contenus>
</analyseAlto>