<analyseAlto>
  <metad>
    <type>P</type>
    <ID>bpt6k749416q</ID>
    <titre>Le Siècle</titre>
    <dateEdition>1914-06-17</dateEdition>
    <nbPage>4</nbPage>
    <suppl>FALSE</suppl>
  </metad>
  <contenus>
    <largeur>430</largeur>
    <hauteur>599</hauteur>
    <pages>
      <page ordre="1">
        <nbMot>857</nbMot>
        <blocTexte>90</blocTexte>
        <blocTab>0</blocTab>
        <blocPub>0</blocPub>
        <blocIll ocr="8">0</blocIll>
        <ills/>
      </page>
      <page ordre="2">
        <nbMot>1043</nbMot>
        <blocTexte>22</blocTexte>
        <blocTab>0</blocTab>
        <blocPub>0</blocPub>
        <blocIll ocr="0">0</blocIll>
      </page>
      <page ordre="3">
        <nbMot>1005</nbMot>
        <blocTexte>51</blocTexte>
        <blocTab>0</blocTab>
        <blocPub>0</blocPub>
        <blocIll ocr="4">1</blocIll>
        <ills>
          <ill classif="DFdnn" couleur="gris" edit="1" h="327" n="3-2" pub="1" taille="0" w="681" x="2507" y="3745">
            <tech source="final">imp photoméca</tech>
            <tech source="md">imp photoméca</tech>
            <contenuImg CS="1" lang="fr" source="hm" time="2020-04-08T18:08:49.635+02:00">voiture</contenuImg>
            <leg>4 cyl. 4 places 60/120 Torpédo</leg>
            <txt>torisation de courir sur piste avec les profes sionnels. Entrée : 10 francs par équipe. Prix des Etrangers. — Obligatoire pour tous les coureurs étrangers participant au Grand Prix proprement dit. Entrée : 2 francs. Prix de France. — Obligatoire pour tous les coureurs français participant au Grand Prix proprement dit. Entrée : 2 francs. Prix de la Commission Sportive, primes, re- %ervée aux coureurs professionnels de  2* et 3' catégories. — Entrée : 2 francs. Prix du Conseil Général, course de 50 kil. derrière motocyclettes. — Entrée : 20 francs. Prix Caumeau, primes professionnels et in. dépendants possédant l'autorisation de courir avec les professionnels (fermée aux coureurs professionnels hors série de 1  et 2  catégories, ainsi qu'aux indépendants hors série). Entrée : 2 fran «. ■ Prix de la Finance, tandems, internationale professionnels et indépendants possédant l'au torisation de courir sur piste avec les profes sionnels. Entrée. : 10 francs par équipe; Prix DauSset, 50 kil. derrière entraîneurs à tandejn par invitation de six coureurs. Chaque coureur devra justifie* en s'engageant, d'un service de six équipes pour l'entraîner et devra donner, en s'f.ngageant, 'es noms de ses douze entraîneurs. Cette épreuve sera courue en deux manches, la première sur 10 kil., la deuxième sur 40 kil. Classement par addition de 'points. — Entrée : 20 francs. ATHLETISME La belle fête organisée par le Collège d'Ath lètes de Reims pour la soirée du mercredi 24 juin .promet d'être en tous CLEIENT BATARD Usines à Levallois-Paris | La meilleure conception Les mei lleurs matériaux Le meilleur usinage</txt>
            <index>4 cyl. 4 places 60/120 Torpédotorisation de courir sur piste avec les profes sionnels. Entrée : 10 francs par équipe. Prix des Etrangers. — Obligatoire pour tous les coureurs étrangers participant au Grand Prix proprement dit. Entrée : 2 francs. Prix de France. — Obligatoire pour tous les coureurs français participant au Grand Prix proprement dit. Entrée : 2 francs. Prix de la Commission Sportive, primes, re- %ervée aux coureurs professionnels de  2* et 3' catégories. — Entrée : 2 francs. Prix du Conseil Général, course de 50 kil. derrière motocyclettes. — Entrée : 20 francs. Prix Caumeau, primes professionnels et in. dépendants possédant l'autorisation de courir avec les professionnels (fermée aux coureurs professionnels hors série de 1  et 2  catégories, ainsi qu'aux indépendants hors série). Entrée : 2 fran «. ■ Prix de la Finance, tandems, internationale professionnels et indépendants possédant l'au torisation de courir sur piste avec les profes sionnels. Entrée. : 10 francs par équipe; Prix DauSset, 50 kil. derrière entraîneurs à tandejn par invitation de six coureurs. Chaque coureur devra justifie* en s'engageant, d'un service de six équipes pour l'entraîner et devra donner, en s'f.ngageant, 'es noms de ses douze entraîneurs. Cette épreuve sera courue en deux manches, la première sur 10 kil., la deuxième sur 40 kil. Classement par addition de 'points. — Entrée : 20 francs. ATHLETISME La belle fête organisée par le Collège d'Ath lètes de Reims pour la soirée du mercredi 24 juin .promet d'être en tous CLEIENT BATARD Usines à Levallois-Paris | La meilleure conception Les mei lleurs matériaux Le meilleur usinage</index>
            <contenuImg CS="1" lang="en" source="hm" time="2020-04-08T18:08:49.635+02:00">car</contenuImg>
          </ill>
        </ills>
      </page>
      <page ordre="4">
        <nbMot>2037</nbMot>
        <blocTexte>848</blocTexte>
        <blocTab>0</blocTab>
        <blocPub>0</blocPub>
        <blocIll ocr="0">0</blocIll>
      </page>
    </pages>
  </contenus>
</analyseAlto>