<analyseAlto>
  <metad>
    <type>P</type>
    <ID>bpt6k751744z</ID>
    <titre>Le Siècle</titre>
    <dateEdition>1920-12-06</dateEdition>
    <nbPage>4</nbPage>
    <suppl>FALSE</suppl>
  </metad>
  <contenus>
    <largeur>362</largeur>
    <hauteur>543</hauteur>
    <pages>
      <page ordre="1">
        <nbMot>627</nbMot>
        <blocTexte>37</blocTexte>
        <blocTab>0</blocTab>
        <blocPub>0</blocPub>
        <blocIll ocr="0">0</blocIll>
      </page>
      <page ordre="2">
        <nbMot>765</nbMot>
        <blocTexte>41</blocTexte>
        <blocTab>0</blocTab>
        <blocPub>0</blocPub>
        <blocIll ocr="8">0</blocIll>
        <ills/>
      </page>
      <page ordre="3">
        <nbMot>764</nbMot>
        <blocTexte>34</blocTexte>
        <blocTab>0</blocTab>
        <blocPub>0</blocPub>
        <blocIll ocr="3">1</blocIll>
        <ills>
          <ill couleur="gris" edit="1" h="620" n="3-2" pub="1" taille="0" w="686" x="3420" y="2594">
            <tech source="final">imp photoméca</tech>
            <tech source="md">imp photoméca</tech>
            <leg>largeu!/.,,. . _____ _ Prijc..'., SfsT. S8S.. 593.. 645.. PRIX SANS PRÉCÉDENTS Cêflod tofe devante absolue, est fabriqué avec des matériaux -de PStniER CHOIX, les piliers et les bamaiK sont EMH ÈREfl EflTei\ GJtVREet de forme carréa.les chapiteaux sonten(MRi:flASSlf.</leg>
            <txt>fbrvdées en 19 QO • H EDAI LLE d OR 4. MAISO NS de VENTE À PARIS MAISON û£ VéNT£ PB/NC/MLt: : 125. Rue Lecourbe(XV!)T£«» R S  LIT TOUTCUIVRE Gros Pilier; carrés Modèle U.W.,</txt>
            <index>largeu!/.,,. . _____ _ Prijc..'., SfsT. S8S.. 593.. 645.. PRIX SANS PRÉCÉDENTS Cêflod tofe devante absolue, est fabriqué avec des matériaux -de PStniER CHOIX, les piliers et les bamaiK sont EMH ÈREfl EflTei\ GJtVREet de forme carréa.les chapiteaux sonten(MRi:flASSlf.fbrvdées en 19 QO • H EDAI LLE d OR 4. MAISO NS de VENTE À PARIS MAISON û£ VéNT£ PB/NC/MLt: : 125. Rue Lecourbe(XV!)T£«» R S  LIT TOUTCUIVRE Gros Pilier; carrés Modèle U.W.,</index>
          </ill>
        </ills>
      </page>
      <page ordre="4">
        <nbMot>950</nbMot>
        <blocTexte>365</blocTexte>
        <blocTab>0</blocTab>
        <blocPub>0</blocPub>
        <blocIll ocr="10">0</blocIll>
        <ills/>
      </page>
    </pages>
  </contenus>
</analyseAlto>