<analyseAlto>
  <metad>
    <type>P</type>
    <ID>bpt6k751422k</ID>
    <titre>Le Siècle</titre>
    <dateEdition>1920-01-18</dateEdition>
    <nbPage>4</nbPage>
    <suppl>FALSE</suppl>
  </metad>
  <contenus>
    <largeur>354</largeur>
    <hauteur>537</hauteur>
    <pages>
      <page ordre="1">
        <nbMot>580</nbMot>
        <blocTexte>30</blocTexte>
        <blocTab>0</blocTab>
        <blocPub>0</blocPub>
        <blocIll ocr="0">0</blocIll>
      </page>
      <page ordre="2">
        <nbMot>761</nbMot>
        <blocTexte>41</blocTexte>
        <blocTab>0</blocTab>
        <blocPub>0</blocPub>
        <blocIll ocr="2">1</blocIll>
        <ills>
          <ill couleur="gris" edit="1" h="359" n="2-2" pub="1" taille="0" w="749" x="3351" y="2890">
            <tech source="final">imp photoméca</tech>
            <tech source="md">imp photoméca</tech>
            <txt>vouloir le dissimuler J'y voyais l'installa tion, à l'Elysée, du principe d'autorité, la continuité d'une politique d'énergie contre! nos ennemis do l'extérieur et de l'intérieur, ' J'avais fait taire tous mes sentiments person nels, tous mes souvenirs du poissé, tous mes scrupules de catholique, pour ne voir que cê que je croyais et que je crois encore l'intérêt supérieur du pays. J'avais conscience d'être en accord avec l'opinion auprès d® laquelle M. Clemenceau n'avait cessé de jouir d'une, immense popularité. Je voyais là ' une  sorte de plébiscite rendu par une assemblée. Les électeurs parlementaires m'ont donné tort.: Beaucoup de gens estimaient que M. Cle menceau, dans l'intérêt de sa.-'gloire, aurai# dû se retirer depuis l'armistice ;• d'autres ' disaient apyès l 'armistice; d'aucuns erffln pen-  saieut que son élection serait pour lui la' début des désenchantements. D'où vient qu'il en ait jugé autrement î On a dû lui persua der que l'heure n'était pas venue pour lui de cesser de servir son pays. Il a. pu le croire. Il est venu trébucher sur un tout petit gtrain : de sable, qui s'appelle : le vote secret. H avait dit qu'il se laisserait porter à la présidence. C'était peuitêtre cornélien, ce n'était pas par lementaire. On le lui a bien fait voir. Dans de telles conditions, il ne pouvait maintenir o sa candidature devant le Congrès t il ne l'a pas maintenuo. 11 a bien fait. Pour M. Emile Buré (Eclair) c'est moins contre M, Clemeneeau quo contre ses col laborateurs que «</txt>
            <index>vouloir le dissimuler J'y voyais l'installa tion, à l'Elysée, du principe d'autorité, la continuité d'une politique d'énergie contre! nos ennemis do l'extérieur et de l'intérieur, ' J'avais fait taire tous mes sentiments person nels, tous mes souvenirs du poissé, tous mes scrupules de catholique, pour ne voir que cê que je croyais et que je crois encore l'intérêt supérieur du pays. J'avais conscience d'être en accord avec l'opinion auprès d® laquelle M. Clemenceau n'avait cessé de jouir d'une, immense popularité. Je voyais là ' une  sorte de plébiscite rendu par une assemblée. Les électeurs parlementaires m'ont donné tort.: Beaucoup de gens estimaient que M. Cle menceau, dans l'intérêt de sa.-'gloire, aurai# dû se retirer depuis l'armistice ;• d'autres ' disaient apyès l 'armistice; d'aucuns erffln pen-  saieut que son élection serait pour lui la' début des désenchantements. D'où vient qu'il en ait jugé autrement î On a dû lui persua der que l'heure n'était pas venue pour lui de cesser de servir son pays. Il a. pu le croire. Il est venu trébucher sur un tout petit gtrain : de sable, qui s'appelle : le vote secret. H avait dit qu'il se laisserait porter à la présidence. C'était peuitêtre cornélien, ce n'était pas par lementaire. On le lui a bien fait voir. Dans de telles conditions, il ne pouvait maintenir o sa candidature devant le Congrès t il ne l'a pas maintenuo. 11 a bien fait. Pour M. Emile Buré (Eclair) c'est moins contre M, Clemeneeau quo contre ses col laborateurs que «</index>
          </ill>
        </ills>
      </page>
      <page ordre="3">
        <nbMot>784</nbMot>
        <blocTexte>24</blocTexte>
        <blocTab>0</blocTab>
        <blocPub>0</blocPub>
        <blocIll ocr="0">0</blocIll>
      </page>
      <page ordre="4">
        <nbMot>1270</nbMot>
        <blocTexte>365</blocTexte>
        <blocTab>0</blocTab>
        <blocPub>0</blocPub>
        <blocIll ocr="3">0</blocIll>
        <ills/>
      </page>
    </pages>
  </contenus>
</analyseAlto>