<analyseAlto>
  <metad>
    <type>P</type>
    <ID>bpt6k751584q</ID>
    <titre>Le Siècle</titre>
    <dateEdition>1920-06-28</dateEdition>
    <nbPage>4</nbPage>
    <suppl>FALSE</suppl>
  </metad>
  <contenus>
    <largeur>358</largeur>
    <hauteur>535</hauteur>
    <pages>
      <page ordre="1">
        <nbMot>602</nbMot>
        <blocTexte>36</blocTexte>
        <blocTab>0</blocTab>
        <blocPub>0</blocPub>
        <blocIll ocr="3">0</blocIll>
        <ills/>
      </page>
      <page ordre="2">
        <nbMot>814</nbMot>
        <blocTexte>53</blocTexte>
        <blocTab>0</blocTab>
        <blocPub>0</blocPub>
        <blocIll ocr="2">0</blocIll>
        <ills/>
      </page>
      <page ordre="3">
        <nbMot>476</nbMot>
        <blocTexte>35</blocTexte>
        <blocTab>0</blocTab>
        <blocPub>0</blocPub>
        <blocIll ocr="18">1</blocIll>
        <ills>
          <ill couleur="gris" edit="1" h="859" n="3-8" pub="1" taille="0" w="585" x="2571" y="4267">
            <tech source="final">imp photoméca</tech>
            <tech source="md">imp photoméca</tech>
            <leg>— [TE LEPHO NIE — Appareils _ pour Batterie Centrale Intégrale supprimant t oute pile chez l'abonné Robustesse et g rande sensibilité po ur les grandes distances SOCIÉTÉ ANONYME DES PORCELAINES ET APPAkElLLAGES ELECTRIQUES GRÀMMONT. Siège Social : 10, Rue d'JJzès, PARIS Bureaux et Magasins : 123, Rue de Grenelle. PAAIS (¥11°) . . Tél. Saxe 25-14 et 52-14</leg>
            <txt>2 fr» pour cinquante francs et au-dessus S te. pour cent francs et au-dessus ueMnarni 9 ] ( SENSATIONNELLE MISE en. VENTE UB tv îS.»!« i£T !c90PES COUPOHS</txt>
            <index>— [TE LEPHO NIE — Appareils _ pour Batterie Centrale Intégrale supprimant t oute pile chez l'abonné Robustesse et g rande sensibilité po ur les grandes distances SOCIÉTÉ ANONYME DES PORCELAINES ET APPAkElLLAGES ELECTRIQUES GRÀMMONT. Siège Social : 10, Rue d'JJzès, PARIS Bureaux et Magasins : 123, Rue de Grenelle. PAAIS (¥11°) . . Tél. Saxe 25-14 et 52-142 fr» pour cinquante francs et au-dessus S te. pour cent francs et au-dessus ueMnarni 9 ] ( SENSATIONNELLE MISE en. VENTE UB tv îS.»!« i£T !c90PES COUPOHS</index>
          </ill>
        </ills>
      </page>
      <page ordre="4">
        <nbMot>1232</nbMot>
        <blocTexte>322</blocTexte>
        <blocTab>0</blocTab>
        <blocPub>0</blocPub>
        <blocIll ocr="3">0</blocIll>
        <ills/>
      </page>
    </pages>
  </contenus>
</analyseAlto>