<analyseAlto>
  <metad>
    <type>P</type>
    <ID>bpt6k751749v</ID>
    <titre>Le Siècle</titre>
    <dateEdition>1920-12-11</dateEdition>
    <nbPage>4</nbPage>
    <suppl>FALSE</suppl>
  </metad>
  <contenus>
    <largeur>359</largeur>
    <hauteur>542</hauteur>
    <pages>
      <page ordre="1">
        <nbMot>596</nbMot>
        <blocTexte>26</blocTexte>
        <blocTab>0</blocTab>
        <blocPub>0</blocPub>
        <blocIll ocr="0">0</blocIll>
      </page>
      <page ordre="2">
        <nbMot>780</nbMot>
        <blocTexte>41</blocTexte>
        <blocTab>0</blocTab>
        <blocPub>0</blocPub>
        <blocIll ocr="8">1</blocIll>
        <ills>
          <ill couleur="gris" edit="1" h="750" n="2-8" pub="1" taille="1" w="747" x="3387" y="1635">
            <tech source="final">imp photoméca</tech>
            <tech source="md">imp photoméca</tech>
            <txt>LA PAIX SOCIALE Lo conseil général do la Seine a de mandé, sur la proposition de M. Jean Mo-- rin. lu réintégration des cheminots révo ques. * . M. Edmond du Mesnil (Rappel) approuva cette suggestion. Un gouvernement qui ne repose que sur la force et qui no subsiste que par des ré pressions porte le signe fatal'd'un mauvais destin. - C'est dans les esprits qu'il faut établir .l'ordre par la générosité, et toute politique np saurait être durable qu'autant qu'elle étend ses racines dans l'âme populaire. Mais M. E-mile Buï'é (Eclair) est pour la discipline et pour le maintien des sanc tions prises après de solennels avertisse ments. La ïtaance  - déjà cpnhu plusieurs ptôves dea services publics suivies de révocations.- Chaque fûàê, les révoqués lurent réintégrés et remis dans tous leurs droits. On alla même, aux Postes et Télcgruphes, jusqu'à leur payer leurs journées ce grève. Qu'est-il résulté de ces lots d'amnisties successives '.'■ 'fout sim plement une recrudescence de l'agitation ré- volutionftaire dans toutes les s.dnnnistiations, tant il est vrai que, pour le plus grand nom- bre, générosité ' signifie faiblesse. A chaque nouvel appel révolutionnaire, pas lin man quant'parmi les amnistiés, et les faveurs ac cordées aux mauvais décourageant les bons, les grèves sont ullfles prenant toujours une importance plus grands. Elles finiront par avoir raison do l'Etat républicain si nous n'y prenons garile. . M. Poitoti-Duplessy, député de la Cha rente refuse d'ailleurs touta recon y</txt>
            <index>LA PAIX SOCIALE Lo conseil général do la Seine a de mandé, sur la proposition de M. Jean Mo-- rin. lu réintégration des cheminots révo ques. * . M. Edmond du Mesnil (Rappel) approuva cette suggestion. Un gouvernement qui ne repose que sur la force et qui no subsiste que par des ré pressions porte le signe fatal'd'un mauvais destin. - C'est dans les esprits qu'il faut établir .l'ordre par la générosité, et toute politique np saurait être durable qu'autant qu'elle étend ses racines dans l'âme populaire. Mais M. E-mile Buï'é (Eclair) est pour la discipline et pour le maintien des sanc tions prises après de solennels avertisse ments. La ïtaance  - déjà cpnhu plusieurs ptôves dea services publics suivies de révocations.- Chaque fûàê, les révoqués lurent réintégrés et remis dans tous leurs droits. On alla même, aux Postes et Télcgruphes, jusqu'à leur payer leurs journées ce grève. Qu'est-il résulté de ces lots d'amnisties successives '.'■ 'fout sim plement une recrudescence de l'agitation ré- volutionftaire dans toutes les s.dnnnistiations, tant il est vrai que, pour le plus grand nom- bre, générosité ' signifie faiblesse. A chaque nouvel appel révolutionnaire, pas lin man quant'parmi les amnistiés, et les faveurs ac cordées aux mauvais décourageant les bons, les grèves sont ullfles prenant toujours une importance plus grands. Elles finiront par avoir raison do l'Etat républicain si nous n'y prenons garile. . M. Poitoti-Duplessy, député de la Cha rente refuse d'ailleurs touta recon y</index>
          </ill>
        </ills>
      </page>
      <page ordre="3">
        <nbMot>632</nbMot>
        <blocTexte>36</blocTexte>
        <blocTab>0</blocTab>
        <blocPub>0</blocPub>
        <blocIll ocr="3">1</blocIll>
        <ills>
          <ill classif="DFdnn" couleur="gris" edit="1" h="784" n="3-1" pub="1" taille="1" w="728" x="3418" y="2125">
            <tech source="final">imp photoméca</tech>
            <tech source="md">imp photoméca</tech>
            <contenuImg CS="1" lang="fr" source="hm" time="2020-04-08T18:15:05.367+02:00">bateau</contenuImg>
            <leg>mm S 0.®!f T «rt» ' AU C!RCUiTS - | cuutMttCH PoDFîD-A?fîlCA!KS \j.joo kibmétt w dans la viimfauio di luxe j Prospectus, Billets comprenant tous tae frais i ! Psqucbota-Avito-HôSoiusr.tîClaus-Pourboires | S'Idr^Cie F at » ds TjBÛrismo, 3Q Ë^s: Cspacinas • Pari) ' et Agences de Voyajs»</leg>
            <txt>Le budget des chemins de fer en Tehéoo. Slovaquie. S'apris le Journal officiel des chemins de for allemands ( Zaitung des Vcreins D.E. ii7 novembre).   Le budget des chemins de fer tchécoslo vaques prévoit pour 19J1 une recette de 3, A milliards, soit le tripla de Ja recette de 3020. Cependant eoinme les prévisions de dé pensas sont augmentée^ dans la même pro portion, le budget boucle par un déficit de 166 millions, non compris les charges de ca pital, . ni certaines dépenses pour travaux complémentaires qui devraient normalement figurer au compte d'exploitation. Dans ces conditions un nouveau relèvement des tarifs de transport est envisagé pour le 1«* jan vier 1921. » La production touillèro de ta Ruhr en no  vcntftre ' Dans la région de la Ruhr, y tompri» les mines de la rive gauche du Rhin; Ja produc tion houillère du mou de novembre, d'après les statistiques quotidiennes provisoires, s'est éieVée environ à 7,83 millions de ton nes, pour 24 jours 1/2 de travail. D'après les renseignements recueillis, l'es timation provisoire se trouve dépassée d'en viron 200.000 tonnes, si bien qu'on peut comp ter sur une production d'environ 8 millions do tonnes, soit une extraction quotidienne de 329.SÛ0 tonnes; Le mois précédent, les chiffres définitifs avaient atteint 8,1 mil lions de tonnes. Avant la guerre, pour là mois correspon dant (novembre 1913), la production définitive s'élevait à 8,93. mimons de tonnes pour' 23 jours de travail ,l/S,-BOlt une extraction 'quo tidienne de 382.261 tonnes. La production journalière demeurera vraisemblablement en- ,core de .56.000 tonnes inférieure à celle do 10J3.</txt>
            <index>mm S 0.®!f T «rt» ' AU C!RCUiTS - | cuutMttCH PoDFîD-A?fîlCA!KS \j.joo kibmétt w dans la viimfauio di luxe j Prospectus, Billets comprenant tous tae frais i ! Psqucbota-Avito-HôSoiusr.tîClaus-Pourboires | S'Idr^Cie F at » ds TjBÛrismo, 3Q Ë^s: Cspacinas • Pari) ' et Agences de Voyajs»Le budget des chemins de fer en Tehéoo. Slovaquie. S'apris le Journal officiel des chemins de for allemands ( Zaitung des Vcreins D.E. ii7 novembre).   Le budget des chemins de fer tchécoslo vaques prévoit pour 19J1 une recette de 3, A milliards, soit le tripla de Ja recette de 3020. Cependant eoinme les prévisions de dé pensas sont augmentée^ dans la même pro portion, le budget boucle par un déficit de 166 millions, non compris les charges de ca pital, . ni certaines dépenses pour travaux complémentaires qui devraient normalement figurer au compte d'exploitation. Dans ces conditions un nouveau relèvement des tarifs de transport est envisagé pour le 1«* jan vier 1921. » La production touillèro de ta Ruhr en no  vcntftre ' Dans la région de la Ruhr, y tompri» les mines de la rive gauche du Rhin; Ja produc tion houillère du mou de novembre, d'après les statistiques quotidiennes provisoires, s'est éieVée environ à 7,83 millions de ton nes, pour 24 jours 1/2 de travail. D'après les renseignements recueillis, l'es timation provisoire se trouve dépassée d'en viron 200.000 tonnes, si bien qu'on peut comp ter sur une production d'environ 8 millions do tonnes, soit une extraction quotidienne de 329.SÛ0 tonnes; Le mois précédent, les chiffres définitifs avaient atteint 8,1 mil lions de tonnes. Avant la guerre, pour là mois correspon dant (novembre 1913), la production définitive s'élevait à 8,93. mimons de tonnes pour' 23 jours de travail ,l/S,-BOlt une extraction 'quo tidienne de 382.261 tonnes. La production journalière demeurera vraisemblablement en- ,core de .56.000 tonnes inférieure à celle do 10J3.</index>
            <contenuImg CS="1" lang="en" source="hm" time="2020-04-08T18:15:05.367+02:00">boat</contenuImg>
          </ill>
        </ills>
      </page>
      <page ordre="4">
        <nbMot>1290</nbMot>
        <blocTexte>379</blocTexte>
        <blocTab>0</blocTab>
        <blocPub>0</blocPub>
        <blocIll ocr="2">0</blocIll>
        <ills/>
      </page>
    </pages>
  </contenus>
</analyseAlto>