<analyseAlto>
  <metad>
    <type>P</type>
    <ID>bpt6k751706b</ID>
    <titre>Le Siècle</titre>
    <dateEdition>1920-10-29</dateEdition>
    <nbPage>4</nbPage>
    <suppl>FALSE</suppl>
  </metad>
  <contenus>
    <largeur>359</largeur>
    <hauteur>539</hauteur>
    <pages>
      <page ordre="1">
        <nbMot>601</nbMot>
        <blocTexte>34</blocTexte>
        <blocTab>0</blocTab>
        <blocPub>0</blocPub>
        <blocIll ocr="1">0</blocIll>
        <ills/>
      </page>
      <page ordre="2">
        <nbMot>777</nbMot>
        <blocTexte>32</blocTexte>
        <blocTab>0</blocTab>
        <blocPub>0</blocPub>
        <blocIll ocr="1">1</blocIll>
        <ills>
          <ill classif="DFdnn" couleur="gris" edit="1" h="629" n="2-1" pub="1" taille="0" w="698" x="2585" y="3102">
            <tech source="final">imp photoméca</tech>
            <tech source="md">imp photoméca</tech>
            <txt>Le comité du monument Emile-Zola a élu à l'unanimité comme président M. Mathiàs Mor- hardt, en remplacement dç Frajicis de Pres- sensé, décédé; MM. Victor Basch et Paul Brû lât ont été nommés vice-présidents ; M. Marcel Batilliat a été élu secrétaire, et M, Alfred West- phal, trésorier. Le comité s'est ensuite préoccupé de diverses questions administratives et du clioix d'un em placement pour le monument dû au grand sta tuaire belge Constantin Meunier, et qui est ac tuellement exposé au Salon d'automne. «/îubrç.n qsVi'jTCB * ' kc C^T.:STlC qGRfWki pAiwwJ m LT,29'Octq3^C t» u |ÂU CIRQUE D'HIVER MERVEILLEUX SPECTACLE) 5 Tous les Jours en matinée   3 h.,en soirée à 8 h. ; Visioas cinématographiques de I'««pace injini MYSTÈRES DU CIEL]</txt>
            <index>Le comité du monument Emile-Zola a élu à l'unanimité comme président M. Mathiàs Mor- hardt, en remplacement dç Frajicis de Pres- sensé, décédé; MM. Victor Basch et Paul Brû lât ont été nommés vice-présidents ; M. Marcel Batilliat a été élu secrétaire, et M, Alfred West- phal, trésorier. Le comité s'est ensuite préoccupé de diverses questions administratives et du clioix d'un em placement pour le monument dû au grand sta tuaire belge Constantin Meunier, et qui est ac tuellement exposé au Salon d'automne. «/îubrç.n qsVi'jTCB * ' kc C^T.:STlC qGRfWki pAiwwJ m LT,29'Octq3^C t» u |ÂU CIRQUE D'HIVER MERVEILLEUX SPECTACLE) 5 Tous les Jours en matinée   3 h.,en soirée à 8 h. ; Visioas cinématographiques de I'««pace injini MYSTÈRES DU CIEL]</index>
          </ill>
        </ills>
      </page>
      <page ordre="3">
        <nbMot>701</nbMot>
        <blocTexte>22</blocTexte>
        <blocTab>0</blocTab>
        <blocPub>0</blocPub>
        <blocIll ocr="1">0</blocIll>
        <ills/>
      </page>
      <page ordre="4">
        <nbMot>1250</nbMot>
        <blocTexte>325</blocTexte>
        <blocTab>0</blocTab>
        <blocPub>0</blocPub>
        <blocIll ocr="4">1</blocIll>
        <ills>
          <ill couleur="gris" derniere="true" edit="1" h="588" n="4-2" pub="1" taille="0" w="764" x="2571" y="2256">
            <tech source="final">imp photoméca</tech>
            <tech source="md">imp photoméca</tech>
            <contenuImg CS="1" lang="fr" source="hm" time="2020-04-08T18:12:21.216+02:00">voiture</contenuImg>
            <leg>LA NOUVELLE 16</leg>
            <txt>PRIX LADY KILLEH. (Goûree  ie haies. Han'èicap). — 10:000 tfrànœ-. mèiïféâ. Hier : LE TREMBLAY</txt>
            <index>LA NOUVELLE 16PRIX LADY KILLEH. (Goûree  ie haies. Han'èicap). — 10:000 tfrànœ-. mèiïféâ. Hier : LE TREMBLAY</index>
            <contenuImg CS="1" lang="en" source="hm" time="2020-04-08T18:12:21.216+02:00">car</contenuImg>
          </ill>
        </ills>
      </page>
    </pages>
  </contenus>
</analyseAlto>