<analyseAlto>
  <metad>
    <type>P</type>
    <ID>bpt6k751720r</ID>
    <titre>Le Siècle</titre>
    <dateEdition>1920-11-12</dateEdition>
    <nbPage>4</nbPage>
    <suppl>FALSE</suppl>
  </metad>
  <contenus>
    <largeur>357</largeur>
    <hauteur>542</hauteur>
    <pages>
      <page ordre="1">
        <nbMot>645</nbMot>
        <blocTexte>28</blocTexte>
        <blocTab>0</blocTab>
        <blocPub>0</blocPub>
        <blocIll ocr="3">0</blocIll>
        <ills/>
      </page>
      <page ordre="2">
        <nbMot>747</nbMot>
        <blocTexte>31</blocTexte>
        <blocTab>0</blocTab>
        <blocPub>0</blocPub>
        <blocIll ocr="3">1</blocIll>
        <ills>
          <ill classif="DFdnn" couleur="gris" edit="1" h="972" n="2-2" pub="1" taille="2" w="1114" x="2336" y="278">
            <tech source="final">imp photoméca</tech>
            <tech source="md">imp photoméca</tech>
            <txt>L'Expert achète au maximum. Pour bien vendre Bijoux, Diamants, Perles, Argenterie, Antiquités, s 'adresser de préférence à l'Expert, ii, rue de Provence, ou io, avenue Kléber. Achat au maximum. Grand choix d'occasions. Téléphone ^Central. 84-82, La fête du ' 11 novembre se poursuit avec un éclat dont les préparatifs nombreux cons tituaient le  meilleur indice. Gava, 17, rue Duiph-ot (Madeleine), organise une soirée select avec l'orchestre 'Mafâèren et' Miguel. - Dîner et souper, rendez-vous des élégances. Le Planton. CINEMA - r - ha « Charles Urban Cie » doit fournir aux écoles supérieures de New-York plus de 4.00a mètres aé films instructifs groupés en trois clas ses : biologie, géographie et zoologie. — L'Advertlsing Club de Los Angeles a or ganisé récemment ' une conférence contradictoi re sur ce sujet : les cow-boys  yt-i!s plus con tribué que les clergymen à. l'amélioration du genre humain ? Will Rogers était 1© défenseur des chevaliers de la Prairie, et le Révérend J. Whitootnb Brougher, l'accusateur. Depuis, Will Rogers a été invité à occuper la chaire do l'Eglise Baptiste et à prêcher un ser mon sur l'Humour et la Religion-. Louis Delluc. COMMUNIQUÉS: Matinées gratuites. — En l'honneur du Cinquan tenaire 4e la République et du a* anniversaire do la signature de l'armistice, la Comédie-Française, l'O- péra-Comique, les Variétés et le Nouvel-Ambigu donnent aujourd'hui -une matinée gratuite. Débuts, —• MUe lîstèTO, lauréate des derniers concours du (Conservatoire, fera ses débuts demain soir à l'Opéra-Comique, dans,le rolo de Nicldausse; des Contes d'Hoffntunn. Un Oonoert. — L'Amérique ne cesse de donner des marques de sympathie  et aide matérielle à. la Fa-anco. Voici une Jeune pianiste américaine, Miss AUce Fr</txt>
            <index>L'Expert achète au maximum. Pour bien vendre Bijoux, Diamants, Perles, Argenterie, Antiquités, s 'adresser de préférence à l'Expert, ii, rue de Provence, ou io, avenue Kléber. Achat au maximum. Grand choix d'occasions. Téléphone ^Central. 84-82, La fête du ' 11 novembre se poursuit avec un éclat dont les préparatifs nombreux cons tituaient le  meilleur indice. Gava, 17, rue Duiph-ot (Madeleine), organise une soirée select avec l'orchestre 'Mafâèren et' Miguel. - Dîner et souper, rendez-vous des élégances. Le Planton. CINEMA - r - ha « Charles Urban Cie » doit fournir aux écoles supérieures de New-York plus de 4.00a mètres aé films instructifs groupés en trois clas ses : biologie, géographie et zoologie. — L'Advertlsing Club de Los Angeles a or ganisé récemment ' une conférence contradictoi re sur ce sujet : les cow-boys  yt-i!s plus con tribué que les clergymen à. l'amélioration du genre humain ? Will Rogers était 1© défenseur des chevaliers de la Prairie, et le Révérend J. Whitootnb Brougher, l'accusateur. Depuis, Will Rogers a été invité à occuper la chaire do l'Eglise Baptiste et à prêcher un ser mon sur l'Humour et la Religion-. Louis Delluc. COMMUNIQUÉS: Matinées gratuites. — En l'honneur du Cinquan tenaire 4e la République et du a* anniversaire do la signature de l'armistice, la Comédie-Française, l'O- péra-Comique, les Variétés et le Nouvel-Ambigu donnent aujourd'hui -une matinée gratuite. Débuts, —• MUe lîstèTO, lauréate des derniers concours du (Conservatoire, fera ses débuts demain soir à l'Opéra-Comique, dans,le rolo de Nicldausse; des Contes d'Hoffntunn. Un Oonoert. — L'Amérique ne cesse de donner des marques de sympathie  et aide matérielle à. la Fa-anco. Voici une Jeune pianiste américaine, Miss AUce Fr</index>
          </ill>
        </ills>
      </page>
      <page ordre="3">
        <nbMot>616</nbMot>
        <blocTexte>38</blocTexte>
        <blocTab>0</blocTab>
        <blocPub>0</blocPub>
        <blocIll ocr="1">0</blocIll>
        <ills/>
      </page>
      <page ordre="4">
        <nbMot>1136</nbMot>
        <blocTexte>415</blocTexte>
        <blocTab>0</blocTab>
        <blocPub>0</blocPub>
        <blocIll ocr="1">1</blocIll>
        <ills>
          <ill classif="DFdnn" couleur="gris" derniere="true" edit="1" h="322" n="4-1" pub="1" taille="0" w="698" x="1014" y="4792">
            <tech source="final">imp photoméca</tech>
            <tech source="md">imp photoméca</tech>
            <contenuImg CS="1" lang="fr" source="hm" time="2020-04-08T18:12:55.935+02:00">camion</contenuImg>
            <leg>CAMIONNETTE BERLET Charge utile : 500 kilos Prix : 19,500</leg>
            <txt>Les renseignements des Journaux Spéciaux UAuteuil-Longchaimp signale en dernière iieure la bonne forme des chevaux suivants : A. Chantilly : Ekwanok, Sapristi, Old Pas- time. ' « x» _ A Maisons-Laffitte : Clatïc, Le Guetteur, Ovillers, Précaution, Elseneur.  WW Le Jockey recommande dans ses dermeres nouvelles d'eintoinement : A Chantilly : Ekwanok. Sapristi, Old, Pastime. , _ u \ Maisons-Laffltte : Glatic, La GOetteur, Ovillers, Précaution, Elseneur, Philhellène. wv La Veine donne les renseignements sui vants sur les derniers galops : Maisons-Laffltte. Lawrence a fait couvrir 1.600 mètres à Fo liosus, Insensible et Le Guetteur. Trait d'Union II a sauté le steeple-chase avec Odoacre . , Ed. Mayer s'est spécialement occupe do Coup de Canon qui s'est sensiblement amélioré depuis huit jours. Hermon a couvert 1.800 mètres. Fonraud a été sur 2.000 mètres. E. Leigh a exercé Ministériel sur  .200 mè tres des haiea avec Négus. Ch. BarHler a Elseneur en splendide condi tion. Le poulain' a fourni avec Ma Loute un bon ouvrage sur te steeple d'Aohères. ' Chantilly. H. Count a galopé Old Pastime sur 1.800 m. avec Le Péril. Ces deux chevaux sont au mieux Sapristi, de chez G. Bartholomew, a couvert 2.400 mètres avec Gamaohes. T.a Veine rovommande en dernière heure : Trait d'Union II, Le Cuetteur. Coup de Canon. Précaution. Elseneur et Philhellène pie sont spécialement recommandés. IIIHIHUHIIHIHIimilMIIIIIIMIIMIIIIMHUIIIIMII</txt>
            <index>CAMIONNETTE BERLET Charge utile : 500 kilos Prix : 19,500Les renseignements des Journaux Spéciaux UAuteuil-Longchaimp signale en dernière iieure la bonne forme des chevaux suivants : A. Chantilly : Ekwanok, Sapristi, Old Pas- time. ' « x» _ A Maisons-Laffitte : Clatïc, Le Guetteur, Ovillers, Précaution, Elseneur.  WW Le Jockey recommande dans ses dermeres nouvelles d'eintoinement : A Chantilly : Ekwanok. Sapristi, Old, Pastime. , _ u \ Maisons-Laffltte : Glatic, La GOetteur, Ovillers, Précaution, Elseneur, Philhellène. wv La Veine donne les renseignements sui vants sur les derniers galops : Maisons-Laffltte. Lawrence a fait couvrir 1.600 mètres à Fo liosus, Insensible et Le Guetteur. Trait d'Union II a sauté le steeple-chase avec Odoacre . , Ed. Mayer s'est spécialement occupe do Coup de Canon qui s'est sensiblement amélioré depuis huit jours. Hermon a couvert 1.800 mètres. Fonraud a été sur 2.000 mètres. E. Leigh a exercé Ministériel sur  .200 mè tres des haiea avec Négus. Ch. BarHler a Elseneur en splendide condi tion. Le poulain' a fourni avec Ma Loute un bon ouvrage sur te steeple d'Aohères. ' Chantilly. H. Count a galopé Old Pastime sur 1.800 m. avec Le Péril. Ces deux chevaux sont au mieux Sapristi, de chez G. Bartholomew, a couvert 2.400 mètres avec Gamaohes. T.a Veine rovommande en dernière heure : Trait d'Union II, Le Cuetteur. Coup de Canon. Précaution. Elseneur et Philhellène pie sont spécialement recommandés. IIIHIHUHIIHIHIimilMIIIIIIMIIMIIIIMHUIIIIMII</index>
            <contenuImg CS="1" lang="en" source="hm" time="2020-04-08T18:12:55.935+02:00">truck</contenuImg>
          </ill>
        </ills>
      </page>
    </pages>
  </contenus>
</analyseAlto>