<analyseAlto>
  <metad>
    <type>P</type>
    <ID>bpt6k751521h</ID>
    <titre>Le Siècle</titre>
    <dateEdition>1920-04-26</dateEdition>
    <nbPage>4</nbPage>
    <suppl>FALSE</suppl>
  </metad>
  <contenus>
    <largeur>356</largeur>
    <hauteur>538</hauteur>
    <pages>
      <page ordre="1">
        <nbMot>599</nbMot>
        <blocTexte>26</blocTexte>
        <blocTab>0</blocTab>
        <blocPub>0</blocPub>
        <blocIll ocr="1">0</blocIll>
        <ills/>
      </page>
      <page ordre="2">
        <nbMot>765</nbMot>
        <blocTexte>53</blocTexte>
        <blocTab>0</blocTab>
        <blocPub>0</blocPub>
        <blocIll ocr="3">1</blocIll>
        <ills>
          <ill classif="DFdnn" couleur="gris" edit="1" h="252" n="2-2" pub="1" taille="0" w="676" x="3358" y="3208">
            <tech source="final">imp photoméca</tech>
            <tech source="md">imp photoméca</tech>
            <leg>ET WliCE,.:</leg>
            <txt>/^vervte à PARI^-AVICl ' • ' MAX VjTERBO î Ohovbwc*» i^ï y âUSfi n</txt>
            <index>ET WliCE,.:/^vervte à PARI^-AVICl ' • ' MAX VjTERBO î Ohovbwc*» i^ï y âUSfi n</index>
          </ill>
        </ills>
      </page>
      <page ordre="3">
        <nbMot>769</nbMot>
        <blocTexte>20</blocTexte>
        <blocTab>0</blocTab>
        <blocPub>0</blocPub>
        <blocIll ocr="0">0</blocIll>
      </page>
      <page ordre="4">
        <nbMot>1151</nbMot>
        <blocTexte>341</blocTexte>
        <blocTab>0</blocTab>
        <blocPub>0</blocPub>
        <blocIll ocr="3">0</blocIll>
        <ills/>
      </page>
    </pages>
  </contenus>
</analyseAlto>