<analyseAlto>
  <metad>
    <type>P</type>
    <ID>bpt6k7515497</ID>
    <titre>Le Siècle</titre>
    <dateEdition>1920-05-24</dateEdition>
    <nbPage>4</nbPage>
    <suppl>FALSE</suppl>
  </metad>
  <contenus>
    <largeur>358</largeur>
    <hauteur>536</hauteur>
    <pages>
      <page ordre="1">
        <nbMot>616</nbMot>
        <blocTexte>26</blocTexte>
        <blocTab>0</blocTab>
        <blocPub>0</blocPub>
        <blocIll ocr="0">0</blocIll>
      </page>
      <page ordre="2">
        <nbMot>791</nbMot>
        <blocTexte>42</blocTexte>
        <blocTab>0</blocTab>
        <blocPub>0</blocPub>
        <blocIll ocr="0">0</blocIll>
      </page>
      <page ordre="3">
        <nbMot>783</nbMot>
        <blocTexte>20</blocTexte>
        <blocTab>0</blocTab>
        <blocPub>0</blocPub>
        <blocIll ocr="0">0</blocIll>
      </page>
      <page ordre="4">
        <nbMot>1048</nbMot>
        <blocTexte>332</blocTexte>
        <blocTab>0</blocTab>
        <blocPub>0</blocPub>
        <blocIll ocr="5">1</blocIll>
        <ills>
          <ill classif="DFdnn" couleur="gris" derniere="true" edit="1" h="712" n="4-3" pub="1" taille="1" w="1482" x="2600" y="2992">
            <tech source="final">imp photoméca</tech>
            <tech source="md">imp photoméca</tech>
            <contenuImg CS="1" lang="fr" source="hm" time="2020-04-08T18:11:12.606+02:00">voiture</contenuImg>
            <leg>LA NOUVELLE 15Hri921</leg>
            <txt>Le Gérant : Hippolyte V itdpieh. VOLUMARD, Imprimeur. 21, rue Cadet. % SUCCESSION de M. le Comte DE FRANQUEVILLC TABLEAUX ANCIENS iC'Albane, Batoni, Ph. -de Cliampaigne, Duplessis, Murillo, Paninin, H. Robert TABLEAUX MODERNES par Belilangé, G. Doré, Hébert, Ouvrié, Yvon, etc. OBJETS D 'ART   D'AMEUBLEMENT Porcelaines — Sculptures — Pendules —• Bronzes Mobiliers de Salon en Tapisseries du XVIII° Siècle TAPISSERIES DES XVI°, XVII» ET XVIII  SIECLES. — TAPIS Garnissant le Château de la Muette-à'Paris, VENTE après décès, en .ce Château, chaussée de la Muette, n» 20 les 31 Mai, l 6r et 2 Juin, 2 heures. Exposition particulière, 29 iMai ; publique : 30 Mai' Com.-pris. : M°DELOICNE, 91, rue St-Lazare ; M° F. LAIR-DUBREUIL, rue Favart, 6. Experts : MM. Mannheim, 7, rue Saint-Georges ; M. J. Féral, rue Saint-Georges, 7.     IMPORTANTS BIJOUX RANG et SAUTOIR en PERLES — COLLIER et RIVIERE en BRILLANTS Pendentifs' — Broches — Bagues — etc... ornés de Brillants, Perles, Emerau-des, Rubis et Saphirs appartenant à Madame de Marcigny COLLIER de 12 RANGS de PERLES Boucles d'oreilles en brillants, etc... appartenant à Madame X... COLLIER ET 8AUTOIR DE PERLES 'Broches, Bagues, Bracelets en RiriUants, Perles, Bmeraudes, Rubis, Sajph-irs • ' ' appartenant à M. **  Vente : Hôtel Drouot, salle 9, le 10 Juin, Exposition : le .9 Juin Commlssaire-prlseiir : M° F. LAIR-DUBREUIL, rue Favart, 6. . - Experts M. C. Falkonberg, rue Meyerbeer, 7 — M. Robert Linzeler, rue d'Aigënscffl, 9.</txt>
            <index>LA NOUVELLE 15Hri921Le Gérant : Hippolyte V itdpieh. VOLUMARD, Imprimeur. 21, rue Cadet. % SUCCESSION de M. le Comte DE FRANQUEVILLC TABLEAUX ANCIENS iC'Albane, Batoni, Ph. -de Cliampaigne, Duplessis, Murillo, Paninin, H. Robert TABLEAUX MODERNES par Belilangé, G. Doré, Hébert, Ouvrié, Yvon, etc. OBJETS D 'ART   D'AMEUBLEMENT Porcelaines — Sculptures — Pendules —• Bronzes Mobiliers de Salon en Tapisseries du XVIII° Siècle TAPISSERIES DES XVI°, XVII» ET XVIII  SIECLES. — TAPIS Garnissant le Château de la Muette-à'Paris, VENTE après décès, en .ce Château, chaussée de la Muette, n» 20 les 31 Mai, l 6r et 2 Juin, 2 heures. Exposition particulière, 29 iMai ; publique : 30 Mai' Com.-pris. : M°DELOICNE, 91, rue St-Lazare ; M° F. LAIR-DUBREUIL, rue Favart, 6. Experts : MM. Mannheim, 7, rue Saint-Georges ; M. J. Féral, rue Saint-Georges, 7.     IMPORTANTS BIJOUX RANG et SAUTOIR en PERLES — COLLIER et RIVIERE en BRILLANTS Pendentifs' — Broches — Bagues — etc... ornés de Brillants, Perles, Emerau-des, Rubis et Saphirs appartenant à Madame de Marcigny COLLIER de 12 RANGS de PERLES Boucles d'oreilles en brillants, etc... appartenant à Madame X... COLLIER ET 8AUTOIR DE PERLES 'Broches, Bagues, Bracelets en RiriUants, Perles, Bmeraudes, Rubis, Sajph-irs • ' ' appartenant à M. **  Vente : Hôtel Drouot, salle 9, le 10 Juin, Exposition : le .9 Juin Commlssaire-prlseiir : M° F. LAIR-DUBREUIL, rue Favart, 6. . - Experts M. C. Falkonberg, rue Meyerbeer, 7 — M. Robert Linzeler, rue d'Aigënscffl, 9.</index>
            <contenuImg CS="1" lang="en" source="hm" time="2020-04-08T18:11:12.606+02:00">car</contenuImg>
          </ill>
        </ills>
      </page>
    </pages>
  </contenus>
</analyseAlto>