<analyseAlto>
  <metad>
    <type>P</type>
    <ID>bpt6k751376h</ID>
    <titre>Le Siècle</titre>
    <dateEdition>1919-12-02</dateEdition>
    <nbPage>4</nbPage>
    <suppl>FALSE</suppl>
  </metad>
  <contenus>
    <largeur>356</largeur>
    <hauteur>533</hauteur>
    <pages>
      <page ordre="1">
        <nbMot>583</nbMot>
        <blocTexte>25</blocTexte>
        <blocTab>0</blocTab>
        <blocPub>0</blocPub>
        <blocIll ocr="0">0</blocIll>
      </page>
      <page ordre="2">
        <nbMot>741</nbMot>
        <blocTexte>32</blocTexte>
        <blocTab>0</blocTab>
        <blocPub>0</blocPub>
        <blocIll ocr="1">0</blocIll>
        <ills/>
      </page>
      <page ordre="3">
        <nbMot>762</nbMot>
        <blocTexte>21</blocTexte>
        <blocTab>0</blocTab>
        <blocPub>0</blocPub>
        <blocIll ocr="0">0</blocIll>
      </page>
      <page ordre="4">
        <nbMot>813</nbMot>
        <blocTexte>197</blocTexte>
        <blocTab>0</blocTab>
        <blocPub>0</blocPub>
        <blocIll ocr="11">2</blocIll>
        <ills>
          <ill couleur="gris" derniere="true" edit="1" h="1064" n="4-2" pub="1" taille="2" w="1447" x="2572" y="2884">
            <tech source="final">imp photoméca</tech>
            <tech source="md">imp photoméca</tech>
            <contenuImg CS="1" lang="fr" source="hm" time="2020-04-08T18:10:12.196+02:00">camion</contenuImg>
            <leg>C.B. A.</leg>
            <txt>D'ECHOS EN ECHOS BMalcmp marohand de frivolités. Après le paix Ardent n, oe jockey a en etfet, déposé tune réclamation contre le gagnant La -réclamation a été rejetée et Bedelo«p a été mis à l'amende de cent francs, pour rëàUma- tion frivole, porte le motif. VMi A sa rentrée au pesage, Bassan boitait assez fortement. 11 fiawt espérer que ta capeièxe oe l'excellent cherrai de M. Bajiuod n'est pas. compromise. La Gérant : Hip^odyte V itcpie E u VOLUMABD, imprimeur, 21, t   Cadet</txt>
            <index>C.B. A.D'ECHOS EN ECHOS BMalcmp marohand de frivolités. Après le paix Ardent n, oe jockey a en etfet, déposé tune réclamation contre le gagnant La -réclamation a été rejetée et Bedelo«p a été mis à l'amende de cent francs, pour rëàUma- tion frivole, porte le motif. VMi A sa rentrée au pesage, Bassan boitait assez fortement. 11 fiawt espérer que ta capeièxe oe l'excellent cherrai de M. Bajiuod n'est pas. compromise. La Gérant : Hip^odyte V itcpie E u VOLUMABD, imprimeur, 21, t   Cadet</index>
            <contenuImg CS="1" lang="en" source="hm" time="2020-04-08T18:10:12.196+02:00">truck</contenuImg>
          </ill>
          <ill couleur="gris" derniere="true" edit="1" h="625" n="4-3" pub="1" taille="1" w="1261" x="2649" y="3920">
            <tech source="final">imp photoméca</tech>
            <tech source="md">imp photoméca</tech>
            <txt>1 C.B. A.</txt>
            <index>1 C.B. A.</index>
          </ill>
        </ills>
      </page>
    </pages>
  </contenus>
</analyseAlto>