<analyseAlto>
  <metad>
    <type>P</type>
    <ID>bpt6k7516828</ID>
    <titre>Le Siècle</titre>
    <dateEdition>1920-10-05</dateEdition>
    <nbPage>4</nbPage>
    <suppl>FALSE</suppl>
  </metad>
  <contenus>
    <largeur>357</largeur>
    <hauteur>538</hauteur>
    <pages>
      <page ordre="1">
        <nbMot>581</nbMot>
        <blocTexte>28</blocTexte>
        <blocTab>0</blocTab>
        <blocPub>0</blocPub>
        <blocIll ocr="1">0</blocIll>
        <ills/>
      </page>
      <page ordre="2">
        <nbMot>763</nbMot>
        <blocTexte>27</blocTexte>
        <blocTab>0</blocTab>
        <blocPub>0</blocPub>
        <blocIll ocr="0">0</blocIll>
      </page>
      <page ordre="3">
        <nbMot>601</nbMot>
        <blocTexte>44</blocTexte>
        <blocTab>0</blocTab>
        <blocPub>0</blocPub>
        <blocIll ocr="10">5</blocIll>
        <ills>
          <ill couleur="gris" edit="1" h="1344" n="3-2" pub="1" taille="1" w="489" x="1781" y="1824">
            <tech source="final">imp photoméca</tech>
            <tech source="md">imp photoméca</tech>
            <txt>1 Occasions ïxc^lôniièlîesjâ loiis les Rayons.</txt>
            <index>1 Occasions ïxc^lôniièlîesjâ loiis les Rayons.</index>
          </ill>
          <ill classif="DFdnn" couleur="gris" edit="1" h="782" n="3-3" pub="1" taille="1" w="926" x="2251" y="1933">
            <tech source="final">imp photoméca</tech>
            <tech source="md">imp photoméca</tech>
            <txt>1 Occasions ïxc^lôniièlîesjâ loiis les Rayons.</txt>
            <index>1 Occasions ïxc^lôniièlîesjâ loiis les Rayons.</index>
          </ill>
          <ill couleur="gris" edit="1" h="555" n="3-4" pub="1" taille="0" w="398" x="2258" y="2914">
            <tech source="final">imp photoméca</tech>
            <tech source="md">imp photoméca</tech>
            <txt>PALETOT tailleur en belle draperie anglaise unie et fantaisie. TFCI ** Longueur l m 20...... If? B Q0 SâTIi imprimé pour dou blures» Grande largeur. Le mètre * 19.90 (Hors cours) 20. oo</txt>
            <index>PALETOT tailleur en belle draperie anglaise unie et fantaisie. TFCI ** Longueur l m 20...... If? B Q0 SâTIi imprimé pour dou blures» Grande largeur. Le mètre * 19.90 (Hors cours) 20. oo</index>
          </ill>
          <ill classif="DFdnn" couleur="gris" edit="1" h="441" n="3-5" pub="1" taille="0" w="467" x="2605" y="2775">
            <tech source="final">imp photoméca</tech>
            <tech source="md">imp photoméca</tech>
            <contenuImg CS="0.99" h="212" sexe="P" source="dnn" w="142" x="162" y="92">face</contenuImg>
            <txt>PALETOT tailleur en belle draperie anglaise unie et fantaisie. TFCI ** Longueur l m 20...... If? B Q0 SâTIi imprimé pour dou blures» Grande largeur. Le mètre * 19.90 (Hors cours) 20. oo</txt>
            <index>PALETOT tailleur en belle draperie anglaise unie et fantaisie. TFCI ** Longueur l m 20...... If? B Q0 SâTIi imprimé pour dou blures» Grande largeur. Le mètre * 19.90 (Hors cours) 20. oo</index>
          </ill>
          <ill classif="DFdnn" couleur="gris" edit="1" h="1627" n="3-6" pub="1" taille="2" w="765" x="3134" y="1881">
            <tech source="final">imp photoméca</tech>
            <tech source="md">imp photoméca</tech>
            <contenuImg CS="0.92" h="130" sexe="P" source="dnn" w="90" x="202" y="85">face</contenuImg>
            <index>1 29 .00</index>
          </ill>
        </ills>
      </page>
      <page ordre="4">
        <nbMot>1269</nbMot>
        <blocTexte>407</blocTexte>
        <blocTab>0</blocTab>
        <blocPub>0</blocPub>
        <blocIll ocr="0">0</blocIll>
      </page>
    </pages>
  </contenus>
</analyseAlto>