<analyseAlto>
  <metad>
    <type>P</type>
    <ID>bpt6k751445d</ID>
    <titre>Le Siècle</titre>
    <dateEdition>1920-02-10</dateEdition>
    <nbPage>4</nbPage>
    <suppl>FALSE</suppl>
  </metad>
  <contenus>
    <largeur>353</largeur>
    <hauteur>539</hauteur>
    <pages>
      <page ordre="1">
        <nbMot>586</nbMot>
        <blocTexte>17</blocTexte>
        <blocTab>0</blocTab>
        <blocPub>0</blocPub>
        <blocIll ocr="0">0</blocIll>
      </page>
      <page ordre="2">
        <nbMot>790</nbMot>
        <blocTexte>30</blocTexte>
        <blocTab>0</blocTab>
        <blocPub>0</blocPub>
        <blocIll ocr="2">0</blocIll>
        <ills/>
      </page>
      <page ordre="3">
        <nbMot>781</nbMot>
        <blocTexte>16</blocTexte>
        <blocTab>0</blocTab>
        <blocPub>0</blocPub>
        <blocIll ocr="0">0</blocIll>
      </page>
      <page ordre="4">
        <nbMot>735</nbMot>
        <blocTexte>251</blocTexte>
        <blocTab>0</blocTab>
        <blocPub>0</blocPub>
        <blocIll ocr="7">3</blocIll>
        <ills>
          <ill classif="DFdnn" couleur="gris" derniere="true" edit="1" h="771" n="4-2" pub="1" taille="0" w="333" x="1155" y="1309">
            <tech source="final">imp photoméca</tech>
            <tech source="md">imp photoméca</tech>
            <index/>
          </ill>
          <ill couleur="gris" derniere="true" edit="1" h="496" n="4-4" pub="1" taille="0" w="716" x="1791" y="1711">
            <tech source="final">imp photoméca</tech>
            <tech source="md">imp photoméca</tech>
            <index/>
          </ill>
          <ill couleur="gris" derniere="true" edit="1" h="1309" n="4-5" pub="1" taille="1" w="712" x="3284" y="766">
            <tech source="final">imp photoméca</tech>
            <tech source="md">imp photoméca</tech>
            <index/>
          </ill>
        </ills>
      </page>
    </pages>
  </contenus>
</analyseAlto>