<analyseAlto>
  <metad>
    <type>P</type>
    <ID>bpt6k717309x</ID>
    <titre>Le Petit Journal illustré Supplément du dimanche</titre>
    <dateEdition>1918-04-07</dateEdition>
    <nbPage>8</nbPage>
    <suppl>FALSE</suppl>
  </metad>
  <contenus>
    <nbArticle>22</nbArticle>
    <largeur>294</largeur>
    <hauteur>372</hauteur>
    <pages>
      <page ordre="1">
        <nbMot>51</nbMot>
        <blocTexte>10</blocTexte>
        <blocTab>0</blocTab>
        <blocPub>0</blocPub>
        <blocIll ocr="1">0</blocIll>
        <ills/>
      </page>
      <page ordre="2">
        <nbMot>2832</nbMot>
        <blocTexte>17</blocTexte>
        <blocTab>0</blocTab>
        <blocPub>0</blocPub>
        <blocIll ocr="0">0</blocIll>
      </page>
      <page ordre="3">
        <nbMot>1794</nbMot>
        <blocTexte>20</blocTexte>
        <blocTab>0</blocTab>
        <blocPub>3</blocPub>
        <blocIll ocr="3">0</blocIll>
        <ills/>
      </page>
      <page ordre="4">
        <nbMot>1318</nbMot>
        <blocTexte>12</blocTexte>
        <blocTab>0</blocTab>
        <blocPub>0</blocPub>
        <blocIll ocr="3">1</blocIll>
        <ills>
          <ill classif="DFdnn" couleur="gris" edit="1" h="1404" id="4-3" n="4-3" pub="1" taille="2" w="806" x="2556" y="174">
            <tech source="final">imp photoméca</tech>
            <tech source="md">imp photoméca</tech>
            <contenuImg CS="0.57" h="302" sexe="P" source="dnn" w="177" x="362" y="360">face</contenuImg>
            <titraille>LE BARON</titraille>
            <txt>TROISIÈME ÉPISODE : LES RUINES</txt>
            <index>LE BARONTROISIÈME ÉPISODE : LES RUINES</index>
          </ill>
        </ills>
      </page>
      <page ordre="5">
        <nbMot>2223</nbMot>
        <blocTexte>10</blocTexte>
        <blocTab>0</blocTab>
        <blocPub>0</blocPub>
        <blocIll ocr="1">0</blocIll>
        <ills/>
      </page>
      <page ordre="6">
        <nbMot>2276</nbMot>
        <blocTexte>9</blocTexte>
        <blocTab>0</blocTab>
        <blocPub>0</blocPub>
        <blocIll ocr="1">0</blocIll>
        <ills/>
      </page>
      <page ordre="7">
        <nbMot>2796</nbMot>
        <blocTexte>13</blocTexte>
        <blocTab>0</blocTab>
        <blocPub>0</blocPub>
        <blocIll ocr="0">0</blocIll>
      </page>
      <page ordre="8">
        <nbMot>1928</nbMot>
        <blocTexte>20</blocTexte>
        <blocTab>0</blocTab>
        <blocPub>4</blocPub>
        <blocIll ocr="4">0</blocIll>
        <ills/>
      </page>
    </pages>
  </contenus>
</analyseAlto>