<analyseAlto>
  <metad>
    <type>P</type>
    <ID>bpt6k7173991</ID>
    <titre>Le Petit Journal illustré Supplément du dimanche</titre>
    <dateEdition>1919-12-28</dateEdition>
    <nbPage>8</nbPage>
    <suppl>FALSE</suppl>
  </metad>
  <contenus>
    <nbArticle>17</nbArticle>
    <largeur>293</largeur>
    <hauteur>373</hauteur>
    <pages>
      <page ordre="1">
        <nbMot>61</nbMot>
        <blocTexte>9</blocTexte>
        <blocTab>0</blocTab>
        <blocPub>0</blocPub>
        <blocIll ocr="1">0</blocIll>
        <ills/>
      </page>
      <page ordre="2">
        <nbMot>2599</nbMot>
        <blocTexte>16</blocTexte>
        <blocTab>0</blocTab>
        <blocPub>0</blocPub>
        <blocIll ocr="1">0</blocIll>
        <ills/>
      </page>
      <page ordre="3">
        <nbMot>1973</nbMot>
        <blocTexte>18</blocTexte>
        <blocTab>0</blocTab>
        <blocPub>0</blocPub>
        <blocIll ocr="3">0</blocIll>
        <ills/>
      </page>
      <page ordre="4">
        <nbMot>2668</nbMot>
        <blocTexte>14</blocTexte>
        <blocTab>0</blocTab>
        <blocPub>0</blocPub>
        <blocIll ocr="0">0</blocIll>
      </page>
      <page ordre="5">
        <nbMot>2673</nbMot>
        <blocTexte>19</blocTexte>
        <blocTab>0</blocTab>
        <blocPub>0</blocPub>
        <blocIll ocr="1">1</blocIll>
        <ills>
          <ill classif="DFdnn" couleur="gris" edit="1" h="878" id="5-1" n="5-1" pub="1" taille="1" w="715" x="1796" y="1097">
            <tech source="final">imp photoméca</tech>
            <tech source="md">imp photoméca</tech>
            <contenuImg CS="1.00" h="485" sexe="P" source="dnn" w="360" x="150" y="202">face</contenuImg>
            <titraille>Les Pilules Pink ça fait du bien</titraille>
            <leg>Mme Rotheaux (Cl. Laubatier).</leg>
            <txt>Il ne faut pas dire : « Je suis malade,' j'ai tout essayé, je ne guérirai jamais », parce que, justement, au même instant il y a quel qu'un qui se présente et qui vous dit : « Je croyais que jo ne guérirais pas et- les Pilules Pink m'ont guéri ». Or, vous êtes fabriqué comme tout te monde, n'est-ce pas ? Aujourd'hui, c'est .Mine Marie-Louise Ro theaux. couturière à Angers, lit), rue fie la Madeleine, qui nous écrit qu'elle voit la vie plus en rose :   Au commencement d'avril,</txt>
            <index>Les Pilules Pink ça fait du bienMme Rotheaux (Cl. Laubatier).Il ne faut pas dire : « Je suis malade,' j'ai tout essayé, je ne guérirai jamais », parce que, justement, au même instant il y a quel qu'un qui se présente et qui vous dit : « Je croyais que jo ne guérirais pas et- les Pilules Pink m'ont guéri ». Or, vous êtes fabriqué comme tout te monde, n'est-ce pas ? Aujourd'hui, c'est .Mine Marie-Louise Ro theaux. couturière à Angers, lit), rue fie la Madeleine, qui nous écrit qu'elle voit la vie plus en rose :   Au commencement d'avril,</index>
          </ill>
        </ills>
      </page>
      <page ordre="6">
        <nbMot>3393</nbMot>
        <blocTexte>13</blocTexte>
        <blocTab>0</blocTab>
        <blocPub>0</blocPub>
        <blocIll ocr="0">0</blocIll>
      </page>
      <page ordre="7">
        <nbMot>1596</nbMot>
        <blocTexte>16</blocTexte>
        <blocTab>0</blocTab>
        <blocPub>5</blocPub>
        <blocIll ocr="3">0</blocIll>
        <ills/>
      </page>
      <page ordre="8">
        <nbMot>1119</nbMot>
        <blocTexte>10</blocTexte>
        <blocTab>0</blocTab>
        <blocPub>0</blocPub>
        <blocIll ocr="2">0</blocIll>
        <ills/>
      </page>
    </pages>
  </contenus>
</analyseAlto>