<analyseAlto>
  <metad>
    <type>P</type>
    <ID>bpt6k717420h</ID>
    <titre>Le Petit Journal illustré Supplément du dimanche</titre>
    <dateEdition>1920-05-23</dateEdition>
    <nbPage>8</nbPage>
    <suppl>FALSE</suppl>
  </metad>
  <contenus>
    <nbArticle>23</nbArticle>
    <largeur>293</largeur>
    <hauteur>373</hauteur>
    <pages>
      <page ordre="1">
        <nbMot>84</nbMot>
        <blocTexte>12</blocTexte>
        <blocTab>0</blocTab>
        <blocPub>0</blocPub>
        <blocIll ocr="1">0</blocIll>
        <ills/>
      </page>
      <page ordre="2">
        <nbMot>2859</nbMot>
        <blocTexte>14</blocTexte>
        <blocTab>0</blocTab>
        <blocPub>0</blocPub>
        <blocIll ocr="0">0</blocIll>
      </page>
      <page ordre="3">
        <nbMot>1965</nbMot>
        <blocTexte>17</blocTexte>
        <blocTab>0</blocTab>
        <blocPub>0</blocPub>
        <blocIll ocr="3">0</blocIll>
        <ills/>
      </page>
      <page ordre="4">
        <nbMot>2520</nbMot>
        <blocTexte>16</blocTexte>
        <blocTab>0</blocTab>
        <blocPub>0</blocPub>
        <blocIll ocr="1">0</blocIll>
        <ills/>
      </page>
      <page ordre="5">
        <nbMot>2540</nbMot>
        <blocTexte>16</blocTexte>
        <blocTab>0</blocTab>
        <blocPub>0</blocPub>
        <blocIll ocr="1">0</blocIll>
        <ills/>
      </page>
      <page ordre="6">
        <nbMot>2796</nbMot>
        <blocTexte>12</blocTexte>
        <blocTab>0</blocTab>
        <blocPub>0</blocPub>
        <blocIll ocr="1">0</blocIll>
        <ills/>
      </page>
      <page ordre="7">
        <nbMot>1979</nbMot>
        <blocTexte>20</blocTexte>
        <blocTab>0</blocTab>
        <blocPub>2</blocPub>
        <blocIll ocr="3">1</blocIll>
        <ills>
          <ill classif="DFdnn" couleur="gris" edit="1" h="881" id="7-1" n="7-1" pub="1" taille="1" w="698" x="930" y="650">
            <tech source="final">imp photoméca</tech>
            <tech source="md">imp photoméca</tech>
            <contenuImg CS="1.00" h="482" sexe="P" source="dnn" w="367" x="177" y="200">face</contenuImg>
            <titraille>Finis les mauvais jours</titraille>
            <leg>Mlle Marie Canut (Cl. Merliu.)</leg>
            <txt>Les mauvais jours, les jours de souffrance, d'ennui,,de nervosité, sont finis pour Mlle Ma rie Canut. Ces. mauvais jours avaient duré as sez longtemps et les Pilules PinK n'ont eu que plus de mérile à guérir la maladie cjui avait résisté à d'autres traitements. Mlle Marie Canut, de Bazus. par Montastruc (Haute-Garonne), nous a écrit :</txt>
            <index>Finis les mauvais joursMlle Marie Canut (Cl. Merliu.)Les mauvais jours, les jours de souffrance, d'ennui,,de nervosité, sont finis pour Mlle Ma rie Canut. Ces. mauvais jours avaient duré as sez longtemps et les Pilules PinK n'ont eu que plus de mérile à guérir la maladie cjui avait résisté à d'autres traitements. Mlle Marie Canut, de Bazus. par Montastruc (Haute-Garonne), nous a écrit :</index>
          </ill>
        </ills>
      </page>
      <page ordre="8">
        <nbMot>63</nbMot>
        <blocTexte>4</blocTexte>
        <blocTab>0</blocTab>
        <blocPub>0</blocPub>
        <blocIll ocr="1">0</blocIll>
        <ills/>
      </page>
    </pages>
  </contenus>
</analyseAlto>