<analyseAlto>
  <metad>
    <type>P</type>
    <ID>bpt6k717430v</ID>
    <titre>Le Petit Journal illustré Supplément du dimanche</titre>
    <dateEdition>1920-08-01</dateEdition>
    <nbPage>8</nbPage>
    <suppl>FALSE</suppl>
  </metad>
  <contenus>
    <nbArticle>21</nbArticle>
    <largeur>293</largeur>
    <hauteur>373</hauteur>
    <pages>
      <page ordre="1">
        <nbMot>211</nbMot>
        <blocTexte>18</blocTexte>
        <blocTab>0</blocTab>
        <blocPub>0</blocPub>
        <blocIll ocr="1">0</blocIll>
        <ills/>
      </page>
      <page ordre="2">
        <nbMot>2913</nbMot>
        <blocTexte>14</blocTexte>
        <blocTab>0</blocTab>
        <blocPub>0</blocPub>
        <blocIll ocr="0">0</blocIll>
      </page>
      <page ordre="3">
        <nbMot>1892</nbMot>
        <blocTexte>18</blocTexte>
        <blocTab>0</blocTab>
        <blocPub>0</blocPub>
        <blocIll ocr="1">0</blocIll>
        <ills/>
      </page>
      <page ordre="4">
        <nbMot>2701</nbMot>
        <blocTexte>16</blocTexte>
        <blocTab>0</blocTab>
        <blocPub>0</blocPub>
        <blocIll ocr="1">0</blocIll>
        <ills/>
      </page>
      <page ordre="5">
        <nbMot>2667</nbMot>
        <blocTexte>15</blocTexte>
        <blocTab>0</blocTab>
        <blocPub>0</blocPub>
        <blocIll ocr="1">0</blocIll>
        <ills/>
      </page>
      <page ordre="6">
        <nbMot>2864</nbMot>
        <blocTexte>14</blocTexte>
        <blocTab>0</blocTab>
        <blocPub>0</blocPub>
        <blocIll ocr="1">1</blocIll>
        <ills>
          <ill classif="DFdnn" couleur="gris" edit="1" h="865" id="6-1" n="6-1" pub="1" taille="1" w="724" x="2587" y="878">
            <tech source="final">imp photoméca</tech>
            <tech source="md">imp photoméca</tech>
            <contenuImg CS="1.00" h="542" sexe="P" source="dnn" w="397" x="157" y="135">face</contenuImg>
            <titraille>La meil eure manière</titraille>
            <txt>Les Pilules Pink se présentent aux malades de la meilleure manière qui soit. Nous ne vous disons pas tout le bien que nous pen sons de notre médicament. Nous laissons ce soin aux malades qui ont été guéris par les Pilules Pink et ces attestations, toute cette satisfaction, vous les voyez dans' les jour najux de tous les pays, depuis 30 ans, on ne peut plus régulièrement. Malades, écoutez aujourd'hui une dame des pays qui ont souffert, Mme Vve Ronger, de Marconnelle, par Hesdin (Pas-de-Calais) :</txt>
            <index>La meil eure manièreLes Pilules Pink se présentent aux malades de la meilleure manière qui soit. Nous ne vous disons pas tout le bien que nous pen sons de notre médicament. Nous laissons ce soin aux malades qui ont été guéris par les Pilules Pink et ces attestations, toute cette satisfaction, vous les voyez dans' les jour najux de tous les pays, depuis 30 ans, on ne peut plus régulièrement. Malades, écoutez aujourd'hui une dame des pays qui ont souffert, Mme Vve Ronger, de Marconnelle, par Hesdin (Pas-de-Calais) :</index>
          </ill>
        </ills>
      </page>
      <page ordre="7">
        <nbMot>2313</nbMot>
        <blocTexte>20</blocTexte>
        <blocTab>0</blocTab>
        <blocPub>3</blocPub>
        <blocIll ocr="2">0</blocIll>
        <ills/>
      </page>
      <page ordre="8">
        <nbMot>20</nbMot>
        <blocTexte>4</blocTexte>
        <blocTab>0</blocTab>
        <blocPub>0</blocPub>
        <blocIll ocr="1">0</blocIll>
        <ills/>
      </page>
    </pages>
  </contenus>
</analyseAlto>