<analyseAlto>
  <metad>
    <type>P</type>
    <ID>bpt6k6437908</ID>
    <titre>Ouest Eclair (Éd. de Rennes)</titre>
    <dateEdition>1913-10-26</dateEdition>
    <nbPage>8</nbPage>
    <suppl>FALSE</suppl>
  </metad>
  <contenus>
    <nbArticle>88</nbArticle>
    <largeur>412</largeur>
    <hauteur>566</hauteur>
    <pages>
      <page ordre="1">
        <nbMot>5406</nbMot>
        <blocTexte>66</blocTexte>
        <blocTab>0</blocTab>
        <blocPub>0</blocPub>
        <blocIll ocr="3">0</blocIll>
        <ills/>
      </page>
      <page ordre="2">
        <nbMot>8337</nbMot>
        <blocTexte>49</blocTexte>
        <blocTab>8</blocTab>
        <blocPub>2</blocPub>
        <blocIll ocr="0">0</blocIll>
      </page>
      <page ordre="3">
        <nbMot>6671</nbMot>
        <blocTexte>96</blocTexte>
        <blocTab>5</blocTab>
        <blocPub>12</blocPub>
        <blocIll ocr="0">0</blocIll>
      </page>
      <page ordre="4">
        <nbMot>5609</nbMot>
        <blocTexte>113</blocTexte>
        <blocTab>0</blocTab>
        <blocPub>22</blocPub>
        <blocIll ocr="0">0</blocIll>
      </page>
      <page ordre="5">
        <nbMot>1526</nbMot>
        <blocTexte>72</blocTexte>
        <blocTab>0</blocTab>
        <blocPub>0</blocPub>
        <blocIll ocr="32">1</blocIll>
        <ills>
          <ill classif="DFdnn" couleur="gris" edit="1" h="904" n="5-5" pub="1" rotation="0" taille="1" w="729" x="115" y="4454">
            <tech source="final">imp photoméca</tech>
            <tech source="md">imp photoméca</tech>
            <titraille>PAQUEBOTS ET VAPEURS LONGS-CCURRSERS</titraille>
            <leg>FHOTO I I'M.K – I AHIH | J DE Le Savon Cadum est, incontestablement, £ g ; g celui qui nettoie et fortifie le mieux la peau. ÀÂ DORZIAT h iPfl du Vaudeville. ji£)</leg>
            <index>PAQUEBOTS ET VAPEURS LONGS-CCURRSERSFHOTO I I'M.K – I AHIH | J DE Le Savon Cadum est, incontestablement, £ g ; g celui qui nettoie et fortifie le mieux la peau. ÀÂ DORZIAT h iPfl du Vaudeville. ji£)</index>
          </ill>
        </ills>
      </page>
      <page ordre="6">
        <nbMot>5003</nbMot>
        <blocTexte>12</blocTexte>
        <blocTab>0</blocTab>
        <blocPub>10</blocPub>
        <blocIll ocr="0">0</blocIll>
      </page>
      <page ordre="7">
        <nbMot>3666</nbMot>
        <blocTexte>17</blocTexte>
        <blocTab>0</blocTab>
        <blocPub>15</blocPub>
        <blocIll ocr="0">0</blocIll>
      </page>
      <page ordre="8">
        <nbMot>1773</nbMot>
        <blocTexte>6</blocTexte>
        <blocTab>0</blocTab>
        <blocPub>4</blocPub>
        <blocIll ocr="0">0</blocIll>
      </page>
    </pages>
  </contenus>
</analyseAlto>