<analyseAlto>
  <metad>
    <type>P</type>
    <ID>bpt6k7515238</ID>
    <titre>Le Siècle</titre>
    <dateEdition>1920-04-28</dateEdition>
    <nbPage>4</nbPage>
    <suppl>FALSE</suppl>
  </metad>
  <contenus>
    <largeur>355</largeur>
    <hauteur>537</hauteur>
    <pages>
      <page ordre="1">
        <nbMot>556</nbMot>
        <blocTexte>33</blocTexte>
        <blocTab>0</blocTab>
        <blocPub>0</blocPub>
        <blocIllustration>0</blocIllustration>
      </page>
      <page ordre="2">
        <nbMot>767</nbMot>
        <blocTexte>37</blocTexte>
        <blocTab>0</blocTab>
        <blocPub>0</blocPub>
        <blocIllustration>3</blocIllustration>
        <ills>
          <ill classif="DFdnn" couleur="gris" edit="1" h="336" n="2-1" pub="1" taille="0" w="683" x="112" y="3261">
            <leg>LA VILLE ET LES ARTS</leg>
            <txt>irard, et créée par Coibert avec ce double •but : faciliter aux jeunes l'étude des chefs- d'œuvre de l'art classique et entretenir h Rome une colonie de peintres et de sculp teurs chargés de copier, pour le compte de l'Etat, les morceaux les pius célèbres. En décernant des prix ù, ses élèves, en ce temps-là, l'Académie royalê désignait ceux des lauréats qu'elle jugeait capables d'un séjour en Italie, et le ministre les ad mettant « à prendre part aux grâces du roi », leur faisait accorder une pension. De là à la création de l'Ecole romaine il n'y avait qu'un pas. Charles Erraxt le franchit. Ayant élaboré et fait adopter plans et statuts, il partit en mars 166G, ac compagné de douze élèves, six peintres, quatre sculpteurs, deux architectes, « tous, dit la lettre au roi, de religion ca tholique, apostolique et romaine ». Il logea ses jeunes apôtres sans doute dans les environs du théâtre Argentina, au palais Cesarina. Quoi qu'il en soit, le lieu étanl « dédié à la vertu », il fut in terdit aux élèves de « blasphémer ou pro férer des paroles impies ou deshonnostes » sous peine d'être « chassés ». Et les pen sionnaires firent table commune. Ils du- . rent aussi se lever « en esté à cinq heures et en hiver à six » et étudier « tous les jours, deux iheures, l'arithmétique, la géo métrie, la perspective et l'architecture ». Ce n'est qu'en 1803, que la France entra en possession de la villa Médiois où devait, plus tard, fie noria' en si grande liberté la jeune glajwï des arts, livTée è ^â?SCS</txt>
            <index>LA VILLE ET LES ARTSirard, et créée par Coibert avec ce double •but : faciliter aux jeunes l'étude des chefs- d'œuvre de l'art classique et entretenir h Rome une colonie de peintres et de sculp teurs chargés de copier, pour le compte de l'Etat, les morceaux les pius célèbres. En décernant des prix ù, ses élèves, en ce temps-là, l'Académie royalê désignait ceux des lauréats qu'elle jugeait capables d'un séjour en Italie, et le ministre les ad mettant « à prendre part aux grâces du roi », leur faisait accorder une pension. De là à la création de l'Ecole romaine il n'y avait qu'un pas. Charles Erraxt le franchit. Ayant élaboré et fait adopter plans et statuts, il partit en mars 166G, ac compagné de douze élèves, six peintres, quatre sculpteurs, deux architectes, « tous, dit la lettre au roi, de religion ca tholique, apostolique et romaine ». Il logea ses jeunes apôtres sans doute dans les environs du théâtre Argentina, au palais Cesarina. Quoi qu'il en soit, le lieu étanl « dédié à la vertu », il fut in terdit aux élèves de « blasphémer ou pro férer des paroles impies ou deshonnostes » sous peine d'être « chassés ». Et les pen sionnaires firent table commune. Ils du- . rent aussi se lever « en esté à cinq heures et en hiver à six » et étudier « tous les jours, deux iheures, l'arithmétique, la géo métrie, la perspective et l'architecture ». Ce n'est qu'en 1803, que la France entra en possession de la villa Médiois où devait, plus tard, fie noria' en si grande liberté la jeune glajwï des arts, livTée è ^â?SCS</index>
            <genre source="hm" time="2019-09-29T14:16:55.5+02:00">publicite</genre>
            <genre source="final">publicite</genre>
          </ill>
        </ills>
      </page>
      <page ordre="3">
        <nbMot>779</nbMot>
        <blocTexte>24</blocTexte>
        <blocTab>0</blocTab>
        <blocPub>0</blocPub>
        <blocIllustration>0</blocIllustration>
      </page>
      <page ordre="4">
        <nbMot>996</nbMot>
        <blocTexte>277</blocTexte>
        <blocTab>0</blocTab>
        <blocPub>0</blocPub>
        <blocIllustration>4</blocIllustration>
        <ills/>
      </page>
    </pages>
  </contenus>
</analyseAlto>