<doc>
  <metad>
    <type>P</type>
    <ID>bpt6k751446s</ID>
    <titre>Le Siècle</titre>
    <dateEdition>1920-02-11</dateEdition>
    <nbPage>4</nbPage>
    <suppl>FALSE</suppl>
  </metad>
  <contenus>
    <largeur>353</largeur>
    <hauteur>539</hauteur>
    <pages>
      <page ordre="1">
        <nbMot>599</nbMot>
        <blocTexte>33</blocTexte>
        <blocTab>0</blocTab>
        <blocPub>0</blocPub>
        <blocIllustration>0</blocIllustration>
      </page>
      <page ordre="2">
        <nbMot>761</nbMot>
        <blocTexte>33</blocTexte>
        <blocTab>0</blocTab>
        <blocPub>0</blocPub>
        <blocIllustration>2</blocIllustration>
        <ills>
          <ill couleur="gris" edit="1" h="334" n="2-1" pub="1" taille="0" w="767" x="169" y="3791">
            <leg>reit tous adressant aux Etabl  kJAMET-BUFFEReAU.M, BMdeRIroil, PtUt J • HAKOV-lTJirj» -WBBUtBP»»#</leg>
            <txt>Cinémas MARIVAUX (Louvre 06-99) - Matin., aotr. - L'Ami Fritz, d'après le roman d'Erclumaatt-Cha- trlan Ide Mas, Huguette DoîlOs, .Mathot) ; Amtaèe, bourreau des coeurs Les Oiseaux sauvages : 4 at tractions : Bartley, Aldon et Lopez, The SUters Dagrnara et The JVebbs Brothers, du Çolisôum de Londres. ARTISTIC Cent 81-0(7). — Mat., 6olr. s Travail, do Zola (4° ép.: Hymne au travail) ; La Tache originelle ; Max, toréador. MOQADOR-PALACE. - 8 h. 30 : La Rctne des César* i XïD-35 -, Henri LéanA chante. A 5 h. •: The.Tango (Matinée ; jeudi, samedi et dimanche, à 8 h, ,15). PATHÊ-PALAOE (Ctentral 73-93). — 2 h. à « h. : Travail, de Zola (4* ép. : Hymne au travail) ; Max, toréador (Max Llndesr). AUBERT-PALACE (Gut. 47-07). — Mat., soir. : Le Fil* de la Huit (7* ép. : Teddy à la rescousse) ; La DubminJ (Theda, Bara) ; Tempête sous un crdne, ELECTRIC-PALACE (Gut. 60-781 - Mat., soir. : Le Roi du Cirque (12» ép.) ; William Farnutti dans un Ours de l'Alaska ,- Chariot devient sobre. TlVOLI-OINÉMA (Nord 28-44). - Mat., sodr. s Le Fils de la Nuit (le ép. ép.) ; Travail (4* ép.: Hymne ara travail) • Max, toréador ; Secret d'in- tien leur. SAINT-PAUL-OINÊMA (Arch. 07-47). — Mat, soir. : I.e Fils de la Nuit (7* ép.) : L'Ami Fritz (Mabhot et Huguette Du»los) • Dandy• paie ses dettes. MONCEV O/NÉMA, 50. Avenue de Cllchy. - Mat., soir. : Le Fils de la Nuit (7° ép.) ; Impossible Ma riage ; Admiratrice de Chariot ; Dandy pale ses</txt>
            <index>reit tous adressant aux Etabl  kJAMET-BUFFEReAU.M, BMdeRIroil, PtUt J • HAKOV-lTJirj» -WBBUtBP»»#Cinémas MARIVAUX (Louvre 06-99) - Matin., aotr. - L'Ami Fritz, d'après le roman d'Erclumaatt-Cha- trlan Ide Mas, Huguette DoîlOs, .Mathot) ; Amtaèe, bourreau des coeurs Les Oiseaux sauvages : 4 at tractions : Bartley, Aldon et Lopez, The SUters Dagrnara et The JVebbs Brothers, du Çolisôum de Londres. ARTISTIC Cent 81-0(7). — Mat., 6olr. s Travail, do Zola (4° ép.: Hymne au travail) ; La Tache originelle ; Max, toréador. MOQADOR-PALACE. - 8 h. 30 : La Rctne des César* i XïD-35 -, Henri LéanA chante. A 5 h. •: The.Tango (Matinée ; jeudi, samedi et dimanche, à 8 h, ,15). PATHÊ-PALAOE (Ctentral 73-93). — 2 h. à « h. : Travail, de Zola (4* ép. : Hymne au travail) ; Max, toréador (Max Llndesr). AUBERT-PALACE (Gut. 47-07). — Mat., soir. : Le Fil* de la Huit (7* ép. : Teddy à la rescousse) ; La DubminJ (Theda, Bara) ; Tempête sous un crdne, ELECTRIC-PALACE (Gut. 60-781 - Mat., soir. : Le Roi du Cirque (12» ép.) ; William Farnutti dans un Ours de l'Alaska ,- Chariot devient sobre. TlVOLI-OINÉMA (Nord 28-44). - Mat., sodr. s Le Fils de la Nuit (le ép. ép.) ; Travail (4* ép.: Hymne ara travail) • Max, toréador ; Secret d'in- tien leur. SAINT-PAUL-OINÊMA (Arch. 07-47). — Mat, soir. : I.e Fils de la Nuit (7* ép.) : L'Ami Fritz (Mabhot et Huguette Du»los) • Dandy• paie ses dettes. MONCEV O/NÉMA, 50. Avenue de Cllchy. - Mat., soir. : Le Fils de la Nuit (7° ép.) ; Impossible Ma riage ; Admiratrice de Chariot ; Dandy pale ses</index>
            <genre source="hm" time="2019-09-29T14:15:31.138+02:00">publicite</genre>
            <genre source="final">publicite</genre>
          </ill>
        </ills>
      </page>
      <page ordre="3">
        <nbMot>760</nbMot>
        <blocTexte>20</blocTexte>
        <blocTab>0</blocTab>
        <blocPub>0</blocPub>
        <blocIllustration>0</blocIllustration>
      </page>
      <page ordre="4">
        <nbMot>1100</nbMot>
        <blocTexte>381</blocTexte>
        <blocTab>0</blocTab>
        <blocPub>0</blocPub>
        <blocIllustration>5</blocIllustration>
        <ills>
          <ill couleur="gris" derniere="true" edit="1" h="288" n="4-2" pub="1" taille="0" w="614" x="1838" y="3132">
            <leg>Demander</leg>
            <txt>m M Kî m</txt>
            <index>Demanderm M Kî m</index>
            <genre source="hm" time="2019-09-29T14:15:38.744+02:00">publicite</genre>
            <genre source="final">publicite</genre>
          </ill>
        </ills>
      </page>
    </pages>
  </contenus>
</doc>