<analyseAlto>
  <metad>
    <type>P</type>
    <ID>bpt6k751625b</ID>
    <titre>Le Siècle</titre>
    <dateEdition>1920-08-09</dateEdition>
    <nbPage>4</nbPage>
    <suppl>FALSE</suppl>
  </metad>
  <contenus>
    <largeur>356</largeur>
    <hauteur>540</hauteur>
    <pages>
      <page ordre="1">
        <nbMot>573</nbMot>
        <blocTexte>36</blocTexte>
        <blocTab>0</blocTab>
        <blocPub>0</blocPub>
        <blocIllustration>1</blocIllustration>
        <ills/>
      </page>
      <page ordre="2">
        <nbMot>809</nbMot>
        <blocTexte>30</blocTexte>
        <blocTab>0</blocTab>
        <blocPub>0</blocPub>
        <blocIllustration>1</blocIllustration>
        <ills/>
      </page>
      <page ordre="3">
        <nbMot>831</nbMot>
        <blocTexte>33</blocTexte>
        <blocTab>0</blocTab>
        <blocPub>0</blocPub>
        <blocIllustration>0</blocIllustration>
      </page>
      <page ordre="4">
        <nbMot>1099</nbMot>
        <blocTexte>410</blocTexte>
        <blocTab>0</blocTab>
        <blocPub>0</blocPub>
        <blocIllustration>4</blocIllustration>
        <ills>
          <ill couleur="gris" derniere="true" edit="1" h="822" n="4-4" pub="1" taille="0" w="490" x="2548" y="3384">
            <leg>TELEPHONIE</leg>
            <txt>Demain: CABOURG PRIX DU CASINO A réclamer. — 4.000 fr. — 900 mètres Duc Decazes 2 Sea Hound. 20000 5* I-Ienri Cotyevieille .... 2 Fortunata.. 20000 5(.V R. 1-Iaymann 2 Sorella.... 20000 Si  • Mathurin Pantaîl .... 2 M.v Sîar... 20000 5i',w ■ S. Van Dyk Azn ..... 2 Eskuaraz, 10000 5!  J. Rutgers Le Hoy,... 2 Silvoslcr... 1ÛÛ00 5  Marcel • Boussac 2 Cassation . 10000 3-'- Jc-an Cerf .. 2 Proty 3000T 5'? Jean Arditi 2 Geoigetie.. 10000 52§ PRIX DE LA SOCIETE D'EKCOURAGEMENT 3.000 francs. — 2.000 -mètres B. Haymann t Zimzizimi S r i K. Haymann 4 FanWni. d'Orient .7'- Albert Batten 4'Rictus sp Adrien Letellier 4 Izelie .'.... 5'it Pierre Parot 4 Lorette VT 5T\ • Jean Cerf 6 bous la touillée 574 Robert Lazai'd 3 Le Grillon F. Bottin-Beitln .! Le Pernnssionna. 5i: Jean Stern  5 San Ca-bnele .... Su Canii'Ue Blanc ........ 3 Cabbv -Si! Thibault Cafan 3 lîibnilsa $i , E. Mai'tinez de Hoz... -i l'engour-dmo .... .V,  Jean Anditl 3 Populariiv Si. 1 , Jean Cerf 3 Rose Buire 54?» Comte Foy 3 Lagune ,Vi r , Pierre Parot, 4 Bubale 544 Bar. E. de Rothschild 3 Night Light .... 54j Jeain Stern 3 Fieurbaix 54 j Henry Ternynek 3 Mistake 54J PRIX CALENGE 5.000 francs. — 900 mètres . J. Rutgers Lo Roy 2 Pergola 55 Camille Blanc 2 Bergen £, r . Vicomte Foy 2 Khafra 55 I Picrro Champion 2 Fanchcn 5 j Pierre Champion .... 2,Ma Belle SHJ) Pierre Champion .... 2 MervilJe IV .... S3  Henri Cottevieille ... 2 Callidice 53 .1 R. Haymann '... 2 Sorella .';3'i R. Haymann 2 Jérusalem 5,.j Fernand Lallouet .. Malgré le nombre restreint des canourrents, le sport a offert hier sufflsainirtent d'intérêt, à Boulognc-sur-Mer. Le prix des Dames a permis à Maximia de battre aisément Ambroisie et Albigeois. Le premier prix de la Société des Steeple a été un match entre Fribo-urg et Lutèce IV que Fribourg a gagné de loin. Le deuxième prix de la Société des: Steeple a été pour Gabie devant Izelle et Albigeois courant pour la seconde fois et qui s'est dé- ■ robé trouvant sans doute que l'on abusait de lui. Le prix du Casino est revenu à Rustling par 6 longueurs sur la Belle Hélène II. Et le Mili- j tary final a été gagné par Andalousie sur Miss 1 Bell et Métidja. W\ j PRIX DES DAMES (haies, mixte), 2.000 fr., 2.S00 , mètrea. — 1  Maximia, â M. Braquessac ( Bout- 1 dalé); 2  Ambroisie, à. M.. Harcluiu (Morin); 3' ' Albigeois, à M. Cunmgham (A. Benson). Non pla cés .: Lesaca, Evora, Fleur des Pois III, Cadidja. C longueurs, S lonfrueurs. 1  PRIX DE LA SOCIETE DES STEEPLE (steeple- ctose), 2.000. fr., 4.000 m. — 1  Fribourg, à M.</txt>
            <index>TELEPHONIEDemain: CABOURG PRIX DU CASINO A réclamer. — 4.000 fr. — 900 mètres Duc Decazes 2 Sea Hound. 20000 5* I-Ienri Cotyevieille .... 2 Fortunata.. 20000 5(.V R. 1-Iaymann 2 Sorella.... 20000 Si  • Mathurin Pantaîl .... 2 M.v Sîar... 20000 5i',w ■ S. Van Dyk Azn ..... 2 Eskuaraz, 10000 5!  J. Rutgers Le Hoy,... 2 Silvoslcr... 1ÛÛ00 5  Marcel • Boussac 2 Cassation . 10000 3-'- Jc-an Cerf .. 2 Proty 3000T 5'? Jean Arditi 2 Geoigetie.. 10000 52§ PRIX DE LA SOCIETE D'EKCOURAGEMENT 3.000 francs. — 2.000 -mètres B. Haymann t Zimzizimi S r i K. Haymann 4 FanWni. d'Orient .7'- Albert Batten 4'Rictus sp Adrien Letellier 4 Izelie .'.... 5'it Pierre Parot 4 Lorette VT 5T\ • Jean Cerf 6 bous la touillée 574 Robert Lazai'd 3 Le Grillon F. Bottin-Beitln .! Le Pernnssionna. 5i: Jean Stern  5 San Ca-bnele .... Su Canii'Ue Blanc ........ 3 Cabbv -Si! Thibault Cafan 3 lîibnilsa $i , E. Mai'tinez de Hoz... -i l'engour-dmo .... .V,  Jean Anditl 3 Populariiv Si. 1 , Jean Cerf 3 Rose Buire 54?» Comte Foy 3 Lagune ,Vi r , Pierre Parot, 4 Bubale 544 Bar. E. de Rothschild 3 Night Light .... 54j Jeain Stern 3 Fieurbaix 54 j Henry Ternynek 3 Mistake 54J PRIX CALENGE 5.000 francs. — 900 mètres . J. Rutgers Lo Roy 2 Pergola 55 Camille Blanc 2 Bergen £, r . Vicomte Foy 2 Khafra 55 I Picrro Champion 2 Fanchcn 5 j Pierre Champion .... 2,Ma Belle SHJ) Pierre Champion .... 2 MervilJe IV .... S3  Henri Cottevieille ... 2 Callidice 53 .1 R. Haymann '... 2 Sorella .';3'i R. Haymann 2 Jérusalem 5,.j Fernand Lallouet .. Malgré le nombre restreint des canourrents, le sport a offert hier sufflsainirtent d'intérêt, à Boulognc-sur-Mer. Le prix des Dames a permis à Maximia de battre aisément Ambroisie et Albigeois. Le premier prix de la Société des Steeple a été un match entre Fribo-urg et Lutèce IV que Fribourg a gagné de loin. Le deuxième prix de la Société des: Steeple a été pour Gabie devant Izelle et Albigeois courant pour la seconde fois et qui s'est dé- ■ robé trouvant sans doute que l'on abusait de lui. Le prix du Casino est revenu à Rustling par 6 longueurs sur la Belle Hélène II. Et le Mili- j tary final a été gagné par Andalousie sur Miss 1 Bell et Métidja. W\ j PRIX DES DAMES (haies, mixte), 2.000 fr., 2.S00 , mètrea. — 1  Maximia, â M. Braquessac ( Bout- 1 dalé); 2  Ambroisie, à. M.. Harcluiu (Morin); 3' ' Albigeois, à M. Cunmgham (A. Benson). Non pla cés .: Lesaca, Evora, Fleur des Pois III, Cadidja. C longueurs, S lonfrueurs. 1  PRIX DE LA SOCIETE DES STEEPLE (steeple- ctose), 2.000. fr., 4.000 m. — 1  Fribourg, à M.</index>
            <genre source="hm" time="2019-09-29T14:23:08.592+02:00">publicite</genre>
            <genre source="final">publicite</genre>
          </ill>
        </ills>
      </page>
    </pages>
  </contenus>
</analyseAlto>