<analyseAlto>
  <metad>
    <type>P</type>
    <ID>bpt6k7517384</ID>
    <titre>Le Siècle</titre>
    <dateEdition>1920-11-30</dateEdition>
    <nbPage>4</nbPage>
    <suppl>FALSE</suppl>
  </metad>
  <contenus>
    <largeur>361</largeur>
    <hauteur>539</hauteur>
    <pages>
      <page ordre="1">
        <nbMot>608</nbMot>
        <blocTexte>27</blocTexte>
        <blocTab>0</blocTab>
        <blocPub>0</blocPub>
        <blocIllustration>1</blocIllustration>
        <ills/>
      </page>
      <page ordre="2">
        <nbMot>800</nbMot>
        <blocTexte>52</blocTexte>
        <blocTab>0</blocTab>
        <blocPub>0</blocPub>
        <blocIllustration>8</blocIllustration>
        <ills/>
      </page>
      <page ordre="3">
        <nbMot>685</nbMot>
        <blocTexte>20</blocTexte>
        <blocTab>0</blocTab>
        <blocPub>0</blocPub>
        <blocIllustration>3</blocIllustration>
        <ills/>
      </page>
      <page ordre="4">
        <nbMot>1125</nbMot>
        <blocTexte>379</blocTexte>
        <blocTab>0</blocTab>
        <blocPub>0</blocPub>
        <blocIllustration>1</blocIllustration>
        <ills>
          <ill classif="DFdnn" couleur="gris" derniere="true" edit="1" h="624" n="4-1" pub="1" taille="0" w="672" x="1046" y="5001">
            <leg>f (AÏALOâUff^ ^{Wco Urgeu(A-» 90 Priy..... S75.. .535.. SSS i. 64-5.. PRIX SANS PRÉCÉDENTS Cefîcii^eteSîgsnosstea'uaest rabiiauésvBC des mîtëriwut PRf.nifR CHOIX,tes pilias et fesbarrearo sont ENritfitnEKTeK CLUVREet déformé arrâ.tes chapiteau WcnOiiVRÊfiASSlf, II amstUue Le bel tffnsnvait^ûricQîasîSrï â Ébachcrnffl rae</leg>
            <txt>PARIS 1 ^ LIT TOUTCUIVRE Gros Piliers carrés fîODÊLE U.N</txt>
            <index>f (AÏALOâUff^ ^{Wco Urgeu(A-» 90 Priy..... S75.. .535.. SSS i. 64-5.. PRIX SANS PRÉCÉDENTS Cefîcii^eteSîgsnosstea'uaest rabiiauésvBC des mîtëriwut PRf.nifR CHOIX,tes pilias et fesbarrearo sont ENritfitnEKTeK CLUVREet déformé arrâ.tes chapiteau WcnOiiVRÊfiASSlf, II amstUue Le bel tffnsnvait^ûricQîasîSrï â Ébachcrnffl raePARIS 1 ^ LIT TOUTCUIVRE Gros Piliers carrés fîODÊLE U.N</index>
            <genre source="hm" time="2019-09-29T14:29:18.179+02:00">publicite</genre>
            <genre source="final">publicite</genre>
          </ill>
        </ills>
      </page>
    </pages>
  </contenus>
</analyseAlto>