<analyseAlto>
  <metad>
    <type>P</type>
    <ID>bpt6k7516226</ID>
    <titre>Le Siècle</titre>
    <dateEdition>1920-08-06</dateEdition>
    <nbPage>4</nbPage>
    <suppl>FALSE</suppl>
  </metad>
  <contenus>
    <largeur>362</largeur>
    <hauteur>540</hauteur>
    <pages>
      <page ordre="1">
        <nbMot>559</nbMot>
        <blocTexte>23</blocTexte>
        <blocTab>0</blocTab>
        <blocPub>0</blocPub>
        <blocIllustration>2</blocIllustration>
        <ills/>
      </page>
      <page ordre="2">
        <nbMot>796</nbMot>
        <blocTexte>38</blocTexte>
        <blocTab>0</blocTab>
        <blocPub>0</blocPub>
        <blocIllustration>2</blocIllustration>
        <ills/>
      </page>
      <page ordre="3">
        <nbMot>807</nbMot>
        <blocTexte>25</blocTexte>
        <blocTab>0</blocTab>
        <blocPub>0</blocPub>
        <blocIllustration>0</blocIllustration>
      </page>
      <page ordre="4">
        <nbMot>1132</nbMot>
        <blocTexte>335</blocTexte>
        <blocTab>0</blocTab>
        <blocPub>0</blocPub>
        <blocIllustration>2</blocIllustration>
        <ills>
          <ill classif="DFdnn" couleur="gris" derniere="true" edit="1" h="456" n="4-1" pub="1" taille="0" w="745" x="2549" y="3770">
            <contenuImg CS="0.97" h="82" l="65" sexe="P" source="dnn" x="335" y="147">face</contenuImg>
            <leg>La/Grand/ Guid e y* Français</leg>
            <txt>D'ECHOS EN ECHOS La Société des Courses de Bemay fêtera avec suocès à la réunion de samedi prochain Je 40° anniversaire de sa fondation. De nom breux chevaux sont engagés dams chacune des six épreuves du programme. A oeitté occasion, la Compagnie des chemins ,d« far de l'Etat prend les dispositions sui- varrfes : Train spécial : î°, 2« et 3° classe, wagon- auxaiii Aller. —'Trouville-Deauville, dêpa-rt midi 10; Bcainay, arrivée 13 h. 22. Retour. — Bernay, départ 18 h. 03 ; Trouviilie-Deauville, arri vée 19 h. 10. Train de Paris : Paris Saint-Lazare, départ 7 h. 15 et 8 h. 45. 1°, 2= et 3 e classes, donnera 3'arrêt exceptionneillement aux voyageurs de. première classe qui seront admis dans ce train sains conditions de parcours. Train spécial de chevaux : Trouville-Bemay. Aller : départ de Trouville 7 h 25 ; arrivée •A Bernay 9 heures ; retour départ de Ber nay, 19 'h. 05 ; arrivée à Trouville 20 h. 27. v wv Les automobilistes se rendant à Bernay le samedi 7 août 1920 trouveront au passage un dépôt jTessence, d'huile et un mécanicien à leur disposition. Distance de Deauville à Bernay : 59 kilo mètres. wv D'Auteuil'Longchamp : Hier, à Deauville : Après sa victoire dans 1^ prix de Béner- ville, Toujours Debout a été réclamé pour 29.400 fr.; par 'M. -Van Dyck I-Ia2n. vu Caïlidice, réservée pour aujourd'hui  u U» sieux, n'a pas disputé le prix dç Honfl^w. A- Woodlaaid n'ayant pas pu venir monter, a été remplacé par le jeune Cordier, un bon apprenti de l'ecune Batchelor, sur Leimuda, El mm</txt>
            <index>La/Grand/ Guid e y* FrançaisD'ECHOS EN ECHOS La Société des Courses de Bemay fêtera avec suocès à la réunion de samedi prochain Je 40° anniversaire de sa fondation. De nom breux chevaux sont engagés dams chacune des six épreuves du programme. A oeitté occasion, la Compagnie des chemins ,d« far de l'Etat prend les dispositions sui- varrfes : Train spécial : î°, 2« et 3° classe, wagon- auxaiii Aller. —'Trouville-Deauville, dêpa-rt midi 10; Bcainay, arrivée 13 h. 22. Retour. — Bernay, départ 18 h. 03 ; Trouviilie-Deauville, arri vée 19 h. 10. Train de Paris : Paris Saint-Lazare, départ 7 h. 15 et 8 h. 45. 1°, 2= et 3 e classes, donnera 3'arrêt exceptionneillement aux voyageurs de. première classe qui seront admis dans ce train sains conditions de parcours. Train spécial de chevaux : Trouville-Bemay. Aller : départ de Trouville 7 h 25 ; arrivée •A Bernay 9 heures ; retour départ de Ber nay, 19 'h. 05 ; arrivée à Trouville 20 h. 27. v wv Les automobilistes se rendant à Bernay le samedi 7 août 1920 trouveront au passage un dépôt jTessence, d'huile et un mécanicien à leur disposition. Distance de Deauville à Bernay : 59 kilo mètres. wv D'Auteuil'Longchamp : Hier, à Deauville : Après sa victoire dans 1^ prix de Béner- ville, Toujours Debout a été réclamé pour 29.400 fr.; par 'M. -Van Dyck I-Ia2n. vu Caïlidice, réservée pour aujourd'hui  u U» sieux, n'a pas disputé le prix dç Honfl^w. A- Woodlaaid n'ayant pas pu venir monter, a été remplacé par le jeune Cordier, un bon apprenti de l'ecune Batchelor, sur Leimuda, El mm</index>
            <genre source="hm" time="2019-09-29T14:23:06.95+02:00">publicite</genre>
            <genre source="final">publicite</genre>
          </ill>
        </ills>
      </page>
    </pages>
  </contenus>
</analyseAlto>