<analyseAlto>
  <metad>
    <type>P</type>
    <ID>bpt6k751731g</ID>
    <titre>Le Siècle</titre>
    <dateEdition>1920-11-23</dateEdition>
    <nbPage>4</nbPage>
    <suppl>FALSE</suppl>
  </metad>
  <contenus>
    <largeur>363</largeur>
    <hauteur>540</hauteur>
    <pages>
      <page ordre="1">
        <nbMot>604</nbMot>
        <blocTexte>28</blocTexte>
        <blocTab>0</blocTab>
        <blocPub>0</blocPub>
        <blocIllustration>0</blocIllustration>
      </page>
      <page ordre="2">
        <nbMot>778</nbMot>
        <blocTexte>48</blocTexte>
        <blocTab>0</blocTab>
        <blocPub>0</blocPub>
        <blocIllustration>11</blocIllustration>
        <ills/>
      </page>
      <page ordre="3">
        <nbMot>769</nbMot>
        <blocTexte>34</blocTexte>
        <blocTab>0</blocTab>
        <blocPub>0</blocPub>
        <blocIllustration>1</blocIllustration>
        <ills/>
      </page>
      <page ordre="4">
        <nbMot>1227</nbMot>
        <blocTexte>402</blocTexte>
        <blocTab>0</blocTab>
        <blocPub>0</blocPub>
        <blocIllustration>2</blocIllustration>
        <ills>
          <ill classif="DFdnn" couleur="gris" derniere="true" edit="1" h="626" n="4-2" pub="1" taille="0" w="734" x="2613" y="3408">
            <leg>%S!ÎS». , ' fRASCO ' ( Largeujy.., Prijt ... '5,75.. 5SS.. '595.. 64S:. PRIX SANS PRÉCÉDENTS (j.tfxWc dlincé/jgAnc; nbsoue.ect fabriqué avec des maWriauc de PREHIEfi CHOIX, tes piliers eUes barreaiK sôal CflTIf REMENTm S ri!M/DP^rlAfv ^nA arr-/w^ 1^-- e^t-^riUimP-MACHP</leg>
            <txt>\lxMO*ù$UO ; VAUfttRAK» mâAWOW^ AXC 60 oo LIT TOUT CUIVRE Gros Piliers carrés fîODÈLE</txt>
            <index>%S!ÎS». , ' fRASCO ' ( Largeujy.., Prijt ... '5,75.. 5SS.. '595.. 64S:. PRIX SANS PRÉCÉDENTS (j.tfxWc dlincé/jgAnc; nbsoue.ect fabriqué avec des maWriauc de PREHIEfi CHOIX, tes piliers eUes barreaiK sôal CflTIf REMENTm S ri!M/DP^rlAfv ^nA arr-/w^ 1^-- e^t-^riUimP-MACHP\lxMO*ù$UO ; VAUfttRAK» mâAWOW^ AXC 60 oo LIT TOUT CUIVRE Gros Piliers carrés fîODÈLE</index>
            <genre source="hm" time="2019-09-29T14:29:12.982+02:00">publicite</genre>
            <genre source="final">publicite</genre>
          </ill>
        </ills>
      </page>
    </pages>
  </contenus>
</analyseAlto>