<doc>
  <metad>
    <type>P</type>
    <ID>bpt6k7517303</ID>
    <titre>Le Siècle</titre>
    <dateEdition>1920-11-22</dateEdition>
    <nbPage>4</nbPage>
    <suppl>FALSE</suppl>
  </metad>
  <contenus>
    <largeur>363</largeur>
    <hauteur>536</hauteur>
    <pages>
      <page ordre="1">
        <nbMot>618</nbMot>
        <blocTexte>24</blocTexte>
        <blocTab>0</blocTab>
        <blocPub>0</blocPub>
        <blocIllustration>2</blocIllustration>
        <ills/>
      </page>
      <page ordre="2">
        <nbMot>767</nbMot>
        <blocTexte>37</blocTexte>
        <blocTab>0</blocTab>
        <blocPub>0</blocPub>
        <blocIllustration>4</blocIllustration>
        <ills/>
      </page>
      <page ordre="3">
        <nbMot>672</nbMot>
        <blocTexte>27</blocTexte>
        <blocTab>0</blocTab>
        <blocPub>0</blocPub>
        <blocIllustration>6</blocIllustration>
        <ills>
          <ill couleur="gris" edit="1" h="878" n="3-5" pub="1" taille="1" w="750" x="3407" y="4771">
            <leg>J li.-gcuj/... 1 0ff. . ... 1 £5 iirii 140 : | Pri^... S7S. Sésl. £ £).. I • P m SANS PRéCÉDSWTS ■s Wfe»!? s«„ «leçK» sfedaftes febriquésis: des naiâiâuit   S Ma^EROiA^rtj^tttesftanieïitisattBrûâBlîWeri 1 Ci)i VfôeU ftrrra carf sjs. ctapiifâa; satfBtCuiVi?rTASSf. | k'tetofirjràs»Kgsa -3^stx t?,xt r £C~f/r :gQ r : ^UVRWSOH A D f;icHFKPè ?Tig?ri!S PSOVifsCtrï</leg>
            <txt>me, le « Yoshivara » des mateiiots en ribote, des militaires en permission et des paysans avides de plaisirs citadins... quelque ohose comme la * Porta Ca-puana. » de Naples ou « le Chapeau rouge s de Toutan. Par bonheur, c'était le matin, avant, que les   a.péritifs » réunissent autour fies tables la louche clientèle de ces établissements tumul tueux, bars, buvettes, lkpioristes, comptoirs qui pullulent entre le marché Vivaux et l'é glise des Augustins, Sur les banquettes pois seuses du «. Bar javanais », -où Elisabeth d'Autriche sirotait un « vermouth grenadine   avec plus de gourmandise qu'à une soirée de gaia, il n'y ava.il qu'un groupe d'habitués des deux sexes : d'imberbes souteneurs à la cigarette pendant au coin de la bouche mo queuse, » nervi* » anti^patriotes, communiâ tes par instinct, «t trois filles do maison clo se, à la tignasse polycàroms, en jupon abré gé, à la g-orge désordonnée*, aux propos li cencieux, tenu A dans; l'argot peu académique du anartier. •; Nervis » et. « paahoîettes » na daignèrent point s'occuper de l'aristocratique' cliente égarée parmi eâ,\\ En tin clin d'œil le « Iiar javanais » fut gar dé aux deux issues i.ar des agents de la sû reté générale, et un monsieur d'allure énergi que, dont la re.iuigoie partait un ruban rou- pe à la iboutonaiiéi-f. entra \ite, s'approcha de l'impératrice, b'ineiina profondément, chu- psuu à la rnaln, et lui dit à .voix très bs^ : e •   .T'ai l'honneur tlo prier Votre Majesté da vouloir prendre place dans le co LE SON DU T Echo dit Rappel : / Charte Nodier disait, m ,l'Académie, dans une séance consacrée au dictionnaire, qu'il était bon de mettre, auprès des mots, leur prononciation figurée : ( — « Abolition, etc... prononcez Abolicio^. — Votre remarque nie parait inutile, dit M. de Foretz, car on sait bien que, devant 11, le T a toujours ie son du C. — .Mon char 'confrère, riposta Nodier, ayez piciâ de mon ignorance, éh laites-moi l'ami- cié de me répéter ia moicié de ce que vous venez de me dire. ■ JLe Liseur.</txt>
            <index>J li.-gcuj/... 1 0ff. . ... 1 £5 iirii 140 : | Pri^... S7S. Sésl. £ £).. I • P m SANS PRéCÉDSWTS ■s Wfe»!? s«„ «leçK» sfedaftes febriquésis: des naiâiâuit   S Ma^EROiA^rtj^tttesftanieïitisattBrûâBlîWeri 1 Ci)i VfôeU ftrrra carf sjs. ctapiifâa; satfBtCuiVi?rTASSf. | k'tetofirjràs»Kgsa -3^stx t?,xt r £C~f/r :gQ r : ^UVRWSOH A D f;icHFKPè ?Tig?ri!S PSOVifsCtrïme, le « Yoshivara » des mateiiots en ribote, des militaires en permission et des paysans avides de plaisirs citadins... quelque ohose comme la * Porta Ca-puana. » de Naples ou « le Chapeau rouge s de Toutan. Par bonheur, c'était le matin, avant, que les   a.péritifs » réunissent autour fies tables la louche clientèle de ces établissements tumul tueux, bars, buvettes, lkpioristes, comptoirs qui pullulent entre le marché Vivaux et l'é glise des Augustins, Sur les banquettes pois seuses du «. Bar javanais », -où Elisabeth d'Autriche sirotait un « vermouth grenadine   avec plus de gourmandise qu'à une soirée de gaia, il n'y ava.il qu'un groupe d'habitués des deux sexes : d'imberbes souteneurs à la cigarette pendant au coin de la bouche mo queuse, » nervi* » anti^patriotes, communiâ tes par instinct, «t trois filles do maison clo se, à la tignasse polycàroms, en jupon abré gé, à la g-orge désordonnée*, aux propos li cencieux, tenu A dans; l'argot peu académique du anartier. •; Nervis » et. « paahoîettes » na daignèrent point s'occuper de l'aristocratique' cliente égarée parmi eâ,\\ En tin clin d'œil le « Iiar javanais » fut gar dé aux deux issues i.ar des agents de la sû reté générale, et un monsieur d'allure énergi que, dont la re.iuigoie partait un ruban rou- pe à la iboutonaiiéi-f. entra \ite, s'approcha de l'impératrice, b'ineiina profondément, chu- psuu à la rnaln, et lui dit à .voix très bs^ : e •   .T'ai l'honneur tlo prier Votre Majesté da vouloir prendre place dans le co LE SON DU T Echo dit Rappel : / Charte Nodier disait, m ,l'Académie, dans une séance consacrée au dictionnaire, qu'il était bon de mettre, auprès des mots, leur prononciation figurée : ( — « Abolition, etc... prononcez Abolicio^. — Votre remarque nie parait inutile, dit M. de Foretz, car on sait bien que, devant 11, le T a toujours ie son du C. — .Mon char 'confrère, riposta Nodier, ayez piciâ de mon ignorance, éh laites-moi l'ami- cié de me répéter ia moicié de ce que vous venez de me dire. ■ JLe Liseur.</index>
            <genre source="hm" time="2019-09-29T14:29:10.49+02:00">publicite</genre>
            <genre source="final">publicite</genre>
          </ill>
        </ills>
      </page>
      <page ordre="4">
        <nbMot>1215</nbMot>
        <blocTexte>372</blocTexte>
        <blocTab>0</blocTab>
        <blocPub>0</blocPub>
        <blocIllustration>5</blocIllustration>
        <ills/>
      </page>
    </pages>
  </contenus>
</doc>