<doc>
  <metad>
    <type>P</type>
    <ID>bpt6k751728s</ID>
    <titre>Le Siècle</titre>
    <dateEdition>1920-11-20</dateEdition>
    <nbPage>4</nbPage>
    <suppl>FALSE</suppl>
  </metad>
  <contenus>
    <largeur>353</largeur>
    <hauteur>539</hauteur>
    <pages>
      <page ordre="1">
        <nbMot>627</nbMot>
        <blocTexte>30</blocTexte>
        <blocTab>0</blocTab>
        <blocPub>0</blocPub>
        <blocIllustration>0</blocIllustration>
      </page>
      <page ordre="2">
        <nbMot>774</nbMot>
        <blocTexte>46</blocTexte>
        <blocTab>0</blocTab>
        <blocPub>0</blocPub>
        <blocIllustration>5</blocIllustration>
        <ills>
          <ill couleur="gris" edit="1" h="628" n="2-3" pub="1" taille="0" w="735" x="1723" y="1859">
            <leg>FEUS-PARISIENS lwi, qui connut au Palais-Royal d'innombrables succès, reHreud le rôle du Pinte dans Phi-fM. De tait, un n vuv«l attrait s'ajoute il toutes les rài- ii:i qui font l'eïtraordtoalra succès de PhUl'hi. Jeudi, dûnamcbes et têtes, matulé». •nui AU THEATRE ANTOINE g LE ORANO. SUCCES PU JOUR «j f La BRANCHE MORTE s ■ de M. ARQUILLIIRB 5 ajtasaaxsBDa ,| 0 UÉJ! PAR M. OÉM1ËR ■« ■■■■« Ail PII iN.nAVill' las représentations de El iiL S iil/fllù llU I iiL 5 mci£ i'te. dis tu'elle t'a fait d'i'eeil aulrent leur couri triomphal. C'jst devant, des salles comhka  jue le, soiritml et tayen*; faudevllle est 'Jb'TuJ'chaiTtts soir, 'il 8 h. So. : et ies Utoanctids et Jcrmns .-*5  mattoés â i, t. 30, avec toute l'toterprdtatlon. * '</leg>
            <txt>A t» mitrt* ait-Mitra ; Ohampi-ElyMrt Le thiâtr« le plut iligant chauffé et tlMirt temmt une serre vou* ooiivle ii à Elys. 01-89</txt>
            <index>FEUS-PARISIENS lwi, qui connut au Palais-Royal d'innombrables succès, reHreud le rôle du Pinte dans Phi-fM. De tait, un n vuv«l attrait s'ajoute il toutes les rài- ii:i qui font l'eïtraordtoalra succès de PhUl'hi. Jeudi, dûnamcbes et têtes, matulé». •nui AU THEATRE ANTOINE g LE ORANO. SUCCES PU JOUR «j f La BRANCHE MORTE s ■ de M. ARQUILLIIRB 5 ajtasaaxsBDa ,| 0 UÉJ! PAR M. OÉM1ËR ■« ■■■■« Ail PII iN.nAVill' las représentations de El iiL S iil/fllù llU I iiL 5 mci£ i'te. dis tu'elle t'a fait d'i'eeil aulrent leur couri triomphal. C'jst devant, des salles comhka  jue le, soiritml et tayen*; faudevllle est 'Jb'TuJ'chaiTtts soir, 'il 8 h. So. : et ies Utoanctids et Jcrmns .-*5  mattoés â i, t. 30, avec toute l'toterprdtatlon. * 'A t» mitrt* ait-Mitra ; Ohampi-ElyMrt Le thiâtr« le plut iligant chauffé et tlMirt temmt une serre vou* ooiivle ii à Elys. 01-89</index>
            <genre source="hm" time="2019-09-29T14:28:53.113+02:00">publicite</genre>
            <genre source="final">publicite</genre>
          </ill>
        </ills>
      </page>
      <page ordre="3">
        <nbMot>749</nbMot>
        <blocTexte>37</blocTexte>
        <blocTab>0</blocTab>
        <blocPub>0</blocPub>
        <blocIllustration>6</blocIllustration>
        <ills>
          <ill classif="DFdnn" couleur="gris" edit="1" h="860" n="3-1" pub="1" taille="1" w="723" x="1772" y="2993">
            <contenuImg CS="1" lang="fr" source="hm" time="2020-04-08T18:14:54.745+02:00">bateau</contenuImg>
            <contenuImg CS="1" lang="fr" source="hm" time="2020-04-08T18:13:13.877+02:00">voiture</contenuImg>
            <leg>}OMABLAflÇA ttAWtAKSCN</leg>
            <txt>Çharbcm.. 6.108.000 8.516.000 + 2.408.000 Tissus Ûe coton... 25.256.000 18.957.000 +6.299.000 Fer et acier 12,544.000 5.934.000 + 6.610.000 Machines 6.251.000 3.246.000 + 3.005.000 On constatera une forte diminution dans l'exportation de la houille et du coke, Par contre, les produits métallurgiques, les machines et les cotonnades ont nette ment progressé. L'Angleterre exporte moins de matières premières et davantage de produits manufacturés. Intérim. r r_r  WVWWVu i fc'WW' tiiV*irV  -T-  ** »»»**</txt>
            <index>}OMABLAflÇA ttAWtAKSCNÇharbcm.. 6.108.000 8.516.000 + 2.408.000 Tissus Ûe coton... 25.256.000 18.957.000 +6.299.000 Fer et acier 12,544.000 5.934.000 + 6.610.000 Machines 6.251.000 3.246.000 + 3.005.000 On constatera une forte diminution dans l'exportation de la houille et du coke, Par contre, les produits métallurgiques, les machines et les cotonnades ont nette ment progressé. L'Angleterre exporte moins de matières premières et davantage de produits manufacturés. Intérim. r r_r  WVWWVu i fc'WW' tiiV*irV  -T-  ** »»»**</index>
            <genre source="hm" time="2019-09-29T14:30:18.154+02:00">publicite</genre>
            <genre source="final">publicite</genre>
            <contenuImg CS="1" lang="en" source="hm" time="2020-04-08T18:13:13.877+02:00">car</contenuImg>
            <contenuImg CS="1" lang="en" source="hm" time="2020-04-08T18:14:54.745+02:00">boat</contenuImg>
          </ill>
          <ill couleur="gris" edit="1" h="619" n="3-4" pub="1" taille="0" w="679" x="3413" y="3098">
            <leg>Largsut/ ... 9 0 _, IQO _ Pri^.... 375.. SÏÏS7 £95.. PRIX SANS PRÉCÉDENTS CenbdSe dimê Segance aboolueLest fabrique avec des matériaux de PREMIER CiiOlX, tepitas elles barreaux sont ENTIEREMENT^ CUIVRE et déformé carree.teschapltffliK5ûntc\CUIVR £nAS5lf. Il constitue leplnsbd omenveaidimaChambrEà Coacherfîicdene j LIVRAISON A OOflICILE-KPÉDlTIOfiS EN PROVINCE-'</leg>
            <txt>MÉOAILLEDOR 4-MAISO NS ce VENTE a PARIS tfAfSO/VD£ V£NT£Pfl/lVCtPAL£: * ' l25.Rue Lecourbe m SSS PARÏS LIT TOUTCUIVRE 6ras Piliers carréa</txt>
            <index>Largsut/ ... 9 0 _, IQO _ Pri^.... 375.. SÏÏS7 £95.. PRIX SANS PRÉCÉDENTS CenbdSe dimê Segance aboolueLest fabrique avec des matériaux de PREMIER CiiOlX, tepitas elles barreaux sont ENTIEREMENT^ CUIVRE et déformé carree.teschapltffliK5ûntc\CUIVR £nAS5lf. Il constitue leplnsbd omenveaidimaChambrEà Coacherfîicdene j LIVRAISON A OOflICILE-KPÉDlTIOfiS EN PROVINCE-'MÉOAILLEDOR 4-MAISO NS ce VENTE a PARIS tfAfSO/VD£ V£NT£Pfl/lVCtPAL£: * ' l25.Rue Lecourbe m SSS PARÏS LIT TOUTCUIVRE 6ras Piliers carréa</index>
            <genre source="hm" time="2019-09-29T14:29:00.213+02:00">publicite</genre>
            <genre source="final">publicite</genre>
          </ill>
          <ill couleur="gris" edit="1" h="496" n="3-5" pub="1" taille="0" w="747" x="3362" y="4150">
            <contenuImg CS="1" lang="fr" source="hm" time="2020-04-08T18:13:17.284+02:00">voiture</contenuImg>
            <leg>LA NOUVELLE 16' ' BERLIET Usinée à Monpîaisir _ y dans nos ateliers spécialisés, pour la fabrication, des voitures de luxe Montée avec le plus grand soin Mise au point dans ses moindres détails! Suspension Cantilever latérale \ Embrayage à disques nouveau modèle Poni arrière renforcé Eclairage tt démarrage électriques . Livraison 192 J CATALOGUE SUR DEMANDE 235, AVENUE RERTHELOT, LYON r</leg>
            <txt>LE COMMERCE AVEC LES SOVIETS On annonce de nouveau avee insistance un. projet d'aoco.rd anglo-russe. Leurre, a dit à Londres notre gouvernement. Et M. Jacques Roujon (Figaro) ajoute : Le problème russé, comme tant d'autres, est politique avant tout. Les botahevistes pensent d abord à étendre leur propagande, et d'Angleterre, avec ses niasses ouvrières, leur paraît un excellent terrain. Leur plan est d'affaiblir l'Europe pendant l'hiver pour pouvoir reprendre au .printemps les armes contre la Pologne et tous les peuples civi lisés. • ' C'est cette perspective que M. Emile Buré noue ouvre aussi dans l 'Eclair, et ceci n'est pas très réjouissant : Quand le richissime financier américain Vanderlip aura fourni au gouvernement des Soviets, en échange des concessions obtenues par son groupe en Sibérie, les locomotives, les wagons, îles rails, les aéroplanes, les bateaux, le oharbon qu'il a offerts, on peut être assuré que Tchitcherine .passera de la parole aux actes. Il déchaînera la grande guerre mondiale que prépare sa patiente et tortueuse diplomatie. L'imbécile politique pacifiste de l'Entente ' aura la sanglante ré compense qui lui était promise depuis la première épitre cle l'apûtre Wilson. LA NOËL DES ENFANTS DES PAYS DÉVASTÉS Un appel de Binet-Valmer' dans ie Jour» nal : Lectrice, il faut que vous m'aidiez. Oh ! je demande peu d® chose, de vieux jouets, des livres d'images-, de» chaussons, des écharpcs, des mitaines, des chocolats des caramels. de s pantins, une poupée. Je demande que voire petite fille ou votre petit garçon prépare le colis-surprise, et s 'ils veulent être bien gen tils, Pierre et ïïançois, Marguerite et Fer nande ajouteront au paquet une carte adres- = sée au gamin et. à la gamine qui le déferont. Si «au /l 'ave?, pa;- de vieux iouats. vous prie rez vos enfaiî? dt; partager leurs éh-onnts avec ii'-urs camarade» de là-bas. et cela vous sera une occasion rie raconter une fois de plus le péri! d« la Francs et les sacrifices qui l'ont .-auvéo. Je gage que vous sc-wz obligée d'empêcher votre petit garçon da tout doniïcr. li a tjon cœur. Le paquet i st iiaelé 1 11 cou- tient  les  tendres vœux' et d'adresse du dona teur î Vous .l-'ajîporleres oîi l'expédierez ù.: • La Liguç des chefs da section et des solfiais coiebattahis, -17 te - , avenue Beaucour  2iS, mu bourg Sa.'.nî-Honwv;.. La Liseur.</txt>
            <index>LA NOUVELLE 16' ' BERLIET Usinée à Monpîaisir _ y dans nos ateliers spécialisés, pour la fabrication, des voitures de luxe Montée avec le plus grand soin Mise au point dans ses moindres détails! Suspension Cantilever latérale \ Embrayage à disques nouveau modèle Poni arrière renforcé Eclairage tt démarrage électriques . Livraison 192 J CATALOGUE SUR DEMANDE 235, AVENUE RERTHELOT, LYON rLE COMMERCE AVEC LES SOVIETS On annonce de nouveau avee insistance un. projet d'aoco.rd anglo-russe. Leurre, a dit à Londres notre gouvernement. Et M. Jacques Roujon (Figaro) ajoute : Le problème russé, comme tant d'autres, est politique avant tout. Les botahevistes pensent d abord à étendre leur propagande, et d'Angleterre, avec ses niasses ouvrières, leur paraît un excellent terrain. Leur plan est d'affaiblir l'Europe pendant l'hiver pour pouvoir reprendre au .printemps les armes contre la Pologne et tous les peuples civi lisés. • ' C'est cette perspective que M. Emile Buré noue ouvre aussi dans l 'Eclair, et ceci n'est pas très réjouissant : Quand le richissime financier américain Vanderlip aura fourni au gouvernement des Soviets, en échange des concessions obtenues par son groupe en Sibérie, les locomotives, les wagons, îles rails, les aéroplanes, les bateaux, le oharbon qu'il a offerts, on peut être assuré que Tchitcherine .passera de la parole aux actes. Il déchaînera la grande guerre mondiale que prépare sa patiente et tortueuse diplomatie. L'imbécile politique pacifiste de l'Entente ' aura la sanglante ré compense qui lui était promise depuis la première épitre cle l'apûtre Wilson. LA NOËL DES ENFANTS DES PAYS DÉVASTÉS Un appel de Binet-Valmer' dans ie Jour» nal : Lectrice, il faut que vous m'aidiez. Oh ! je demande peu d® chose, de vieux jouets, des livres d'images-, de» chaussons, des écharpcs, des mitaines, des chocolats des caramels. de s pantins, une poupée. Je demande que voire petite fille ou votre petit garçon prépare le colis-surprise, et s 'ils veulent être bien gen tils, Pierre et ïïançois, Marguerite et Fer nande ajouteront au paquet une carte adres- = sée au gamin et. à la gamine qui le déferont. Si «au /l 'ave?, pa;- de vieux iouats. vous prie rez vos enfaiî? dt; partager leurs éh-onnts avec ii'-urs camarade» de là-bas. et cela vous sera une occasion rie raconter une fois de plus le péri! d« la Francs et les sacrifices qui l'ont .-auvéo. Je gage que vous sc-wz obligée d'empêcher votre petit garçon da tout doniïcr. li a tjon cœur. Le paquet i st iiaelé 1 11 cou- tient  les  tendres vœux' et d'adresse du dona teur î Vous .l-'ajîporleres oîi l'expédierez ù.: • La Liguç des chefs da section et des solfiais coiebattahis, -17 te - , avenue Beaucour  2iS, mu bourg Sa.'.nî-Honwv;.. La Liseur.</index>
            <genre source="hm" time="2019-09-29T14:28:55.909+02:00">publicite</genre>
            <genre source="final">publicite</genre>
            <contenuImg CS="1" lang="en" source="hm" time="2020-04-08T18:13:17.284+02:00">car</contenuImg>
          </ill>
        </ills>
      </page>
      <page ordre="4">
        <nbMot>1000</nbMot>
        <blocTexte>298</blocTexte>
        <blocTab>0</blocTab>
        <blocPub>0</blocPub>
        <blocIllustration>3</blocIllustration>
        <ills/>
      </page>
    </pages>
  </contenus>
</doc>