<doc>
  <metad>
    <type>P</type>
    <ID>bpt6k751545q</ID>
    <titre>Le Siècle</titre>
    <dateEdition>1920-05-20</dateEdition>
    <nbPage>4</nbPage>
    <suppl>FALSE</suppl>
  </metad>
  <contenus>
    <largeur>354</largeur>
    <hauteur>536</hauteur>
    <pages>
      <page ordre="1">
        <nbMot>560</nbMot>
        <blocTexte>37</blocTexte>
        <blocTab>0</blocTab>
        <blocPub>0</blocPub>
        <blocIllustration>3</blocIllustration>
        <ills/>
      </page>
      <page ordre="2">
        <nbMot>765</nbMot>
        <blocTexte>34</blocTexte>
        <blocTab>0</blocTab>
        <blocPub>0</blocPub>
        <blocIllustration>4</blocIllustration>
        <ills>
          <ill classif="DFdnn" couleur="gris" edit="1" h="526" n="2-1" pub="1" taille="0" w="743" x="3278" y="2713">
            <contenuImg CS="0.93" h="127" w="102" sexe="P" source="dnn" x="372" y="297">face</contenuImg>
            <leg>TOUTE LA GUERRE EN 1 SEUL VOLUME</leg>
            <txt>Revue des Deux Mondes Sommaire du 15 mai 1920 : Comment finit la guerre, III, 1917, Général Mangiri ; Lai, juste paix : I. Une aberration ; Le', livre de. M. Keynes, Raphaël-Georges Lévy, de l'Ins titut ; Silhouettes contemporaines : M. Henry, Bordeaux, Fidus ; Vn royaume de Dieu (deuxième partie), Jérôme et Jean Ttoaraud ; La poésie de Rudyard Kipling, André Che- willon ; Le roi Louis XV11 : A l'aventure G. Lenôtre ; Poésies, Jean-Louis Vaudoyer ; Bevue scientifique t L'énigme martienne,, Chartes Nordmann ; Bevue dramatique : Lé maison sous l'orage, Boger Bontemps, René Dotunic, de l'Académie fronçaise ; Chronique de la quinzaine : Histoire politique, Ray» imond Poinoaré, de 1'Acaidénne française.</txt>
            <index>TOUTE LA GUERRE EN 1 SEUL VOLUMERevue des Deux Mondes Sommaire du 15 mai 1920 : Comment finit la guerre, III, 1917, Général Mangiri ; Lai, juste paix : I. Une aberration ; Le', livre de. M. Keynes, Raphaël-Georges Lévy, de l'Ins titut ; Silhouettes contemporaines : M. Henry, Bordeaux, Fidus ; Vn royaume de Dieu (deuxième partie), Jérôme et Jean Ttoaraud ; La poésie de Rudyard Kipling, André Che- willon ; Le roi Louis XV11 : A l'aventure G. Lenôtre ; Poésies, Jean-Louis Vaudoyer ; Bevue scientifique t L'énigme martienne,, Chartes Nordmann ; Bevue dramatique : Lé maison sous l'orage, Boger Bontemps, René Dotunic, de l'Académie fronçaise ; Chronique de la quinzaine : Histoire politique, Ray» imond Poinoaré, de 1'Acaidénne française.</index>
            <genre source="hm" time="2019-09-29T14:17:15.263+02:00">publicite</genre>
            <genre source="final">publicite</genre>
          </ill>
        </ills>
      </page>
      <page ordre="3">
        <nbMot>791</nbMot>
        <blocTexte>22</blocTexte>
        <blocTab>0</blocTab>
        <blocPub>0</blocPub>
        <blocIllustration>0</blocIllustration>
      </page>
      <page ordre="4">
        <nbMot>1113</nbMot>
        <blocTexte>407</blocTexte>
        <blocTab>0</blocTab>
        <blocPub>0</blocPub>
        <blocIllustration>7</blocIllustration>
        <ills>
          <ill couleur="gris" derniere="true" edit="1" h="604" n="4-4" pub="1" taille="0" w="600" x="2592" y="4930">
            <leg>SUIVANT LES CÉLÈBRES FORMULES de MM. P. W. GIBBS. Inrenteur» da SAVON DENTIFRICE LA PLUS VIEILLE MAISON DU MONDE ©e fila,, MM. P. TH1BA UD et C  EXPORTENT dans r Europe Continen tale entière les Dentifrice* GIBBF AU PROFIT DU CHANGE FRANÇAIS</leg>
            <txt>1 FABRIQUENT LEURS DENTIFRICES EPS FRANCE Dans une Usine Française Avec des Capitaux Français .Avec une Main-d'œuvre Française</txt>
            <index>SUIVANT LES CÉLÈBRES FORMULES de MM. P. W. GIBBS. Inrenteur» da SAVON DENTIFRICE LA PLUS VIEILLE MAISON DU MONDE ©e fila,, MM. P. TH1BA UD et C  EXPORTENT dans r Europe Continen tale entière les Dentifrice* GIBBF AU PROFIT DU CHANGE FRANÇAIS1 FABRIQUENT LEURS DENTIFRICES EPS FRANCE Dans une Usine Française Avec des Capitaux Français .Avec une Main-d'œuvre Française</index>
            <genre source="hm" time="2019-09-29T14:21:49.832+02:00">publicite</genre>
            <genre source="final">publicite</genre>
          </ill>
        </ills>
      </page>
    </pages>
  </contenus>
</doc>