<analyseAlto>
  <metad>
    <type>P</type>
    <ID>bpt6k751723w</ID>
    <titre>Le Siècle</titre>
    <dateEdition>1920-11-15</dateEdition>
    <nbPage>4</nbPage>
    <suppl>FALSE</suppl>
  </metad>
  <contenus>
    <largeur>361</largeur>
    <hauteur>538</hauteur>
    <pages>
      <page ordre="1">
        <nbMot>619</nbMot>
        <blocTexte>31</blocTexte>
        <blocTab>0</blocTab>
        <blocPub>0</blocPub>
        <blocIllustration>1</blocIllustration>
        <ills/>
      </page>
      <page ordre="2">
        <nbMot>770</nbMot>
        <blocTexte>36</blocTexte>
        <blocTab>0</blocTab>
        <blocPub>0</blocPub>
        <blocIllustration>1</blocIllustration>
        <ills/>
      </page>
      <page ordre="3">
        <nbMot>633</nbMot>
        <blocTexte>33</blocTexte>
        <blocTab>0</blocTab>
        <blocPub>0</blocPub>
        <blocIllustration>4</blocIllustration>
        <ills>
          <ill classif="DFdnn" couleur="gris" edit="1" h="785" n="3-1" pub="1" taille="2" w="1792" x="1887" y="2329">
            <contenuImg CS="1" lang="fr" source="hm" time="2020-04-08T18:13:05.624+02:00">voiture</contenuImg>
            <leg>ffispi</leg>
            <txt>Le Conseil supérieur des Consommateurs Le sous-secrétaire d'Etat du Ravitaillement, procédant hier mâtin a l'installation du con seil supérieur des consommateurs a exposé la mission de ce conseil et de ceux de province, mission qui  ne peut être menée à bien qu'a vec la collaboration confiante et complète desj producteurs. M. Tliounjyre a indiqué quelles sont les questions qui peuvent être soumises dès main tenant aux délibérations des conseils de con sommateurs : réglementation des marchés, dé. veloppement. de la consommation du frigo, du poisson et du riz, etc. La question du lait a retenu tout partic.uliè- ■ rement l'attention du conseil, qui  a a4opté des» vœux'qui feront l'objet .d'instructions «aux ■préfets, notamment en ce qui concerne;les-me- -sttres à :prendre-pour'réserver le lait aux en fants malades,' vieillards et familles nombreu ses, de -préférence aux autres consommateurs. Le Conseil supérieur a émis l'avis qu'il : n'y avait pas lieu de revenir sur l'autorisation de servir du- lait dans les -cafés, hôtels et res taurants, la consommation dans ces établis sements étant très restreinte par rapport à la consommation générale. Le Conseil a, d'au tre part, écarté le principe de toute taxation à la production. L'étude de ces questions sera d'ailleurs pour suivie dans la prochaine séance :du Conseil supérieur des consommateurs qui -aura lieu mercredi prochain, à li heures. L'électrification des chemins de fer chiliens Le-gouvernement-chilien a mis en adjudi cation V- AU CONCOURS DE CONSOMMATION DU MANS'</txt>
            <index>ffispiLe Conseil supérieur des Consommateurs Le sous-secrétaire d'Etat du Ravitaillement, procédant hier mâtin a l'installation du con seil supérieur des consommateurs a exposé la mission de ce conseil et de ceux de province, mission qui  ne peut être menée à bien qu'a vec la collaboration confiante et complète desj producteurs. M. Tliounjyre a indiqué quelles sont les questions qui peuvent être soumises dès main tenant aux délibérations des conseils de con sommateurs : réglementation des marchés, dé. veloppement. de la consommation du frigo, du poisson et du riz, etc. La question du lait a retenu tout partic.uliè- ■ rement l'attention du conseil, qui  a a4opté des» vœux'qui feront l'objet .d'instructions «aux ■préfets, notamment en ce qui concerne;les-me- -sttres à :prendre-pour'réserver le lait aux en fants malades,' vieillards et familles nombreu ses, de -préférence aux autres consommateurs. Le Conseil supérieur a émis l'avis qu'il : n'y avait pas lieu de revenir sur l'autorisation de servir du- lait dans les -cafés, hôtels et res taurants, la consommation dans ces établis sements étant très restreinte par rapport à la consommation générale. Le Conseil a, d'au tre part, écarté le principe de toute taxation à la production. L'étude de ces questions sera d'ailleurs pour suivie dans la prochaine séance :du Conseil supérieur des consommateurs qui -aura lieu mercredi prochain, à li heures. L'électrification des chemins de fer chiliens Le-gouvernement-chilien a mis en adjudi cation V- AU CONCOURS DE CONSOMMATION DU MANS'</index>
            <genre source="hm" time="2019-09-29T14:27:44.603+02:00">publicite</genre>
            <genre source="final">publicite</genre>
            <contenuImg CS="1" lang="en" source="hm" time="2020-04-08T18:13:05.624+02:00">car</contenuImg>
          </ill>
          <ill couleur="gris" edit="1" h="643" n="3-3" pub="1" taille="0" w="665" x="3360" y="3070">
            <leg>d« dépensé</leg>
            <txt>1 gagne leîsjirix au classement.' généra! perar Uî pîm felfete prix dre mâmt pàtpmomB Îraîîspùrtêe</txt>
            <index>d« dépensé1 gagne leîsjirix au classement.' généra! perar Uî pîm felfete prix dre mâmt pàtpmomB Îraîîspùrtêe</index>
            <genre source="hm" time="2019-09-29T14:27:48.752+02:00">publicite</genre>
            <genre source="final">publicite</genre>
          </ill>
        </ills>
      </page>
      <page ordre="4">
        <nbMot>1217</nbMot>
        <blocTexte>335</blocTexte>
        <blocTab>0</blocTab>
        <blocPub>0</blocPub>
        <blocIllustration>0</blocIllustration>
      </page>
    </pages>
  </contenus>
</analyseAlto>