<analyseAlto>
  <metad>
    <type>P</type>
    <ID>bpt6k751676f</ID>
    <titre>Le Siècle</titre>
    <dateEdition>1920-09-29</dateEdition>
    <nbPage>4</nbPage>
    <suppl>FALSE</suppl>
  </metad>
  <contenus>
    <largeur>357</largeur>
    <hauteur>541</hauteur>
    <pages>
      <page ordre="1">
        <nbMot>557</nbMot>
        <blocTexte>31</blocTexte>
        <blocTab>0</blocTab>
        <blocPub>0</blocPub>
        <blocIllustration>0</blocIllustration>
      </page>
      <page ordre="2">
        <nbMot>788</nbMot>
        <blocTexte>32</blocTexte>
        <blocTab>0</blocTab>
        <blocPub>0</blocPub>
        <blocIllustration>1</blocIllustration>
        <ills>
          <ill couleur="gris" edit="1" h="320" n="2-1" pub="1" taille="0" w="782" x="3322" y="3824">
            <leg>LES JOURNAUX</leg>
            <txt>Cinémas MARIVAUX (LOUV. 06-90). — 2 h. 30, 8 h. 30 Le Silence ; De l'Océan d l'Océan ; Fatty débarque: Le Droit de Passage; Veuve de Pécheur ; Morgan and Burhe (attraction). CIRQUE D'HIVER (Roq. 12-25). — 2 h. SO, 8 h. 30 Spectar.le exclusif et sensationnel t L'Expédition Shackleton au Pâle Sud. AUBERT-PALACE (Gut. 47-07). — 2 h. à 11 h. : Nuit d'Orage ; Toujours vainqueur ; Fatty et Char- lie. Chaplin découchent. • ELECTRID-PALACE (Gut. 60-78). — Mat., SOir. * Changement de programme. TIVOLI-CINÉMA (Nord 26-47). — 2 h. 30, 8 h. 30 : Le Droit de mentir ; Blason retrouvé Mabel Shértff. SAINT-PAUL-CINÉMA (.Arch. 07-47). — 2 h., 8 h.: Le Trésor d'Ame .- Si jamais je te pince ; On attend Polochon, etc.'</txt>
            <index>LES JOURNAUXCinémas MARIVAUX (LOUV. 06-90). — 2 h. 30, 8 h. 30 Le Silence ; De l'Océan d l'Océan ; Fatty débarque: Le Droit de Passage; Veuve de Pécheur ; Morgan and Burhe (attraction). CIRQUE D'HIVER (Roq. 12-25). — 2 h. SO, 8 h. 30 Spectar.le exclusif et sensationnel t L'Expédition Shackleton au Pâle Sud. AUBERT-PALACE (Gut. 47-07). — 2 h. à 11 h. : Nuit d'Orage ; Toujours vainqueur ; Fatty et Char- lie. Chaplin découchent. • ELECTRID-PALACE (Gut. 60-78). — Mat., SOir. * Changement de programme. TIVOLI-CINÉMA (Nord 26-47). — 2 h. 30, 8 h. 30 : Le Droit de mentir ; Blason retrouvé Mabel Shértff. SAINT-PAUL-CINÉMA (.Arch. 07-47). — 2 h., 8 h.: Le Trésor d'Ame .- Si jamais je te pince ; On attend Polochon, etc.'</index>
            <genre source="hm" time="2019-09-29T14:23:36.401+02:00">publicite</genre>
            <genre source="final">publicite</genre>
          </ill>
        </ills>
      </page>
      <page ordre="3">
        <nbMot>787</nbMot>
        <blocTexte>24</blocTexte>
        <blocTab>0</blocTab>
        <blocPub>0</blocPub>
        <blocIllustration>0</blocIllustration>
      </page>
      <page ordre="4">
        <nbMot>1372</nbMot>
        <blocTexte>338</blocTexte>
        <blocTab>0</blocTab>
        <blocPub>0</blocPub>
        <blocIllustration>1</blocIllustration>
        <ills/>
      </page>
    </pages>
  </contenus>
</analyseAlto>