<analyseAlto>
  <metad>
    <type>P</type>
    <ID>bpt6k749455q</ID>
    <titre>Le Siècle</titre>
    <dateEdition>1914-07-26</dateEdition>
    <nbPage>6</nbPage>
    <suppl>FALSE</suppl>
  </metad>
  <contenus>
    <largeur>430</largeur>
    <hauteur>608</hauteur>
    <pages>
      <page ordre="1">
        <nbMot>940</nbMot>
        <blocTexte>37</blocTexte>
        <blocTab>0</blocTab>
        <blocPub>0</blocPub>
        <blocIllustration>6</blocIllustration>
        <ills/>
      </page>
      <page ordre="2">
        <nbMot>1059</nbMot>
        <blocTexte>24</blocTexte>
        <blocTab>0</blocTab>
        <blocPub>0</blocPub>
        <blocIllustration>2</blocIllustration>
        <ills/>
      </page>
      <page ordre="3">
        <nbMot>1111</nbMot>
        <blocTexte>37</blocTexte>
        <blocTab>0</blocTab>
        <blocPub>0</blocPub>
        <blocIllustration>5</blocIllustration>
        <ills>
          <ill classif="DFdnn" couleur="gris" edit="1" h="346" n="3-2" pub="1" taille="0" w="695" x="2556" y="6247">
            <contenuImg CS="1" lang="fr" source="hm" time="2020-04-08T18:08:26.476+02:00">moto</contenuImg>
            <leg>La Révélation t§@ l'An né®</leg>
            <txt>Dranem américain, demeure au jyrogramme, pour, le grand plaisir des nombreux spectateurs. ■, —x— Auditions lyriques du Jardin des Tuileries • Ce soir, a 8 h 30, avec le concours de Mlle Duvernay, de l'Opéra-Comique : le Carnaval ro main (Berlioz) ; VArtésienne (Bizet) ; sélection ly rique sur Carmen (Bizet)- Mlle Duvernay, Mme Ryliard, (MM. Moisson et Béchard. Orchestre sous la direction de Al. Georges George. — x— Au Jardin d'Acclimatation ï   Programme du concert qui sera donné, nu Jardin- d'Acclimatation, aujourd'hui à 3 heures, en plein air : . l* Le Camp de César, marche (L. Bul uâ) ; 2' Palmina , valse (Charbonnier) ; 3* Le Freyschuts, ouverture (Weber) ; 4* Fantaisie pour jtûte sur une mélodie de Cho pin, par M. Lafleuiranoe, de l'Opéra } 5* Le Domino noir (Autoer), ; C* Gunter, marche (E. Koch) ', 7e Ouverture de Afar /ia'(Flotow) ; 8* Danses hongroises (Brahms) ; 9  La Mascotte .fantaisie (AudranJ ; 10  Frais sourire , polka (SellenSck). Les 150 Foulas campés sur la grande pelouse de l'établissement sont visibles tous les purs de 9 heures du matin   six heures du soir. •'■f * - Au Casino d'Engbien : La représentation du Miracle, l 'œuvre nouvelle de M . René Fauchois, demain soir, au Casiao d'Enghien, marquera «ne étape dans l'histoire du théfttre. C'est, e©. effet, la première fois en France que, roràparut avec la tradition des pièces bouievardiè- res, une scene de premier orane consacre son effort artistique à monter une œuvre nettement- littéraire. Oéé par l'auteu w. M vu uH«uituiC| UM WlCUUt tique de ta Nature de Campigny-la-Bataille MM. Léon Segond, Roland ; Hemy-Pe...... Chariemagne ; Campana,-Olivier ; Maljournal,</txt>
            <index>La Révélation t§@ l'An né®Dranem américain, demeure au jyrogramme, pour, le grand plaisir des nombreux spectateurs. ■, —x— Auditions lyriques du Jardin des Tuileries • Ce soir, a 8 h 30, avec le concours de Mlle Duvernay, de l'Opéra-Comique : le Carnaval ro main (Berlioz) ; VArtésienne (Bizet) ; sélection ly rique sur Carmen (Bizet)- Mlle Duvernay, Mme Ryliard, (MM. Moisson et Béchard. Orchestre sous la direction de Al. Georges George. — x— Au Jardin d'Acclimatation ï   Programme du concert qui sera donné, nu Jardin- d'Acclimatation, aujourd'hui à 3 heures, en plein air : . l* Le Camp de César, marche (L. Bul uâ) ; 2' Palmina , valse (Charbonnier) ; 3* Le Freyschuts, ouverture (Weber) ; 4* Fantaisie pour jtûte sur une mélodie de Cho pin, par M. Lafleuiranoe, de l'Opéra } 5* Le Domino noir (Autoer), ; C* Gunter, marche (E. Koch) ', 7e Ouverture de Afar /ia'(Flotow) ; 8* Danses hongroises (Brahms) ; 9  La Mascotte .fantaisie (AudranJ ; 10  Frais sourire , polka (SellenSck). Les 150 Foulas campés sur la grande pelouse de l'établissement sont visibles tous les purs de 9 heures du matin   six heures du soir. •'■f * - Au Casino d'Engbien : La représentation du Miracle, l 'œuvre nouvelle de M . René Fauchois, demain soir, au Casiao d'Enghien, marquera «ne étape dans l'histoire du théfttre. C'est, e©. effet, la première fois en France que, roràparut avec la tradition des pièces bouievardiè- res, une scene de premier orane consacre son effort artistique à monter une œuvre nettement- littéraire. Oéé par l'auteu w. M vu uH«uituiC| UM WlCUUt tique de ta Nature de Campigny-la-Bataille MM. Léon Segond, Roland ; Hemy-Pe...... Chariemagne ; Campana,-Olivier ; Maljournal,</index>
            <genre source="hm" time="2019-09-29T14:08:02.729+02:00">publicite</genre>
            <genre source="final">publicite</genre>
            <contenuImg CS="1" lang="en" source="hm" time="2020-04-08T18:08:26.476+02:00">motorcycle</contenuImg>
          </ill>
        </ills>
      </page>
      <page ordre="4">
        <nbMot>1924</nbMot>
        <blocTexte>784</blocTexte>
        <blocTab>0</blocTab>
        <blocPub>0</blocPub>
        <blocIllustration>0</blocIllustration>
      </page>
      <page ordre="5">
        <nbMot>931</nbMot>
        <blocTexte>27</blocTexte>
        <blocTab>0</blocTab>
        <blocPub>0</blocPub>
        <blocIllustration>2</blocIllustration>
        <ills/>
      </page>
      <page ordre="6">
        <nbMot>1004</nbMot>
        <blocTexte>84</blocTexte>
        <blocTab>0</blocTab>
        <blocPub>0</blocPub>
        <blocIllustration>3</blocIllustration>
        <ills/>
      </page>
    </pages>
  </contenus>
</analyseAlto>