<doc>
  <metad>
    <type>P</type>
    <ID>bpt6k751404n</ID>
    <titre>Le Siècle</titre>
    <dateEdition>1919-12-30</dateEdition>
    <nbPage>4</nbPage>
    <suppl>FALSE</suppl>
  </metad>
  <contenus>
    <largeur>356</largeur>
    <hauteur>532</hauteur>
    <pages>
      <page ordre="1">
        <nbMot>586</nbMot>
        <blocTexte>21</blocTexte>
        <blocTab>0</blocTab>
        <blocPub>0</blocPub>
        <blocIllustration>1</blocIllustration>
        <ills/>
      </page>
      <page ordre="2">
        <nbMot>780</nbMot>
        <blocTexte>47</blocTexte>
        <blocTab>0</blocTab>
        <blocPub>0</blocPub>
        <blocIllustration>3</blocIllustration>
        <ills/>
      </page>
      <page ordre="3">
        <nbMot>801</nbMot>
        <blocTexte>27</blocTexte>
        <blocTab>0</blocTab>
        <blocPub>0</blocPub>
        <blocIllustration>0</blocIllustration>
      </page>
      <page ordre="4">
        <nbMot>1013</nbMot>
        <blocTexte>288</blocTexte>
        <blocTab>0</blocTab>
        <blocPub>0</blocPub>
        <blocIllustration>6</blocIllustration>
        <ills>
          <ill couleur="gris" derniere="true" edit="1" h="891" n="4-1" pub="1" taille="2" w="1269" x="2721" y="2298">
            <contenuImg CS="1" lang="fr" source="hm" time="2020-04-08T18:10:17.736+02:00">camion</contenuImg>
            <leg>N0WEmre:B.A,</leg>
            <txt>PRIX DE SAINT-QUENTIN Trot attelé. — 6 000 francs. — 2.800 mètres G. Dérossy 4 Pierrefitte 2800 G. Amar 4 Plansanterie .... 2ÊOO C. Roiusseau 4 Prisca 2825 A. Tllîonney .4 Passavant 2825 Docteur Arnault A Petite Amie .... 2850 L. Hémard 4 Paoha 2875 ^ ; ' ■ • • . '   ■ -* !</txt>
            <index>N0WEmre:B.A,PRIX DE SAINT-QUENTIN Trot attelé. — 6 000 francs. — 2.800 mètres G. Dérossy 4 Pierrefitte 2800 G. Amar 4 Plansanterie .... 2ÊOO C. Roiusseau 4 Prisca 2825 A. Tllîonney .4 Passavant 2825 Docteur Arnault A Petite Amie .... 2850 L. Hémard 4 Paoha 2875 ^ ; ' ■ • • . '   ■ -* !</index>
            <genre source="hm" time="2019-09-29T14:14:45.097+02:00">publicite</genre>
            <genre source="final">publicite</genre>
            <contenuImg CS="1" lang="en" source="hm" time="2020-04-08T18:10:17.736+02:00">truck</contenuImg>
          </ill>
        </ills>
      </page>
    </pages>
  </contenus>
</doc>