<doc>
  <metad>
    <type>P</type>
    <ID>bpt6k751753x</ID>
    <titre>Le Siècle</titre>
    <dateEdition>1920-12-15</dateEdition>
    <nbPage>4</nbPage>
    <suppl>FALSE</suppl>
  </metad>
  <contenus>
    <largeur>359</largeur>
    <hauteur>541</hauteur>
    <pages>
      <page ordre="1">
        <nbMot>594</nbMot>
        <blocTexte>26</blocTexte>
        <blocTab>0</blocTab>
        <blocPub>0</blocPub>
        <blocIllustration>0</blocIllustration>
      </page>
      <page ordre="2">
        <nbMot>768</nbMot>
        <blocTexte>37</blocTexte>
        <blocTab>0</blocTab>
        <blocPub>0</blocPub>
        <blocIllustration>4</blocIllustration>
        <ills/>
      </page>
      <page ordre="3">
        <nbMot>742</nbMot>
        <blocTexte>29</blocTexte>
        <blocTab>0</blocTab>
        <blocPub>0</blocPub>
        <blocIllustration>1</blocIllustration>
        <ills>
          <ill classif="DFdnn" couleur="gris" edit="1" h="860" n="3-1" pub="1" taille="1" w="726" x="3352" y="5012">
            <contenuImg CS="1" lang="fr" source="hm" time="2020-04-08T18:13:38.563+02:00">voiture</contenuImg>
            <leg>* — . m AUTO- Lcmuiu CIRCUITS ■ ■«mmkkh KCftQ-APRiCAlHS ; t.yoo kihmit/.. dans h métiie œtto de luxt i f F'rtspt etus, EU etocsn prcner.ttous (es Irais : I '. 9 B rc?u©ys , î3«/ £te!£?;'£cihi x*tFf?urfeoirea ï ' S'Mir^S'oF'^s Te. : î!m Lu B-.» Cî^sim - Fsr.s I !» et Agences de Voyages $ ■ ■'rï zatamvai '</leg>
            <txt>complémentaires pauvent être versés soit en souscrivant, soit à la répartition, au plus tard 16 20 janvier, soit encore à raison de 150 fr. à la répartition et 300 francs au gré des ac tionnaires mais avant le 30 juin prochain. Les porteurs d'actions anciennes peuvent toujours, quel que soit le nombre de titres qu'as possèdent, présenter une souscription «réductible. La souscription sera close le 23 décembre. Armée et Marine LE TRANSFERT DES CORPS DES SOLDATS On sait que le transfert des corps des sol dats tuis à l'ennemi avait été autorisé, à dater du l rf décembre. Par suite de nombreuses difficultés, cette date est reculée jusqu'au 1  janvier, 130.000 famfUes avaient demandé que les eorps de leurs enfants leur fussent rçmenèa- aux frais de l'Etat; 6 .000 familles ont été autorisées à faire le transfert immédiatement en prenant fous les frais à leur charge.</txt>
            <index>* — . m AUTO- Lcmuiu CIRCUITS ■ ■«mmkkh KCftQ-APRiCAlHS ; t.yoo kihmit/.. dans h métiie œtto de luxt i f F'rtspt etus, EU etocsn prcner.ttous (es Irais : I '. 9 B rc?u©ys , î3«/ £te!£?;'£cihi x*tFf?urfeoirea ï ' S'Mir^S'oF'^s Te. : î!m Lu B-.» Cî^sim - Fsr.s I !» et Agences de Voyages $ ■ ■'rï zatamvai 'complémentaires pauvent être versés soit en souscrivant, soit à la répartition, au plus tard 16 20 janvier, soit encore à raison de 150 fr. à la répartition et 300 francs au gré des ac tionnaires mais avant le 30 juin prochain. Les porteurs d'actions anciennes peuvent toujours, quel que soit le nombre de titres qu'as possèdent, présenter une souscription «réductible. La souscription sera close le 23 décembre. Armée et Marine LE TRANSFERT DES CORPS DES SOLDATS On sait que le transfert des corps des sol dats tuis à l'ennemi avait été autorisé, à dater du l rf décembre. Par suite de nombreuses difficultés, cette date est reculée jusqu'au 1  janvier, 130.000 famfUes avaient demandé que les eorps de leurs enfants leur fussent rçmenèa- aux frais de l'Etat; 6 .000 familles ont été autorisées à faire le transfert immédiatement en prenant fous les frais à leur charge.</index>
            <genre source="hm" time="2019-09-29T14:31:07.873+02:00">publicite</genre>
            <genre source="final">publicite</genre>
            <contenuImg CS="1" lang="en" source="hm" time="2020-04-08T18:13:38.563+02:00">car</contenuImg>
          </ill>
        </ills>
      </page>
      <page ordre="4">
        <nbMot>1160</nbMot>
        <blocTexte>288</blocTexte>
        <blocTab>0</blocTab>
        <blocPub>0</blocPub>
        <blocIllustration>5</blocIllustration>
        <ills/>
      </page>
    </pages>
  </contenus>
</doc>