<analyseAlto>
  <metad>
    <type>P</type>
    <ID>bpt6k749392n</ID>
    <titre>Le Siècle</titre>
    <dateEdition>1914-05-24</dateEdition>
    <nbPage>6</nbPage>
    <suppl>FALSE</suppl>
  </metad>
  <contenus>
    <largeur>431</largeur>
    <hauteur>603</hauteur>
    <pages>
      <page ordre="1">
        <nbMot>888</nbMot>
        <blocTexte>29</blocTexte>
        <blocTab>0</blocTab>
        <blocPub>0</blocPub>
        <blocIllustration>6</blocIllustration>
        <ills/>
      </page>
      <page ordre="2">
        <nbMot>1013</nbMot>
        <blocTexte>39</blocTexte>
        <blocTab>0</blocTab>
        <blocPub>0</blocPub>
        <blocIllustration>0</blocIllustration>
      </page>
      <page ordre="3">
        <nbMot>1045</nbMot>
        <blocTexte>41</blocTexte>
        <blocTab>0</blocTab>
        <blocPub>0</blocPub>
        <blocIllustration>7</blocIllustration>
        <ills>
          <ill classif="DFdnn" couleur="gris" edit="1" h="347" n="3-4" pub="1" taille="0" w="697" x="2594" y="2185">
            <contenuImg CS="1" lang="fr" source="hm" time="2020-04-08T18:08:32.325+02:00">moto</contenuImg>
            <leg>La Ë évéiation eS@ i'Année</leg>
            <txt>à 13 club « turquoise et or », ce ne sera pas la seule épreuve intéressante du programme. La course à l'américaine sur 30 kilomètres sera aussi très disputée. Le handicap sur 600 mèWes permettra à quel ques jeunes de l'IMS de se rattraper, ainsi du reste que la consolation, épreuve réservée aux non classés des autres épreuves. De plus, .c'est au cours de cette réunion qu'auront liëû lés demi-finales et finale du enampionnat dù club. Club spôrtil de» chemins de fer de l'Etat . A 14 heures 30, course oycljstï sur route sur le parcoufs de Versailles a Neauphle et retour (40 kilomètres), avec prix. Rendez-vôUs au café du Stand, à Versailles,   14 heures. Le Grand Prix de Neuilly Cet apfrès-midi se disputera le grand prix de Neuilly, épreuve organisée par l'Union véloci- pédlque de Neuilly. Le contrôle de départ sera installe de 12 h. 30 à: .18 h. 15, au, siège de l'UVN, café. Magnien, 135, avenue de Neuilly,, à Neuilly. Dans cet éta blissement, seront distribués les dossards : Voici l'itinéraire : Puleaux, Mont-Vaiérien, champ de courses do Saint-Cloud, Montretout, Ville.d Avray, Versail les, Saint-Çyr, Trappes, Coignières, Ce Perray, Rambouillet ; virage dans la ville, 100 mètres après le pont du chemin de fer  et retour par la même route. Distance :■ 90 kilomètres^ L'arrivée sera jugée au Mont-ValérTert. Le virage dans Rambouillet se lera dans là vïllé même, 100 mètres après le pont du che min de fer pour éviter ie virage dans la des cente (càohet sur le dossard). La course se dispu</txt>
            <index>La Ë évéiation eS@ i'Annéeà 13 club « turquoise et or », ce ne sera pas la seule épreuve intéressante du programme. La course à l'américaine sur 30 kilomètres sera aussi très disputée. Le handicap sur 600 mèWes permettra à quel ques jeunes de l'IMS de se rattraper, ainsi du reste que la consolation, épreuve réservée aux non classés des autres épreuves. De plus, .c'est au cours de cette réunion qu'auront liëû lés demi-finales et finale du enampionnat dù club. Club spôrtil de» chemins de fer de l'Etat . A 14 heures 30, course oycljstï sur route sur le parcoufs de Versailles a Neauphle et retour (40 kilomètres), avec prix. Rendez-vôUs au café du Stand, à Versailles,   14 heures. Le Grand Prix de Neuilly Cet apfrès-midi se disputera le grand prix de Neuilly, épreuve organisée par l'Union véloci- pédlque de Neuilly. Le contrôle de départ sera installe de 12 h. 30 à: .18 h. 15, au, siège de l'UVN, café. Magnien, 135, avenue de Neuilly,, à Neuilly. Dans cet éta blissement, seront distribués les dossards : Voici l'itinéraire : Puleaux, Mont-Vaiérien, champ de courses do Saint-Cloud, Montretout, Ville.d Avray, Versail les, Saint-Çyr, Trappes, Coignières, Ce Perray, Rambouillet ; virage dans la ville, 100 mètres après le pont du chemin de fer  et retour par la même route. Distance :■ 90 kilomètres^ L'arrivée sera jugée au Mont-ValérTert. Le virage dans Rambouillet se lera dans là vïllé même, 100 mètres après le pont du che min de fer pour éviter ie virage dans la des cente (càohet sur le dossard). La course se dispu</index>
            <genre source="hm" time="2019-09-29T14:07:56.434+02:00">publicite</genre>
            <genre source="final">publicite</genre>
            <contenuImg CS="1" lang="en" source="hm" time="2020-04-08T18:08:32.325+02:00">motorcycle</contenuImg>
          </ill>
        </ills>
      </page>
      <page ordre="4">
        <nbMot>1984</nbMot>
        <blocTexte>618</blocTexte>
        <blocTab>0</blocTab>
        <blocPub>0</blocPub>
        <blocIllustration>2</blocIllustration>
        <ills/>
      </page>
      <page ordre="5">
        <nbMot>919</nbMot>
        <blocTexte>21</blocTexte>
        <blocTab>0</blocTab>
        <blocPub>0</blocPub>
        <blocIllustration>2</blocIllustration>
        <ills/>
      </page>
      <page ordre="6">
        <nbMot>1023</nbMot>
        <blocTexte>24</blocTexte>
        <blocTab>0</blocTab>
        <blocPub>0</blocPub>
        <blocIllustration>3</blocIllustration>
        <ills/>
      </page>
    </pages>
  </contenus>
</analyseAlto>