<analyseAlto>
  <metad>
    <type>P</type>
    <ID>bpt6k751739h</ID>
    <titre>Le Siècle</titre>
    <dateEdition>1920-12-01</dateEdition>
    <nbPage>4</nbPage>
    <suppl>FALSE</suppl>
  </metad>
  <contenus>
    <largeur>359</largeur>
    <hauteur>542</hauteur>
    <pages>
      <page ordre="1">
        <nbMot>599</nbMot>
        <blocTexte>29</blocTexte>
        <blocTab>0</blocTab>
        <blocPub>0</blocPub>
        <blocIllustration>1</blocIllustration>
        <ills/>
      </page>
      <page ordre="2">
        <nbMot>779</nbMot>
        <blocTexte>31</blocTexte>
        <blocTab>0</blocTab>
        <blocPub>0</blocPub>
        <blocIllustration>3</blocIllustration>
        <ills/>
      </page>
      <page ordre="3">
        <nbMot>733</nbMot>
        <blocTexte>22</blocTexte>
        <blocTab>0</blocTab>
        <blocPub>0</blocPub>
        <blocIllustration>2</blocIllustration>
        <ills>
          <ill classif="DFdnn" couleur="gris" edit="1" h="953" n="3-2" pub="1" taille="1" w="761" x="3274" y="4966">
            <contenuImg CS="1" lang="fr" source="hm" time="2020-04-08T18:13:30.555+02:00">voiture</contenuImg>
            <leg>TTuuon CIRCUITS- NORD-AFRICAINS i.yoo kilométra dans la titénu auto de luxé Prospectus, Bllleta comprenant tous las frais : | Paquebot*-Auto-Kâtela spéciaux-Pourboires I S'AUr er Cîc F sc da Tourisma, 29 S d dts Capucines - Paris j 1 et Agences de Voyages</leg>
            <txt>LE PRIX CONCOURT Léon Daudet (Aotion Française) affirme que le prix G'oncourt ee donne sans aucune dispute entre les Dix. Nous l'en croyons sans peine. Et il raconte avec son esprit coutumier cette .anecdote : Naguère, nous faisions entrer cordialement, dans la salle où nous déjeunons, au restau rant Drouliant, nos confrères de la presse, afin de leur donner les résultats du vote. L'un de ceux-ci, un petit voupin, appartenant à une feuille noslile à l'Action française, dé? Clara froidement, en 1918, que.nous étions ivres, titubant entre des bouteilles vides, et que je portais,— preuve éclatante de cette ébriété - an ' ignoble complet marron  .   Mes enfants furent ravis de cette appré ciation et, chaque fois que je réendœse, vu la cherté de la vie. ce complet — qui n'a d'ailleurs rien de particulièrement abject — ils me rappellent en chœur ce sévère .juge ment.'.. « Papa, tu as encore mis ton Ignoble», Après le prix Goncourt, le misérable est rond Et porte, avec audace, un vêtement marron I Si vous voulez, maintenant, connaître la vérité, je vous dirai que nos agapes acadé miques sont sans prétention, mais tout à fait agréables, et dépourvues d'acrimonie. La plu part d'entre nous sont de vieux camarades de lettrés, sa connaissant depuis vingt ou trente ans; leur mutuelle mlection a survécu aux pires orages politiques. Le Liseur. EMPRUNT NATIONAL 6 %' Aujourd'hui, dernier jour, v i de la Souscription M Dans les cotnîwis, la viotoire fût souvent due à un dernier régiment, réserve suprême, engagé à propos. C'est aujourdliui que doivent donner les dernières réservas de l'Epargne pour assurer la victoire de la Finance dans la lutte écono mique. Hâtez-vous, les retardataires ! Décidez-vous, les hésitants 1   Oublies vos réclamations, les mécontents l   Tous, vous êtes directement intéressés .ù ce que la France triomphe des difficultés présentes ; joignez-vous à la masse innom brable de ceux qui, déjà, ont apporté à ia Pat/rie tout oe dont ils disposaient, panco qu'ils la veulent grande, forte et heureuse. Demain, il sera trop lard !</txt>
            <index>TTuuon CIRCUITS- NORD-AFRICAINS i.yoo kilométra dans la titénu auto de luxé Prospectus, Bllleta comprenant tous las frais : | Paquebot*-Auto-Kâtela spéciaux-Pourboires I S'AUr er Cîc F sc da Tourisma, 29 S d dts Capucines - Paris j 1 et Agences de VoyagesLE PRIX CONCOURT Léon Daudet (Aotion Française) affirme que le prix G'oncourt ee donne sans aucune dispute entre les Dix. Nous l'en croyons sans peine. Et il raconte avec son esprit coutumier cette .anecdote : Naguère, nous faisions entrer cordialement, dans la salle où nous déjeunons, au restau rant Drouliant, nos confrères de la presse, afin de leur donner les résultats du vote. L'un de ceux-ci, un petit voupin, appartenant à une feuille noslile à l'Action française, dé? Clara froidement, en 1918, que.nous étions ivres, titubant entre des bouteilles vides, et que je portais,— preuve éclatante de cette ébriété - an ' ignoble complet marron  .   Mes enfants furent ravis de cette appré ciation et, chaque fois que je réendœse, vu la cherté de la vie. ce complet — qui n'a d'ailleurs rien de particulièrement abject — ils me rappellent en chœur ce sévère .juge ment.'.. « Papa, tu as encore mis ton Ignoble», Après le prix Goncourt, le misérable est rond Et porte, avec audace, un vêtement marron I Si vous voulez, maintenant, connaître la vérité, je vous dirai que nos agapes acadé miques sont sans prétention, mais tout à fait agréables, et dépourvues d'acrimonie. La plu part d'entre nous sont de vieux camarades de lettrés, sa connaissant depuis vingt ou trente ans; leur mutuelle mlection a survécu aux pires orages politiques. Le Liseur. EMPRUNT NATIONAL 6 %' Aujourd'hui, dernier jour, v i de la Souscription M Dans les cotnîwis, la viotoire fût souvent due à un dernier régiment, réserve suprême, engagé à propos. C'est aujourdliui que doivent donner les dernières réservas de l'Epargne pour assurer la victoire de la Finance dans la lutte écono mique. Hâtez-vous, les retardataires ! Décidez-vous, les hésitants 1   Oublies vos réclamations, les mécontents l   Tous, vous êtes directement intéressés .ù ce que la France triomphe des difficultés présentes ; joignez-vous à la masse innom brable de ceux qui, déjà, ont apporté à ia Pat/rie tout oe dont ils disposaient, panco qu'ils la veulent grande, forte et heureuse. Demain, il sera trop lard !</index>
            <genre source="hm" time="2019-09-29T14:30:31.777+02:00">publicite</genre>
            <genre source="final">publicite</genre>
            <genre source="hm" time="2019-09-29T14:30:41.377+02:00">publicite</genre>
            <contenuImg CS="1" lang="en" source="hm" time="2020-04-08T18:13:30.555+02:00">car</contenuImg>
          </ill>
        </ills>
      </page>
      <page ordre="4">
        <nbMot>1181</nbMot>
        <blocTexte>309</blocTexte>
        <blocTab>0</blocTab>
        <blocPub>0</blocPub>
        <blocIllustration>4</blocIllustration>
        <ills>
          <ill couleur="gris" derniere="true" edit="1" h="948" n="4-2" pub="1" taille="1" w="744" x="3388" y="2980">
            <leg>ffiffleo Laigeuy..^ 90 Pri*..., 575.. S85.. 3937 645.. • PRIX SANS PRÉCÉDENTS Ce ftodeteduncétoiganœ absolu:, est fabriqué avec des matériau*  k PHEniERCHOiX.lespiiieis et tes barreau!: sontfftTIkREflEKTav CUIVRE et de forme canée.les chapiteaux sontcnCUIVREflAJSir.</leg>
            <txt>C  î.oso m. R. b. _ ,_i22.985 t. M.à p.210.000 t.AdJ.Ch. Not.,14 Déc.M  Brooheux,Girardin,not.,43,R.Richelieu Maison à n nn fIJARONNE, 153. Paris, II. llll llls</txt>
            <index>ffiffleo Laigeuy..^ 90 Pri*..., 575.. S85.. 3937 645.. • PRIX SANS PRÉCÉDENTS Ce ftodeteduncétoiganœ absolu:, est fabriqué avec des matériau*  k PHEniERCHOiX.lespiiieis et tes barreau!: sontfftTIkREflEKTav CUIVRE et de forme canée.les chapiteaux sontcnCUIVREflAJSir.C  î.oso m. R. b. _ ,_i22.985 t. M.à p.210.000 t.AdJ.Ch. Not.,14 Déc.M  Brooheux,Girardin,not.,43,R.Richelieu Maison à n nn fIJARONNE, 153. Paris, II. llll llls</index>
            <genre source="hm" time="2019-09-29T14:31:17.112+02:00">publicite</genre>
            <genre source="final">publicite</genre>
          </ill>
        </ills>
      </page>
    </pages>
  </contenus>
</analyseAlto>