<doc>
  <metad>
    <type>P</type>
    <ID>bpt6k7514051</ID>
    <titre>Le Siècle</titre>
    <dateEdition>1919-12-31</dateEdition>
    <nbPage>4</nbPage>
    <suppl>FALSE</suppl>
  </metad>
  <contenus>
    <largeur>357</largeur>
    <hauteur>531</hauteur>
    <pages>
      <page ordre="1">
        <nbMot>598</nbMot>
        <blocTexte>33</blocTexte>
        <blocTab>0</blocTab>
        <blocPub>0</blocPub>
        <blocIllustration>0</blocIllustration>
      </page>
      <page ordre="2">
        <nbMot>749</nbMot>
        <blocTexte>41</blocTexte>
        <blocTab>0</blocTab>
        <blocPub>0</blocPub>
        <blocIllustration>3</blocIllustration>
        <ills>
          <ill couleur="gris" edit="1" h="304" n="2-1" pub="1" taille="0" w="786" x="132" y="3794">
            <leg>SES ANTILOPES S SES CHANTEUSES, S S SON THE-TANCO g b Le Direoteur est devenu millionnaire en un mois S TBBBBBBBSBBlIBBaaBBaBaBailHliKBBliaBBBaBaBBBBaSB</leg>
            <txt>Cinémas marivaux (Louvre 06-99). — Mat., soir. : Les yeux dans la Nuit (Monroë SallsbtiKy) ; Le Roman comique de Chariot et Lolotte (dernier ép. : Gran. deur et décadence) ; L'Orang-Oulang (Conte de Noël) ; S attractions : Les Bascos, zellas, Pichell et Scale,' M rfaX dans son répertoire. AR.TISTIO (Cent. 81-07). — Ce. Tigre.sacré f!0* êp.: Les deuî ~Am'tizonesf ■ Chariot fait une Cure ; l'o. paul et Virginie, elc... ' MOQADOR-PALACE. — s ii. 30 : La Sultane de .'■'Amour. A 5 heures : Thé-Tango. PATHë-PALACE (Centtal 73-93). — *2 h. à 11 h. : le Tigre sacré (10* ôp. : Les deux Amazones) ,- Chariot patine, Son premier Amour, etc... : AUBERT-PALACE (Gut. 47-07). Les Saltimbanques (Iiilly. Rhodes) î Le FiU de la Nuit d  ép. : Le ■Proscrit) ; La Maison électrique. . ELEOTRIC.-PALACE (Gut. 60-78). — Le Roi du Cirque (6 e ép.) ; L'Effroyable Doute (draine) ; La Maison Electrique (fantaisie). tivoli -CIN ëma (Nord 26-44). — L'Effroyable Doute, Le Fils de la Nuit (le' ép. : Le Proscrit) ; L'Espiègle. La Maison électrique. , saint-paul'cinémf ' ,Arcll. 07-47). — Le Tigre 'sacré (10  ôp.: Les deux Amazones) ; Popaul et Vir ginie, Xe Fils de ta Nuit d  ôp. : Le Proscrit) ; Son premier Amour. moncey-cinéma, 50, Av. de Clichy. — La Ran çon de l'Honneur, Le Fils de \ lu Nuit (1  ôp.: Le Proscrit) ; Ça c'est la Vie.</txt>
            <index>SES ANTILOPES S SES CHANTEUSES, S S SON THE-TANCO g b Le Direoteur est devenu millionnaire en un mois S TBBBBBBBSBBlIBBaaBBaBaBailHliKBBliaBBBaBaBBBBaSBCinémas marivaux (Louvre 06-99). — Mat., soir. : Les yeux dans la Nuit (Monroë SallsbtiKy) ; Le Roman comique de Chariot et Lolotte (dernier ép. : Gran. deur et décadence) ; L'Orang-Oulang (Conte de Noël) ; S attractions : Les Bascos, zellas, Pichell et Scale,' M rfaX dans son répertoire. AR.TISTIO (Cent. 81-07). — Ce. Tigre.sacré f!0* êp.: Les deuî ~Am'tizonesf ■ Chariot fait une Cure ; l'o. paul et Virginie, elc... ' MOQADOR-PALACE. — s ii. 30 : La Sultane de .'■'Amour. A 5 heures : Thé-Tango. PATHë-PALACE (Centtal 73-93). — *2 h. à 11 h. : le Tigre sacré (10* ôp. : Les deux Amazones) ,- Chariot patine, Son premier Amour, etc... : AUBERT-PALACE (Gut. 47-07). Les Saltimbanques (Iiilly. Rhodes) î Le FiU de la Nuit d  ép. : Le ■Proscrit) ; La Maison électrique. . ELEOTRIC.-PALACE (Gut. 60-78). — Le Roi du Cirque (6 e ép.) ; L'Effroyable Doute (draine) ; La Maison Electrique (fantaisie). tivoli -CIN ëma (Nord 26-44). — L'Effroyable Doute, Le Fils de la Nuit (le' ép. : Le Proscrit) ; L'Espiègle. La Maison électrique. , saint-paul'cinémf ' ,Arcll. 07-47). — Le Tigre 'sacré (10  ôp.: Les deux Amazones) ; Popaul et Vir ginie, Xe Fils de ta Nuit d  ôp. : Le Proscrit) ; Son premier Amour. moncey-cinéma, 50, Av. de Clichy. — La Ran çon de l'Honneur, Le Fils de \ lu Nuit (1  ôp.: Le Proscrit) ; Ça c'est la Vie.</index>
            <genre source="hm" time="2019-09-29T14:14:33.177+02:00">publicite</genre>
            <genre source="final">publicite</genre>
          </ill>
        </ills>
      </page>
      <page ordre="3">
        <nbMot>744</nbMot>
        <blocTexte>18</blocTexte>
        <blocTab>0</blocTab>
        <blocPub>0</blocPub>
        <blocIllustration>0</blocIllustration>
      </page>
      <page ordre="4">
        <nbMot>993</nbMot>
        <blocTexte>317</blocTexte>
        <blocTab>0</blocTab>
        <blocPub>0</blocPub>
        <blocIllustration>3</blocIllustration>
        <ills/>
      </page>
    </pages>
  </contenus>
</doc>