<analyseAlto>
  <metad>
    <type>P</type>
    <ID>bpt6k7512028</ID>
    <titre>Le Siècle</titre>
    <dateEdition>1919-05-19</dateEdition>
    <nbPage>4</nbPage>
    <suppl>FALSE</suppl>
  </metad>
  <contenus>
    <largeur>359</largeur>
    <hauteur>526</hauteur>
    <pages>
      <page ordre="1">
        <nbMot>553</nbMot>
        <blocTexte>32</blocTexte>
        <blocTab>0</blocTab>
        <blocPub>0</blocPub>
        <blocIllustration>0</blocIllustration>
      </page>
      <page ordre="2">
        <nbMot>781</nbMot>
        <blocTexte>44</blocTexte>
        <blocTab>0</blocTab>
        <blocPub>0</blocPub>
        <blocIllustration>1</blocIllustration>
        <ills/>
      </page>
      <page ordre="3">
        <nbMot>616</nbMot>
        <blocTexte>78</blocTexte>
        <blocTab>0</blocTab>
        <blocPub>0</blocPub>
        <blocIllustration>11</blocIllustration>
        <ills>
          <ill couleur="gris" edit="1" h="444" n="3-4" pub="1" taille="0" w="763" x="1014" y="1882">
            <txt>1 26873. Chemises ^u™ dapolam ' p £ ,ou ? Valeur 12. », |j a</txt>
            <index>1 26873. Chemises ^u™ dapolam ' p £ ,ou ? Valeur 12. », |j a</index>
            <genre source="hm" time="2019-09-29T14:13:38.714+02:00">publicite</genre>
            <genre source="final">publicite</genre>
          </ill>
          <ill classif="DFdnn" couleur="gris" edit="1" h="748" n="3-8" pub="1" taille="1" w="1237" x="2728" y="1600">
            <leg>26875. rhamlcoc de jour et pantalons tnenilsca madapolam, broderies fantaisie ou entredeux, ft  7H Valeur 8.50. Oa/O</leg>
            <txt>Chemises ^7' madapolam - 1 b ™ d ^ Valeur 15. ». lll hlIS 10.50</txt>
            <index>26875. rhamlcoc de jour et pantalons tnenilsca madapolam, broderies fantaisie ou entredeux, ft  7H Valeur 8.50. Oa/OChemises ^7' madapolam - 1 b ™ d ^ Valeur 15. ». lll hlIS 10.50</index>
            <genre source="hm" time="2019-09-29T14:10:37.375+02:00">publicite</genre>
            <genre source="final">publicite</genre>
          </ill>
        </ills>
      </page>
      <page ordre="4">
        <nbMot>909</nbMot>
        <blocTexte>298</blocTexte>
        <blocTab>0</blocTab>
        <blocPub>0</blocPub>
        <blocIllustration>1</blocIllustration>
        <ills/>
      </page>
    </pages>
  </contenus>
</analyseAlto>