<analyseAlto>
  <metad>
    <type>P</type>
    <ID>bpt6k7514606</ID>
    <titre>Le Siècle</titre>
    <dateEdition>1920-02-25</dateEdition>
    <nbPage>4</nbPage>
    <suppl>FALSE</suppl>
  </metad>
  <contenus>
    <largeur>354</largeur>
    <hauteur>538</hauteur>
    <pages>
      <page ordre="1">
        <nbMot>579</nbMot>
        <blocTexte>40</blocTexte>
        <blocTab>0</blocTab>
        <blocPub>0</blocPub>
        <blocIllustration>1</blocIllustration>
        <ills/>
      </page>
      <page ordre="2">
        <nbMot>755</nbMot>
        <blocTexte>56</blocTexte>
        <blocTab>0</blocTab>
        <blocPub>0</blocPub>
        <blocIllustration>7</blocIllustration>
        <ills/>
      </page>
      <page ordre="3">
        <nbMot>776</nbMot>
        <blocTexte>23</blocTexte>
        <blocTab>0</blocTab>
        <blocPub>0</blocPub>
        <blocIllustration>2</blocIllustration>
        <ills>
          <ill classif="DFdnn" couleur="gris" edit="1" h="250" n="3-1" pub="1" taille="0" w="680" x="1845" y="3186">
            <leg>ET POUCE...</leg>
            <txt>£\ve*te   PARIS-/AtPI MAX ViTERBO 4 Oitfwit y JUSTICE</txt>
            <index>ET POUCE...£\ve*te   PARIS-/AtPI MAX ViTERBO 4 Oitfwit y JUSTICE</index>
            <genre source="hm" time="2019-09-29T14:16:13.097+02:00">publicite</genre>
            <genre source="final">publicite</genre>
          </ill>
        </ills>
      </page>
      <page ordre="4">
        <nbMot>1269</nbMot>
        <blocTexte>412</blocTexte>
        <blocTab>0</blocTab>
        <blocPub>0</blocPub>
        <blocIllustration>2</blocIllustration>
        <ills/>
      </page>
    </pages>
  </contenus>
</analyseAlto>