<doc>
  <metad>
    <type>P</type>
    <ID>bpt6k748149p</ID>
    <titre>Le Siècle</titre>
    <dateEdition>1910-12-11</dateEdition>
    <nbPage>4</nbPage>
    <suppl>FALSE</suppl>
  </metad>
  <contenus>
    <largeur>539</largeur>
    <hauteur>693</hauteur>
    <pages>
      <page ordre="1">
        <nbMot>1194</nbMot>
        <blocTexte>45</blocTexte>
        <blocTab>0</blocTab>
        <blocPub>0</blocPub>
        <blocIllustration>11</blocIllustration>
        <ills/>
      </page>
      <page ordre="2">
        <nbMot>1280</nbMot>
        <blocTexte>61</blocTexte>
        <blocTab>0</blocTab>
        <blocPub>0</blocPub>
        <blocIllustration>6</blocIllustration>
        <ills/>
      </page>
      <page ordre="3">
        <nbMot>1119</nbMot>
        <blocTexte>81</blocTexte>
        <blocTab>0</blocTab>
        <blocPub>0</blocPub>
        <blocIllustration>11</blocIllustration>
        <ills>
          <ill couleur="gris" edit="1" h="912" n="3-6" pub="1" taille="0" w="491" x="5257" y="923">
            <leg>BÉBÉ HABILLÉ tournant la tête en marchant, tête incassable, haut. o D 5o. Sans précédent 7.90</leg>
            <txt>INAUGURATION DE l arbre de noël</txt>
            <index>BÉBÉ HABILLÉ tournant la tête en marchant, tête incassable, haut. o D 5o. Sans précédent 7.90INAUGURATION DE l arbre de noël</index>
            <genre source="hm" time="2019-09-28T19:09:02.215+02:00">publicite</genre>
            <genre source="final">publicite</genre>
          </ill>
        </ills>
      </page>
      <page ordre="4">
        <nbMot>2250</nbMot>
        <blocTexte>457</blocTexte>
        <blocTab>0</blocTab>
        <blocPub>0</blocPub>
        <blocIllustration>17</blocIllustration>
        <ills/>
      </page>
    </pages>
  </contenus>
</doc>