<doc>
  <metad>
    <type>P</type>
    <ID>bpt6k7491743</ID>
    <titre>Le Siècle</titre>
    <dateEdition>1913-10-18</dateEdition>
    <nbPage>6</nbPage>
    <suppl>FALSE</suppl>
  </metad>
  <contenus>
    <largeur>430</largeur>
    <hauteur>607</hauteur>
    <pages>
      <page ordre="1">
        <nbMot>910</nbMot>
        <blocTexte>26</blocTexte>
        <blocTab>0</blocTab>
        <blocPub>0</blocPub>
        <blocIllustration>3</blocIllustration>
        <ills/>
      </page>
      <page ordre="2">
        <nbMot>1034</nbMot>
        <blocTexte>32</blocTexte>
        <blocTab>0</blocTab>
        <blocPub>0</blocPub>
        <blocIllustration>1</blocIllustration>
        <ills/>
      </page>
      <page ordre="3">
        <nbMot>1054</nbMot>
        <blocTexte>41</blocTexte>
        <blocTab>0</blocTab>
        <blocPub>0</blocPub>
        <blocIllustration>1</blocIllustration>
        <ills/>
      </page>
      <page ordre="4">
        <nbMot>1989</nbMot>
        <blocTexte>617</blocTexte>
        <blocTab>0</blocTab>
        <blocPub>0</blocPub>
        <blocIllustration>1</blocIllustration>
        <ills/>
      </page>
      <page ordre="5">
        <nbMot>597</nbMot>
        <blocTexte>51</blocTexte>
        <blocTab>0</blocTab>
        <blocPub>0</blocPub>
        <blocIllustration>12</blocIllustration>
        <ills>
          <ill couleur="gris" edit="1" h="1422" n="5-8" pub="1" taille="1" w="670" x="4101" y="881">
            <leg>Lé Pneu G oodrich consacrer au rnoment où les choses de l'au* tomobile sont plus que jamais à l'ordre du jour.</leg>
            <txt>Lâ Société Française B. F. Goodrich a oétte année une exposition trè3 remarquée. Sur. le stand garni de meubles style empi re du meilleur effet, se trouvent trois types de pneus : lisse, antidérapant ferré et an tidérapant tout caoutchouc employé en Amérique de préférence aux ferrés qui font l'admiration du public, ainsi que les bandages pour poids lourds primés au der nier concours militaire. Nombreux .sont les automobilistes em ployant le pneu Goodrich qui, en visitant le salon, viennent féliciter les dirigeants de cette importante firme sur l'excellente qualité des pneumatiques qui ileur ont été fournis. La maison Goodrich, tant dans ses usines de Colombes que celles situées en Amérique, emploie 18.000 personnes ; les constructions et ateliers couvrent une su perficie de 50 hectares. Ce qu'il apparaît intéressant d'expliquer à propos de cette grandiose entreprise, c'est que sa puissance est due au fait que les usines Goodrich fournissent plus d'un tiers des automobiles américaines, le res tant étant partagé entre vingt autres mar ques différente, Comme le marché américain du pneu matique est plus important que le marché européen, (on compte, en effet, aux Etats- Unis 858.000 automobiles) cette indica tion permet d'affirmer que lie pneumati que Goodrioh est le plus répandu dans le monde entier. Le succès du pneumatique Goodrich en France st dû à sa qualité. Il est vendu aux conditions les plus avantageuses son prix a été baissé dernièrement a cause de la diminution normale  Voilà le ^pourquoi d'une réputation ëiâ* blie ' maintenant, mais qu'il était bon dfij</txt>
            <index>Lé Pneu G oodrich consacrer au rnoment où les choses de l'au* tomobile sont plus que jamais à l'ordre du jour.Lâ Société Française B. F. Goodrich a oétte année une exposition trè3 remarquée. Sur. le stand garni de meubles style empi re du meilleur effet, se trouvent trois types de pneus : lisse, antidérapant ferré et an tidérapant tout caoutchouc employé en Amérique de préférence aux ferrés qui font l'admiration du public, ainsi que les bandages pour poids lourds primés au der nier concours militaire. Nombreux .sont les automobilistes em ployant le pneu Goodrich qui, en visitant le salon, viennent féliciter les dirigeants de cette importante firme sur l'excellente qualité des pneumatiques qui ileur ont été fournis. La maison Goodrich, tant dans ses usines de Colombes que celles situées en Amérique, emploie 18.000 personnes ; les constructions et ateliers couvrent une su perficie de 50 hectares. Ce qu'il apparaît intéressant d'expliquer à propos de cette grandiose entreprise, c'est que sa puissance est due au fait que les usines Goodrich fournissent plus d'un tiers des automobiles américaines, le res tant étant partagé entre vingt autres mar ques différente, Comme le marché américain du pneu matique est plus important que le marché européen, (on compte, en effet, aux Etats- Unis 858.000 automobiles) cette indica tion permet d'affirmer que lie pneumati que Goodrioh est le plus répandu dans le monde entier. Le succès du pneumatique Goodrich en France st dû à sa qualité. Il est vendu aux conditions les plus avantageuses son prix a été baissé dernièrement a cause de la diminution normale  Voilà le ^pourquoi d'une réputation ëiâ* blie ' maintenant, mais qu'il était bon dfij</index>
            <genre source="hm" time="2019-09-29T14:07:03.002+02:00">publicite</genre>
            <genre source="final">publicite</genre>
          </ill>
          <ill couleur="gris" edit="1" h="516" n="5-9" pub="1" taille="1" w="1269" x="3316" y="3303">
            <contenuImg CS="1" lang="fr" source="hm" time="2020-04-08T18:07:35.828+02:00">moto</contenuImg>
            <txt>de nouveaux types très perfectionnés, édui pés à l'anglaise, d'une marche très silen-. cieuse, d'une solidité à toute épreuve et d'une ligne parfaite.</txt>
            <index>% : ,A- - , ^ ' f / . Vde nouveaux types très perfectionnés, édui pés à l'anglaise, d'une marche très silen-. cieuse, d'une solidité à toute épreuve et d'une ligne parfaite.</index>
            <genre source="hm" time="2019-09-29T14:09:11.158+02:00">publicite</genre>
            <genre source="final">publicite</genre>
            <contenuImg CS="1" lang="en" source="hm" time="2020-04-08T18:07:35.828+02:00">motorcycle</contenuImg>
          </ill>
        </ills>
      </page>
      <page ordre="6">
        <nbMot>879</nbMot>
        <blocTexte>34</blocTexte>
        <blocTab>0</blocTab>
        <blocPub>0</blocPub>
        <blocIllustration>2</blocIllustration>
        <ills/>
      </page>
    </pages>
  </contenus>
</doc>