<analyseAlto>
  <metad>
    <type>P</type>
    <ID>bpt6k751526d</ID>
    <titre>Le Siècle</titre>
    <dateEdition>1920-05-01</dateEdition>
    <nbPage>4</nbPage>
    <suppl>FALSE</suppl>
  </metad>
  <contenus>
    <largeur>353</largeur>
    <hauteur>536</hauteur>
    <pages>
      <page ordre="1">
        <nbMot>592</nbMot>
        <blocTexte>25</blocTexte>
        <blocTab>0</blocTab>
        <blocPub>0</blocPub>
        <blocIllustration>0</blocIllustration>
      </page>
      <page ordre="2">
        <nbMot>772</nbMot>
        <blocTexte>35</blocTexte>
        <blocTab>0</blocTab>
        <blocPub>0</blocPub>
        <blocIllustration>3</blocIllustration>
        <ills/>
      </page>
      <page ordre="3">
        <nbMot>793</nbMot>
        <blocTexte>25</blocTexte>
        <blocTab>0</blocTab>
        <blocPub>0</blocPub>
        <blocIllustration>0</blocIllustration>
      </page>
      <page ordre="4">
        <nbMot>1072</nbMot>
        <blocTexte>424</blocTexte>
        <blocTab>0</blocTab>
        <blocPub>0</blocPub>
        <blocIllustration>2</blocIllustration>
        <ills>
          <ill couleur="gris" derniere="true" edit="1" h="554" n="4-1" pub="1" taille="1" w="1024" x="1802" y="2681">
            <leg>/ gross/erniife JoKs</leg>
            <txt>En Vente à PARIS-MIDI JUSTICE et POLICE Un Volume de MAX VITERBO i . Préface .du bâtonnier Henri-Robert • Avant'propos de Clément Vautel t [Illustrations de Morîss - Noël Dorvvle ' Max Aghion • Planchard ■ Hanni ) Prix : 5 Francs ! It Gérant : Hlppolyte V iidpier. VOLUMARD, tmprimeur, 21, rue Cadet.</txt>
            <index>/ gross/erniife JoKsEn Vente à PARIS-MIDI JUSTICE et POLICE Un Volume de MAX VITERBO i . Préface .du bâtonnier Henri-Robert • Avant'propos de Clément Vautel t [Illustrations de Morîss - Noël Dorvvle ' Max Aghion • Planchard ■ Hanni ) Prix : 5 Francs ! It Gérant : Hlppolyte V iidpier. VOLUMARD, tmprimeur, 21, rue Cadet.</index>
            <genre source="hm" time="2019-09-29T14:21:52.201+02:00">publicite</genre>
            <genre source="final">publicite</genre>
          </ill>
          <ill couleur="gris" derniere="true" edit="1" h="836" n="4-2" pub="1" taille="1" w="1049" x="3011" y="3394">
            <leg>RESTAURANT FRANCO HELLENIQUE HOVOLOPOULOS. 19, Bue Soufflot.</leg>
            <txt>P.THiBAUù et £ • 22. Rut a'â Mariqnan, ~ Concess génépi de O. et W. G/BffS du savon pour la barbe du savon dentrfrica du savon Cotd Cream</txt>
            <index>RESTAURANT FRANCO HELLENIQUE HOVOLOPOULOS. 19, Bue Soufflot.P.THiBAUù et £ • 22. Rut a'â Mariqnan, ~ Concess génépi de O. et W. G/BffS du savon pour la barbe du savon dentrfrica du savon Cotd Cream</index>
            <genre source="hm" time="2019-09-29T14:21:42.437+02:00">publicite</genre>
            <genre source="final">publicite</genre>
          </ill>
        </ills>
      </page>
    </pages>
  </contenus>
</analyseAlto>