<doc>
  <metad>
    <type>P</type>
    <ID>bpt6k7514428</ID>
    <titre>Le Siècle</titre>
    <dateEdition>1920-02-07</dateEdition>
    <nbPage>4</nbPage>
    <suppl>FALSE</suppl>
  </metad>
  <contenus>
    <largeur>354</largeur>
    <hauteur>539</hauteur>
    <pages>
      <page ordre="1">
        <nbMot>599</nbMot>
        <blocTexte>30</blocTexte>
        <blocTab>0</blocTab>
        <blocPub>0</blocPub>
        <blocIllustration>0</blocIllustration>
      </page>
      <page ordre="2">
        <nbMot>756</nbMot>
        <blocTexte>37</blocTexte>
        <blocTab>0</blocTab>
        <blocPub>0</blocPub>
        <blocIllustration>4</blocIllustration>
        <ills/>
      </page>
      <page ordre="3">
        <nbMot>756</nbMot>
        <blocTexte>25</blocTexte>
        <blocTab>0</blocTab>
        <blocPub>0</blocPub>
        <blocIllustration>0</blocIllustration>
      </page>
      <page ordre="4">
        <nbMot>791</nbMot>
        <blocTexte>45</blocTexte>
        <blocTab>0</blocTab>
        <blocPub>0</blocPub>
        <blocIllustration>2</blocIllustration>
        <ills>
          <ill classif="DFdnn" couleur="gris" derniere="true" edit="1" h="1444" n="4-2" pub="1" taille="3" w="1440" x="2592" y="4122">
            <contenuImg CS="1" lang="fr" source="hm" time="2020-04-08T18:10:33.971+02:00">camion</contenuImg>
            <txt>prix remporter la victoire qui a échappé à walter. Ross lui-même. Comme ibien vous pensez, Dastillon n'est pas disposé à se laisser faire. Pat O'Keefé a dit de lui : « C'est l'hoifflme\ qui vient » Pat O'Keefe s'y connaît et Dastillon à à cœur de ne pas faire mentir cette flatteuse apprécia tion *, il va s'employer à fond ce soir et com me il le disait lui-même hier - à un de nos am is : « Je ne veux pas simplement triompher ; je veux encore mettre lohnny Hugues knook out... et cela ira fort t » Nous le-croyons sans peine. Certes, Dastil lon nous a prouvé, dans tous ses récents coin- bats, que son împéituosité était restée la mê me, qu'il avait conservé toute sa précision tout son coup d'oeil et son punch fulgurant. Mais la valeur de son adversaire ne nous pèr- met pas de nous défendre aujourd hui d'une certaine inquiétude. , Les vœux de tous les sportsmen irançads ac- { compagneront ce soir notre représentant dans ! la terrible bataille qui va s'engager et qui va ; influer fortement sur sa carrière déjà sï bril- f lante. *  Un catrùngrmn de valeur \ Au programme, notons le match qui va op- î poser Masson et Urbain. Urbain est un hoim- l me résistant et combatif au possible et dont les incessants progrès sont des plus intéres sants à suivre. Quant à Masson, champion du Nord des poids légers, il a à son record 46 victoires pour 48 combats et. parmi ses victi mes nous voyons des hommes tels que Grassi et Germain. Possédant ;tme -allonge extraor dinaire et un punch redoutable, M ^lub de Lomdres 154, «je Sws-</txt>
            <index>prix remporter la victoire qui a échappé à walter. Ross lui-même. Comme ibien vous pensez, Dastillon n'est pas disposé à se laisser faire. Pat O'Keefé a dit de lui : « C'est l'hoifflme\ qui vient » Pat O'Keefe s'y connaît et Dastillon à à cœur de ne pas faire mentir cette flatteuse apprécia tion *, il va s'employer à fond ce soir et com me il le disait lui-même hier - à un de nos am is : « Je ne veux pas simplement triompher ; je veux encore mettre lohnny Hugues knook out... et cela ira fort t » Nous le-croyons sans peine. Certes, Dastil lon nous a prouvé, dans tous ses récents coin- bats, que son împéituosité était restée la mê me, qu'il avait conservé toute sa précision tout son coup d'oeil et son punch fulgurant. Mais la valeur de son adversaire ne nous pèr- met pas de nous défendre aujourd hui d'une certaine inquiétude. , Les vœux de tous les sportsmen irançads ac- { compagneront ce soir notre représentant dans ! la terrible bataille qui va s'engager et qui va ; influer fortement sur sa carrière déjà sï bril- f lante. *  Un catrùngrmn de valeur \ Au programme, notons le match qui va op- î poser Masson et Urbain. Urbain est un hoim- l me résistant et combatif au possible et dont les incessants progrès sont des plus intéres sants à suivre. Quant à Masson, champion du Nord des poids légers, il a à son record 46 victoires pour 48 combats et. parmi ses victi mes nous voyons des hommes tels que Grassi et Germain. Possédant ;tme -allonge extraor dinaire et un punch redoutable, M ^lub de Lomdres 154, «je Sws-</index>
            <genre source="hm" time="2019-09-29T14:15:16.316+02:00">publicite</genre>
            <genre source="final">publicite</genre>
            <contenuImg CS="1" lang="en" source="hm" time="2020-04-08T18:10:33.971+02:00">truck</contenuImg>
          </ill>
        </ills>
      </page>
    </pages>
  </contenus>
</doc>