<doc>
  <metad>
    <type>P</type>
    <ID>bpt6k751500f</ID>
    <titre>Le Siècle</titre>
    <dateEdition>1920-04-05</dateEdition>
    <nbPage>4</nbPage>
    <suppl>FALSE</suppl>
  </metad>
  <contenus>
    <largeur>360</largeur>
    <hauteur>539</hauteur>
    <pages>
      <page ordre="1">
        <nbMot>594</nbMot>
        <blocTexte>28</blocTexte>
        <blocTab>0</blocTab>
        <blocPub>0</blocPub>
        <blocIllustration>0</blocIllustration>
      </page>
      <page ordre="2">
        <nbMot>776</nbMot>
        <blocTexte>45</blocTexte>
        <blocTab>0</blocTab>
        <blocPub>0</blocPub>
        <blocIllustration>2</blocIllustration>
        <ills/>
      </page>
      <page ordre="3">
        <nbMot>790</nbMot>
        <blocTexte>28</blocTexte>
        <blocTab>0</blocTab>
        <blocPub>0</blocPub>
        <blocIllustration>0</blocIllustration>
      </page>
      <page ordre="4">
        <nbMot>1081</nbMot>
        <blocTexte>384</blocTexte>
        <blocTab>0</blocTab>
        <blocPub>0</blocPub>
        <blocIllustration>7</blocIllustration>
        <ills>
          <ill classif="DFdnn" couleur="gris" derniere="true" edit="1" h="252" n="4-6" pub="1" taille="0" w="684" x="3370" y="3156">
            <leg>ET POUCE...</leg>
            <txt>Vente à PARIS-/*MPI   MAX ViTERBO JU5TiCfi</txt>
            <index>ET POUCE...Vente à PARIS-/*MPI   MAX ViTERBO JU5TiCfi</index>
            <genre source="hm" time="2019-09-29T14:16:31.796+02:00">publicite</genre>
            <genre source="final">publicite</genre>
          </ill>
        </ills>
      </page>
    </pages>
  </contenus>
</doc>