<analyseAlto>
  <metad>
    <type>P</type>
    <ID>bpt6k7514653</ID>
    <titre>Le Siècle</titre>
    <dateEdition>1920-03-01</dateEdition>
    <nbPage>4</nbPage>
    <suppl>FALSE</suppl>
  </metad>
  <contenus>
    <largeur>354</largeur>
    <hauteur>537</hauteur>
    <pages>
      <page ordre="1">
        <nbMot>569</nbMot>
        <blocTexte>23</blocTexte>
        <blocTab>0</blocTab>
        <blocPub>0</blocPub>
        <blocIllustration>2</blocIllustration>
        <ills/>
      </page>
      <page ordre="2">
        <nbMot>783</nbMot>
        <blocTexte>49</blocTexte>
        <blocTab>0</blocTab>
        <blocPub>0</blocPub>
        <blocIllustration>2</blocIllustration>
        <ills/>
      </page>
      <page ordre="3">
        <nbMot>564</nbMot>
        <blocTexte>80</blocTexte>
        <blocTab>0</blocTab>
        <blocPub>0</blocPub>
        <blocIllustration>5</blocIllustration>
        <ills>
          <ill classif="DFdnn" couleur="gris" edit="1" h="1026" n="3-3" pub="1" taille="1" w="669" x="2823" y="905">
            <leg>EXCEPTIONNEL Palo+n+o tri6ot grand criï rtUBlUlS e t revers pelucheux Joutes nuances. 38.50</leg>
            <txt>Manteau » belge, » A nos Clientes qui sous* crivent à l 'Emprunt dans nos Magasina, nous accor dons un escompte de 3% sur les achats effectués au comptant te jour de leur souscription, sur présenta» tion des factures.</txt>
            <index>EXCEPTIONNEL Palo+n+o tri6ot grand criï rtUBlUlS e t revers pelucheux Joutes nuances. 38.50Manteau » belge, » A nos Clientes qui sous* crivent à l 'Emprunt dans nos Magasina, nous accor dons un escompte de 3% sur les achats effectués au comptant te jour de leur souscription, sur présenta» tion des factures.</index>
            <genre source="hm" time="2019-09-29T14:16:16.36+02:00">publicite</genre>
            <genre source="final">publicite</genre>
          </ill>
        </ills>
      </page>
      <page ordre="4">
        <nbMot>850</nbMot>
        <blocTexte>376</blocTexte>
        <blocTab>0</blocTab>
        <blocPub>0</blocPub>
        <blocIllustration>11</blocIllustration>
        <ills/>
      </page>
    </pages>
  </contenus>
</analyseAlto>