<doc>
  <metad>
    <type>P</type>
    <ID>bpt6k7514174</ID>
    <titre>Le Siècle</titre>
    <dateEdition>1920-01-13</dateEdition>
    <nbPage>4</nbPage>
    <suppl>FALSE</suppl>
  </metad>
  <contenus>
    <largeur>354</largeur>
    <hauteur>538</hauteur>
    <pages>
      <page ordre="1">
        <nbMot>601</nbMot>
        <blocTexte>22</blocTexte>
        <blocTab>0</blocTab>
        <blocPub>0</blocPub>
        <blocIllustration>1</blocIllustration>
        <ills/>
      </page>
      <page ordre="2">
        <nbMot>756</nbMot>
        <blocTexte>47</blocTexte>
        <blocTab>0</blocTab>
        <blocPub>0</blocPub>
        <blocIllustration>2</blocIllustration>
        <ills/>
      </page>
      <page ordre="3">
        <nbMot>807</nbMot>
        <blocTexte>14</blocTexte>
        <blocTab>0</blocTab>
        <blocPub>0</blocPub>
        <blocIllustration>0</blocIllustration>
      </page>
      <page ordre="4">
        <nbMot>870</nbMot>
        <blocTexte>101</blocTexte>
        <blocTab>0</blocTab>
        <blocPub>0</blocPub>
        <blocIllustration>3</blocIllustration>
        <ills>
          <ill couleur="gris" derniere="true" edit="1" h="1628" n="4-2" pub="1" taille="3" w="1160" x="276" y="1916">
            <txt>La pot h mètres... vitrages mousseline très belle qualité. .19</txt>
            <index>La pot h mètres... vitrages mousseline très belle qualité. .19</index>
            <genre source="hm" time="2019-09-29T14:15:00.93+02:00">publicite</genre>
            <genre source="final">publicite</genre>
          </ill>
        </ills>
      </page>
    </pages>
  </contenus>
</doc>