<analyseAlto>
  <metad>
    <type>P</type>
    <ID>bpt6k751480w</ID>
    <titre>Le Siècle</titre>
    <dateEdition>1920-03-16</dateEdition>
    <nbPage>4</nbPage>
    <suppl>FALSE</suppl>
  </metad>
  <contenus>
    <largeur>354</largeur>
    <hauteur>537</hauteur>
    <pages>
      <page ordre="1">
        <nbMot>572</nbMot>
        <blocTexte>20</blocTexte>
        <blocTab>0</blocTab>
        <blocPub>0</blocPub>
        <blocIllustration>0</blocIllustration>
      </page>
      <page ordre="2">
        <nbMot>750</nbMot>
        <blocTexte>39</blocTexte>
        <blocTab>0</blocTab>
        <blocPub>0</blocPub>
        <blocIllustration>3</blocIllustration>
        <ills>
          <ill classif="DFdnn" couleur="gris" edit="1" h="268" n="2-1" pub="1" taille="0" w="676" x="2514" y="3166">
            <leg>g? peucE...</leg>
            <txt>/rvvei-vtfc à PARI5, MAX ViTERBO JUSTiC£</txt>
            <index>g? peucE.../rvvei-vtfc à PARI5, MAX ViTERBO JUSTiC£</index>
            <genre source="hm" time="2019-09-29T14:20:50.707+02:00">publicite</genre>
            <genre source="final">publicite</genre>
          </ill>
        </ills>
      </page>
      <page ordre="3">
        <nbMot>719</nbMot>
        <blocTexte>20</blocTexte>
        <blocTab>0</blocTab>
        <blocPub>0</blocPub>
        <blocIllustration>1</blocIllustration>
        <ills/>
      </page>
      <page ordre="4">
        <nbMot>1203</nbMot>
        <blocTexte>395</blocTexte>
        <blocTab>0</blocTab>
        <blocPub>0</blocPub>
        <blocIllustration>2</blocIllustration>
        <ills/>
      </page>
    </pages>
  </contenus>
</analyseAlto>