<analyseAlto>
  <metad>
    <type>P</type>
    <ID>bpt6k751485s</ID>
    <titre>Le Siècle</titre>
    <dateEdition>1920-03-21</dateEdition>
    <nbPage>4</nbPage>
    <suppl>FALSE</suppl>
  </metad>
  <contenus>
    <largeur>358</largeur>
    <hauteur>540</hauteur>
    <pages>
      <page ordre="1">
        <nbMot>563</nbMot>
        <blocTexte>27</blocTexte>
        <blocTab>0</blocTab>
        <blocPub>0</blocPub>
        <blocIllustration>3</blocIllustration>
        <ills/>
      </page>
      <page ordre="2">
        <nbMot>776</nbMot>
        <blocTexte>37</blocTexte>
        <blocTab>0</blocTab>
        <blocPub>0</blocPub>
        <blocIllustration>2</blocIllustration>
        <ills>
          <ill couleur="gris" edit="1" h="256" n="2-1" pub="1" taille="0" w="746" x="2552" y="2170">
            <leg>ET DOI^VILLE irrflFIïiyp M.. Rozenherg-, qui noua a habitués il 1 llui i S j EJ à l'Athénéo aux plus étonnantes surprises, nous eu. réserve itno nouvelle appelée h taire sensation ùans le monde des théâtres. Mmes Dayaes-Gxassot, l'admirable comédienne, a bien voulu odnseiuttr, sous les pressantes ' ins tances de M.. Rozenberg, k reprendre encore une fols son inoubliable créait!oa de Mme de Trévililiac, la bonne grand'mi-re de la Belle Aventure, la dé licieuse comédie de G.-A. de CaiUavet, H. de Fiers et Etienne Boy, dont l'Importante reprise h l'Athénée s'annonce oomiipe na des événements les plus parisiens de cotte année.</leg>
            <index>ET DOI^VILLE irrflFIïiyp M.. Rozenherg-, qui noua a habitués il 1 llui i S j EJ à l'Athénéo aux plus étonnantes surprises, nous eu. réserve itno nouvelle appelée h taire sensation ùans le monde des théâtres. Mmes Dayaes-Gxassot, l'admirable comédienne, a bien voulu odnseiuttr, sous les pressantes ' ins tances de M.. Rozenberg, k reprendre encore une fols son inoubliable créait!oa de Mme de Trévililiac, la bonne grand'mi-re de la Belle Aventure, la dé licieuse comédie de G.-A. de CaiUavet, H. de Fiers et Etienne Boy, dont l'Importante reprise h l'Athénée s'annonce oomiipe na des événements les plus parisiens de cotte année., « lJ 5 50</index>
            <genre source="hm" time="2019-09-29T14:20:52.732+02:00">publicite</genre>
            <genre source="final">publicite</genre>
          </ill>
        </ills>
      </page>
      <page ordre="3">
        <nbMot>778</nbMot>
        <blocTexte>29</blocTexte>
        <blocTab>0</blocTab>
        <blocPub>0</blocPub>
        <blocIllustration>0</blocIllustration>
      </page>
      <page ordre="4">
        <nbMot>1017</nbMot>
        <blocTexte>289</blocTexte>
        <blocTab>0</blocTab>
        <blocPub>0</blocPub>
        <blocIllustration>0</blocIllustration>
      </page>
    </pages>
  </contenus>
</analyseAlto>