<doc>
  <metad>
    <type>P</type>
    <ID>bpt6k751479z</ID>
    <titre>Le Siècle</titre>
    <dateEdition>1920-03-15</dateEdition>
    <nbPage>4</nbPage>
    <suppl>FALSE</suppl>
  </metad>
  <contenus>
    <largeur>355</largeur>
    <hauteur>538</hauteur>
    <pages>
      <page ordre="1">
        <nbMot>553</nbMot>
        <blocTexte>28</blocTexte>
        <blocTab>0</blocTab>
        <blocPub>0</blocPub>
        <blocIllustration>0</blocIllustration>
      </page>
      <page ordre="2">
        <nbMot>777</nbMot>
        <blocTexte>40</blocTexte>
        <blocTab>0</blocTab>
        <blocPub>0</blocPub>
        <blocIllustration>1</blocIllustration>
        <ills/>
      </page>
      <page ordre="3">
        <nbMot>783</nbMot>
        <blocTexte>35</blocTexte>
        <blocTab>0</blocTab>
        <blocPub>0</blocPub>
        <blocIllustration>2</blocIllustration>
        <ills>
          <ill classif="DFdnn" couleur="gris" edit="1" h="246" n="3-1" pub="1" taille="0" w="676" x="3382" y="5214">
            <leg>ET P0LlC£-v</leg>
            <txt>Aveivte » P^RtS-MI7t.; MAX VfTERBO JUdîiCE</txt>
            <index>ET P0LlC£-vAveivte » P^RtS-MI7t.; MAX VfTERBO JUdîiCE</index>
            <genre source="hm" time="2019-09-29T14:20:17.555+02:00">publicite</genre>
            <genre source="final">publicite</genre>
          </ill>
        </ills>
      </page>
      <page ordre="4">
        <nbMot>1057</nbMot>
        <blocTexte>255</blocTexte>
        <blocTab>0</blocTab>
        <blocPub>0</blocPub>
        <blocIllustration>2</blocIllustration>
        <ills/>
      </page>
    </pages>
  </contenus>
</doc>