<doc>
  <metad>
    <type>P</type>
    <ID>bpt6k751434p</ID>
    <titre>Le Siècle</titre>
    <dateEdition>1920-01-30</dateEdition>
    <nbPage>4</nbPage>
    <suppl>FALSE</suppl>
  </metad>
  <contenus>
    <largeur>357</largeur>
    <hauteur>537</hauteur>
    <pages>
      <page ordre="1">
        <nbMot>597</nbMot>
        <blocTexte>29</blocTexte>
        <blocTab>0</blocTab>
        <blocPub>0</blocPub>
        <blocIllustration>0</blocIllustration>
      </page>
      <page ordre="2">
        <nbMot>763</nbMot>
        <blocTexte>45</blocTexte>
        <blocTab>0</blocTab>
        <blocPub>0</blocPub>
        <blocIllustration>7</blocIllustration>
        <ills/>
      </page>
      <page ordre="3">
        <nbMot>769</nbMot>
        <blocTexte>21</blocTexte>
        <blocTab>0</blocTab>
        <blocPub>0</blocPub>
        <blocIllustration>0</blocIllustration>
      </page>
      <page ordre="4">
        <nbMot>959</nbMot>
        <blocTexte>211</blocTexte>
        <blocTab>0</blocTab>
        <blocPub>0</blocPub>
        <blocIllustration>9</blocIllustration>
        <ills>
          <ill couleur="gris" derniere="true" edit="1" h="1452" n="4-3" pub="1" taille="3" w="1476" x="1824" y="2137">
            <contenuImg CS="1" lang="fr" source="hm" time="2020-04-08T18:10:42.47+02:00">camion</contenuImg>
            <txt>(Au trot att lé). 2b2ù Danseul et Esiber 2=525 Urffe é.. Qualifiée 2825 Narquois et Orpheline ... 2875 Diécço et Violette ,. 2850 Dancourt et. Prétendante . 2850 Robichoïl et Allaha 2850 Barde et Régrann ■2900 Béséda et Jaennine ?,900 Fuschia et Up siroa. ••••• pas y avoir de course, bute au sulky. ■ Je désigne lowa et Jegrana, 5.000 francs. — 2.800 mètres. Prosper Verzole Simonard Carré M I.. Hémard . Vidal Fauré G Masson Bakker car Le Loupillon dé-</txt>
            <index>(Au trot att lé). 2b2ù Danseul et Esiber 2=525 Urffe é.. Qualifiée 2825 Narquois et Orpheline ... 2875 Diécço et Violette ,. 2850 Dancourt et. Prétendante . 2850 Robichoïl et Allaha 2850 Barde et Régrann ■2900 Béséda et Jaennine ?,900 Fuschia et Up siroa. ••••• pas y avoir de course, bute au sulky. ■ Je désigne lowa et Jegrana, 5.000 francs. — 2.800 mètres. Prosper Verzole Simonard Carré M I.. Hémard . Vidal Fauré G Masson Bakker car Le Loupillon dé-</index>
            <genre source="hm" time="2019-09-29T14:15:20.023+02:00">publicite</genre>
            <genre source="final">publicite</genre>
            <contenuImg CS="1" lang="en" source="hm" time="2020-04-08T18:10:42.47+02:00">truck</contenuImg>
          </ill>
        </ills>
      </page>
    </pages>
  </contenus>
</doc>