<doc>
  <metad>
    <type>P</type>
    <ID>bpt6k7514988</ID>
    <titre>Le Siècle</titre>
    <dateEdition>1920-04-03</dateEdition>
    <nbPage>4</nbPage>
    <suppl>FALSE</suppl>
  </metad>
  <contenus>
    <largeur>356</largeur>
    <hauteur>539</hauteur>
    <pages>
      <page ordre="1">
        <nbMot>584</nbMot>
        <blocTexte>26</blocTexte>
        <blocTab>0</blocTab>
        <blocPub>0</blocPub>
        <blocIllustration>0</blocIllustration>
      </page>
      <page ordre="2">
        <nbMot>748</nbMot>
        <blocTexte>48</blocTexte>
        <blocTab>0</blocTab>
        <blocPub>0</blocPub>
        <blocIllustration>1</blocIllustration>
        <ills/>
      </page>
      <page ordre="3">
        <nbMot>744</nbMot>
        <blocTexte>29</blocTexte>
        <blocTab>0</blocTab>
        <blocPub>0</blocPub>
        <blocIllustration>0</blocIllustration>
      </page>
      <page ordre="4">
        <nbMot>1012</nbMot>
        <blocTexte>301</blocTexte>
        <blocTab>0</blocTab>
        <blocPub>0</blocPub>
        <blocIllustration>3</blocIllustration>
        <ills>
          <ill couleur="gris" derniere="true" edit="1" h="1447" n="4-1" pub="1" taille="3" w="1470" x="2582" y="2293">
            <contenuImg CS="1" lang="fr" source="hm" time="2020-04-08T18:10:58.271+02:00">camion</contenuImg>
            <txt>15 » 7 58r- 8 :â\ 13 50 15 «» 6 50 Il :est. très probable que Talce a Step, la bonne poulMie de M. James Hennessy, sem réservée pour le Prix de Diane et', ne disputera pas le prix Iïocquart, s4n propriétaire voù- jant lui'éviter une. nouvelle rencontre avec les mâles de,sa génération. 11 est possible que Hallebardier, l'excel lent , .pouilain de M.  Michel Lazard, disputa le prix de Chevilly, de préféren.ce au prix des Sablons. . ■ i *.w .Voici iiné première liste des- chevaux qui noui' sont déjà- signalés comme devant s» présenter dans les deux. grandes épreuves •de dimanche, à Auteuil. -: • Prise du Président de la République. —-Coq Ga,ulois (\V. Head,  King's Cross (X...), César Auguste (X...), Fonraud (Berteaux), Coup de Canon (X...), Han- (G; Mitcbell), - Mont- Lazon (A. Kaliey), Héliogabalus (E. Hardy), Golliwogi (X;..),. Makurino (R. Sauvai). - . Prix Le Gourzy. — Bassau (X...), Gribouille (W. Heajd), Maid of Hono.ur (Çoyat), Le pi nard (W.. Mitohell), Lux (E. Hardy), Œil de ,Roi (R. 'Sauvai), Michel Ange (Lancaiter),- Calornis (Barré). • 1 m Ariodant, qui ne doit pas disputer le prix, Le Gourzy, se présentera probablement dane le sprix- Trident, demain, à IJngliien, avec fa, anônto de, J;-B. Moreau. ■ . W\i ' - ■ L'entrée sur l'hippodrome ' d'Auteuil sera gratuite dimanche : Au pesage, pour MM. les ôffleiers en set- vice ;..■■■ ' Au pavillon, pour les sous^offleiers ; A la pelôuse, pour les hommes de trouipe.</txt>
            <index>15 » 7 58r- 8 :â\ 13 50 15 «» 6 50 Il :est. très probable que Talce a Step, la bonne poulMie de M. James Hennessy, sem réservée pour le Prix de Diane et', ne disputera pas le prix Iïocquart, s4n propriétaire voù- jant lui'éviter une. nouvelle rencontre avec les mâles de,sa génération. 11 est possible que Hallebardier, l'excel lent , .pouilain de M.  Michel Lazard, disputa le prix de Chevilly, de préféren.ce au prix des Sablons. . ■ i *.w .Voici iiné première liste des- chevaux qui noui' sont déjà- signalés comme devant s» présenter dans les deux. grandes épreuves •de dimanche, à Auteuil. -: • Prise du Président de la République. —-Coq Ga,ulois (\V. Head,  King's Cross (X...), César Auguste (X...), Fonraud (Berteaux), Coup de Canon (X...), Han- (G; Mitcbell), - Mont- Lazon (A. Kaliey), Héliogabalus (E. Hardy), Golliwogi (X;..),. Makurino (R. Sauvai). - . Prix Le Gourzy. — Bassau (X...), Gribouille (W. Heajd), Maid of Hono.ur (Çoyat), Le pi nard (W.. Mitohell), Lux (E. Hardy), Œil de ,Roi (R. 'Sauvai), Michel Ange (Lancaiter),- Calornis (Barré). • 1 m Ariodant, qui ne doit pas disputer le prix, Le Gourzy, se présentera probablement dane le sprix- Trident, demain, à IJngliien, avec fa, anônto de, J;-B. Moreau. ■ . W\i ' - ■ L'entrée sur l'hippodrome ' d'Auteuil sera gratuite dimanche : Au pesage, pour MM. les ôffleiers en set- vice ;..■■■ ' Au pavillon, pour les sous^offleiers ; A la pelôuse, pour les hommes de trouipe.</index>
            <genre source="hm" time="2019-09-29T14:16:48.865+02:00">publicite</genre>
            <genre source="final">publicite</genre>
            <contenuImg CS="1" lang="en" source="hm" time="2020-04-08T18:10:58.271+02:00">truck</contenuImg>
          </ill>
        </ills>
      </page>
    </pages>
  </contenus>
</doc>