<analyseAlto>
  <metad>
    <type>P</type>
    <ID>bpt6k751482n</ID>
    <titre>Le Siècle</titre>
    <dateEdition>1920-03-18</dateEdition>
    <nbPage>4</nbPage>
    <suppl>FALSE</suppl>
  </metad>
  <contenus>
    <largeur>358</largeur>
    <hauteur>539</hauteur>
    <pages>
      <page ordre="1">
        <nbMot>593</nbMot>
        <blocTexte>31</blocTexte>
        <blocTab>0</blocTab>
        <blocPub>0</blocPub>
        <blocIllustration>2</blocIllustration>
        <ills/>
      </page>
      <page ordre="2">
        <nbMot>774</nbMot>
        <blocTexte>34</blocTexte>
        <blocTab>0</blocTab>
        <blocPub>0</blocPub>
        <blocIllustration>1</blocIllustration>
        <ills/>
      </page>
      <page ordre="3">
        <nbMot>762</nbMot>
        <blocTexte>38</blocTexte>
        <blocTab>0</blocTab>
        <blocPub>0</blocPub>
        <blocIllustration>4</blocIllustration>
        <ills>
          <ill classif="DFdnn" couleur="gris" edit="1" h="246" n="3-2" pub="1" taille="0" w="737" x="3308" y="5317">
            <leg>ni quarante mille (un rien !} personnes pu voir la scène en question, pour l'excel lente raison qu'elle n'a jamais existé que dans l'imagination trop fertile du rédacteur de l'Œuvre La. vérité, telle que la p uvent établir des témoins oculaires «t auriculaires, est que le champion de boxe s'approcha du ohef de l'Etat le ctapeau à, la main, ainsi qu'il était de rigueur. Et s'il. remit ensuite sa coiffure, ce fut sur l'invitation expresse du président. Autrement dit, entre le récit du joyeiux humo riste et celui des faits, il y a une légère nuance», •</leg>
            <txt>4V\ve*te à PARIS-^'-t 7 ! • MAX ViTERBO - 4 I JUSTICE</txt>
            <index>ni quarante mille (un rien !} personnes pu voir la scène en question, pour l'excel lente raison qu'elle n'a jamais existé que dans l'imagination trop fertile du rédacteur de l'Œuvre La. vérité, telle que la p uvent établir des témoins oculaires «t auriculaires, est que le champion de boxe s'approcha du ohef de l'Etat le ctapeau à, la main, ainsi qu'il était de rigueur. Et s'il. remit ensuite sa coiffure, ce fut sur l'invitation expresse du président. Autrement dit, entre le récit du joyeiux humo riste et celui des faits, il y a une légère nuance», •4V\ve*te à PARIS-^'-t 7 ! • MAX ViTERBO - 4 I JUSTICE</index>
            <genre source="hm" time="2019-09-29T14:20:55.867+02:00">publicite</genre>
            <genre source="final">publicite</genre>
          </ill>
        </ills>
      </page>
      <page ordre="4">
        <nbMot>878</nbMot>
        <blocTexte>322</blocTexte>
        <blocTab>0</blocTab>
        <blocPub>0</blocPub>
        <blocIllustration>6</blocIllustration>
        <ills/>
      </page>
    </pages>
  </contenus>
</analyseAlto>