<analyseAlto>
  <metad>
    <type>P</type>
    <ID>bpt6k7486976</ID>
    <titre>Le Siècle</titre>
    <dateEdition>1912-06-23</dateEdition>
    <nbPage>6</nbPage>
    <suppl>FALSE</suppl>
  </metad>
  <contenus>
    <largeur>424</largeur>
    <hauteur>591</hauteur>
    <pages>
      <page ordre="1">
        <nbMot>864</nbMot>
        <blocTexte>38</blocTexte>
        <blocTab>0</blocTab>
        <blocPub>0</blocPub>
        <blocIllustration>8</blocIllustration>
        <ills/>
      </page>
      <page ordre="2">
        <nbMot>943</nbMot>
        <blocTexte>48</blocTexte>
        <blocTab>0</blocTab>
        <blocPub>0</blocPub>
        <blocIllustration>6</blocIllustration>
        <ills/>
      </page>
      <page ordre="3">
        <nbMot>704</nbMot>
        <blocTexte>51</blocTexte>
        <blocTab>0</blocTab>
        <blocPub>0</blocPub>
        <blocIllustration>9</blocIllustration>
        <ills/>
      </page>
      <page ordre="4">
        <nbMot>706</nbMot>
        <blocTexte>61</blocTexte>
        <blocTab>0</blocTab>
        <blocPub>0</blocPub>
        <blocIllustration>9</blocIllustration>
        <ills/>
      </page>
      <page ordre="5">
        <nbMot>583</nbMot>
        <blocTexte>58</blocTexte>
        <blocTab>0</blocTab>
        <blocPub>0</blocPub>
        <blocIllustration>18</blocIllustration>
        <ills>
          <ill classif="DFdnn" couleur="gris" edit="1" h="952" n="5-8" pub="1" taille="1" w="857" x="1081" y="4098">
            <contenuImg CS="0.98" h="117" l="92" sexe="P" source="dnn" x="170" y="50">face</contenuImg>
            <txt>ture des bureaux. Confortable. Cabines pouc deux passagers oa tamllles. Bureaux : 889. rue Saint-Honoré ^LASHIPPING GAZETTE^ LE PLUS GRAND JOURNAL Maritime et Commercial dit monde entier Quotidien   12 et 16 pages '! Les dernières nouvelles télégraphiqnea tons les lours, de tous les quartiers au monda abonnement (trimestre) : 32 fr. 7S cent, Bureau ; g, New Street squar e, Uondr» i CAHIOKÎVAGE-LOEAGE î vidange 40 ans môme famille,. Tille du centre^ Belle installation,béiiéf.net 12à 15,OOO.Px65,OOOfr. PPETirJEfl0rM88THtBTBB .1g P' fournir PI PrTRIAIIÈ 1 e' force industr.; éclairage Ciliuli 1 JlIUUlJ à localitésda 1 Hte-Garoune,Meunier re^nerch.100.000 fr.Forc^ . hydr.50 chev. Union Industries,82,r.Hauteville.  LHmprimemr-gérant : V irgile D bhm». - Imorimerie spéciale 'du S1ECLB 117, Rue Réauœwr, Paria, COSTUME MARIN eoutil rayé fcleu et blanc, blouse bouffante, col bleu garni galons blancs, cravate soie, 3 fiuu 719 ms loiiaun Soldé 4.90 BaldA 5.50 Soldé 5.90</txt>
            <index>ture des bureaux. Confortable. Cabines pouc deux passagers oa tamllles. Bureaux : 889. rue Saint-Honoré ^LASHIPPING GAZETTE^ LE PLUS GRAND JOURNAL Maritime et Commercial dit monde entier Quotidien   12 et 16 pages '! Les dernières nouvelles télégraphiqnea tons les lours, de tous les quartiers au monda abonnement (trimestre) : 32 fr. 7S cent, Bureau ; g, New Street squar e, Uondr» i CAHIOKÎVAGE-LOEAGE î vidange 40 ans môme famille,. Tille du centre^ Belle installation,béiiéf.net 12à 15,OOO.Px65,OOOfr. PPETirJEfl0rM88THtBTBB .1g P' fournir PI PrTRIAIIÈ 1 e' force industr.; éclairage Ciliuli 1 JlIUUlJ à localitésda 1 Hte-Garoune,Meunier re^nerch.100.000 fr.Forc^ . hydr.50 chev. Union Industries,82,r.Hauteville.  LHmprimemr-gérant : V irgile D bhm». - Imorimerie spéciale 'du S1ECLB 117, Rue Réauœwr, Paria, COSTUME MARIN eoutil rayé fcleu et blanc, blouse bouffante, col bleu garni galons blancs, cravate soie, 3 fiuu 719 ms loiiaun Soldé 4.90 BaldA 5.50 Soldé 5.90</index>
            <genre source="hm" time="2019-09-28T19:12:58.494+02:00">publicite</genre>
            <genre source="final">publicite</genre>
          </ill>
        </ills>
      </page>
      <page ordre="6">
        <nbMot>2040</nbMot>
        <blocTexte>163</blocTexte>
        <blocTab>0</blocTab>
        <blocPub>0</blocPub>
        <blocIllustration>7</blocIllustration>
        <ills/>
      </page>
    </pages>
  </contenus>
</analyseAlto>