<doc>
  <metad>
    <type>P</type>
    <ID>bpt6k7514517</ID>
    <titre>Le Siècle</titre>
    <dateEdition>1920-02-16</dateEdition>
    <nbPage>4</nbPage>
    <suppl>FALSE</suppl>
  </metad>
  <contenus>
    <largeur>355</largeur>
    <hauteur>537</hauteur>
    <pages>
      <page ordre="1">
        <nbMot>583</nbMot>
        <blocTexte>37</blocTexte>
        <blocTab>0</blocTab>
        <blocPub>0</blocPub>
        <blocIllustration>7</blocIllustration>
        <ills/>
      </page>
      <page ordre="2">
        <nbMot>787</nbMot>
        <blocTexte>52</blocTexte>
        <blocTab>0</blocTab>
        <blocPub>0</blocPub>
        <blocIllustration>1</blocIllustration>
        <ills/>
      </page>
      <page ordre="3">
        <nbMot>727</nbMot>
        <blocTexte>27</blocTexte>
        <blocTab>0</blocTab>
        <blocPub>0</blocPub>
        <blocIllustration>6</blocIllustration>
        <ills>
          <ill classif="DFdnn" couleur="gris" edit="1" h="246" n="3-1" pub="1" taille="0" w="671" x="1849" y="3131">
            <leg>ET POLICE...</leg>
            <txt>Armée et Marine L'APPEL DE LA CLASSE 20 M. Alexandre Israël, député de l'Aube, et un certain nombre de ses collègues ont déposé un amendement au projet d'incorporation de la classe 1920 dans le but de décider que les appelés de cette classe qui ont eu un pire ou un frère tué soùs les drapeaux ou dont le père aura été réformé avec une invalidité de 50 0/0, bénéficieront d'une réduction de service mili taire d'une durée de six mois. Cette disposition serait (galcmmt applica» ble aux jeunes gens ayant contracté un enga gement volontaire pour la durée de la guerre LES CONSCRITS DE LA CLASSE 20 QUI POURP.ONT CHOISIR LEUR CORPS Les jeunes gens faisant partie *du contin gent à incorporer prochainement et dont le père ou deux,itères ont été tués à l'ennemi, sont morts de leurs blessures ou sont dispa rus, et les fils aînés : d'une famille de six en fants au moins dont la pire est décédé, sont autorisés à fournir au commandant du bureau de recrutement dont ils dépendent une liste indiquant, par ordre dis préférence, les armes dans lesquelles ils désirent être incorporés et le corps de ces armes.' Satisfaction leur sera-donnée s'ils remplis sent les conditions tfaptitude physique ou professionnelle exigées pour l'arme choisie et si le bureau jle recrutement dont ils relèvent fournit un ■contingent ; à l'arme ou au corps demandé. \ , Les intéressés justifieront qu'ils sont en si tuation de bénéficier des dispositions ci-dessus par la production d'une pièce délivrée, wr le maire attestant leur situation</txt>
            <index>ET POLICE...Armée et Marine L'APPEL DE LA CLASSE 20 M. Alexandre Israël, député de l'Aube, et un certain nombre de ses collègues ont déposé un amendement au projet d'incorporation de la classe 1920 dans le but de décider que les appelés de cette classe qui ont eu un pire ou un frère tué soùs les drapeaux ou dont le père aura été réformé avec une invalidité de 50 0/0, bénéficieront d'une réduction de service mili taire d'une durée de six mois. Cette disposition serait (galcmmt applica» ble aux jeunes gens ayant contracté un enga gement volontaire pour la durée de la guerre LES CONSCRITS DE LA CLASSE 20 QUI POURP.ONT CHOISIR LEUR CORPS Les jeunes gens faisant partie *du contin gent à incorporer prochainement et dont le père ou deux,itères ont été tués à l'ennemi, sont morts de leurs blessures ou sont dispa rus, et les fils aînés : d'une famille de six en fants au moins dont la pire est décédé, sont autorisés à fournir au commandant du bureau de recrutement dont ils dépendent une liste indiquant, par ordre dis préférence, les armes dans lesquelles ils désirent être incorporés et le corps de ces armes.' Satisfaction leur sera-donnée s'ils remplis sent les conditions tfaptitude physique ou professionnelle exigées pour l'arme choisie et si le bureau jle recrutement dont ils relèvent fournit un ■contingent ; à l'arme ou au corps demandé. \ , Les intéressés justifieront qu'ils sont en si tuation de bénéficier des dispositions ci-dessus par la production d'une pièce délivrée, wr le maire attestant leur situation</index>
            <genre source="hm" time="2019-09-29T14:15:55.832+02:00">publicite</genre>
            <genre source="final">publicite</genre>
          </ill>
        </ills>
      </page>
      <page ordre="4">
        <nbMot>1193</nbMot>
        <blocTexte>519</blocTexte>
        <blocTab>0</blocTab>
        <blocPub>0</blocPub>
        <blocIllustration>3</blocIllustration>
        <ills/>
      </page>
    </pages>
  </contenus>
</doc>