<analyseAlto>
  <metad>
    <type>P</type>
    <ID>bpt6k7514564</ID>
    <titre>Le Siècle</titre>
    <dateEdition>1920-02-21</dateEdition>
    <nbPage>4</nbPage>
    <suppl>FALSE</suppl>
  </metad>
  <contenus>
    <largeur>356</largeur>
    <hauteur>538</hauteur>
    <pages>
      <page ordre="1">
        <nbMot>596</nbMot>
        <blocTexte>31</blocTexte>
        <blocTab>0</blocTab>
        <blocPub>0</blocPub>
        <blocIllustration>0</blocIllustration>
      </page>
      <page ordre="2">
        <nbMot>774</nbMot>
        <blocTexte>46</blocTexte>
        <blocTab>0</blocTab>
        <blocPub>0</blocPub>
        <blocIllustration>2</blocIllustration>
        <ills/>
      </page>
      <page ordre="3">
        <nbMot>725</nbMot>
        <blocTexte>29</blocTexte>
        <blocTab>0</blocTab>
        <blocPub>0</blocPub>
        <blocIllustration>2</blocIllustration>
        <ills>
          <ill classif="DFdnn" couleur="gris" edit="1" h="249" n="3-1" pub="1" taille="0" w="678" x="1829" y="2817">
            <leg>ET POUCE...</leg>
            <txt>ne JVSTiCE</txt>
            <index>ET POUCE...ne JVSTiCE</index>
            <genre source="hm" time="2019-09-29T14:16:04.474+02:00">publicite</genre>
            <genre source="final">publicite</genre>
            <genre source="hm" time="2019-09-29T14:16:09.384+02:00">publicite</genre>
          </ill>
        </ills>
      </page>
      <page ordre="4">
        <nbMot>1369</nbMot>
        <blocTexte>417</blocTexte>
        <blocTab>0</blocTab>
        <blocPub>0</blocPub>
        <blocIllustration>0</blocIllustration>
      </page>
    </pages>
  </contenus>
</analyseAlto>