<doc>
  <metad>
    <type>P</type>
    <ID>bpt6k751559k</ID>
    <titre>Le Siècle</titre>
    <dateEdition>1920-06-03</dateEdition>
    <nbPage>4</nbPage>
    <suppl>FALSE</suppl>
  </metad>
  <contenus>
    <largeur>359</largeur>
    <hauteur>537</hauteur>
    <pages>
      <page ordre="1">
        <nbMot>609</nbMot>
        <blocTexte>30</blocTexte>
        <blocTab>0</blocTab>
        <blocPub>0</blocPub>
        <blocIllustration>0</blocIllustration>
      </page>
      <page ordre="2">
        <nbMot>798</nbMot>
        <blocTexte>34</blocTexte>
        <blocTab>0</blocTab>
        <blocPub>0</blocPub>
        <blocIllustration>2</blocIllustration>
        <ills/>
      </page>
      <page ordre="3">
        <nbMot>776</nbMot>
        <blocTexte>17</blocTexte>
        <blocTab>0</blocTab>
        <blocPub>0</blocPub>
        <blocIllustration>1</blocIllustration>
        <ills/>
      </page>
      <page ordre="4">
        <nbMot>1000</nbMot>
        <blocTexte>311</blocTexte>
        <blocTab>0</blocTab>
        <blocPub>0</blocPub>
        <blocIllustration>5</blocIllustration>
        <ills>
          <ill couleur="gris" derniere="true" edit="1" h="962" n="4-1" pub="1" taille="2" w="1472" x="2581" y="4123">
            <contenuImg CS="1" lang="fr" source="hm" time="2020-04-08T18:11:22.219+02:00">camion</contenuImg>
            <txt>PRIX DE COURCÇLLES A réclamer. — 5.000 francs. — 3.000 mètres ' E. Teisse't â Qu'il-est B.20000 62 P. Lamétairie ........ i Corbulon ,.20(X \) 62 . G.   Gauthier 5 Peisév. II..20000 60J ; L. Eschenauer i...... 4'Bathylle ....20000 60J F. Grumetz. ... ; 4 Tiestri .....20000 60§ P. Parot : 4 Lorette.Vl ,12000 56* D. I-ieiff 3 Dunkerquo .20000 53 B.. Roupnel .......... 3 Lord' Batti.20000 53 J.-L. Noumez 3 Maynade ..20000 51$ Bon E. de Rothschild. 3 Bubale ....20000 514 A.-J. Moreau 3 Imcrida . .-.20QQ0 51? PRIX DE MONTFORT .i ' , 10.000 francs. — 2.000 mètres •R. Levylier 4 Seed el Bark -'i.. 57$ Jean Prat â Mu'raussan' ..... 5?î F. Grumetz 4 P.osolin 57* .1-1. Balsan, ....i.A Astypalée ...... 56 Bon E.-de Hothschild 4 Lupércâlo ....i. 50 R. Haymahn 5 Golliwog ....... 55 A. Eknayan 5 Eckmùlil ..'... 55 A. Eknayan 5 Princé Errant . D5 PRIX DE SAINT GEORGES 15..000 francs. — 2.200 mètres ,E. Morgon 3 Sapristi ...  57A G. Christophe 3 Libre Pillard ... 54 E. Morgôn 3 La Palisse ..... 54 j- Ch. Liénart 3 Mal .Luné 54 '■ A.-K.- Macomber 3 Blirid Fate 52J Cte de la Cimera 3 Chaîne d'Or .... 52J A. Aumont ...' 3 Cumulus ....... 52 Jean Stern — 3 Le Rêve 52 M. Marghiloman ..... 3 Mangalia 50J' J.-D. Cohn 3 Sund's Star .... 50J PRIX DES ACACIAS . 25.000 francs.,— 1.800 mètees Ch. Deteyer   3 Poudro 58 W.-K. Vanderbilt .... 3 Courtall ....... 58 W.-K. Vanderbilt .... 3 SilTCrcreck 58 Jean Prat ........... 3 Calabar 58 .H. -Magnard 3 Clean Sweep ... 58 F. Carter 3 Pinsk 58 T. Tabard 3 Bez 194-A - Liquidation des Stocks ,sl,  ' B0U, -+l. E tIliÇ K ,n,s «-» 16» Vente d'Automobiles américaines à CLICHY de 8 camions (Nash Quad,A.S. Packard, U.S.A.-C.M.C.), 1 touriste, 3 remorqués, exposés au «Champ-de-Mars à Paris, ot de 14 camions (Liberty, A.S. Packard), 1 remorque, 7 touristes (Dafinler, Cadillac, Dodge, Ford), — 1 lot de ia totalité (8.000 environ) des bouteilles à acéty lène dissous « Magondeaux s type moto, 250 litres, stockées dans les différents Parcs américains, nombreux lois de pneus et bandages neufs et usagés, dimen sions diverses, lots importants de pièces détachées, exposés à Clichy de 9 h.à midi, et de 13 h. 30 à 16 h. les jours ouvrables, du 8 au 15 juin 1920, jour de l'adjudica tion qui aura lieu conformément au Règlement du 1 er avril 1920. Les soumissions pour cette v'ente seront reçues aux Parcs de Clichy et du Champ- de-Mars, à Paris. Renseignements au Parc de vente ou 70, av. do La Bourdonnais, Paris Tél. Saxe 76-57</txt>
            <index>PRIX DE COURCÇLLES A réclamer. — 5.000 francs. — 3.000 mètres ' E. Teisse't â Qu'il-est B.20000 62 P. Lamétairie ........ i Corbulon ,.20(X \) 62 . G.   Gauthier 5 Peisév. II..20000 60J ; L. Eschenauer i...... 4'Bathylle ....20000 60J F. Grumetz. ... ; 4 Tiestri .....20000 60§ P. Parot : 4 Lorette.Vl ,12000 56* D. I-ieiff 3 Dunkerquo .20000 53 B.. Roupnel .......... 3 Lord' Batti.20000 53 J.-L. Noumez 3 Maynade ..20000 51$ Bon E. de Rothschild. 3 Bubale ....20000 514 A.-J. Moreau 3 Imcrida . .-.20QQ0 51? PRIX DE MONTFORT .i ' , 10.000 francs. — 2.000 mètres •R. Levylier 4 Seed el Bark -'i.. 57$ Jean Prat â Mu'raussan' ..... 5?î F. Grumetz 4 P.osolin 57* .1-1. Balsan, ....i.A Astypalée ...... 56 Bon E.-de Hothschild 4 Lupércâlo ....i. 50 R. Haymahn 5 Golliwog ....... 55 A. Eknayan 5 Eckmùlil ..'... 55 A. Eknayan 5 Princé Errant . D5 PRIX DE SAINT GEORGES 15..000 francs. — 2.200 mètres ,E. Morgon 3 Sapristi ...  57A G. Christophe 3 Libre Pillard ... 54 E. Morgôn 3 La Palisse ..... 54 j- Ch. Liénart 3 Mal .Luné 54 '■ A.-K.- Macomber 3 Blirid Fate 52J Cte de la Cimera 3 Chaîne d'Or .... 52J A. Aumont ...' 3 Cumulus ....... 52 Jean Stern — 3 Le Rêve 52 M. Marghiloman ..... 3 Mangalia 50J' J.-D. Cohn 3 Sund's Star .... 50J PRIX DES ACACIAS . 25.000 francs.,— 1.800 mètees Ch. Deteyer   3 Poudro 58 W.-K. Vanderbilt .... 3 Courtall ....... 58 W.-K. Vanderbilt .... 3 SilTCrcreck 58 Jean Prat ........... 3 Calabar 58 .H. -Magnard 3 Clean Sweep ... 58 F. Carter 3 Pinsk 58 T. Tabard 3 Bez 194-A - Liquidation des Stocks ,sl,  ' B0U, -+l. E tIliÇ K ,n,s «-» 16» Vente d'Automobiles américaines à CLICHY de 8 camions (Nash Quad,A.S. Packard, U.S.A.-C.M.C.), 1 touriste, 3 remorqués, exposés au «Champ-de-Mars à Paris, ot de 14 camions (Liberty, A.S. Packard), 1 remorque, 7 touristes (Dafinler, Cadillac, Dodge, Ford), — 1 lot de ia totalité (8.000 environ) des bouteilles à acéty lène dissous « Magondeaux s type moto, 250 litres, stockées dans les différents Parcs américains, nombreux lois de pneus et bandages neufs et usagés, dimen sions diverses, lots importants de pièces détachées, exposés à Clichy de 9 h.à midi, et de 13 h. 30 à 16 h. les jours ouvrables, du 8 au 15 juin 1920, jour de l'adjudica tion qui aura lieu conformément au Règlement du 1 er avril 1920. Les soumissions pour cette v'ente seront reçues aux Parcs de Clichy et du Champ- de-Mars, à Paris. Renseignements au Parc de vente ou 70, av. do La Bourdonnais, Paris Tél. Saxe 76-57</index>
            <genre source="hm" time="2019-09-29T14:17:23.024+02:00">publicite</genre>
            <genre source="final">publicite</genre>
            <contenuImg CS="1" lang="en" source="hm" time="2020-04-08T18:11:22.219+02:00">truck</contenuImg>
          </ill>
          <ill couleur="gris" derniere="true" edit="1" h="293" n="4-3" pub="1" taille="0" w="622" x="2674" y="5619">
            <txt>PRIX DE COURCÇLLES A réclamer. — 5.000 francs. — 3.000 mètres ' E. Teisse't â Qu'il-est B.20000 62 P. Lamétairie ........ i Corbulon ,.20(X \) 62 . G.   Gauthier 5 Peisév. II..20000 60J ; L. Eschenauer i...... 4'Bathylle ....20000 60J F. Grumetz. ... ; 4 Tiestri .....20000 60§ P. Parot : 4 Lorette.Vl ,12000 56* D. I-ieiff 3 Dunkerquo .20000 53 B.. Roupnel .......... 3 Lord' Batti.20000 53 J.-L. Noumez 3 Maynade ..20000 51$ Bon E. de Rothschild. 3 Bubale ....20000 514 A.-J. Moreau 3 Imcrida . .-.20QQ0 51? PRIX DE MONTFORT .i ' , 10.000 francs. — 2.000 mètres •R. Levylier 4 Seed el Bark -'i.. 57$ Jean Prat â Mu'raussan' ..... 5?î F. Grumetz 4 P.osolin 57* .1-1. Balsan, ....i.A Astypalée ...... 56 Bon E.-de Hothschild 4 Lupércâlo ....i. 50 R. Haymahn 5 Golliwog ....... 55 A. Eknayan 5 Eckmùlil ..'... 55 A. Eknayan 5 Princé Errant . D5 PRIX DE SAINT GEORGES 15..000 francs. — 2.200 mètres ,E. Morgon 3 Sapristi ...  57A G. Christophe 3 Libre Pillard ... 54 E. Morgôn 3 La Palisse ..... 54 j- Ch. Liénart 3 Mal .Luné 54 '■ A.-K.- Macomber 3 Blirid Fate 52J Cte de la Cimera 3 Chaîne d'Or .... 52J A. Aumont ...' 3 Cumulus ....... 52 Jean Stern — 3 Le Rêve 52 M. Marghiloman ..... 3 Mangalia 50J' J.-D. Cohn 3 Sund's Star .... 50J PRIX DES ACACIAS . 25.000 francs.,— 1.800 mètees Ch. Deteyer   3 Poudro 58 W.-K. Vanderbilt .... 3 Courtall ....... 58 W.-K. Vanderbilt .... 3 SilTCrcreck 58 Jean Prat ........... 3 Calabar 58 .H. -Magnard 3 Clean Sweep ... 58 F. Carter 3 Pinsk 58 T. Tabard 3 Bez 194-A - Liquidation des Stocks ,sl,  ' B0U, -+l. E tIliÇ K ,n,s «-» 16» Vente d'Automobiles américaines à CLICHY de 8 camions (Nash Quad,A.S. Packard, U.S.A.-C.M.C.), 1 touriste, 3 remorqués, exposés au «Champ-de-Mars à Paris, ot de 14 camions (Liberty, A.S. Packard), 1 remorque, 7 touristes (Dafinler, Cadillac, Dodge, Ford), — 1 lot de ia totalité (8.000 environ) des bouteilles à acéty lène dissous « Magondeaux s type moto, 250 litres, stockées dans les différents Parcs américains, nombreux lois de pneus et bandages neufs et usagés, dimen sions diverses, lots importants de pièces détachées, exposés à Clichy de 9 h.à midi, et de 13 h. 30 à 16 h. les jours ouvrables, du 8 au 15 juin 1920, jour de l'adjudica tion qui aura lieu conformément au Règlement du 1 er avril 1920. Les soumissions pour cette v'ente seront reçues aux Parcs de Clichy et du Champ- de-Mars, à Paris. Renseignements au Parc de vente ou 70, av. do La Bourdonnais, Paris Tél. Saxe 76-57</txt>
            <index>PRIX DE COURCÇLLES A réclamer. — 5.000 francs. — 3.000 mètres ' E. Teisse't â Qu'il-est B.20000 62 P. Lamétairie ........ i Corbulon ,.20(X \) 62 . G.   Gauthier 5 Peisév. II..20000 60J ; L. Eschenauer i...... 4'Bathylle ....20000 60J F. Grumetz. ... ; 4 Tiestri .....20000 60§ P. Parot : 4 Lorette.Vl ,12000 56* D. I-ieiff 3 Dunkerquo .20000 53 B.. Roupnel .......... 3 Lord' Batti.20000 53 J.-L. Noumez 3 Maynade ..20000 51$ Bon E. de Rothschild. 3 Bubale ....20000 514 A.-J. Moreau 3 Imcrida . .-.20QQ0 51? PRIX DE MONTFORT .i ' , 10.000 francs. — 2.000 mètres •R. Levylier 4 Seed el Bark -'i.. 57$ Jean Prat â Mu'raussan' ..... 5?î F. Grumetz 4 P.osolin 57* .1-1. Balsan, ....i.A Astypalée ...... 56 Bon E.-de Hothschild 4 Lupércâlo ....i. 50 R. Haymahn 5 Golliwog ....... 55 A. Eknayan 5 Eckmùlil ..'... 55 A. Eknayan 5 Princé Errant . D5 PRIX DE SAINT GEORGES 15..000 francs. — 2.200 mètres ,E. Morgon 3 Sapristi ...  57A G. Christophe 3 Libre Pillard ... 54 E. Morgôn 3 La Palisse ..... 54 j- Ch. Liénart 3 Mal .Luné 54 '■ A.-K.- Macomber 3 Blirid Fate 52J Cte de la Cimera 3 Chaîne d'Or .... 52J A. Aumont ...' 3 Cumulus ....... 52 Jean Stern — 3 Le Rêve 52 M. Marghiloman ..... 3 Mangalia 50J' J.-D. Cohn 3 Sund's Star .... 50J PRIX DES ACACIAS . 25.000 francs.,— 1.800 mètees Ch. Deteyer   3 Poudro 58 W.-K. Vanderbilt .... 3 Courtall ....... 58 W.-K. Vanderbilt .... 3 SilTCrcreck 58 Jean Prat ........... 3 Calabar 58 .H. -Magnard 3 Clean Sweep ... 58 F. Carter 3 Pinsk 58 T. Tabard 3 Bez 194-A - Liquidation des Stocks ,sl,  ' B0U, -+l. E tIliÇ K ,n,s «-» 16» Vente d'Automobiles américaines à CLICHY de 8 camions (Nash Quad,A.S. Packard, U.S.A.-C.M.C.), 1 touriste, 3 remorqués, exposés au «Champ-de-Mars à Paris, ot de 14 camions (Liberty, A.S. Packard), 1 remorque, 7 touristes (Dafinler, Cadillac, Dodge, Ford), — 1 lot de ia totalité (8.000 environ) des bouteilles à acéty lène dissous « Magondeaux s type moto, 250 litres, stockées dans les différents Parcs américains, nombreux lois de pneus et bandages neufs et usagés, dimen sions diverses, lots importants de pièces détachées, exposés à Clichy de 9 h.à midi, et de 13 h. 30 à 16 h. les jours ouvrables, du 8 au 15 juin 1920, jour de l'adjudica tion qui aura lieu conformément au Règlement du 1 er avril 1920. Les soumissions pour cette v'ente seront reçues aux Parcs de Clichy et du Champ- de-Mars, à Paris. Renseignements au Parc de vente ou 70, av. do La Bourdonnais, Paris Tél. Saxe 76-57</index>
            <genre source="hm" time="2019-09-29T14:22:14.574+02:00">publicite</genre>
            <genre source="final">publicite</genre>
          </ill>
        </ills>
      </page>
    </pages>
  </contenus>
</doc>