<doc>
  <metad>
    <type>P</type>
    <ID>bpt6k751741t</ID>
    <titre>Le Siècle</titre>
    <dateEdition>1920-12-03</dateEdition>
    <nbPage>4</nbPage>
    <suppl>FALSE</suppl>
  </metad>
  <contenus>
    <largeur>361</largeur>
    <hauteur>542</hauteur>
    <pages>
      <page ordre="1">
        <nbMot>633</nbMot>
        <blocTexte>43</blocTexte>
        <blocTab>0</blocTab>
        <blocPub>0</blocPub>
        <blocIllustration>0</blocIllustration>
      </page>
      <page ordre="2">
        <nbMot>807</nbMot>
        <blocTexte>40</blocTexte>
        <blocTab>0</blocTab>
        <blocPub>0</blocPub>
        <blocIllustration>2</blocIllustration>
        <ills/>
      </page>
      <page ordre="3">
        <nbMot>833</nbMot>
        <blocTexte>20</blocTexte>
        <blocTab>0</blocTab>
        <blocPub>0</blocPub>
        <blocIllustration>0</blocIllustration>
      </page>
      <page ordre="4">
        <nbMot>1238</nbMot>
        <blocTexte>401</blocTexte>
        <blocTab>0</blocTab>
        <blocPub>0</blocPub>
        <blocIllustration>2</blocIllustration>
        <ills>
          <ill couleur="gris" derniere="true" edit="1" h="560" n="4-2" pub="1" taille="0" w="677" x="3412" y="3403">
            <txt>- 4»MAISO NS de VENTE A PARIS ■ MA/SON oe VENTE PR/NC/PALC : I25.Rue LecourbetXVîi^S^?^ PARIS LIT TOUTCUEVRE âros Piliers carrés flODCLElf.N.t</txt>
            <index>- 4»MAISO NS de VENTE A PARIS ■ MA/SON oe VENTE PR/NC/PALC : I25.Rue LecourbetXVîi^S^?^ PARIS LIT TOUTCUEVRE âros Piliers carrés flODCLElf.N.t</index>
            <genre source="hm" time="2019-09-29T14:29:19.263+02:00">publicite</genre>
            <genre source="final">publicite</genre>
          </ill>
        </ills>
      </page>
    </pages>
  </contenus>
</doc>