<analyseAlto>
  <metad>
    <type>P</type>
    <ID>bpt6k7513707</ID>
    <titre>Le Siècle</titre>
    <dateEdition>1919-11-05</dateEdition>
    <nbPage>4</nbPage>
    <suppl>FALSE</suppl>
  </metad>
  <contenus>
    <largeur>355</largeur>
    <hauteur>531</hauteur>
    <pages>
      <page ordre="1">
        <nbMot>550</nbMot>
        <blocTexte>37</blocTexte>
        <blocTab>0</blocTab>
        <blocPub>0</blocPub>
        <blocIllustration>9</blocIllustration>
        <ills/>
      </page>
      <page ordre="2">
        <nbMot>761</nbMot>
        <blocTexte>26</blocTexte>
        <blocTab>0</blocTab>
        <blocPub>0</blocPub>
        <blocIllustration>4</blocIllustration>
        <ills/>
      </page>
      <page ordre="3">
        <nbMot>639</nbMot>
        <blocTexte>27</blocTexte>
        <blocTab>0</blocTab>
        <blocPub>0</blocPub>
        <blocIllustration>4</blocIllustration>
        <ills>
          <ill couleur="gris" edit="1" h="1090" n="3-1" pub="1" taille="3" w="1492" x="2626" y="1874">
            <contenuImg CS="1" lang="fr" source="hm" time="2020-04-08T18:09:50.314+02:00">camion</contenuImg>
            <leg>NOUVEAU C.B.A:</leg>
            <txt>vail », « la réorganisation de décentrait, ■ sation administrative  t. C'est un programme politique, d'anti- étatieme mais d'un programme économi que le document n'a. que le titre Et cependant l'Union des intérêts éco nomiques « a conscience d'avoir apporté un programme qui s'inspire des intérêts primordiaux et pérmanentt de là France o Nous le soumettons, diuelh, avec con fiance aux électeurs convaincus qu'en le proposant nous \avons rempli un devoir: civique,.. » et travaillé « efficacement ai/, bon renom et à la prospérité (fe la pa trie... » Mais .n'en déplaise aux rédacteurs du manifeste, je vois bien qu'un tel program me s'inspire des intérêts primordiaux et permanents de tous eeux qu'efrayèrent jadis les projets Cochery, mais fe le croix parfaitement. insuffisant, impuissant, à donner à nos qouvernants de demain les directives qu'ils sont en droit de réclamer de novs pour travailler efficacement é la prospérité de la patrie. Le programme économique de la nation ne peut pais être seulement le programme) de défense d'une classe d'intérêts. . Etienne Antcnel 'i. VITTEL Grande Source Répjme km Arthriticrue® EVITER TOUTE SUBSTITUTION</txt>
            <index>NOUVEAU C.B.A:vail », « la réorganisation de décentrait, ■ sation administrative  t. C'est un programme politique, d'anti- étatieme mais d'un programme économi que le document n'a. que le titre Et cependant l'Union des intérêts éco nomiques « a conscience d'avoir apporté un programme qui s'inspire des intérêts primordiaux et pérmanentt de là France o Nous le soumettons, diuelh, avec con fiance aux électeurs convaincus qu'en le proposant nous \avons rempli un devoir: civique,.. » et travaillé « efficacement ai/, bon renom et à la prospérité (fe la pa trie... » Mais .n'en déplaise aux rédacteurs du manifeste, je vois bien qu'un tel program me s'inspire des intérêts primordiaux et permanents de tous eeux qu'efrayèrent jadis les projets Cochery, mais fe le croix parfaitement. insuffisant, impuissant, à donner à nos qouvernants de demain les directives qu'ils sont en droit de réclamer de novs pour travailler efficacement é la prospérité de la patrie. Le programme économique de la nation ne peut pais être seulement le programme) de défense d'une classe d'intérêts. . Etienne Antcnel 'i. VITTEL Grande Source Répjme km Arthriticrue® EVITER TOUTE SUBSTITUTION</index>
            <genre source="hm" time="2019-09-29T14:11:37.596+02:00">publicite</genre>
            <genre source="final">publicite</genre>
            <contenuImg CS="1" lang="en" source="hm" time="2020-04-08T18:09:50.314+02:00">truck</contenuImg>
          </ill>
          <ill couleur="gris" edit="1" h="354" n="3-3" pub="1" taille="0" w="776" x="2656" y="3648">
            <leg>259, Avenue Derlhtffok LYON IU.Av.iM Champ* FAIMS</leg>
            <txt>fié 5I.OOO Fra nos</txt>
            <index>259, Avenue Derlhtffok LYON IU.Av.iM Champ* FAIMSfié 5I.OOO Fra nos</index>
            <genre source="hm" time="2019-09-29T14:11:42.744+02:00">publicite</genre>
            <genre source="final">publicite</genre>
          </ill>
        </ills>
      </page>
      <page ordre="4">
        <nbMot>1197</nbMot>
        <blocTexte>182</blocTexte>
        <blocTab>0</blocTab>
        <blocPub>0</blocPub>
        <blocIllustration>1</blocIllustration>
        <ills/>
      </page>
    </pages>
  </contenus>
</analyseAlto>