<analyseAlto>
  <metad>
    <type>P</type>
    <ID>bpt6k751423z</ID>
    <titre>Le Siècle</titre>
    <dateEdition>1920-01-19</dateEdition>
    <nbPage>4</nbPage>
    <suppl>FALSE</suppl>
  </metad>
  <contenus>
    <largeur>353</largeur>
    <hauteur>538</hauteur>
    <pages>
      <page ordre="1">
        <nbMot>606</nbMot>
        <blocTexte>23</blocTexte>
        <blocTab>0</blocTab>
        <blocPub>0</blocPub>
        <blocIllustration>1</blocIllustration>
        <ills/>
      </page>
      <page ordre="2">
        <nbMot>770</nbMot>
        <blocTexte>41</blocTexte>
        <blocTab>0</blocTab>
        <blocPub>0</blocPub>
        <blocIllustration>4</blocIllustration>
        <ills/>
      </page>
      <page ordre="3">
        <nbMot>555</nbMot>
        <blocTexte>21</blocTexte>
        <blocTab>0</blocTab>
        <blocPub>0</blocPub>
        <blocIllustration>5</blocIllustration>
        <ills>
          <ill couleur="gris" edit="1" h="917" n="3-4" pub="1" taille="3" w="2069" x="1833" y="3141">
            <leg>aura lieu Mardi Q Février</leg>
            <txt>1 »MU</txt>
            <index>aura lieu Mardi Q Février1 »MU</index>
            <genre source="hm" time="2019-09-29T14:14:58.676+02:00">publicite</genre>
            <genre source="final">publicite</genre>
          </ill>
          <ill couleur="gris" edit="1" h="961" n="3-5" pub="1" taille="3" w="2104" x="1805" y="3107">
            <txt>AGENDA P.-L.-M, Publication de luxe Merveilleusement illustrée le 12 hors-texte en couleurs et de plus de 250 reproductions en simili-gravure et de dessins à la plume- En vente, 4 francs : à l'Agence P.-L.-M de Renseignements, 88, rue Saint-Lazare, à Pa ris ; à la Gare de Paris-Lyon (bureau de ren seignements et bibliothèques) ; dans les bu reaux-succursales, toutes les gares et biblio thèques des gares du réseau P.-L.-M., au rayon de la papeterie des grands magasins du Bon Marché, du Louvre, du Printemps, des Galeries Lafayette, des Trois Quartiers, ôtc à Pûris L'Agenda P.-L.-M est aussi envoyé à domi cile, sûr dmande adressée au Service de la Publicité de la Compagnie P.-L.-M, 20, bou levard Diderot, à Paris, et accompagnée de 4 fr 60 (mandat-poste ou timbres) pour les envois !  destination de la France, et de   fr. 05 (mandat-poste international) pour ceux à destination da l'étranger.</txt>
            <index>AGENDA P.-L.-M, Publication de luxe Merveilleusement illustrée le 12 hors-texte en couleurs et de plus de 250 reproductions en simili-gravure et de dessins à la plume- En vente, 4 francs : à l'Agence P.-L.-M de Renseignements, 88, rue Saint-Lazare, à Pa ris ; à la Gare de Paris-Lyon (bureau de ren seignements et bibliothèques) ; dans les bu reaux-succursales, toutes les gares et biblio thèques des gares du réseau P.-L.-M., au rayon de la papeterie des grands magasins du Bon Marché, du Louvre, du Printemps, des Galeries Lafayette, des Trois Quartiers, ôtc à Pûris L'Agenda P.-L.-M est aussi envoyé à domi cile, sûr dmande adressée au Service de la Publicité de la Compagnie P.-L.-M, 20, bou levard Diderot, à Paris, et accompagnée de 4 fr 60 (mandat-poste ou timbres) pour les envois !  destination de la France, et de   fr. 05 (mandat-poste international) pour ceux à destination da l'étranger.</index>
            <genre source="hm" time="2019-09-29T14:19:44.945+02:00">publicite</genre>
            <genre source="final">publicite</genre>
          </ill>
        </ills>
      </page>
      <page ordre="4">
        <nbMot>1050</nbMot>
        <blocTexte>356</blocTexte>
        <blocTab>0</blocTab>
        <blocPub>0</blocPub>
        <blocIllustration>3</blocIllustration>
        <ills/>
      </page>
    </pages>
  </contenus>
</analyseAlto>