<doc>
  <metad>
    <type>P</type>
    <ID>bpt6k748258z</ID>
    <titre>Le Siècle</titre>
    <dateEdition>1911-04-02</dateEdition>
    <nbPage>4</nbPage>
    <suppl>FALSE</suppl>
  </metad>
  <contenus>
    <largeur>520</largeur>
    <hauteur>690</hauteur>
    <pages>
      <page ordre="1">
        <nbMot>1201</nbMot>
        <blocTexte>46</blocTexte>
        <blocTab>0</blocTab>
        <blocPub>0</blocPub>
        <blocIllustration>6</blocIllustration>
        <ills/>
      </page>
      <page ordre="2">
        <nbMot>1258</nbMot>
        <blocTexte>46</blocTexte>
        <blocTab>0</blocTab>
        <blocPub>0</blocPub>
        <blocIllustration>8</blocIllustration>
        <ills/>
      </page>
      <page ordre="3">
        <nbMot>1029</nbMot>
        <blocTexte>98</blocTexte>
        <blocTab>0</blocTab>
        <blocPub>0</blocPub>
        <blocIllustration>22</blocIllustration>
        <ills>
          <ill classif="DFdnn" couleur="gris" edit="1" h="843" n="3-9" pub="1" taille="0" w="548" x="3516" y="2556">
            <leg>T?7/Î77 ?P en do laine, JPJ.UU .U dispositions et nua-ncos nouyelIô8, garnie* guipure, /v guimpo tuilo brodé O '</leg>
            <txt>1 PARIS. —■ Faubourg Saint-Denis et ru© de Paradis. — PARIS Demain LUNDI 3 AVRIL et jours suivants EXPOSITION des HOUVEAOT£S D'ÉTÉ OCCASIONS REMAUQUABLES A TOUS LES COMPTOIRS .</txt>
            <index>T?7/Î77 ?P en do laine, JPJ.UU .U dispositions et nua-ncos nouyelIô8, garnie* guipure, /v guimpo tuilo brodé O '1 PARIS. —■ Faubourg Saint-Denis et ru© de Paradis. — PARIS Demain LUNDI 3 AVRIL et jours suivants EXPOSITION des HOUVEAOT£S D'ÉTÉ OCCASIONS REMAUQUABLES A TOUS LES COMPTOIRS .</index>
            <genre source="hm" time="2019-09-28T19:10:54.124+02:00">publicite</genre>
            <genre source="final">publicite</genre>
          </ill>
        </ills>
      </page>
      <page ordre="4">
        <nbMot>2421</nbMot>
        <blocTexte>888</blocTexte>
        <blocTab>0</blocTab>
        <blocPub>0</blocPub>
        <blocIllustration>7</blocIllustration>
        <ills/>
      </page>
    </pages>
  </contenus>
</doc>