<doc>
  <metad>
    <type>P</type>
    <ID>bpt6k7488549</ID>
    <titre>Le Siècle</titre>
    <dateEdition>1912-11-30</dateEdition>
    <nbPage>6</nbPage>
    <suppl>FALSE</suppl>
  </metad>
  <contenus>
    <largeur>429</largeur>
    <hauteur>607</hauteur>
    <pages>
      <page ordre="1">
        <nbMot>863</nbMot>
        <blocTexte>44</blocTexte>
        <blocTab>0</blocTab>
        <blocPub>0</blocPub>
        <blocIllustration>6</blocIllustration>
        <ills/>
      </page>
      <page ordre="2">
        <nbMot>974</nbMot>
        <blocTexte>44</blocTexte>
        <blocTab>0</blocTab>
        <blocPub>0</blocPub>
        <blocIllustration>7</blocIllustration>
        <ills/>
      </page>
      <page ordre="3">
        <nbMot>833</nbMot>
        <blocTexte>47</blocTexte>
        <blocTab>0</blocTab>
        <blocPub>0</blocPub>
        <blocIllustration>12</blocIllustration>
        <ills/>
      </page>
      <page ordre="4">
        <nbMot>793</nbMot>
        <blocTexte>41</blocTexte>
        <blocTab>0</blocTab>
        <blocPub>0</blocPub>
        <blocIllustration>7</blocIllustration>
        <ills>
          <ill classif="DFdnn" couleur="gris" edit="1" h="829" n="4-5" pub="1" taille="1" w="692" x="2706" y="1390">
            <contenuImg CS="0.99" h="372" w="272" sexe="P" source="dnn" x="227" y="265">face</contenuImg>
            <leg>1 Œdème ■ déterminé pat le tharbon</leg>
            <txt>La veille, au sortir du ministère^- Il avait eu une syncope. Son chef de bureau marcïàit ■précisément à ses côtés, Tout en Vaidant i se remettre, il insista ■pour qu'il allât, dès le lendemain, consulter un grand médecin de ses amis. Le lendemain donc, porteur d'un mot 1 de recommandation II se présentait,a» cabinet du célèbre praticien auquel l'adressait sûri supérieur. Le maître devina bientôt de quel mal ter rible le malheureux était atteint, lui réclama quelques crachats et le pria de repasser trois jours plus tard. L'examen bactériologique ■fut concluant : le jeune employé (5 faisait » de la tuberculose pulmonaire. 1 v; Les trois jours expirés, Il revint : — Voici, lui dit l'éminent docteur, un cer tificat constatant que vous êtes tuberculeux. Vous allez vous-même écrire une déclaration identique/ vous porteren ensuite ces deux do cuments à votre ■ mairie • vous en . exigerez deux reçus, Tun que vous garderez pour vous- l'autre que vous m'enverrez dans les vingt-quatre heures.- Asseyez-vous et. écrivez. — Monsieur, dit Vautre^ ce n'est point un certificat que je sollicite de votre savoir, mais une prescription que je m'engage, bail leurs, à suivre de mon mieux. Vous m'.annon. ces un malheur^ que je soupçonnais, hélas! mais contre lequel vous devez m'aider à lut ter. Déclarer mon état, c'est m'exposer au renvoi de mon bureau et me contraindre à la misère.... : — Vous préférez, sans-doute f . contaminer vos camarades ? — ]e puis, du moins, me sôigtier et pren dre telles pr LES DÉCOUVERTES MÊBiCALES</txt>
            <index>1 Œdème ■ déterminé pat le tharbonLa veille, au sortir du ministère^- Il avait eu une syncope. Son chef de bureau marcïàit ■précisément à ses côtés, Tout en Vaidant i se remettre, il insista ■pour qu'il allât, dès le lendemain, consulter un grand médecin de ses amis. Le lendemain donc, porteur d'un mot 1 de recommandation II se présentait,a» cabinet du célèbre praticien auquel l'adressait sûri supérieur. Le maître devina bientôt de quel mal ter rible le malheureux était atteint, lui réclama quelques crachats et le pria de repasser trois jours plus tard. L'examen bactériologique ■fut concluant : le jeune employé (5 faisait » de la tuberculose pulmonaire. 1 v; Les trois jours expirés, Il revint : — Voici, lui dit l'éminent docteur, un cer tificat constatant que vous êtes tuberculeux. Vous allez vous-même écrire une déclaration identique/ vous porteren ensuite ces deux do cuments à votre ■ mairie • vous en . exigerez deux reçus, Tun que vous garderez pour vous- l'autre que vous m'enverrez dans les vingt-quatre heures.- Asseyez-vous et. écrivez. — Monsieur, dit Vautre^ ce n'est point un certificat que je sollicite de votre savoir, mais une prescription que je m'engage, bail leurs, à suivre de mon mieux. Vous m'.annon. ces un malheur^ que je soupçonnais, hélas! mais contre lequel vous devez m'aider à lut ter. Déclarer mon état, c'est m'exposer au renvoi de mon bureau et me contraindre à la misère.... : — Vous préférez, sans-doute f . contaminer vos camarades ? — ]e puis, du moins, me sôigtier et pren dre telles pr LES DÉCOUVERTES MÊBiCALES</index>
            <genre source="hm" time="2019-09-28T19:27:09.774+02:00">publicite</genre>
            <genre source="final">publicite</genre>
          </ill>
        </ills>
      </page>
      <page ordre="5">
        <nbMot>826</nbMot>
        <blocTexte>42</blocTexte>
        <blocTab>0</blocTab>
        <blocPub>0</blocPub>
        <blocIllustration>12</blocIllustration>
        <ills/>
      </page>
      <page ordre="6">
        <nbMot>2040</nbMot>
        <blocTexte>484</blocTexte>
        <blocTab>0</blocTab>
        <blocPub>0</blocPub>
        <blocIllustration>16</blocIllustration>
        <ills/>
      </page>
    </pages>
  </contenus>
</doc>