<analyseAlto>
  <metad>
    <type>P</type>
    <ID>bpt6k751707q</ID>
    <titre>Le Siècle</titre>
    <dateEdition>1920-10-30</dateEdition>
    <nbPage>4</nbPage>
    <suppl>FALSE</suppl>
  </metad>
  <contenus>
    <largeur>358</largeur>
    <hauteur>541</hauteur>
    <pages>
      <page ordre="1">
        <nbMot>591</nbMot>
        <blocTexte>23</blocTexte>
        <blocTab>0</blocTab>
        <blocPub>0</blocPub>
        <blocIllustration>1</blocIllustration>
        <ills/>
      </page>
      <page ordre="2">
        <nbMot>766</nbMot>
        <blocTexte>37</blocTexte>
        <blocTab>0</blocTab>
        <blocPub>0</blocPub>
        <blocIllustration>1</blocIllustration>
        <ills/>
      </page>
      <page ordre="3">
        <nbMot>762</nbMot>
        <blocTexte>21</blocTexte>
        <blocTab>0</blocTab>
        <blocPub>0</blocPub>
        <blocIllustration>1</blocIllustration>
        <ills>
          <ill classif="DFdnn" couleur="gris" edit="1" h="875" n="3-1" pub="1" taille="1" w="716" x="3310" y="2993">
            <contenuImg CS="1" lang="fr" source="hm" time="2020-04-08T18:14:25.724+02:00">bateau</contenuImg>
            <contenuImg CS="1" lang="fr" source="hm" time="2020-04-08T18:12:24.815+02:00">voiture</contenuImg>
            <leg>n — j|CAi«auau euoreVt su ^CIRCUITS  • iWtc  NORD-AFRICAINS.' i.joo kilomiltë dans la mime auto de lux* I Prospectus, ISilleta comprenant £ous la» frais : Paquabots-Auto-Hôtels spéciaux-Pourboire» S'Adrçr F ae du TouFisiRe, 30 B^iniapuclaes - Paris et Agences   îk Voyage»</leg>
            <txt>Un navire saisi aux Etate-Unie Le s/6. Aracaju, navire brésilien de 5.500 tonnes d. w„ affrété par le gouvernement français, vient d'être î'objet d'une saisie aux Etats-Unis de la part de la maison Aron. Cette firme aurait adopté cette procédure dans le  but d'obtenir le remboursement d'une somme importante qu'elle réclame e/u eervlce des Transports maritimes, en compensation de manquants constatés M y a environ deux ans. Sors du déchargement du navire au Havre, La saisie de ce bateau pose la question importante : les navires de commerce d'un Eta'i peuvent-ils être saisis ? La doctrine anglaise est formelle à' ce sujet et, sur une simple demande de l'Etat arma teur, la saisie doit être ilevée immédiatement, Un jugement en date du 10 novembre 1919 de Ja Cour d'appel de Londres a confirmé cette doctrine, qui déclare que « l'Etat étranger rw peut être poursuivi soit directement en personne, soit indirectement par des actes contfc ses propriétés ».   •La doctrine et la. jurisprudence américaines ont jusqu'à présent adopté 4a même inter prétation, en particulier vie-à-vis de navires britanniques: -La solution qui sera adoptée dans le cas de VAracaju sera fort intéres- eaai're, car on verra si le gouvernement des Etats-Unis confirmera ou infirmera la thèse jusqu'ici admise. L'intérêt des Caisses d'épargne porté à 4 La Commission supérieure dies Caisses d'é pargne s'est réunie ihier au ministère de l'Hygiène, de  'Assistance et de la Prévoyance soéiaies. M. Lucien Cornet, sénateur,  possession, a y en a entre un .million et un miàlion et demi de mètres et la direction; des stocks va commencer d'ici ipou à les met tre en vente è «les iprlx fixes étaWis sur cata logue, dans les sous-intendances du service de l'habillement. El s'agit de draps p ure laine, de largeur, de couleur et de provenances diverses ; les prix varient de 10 à 30 francs le mètre. Il ne sera pas vendu moins d'une pièce de 100 mètres A la fois et seuils les Coopératives et concessionnaires des s tocs pourront Hoheter pour revendre au public à bénéfice limité. La liquidation d'une telle quantité de drart est susceptible d'accentuer le mouvement die baisse ïléjà signalé sur les tissus, nombre de fabriques étant déjà, encombrées d'Inven dus, et le public continuant à attendre la baisse pour acheter des vetemepts.</txt>
            <index>n — j|CAi«auau euoreVt su ^CIRCUITS  • iWtc  NORD-AFRICAINS.' i.joo kilomiltë dans la mime auto de lux* I Prospectus, ISilleta comprenant £ous la» frais : Paquabots-Auto-Hôtels spéciaux-Pourboire» S'Adrçr F ae du TouFisiRe, 30 B^iniapuclaes - Paris et Agences   îk Voyage»Un navire saisi aux Etate-Unie Le s/6. Aracaju, navire brésilien de 5.500 tonnes d. w„ affrété par le gouvernement français, vient d'être î'objet d'une saisie aux Etats-Unis de la part de la maison Aron. Cette firme aurait adopté cette procédure dans le  but d'obtenir le remboursement d'une somme importante qu'elle réclame e/u eervlce des Transports maritimes, en compensation de manquants constatés M y a environ deux ans. Sors du déchargement du navire au Havre, La saisie de ce bateau pose la question importante : les navires de commerce d'un Eta'i peuvent-ils être saisis ? La doctrine anglaise est formelle à' ce sujet et, sur une simple demande de l'Etat arma teur, la saisie doit être ilevée immédiatement, Un jugement en date du 10 novembre 1919 de Ja Cour d'appel de Londres a confirmé cette doctrine, qui déclare que « l'Etat étranger rw peut être poursuivi soit directement en personne, soit indirectement par des actes contfc ses propriétés ».   •La doctrine et la. jurisprudence américaines ont jusqu'à présent adopté 4a même inter prétation, en particulier vie-à-vis de navires britanniques: -La solution qui sera adoptée dans le cas de VAracaju sera fort intéres- eaai're, car on verra si le gouvernement des Etats-Unis confirmera ou infirmera la thèse jusqu'ici admise. L'intérêt des Caisses d'épargne porté à 4 La Commission supérieure dies Caisses d'é pargne s'est réunie ihier au ministère de l'Hygiène, de  'Assistance et de la Prévoyance soéiaies. M. Lucien Cornet, sénateur,  possession, a y en a entre un .million et un miàlion et demi de mètres et la direction; des stocks va commencer d'ici ipou à les met tre en vente è «les iprlx fixes étaWis sur cata logue, dans les sous-intendances du service de l'habillement. El s'agit de draps p ure laine, de largeur, de couleur et de provenances diverses ; les prix varient de 10 à 30 francs le mètre. Il ne sera pas vendu moins d'une pièce de 100 mètres A la fois et seuils les Coopératives et concessionnaires des s tocs pourront Hoheter pour revendre au public à bénéfice limité. La liquidation d'une telle quantité de drart est susceptible d'accentuer le mouvement die baisse ïléjà signalé sur les tissus, nombre de fabriques étant déjà, encombrées d'Inven dus, et le public continuant à attendre la baisse pour acheter des vetemepts.</index>
            <genre source="hm" time="2019-09-29T14:27:14.73+02:00">publicite</genre>
            <genre source="final">publicite</genre>
            <contenuImg CS="1" lang="en" source="hm" time="2020-04-08T18:12:24.815+02:00">car</contenuImg>
            <contenuImg CS="1" lang="en" source="hm" time="2020-04-08T18:14:25.724+02:00">boat</contenuImg>
          </ill>
        </ills>
      </page>
      <page ordre="4">
        <nbMot>1221</nbMot>
        <blocTexte>303</blocTexte>
        <blocTab>0</blocTab>
        <blocPub>0</blocPub>
        <blocIllustration>1</blocIllustration>
        <ills/>
      </page>
    </pages>
  </contenus>
</analyseAlto>