<doc>
  <metad>
    <type>P</type>
    <ID>bpt6k751716p</ID>
    <titre>Le Siècle</titre>
    <dateEdition>1920-11-08</dateEdition>
    <nbPage>4</nbPage>
    <suppl>FALSE</suppl>
  </metad>
  <contenus>
    <largeur>362</largeur>
    <hauteur>541</hauteur>
    <pages>
      <page ordre="1">
        <nbMot>628</nbMot>
        <blocTexte>30</blocTexte>
        <blocTab>0</blocTab>
        <blocPub>0</blocPub>
        <blocIllustration>1</blocIllustration>
        <ills/>
      </page>
      <page ordre="2">
        <nbMot>775</nbMot>
        <blocTexte>38</blocTexte>
        <blocTab>0</blocTab>
        <blocPub>0</blocPub>
        <blocIllustration>3</blocIllustration>
        <ills/>
      </page>
      <page ordre="3">
        <nbMot>719</nbMot>
        <blocTexte>31</blocTexte>
        <blocTab>0</blocTab>
        <blocPub>0</blocPub>
        <blocIllustration>0</blocIllustration>
      </page>
      <page ordre="4">
        <nbMot>1316</nbMot>
        <blocTexte>571</blocTexte>
        <blocTab>0</blocTab>
        <blocPub>0</blocPub>
        <blocIllustration>2</blocIllustration>
        <ills>
          <ill couleur="gris" derniere="true" edit="1" h="500" n="4-1" pub="1" taille="0" w="736" x="3368" y="2266">
            <contenuImg CS="1" lang="fr" source="hm" time="2020-04-08T18:12:50.087+02:00">voiture</contenuImg>
            <leg>LA NOUVELLE 16 HP BERLÏËT Usinée à Monplaisir 3ans nos ateliers spécialisés pour la fabrication ^es voitures de luxe Montée avec le plus grand soin Mise au point dans ses moindres détails Suspension C an file ver latérale Embrayage à disques nouveau modèle Pont arrière renforcé Eclairage et démarrage électriques: , Livraison 1921 - CATALOGUE SUR DEMANDE 235, AVENUE BERTHELOT, LYON</leg>
            <txt>Les renseignements des Journaux Spéciaux Auteuil-Longchamp recommande en der nière heure : Chantilly : Dame do Magny, Dorville, King dom, Landremont, Brother to Eos. Maisons-Laffitte : Onzain, Hélène de Troie, Ovillers, Héiiogabalus, Mignon, Le Français, wv Du Jockey : Des concurrents qui doivent disputer le prix Montfort, c'est Onzain qui a les meilleurs ti tras ; il n'a guère contre lui que d'être absent dii turf depuis mai. Il n'a couru que trois fois cette année pour prendre deu;; places de se cond et remporter en dernier ïieu un succès sur Clovervilie et Bout da Zan, tandis que Dame de Magny, à laquelle il Tendait vrcs de vingt livres, finissait en tête clés battus. L'écurie Boussao paraît donc fort bien pla.-, eée. Moldavia, malgré son poids, mérite la plus sérieuse attention dans le prix Aston Blount, Mignon, qui a fait jeudi un excellent début sur les gros obstacles d'Auteuil, paraît bien indiqué dans le prix Maiise. Le Jockey recommande eu dernière heure : Chantilly : Dorville, Kingdom, Brinborion, Brother to Eos. Maisons-Laffitte : Onzain, Hélène de Troie, Ovillers, Héros XII, Mignon, Le Français. wv La Veine reçoit les renseignements sui vants sur les derniers galops : Chantilly. Michel Pantall a fait couvrir 2.400 mètres à Dorville et Brinborion, qui 6onl bien. Sa Phœnix a fait 800 mètres bon train. Eug. Pantall a Landremont en magnifique condition. Maisons-Laffitte. Ed. Mayer a donné un bon ouvrage sur les gros obstacles d'Achères à Fonraud, Raviole, Coup de Canon et Qui y Pense. Romania et Rose Buire o</txt>
            <index>LA NOUVELLE 16 HP BERLÏËT Usinée à Monplaisir 3ans nos ateliers spécialisés pour la fabrication ^es voitures de luxe Montée avec le plus grand soin Mise au point dans ses moindres détails Suspension C an file ver latérale Embrayage à disques nouveau modèle Pont arrière renforcé Eclairage et démarrage électriques: , Livraison 1921 - CATALOGUE SUR DEMANDE 235, AVENUE BERTHELOT, LYONLes renseignements des Journaux Spéciaux Auteuil-Longchamp recommande en der nière heure : Chantilly : Dame do Magny, Dorville, King dom, Landremont, Brother to Eos. Maisons-Laffitte : Onzain, Hélène de Troie, Ovillers, Héiiogabalus, Mignon, Le Français, wv Du Jockey : Des concurrents qui doivent disputer le prix Montfort, c'est Onzain qui a les meilleurs ti tras ; il n'a guère contre lui que d'être absent dii turf depuis mai. Il n'a couru que trois fois cette année pour prendre deu;; places de se cond et remporter en dernier ïieu un succès sur Clovervilie et Bout da Zan, tandis que Dame de Magny, à laquelle il Tendait vrcs de vingt livres, finissait en tête clés battus. L'écurie Boussao paraît donc fort bien pla.-, eée. Moldavia, malgré son poids, mérite la plus sérieuse attention dans le prix Aston Blount, Mignon, qui a fait jeudi un excellent début sur les gros obstacles d'Auteuil, paraît bien indiqué dans le prix Maiise. Le Jockey recommande eu dernière heure : Chantilly : Dorville, Kingdom, Brinborion, Brother to Eos. Maisons-Laffitte : Onzain, Hélène de Troie, Ovillers, Héros XII, Mignon, Le Français. wv La Veine reçoit les renseignements sui vants sur les derniers galops : Chantilly. Michel Pantall a fait couvrir 2.400 mètres à Dorville et Brinborion, qui 6onl bien. Sa Phœnix a fait 800 mètres bon train. Eug. Pantall a Landremont en magnifique condition. Maisons-Laffitte. Ed. Mayer a donné un bon ouvrage sur les gros obstacles d'Achères à Fonraud, Raviole, Coup de Canon et Qui y Pense. Romania et Rose Buire o</index>
            <genre source="hm" time="2019-09-29T14:28:34.189+02:00">publicite</genre>
            <genre source="final">publicite</genre>
            <contenuImg CS="1" lang="en" source="hm" time="2020-04-08T18:12:50.087+02:00">car</contenuImg>
          </ill>
        </ills>
      </page>
    </pages>
  </contenus>
</doc>