<doc>
  <metad>
    <type>P</type>
    <ID>bpt6k7511791</ID>
    <titre>Le Siècle</titre>
    <dateEdition>1919-04-25</dateEdition>
    <nbPage>4</nbPage>
    <suppl>FALSE</suppl>
  </metad>
  <contenus>
    <largeur>348</largeur>
    <hauteur>525</hauteur>
    <pages>
      <page ordre="1">
        <nbMot>520</nbMot>
        <blocTexte>30</blocTexte>
        <blocTab>0</blocTab>
        <blocPub>0</blocPub>
        <blocIllustration>4</blocIllustration>
        <ills/>
      </page>
      <page ordre="2">
        <nbMot>739</nbMot>
        <blocTexte>24</blocTexte>
        <blocTab>0</blocTab>
        <blocPub>0</blocPub>
        <blocIllustration>1</blocIllustration>
        <ills/>
      </page>
      <page ordre="3">
        <nbMot>808</nbMot>
        <blocTexte>30</blocTexte>
        <blocTab>0</blocTab>
        <blocPub>0</blocPub>
        <blocIllustration>1</blocIllustration>
        <ills/>
      </page>
      <page ordre="4">
        <nbMot>781</nbMot>
        <blocTexte>25</blocTexte>
        <blocTab>0</blocTab>
        <blocPub>0</blocPub>
        <blocIllustration>3</blocIllustration>
        <ills>
          <ill classif="DFdnn" couleur="gris" derniere="true" edit="1" h="947" n="4-1" pub="1" taille="0" w="353" x="3270" y="4948">
            <txt>*- Le Conseil Municipal de Paris vient d'enre gistrer le dépôt de la proposition de suppres sion de l'octroi par M. L. Sellier ; cette propo sition est soumise à l'étude de la première Commission. La question des octrois est une vieille ques tion qui se réveille et va prendre un regain d'actualité ; 150 Syndicats commerciaux et industriels avec plus de G00 délégués, le lundi 28, aux Sociétés Savantes, à 2 heures et demie, entendront les explications do M. Louis Sel lier; M. Louis Daui-ot. rapporteur uéuériil du budget de.la Ville de Paris, est spécialement convoqué pour y exnoser contradlctoirement,</txt>
            <index>*- Le Conseil Municipal de Paris vient d'enre gistrer le dépôt de la proposition de suppres sion de l'octroi par M. L. Sellier ; cette propo sition est soumise à l'étude de la première Commission. La question des octrois est une vieille ques tion qui se réveille et va prendre un regain d'actualité ; 150 Syndicats commerciaux et industriels avec plus de G00 délégués, le lundi 28, aux Sociétés Savantes, à 2 heures et demie, entendront les explications do M. Louis Sel lier; M. Louis Daui-ot. rapporteur uéuériil du budget de.la Ville de Paris, est spécialement convoqué pour y exnoser contradlctoirement,</index>
            <genre source="hm" time="2019-09-28T19:31:49.596+02:00">publicite</genre>
            <genre source="final">publicite</genre>
          </ill>
        </ills>
      </page>
    </pages>
  </contenus>
</doc>