<doc>
  <metad>
    <type>P</type>
    <ID>bpt6k7493363</ID>
    <titre>Le Siècle</titre>
    <dateEdition>1914-03-29</dateEdition>
    <nbPage>6</nbPage>
    <suppl>FALSE</suppl>
  </metad>
  <contenus>
    <largeur>434</largeur>
    <hauteur>605</hauteur>
    <pages>
      <page ordre="1">
        <nbMot>890</nbMot>
        <blocTexte>26</blocTexte>
        <blocTab>0</blocTab>
        <blocPub>0</blocPub>
        <blocIllustration>7</blocIllustration>
        <ills/>
      </page>
      <page ordre="2">
        <nbMot>940</nbMot>
        <blocTexte>50</blocTexte>
        <blocTab>0</blocTab>
        <blocPub>0</blocPub>
        <blocIllustration>8</blocIllustration>
        <ills>
          <ill classif="DFdnn" couleur="gris" edit="1" h="354" n="2-6" pub="1" taille="0" w="700" x="4294" y="5111">
            <contenuImg CS="1" lang="fr" source="hm" time="2020-04-08T18:08:15.247+02:00">moto</contenuImg>
            <leg>La Révélation de l'Année</leg>
            <txt>1 HIPPISME Au Concours hippique Le défilé des équipages de maîtres attelés a deux a été particulièrement brillant cette an née. C'était un véritable renouveau fait de luxe et d'élégance. Remarqué tout .spécialement les attelages de MM. le prince Murât, marquis d'Albuféra, Paul Bolo dont les magnifiques alezans d'une allure et d 'une tenue impeccables, ont fait sensation, M. Firmin Didot, MM. G. Marteïl, comte de Porzie, M. Van Ryok, eto. d. Coilot.</txt>
            <index>La Révélation de l'Année1 HIPPISME Au Concours hippique Le défilé des équipages de maîtres attelés a deux a été particulièrement brillant cette an née. C'était un véritable renouveau fait de luxe et d'élégance. Remarqué tout .spécialement les attelages de MM. le prince Murât, marquis d'Albuféra, Paul Bolo dont les magnifiques alezans d'une allure et d 'une tenue impeccables, ont fait sensation, M. Firmin Didot, MM. G. Marteïl, comte de Porzie, M. Van Ryok, eto. d. Coilot.</index>
            <genre source="hm" time="2019-09-29T14:07:40.864+02:00">publicite</genre>
            <genre source="final">publicite</genre>
            <contenuImg CS="1" lang="en" source="hm" time="2020-04-08T18:08:15.247+02:00">motorcycle</contenuImg>
          </ill>
        </ills>
      </page>
      <page ordre="3">
        <nbMot>650</nbMot>
        <blocTexte>51</blocTexte>
        <blocTab>0</blocTab>
        <blocPub>0</blocPub>
        <blocIllustration>15</blocIllustration>
        <ills/>
      </page>
      <page ordre="4">
        <nbMot>2016</nbMot>
        <blocTexte>510</blocTexte>
        <blocTab>0</blocTab>
        <blocPub>0</blocPub>
        <blocIllustration>0</blocIllustration>
      </page>
      <page ordre="5">
        <nbMot>903</nbMot>
        <blocTexte>30</blocTexte>
        <blocTab>0</blocTab>
        <blocPub>0</blocPub>
        <blocIllustration>4</blocIllustration>
        <ills/>
      </page>
      <page ordre="6">
        <nbMot>1118</nbMot>
        <blocTexte>64</blocTexte>
        <blocTab>0</blocTab>
        <blocPub>0</blocPub>
        <blocIllustration>5</blocIllustration>
        <ills/>
      </page>
    </pages>
  </contenus>
</doc>