<analyseAlto>
  <metad>
    <type>P</type>
    <ID>bpt6k750719j</ID>
    <titre>Le Siècle</titre>
    <dateEdition>1918-01-20</dateEdition>
    <nbPage>4</nbPage>
    <suppl>FALSE</suppl>
  </metad>
  <contenus>
    <largeur>359</largeur>
    <hauteur>522</hauteur>
    <pages>
      <page ordre="1">
        <nbMot>566</nbMot>
        <blocTexte>30</blocTexte>
        <blocTab>0</blocTab>
        <blocPub>0</blocPub>
        <blocIllustration>0</blocIllustration>
      </page>
      <page ordre="2">
        <nbMot>705</nbMot>
        <blocTexte>17</blocTexte>
        <blocTab>0</blocTab>
        <blocPub>0</blocPub>
        <blocIllustration>0</blocIllustration>
      </page>
      <page ordre="3">
        <nbMot>711</nbMot>
        <blocTexte>36</blocTexte>
        <blocTab>0</blocTab>
        <blocPub>0</blocPub>
        <blocIllustration>0</blocIllustration>
      </page>
      <page ordre="4">
        <nbMot>537</nbMot>
        <blocTexte>34</blocTexte>
        <blocTab>0</blocTab>
        <blocPub>0</blocPub>
        <blocIllustration>5</blocIllustration>
        <ills>
          <ill classif="DFdnn" couleur="gris" derniere="true" edit="1" h="575" n="4-3" pub="1" taille="0" w="495" x="3547" y="2852">
            <leg>Chemises jour, madapolam, C jours et pois brodés. Vif V Le pantalon. S.7S</leg>
            <txt>1 LUNDI 2t JANVIER et jours suivants</txt>
            <index>Chemises jour, madapolam, C jours et pois brodés. Vif V Le pantalon. S.7S1 LUNDI 2t JANVIER et jours suivants</index>
            <genre source="hm" time="2019-09-29T14:13:28.038+02:00">publicite</genre>
            <genre source="final">publicite</genre>
          </ill>
        </ills>
      </page>
    </pages>
  </contenus>
</analyseAlto>