<doc>
  <metad>
    <type>P</type>
    <ID>bpt6k751487j</ID>
    <titre>Le Siècle</titre>
    <dateEdition>1920-03-23</dateEdition>
    <nbPage>4</nbPage>
    <suppl>FALSE</suppl>
  </metad>
  <contenus>
    <largeur>356</largeur>
    <hauteur>538</hauteur>
    <pages>
      <page ordre="1">
        <nbMot>588</nbMot>
        <blocTexte>30</blocTexte>
        <blocTab>0</blocTab>
        <blocPub>0</blocPub>
        <blocIllustration>1</blocIllustration>
        <ills/>
      </page>
      <page ordre="2">
        <nbMot>772</nbMot>
        <blocTexte>40</blocTexte>
        <blocTab>0</blocTab>
        <blocPub>0</blocPub>
        <blocIllustration>3</blocIllustration>
        <ills>
          <ill classif="DFdnn" couleur="gris" edit="1" h="252" n="2-2" pub="1" taille="0" w="677" x="3371" y="3154">
            <leg>ET POUCE...</leg>
            <txt>comcehts PASBBMIUF' Ati Cirque d* Hiver f Les Jeudis, Samedis et Dimanches i 3 h* Jeudi, a 3 h., au Cirque d'Hiver, 22» Concert; historique, avec le concours de M. Armand Fertô et sous la direction de M. Eliené-Batoa. Confé rence de M. Gaston .Carraud. Exemples ' musi caux : Vincent d'Indy, Symphonie sur un ciianti montagnard français, M. Armand For té ; Albérlc Magnard, Deuxième Symphonie, Hymne d la Jus* tipe ; Guy Kopartz, Fantaisie en ré majeur. Samedi et dimanche, a 3 h., 131  ' et 132' Concerts, avec le concoure de Mire Germaine Lut)in, de l'OJ péra, et do M. Henry Sclildenholm : Ouverture' do la Grande Pdquc russe (Rtmsky-Korsakôw) ;! Concerto en ut majeur pour piano et orchestre! (Beethoven), M. Henry Schldenhelm ; Mélodies' siamoises, première audition (Grassi), Mime Ger maine Lubin, de l'Oipéra ; Rabanera (Louis Al bert) ; Deuxième rapsodie sur des airs populaires suédois (Daniel JelslerO ; Lohengrin, marche des flançalllles (Wagner). Orchestre bous la direction de M. Rhené-Baton. I MAlllTMiDTIll? le» cabaxets et léstauTants^ A Rlull 1 iTiAIl 1 llLt touchés par les restiric-: tiens, ont fermé leurs portes ; mais les Cabaretsf artistiques : la Lume Rousse et la Chaumière, donnent leur® spectacles complet®, de 8 h, 30 .à' II heures, et les amateurs d'esprit et de galté ne sont pas privés de leur régal habituel.,. PATHE-PALACE, 32, bd Italiens. Tous les J, 2 à 11 h. Ttes les actualités. Les meilleur» programmes. Orchestre symphonique. A RTISTIO, 61, rue de Douai. — T.  JU5TICE</txt>
            <index>ET POUCE...comcehts PASBBMIUF' Ati Cirque d* Hiver f Les Jeudis, Samedis et Dimanches i 3 h* Jeudi, a 3 h., au Cirque d'Hiver, 22» Concert; historique, avec le concours de M. Armand Fertô et sous la direction de M. Eliené-Batoa. Confé rence de M. Gaston .Carraud. Exemples ' musi caux : Vincent d'Indy, Symphonie sur un ciianti montagnard français, M. Armand For té ; Albérlc Magnard, Deuxième Symphonie, Hymne d la Jus* tipe ; Guy Kopartz, Fantaisie en ré majeur. Samedi et dimanche, a 3 h., 131  ' et 132' Concerts, avec le concoure de Mire Germaine Lut)in, de l'OJ péra, et do M. Henry Sclildenholm : Ouverture' do la Grande Pdquc russe (Rtmsky-Korsakôw) ;! Concerto en ut majeur pour piano et orchestre! (Beethoven), M. Henry Schldenhelm ; Mélodies' siamoises, première audition (Grassi), Mime Ger maine Lubin, de l'Oipéra ; Rabanera (Louis Al bert) ; Deuxième rapsodie sur des airs populaires suédois (Daniel JelslerO ; Lohengrin, marche des flançalllles (Wagner). Orchestre bous la direction de M. Rhené-Baton. I MAlllTMiDTIll? le» cabaxets et léstauTants^ A Rlull 1 iTiAIl 1 llLt touchés par les restiric-: tiens, ont fermé leurs portes ; mais les Cabaretsf artistiques : la Lume Rousse et la Chaumière, donnent leur® spectacles complet®, de 8 h, 30 .à' II heures, et les amateurs d'esprit et de galté ne sont pas privés de leur régal habituel.,. PATHE-PALACE, 32, bd Italiens. Tous les J, 2 à 11 h. Ttes les actualités. Les meilleur» programmes. Orchestre symphonique. A RTISTIO, 61, rue de Douai. — T.  JU5TICE</index>
            <genre source="hm" time="2019-09-29T14:16:28.009+02:00">publicite</genre>
            <genre source="final">publicite</genre>
          </ill>
        </ills>
      </page>
      <page ordre="3">
        <nbMot>802</nbMot>
        <blocTexte>18</blocTexte>
        <blocTab>0</blocTab>
        <blocPub>0</blocPub>
        <blocIllustration>1</blocIllustration>
        <ills/>
      </page>
      <page ordre="4">
        <nbMot>963</nbMot>
        <blocTexte>346</blocTexte>
        <blocTab>0</blocTab>
        <blocPub>0</blocPub>
        <blocIllustration>5</blocIllustration>
        <ills>
          <ill couleur="gris" derniere="true" edit="1" h="503" n="4-2" pub="1" taille="1" w="1216" x="193" y="5566">
            <txt>. Pétale est inédite, mate seirveaariw-.ne'UB de Batsaii et de Groseille à Maquereattï. La Brume a fait uq» assez bonne rentrée à ^faisons. ïrisii Lady e t d«rra le nfêsae cai, •niais elle a paru susceptible de faire mieux. Orestmâ a bien couru derrière Bombarde et DoM Popjiy. précédant Vive la France. Prin ces» a toujours eourti en bonne soeiété. Elle était estimée l'an dernier par son écurie. Je désigne Princesa et Pétale. •</txt>
            <index>. Pétale est inédite, mate seirveaariw-.ne'UB de Batsaii et de Groseille à Maquereattï. La Brume a fait uq» assez bonne rentrée à ^faisons. ïrisii Lady e t d«rra le nfêsae cai, •niais elle a paru susceptible de faire mieux. Orestmâ a bien couru derrière Bombarde et DoM Popjiy. précédant Vive la France. Prin ces» a toujours eourti en bonne soeiété. Elle était estimée l'an dernier par son écurie. Je désigne Princesa et Pétale. •</index>
            <genre source="hm" time="2019-09-29T14:20:48.88+02:00">publicite</genre>
            <genre source="final">publicite</genre>
          </ill>
        </ills>
      </page>
    </pages>
  </contenus>
</doc>