<analyseAlto>
  <metad>
    <type>P</type>
    <ID>bpt6k7514687</ID>
    <titre>Le Siècle</titre>
    <dateEdition>1920-03-04</dateEdition>
    <nbPage>4</nbPage>
    <suppl>FALSE</suppl>
  </metad>
  <contenus>
    <largeur>351</largeur>
    <hauteur>537</hauteur>
    <pages>
      <page ordre="1">
        <nbMot>555</nbMot>
        <blocTexte>28</blocTexte>
        <blocTab>0</blocTab>
        <blocPub>0</blocPub>
        <blocIllustration>2</blocIllustration>
        <ills/>
      </page>
      <page ordre="2">
        <nbMot>778</nbMot>
        <blocTexte>46</blocTexte>
        <blocTab>0</blocTab>
        <blocPub>0</blocPub>
        <blocIllustration>2</blocIllustration>
        <ills/>
      </page>
      <page ordre="3">
        <nbMot>754</nbMot>
        <blocTexte>28</blocTexte>
        <blocTab>0</blocTab>
        <blocPub>0</blocPub>
        <blocIllustration>2</blocIllustration>
        <ills>
          <ill classif="DFdnn" couleur="gris" edit="1" h="246" n="3-1" pub="1" taille="0" w="733" x="3337" y="5243">
            <contenuImg CS="0.90" h="82" l="95" sexe="P" source="dnn" x="327" y="80">face</contenuImg>
            <leg>ET POUCE</leg>
            <txt>iT PARIS *'1 MAX ViTERBO; ' -4   blO«*vCyJI f; W * JU5ÎÎCK</txt>
            <index>ET POUCEiT PARIS *'1 MAX ViTERBO; ' -4   blO«*vCyJI f; W * JU5ÎÎCK</index>
            <genre source="hm" time="2019-09-29T14:20:15.498+02:00">publicite</genre>
            <genre source="final">publicite</genre>
          </ill>
        </ills>
      </page>
      <page ordre="4">
        <nbMot>1156</nbMot>
        <blocTexte>357</blocTexte>
        <blocTab>0</blocTab>
        <blocPub>0</blocPub>
        <blocIllustration>1</blocIllustration>
        <ills/>
      </page>
    </pages>
  </contenus>
</analyseAlto>