<analyseAlto>
  <metad>
    <type>P</type>
    <ID>bpt6k7515340</ID>
    <titre>Le Siècle</titre>
    <dateEdition>1920-05-09</dateEdition>
    <nbPage>4</nbPage>
    <suppl>FALSE</suppl>
  </metad>
  <contenus>
    <largeur>354</largeur>
    <hauteur>537</hauteur>
    <pages>
      <page ordre="1">
        <nbMot>583</nbMot>
        <blocTexte>28</blocTexte>
        <blocTab>0</blocTab>
        <blocPub>0</blocPub>
        <blocIllustration>6</blocIllustration>
        <ills/>
      </page>
      <page ordre="2">
        <nbMot>799</nbMot>
        <blocTexte>33</blocTexte>
        <blocTab>0</blocTab>
        <blocPub>0</blocPub>
        <blocIllustration>1</blocIllustration>
        <ills/>
      </page>
      <page ordre="3">
        <nbMot>664</nbMot>
        <blocTexte>27</blocTexte>
        <blocTab>0</blocTab>
        <blocPub>0</blocPub>
        <blocIllustration>3</blocIllustration>
        <ills>
          <ill couleur="gris" edit="1" h="1445" n="3-1" pub="1" taille="3" w="1471" x="2567" y="4139">
            <contenuImg CS="1" lang="fr" source="hm" time="2020-04-08T18:11:03.665+02:00">camion</contenuImg>
            <txt>Aller à Spa, ce n'est pas dangereux en soi. Ce qui peut être dangereux, c'est d'y aller dans de certaines conditions. Que,, pour ré gler les détails d'exécution, il vaille mieux parler qu'écrire, nul ne le conteste. Mais pour régler de tels détails, il faut qu'il y ait d'a bord exécution. Or, c'est ce qui, présentement, fait défaut. Sans doute la déclaration de San- ftemo a affirmé avec force la volonté des alliés d'obtenir oette exécution. Mais à ces mots, que tout le monde approuve, quels ac tes ont correspondu depuis quatre mois î C'est cela que le public doit retenir, — et les gouvernements aussi. C'est cela qui don ne à la rencontre de Spa un caractère sca breux. C'est cela qui, si l'on n'y. prend garde, pourrait la rendre périlleuse. Il faut donc agir, et agir solidairement, souligne l 'Homme Libre, M. MUlerand a proclamé cette nécessité dans le magnifique discours par . lequel il a clôturé hier les travaux de la conférence parlementaire internationale du. com merce. Il faut, tout de suite, exiger  3«91'Allemagne répaire et ipaie, que l'egresseutr prenne au. moins sa part du travail de restauration des pays qu'il a dévastés et meurtris. M. Mille- rand ferait pour rien le voyage de Spa s'il ne partait pa® avec le ferme propos d'obtenir au moins cela. Au moins cela, parce que cela ne suffirait pas ejwore. « Uae des grandes leçons de la guerre, a dit encore le président du Conseil. Ils l'ont été pour vaincre, ils doivent l'être pour vivre- Des préventions mercantiles ont p BATEAUX PARISIENS Le Gaulois formule un espoir. Est-ce un indice ï Hier, aur la Seine, un remorqueur tirait, dans la direction du Point-du-Jour, plusieurs de ces pontons sur lesquels les voyageurs s'entassaient autrefois, avant de s'embarquer sur le6 bateaux-mouches. A la 'Vérité, ils étaient bien mal en point, ces pontons. Ils se ressentaient de cinq ans d'ia andon et d'intempéries. Mais le fait de remonter vers leur quartier général n'in^ique- t-il pas une prochaine reprisa de o© service qui mettait tant d'animation et de pittoresque sur le fleuve ? Le Liseur.</txt>
            <index>Aller à Spa, ce n'est pas dangereux en soi. Ce qui peut être dangereux, c'est d'y aller dans de certaines conditions. Que,, pour ré gler les détails d'exécution, il vaille mieux parler qu'écrire, nul ne le conteste. Mais pour régler de tels détails, il faut qu'il y ait d'a bord exécution. Or, c'est ce qui, présentement, fait défaut. Sans doute la déclaration de San- ftemo a affirmé avec force la volonté des alliés d'obtenir oette exécution. Mais à ces mots, que tout le monde approuve, quels ac tes ont correspondu depuis quatre mois î C'est cela que le public doit retenir, — et les gouvernements aussi. C'est cela qui don ne à la rencontre de Spa un caractère sca breux. C'est cela qui, si l'on n'y. prend garde, pourrait la rendre périlleuse. Il faut donc agir, et agir solidairement, souligne l 'Homme Libre, M. MUlerand a proclamé cette nécessité dans le magnifique discours par . lequel il a clôturé hier les travaux de la conférence parlementaire internationale du. com merce. Il faut, tout de suite, exiger  3«91'Allemagne répaire et ipaie, que l'egresseutr prenne au. moins sa part du travail de restauration des pays qu'il a dévastés et meurtris. M. Mille- rand ferait pour rien le voyage de Spa s'il ne partait pa® avec le ferme propos d'obtenir au moins cela. Au moins cela, parce que cela ne suffirait pas ejwore. « Uae des grandes leçons de la guerre, a dit encore le président du Conseil. Ils l'ont été pour vaincre, ils doivent l'être pour vivre- Des préventions mercantiles ont p BATEAUX PARISIENS Le Gaulois formule un espoir. Est-ce un indice ï Hier, aur la Seine, un remorqueur tirait, dans la direction du Point-du-Jour, plusieurs de ces pontons sur lesquels les voyageurs s'entassaient autrefois, avant de s'embarquer sur le6 bateaux-mouches. A la 'Vérité, ils étaient bien mal en point, ces pontons. Ils se ressentaient de cinq ans d'ia andon et d'intempéries. Mais le fait de remonter vers leur quartier général n'in^ique- t-il pas une prochaine reprisa de o© service qui mettait tant d'animation et de pittoresque sur le fleuve ? Le Liseur.</index>
            <genre source="hm" time="2019-09-29T14:17:12.19+02:00">publicite</genre>
            <genre source="final">publicite</genre>
            <contenuImg CS="1" lang="en" source="hm" time="2020-04-08T18:11:03.665+02:00">truck</contenuImg>
          </ill>
          <ill couleur="gris" edit="1" h="371" n="3-2" pub="1" taille="0" w="628" x="2666" y="5631">
            <txt>Aller à Spa, ce n'est pas dangereux en soi. Ce qui peut être dangereux, c'est d'y aller dans de certaines conditions. Que,, pour ré gler les détails d'exécution, il vaille mieux parler qu'écrire, nul ne le conteste. Mais pour régler de tels détails, il faut qu'il y ait d'a bord exécution. Or, c'est ce qui, présentement, fait défaut. Sans doute la déclaration de San- ftemo a affirmé avec force la volonté des alliés d'obtenir oette exécution. Mais à ces mots, que tout le monde approuve, quels ac tes ont correspondu depuis quatre mois î C'est cela que le public doit retenir, — et les gouvernements aussi. C'est cela qui don ne à la rencontre de Spa un caractère sca breux. C'est cela qui, si l'on n'y. prend garde, pourrait la rendre périlleuse. Il faut donc agir, et agir solidairement, souligne l 'Homme Libre, M. MUlerand a proclamé cette nécessité dans le magnifique discours par . lequel il a clôturé hier les travaux de la conférence parlementaire internationale du. com merce. Il faut, tout de suite, exiger  3«91'Allemagne répaire et ipaie, que l'egresseutr prenne au. moins sa part du travail de restauration des pays qu'il a dévastés et meurtris. M. Mille- rand ferait pour rien le voyage de Spa s'il ne partait pa® avec le ferme propos d'obtenir au moins cela. Au moins cela, parce que cela ne suffirait pas ejwore. « Uae des grandes leçons de la guerre, a dit encore le président du Conseil. Ils l'ont été pour vaincre, ils doivent l'être pour vivre- Des préventions mercantiles ont p BATEAUX PARISIENS Le Gaulois formule un espoir. Est-ce un indice ï Hier, aur la Seine, un remorqueur tirait, dans la direction du Point-du-Jour, plusieurs de ces pontons sur lesquels les voyageurs s'entassaient autrefois, avant de s'embarquer sur le6 bateaux-mouches. A la 'Vérité, ils étaient bien mal en point, ces pontons. Ils se ressentaient de cinq ans d'ia andon et d'intempéries. Mais le fait de remonter vers leur quartier général n'in^ique- t-il pas une prochaine reprisa de o© service qui mettait tant d'animation et de pittoresque sur le fleuve ? Le Liseur.</txt>
            <index>Aller à Spa, ce n'est pas dangereux en soi. Ce qui peut être dangereux, c'est d'y aller dans de certaines conditions. Que,, pour ré gler les détails d'exécution, il vaille mieux parler qu'écrire, nul ne le conteste. Mais pour régler de tels détails, il faut qu'il y ait d'a bord exécution. Or, c'est ce qui, présentement, fait défaut. Sans doute la déclaration de San- ftemo a affirmé avec force la volonté des alliés d'obtenir oette exécution. Mais à ces mots, que tout le monde approuve, quels ac tes ont correspondu depuis quatre mois î C'est cela que le public doit retenir, — et les gouvernements aussi. C'est cela qui don ne à la rencontre de Spa un caractère sca breux. C'est cela qui, si l'on n'y. prend garde, pourrait la rendre périlleuse. Il faut donc agir, et agir solidairement, souligne l 'Homme Libre, M. MUlerand a proclamé cette nécessité dans le magnifique discours par . lequel il a clôturé hier les travaux de la conférence parlementaire internationale du. com merce. Il faut, tout de suite, exiger  3«91'Allemagne répaire et ipaie, que l'egresseutr prenne au. moins sa part du travail de restauration des pays qu'il a dévastés et meurtris. M. Mille- rand ferait pour rien le voyage de Spa s'il ne partait pa® avec le ferme propos d'obtenir au moins cela. Au moins cela, parce que cela ne suffirait pas ejwore. « Uae des grandes leçons de la guerre, a dit encore le président du Conseil. Ils l'ont été pour vaincre, ils doivent l'être pour vivre- Des préventions mercantiles ont p BATEAUX PARISIENS Le Gaulois formule un espoir. Est-ce un indice ï Hier, aur la Seine, un remorqueur tirait, dans la direction du Point-du-Jour, plusieurs de ces pontons sur lesquels les voyageurs s'entassaient autrefois, avant de s'embarquer sur le6 bateaux-mouches. A la 'Vérité, ils étaient bien mal en point, ces pontons. Ils se ressentaient de cinq ans d'ia andon et d'intempéries. Mais le fait de remonter vers leur quartier général n'in^ique- t-il pas une prochaine reprisa de o© service qui mettait tant d'animation et de pittoresque sur le fleuve ? Le Liseur.</index>
            <genre source="hm" time="2019-09-29T14:17:10.392+02:00">publicite</genre>
            <genre source="final">publicite</genre>
          </ill>
        </ills>
      </page>
      <page ordre="4">
        <nbMot>879</nbMot>
        <blocTexte>364</blocTexte>
        <blocTab>0</blocTab>
        <blocPub>0</blocPub>
        <blocIllustration>4</blocIllustration>
        <ills/>
      </page>
    </pages>
  </contenus>
</analyseAlto>