<analyseAlto>
  <metad>
    <type>P</type>
    <ID>bpt6k749374q</ID>
    <titre>Le Siècle</titre>
    <dateEdition>1914-05-06</dateEdition>
    <nbPage>4</nbPage>
    <suppl>FALSE</suppl>
  </metad>
  <contenus>
    <largeur>430</largeur>
    <hauteur>602</hauteur>
    <pages>
      <page ordre="1">
        <nbMot>883</nbMot>
        <blocTexte>30</blocTexte>
        <blocTab>0</blocTab>
        <blocPub>0</blocPub>
        <blocIllustration>2</blocIllustration>
        <ills/>
      </page>
      <page ordre="2">
        <nbMot>1022</nbMot>
        <blocTexte>32</blocTexte>
        <blocTab>0</blocTab>
        <blocPub>0</blocPub>
        <blocIllustration>1</blocIllustration>
        <ills/>
      </page>
      <page ordre="3">
        <nbMot>1059</nbMot>
        <blocTexte>46</blocTexte>
        <blocTab>0</blocTab>
        <blocPub>0</blocPub>
        <blocIllustration>3</blocIllustration>
        <ills>
          <ill couleur="gris" edit="1" h="928" n="3-1" pub="1" taille="1" w="608" x="982" y="5336">
            <leg>Livraisons journalières à domicile dans Paris. BIÈRE-CHOPE : Le panier de 15 litres 6 fr. BIÈp-BOCK: ' Le panier de 30 petits bocks (25 centilitres)   6 tt. Le panier de 15 canettes (50 centilitres) 4 fr. 60 LA CONTENANCE EXACTE DES BOUTEILLES EST GARANTIE Le matériel vide est consigné et repris» 9 Pour les commandes, écrire : BRASSERIE KARCHER   C'», PARIS XX»</leg>
            <txt>fr = BUVEZ ==S5 la Bière KARCHER La plus agréable au goût La plas saine pour l'estomac Recommandée par les Hygiéniste! parce gue SA QUALITÉ EST GARANTIE Envoi sur demande ■ ' de l'analyse du Laboratoire Municipal,</txt>
            <index>Livraisons journalières à domicile dans Paris. BIÈRE-CHOPE : Le panier de 15 litres 6 fr. BIÈp-BOCK: ' Le panier de 30 petits bocks (25 centilitres)   6 tt. Le panier de 15 canettes (50 centilitres) 4 fr. 60 LA CONTENANCE EXACTE DES BOUTEILLES EST GARANTIE Le matériel vide est consigné et repris» 9 Pour les commandes, écrire : BRASSERIE KARCHER   C'», PARIS XX»fr = BUVEZ ==S5 la Bière KARCHER La plus agréable au goût La plas saine pour l'estomac Recommandée par les Hygiéniste! parce gue SA QUALITÉ EST GARANTIE Envoi sur demande ■ ' de l'analyse du Laboratoire Municipal,</index>
            <genre source="hm" time="2019-09-29T14:07:30.343+02:00">publicite</genre>
            <genre source="final">publicite</genre>
          </ill>
        </ills>
      </page>
      <page ordre="4">
        <nbMot>2066</nbMot>
        <blocTexte>683</blocTexte>
        <blocTab>0</blocTab>
        <blocPub>0</blocPub>
        <blocIllustration>0</blocIllustration>
      </page>
    </pages>
  </contenus>
</analyseAlto>