<analyseAlto>
  <metad>
    <type>P</type>
    <ID>bpt6k751478k</ID>
    <titre>Le Siècle</titre>
    <dateEdition>1920-03-14</dateEdition>
    <nbPage>4</nbPage>
    <suppl>FALSE</suppl>
  </metad>
  <contenus>
    <largeur>355</largeur>
    <hauteur>538</hauteur>
    <pages>
      <page ordre="1">
        <nbMot>590</nbMot>
        <blocTexte>35</blocTexte>
        <blocTab>0</blocTab>
        <blocPub>0</blocPub>
        <blocIllustration>1</blocIllustration>
        <ills/>
      </page>
      <page ordre="2">
        <nbMot>778</nbMot>
        <blocTexte>37</blocTexte>
        <blocTab>0</blocTab>
        <blocPub>0</blocPub>
        <blocIllustration>2</blocIllustration>
        <ills/>
      </page>
      <page ordre="3">
        <nbMot>757</nbMot>
        <blocTexte>32</blocTexte>
        <blocTab>0</blocTab>
        <blocPub>0</blocPub>
        <blocIllustration>3</blocIllustration>
        <ills>
          <ill classif="DFdnn" couleur="gris" edit="1" h="248" n="3-1" pub="1" taille="0" w="674" x="3312" y="5212">
            <leg>ET P0UC £.v.</leg>
            <txt>^r\ veKte » R RIS-Z'MC 7 ! 1 MAX ViTERBO t Q-ujtÂ*? I JUSTiCE</txt>
            <index>ET P0UC £.v.^r\ veKte » R RIS-Z'MC 7 ! 1 MAX ViTERBO t Q-ujtÂ*? I JUSTiCE</index>
            <genre source="hm" time="2019-09-29T14:24:59.545+02:00">publicite</genre>
            <genre source="final">publicite</genre>
          </ill>
        </ills>
      </page>
      <page ordre="4">
        <nbMot>1111</nbMot>
        <blocTexte>406</blocTexte>
        <blocTab>0</blocTab>
        <blocPub>0</blocPub>
        <blocIllustration>4</blocIllustration>
        <ills>
          <ill couleur="gris" derniere="true" edit="1" h="358" n="4-1" pub="1" taille="0" w="746" x="3350" y="862">
            <leg>AVBS I^PO^TÂNT pour les Importateurs et Acheteurs Le Ministre des Manttionq du Gouvernement Britannique a édité une petite brochure sons le titre  SURPLUS  donnant le détail complet des considé rables stocks disponibles de l'Armée, actuellement à vendre et entreposés en Angleterre. Ces stocks comprennent: Matériaux de Ceastructioa - Mobilier Macbines-OutQs - Machinerie à vapeur Matériel de Chemina de Fer et de Docks Bateaux et bateaux automoteur! - Cuirs et Textiles • Métaux • Fers - Aéroplanes Produits chimiques et médicaux, etc. Demander la Brochure f'SURPLUS   (publication bl mensuelle én angiâlsj'âon- liant le* détails les plus précis sur tous les articles el-ûetsut, prix franco : 1 fr., ou pour 3 mois : g frs. tn écrivant ou n'adressant d g Publicity Department, 179, Rue de la Pompe, PARIS (Fassy)</leg>
            <index>AVBS I^PO^TÂNT pour les Importateurs et Acheteurs Le Ministre des Manttionq du Gouvernement Britannique a édité une petite brochure sons le titre  SURPLUS  donnant le détail complet des considé rables stocks disponibles de l'Armée, actuellement à vendre et entreposés en Angleterre. Ces stocks comprennent: Matériaux de Ceastructioa - Mobilier Macbines-OutQs - Machinerie à vapeur Matériel de Chemina de Fer et de Docks Bateaux et bateaux automoteur! - Cuirs et Textiles • Métaux • Fers - Aéroplanes Produits chimiques et médicaux, etc. Demander la Brochure f'SURPLUS   (publication bl mensuelle én angiâlsj'âon- liant le* détails les plus précis sur tous les articles el-ûetsut, prix franco : 1 fr., ou pour 3 mois : g frs. tn écrivant ou n'adressant d g Publicity Department, 179, Rue de la Pompe, PARIS (Fassy):a 500 m..| ... 73^ ... m- ... 67 i ... 63 ■ ... 62 : ... 60# .. 60 - i</index>
            <genre source="hm" time="2019-09-29T14:16:25.1+02:00">publicite</genre>
            <genre source="final">publicite</genre>
          </ill>
          <ill couleur="gris" derniere="true" edit="1" h="497" n="4-3" pub="1" taille="0" w="715" x="2595" y="3688">
            <index/>
            <genre source="hm" time="2019-09-29T14:20:22.901+02:00">publicite</genre>
            <genre source="final">publicite</genre>
          </ill>
        </ills>
      </page>
    </pages>
  </contenus>
</analyseAlto>