<doc>
  <metad>
    <type>P</type>
    <ID>bpt6k7515327</ID>
    <titre>Le Siècle</titre>
    <dateEdition>1920-05-07</dateEdition>
    <nbPage>4</nbPage>
    <suppl>FALSE</suppl>
  </metad>
  <contenus>
    <largeur>363</largeur>
    <hauteur>537</hauteur>
    <pages>
      <page ordre="1">
        <nbMot>600</nbMot>
        <blocTexte>28</blocTexte>
        <blocTab>0</blocTab>
        <blocPub>0</blocPub>
        <blocIllustration>1</blocIllustration>
        <ills/>
      </page>
      <page ordre="2">
        <nbMot>771</nbMot>
        <blocTexte>36</blocTexte>
        <blocTab>0</blocTab>
        <blocPub>0</blocPub>
        <blocIllustration>7</blocIllustration>
        <ills/>
      </page>
      <page ordre="3">
        <nbMot>798</nbMot>
        <blocTexte>18</blocTexte>
        <blocTab>0</blocTab>
        <blocPub>0</blocPub>
        <blocIllustration>0</blocIllustration>
      </page>
      <page ordre="4">
        <nbMot>1103</nbMot>
        <blocTexte>345</blocTexte>
        <blocTab>0</blocTab>
        <blocPub>0</blocPub>
        <blocIllustration>2</blocIllustration>
        <ills>
          <ill couleur="gris" derniere="true" edit="1" h="459" n="4-1" pub="1" taille="0" w="1028" x="1811" y="2605">
            <leg>. . . 7 I • f YgrosSÏè mille fo/s ji^)</leg>
            <txt>En Vente à PARIS-MIDI JUSTICE et POLICE Un Volume de MAX V1TERBO Préface cfu : bdtonnier Hehri'Hobert ' Avant-propos de Clément _ Vautel Illustrations dd Mofiss • Noël Dorvi'lc ' Max Aghion • vianchard • Jîanni , Prix : 5 Francs . ! Le Gérant t Hlppolyte V iippieb. VOLUMARD, imprimeur, 21, rue Cadet.</txt>
            <index>. . . 7 I • f YgrosSÏè mille fo/s ji^)En Vente à PARIS-MIDI JUSTICE et POLICE Un Volume de MAX V1TERBO Préface cfu : bdtonnier Hehri'Hobert ' Avant-propos de Clément _ Vautel Illustrations dd Mofiss • Noël Dorvi'lc ' Max Aghion • vianchard • Jîanni , Prix : 5 Francs . ! Le Gérant t Hlppolyte V iippieb. VOLUMARD, imprimeur, 21, rue Cadet.</index>
            <genre source="hm" time="2019-09-29T14:21:40.617+02:00">publicite</genre>
            <genre source="final">publicite</genre>
          </ill>
          <ill classif="DFdnn" couleur="gris" derniere="true" edit="1" h="1409" n="4-2" pub="1" taille="2" w="1059" x="3011" y="2744">
            <leg>ofe joie.//</leg>
            <txt>AffflBAUÙ et Cf c, £2.ihe de fiferiqneri, P ar Cons6a  gêné fias O.tiKG/BBS du savon pour ta barbe du savon dentifrice du savon Cold Cream</txt>
            <index>ofe joie.//AffflBAUÙ et Cf c, £2.ihe de fiferiqneri, P ar Cons6a  gêné fias O.tiKG/BBS du savon pour ta barbe du savon dentifrice du savon Cold Cream</index>
            <genre source="hm" time="2019-09-29T14:17:00.22+02:00">publicite</genre>
            <genre source="final">publicite</genre>
          </ill>
        </ills>
      </page>
    </pages>
  </contenus>
</doc>