<doc>
  <metad>
    <type>P</type>
    <ID>bpt6k7517426</ID>
    <titre>Le Siècle</titre>
    <dateEdition>1920-12-04</dateEdition>
    <nbPage>4</nbPage>
    <suppl>FALSE</suppl>
  </metad>
  <contenus>
    <largeur>362</largeur>
    <hauteur>545</hauteur>
    <pages>
      <page ordre="1">
        <nbMot>612</nbMot>
        <blocTexte>30</blocTexte>
        <blocTab>0</blocTab>
        <blocPub>0</blocPub>
        <blocIllustration>7</blocIllustration>
        <ills/>
      </page>
      <page ordre="2">
        <nbMot>753</nbMot>
        <blocTexte>39</blocTexte>
        <blocTab>0</blocTab>
        <blocPub>0</blocPub>
        <blocIllustration>9</blocIllustration>
        <ills>
          <ill couleur="gris" edit="1" h="719" n="2-9" pub="1" taille="1" w="749" x="3352" y="2683">
            <txt>La disparition de Raymond Lefebvre et de ses deux camarades  continue à soule ver des commentaires assez vifs. Est-ce un drame de la politique ? sa demande l 'Homme Libre : On a dit d'abord que leur retour sur un bateau de pécheur avait été rendu indispen sable par le blocus des alliés. Tout aussitôt il a bien fallu remarquer que cette précaution n'avait été prise ni par MM. Cachin et Fros- sard. qui 'sont revenus de Russie sans encom bre, ni par M. Lafant, malgré les difficultés que lui suscitèrent les bolcheviks... Puis la réflexion venant, pn se souvint de certaines lettres des trois camarades qui n'étaient pas précisément chaleureuses dans leuns apprécia tions du régime maximaliste... Et,-finalement,. la question s'est posée toute seule : ces gens qui ne reviendront jamais, que personne n'a vu périr, dont nul ne sait ni le lieu ni l'heure de la 'mort, n'Qnt-rls pas simplement touché le fond de l'eau parce que leur témoignage pou vait être compromettant ? : La République des Soyiets, écrit Emile | Buré (Eclair), ne souffre que les « faux i témoins » ou les « avocats complaisants ». Cadhin et Frossatd avaient chanté le bol- clieviame sur le mode lyrique. Wells le la mente avec, un curieux sadisme intellectuel. Nous venons de lire ses articles du Progrès Civique et nous jurons ( tu' H s sont ' ébourif fants. En une seule phrase, on peut- le résu mer. » Le. gouvernement des soviets est un gouvernement d'assassins, de valeurs et de fous, mais il est..le seul gouvernement que p plaisant aux descriptions. dés « utopiS s, les siennes, fantaisistes par nu arde, iront jamais réussi qu'a, nous endormir. Mais ii   faut reconnaître que, peignant cette fois non plus ce que ses yeux n'ont pas vu, mais cei qu'ils ont vu, il ..s'est surpassé. Il semble être tombé de la lune à Moscou et, loin de l'in cliner à la prudence, cette aventure a ren- ' forcé au contraire son dogmatisme qui .con clut invariablement contre ses prémices. ' Mais l'explication par l'assassinat de la disparition des trois militants n'est pas admise dans les journaux .d'extrême gau che. Victor Mêric s'indigne dans le Journal du Peuple i Cette façon de- jouer du cadavre est sim plement ignominieuse. Les mots font défaut pour qualifier de tels procédés. Et l'on se de mande quelle singulière idée*peuvent se faire; du journalisme des plumitifs assez miséra bles-pour se livrer à d'aussi lugubres facéties,^ Le blocus est la cause de cette  mort, dit l'Humanité. « Il obligé en effet nombre de nos camarades à braver les plus graves, dangers qui leur sont confiés par leurs, organisations. » Mais voici que l 'Eclaireur do Nice four nit une autre explication en publiant, d'une personnalité connue, récemment re venue de Russie, ces. quelques lignes : Au mois de septembre dernier, je me trou vais encore à Petrograd, attendant mon ra patriement en France, et là. j'ai appris que » ces trois messieurs, accompagnés do Victor Serge (alias Kilbatchiche). avaient rendu vi- site à M; Daziara, marchand coimu de t</txt>
            <index>La disparition de Raymond Lefebvre et de ses deux camarades  continue à soule ver des commentaires assez vifs. Est-ce un drame de la politique ? sa demande l 'Homme Libre : On a dit d'abord que leur retour sur un bateau de pécheur avait été rendu indispen sable par le blocus des alliés. Tout aussitôt il a bien fallu remarquer que cette précaution n'avait été prise ni par MM. Cachin et Fros- sard. qui 'sont revenus de Russie sans encom bre, ni par M. Lafant, malgré les difficultés que lui suscitèrent les bolcheviks... Puis la réflexion venant, pn se souvint de certaines lettres des trois camarades qui n'étaient pas précisément chaleureuses dans leuns apprécia tions du régime maximaliste... Et,-finalement,. la question s'est posée toute seule : ces gens qui ne reviendront jamais, que personne n'a vu périr, dont nul ne sait ni le lieu ni l'heure de la 'mort, n'Qnt-rls pas simplement touché le fond de l'eau parce que leur témoignage pou vait être compromettant ? : La République des Soyiets, écrit Emile | Buré (Eclair), ne souffre que les « faux i témoins » ou les « avocats complaisants ». Cadhin et Frossatd avaient chanté le bol- clieviame sur le mode lyrique. Wells le la mente avec, un curieux sadisme intellectuel. Nous venons de lire ses articles du Progrès Civique et nous jurons ( tu' H s sont ' ébourif fants. En une seule phrase, on peut- le résu mer. » Le. gouvernement des soviets est un gouvernement d'assassins, de valeurs et de fous, mais il est..le seul gouvernement que p plaisant aux descriptions. dés « utopiS s, les siennes, fantaisistes par nu arde, iront jamais réussi qu'a, nous endormir. Mais ii   faut reconnaître que, peignant cette fois non plus ce que ses yeux n'ont pas vu, mais cei qu'ils ont vu, il ..s'est surpassé. Il semble être tombé de la lune à Moscou et, loin de l'in cliner à la prudence, cette aventure a ren- ' forcé au contraire son dogmatisme qui .con clut invariablement contre ses prémices. ' Mais l'explication par l'assassinat de la disparition des trois militants n'est pas admise dans les journaux .d'extrême gau che. Victor Mêric s'indigne dans le Journal du Peuple i Cette façon de- jouer du cadavre est sim plement ignominieuse. Les mots font défaut pour qualifier de tels procédés. Et l'on se de mande quelle singulière idée*peuvent se faire; du journalisme des plumitifs assez miséra bles-pour se livrer à d'aussi lugubres facéties,^ Le blocus est la cause de cette  mort, dit l'Humanité. « Il obligé en effet nombre de nos camarades à braver les plus graves, dangers qui leur sont confiés par leurs, organisations. » Mais voici que l 'Eclaireur do Nice four nit une autre explication en publiant, d'une personnalité connue, récemment re venue de Russie, ces. quelques lignes : Au mois de septembre dernier, je me trou vais encore à Petrograd, attendant mon ra patriement en France, et là. j'ai appris que » ces trois messieurs, accompagnés do Victor Serge (alias Kilbatchiche). avaient rendu vi- site à M; Daziara, marchand coimu de t</index>
            <genre source="hm" time="2019-09-29T14:31:18.662+02:00">publicite</genre>
            <genre source="final">publicite</genre>
          </ill>
        </ills>
      </page>
      <page ordre="3">
        <nbMot>675</nbMot>
        <blocTexte>28</blocTexte>
        <blocTab>0</blocTab>
        <blocPub>0</blocPub>
        <blocIllustration>6</blocIllustration>
        <ills>
          <ill classif="DFdnn" couleur="gris" edit="1" h="864" n="3-1" pub="1" taille="1" w="727" x="1813" y="1699">
            <contenuImg CS="1" lang="fr" source="hm" time="2020-04-08T18:15:00.851+02:00">bateau</contenuImg>
            <contenuImg CS="1" lang="fr" source="hm" time="2020-04-08T18:13:33.572+02:00">voiture</contenuImg>
            <leg>S} GAtABUKOA ««astK.cn</leg>
            <txt>Biles seront émises au prix de 600 fr. Cotte nme sera payable : 150 francs en sous crivant 1B0 fr. à la répartition du 10 au 20 janvier 1921 et 300 fr. a la libération dont le dernier délai est fixé au 30 juin 1921, mais avec intérêts ù, 6 % dftpuis le  21 janvier jus qu'au jour de versement. Les souscripteurs peuvent d'ailleurs, à leur gré, se libérer in tégralement, soit en souscrivant, soit ù la répartition. Un droit de préférence est réservé aux por teurs d'actions anciennes dans la propor tion d'une action nouvelle pour 7 anciennes. En outre, tout porteur d'actions anciennes, quel qu'en soit le nombre, pourra présenter une souscription à titre réductible qui sera servie dans la mesure du disponible laissé après attribution des souscriptions irréduc tibles.   Enfin, nous croyons savoir quo le dividende de l'exercice 1920, auquel participeront les •nouveaux titres, sera de 40 fr. brut, soit 36 fr. net; les actions nouvelles se capitali seront ainsi au taux do 6 %, particulière ment appréciable pour des valeurs aussi classées et dont la! stabilité échappe à toute discussion.</txt>
            <index>S} GAtABUKOA ««astK.cnBiles seront émises au prix de 600 fr. Cotte nme sera payable : 150 francs en sous crivant 1B0 fr. à la répartition du 10 au 20 janvier 1921 et 300 fr. a la libération dont le dernier délai est fixé au 30 juin 1921, mais avec intérêts ù, 6 % dftpuis le  21 janvier jus qu'au jour de versement. Les souscripteurs peuvent d'ailleurs, à leur gré, se libérer in tégralement, soit en souscrivant, soit ù la répartition. Un droit de préférence est réservé aux por teurs d'actions anciennes dans la propor tion d'une action nouvelle pour 7 anciennes. En outre, tout porteur d'actions anciennes, quel qu'en soit le nombre, pourra présenter une souscription à titre réductible qui sera servie dans la mesure du disponible laissé après attribution des souscriptions irréduc tibles.   Enfin, nous croyons savoir quo le dividende de l'exercice 1920, auquel participeront les •nouveaux titres, sera de 40 fr. brut, soit 36 fr. net; les actions nouvelles se capitali seront ainsi au taux do 6 %, particulière ment appréciable pour des valeurs aussi classées et dont la! stabilité échappe à toute discussion.</index>
            <genre source="hm" time="2019-09-29T14:30:42.728+02:00">publicite</genre>
            <genre source="final">publicite</genre>
            <contenuImg CS="1" lang="en" source="hm" time="2020-04-08T18:13:33.572+02:00">car</contenuImg>
            <contenuImg CS="1" lang="en" source="hm" time="2020-04-08T18:15:00.851+02:00">boat</contenuImg>
          </ill>
          <ill couleur="gris" edit="1" h="936" n="3-2" pub="1" taille="1" w="751" x="1804" y="2827">
            <leg>Ventes à l'Hôtel Drouot : salle !5, tableaux, porcelaines, meubles anciens (M . Bignon) ; salle 10, objets d'art d'Extrême-Orient (M 0 » I.air-Dubrsiiil et Warin) ; salle 11, objets</leg>
            <txt>S} GAtABUKOA ««astK.cn Tint» a. AUTO- CsrïcuiTS - NQRD.-AFR !GA !MS i.yoo hilomiitil dans la nUttu auto de luxs Pro*pocSus,Billett oomprenanttous les frais : Paquebots-Auto-.Hôtels spéoiaux-Pourboires S'idr 01, C' # F so du Tosrisœa, 30 S* in Cspaclnes - Pari» et Agences de Voyapea</txt>
            <index>Ventes à l'Hôtel Drouot : salle !5, tableaux, porcelaines, meubles anciens (M . Bignon) ; salle 10, objets d'art d'Extrême-Orient (M 0 » I.air-Dubrsiiil et Warin) ; salle 11, objetsS} GAtABUKOA ««astK.cn Tint» a. AUTO- CsrïcuiTS - NQRD.-AFR !GA !MS i.yoo hilomiitil dans la nUttu auto de luxs Pro*pocSus,Billett oomprenanttous les frais : Paquebots-Auto-.Hôtels spéoiaux-Pourboires S'idr 01, C' # F so du Tosrisœa, 30 S* in Cspaclnes - Pari» et Agences de Voyapea</index>
            <genre source="hm" time="2019-09-29T14:31:13.236+02:00">publicite</genre>
            <genre source="final">publicite</genre>
          </ill>
        </ills>
      </page>
      <page ordre="4">
        <nbMot>1040</nbMot>
        <blocTexte>354</blocTexte>
        <blocTab>0</blocTab>
        <blocPub>0</blocPub>
        <blocIllustration>4</blocIllustration>
        <ills/>
      </page>
    </pages>
  </contenus>
</doc>