<doc>
  <metad>
    <type>P</type>
    <ID>bpt6k751418h</ID>
    <titre>Le Siècle</titre>
    <dateEdition>1920-01-14</dateEdition>
    <nbPage>4</nbPage>
    <suppl>FALSE</suppl>
  </metad>
  <contenus>
    <largeur>354</largeur>
    <hauteur>539</hauteur>
    <pages>
      <page ordre="1">
        <nbMot>581</nbMot>
        <blocTexte>29</blocTexte>
        <blocTab>0</blocTab>
        <blocPub>0</blocPub>
        <blocIllustration>0</blocIllustration>
      </page>
      <page ordre="2">
        <nbMot>763</nbMot>
        <blocTexte>40</blocTexte>
        <blocTab>0</blocTab>
        <blocPub>0</blocPub>
        <blocIllustration>3</blocIllustration>
        <ills/>
      </page>
      <page ordre="3">
        <nbMot>664</nbMot>
        <blocTexte>25</blocTexte>
        <blocTab>0</blocTab>
        <blocPub>0</blocPub>
        <blocIllustration>2</blocIllustration>
        <ills>
          <ill couleur="gris" edit="1" h="578" n="3-2" pub="1" taille="1" w="1218" x="2549" y="3598">
            <txt>Intérim. Le bureau de la GSwn re «te commerce de Parie Dans la réunion qu'ils ont tenue hier après- anidi, les membres de la chambre de com merce de Paris ont procédé à la désignation des membres du bureau pour l'année 1920. Ce spnt : président, M. Pascalis : vice-pré- feidents, MM. Roger et Proust ; secrétaires, MM; Darras et Godet; trésorier, M. Legouez. Le nouveau bureau sera installé mercredi prochain par le wéfet de la Seine, au cour» d'une séance qui sera présidée par. le minis tre du commerce. Les mines de ouivre de Calama La Chilc Exploitation Company, qui ex ploite les riches gisements de cuivre de Ca lama (Antofagasta) et dont le siège social est à New-York, a décidé, paraît-il, de tripler pro chainement. son capital,' qui est actuellement ,de 100 millions dé dollars; Les installations de /cette importante société oeuvrent une super ficie de 20 kilomètres- • et Bile occupe actuel lement plus de 14-000 travailleurs.</txt>
            <index>Intérim. Le bureau de la GSwn re «te commerce de Parie Dans la réunion qu'ils ont tenue hier après- anidi, les membres de la chambre de com merce de Paris ont procédé à la désignation des membres du bureau pour l'année 1920. Ce spnt : président, M. Pascalis : vice-pré- feidents, MM. Roger et Proust ; secrétaires, MM; Darras et Godet; trésorier, M. Legouez. Le nouveau bureau sera installé mercredi prochain par le wéfet de la Seine, au cour» d'une séance qui sera présidée par. le minis tre du commerce. Les mines de ouivre de Calama La Chilc Exploitation Company, qui ex ploite les riches gisements de cuivre de Ca lama (Antofagasta) et dont le siège social est à New-York, a décidé, paraît-il, de tripler pro chainement. son capital,' qui est actuellement ,de 100 millions dé dollars; Les installations de /cette importante société oeuvrent une super ficie de 20 kilomètres- • et Bile occupe actuel lement plus de 14-000 travailleurs.</index>
            <genre source="hm" time="2019-09-29T14:19:40.733+02:00">publicite</genre>
            <genre source="final">publicite</genre>
          </ill>
        </ills>
      </page>
      <page ordre="4">
        <nbMot>1023</nbMot>
        <blocTexte>317</blocTexte>
        <blocTab>0</blocTab>
        <blocPub>0</blocPub>
        <blocIllustration>2</blocIllustration>
        <ills/>
      </page>
    </pages>
  </contenus>
</doc>