<doc>
  <metad>
    <type>P</type>
    <ID>bpt6k751476t</ID>
    <titre>Le Siècle</titre>
    <dateEdition>1920-03-12</dateEdition>
    <nbPage>4</nbPage>
    <suppl>FALSE</suppl>
  </metad>
  <contenus>
    <largeur>359</largeur>
    <hauteur>538</hauteur>
    <pages>
      <page ordre="1">
        <nbMot>574</nbMot>
        <blocTexte>39</blocTexte>
        <blocTab>0</blocTab>
        <blocPub>0</blocPub>
        <blocIllustration>4</blocIllustration>
        <ills/>
      </page>
      <page ordre="2">
        <nbMot>767</nbMot>
        <blocTexte>29</blocTexte>
        <blocTab>0</blocTab>
        <blocPub>0</blocPub>
        <blocIllustration>1</blocIllustration>
        <ills/>
      </page>
      <page ordre="3">
        <nbMot>776</nbMot>
        <blocTexte>28</blocTexte>
        <blocTab>0</blocTab>
        <blocPub>0</blocPub>
        <blocIllustration>2</blocIllustration>
        <ills>
          <ill classif="DFdnn" couleur="gris" edit="1" h="257" n="3-1" pub="1" taille="0" w="682" x="3394" y="4634">
            <leg>ET P0UC ...</leg>
            <txt>La partie commence à devenir serrée — et sévère. Après la comédie bouffe, les inter mèdes, les divertissements, c'est le drame au quel nous allons assister. M. Caillaux fut-il; en Italie, « l'animateur », d'une paix sans victoire ? Nous savons qu'au sens vulgaire du mot, on ne saurait voir en lui un « profiteur do la guerre ». Mais ne tenta-t-il point de continuer, en pleine con flagration européenne, sa politique person nelle ? Ses imprudences, son intempérance de langage, sa mégalomanie ne confinèrent-elles point, à certains moments, à une sorte de complicité avec nos ennemis ? Nous ne tarderons point, h l'apprendre, s'il est. bien convenu qu'on en finit, une fois pour toutes, avec les bagatelles de la porte... Voici la premier témoin, M. Charles Roux, silhouetté par M. Victor Bonnans (Journal du Peuple) : ■M. 'Qharles Roux, élégant jusqu'au dan dysme — d'autres diraient gandin — un rou leau de papier jaune sous le bras, fait une • entrée de diseur inondato'. M. Charles Roux prend du souffle, assure ses manchettes com me/ un chanteur qui se prépare avant la première note de l'orchestre... Maie ce n'est pas la romance en vogue qu'il nous « pous sera ». c'est, avec un brio de bonimenteur éprouvé, une exhibition de prestidigitateur pour mannezingue au coin, à laquelle il nous convie. Corrigeons ce qu'il y a de caricatural dans ce iportrait, pair ces quelques mots de M. Louis Laitearus (Gaulois) qui a vu, lui, «  un homme jeune, calme, réfléchi,- qui pèse ses termes, n'élève po qui ne sont point acceptées par le plus grand nombre. Je ne dis pas qui! ait raison ou tort... J'indique que c'est sa manière. Elle Semble avoir des inconvénients. Le Liseur. vente à PARIS . MAX ViTERBO JUSTICE</txt>
            <index>ET P0UC ...La partie commence à devenir serrée — et sévère. Après la comédie bouffe, les inter mèdes, les divertissements, c'est le drame au quel nous allons assister. M. Caillaux fut-il; en Italie, « l'animateur », d'une paix sans victoire ? Nous savons qu'au sens vulgaire du mot, on ne saurait voir en lui un « profiteur do la guerre ». Mais ne tenta-t-il point de continuer, en pleine con flagration européenne, sa politique person nelle ? Ses imprudences, son intempérance de langage, sa mégalomanie ne confinèrent-elles point, à certains moments, à une sorte de complicité avec nos ennemis ? Nous ne tarderons point, h l'apprendre, s'il est. bien convenu qu'on en finit, une fois pour toutes, avec les bagatelles de la porte... Voici la premier témoin, M. Charles Roux, silhouetté par M. Victor Bonnans (Journal du Peuple) : ■M. 'Qharles Roux, élégant jusqu'au dan dysme — d'autres diraient gandin — un rou leau de papier jaune sous le bras, fait une • entrée de diseur inondato'. M. Charles Roux prend du souffle, assure ses manchettes com me/ un chanteur qui se prépare avant la première note de l'orchestre... Maie ce n'est pas la romance en vogue qu'il nous « pous sera ». c'est, avec un brio de bonimenteur éprouvé, une exhibition de prestidigitateur pour mannezingue au coin, à laquelle il nous convie. Corrigeons ce qu'il y a de caricatural dans ce iportrait, pair ces quelques mots de M. Louis Laitearus (Gaulois) qui a vu, lui, «  un homme jeune, calme, réfléchi,- qui pèse ses termes, n'élève po qui ne sont point acceptées par le plus grand nombre. Je ne dis pas qui! ait raison ou tort... J'indique que c'est sa manière. Elle Semble avoir des inconvénients. Le Liseur. vente à PARIS . MAX ViTERBO JUSTICE</index>
            <genre source="hm" time="2019-09-29T14:16:23.178+02:00">publicite</genre>
            <genre source="final">publicite</genre>
          </ill>
        </ills>
      </page>
      <page ordre="4">
        <nbMot>920</nbMot>
        <blocTexte>355</blocTexte>
        <blocTab>0</blocTab>
        <blocPub>0</blocPub>
        <blocIllustration>6</blocIllustration>
        <ills/>
      </page>
    </pages>
  </contenus>
</doc>