<doc>
  <metad>
    <type>P</type>
    <ID>bpt6k7516048</ID>
    <titre>Le Siècle</titre>
    <dateEdition>1920-07-19</dateEdition>
    <nbPage>4</nbPage>
    <suppl>FALSE</suppl>
  </metad>
  <contenus>
    <largeur>359</largeur>
    <hauteur>538</hauteur>
    <pages>
      <page ordre="1">
        <nbMot>528</nbMot>
        <blocTexte>40</blocTexte>
        <blocTab>0</blocTab>
        <blocPub>0</blocPub>
        <blocIllustration>0</blocIllustration>
      </page>
      <page ordre="2">
        <nbMot>780</nbMot>
        <blocTexte>54</blocTexte>
        <blocTab>0</blocTab>
        <blocPub>0</blocPub>
        <blocIllustration>2</blocIllustration>
        <ills/>
      </page>
      <page ordre="3">
        <nbMot>538</nbMot>
        <blocTexte>26</blocTexte>
        <blocTab>0</blocTab>
        <blocPub>0</blocPub>
        <blocIllustration>10</blocIllustration>
        <ills>
          <ill couleur="gris" edit="1" h="833" n="3-1" pub="1" taille="0" w="495" x="2636" y="1619">
            <leg>TE LEPHO NIE - ' . Appareils # pour Batterie Centrale Iïiégra |ê supprimant toute pUe chez l'abonnéïf  . Robustesse et g rande sensibilité pour tes gr andes distances SOCIÉTÉ 'ANONYME DES PORCELAINES ET APPAREILLAGES ELECTRIQUES GRAMMONT Siège Social : 10, Rue d' Uzè s PARIS WHMWWWWmunMilMtlWII'IWJWMH—  sureaux et Magasins ; 123, Rue de Grenelle, . PARIS (VII e ) .. Té!. Saxe 25-14 et 52-14</leg>
            <txt>■ ■  «s - - La Vie Sportive LES REUNIONS DU DIMANCHE • Athlétisme, — ,A 14 h. 30, Demi-finales et fi nales des Championnats de France d'athlétis me (U.S.F.S.A.), Stade Pershing (Joinville* le-Pont) ; a 16 h. 30 : arrivée de la course dits Marathon (30 leil.}. — Challenges nationaux de la. F.S.A.P.F,. (2° journée), au Parc des Princes. — Course Paris-Riva-Bella. Cyclisme. — 14 h., Vélodrome du Parc des - Princes, 34» championnat de France vitesse.; — Prix René Pottier (amateurs), organisé: par le V.C.L. Tennis. — Finale des Critériums de France! (2° série), au Stade Jean-Bouin, entre le C.A., S.G. et le Stade Bordelais. Natation. — 14 h., Championnats Intercor- . porations aux Pingouins à !a Maltournée. Sports féminins. — Acadamia : Stade du 1 Val-d'Or, entraînement, culture physique, concours athlétiques, basket-ball, professeurs MM. Hivert et Steiner. — , '  ■ Sensationnelle Vente de Chaussures La grande journée de ventes .préparée pour, le MARDI 20 COURANT par le PALAIS do la NOUVEAUTE dépassera en importance tous les précédents. ■ Aucune MAISON ' ne peut offrir dans les temps présents, des occasions aussi sensation nelles ni. un choix aussi considérable en; chaussures élégantes et de tout, premier ordre? pour Hommes, Dames, Fillettes et Garçonnets*; Voir notre annonce en quatrième page don nant un aperçu des articles sacrifiés ' à de3 pri^ dérisoires de bon marché. •</txt>
            <index>TE LEPHO NIE - ' . Appareils # pour Batterie Centrale Iïiégra |ê supprimant toute pUe chez l'abonnéïf  . Robustesse et g rande sensibilité pour tes gr andes distances SOCIÉTÉ 'ANONYME DES PORCELAINES ET APPAREILLAGES ELECTRIQUES GRAMMONT Siège Social : 10, Rue d' Uzè s PARIS WHMWWWWmunMilMtlWII'IWJWMH—  sureaux et Magasins ; 123, Rue de Grenelle, . PARIS (VII e ) .. Té!. Saxe 25-14 et 52-14■ ■  «s - - La Vie Sportive LES REUNIONS DU DIMANCHE • Athlétisme, — ,A 14 h. 30, Demi-finales et fi nales des Championnats de France d'athlétis me (U.S.F.S.A.), Stade Pershing (Joinville* le-Pont) ; a 16 h. 30 : arrivée de la course dits Marathon (30 leil.}. — Challenges nationaux de la. F.S.A.P.F,. (2° journée), au Parc des Princes. — Course Paris-Riva-Bella. Cyclisme. — 14 h., Vélodrome du Parc des - Princes, 34» championnat de France vitesse.; — Prix René Pottier (amateurs), organisé: par le V.C.L. Tennis. — Finale des Critériums de France! (2° série), au Stade Jean-Bouin, entre le C.A., S.G. et le Stade Bordelais. Natation. — 14 h., Championnats Intercor- . porations aux Pingouins à !a Maltournée. Sports féminins. — Acadamia : Stade du 1 Val-d'Or, entraînement, culture physique, concours athlétiques, basket-ball, professeurs MM. Hivert et Steiner. — , '  ■ Sensationnelle Vente de Chaussures La grande journée de ventes .préparée pour, le MARDI 20 COURANT par le PALAIS do la NOUVEAUTE dépassera en importance tous les précédents. ■ Aucune MAISON ' ne peut offrir dans les temps présents, des occasions aussi sensation nelles ni. un choix aussi considérable en; chaussures élégantes et de tout, premier ordre? pour Hommes, Dames, Fillettes et Garçonnets*; Voir notre annonce en quatrième page don nant un aperçu des articles sacrifiés ' à de3 pri^ dérisoires de bon marché. •</index>
            <genre source="hm" time="2019-09-29T14:25:58.284+02:00">publicite</genre>
            <genre source="final">publicite</genre>
          </ill>
        </ills>
      </page>
      <page ordre="4">
        <nbMot>992</nbMot>
        <blocTexte>334</blocTexte>
        <blocTab>0</blocTab>
        <blocPub>0</blocPub>
        <blocIllustration>11</blocIllustration>
        <ills>
          <ill couleur="gris" derniere="true" edit="1" h="445" n="4-4" pub="1" taille="0" w="478" x="1864" y="4709">
            <leg>HOMMES</leg>
            <txt>BOTTINES. La douzaine</txt>
            <index>HOMMESBOTTINES. La douzaine</index>
            <genre source="hm" time="2019-09-29T14:22:49.637+02:00">publicite</genre>
            <genre source="final">publicite</genre>
          </ill>
          <ill classif="DFdnn" couleur="gris" derniere="true" edit="1" h="436" n="4-5" pub="1" taille="0" w="582" x="2716" y="4707">
            <leg>MANTEAUX IMPERMÉABILISÉS p a* P' fillettes, Gabardine kalcl. le 60 cm. » B 8 et 4 fr. par S cenllmôlres. ws? on lot PALETOTS Tricot laine pour dames, séries dépareillées. Soldés QANTS pour dames, Suéde piqués anglais, fcauleur 6 boutons, fermeture rt fit tirette, gris, suède, beige. R h.Qfl Sensationnel B «'131# UN LOT COSTUMES COUTIL américain, côlelé bleu et blanc, nour car» çonnets de 3 à 12 ans. Sans précédent prix unique UN LOT JEAN BART Paille fine, ruban bleu, pour garçonnets. Valeur 7.50. Soldés CEINTURE-GILET pour Hommes, g% Faillenoireou marine,touteslaiiles, h rn Valeur 10 fr. Soidéi VbOU CALEÇONS Coton mailles fines, p' Hommes' laines assorties, gris clair, tabac r* __ et écru. Valeur réelle 12 fr.9  . M.7S Pour ce jour C H ÂP E AU X so u 1 )1 es PaSHo riz .ç.Mtiae r» mode,pour Messieurs el Garçon- n Cfl neis. Valeur 9 fr. 90. Soldés Grand Choix de COMPLETS p' Hommes t En FLANELLE mélangée belge 4 Ofi w »u grise. J £u.» EnFLANELLEparslalne,blanche irn V v rayée ou grise, |Qy,/  PANTALOMS Gabardin® la!ne ou tlaneîle blanche. PAfîE-POUSSIÉRE alpaga K r| s- 35.» et STORES-VITRAGES en belle GUIPU?.E crOme, deux stores li«50 X OraCO, « n deux brise-bise On.'JO x Omoo.   I.a fonén-e complète s wl  an AN DE VENTE RÉCLAME d» PAPIERS-PEINTS Se lon 'ES nuances, n «g Le rouleau 2 75. 2.50, 2.35 et £.£  (Pour ce jour et Paris seulement) CHAISES DE CUISINE, Tout Bois 4A u (Aritcii! recommande). Ce jour \£./f</leg>
            <txt>AU PALJUS...NOUmUTÉ</txt>
            <index>MANTEAUX IMPERMÉABILISÉS p a* P' fillettes, Gabardine kalcl. le 60 cm. » B 8 et 4 fr. par S cenllmôlres. ws? on lot PALETOTS Tricot laine pour dames, séries dépareillées. Soldés QANTS pour dames, Suéde piqués anglais, fcauleur 6 boutons, fermeture rt fit tirette, gris, suède, beige. R h.Qfl Sensationnel B «'131# UN LOT COSTUMES COUTIL américain, côlelé bleu et blanc, nour car» çonnets de 3 à 12 ans. Sans précédent prix unique UN LOT JEAN BART Paille fine, ruban bleu, pour garçonnets. Valeur 7.50. Soldés CEINTURE-GILET pour Hommes, g% Faillenoireou marine,touteslaiiles, h rn Valeur 10 fr. Soidéi VbOU CALEÇONS Coton mailles fines, p' Hommes' laines assorties, gris clair, tabac r* __ et écru. Valeur réelle 12 fr.9  . M.7S Pour ce jour C H ÂP E AU X so u 1 )1 es PaSHo riz .ç.Mtiae r» mode,pour Messieurs el Garçon- n Cfl neis. Valeur 9 fr. 90. Soldés Grand Choix de COMPLETS p' Hommes t En FLANELLE mélangée belge 4 Ofi w »u grise. J £u.» EnFLANELLEparslalne,blanche irn V v rayée ou grise, |Qy,/  PANTALOMS Gabardin® la!ne ou tlaneîle blanche. PAfîE-POUSSIÉRE alpaga K r| s- 35.» et STORES-VITRAGES en belle GUIPU?.E crOme, deux stores li«50 X OraCO, « n deux brise-bise On.'JO x Omoo.   I.a fonén-e complète s wl  an AN DE VENTE RÉCLAME d» PAPIERS-PEINTS Se lon 'ES nuances, n «g Le rouleau 2 75. 2.50, 2.35 et £.£  (Pour ce jour et Paris seulement) CHAISES DE CUISINE, Tout Bois 4A u (Aritcii! recommande). Ce jour \£./fAU PALJUS...NOUmUTÉ</index>
            <genre source="hm" time="2019-09-29T14:25:54.021+02:00">publicite</genre>
            <genre source="final">publicite</genre>
          </ill>
          <ill classif="DFdnn" couleur="gris" derniere="true" edit="1" h="522" n="4-6" pub="1" taille="0" w="388" x="1543" y="5322">
            <index>48, »</index>
            <genre source="hm" time="2019-09-29T14:25:56.463+02:00">publicite</genre>
            <genre source="final">publicite</genre>
          </ill>
          <ill couleur="gris" derniere="true" edit="1" h="384" n="4-7" pub="1" taille="0" w="497" x="1970" y="5455">
            <index>48, »</index>
            <genre source="hm" time="2019-09-29T14:25:51.488+02:00">publicite</genre>
            <genre source="final">publicite</genre>
          </ill>
          <ill couleur="gris" derniere="true" edit="1" h="458" n="4-9" pub="1" taille="0" w="372" x="3271" y="5377">
            <leg>BOTTINES DERBY Pour GARÇONNETS BOX-CALF</leg>
            <txt>1 (Valeur réelle 39 fr.)</txt>
            <index>BOTTINES DERBY Pour GARÇONNETS BOX-CALF1 (Valeur réelle 39 fr.)</index>
            <genre source="hm" time="2019-09-29T14:25:45.88+02:00">publicite</genre>
            <genre source="final">publicite</genre>
          </ill>
        </ills>
      </page>
    </pages>
  </contenus>
</doc>