<doc>
  <metad>
    <type>P</type>
    <ID>bpt6k751662k</ID>
    <titre>Le Siècle</titre>
    <dateEdition>1920-09-15</dateEdition>
    <nbPage>4</nbPage>
    <suppl>FALSE</suppl>
  </metad>
  <contenus>
    <largeur>360</largeur>
    <hauteur>538</hauteur>
    <pages>
      <page ordre="1">
        <nbMot>580</nbMot>
        <blocTexte>35</blocTexte>
        <blocTab>0</blocTab>
        <blocPub>0</blocPub>
        <blocIllustration>0</blocIllustration>
      </page>
      <page ordre="2">
        <nbMot>793</nbMot>
        <blocTexte>13</blocTexte>
        <blocTab>0</blocTab>
        <blocPub>0</blocPub>
        <blocIllustration>4</blocIllustration>
        <ills>
          <ill couleur="gris" edit="1" h="287" n="2-1" pub="1" taille="0" w="740" x="1014" y="3798">
            <leg>LA VI LL</leg>
            <txt>^Théâtre du Peuple, une tentative double 'd'Opéra et de Comédie Populaires, une-en treprise de représentations dans ics théâ tres de quartier réalisée par l'Opéra-Co mique, la fondation du Théâtre Populaire do Bell-eville et, enfin, les représentations de J'Œuvra des Trente Ans de Théâtre. Installé avenue de Gliehy, dans la salle 'du Jhéâtre Moncey, le Théâtre du Peuple s'était constitué une troupe et voulait for mer un répertoire d'œuvres littéraires écri tes spécialement pour son public. Les prix 'étaient minimes et les intentions excel lentes. Les premières pièces étaient signées de Romain Rolland, de Lucien Besnaid. Bien présentées, interprétées par des ar tistes de talent, «lies méritaient le succès. ' Klles l'auraient peut-être obtenu sous une ■outre enseigne. Mais, le titre, peu flatteur, de Théâtre du Peuple valut à l'entreprise le dédain des ouvriers et l'indifférence des bourgeois. Une tentative double d'Opéra et de Comé- irîie Populaires faite dans les deux théâtres du Château d'Eau et des Folies-Drama tiques,, n'eut pas'un meilleur destin. Là, les causes de l'échec furent différantes, ïîlles vinrent, en majeure partie, d'une or ganisation financière défectueuse. . La tentative la plu* curieuse fut celle que [réalisa rOpêra-Coimquie. Prenant des élé ments de la troupe de la salle Favart, cons tituant un petit choral et un orchestre peu nombreux, M. Albert Carré décida de re présenter dhaque fois, pendant une semaine   tour de rôle, dans les théâtres de Gre nelle, d de la mairie de Courbevoic et de Saint- Denis. ou recourir à une idée que Gémie-r a jadis essayé de réaliser pour la pro vince, l'idée excellente du Théâtre Ambu lant. soijce de baraque Ad ri an _ spéciale, facile à transporter et a monter, et pour laquelle Paris, dans tous ses- arrondisse ments, offrirait de multiples emplace ments. • . - Le principe de la tournée étant admis, quel peut être le programme d'un théâtre populaire ? Celui qui va se créer peut compter sur le concours des subvention nés et du Conservatoire. De quelle façon et dans quelle mesure peut-il recourir à leur aide ? Le drame et la comédie Au point de vue dramatique, trois con cours : la Comédie-Française, l'Odéon, le Conservatoire. La .Comedie et l'Odéon peuvent donner des spectacles classiques, soit séparément soit en fournissant tous deux une partie de l'interprétation. L'ef fort de coordination du Théâtre Populaire doit porter sur la formation d'un pro gramme, conçu à la façon d'un program me scolaire, mais embrassant, en une dou zaine de spectacles faisant Je tour des quartiers de Paris, les chefs-d'œuvre les plus caractéristiques de notre littérature- dramatique. Corneille,- Racine, Molière, La Fontaine, Beaumarchais, Regnard, Marivaux, Victor Hugo, Alfred de Musset, Emi-le ■ Augier, Alexandre Dumas, et un auteur contemporain pourraient jalonner l'ordre logique d'un pareil programme qui se renouvellerait, d'une année à Fau te, à pefii près dans le même ordre. Les deux subventionnés possèdent un assez</txt>
            <index>LA VI LL^Théâtre du Peuple, une tentative double 'd'Opéra et de Comédie Populaires, une-en treprise de représentations dans ics théâ tres de quartier réalisée par l'Opéra-Co mique, la fondation du Théâtre Populaire do Bell-eville et, enfin, les représentations de J'Œuvra des Trente Ans de Théâtre. Installé avenue de Gliehy, dans la salle 'du Jhéâtre Moncey, le Théâtre du Peuple s'était constitué une troupe et voulait for mer un répertoire d'œuvres littéraires écri tes spécialement pour son public. Les prix 'étaient minimes et les intentions excel lentes. Les premières pièces étaient signées de Romain Rolland, de Lucien Besnaid. Bien présentées, interprétées par des ar tistes de talent, «lies méritaient le succès. ' Klles l'auraient peut-être obtenu sous une ■outre enseigne. Mais, le titre, peu flatteur, de Théâtre du Peuple valut à l'entreprise le dédain des ouvriers et l'indifférence des bourgeois. Une tentative double d'Opéra et de Comé- irîie Populaires faite dans les deux théâtres du Château d'Eau et des Folies-Drama tiques,, n'eut pas'un meilleur destin. Là, les causes de l'échec furent différantes, ïîlles vinrent, en majeure partie, d'une or ganisation financière défectueuse. . La tentative la plu* curieuse fut celle que [réalisa rOpêra-Coimquie. Prenant des élé ments de la troupe de la salle Favart, cons tituant un petit choral et un orchestre peu nombreux, M. Albert Carré décida de re présenter dhaque fois, pendant une semaine   tour de rôle, dans les théâtres de Gre nelle, d de la mairie de Courbevoic et de Saint- Denis. ou recourir à une idée que Gémie-r a jadis essayé de réaliser pour la pro vince, l'idée excellente du Théâtre Ambu lant. soijce de baraque Ad ri an _ spéciale, facile à transporter et a monter, et pour laquelle Paris, dans tous ses- arrondisse ments, offrirait de multiples emplace ments. • . - Le principe de la tournée étant admis, quel peut être le programme d'un théâtre populaire ? Celui qui va se créer peut compter sur le concours des subvention nés et du Conservatoire. De quelle façon et dans quelle mesure peut-il recourir à leur aide ? Le drame et la comédie Au point de vue dramatique, trois con cours : la Comédie-Française, l'Odéon, le Conservatoire. La .Comedie et l'Odéon peuvent donner des spectacles classiques, soit séparément soit en fournissant tous deux une partie de l'interprétation. L'ef fort de coordination du Théâtre Populaire doit porter sur la formation d'un pro gramme, conçu à la façon d'un program me scolaire, mais embrassant, en une dou zaine de spectacles faisant Je tour des quartiers de Paris, les chefs-d'œuvre les plus caractéristiques de notre littérature- dramatique. Corneille,- Racine, Molière, La Fontaine, Beaumarchais, Regnard, Marivaux, Victor Hugo, Alfred de Musset, Emi-le ■ Augier, Alexandre Dumas, et un auteur contemporain pourraient jalonner l'ordre logique d'un pareil programme qui se renouvellerait, d'une année à Fau te, à pefii près dans le même ordre. Les deux subventionnés possèdent un assez</index>
            <genre source="hm" time="2019-09-29T14:23:27.555+02:00">publicite</genre>
            <genre source="final">publicite</genre>
          </ill>
        </ills>
      </page>
      <page ordre="3">
        <nbMot>797</nbMot>
        <blocTexte>24</blocTexte>
        <blocTab>0</blocTab>
        <blocPub>0</blocPub>
        <blocIllustration>1</blocIllustration>
        <ills/>
      </page>
      <page ordre="4">
        <nbMot>982</nbMot>
        <blocTexte>433</blocTexte>
        <blocTab>0</blocTab>
        <blocPub>0</blocPub>
        <blocIllustration>3</blocIllustration>
        <ills/>
      </page>
    </pages>
  </contenus>
</doc>