<analyseAlto>
  <metad>
    <type>P</type>
    <ID>bpt6k751583b</ID>
    <titre>Le Siècle</titre>
    <dateEdition>1920-06-27</dateEdition>
    <nbPage>4</nbPage>
    <suppl>FALSE</suppl>
  </metad>
  <contenus>
    <largeur>356</largeur>
    <hauteur>536</hauteur>
    <pages>
      <page ordre="1">
        <nbMot>598</nbMot>
        <blocTexte>31</blocTexte>
        <blocTab>0</blocTab>
        <blocPub>0</blocPub>
        <blocIllustration>0</blocIllustration>
      </page>
      <page ordre="2">
        <nbMot>781</nbMot>
        <blocTexte>37</blocTexte>
        <blocTab>0</blocTab>
        <blocPub>0</blocPub>
        <blocIllustration>1</blocIllustration>
        <ills/>
      </page>
      <page ordre="3">
        <nbMot>791</nbMot>
        <blocTexte>27</blocTexte>
        <blocTab>0</blocTab>
        <blocPub>0</blocPub>
        <blocIllustration>0</blocIllustration>
      </page>
      <page ordre="4">
        <nbMot>1192</nbMot>
        <blocTexte>327</blocTexte>
        <blocTab>0</blocTab>
        <blocPub>0</blocPub>
        <blocIllustration>2</blocIllustration>
        <ills>
          <ill classif="DFdnn" couleur="gris" derniere="true" edit="1" h="903" n="4-1" pub="1" taille="2" w="1426" x="2604" y="3254">
            <txt>W. Flatman .3 Mélina II...25000 48 J.-L. Nounez ......... 3 Maynade .25000 48 P. Parot 3 Bubale ....25000 48 Mlle L. Guilmot 3 Battlefic-Jd .20000 47 H. Poinsot ..... 3 Amy II ....20000 454 A. Delattre 3 Carrure ,...20000 454 qu'un souffle de désir eût suffi pour les Jeter par-dessus les moulins. Le Prix du Rendez-Vous a été gagné .par Veller Feller sur Siller et Sartelles. C'était un bien pauvre lot. Great Sister, un peu déclassée, a enfln ga gné assez facilement, mais, elle a trouvé un adversaire inattendu en Nectar III qui l'a un peu menacée à la dernière haie. Lone Pine a fait une faute au huit qui l'a un peu re-  tardée. Pauvre Prix des Drags ! Commencé avets quatre partants, il a fliïi par un walk over d'Héros XII. Harr est tombé au début et Troytown s'est cassé la jambe au saut du broolc. Il avait sauté la rivière des Tribunss de pied ferme et juste la chute avait été sauvée. Tam Tam à ce moment suivait déjà de loin. Le Gr^nd Prix de l'Elevage — présenta-1 ment prix Sagan — est revenu à Bus. Vaut- il les 35.000 francs du prix ? Enfin il a gagna parce qu'il fallait un gagnant. King Frusquin 1 seul lui a tenu tête à la fin, mais le- poids' s'en fait sentir. Patrocle, en condition som maire, a été le premier battu. Qui'Y Pense. • qu'on avait oublié pend'ant le. parcours, a fait un rapproché final si menaçant qu'il eût gagné peut-être cinquante mètres plus loin.. Le Prix de Bretagne est'revenu à La Re vanche qui, à la fin, a battu Samalut. Ce der» niera très bien sauté et a donné l'impres sion d'un gagnant jusqu'à la dernière haie. Raviole a été arrêtée et. Mlle Jacqueline a désarçonné Jean Baptiste à la riviere. Saint Frusquin. ■VMi PRIX DU RENDEZ-VOUS (haies, à réclamer 5.000 francs, 3.100 mè</txt>
            <index>W. Flatman .3 Mélina II...25000 48 J.-L. Nounez ......... 3 Maynade .25000 48 P. Parot 3 Bubale ....25000 48 Mlle L. Guilmot 3 Battlefic-Jd .20000 47 H. Poinsot ..... 3 Amy II ....20000 454 A. Delattre 3 Carrure ,...20000 454 qu'un souffle de désir eût suffi pour les Jeter par-dessus les moulins. Le Prix du Rendez-Vous a été gagné .par Veller Feller sur Siller et Sartelles. C'était un bien pauvre lot. Great Sister, un peu déclassée, a enfln ga gné assez facilement, mais, elle a trouvé un adversaire inattendu en Nectar III qui l'a un peu menacée à la dernière haie. Lone Pine a fait une faute au huit qui l'a un peu re-  tardée. Pauvre Prix des Drags ! Commencé avets quatre partants, il a fliïi par un walk over d'Héros XII. Harr est tombé au début et Troytown s'est cassé la jambe au saut du broolc. Il avait sauté la rivière des Tribunss de pied ferme et juste la chute avait été sauvée. Tam Tam à ce moment suivait déjà de loin. Le Gr^nd Prix de l'Elevage — présenta-1 ment prix Sagan — est revenu à Bus. Vaut- il les 35.000 francs du prix ? Enfin il a gagna parce qu'il fallait un gagnant. King Frusquin 1 seul lui a tenu tête à la fin, mais le- poids' s'en fait sentir. Patrocle, en condition som maire, a été le premier battu. Qui'Y Pense. • qu'on avait oublié pend'ant le. parcours, a fait un rapproché final si menaçant qu'il eût gagné peut-être cinquante mètres plus loin.. Le Prix de Bretagne est'revenu à La Re vanche qui, à la fin, a battu Samalut. Ce der» niera très bien sauté et a donné l'impres sion d'un gagnant jusqu'à la dernière haie. Raviole a été arrêtée et. Mlle Jacqueline a désarçonné Jean Baptiste à la riviere. Saint Frusquin. ■VMi PRIX DU RENDEZ-VOUS (haies, à réclamer 5.000 francs, 3.100 mè</index>
            <genre source="hm" time="2019-09-29T14:25:39.496+02:00">publicite</genre>
            <genre source="final">publicite</genre>
          </ill>
        </ills>
      </page>
    </pages>
  </contenus>
</analyseAlto>