<doc>
  <metad>
    <type>P</type>
    <ID>bpt6k751356t</ID>
    <titre>Le Siècle</titre>
    <dateEdition>1919-10-22</dateEdition>
    <nbPage>4</nbPage>
    <suppl>FALSE</suppl>
  </metad>
  <contenus>
    <largeur>352</largeur>
    <hauteur>532</hauteur>
    <pages>
      <page ordre="1">
        <nbMot>556</nbMot>
        <blocTexte>43</blocTexte>
        <blocTab>0</blocTab>
        <blocPub>0</blocPub>
        <blocIllustration>4</blocIllustration>
        <ills/>
      </page>
      <page ordre="2">
        <nbMot>738</nbMot>
        <blocTexte>38</blocTexte>
        <blocTab>0</blocTab>
        <blocPub>0</blocPub>
        <blocIllustration>3</blocIllustration>
        <ills>
          <ill couleur="gris" edit="1" h="330" n="2-2" pub="1" taille="0" w="750" x="3384" y="3750">
            <leg>[ le Programme gratuit Ha ■ ta E tÈbf JtmET-BUFFEREAU SJ-fe PARIS M - nftHrrr - i.n.î,«—BnuToxca» ■ r</leg>
            <txt>Armée cl Marine POUR LES MILITAIRES ET MARINS BLESSES OU INFIRMES DE LA GUERRE Tous las Français gui ont fait la guerre, tous ceux qui ont perdu, des êtres chers dans l'ef froyable fournaise, ceux qui ont souffert les mutilations et les ruines de la guerre, ont le droit d'exiger que la paix, la paix, glorieuse qui a suivi la victoire, soit dig ne de leurs, épreuves et de leurs sacrifices. Il faut aussi que l'Etat pense à la misère des infirmes qui ont versé leur, sang et donné une partie d'eux-mêmes pour la grandeur de leur patrie ; l'Etat a, envers eux, contracte une dette qu'il faut payer. C'est pour leur venir en aide, à ces braves soldats, dans la satisfaction de leurs droits, c'est pour leur éviter de nombreuses recher ches pour l'obtention des emplois civils et mi litaires qui sont mis àjeur disposition, qu'a été Mite le volume 36 bis du * Bulletin offi ciel » du ministère de la Guerre. Il faut connaître tous les arrêtés qut se rap portent aux multiples situations de nos in firmes du fait de la guerre ; il faut savoir quelles sont les blessures qui permettent de concourir pour un emploi réservé, ainsi qut les conditions d'acceptation et d'offre d'em-  plois ; on doit se rendre compte des épreuvei techniques à subi* par les candidats à unt date et à une centre d'examen déterminés t enfin il y a nécessairement un dossier à cons  tituer Tous ces renseignements et bien d'autres fort intéressants sont donnés dans ee volume 36 bis, édité par Lavauselle, 124, boulevard St-Germain. UN JOURNAL</txt>
            <index>[ le Programme gratuit Ha ■ ta E tÈbf JtmET-BUFFEREAU SJ-fe PARIS M - nftHrrr - i.n.î,«—BnuToxca» ■ rArmée cl Marine POUR LES MILITAIRES ET MARINS BLESSES OU INFIRMES DE LA GUERRE Tous las Français gui ont fait la guerre, tous ceux qui ont perdu, des êtres chers dans l'ef froyable fournaise, ceux qui ont souffert les mutilations et les ruines de la guerre, ont le droit d'exiger que la paix, la paix, glorieuse qui a suivi la victoire, soit dig ne de leurs, épreuves et de leurs sacrifices. Il faut aussi que l'Etat pense à la misère des infirmes qui ont versé leur, sang et donné une partie d'eux-mêmes pour la grandeur de leur patrie ; l'Etat a, envers eux, contracte une dette qu'il faut payer. C'est pour leur venir en aide, à ces braves soldats, dans la satisfaction de leurs droits, c'est pour leur éviter de nombreuses recher ches pour l'obtention des emplois civils et mi litaires qui sont mis àjeur disposition, qu'a été Mite le volume 36 bis du * Bulletin offi ciel » du ministère de la Guerre. Il faut connaître tous les arrêtés qut se rap portent aux multiples situations de nos in firmes du fait de la guerre ; il faut savoir quelles sont les blessures qui permettent de concourir pour un emploi réservé, ainsi qut les conditions d'acceptation et d'offre d'em-  plois ; on doit se rendre compte des épreuvei techniques à subi* par les candidats à unt date et à une centre d'examen déterminés t enfin il y a nécessairement un dossier à cons  tituer Tous ces renseignements et bien d'autres fort intéressants sont donnés dans ee volume 36 bis, édité par Lavauselle, 124, boulevard St-Germain. UN JOURNAL</index>
            <genre source="hm" time="2019-09-29T14:11:21.487+02:00">publicite</genre>
            <genre source="final">publicite</genre>
          </ill>
        </ills>
      </page>
      <page ordre="3">
        <nbMot>628</nbMot>
        <blocTexte>25</blocTexte>
        <blocTab>0</blocTab>
        <blocPub>0</blocPub>
        <blocIllustration>4</blocIllustration>
        <ills>
          <ill couleur="gris" edit="1" h="1117" n="3-1" pub="1" taille="2" w="1354" x="2624" y="1871">
            <contenuImg CS="1" lang="fr" source="hm" time="2020-04-08T18:09:36.375+02:00">camion</contenuImg>
            <leg>NOUVEL AU C.B. A,</leg>
            <txt>La Vie Sportive A la mémoire de Védrine» Une cérémonie touchante sa déroulera, jeu di prochain 23 octobre, dans l'après-midi, au cimetière Parisien de Pantin. M. Servant, délégué du « Nice-Sportif », déposera sur la tombe du regretté « Jules Védrines ». cham pion des missions spéciales, une splendide palme en bronze offerte par souscription. Une délégation des sportsmen niçois et de .membres de l'Aéronautique accompagneront M Servant. , Le rendez-vous est fixé pour jeudi à 15 heu res, à la porte d'entrée principale du cime tière de Pantin (tramways Opera-le Bourget et République-Cimetière Pantin et Opéra- Pantin).</txt>
            <index>NOUVEL AU C.B. A,La Vie Sportive A la mémoire de Védrine» Une cérémonie touchante sa déroulera, jeu di prochain 23 octobre, dans l'après-midi, au cimetière Parisien de Pantin. M. Servant, délégué du « Nice-Sportif », déposera sur la tombe du regretté « Jules Védrines ». cham pion des missions spéciales, une splendide palme en bronze offerte par souscription. Une délégation des sportsmen niçois et de .membres de l'Aéronautique accompagneront M Servant. , Le rendez-vous est fixé pour jeudi à 15 heu res, à la porte d'entrée principale du cime tière de Pantin (tramways Opera-le Bourget et République-Cimetière Pantin et Opéra- Pantin).</index>
            <genre source="hm" time="2019-09-29T14:11:06.224+02:00">publicite</genre>
            <genre source="final">publicite</genre>
            <contenuImg CS="1" lang="en" source="hm" time="2020-04-08T18:09:36.375+02:00">truck</contenuImg>
          </ill>
          <ill couleur="gris" edit="1" h="370" n="3-4" pub="1" taille="0" w="785" x="2620" y="3664">
            <leg>259.Avenue Berlhdtôt LYON IS2.A v. J m Champ» EI y »  M PARIS</leg>
            <txt>1 PRIX NET „ 5I.OOO Francs</txt>
            <index>259.Avenue Berlhdtôt LYON IS2.A v. J m Champ» EI y »  M PARIS1 PRIX NET „ 5I.OOO Francs</index>
            <genre source="hm" time="2019-09-29T14:11:23.658+02:00">publicite</genre>
            <genre source="final">publicite</genre>
          </ill>
        </ills>
      </page>
      <page ordre="4">
        <nbMot>1014</nbMot>
        <blocTexte>116</blocTexte>
        <blocTab>0</blocTab>
        <blocPub>0</blocPub>
        <blocIllustration>2</blocIllustration>
        <ills>
          <ill classif="DFdnn" couleur="gris" derniere="true" edit="1" h="668" n="4-1" pub="1" taille="0" w="401" x="3239" y="4798">
            <txt>PRIX KERYM Haies, handicap. — 4.000 fr. — 3.100 métrés Lord Derby 5 Seneschal' 68 K.-K. Vanderbilt 4 Kingdom -.65 A. Bézard 4 Le Moussel ..... 64 A. Harduin 5 Nieuport 61- Dupont S Odin II ......... 62 *  4 Jobard 61J ... 01 ... 60§ ... 60$ 4 Clan Ronald.... 60 P. A. Eknayan -, . G. Merle a Le Zotto J.' Cerf 4 Aglaure O'Keenan 6 Odoacre P. Lardet L. Gagé 5 Précy .. H. Balsan à Salorge</txt>
            <index>, 60 60PRIX KERYM Haies, handicap. — 4.000 fr. — 3.100 métrés Lord Derby 5 Seneschal' 68 K.-K. Vanderbilt 4 Kingdom -.65 A. Bézard 4 Le Moussel ..... 64 A. Harduin 5 Nieuport 61- Dupont S Odin II ......... 62 *  4 Jobard 61J ... 01 ... 60§ ... 60$ 4 Clan Ronald.... 60 P. A. Eknayan -, . G. Merle a Le Zotto J.' Cerf 4 Aglaure O'Keenan 6 Odoacre P. Lardet L. Gagé 5 Précy .. H. Balsan à Salorge</index>
            <genre source="hm" time="2019-09-29T14:11:28.88+02:00">publicite</genre>
            <genre source="final">publicite</genre>
          </ill>
        </ills>
      </page>
    </pages>
  </contenus>
</doc>