<analyseAlto>
  <metad>
    <type>P</type>
    <ID>bpt6k7514818</ID>
    <titre>Le Siècle</titre>
    <dateEdition>1920-03-17</dateEdition>
    <nbPage>4</nbPage>
    <suppl>FALSE</suppl>
  </metad>
  <contenus>
    <largeur>356</largeur>
    <hauteur>538</hauteur>
    <pages>
      <page ordre="1">
        <nbMot>561</nbMot>
        <blocTexte>28</blocTexte>
        <blocTab>0</blocTab>
        <blocPub>0</blocPub>
        <blocIllustration>3</blocIllustration>
        <ills/>
      </page>
      <page ordre="2">
        <nbMot>744</nbMot>
        <blocTexte>42</blocTexte>
        <blocTab>0</blocTab>
        <blocPub>0</blocPub>
        <blocIllustration>4</blocIllustration>
        <ills>
          <ill classif="DFdnn" couleur="gris" edit="1" h="246" n="2-3" pub="1" taille="0" w="674" x="3362" y="3132">
            <leg>ET POUCE...</leg>
            <txt>J JU5TÎCE</txt>
            <index>ET POUCE...J JU5TÎCE</index>
            <genre source="hm" time="2019-09-29T14:16:26.177+02:00">publicite</genre>
            <genre source="final">publicite</genre>
          </ill>
        </ills>
      </page>
      <page ordre="3">
        <nbMot>702</nbMot>
        <blocTexte>24</blocTexte>
        <blocTab>0</blocTab>
        <blocPub>0</blocPub>
        <blocIllustration>2</blocIllustration>
        <ills/>
      </page>
      <page ordre="4">
        <nbMot>1121</nbMot>
        <blocTexte>315</blocTexte>
        <blocTab>0</blocTab>
        <blocPub>0</blocPub>
        <blocIllustration>1</blocIllustration>
        <ills>
          <ill couleur="gris" derniere="true" edit="1" h="945" n="4-1" pub="1" taille="1" w="740" x="3312" y="491">
            <leg>XeN?deMARS ejfe unWdefOLLE GAllÉ G ioucoune roman nègre PAUL REBOUXl LE SYNDICAT DES FESSÉS PAR ALFRED MACHARO COMÉDIE GAIE RAR GEORGES BERR ifamctn +2ccmédief*6rpuvellej ^5Ar  ^*12Moîigne Ie,ni%   3h.</leg>
            <txt>La Vie Sportive t BOXE Le grand match Ledoux-Cottlon Ce soir, au CJrqua de. Parle Notre meilleur combattant français aiprês Car.pentier, le petit champion d'Europe des poids coqs, Charles liâdoux, invadneu dans une catégorie où nous possédons, avec Criqui et Dastillqn.-de.ux autres représentants de gran do valeur, doit livrer, ce soir, au Cirque de Paris, le plus important combat de sa carriè re} contre l'ex-charopjoij^du. monde I 3ÏMmy Coulon. » : . ' . . ! L'Américain, engagé par -la.-GûnttoemM Sporting Club pour combattre Lettoux est bien Vun/des plus fameux.pugilistes qui-aient existé. Son dernier combat,  jui date de 1917, fut li vré é oirtre l'actuel ■ chaaipiœ du . monde Pète Herman, qui. le battit aux points. Invincible à son poids en Europe, Charles Ledoux, s'il -est encore victorieux, pourra à son tour revendiquer un combat contre Peté Herrnan 'pour le titre mondial. Ledoux a 28 ans et Coulon 31 ans ; le combat en 20 rounds de 3 minutes est donc bien équilibré. Il nous fixera sur: la légitimité des espoirs du cham pion français; , - • , CROSS'COUNTRY 1 j   Championnat d« Franca se disputera di manche-prochain à Colombes. Guillemot, vain queur du Ghampionmt d'Angleterre,; y parti cipera. , ..... FOOTBALL-RUGBY Dimanche prochain, à Colombes; match comptant pour le Championnat de Fiance en tre le B. C. de France et l'D. S. Dacquoise. i OYCLIS-ME - Iji deuxième course des six joui-s, de .New- York a été gagnée par Goullet-Magin ; 2. Godivier-Van Nek ; 3.2Loèd P Mull-Kaisea' 3. Dupuy-Haxd</txt>
            <index>XeN?deMARS ejfe unWdefOLLE GAllÉ G ioucoune roman nègre PAUL REBOUXl LE SYNDICAT DES FESSÉS PAR ALFRED MACHARO COMÉDIE GAIE RAR GEORGES BERR ifamctn +2ccmédief*6rpuvellej ^5Ar  ^*12Moîigne Ie,ni%   3h.La Vie Sportive t BOXE Le grand match Ledoux-Cottlon Ce soir, au CJrqua de. Parle Notre meilleur combattant français aiprês Car.pentier, le petit champion d'Europe des poids coqs, Charles liâdoux, invadneu dans une catégorie où nous possédons, avec Criqui et Dastillqn.-de.ux autres représentants de gran do valeur, doit livrer, ce soir, au Cirque de Paris, le plus important combat de sa carriè re} contre l'ex-charopjoij^du. monde I 3ÏMmy Coulon. » : . ' . . ! L'Américain, engagé par -la.-GûnttoemM Sporting Club pour combattre Lettoux est bien Vun/des plus fameux.pugilistes qui-aient existé. Son dernier combat,  jui date de 1917, fut li vré é oirtre l'actuel ■ chaaipiœ du . monde Pète Herman, qui. le battit aux points. Invincible à son poids en Europe, Charles Ledoux, s'il -est encore victorieux, pourra à son tour revendiquer un combat contre Peté Herrnan 'pour le titre mondial. Ledoux a 28 ans et Coulon 31 ans ; le combat en 20 rounds de 3 minutes est donc bien équilibré. Il nous fixera sur: la légitimité des espoirs du cham pion français; , - • , CROSS'COUNTRY 1 j   Championnat d« Franca se disputera di manche-prochain à Colombes. Guillemot, vain queur du Ghampionmt d'Angleterre,; y parti cipera. , ..... FOOTBALL-RUGBY Dimanche prochain, à Colombes; match comptant pour le Championnat de Fiance en tre le B. C. de France et l'D. S. Dacquoise. i OYCLIS-ME - Iji deuxième course des six joui-s, de .New- York a été gagnée par Goullet-Magin ; 2. Godivier-Van Nek ; 3.2Loèd P Mull-Kaisea' 3. Dupuy-Haxd</index>
            <genre source="hm" time="2019-09-29T14:20:20.818+02:00">publicite</genre>
            <genre source="final">publicite</genre>
          </ill>
        </ills>
      </page>
    </pages>
  </contenus>
</analyseAlto>