<analyseAlto>
  <metad>
    <type>P</type>
    <ID>bpt6k751620f</ID>
    <titre>Le Siècle</titre>
    <dateEdition>1920-08-04</dateEdition>
    <nbPage>4</nbPage>
    <suppl>FALSE</suppl>
  </metad>
  <contenus>
    <largeur>358</largeur>
    <hauteur>540</hauteur>
    <pages>
      <page ordre="1">
        <nbMot>561</nbMot>
        <blocTexte>41</blocTexte>
        <blocTab>0</blocTab>
        <blocPub>0</blocPub>
        <blocIllustration>3</blocIllustration>
        <ills/>
      </page>
      <page ordre="2">
        <nbMot>787</nbMot>
        <blocTexte>22</blocTexte>
        <blocTab>0</blocTab>
        <blocPub>0</blocPub>
        <blocIllustration>1</blocIllustration>
        <ills/>
      </page>
      <page ordre="3">
        <nbMot>786</nbMot>
        <blocTexte>22</blocTexte>
        <blocTab>0</blocTab>
        <blocPub>0</blocPub>
        <blocIllustration>0</blocIllustration>
      </page>
      <page ordre="4">
        <nbMot>1197</nbMot>
        <blocTexte>306</blocTexte>
        <blocTab>0</blocTab>
        <blocPub>0</blocPub>
        <blocIllustration>2</blocIllustration>
        <ills>
          <ill classif="DFdnn" couleur="gris" derniere="true" edit="1" h="914" n="4-1" pub="1" taille="1" w="743" x="968" y="4697">
            <contenuImg CS="0.98" h="102" l="90" sexe="P" source="dnn" x="162" y="182">face</contenuImg>
            <index/>
            <genre source="hm" time="2019-09-29T14:25:47.749+02:00">publicite</genre>
            <genre source="final">publicite</genre>
          </ill>
        </ills>
      </page>
    </pages>
  </contenus>
</analyseAlto>