<analyseAlto>
  <metad>
    <type>P</type>
    <ID>bpt6k751714x</ID>
    <titre>Le Siècle</titre>
    <dateEdition>1920-11-06</dateEdition>
    <nbPage>4</nbPage>
    <suppl>FALSE</suppl>
  </metad>
  <contenus>
    <largeur>363</largeur>
    <hauteur>540</hauteur>
    <pages>
      <page ordre="1">
        <nbMot>601</nbMot>
        <blocTexte>27</blocTexte>
        <blocTab>0</blocTab>
        <blocPub>0</blocPub>
        <blocIllustration>1</blocIllustration>
        <ills/>
      </page>
      <page ordre="2">
        <nbMot>788</nbMot>
        <blocTexte>42</blocTexte>
        <blocTab>0</blocTab>
        <blocPub>0</blocPub>
        <blocIllustration>5</blocIllustration>
        <ills/>
      </page>
      <page ordre="3">
        <nbMot>729</nbMot>
        <blocTexte>25</blocTexte>
        <blocTab>0</blocTab>
        <blocPub>0</blocPub>
        <blocIllustration>2</blocIllustration>
        <ills>
          <ill classif="DFdnn" couleur="gris" edit="1" h="860" n="3-1" pub="1" taille="1" w="720" x="3397" y="2364">
            <contenuImg CS="1" lang="fr" source="hm" time="2020-04-08T18:14:39.493+02:00">bateau</contenuImg>
            <contenuImg CS="1" lang="fr" source="hm" time="2020-04-08T18:13:00.631+02:00">voiture</contenuImg>
            <leg>«arcaucm</leg>
            <txt>La Vie Financière Bulletin financier du 4 novembre 1920- Le marché a été peu actif, mais cependant généralement bien tenu. Au marché officiel, les Sociétés de Crédit et les valeurs de trans port ont encore été eai faveur. Lourdeur du a % français et des ionds Russes. En Banque, le nouveau progrès de la livre sterling a provoqué de nouveau des achats sur les valeurs d'arbitrage, notamment en ca qui concerne la De Beers et les mines d'or. La Royal Dutch bénéficia d'une nouvelle plus- value sur la nouvelle avance enregistrée à Amsterdam. Les -autres pétrolières ont subi, au contraire, un peu de tassement. Nouvelles offres en caoutchoutières. No tire 3 % passe de p 55, 5 à 55,75. Crédit Na tional ancien 486, nouveau 487. Parmi les fonds a-us ses, } * Consolidé vaut S8.75. 1891 i'5 fr., 190  39 fr. La tendance de l'Extérieure Espagnole est satisfaisante. Le Turc, enregis tre une bonne plus-value à 73,50. Dans le groupe bancaire, la Banque de Pa ris se retrouve à 1.663, Comptoir 990, Natio nale do Crédit 830, Lyonnais 1.595 contre 1.550, Union Parisienne 1.174 contre 1.160, Crédit Mobilier 514. Valeurs industrielles irréguliàres : Penar- roya 1.350, Thomson 1.035, Métaux 969, Bo- léo 801. Très bonne tendance des valeurs de navi gation ; Chargeurs Réunis 1.190, Transatlan tique 374. Aux transports urbains signalons les Omnibus à 077, Métropolitain 318, Nord- Sud 177, Voitures 725. Les valeurs russes sont aux environs des cours d'hier. Rio Tinto ferme à 1.610. Sucreries d'Egypte bien Les garanties de l'Emprunt La fortune française « On lie prête qu'aux riches »,dit le proverbe^ A qui, dans ce cas. prêtera-t-on plus vo lontiers qu'à la, France 1 La France est riche ; elle est l'un des pays les plus riches du monde, puisqu'elle possède un domaine agricole, champs, fermes et ins truments de culture, qu'on n'estime pas   moins de 170 milliards ; un domaine minier évalué pour le minerai de fer (en quoi nous dépassons tous les autres pays du monde) à 30 milliards, pour la potasse à 60 milliards, pour le charbon à 500 milliards, sans parler de tant d'autres moindres richesses dont re gorgent le sol et le sous-sol de nôs colonies comme de la métropole ! Elle est riche, puis que, de' cet énorme capital, ses enfants sa vent tirer annuellement un revenu qui, d - près les calculs les plus autorisés, n'est inférieur à 175 milliards. Mais,- disent certains, toutes ces richesses, c'est à des particuliers qu'elles appartiennent. Et c'est l'Etat qui emprunte ! ' Comme s'il 11'y avait étroite solidarité en tre la fortune privée et lo. fortune publique ? Comme si les ressources de l'Etat, réserve fai te de quelques monopoles, pouvaient être constituées d'autre chose que des contribu tions des particuliers ? Comme pi, par k. sim ple jeu des impôts établis — ne fût-ce que  par celui des impôts de consommation, do l'impôt sur les révérais et de l'impôt sur 1s chiftivi d'affaires — le développement de l'ac tivité économique )3Tivée, l'enrichissement des agriculteurs et des .com</txt>
            <index>«arcaucmLa Vie Financière Bulletin financier du 4 novembre 1920- Le marché a été peu actif, mais cependant généralement bien tenu. Au marché officiel, les Sociétés de Crédit et les valeurs de trans port ont encore été eai faveur. Lourdeur du a % français et des ionds Russes. En Banque, le nouveau progrès de la livre sterling a provoqué de nouveau des achats sur les valeurs d'arbitrage, notamment en ca qui concerne la De Beers et les mines d'or. La Royal Dutch bénéficia d'une nouvelle plus- value sur la nouvelle avance enregistrée à Amsterdam. Les -autres pétrolières ont subi, au contraire, un peu de tassement. Nouvelles offres en caoutchoutières. No tire 3 % passe de p 55, 5 à 55,75. Crédit Na tional ancien 486, nouveau 487. Parmi les fonds a-us ses, } * Consolidé vaut S8.75. 1891 i'5 fr., 190  39 fr. La tendance de l'Extérieure Espagnole est satisfaisante. Le Turc, enregis tre une bonne plus-value à 73,50. Dans le groupe bancaire, la Banque de Pa ris se retrouve à 1.663, Comptoir 990, Natio nale do Crédit 830, Lyonnais 1.595 contre 1.550, Union Parisienne 1.174 contre 1.160, Crédit Mobilier 514. Valeurs industrielles irréguliàres : Penar- roya 1.350, Thomson 1.035, Métaux 969, Bo- léo 801. Très bonne tendance des valeurs de navi gation ; Chargeurs Réunis 1.190, Transatlan tique 374. Aux transports urbains signalons les Omnibus à 077, Métropolitain 318, Nord- Sud 177, Voitures 725. Les valeurs russes sont aux environs des cours d'hier. Rio Tinto ferme à 1.610. Sucreries d'Egypte bien Les garanties de l'Emprunt La fortune française « On lie prête qu'aux riches »,dit le proverbe^ A qui, dans ce cas. prêtera-t-on plus vo lontiers qu'à la, France 1 La France est riche ; elle est l'un des pays les plus riches du monde, puisqu'elle possède un domaine agricole, champs, fermes et ins truments de culture, qu'on n'estime pas   moins de 170 milliards ; un domaine minier évalué pour le minerai de fer (en quoi nous dépassons tous les autres pays du monde) à 30 milliards, pour la potasse à 60 milliards, pour le charbon à 500 milliards, sans parler de tant d'autres moindres richesses dont re gorgent le sol et le sous-sol de nôs colonies comme de la métropole ! Elle est riche, puis que, de' cet énorme capital, ses enfants sa vent tirer annuellement un revenu qui, d - près les calculs les plus autorisés, n'est inférieur à 175 milliards. Mais,- disent certains, toutes ces richesses, c'est à des particuliers qu'elles appartiennent. Et c'est l'Etat qui emprunte ! ' Comme s'il 11'y avait étroite solidarité en tre la fortune privée et lo. fortune publique ? Comme si les ressources de l'Etat, réserve fai te de quelques monopoles, pouvaient être constituées d'autre chose que des contribu tions des particuliers ? Comme pi, par k. sim ple jeu des impôts établis — ne fût-ce que  par celui des impôts de consommation, do l'impôt sur les révérais et de l'impôt sur 1s chiftivi d'affaires — le développement de l'ac tivité économique )3Tivée, l'enrichissement des agriculteurs et des .com</index>
            <genre source="hm" time="2019-09-29T14:27:37.252+02:00">publicite</genre>
            <genre source="final">publicite</genre>
            <contenuImg CS="1" lang="en" source="hm" time="2020-04-08T18:13:00.631+02:00">car</contenuImg>
            <contenuImg CS="1" lang="en" source="hm" time="2020-04-08T18:14:39.493+02:00">boat</contenuImg>
          </ill>
        </ills>
      </page>
      <page ordre="4">
        <nbMot>1075</nbMot>
        <blocTexte>367</blocTexte>
        <blocTab>0</blocTab>
        <blocPub>0</blocPub>
        <blocIllustration>1</blocIllustration>
        <ills/>
      </page>
    </pages>
  </contenus>
</analyseAlto>