<analyseAlto>
  <metad>
    <type>P</type>
    <ID>bpt6k7513843</ID>
    <titre>Le Siècle</titre>
    <dateEdition>1919-12-10</dateEdition>
    <nbPage>4</nbPage>
    <suppl>FALSE</suppl>
  </metad>
  <contenus>
    <largeur>360</largeur>
    <hauteur>532</hauteur>
    <pages>
      <page ordre="1">
        <nbMot>553</nbMot>
        <blocTexte>35</blocTexte>
        <blocTab>0</blocTab>
        <blocPub>0</blocPub>
        <blocIllustration>0</blocIllustration>
      </page>
      <page ordre="2">
        <nbMot>760</nbMot>
        <blocTexte>35</blocTexte>
        <blocTab>0</blocTab>
        <blocPub>0</blocPub>
        <blocIllustration>9</blocIllustration>
        <ills/>
      </page>
      <page ordre="3">
        <nbMot>738</nbMot>
        <blocTexte>28</blocTexte>
        <blocTab>0</blocTab>
        <blocPub>0</blocPub>
        <blocIllustration>0</blocIllustration>
      </page>
      <page ordre="4">
        <nbMot>1062</nbMot>
        <blocTexte>326</blocTexte>
        <blocTab>0</blocTab>
        <blocPub>0</blocPub>
        <blocIllustration>3</blocIllustration>
        <ills>
          <ill couleur="gris" derniere="true" edit="1" h="1058" n="4-1" pub="1" taille="2" w="1437" x="2651" y="4124">
            <contenuImg CS="1" lang="fr" source="hm" time="2020-04-08T18:09:41.169+02:00">camion</contenuImg>
            <leg>hBIHWKHUnii?</leg>
            <txt>Orésyl Gable PTI'ftPC de M  MEUNIER et Barbaut, avoués à EJ1 UWïJu Versailles. Vente au PaOa-is de Justice à Versailles, le 1S décembre 1919, ô 1 lisuire,  d'rana GKAMSE PROPRIETE A SAIOT-CLOLD.' rua Gounod, 50, et Boulevard de Versailles, 16. Mise k prix : 200.000 franos. S'adresser à M'* MEUNIER, Barbaut et Melirmaun, avoués a Ver sâmes. Blancbet, Breuillaud,' Morel d'Arleuï et 'Brécheux, notaires à Paris. Etude de M  8ALAN8ON, avoué à Versailles, 5, rue Sainte-victoire. Vente au Palais de Justice à Versailles, le jeudi 18 décembre IBIS, à midi. . d'tm» Iflifll 118, avenue du Chemin de fer. Propriété â laLEillif Contenance 8W m. environ, iliae à pris : 00.535 fraacvs. S'adresser â Versailles ; à M  SALANSON et Satone, avoués ; à Rucil,   M  Farlbault, not. et sut place, poux visiter. La Gérant : Hippolyte V itupieb. VOLUMARD. imprimeur 81, rue Cadet</txt>
            <index>hBIHWKHUnii?Orésyl Gable PTI'ftPC de M  MEUNIER et Barbaut, avoués à EJ1 UWïJu Versailles. Vente au PaOa-is de Justice à Versailles, le 1S décembre 1919, ô 1 lisuire,  d'rana GKAMSE PROPRIETE A SAIOT-CLOLD.' rua Gounod, 50, et Boulevard de Versailles, 16. Mise k prix : 200.000 franos. S'adresser à M'* MEUNIER, Barbaut et Melirmaun, avoués a Ver sâmes. Blancbet, Breuillaud,' Morel d'Arleuï et 'Brécheux, notaires à Paris. Etude de M  8ALAN8ON, avoué à Versailles, 5, rue Sainte-victoire. Vente au Palais de Justice à Versailles, le jeudi 18 décembre IBIS, à midi. . d'tm» Iflifll 118, avenue du Chemin de fer. Propriété â laLEillif Contenance 8W m. environ, iliae à pris : 00.535 fraacvs. S'adresser â Versailles ; à M  SALANSON et Satone, avoués ; à Rucil,   M  Farlbault, not. et sut place, poux visiter. La Gérant : Hippolyte V itupieb. VOLUMARD. imprimeur 81, rue Cadet</index>
            <genre source="hm" time="2019-09-29T14:14:27.727+02:00">publicite</genre>
            <genre source="final">publicite</genre>
            <contenuImg CS="1" lang="en" source="hm" time="2020-04-08T18:09:41.169+02:00">truck</contenuImg>
          </ill>
          <ill couleur="gris" derniere="true" edit="1" h="315" n="4-3" pub="1" taille="0" w="675" x="2761" y="5867">
            <leg>eman</leg>
            <txt>1 PRIX NET 5I.OOO Francs</txt>
            <index>eman1 PRIX NET 5I.OOO Francs</index>
            <genre source="hm" time="2019-09-29T14:14:19.806+02:00">publicite</genre>
            <genre source="final">publicite</genre>
          </ill>
        </ills>
      </page>
    </pages>
  </contenus>
</analyseAlto>