<doc>
  <metad>
    <type>P</type>
    <ID>bpt6k7515285</ID>
    <titre>Le Siècle</titre>
    <dateEdition>1920-05-03</dateEdition>
    <nbPage>2</nbPage>
    <suppl>FALSE</suppl>
  </metad>
  <contenus>
    <largeur>355</largeur>
    <hauteur>536</hauteur>
    <pages>
      <page ordre="1">
        <nbMot>651</nbMot>
        <blocTexte>36</blocTexte>
        <blocTab>0</blocTab>
        <blocPub>0</blocPub>
        <blocIllustration>1</blocIllustration>
        <ills/>
      </page>
      <page ordre="2">
        <nbMot>792</nbMot>
        <blocTexte>385</blocTexte>
        <blocTab>0</blocTab>
        <blocPub>0</blocPub>
        <blocIllustration>4</blocIllustration>
        <ills>
          <ill couleur="gris" derniere="true" edit="1" h="292" n="2-3" pub="1" taille="0" w="622" x="248" y="2838">
            <leg>HARDI 4 VRAI 1920 0 2Iiiin E</leg>
            <txt>259. Avenue Berthelot LYON 152, Av des Champs-Elysées 'PARIS D e .'Nvff.U A*** e ' 1 £ a 1 -j ;•' , V , ' -I^Lajwaajj.:</txt>
            <index>HARDI 4 VRAI 1920 0 2Iiiin E259. Avenue Berthelot LYON 152, Av des Champs-Elysées 'PARIS D e .'Nvff.U A*** e ' 1 £ a 1 -j ;•' , V , ' -I^Lajwaajj.:</index>
            <genre source="hm" time="2019-09-29T14:17:01.728+02:00">publicite</genre>
            <genre source="final">publicite</genre>
          </ill>
        </ills>
      </page>
    </pages>
  </contenus>
</doc>