<doc>
  <metad>
    <type>P</type>
    <ID>bpt6k750651k</ID>
    <titre>Le Siècle</titre>
    <dateEdition>1917-11-13</dateEdition>
    <nbPage>4</nbPage>
    <suppl>FALSE</suppl>
  </metad>
  <contenus>
    <largeur>358</largeur>
    <hauteur>519</hauteur>
    <pages>
      <page ordre="1">
        <nbMot>562</nbMot>
        <blocTexte>33</blocTexte>
        <blocTab>0</blocTab>
        <blocPub>0</blocPub>
        <blocIllustration>0</blocIllustration>
      </page>
      <page ordre="2">
        <nbMot>697</nbMot>
        <blocTexte>16</blocTexte>
        <blocTab>0</blocTab>
        <blocPub>0</blocPub>
        <blocIllustration>1</blocIllustration>
        <ills/>
      </page>
      <page ordre="3">
        <nbMot>715</nbMot>
        <blocTexte>40</blocTexte>
        <blocTab>0</blocTab>
        <blocPub>0</blocPub>
        <blocIllustration>4</blocIllustration>
        <ills/>
      </page>
      <page ordre="4">
        <nbMot>671</nbMot>
        <blocTexte>27</blocTexte>
        <blocTab>0</blocTab>
        <blocPub>0</blocPub>
        <blocIllustration>2</blocIllustration>
        <ills>
          <ill classif="DFdnn" couleur="gris" derniere="true" edit="1" h="881" n="4-2" pub="1" taille="1" w="700" x="3358" y="1578">
            <contenuImg CS="1.00" h="417" w="297" sexe="P" source="dnn" x="235" y="132">face</contenuImg>
            <leg>Mme BERT</leg>
            <txt>de l'Autriche, nous sommes les plus forts. Nous devons donc supposer, connaissant stis intentions, que ses collaborateurs n'exé cutent pas ses ordres. , , ;—,— ■» o » Cure d'usure. Cljez les anémiques il y a usure, uâuré rapide, et il n'en peut être autrement. C'est dans le sang, en effet, que l'organisme prend les éléments nécessaireeà son entre tien et à la réparation des forces diminuées! par Je travail. Or, le sang d'un anémiquo est toujours pauvre et l'entretien 'et la ré paration dont nous parlons ne peuvent êtrô assurés intégralement. L'histoire de l'ané mique est identique à celle du commerçanl dont les dépenses sont plus fortes que lèai recettes. Il court inéluctablement à la faillite et il ne pourra se relever qu'au tant qu'un bailleur de fonds se présen tera et que des réformes seront intro duites dans l'administration des affai res. Le bailleur de fonds pour l'anémique .sera les Pilules Pink et elles sauveront sa situation, comme elles viennent de le faire pour Mme Marie Berf? ménagère, denieu^ rant é  Lyon, rue Sa in t e- G en s v iè ve, 17 1 qui nous écrit ce qui suit :</txt>
            <index>Mme BERTde l'Autriche, nous sommes les plus forts. Nous devons donc supposer, connaissant stis intentions, que ses collaborateurs n'exé cutent pas ses ordres. , , ;—,— ■» o » Cure d'usure. Cljez les anémiques il y a usure, uâuré rapide, et il n'en peut être autrement. C'est dans le sang, en effet, que l'organisme prend les éléments nécessaireeà son entre tien et à la réparation des forces diminuées! par Je travail. Or, le sang d'un anémiquo est toujours pauvre et l'entretien 'et la ré paration dont nous parlons ne peuvent êtrô assurés intégralement. L'histoire de l'ané mique est identique à celle du commerçanl dont les dépenses sont plus fortes que lèai recettes. Il court inéluctablement à la faillite et il ne pourra se relever qu'au tant qu'un bailleur de fonds se présen tera et que des réformes seront intro duites dans l'administration des affai res. Le bailleur de fonds pour l'anémique .sera les Pilules Pink et elles sauveront sa situation, comme elles viennent de le faire pour Mme Marie Berf? ménagère, denieu^ rant é  Lyon, rue Sa in t e- G en s v iè ve, 17 1 qui nous écrit ce qui suit :</index>
            <genre source="hm" time="2019-09-28T19:30:50.004+02:00">publicite</genre>
            <genre source="final">publicite</genre>
          </ill>
        </ills>
      </page>
    </pages>
  </contenus>
</doc>