<doc>
  <metad>
    <type>P</type>
    <ID>bpt6k7517638</ID>
    <titre>Le Siècle</titre>
    <dateEdition>1920-12-25</dateEdition>
    <nbPage>4</nbPage>
    <suppl>FALSE</suppl>
  </metad>
  <contenus>
    <largeur>360</largeur>
    <hauteur>541</hauteur>
    <pages>
      <page ordre="1">
        <nbMot>633</nbMot>
        <blocTexte>11</blocTexte>
        <blocTab>0</blocTab>
        <blocPub>0</blocPub>
        <blocIllustration>0</blocIllustration>
      </page>
      <page ordre="2">
        <nbMot>760</nbMot>
        <blocTexte>51</blocTexte>
        <blocTab>0</blocTab>
        <blocPub>0</blocPub>
        <blocIllustration>2</blocIllustration>
        <ills/>
      </page>
      <page ordre="3">
        <nbMot>758</nbMot>
        <blocTexte>35</blocTexte>
        <blocTab>0</blocTab>
        <blocPub>0</blocPub>
        <blocIllustration>2</blocIllustration>
        <ills>
          <ill couleur="gris" edit="1" h="884" n="3-2" pub="1" taille="1" w="736" x="3422" y="2926">
            <contenuImg CS="1" lang="fr" source="hm" time="2020-04-08T18:24:06.08+02:00">voiture</contenuImg>
            <contenuImg CS="1" lang="fr" source="hm" time="2020-04-08T18:24:01.352+02:00">bateau</contenuImg>
            <leg>CIRCUITS» WORD-AFRICAINS 1.700 iilomittii dans la mlm auto d» lux» Proapeotuc, Blllçta comprenant tous la* frais : Pisquebota-Auto-Hfitelsepéolaux-Pourboire# 8'idr Ci« F  du Tourtes», 30 B * ta Capliclnu - Pari» et Agences de Voyages '</leg>
            <txt>tton de 12.111 millions de francs sur les chif fres de la période correspondante de 1919. Dans ce chiffre global de 20-772 millions, les objets fabriqués expédiés à l'étranger en trent 'pour 13 milliards (7 milliards de plus qu'en 1919) ; les denrées exportées accusent une augmentation de plus d'un milliard, et les madères premières plus de deux milliards qu'en 1919. CREDIT DU NORD Les souscriptions recueillies par le Crédit du Nord à l'Emprunt 6 0/0 1920 se sont .élevées   283 millions de francs en ipapital.</txt>
            <index>CIRCUITS» WORD-AFRICAINS 1.700 iilomittii dans la mlm auto d» lux» Proapeotuc, Blllçta comprenant tous la* frais : Pisquebota-Auto-Hfitelsepéolaux-Pourboire# 8'idr Ci« F  du Tourtes», 30 B * ta Capliclnu - Pari» et Agences de Voyages 'tton de 12.111 millions de francs sur les chif fres de la période correspondante de 1919. Dans ce chiffre global de 20-772 millions, les objets fabriqués expédiés à l'étranger en trent 'pour 13 milliards (7 milliards de plus qu'en 1919) ; les denrées exportées accusent une augmentation de plus d'un milliard, et les madères premières plus de deux milliards qu'en 1919. CREDIT DU NORD Les souscriptions recueillies par le Crédit du Nord à l'Emprunt 6 0/0 1920 se sont .élevées   283 millions de francs en ipapital.</index>
            <genre source="hm" time="2019-09-29T14:29:48.36+02:00">publicite</genre>
            <genre source="final">publicite</genre>
            <contenuImg CS="1" lang="en" source="hm" time="2020-04-08T18:24:01.352+02:00">boat</contenuImg>
            <contenuImg CS="1" lang="en" source="hm" time="2020-04-08T18:24:06.08+02:00">car</contenuImg>
          </ill>
        </ills>
      </page>
      <page ordre="4">
        <nbMot>894</nbMot>
        <blocTexte>60</blocTexte>
        <blocTab>0</blocTab>
        <blocPub>0</blocPub>
        <blocIllustration>4</blocIllustration>
        <ills>
          <ill couleur="gris" derniere="true" edit="1" h="548" n="4-3" pub="1" taille="0" w="664" x="992" y="5080">
            <leg>llarçan. *90 100 ï!5 Ï25 140 1^,^400.420.440.470,510. PRIX en BAISSE fTOOELE e^aernervrçoftfonme; àJa Gravure; awiïwricrânk 57? LUVRAI50N* DOfîîC!lt : 0ftCiTIOfîS0(PROVIHCf,</leg>
            <txt>1 l25,fiueLecourbe(XVD #0«{)-5«0.ùVAUeiRARt  PARIS ~ UTJOIlTGUIViff Gros piliers. Modèle r</txt>
            <index>llarçan. *90 100 ï!5 Ï25 140 1^,^400.420.440.470,510. PRIX en BAISSE fTOOELE e^aernervrçoftfonme; àJa Gravure; awiïwricrânk 57? LUVRAI50N* DOfîîC!lt : 0ftCiTIOfîS0(PROVIHCf,1 l25,fiueLecourbe(XVD #0«{)-5«0.ùVAUeiRARt  PARIS ~ UTJOIlTGUIViff Gros piliers. Modèle r</index>
            <genre source="hm" time="2019-09-29T14:29:46.869+02:00">publicite</genre>
            <genre source="final">publicite</genre>
          </ill>
        </ills>
      </page>
    </pages>
  </contenus>
</doc>