<analyseAlto>
  <metad>
    <type>P</type>
    <ID>bpt6k751704k</ID>
    <titre>Le Siècle</titre>
    <dateEdition>1920-10-27</dateEdition>
    <nbPage>4</nbPage>
    <suppl>FALSE</suppl>
  </metad>
  <contenus>
    <largeur>353</largeur>
    <hauteur>541</hauteur>
    <pages>
      <page ordre="1">
        <nbMot>562</nbMot>
        <blocTexte>32</blocTexte>
        <blocTab>0</blocTab>
        <blocPub>0</blocPub>
        <blocIllustration>1</blocIllustration>
        <ills/>
      </page>
      <page ordre="2">
        <nbMot>776</nbMot>
        <blocTexte>31</blocTexte>
        <blocTab>0</blocTab>
        <blocPub>0</blocPub>
        <blocIllustration>4</blocIllustration>
        <ills/>
      </page>
      <page ordre="3">
        <nbMot>751</nbMot>
        <blocTexte>27</blocTexte>
        <blocTab>0</blocTab>
        <blocPub>0</blocPub>
        <blocIllustration>1</blocIllustration>
        <ills>
          <ill classif="DFdnn" couleur="gris" edit="1" h="1076" n="3-1" pub="1" taille="1" w="724" x="3381" y="2993">
            <contenuImg CS="1" lang="fr" source="hm" time="2020-04-08T18:14:23.026+02:00">bateau</contenuImg>
            <contenuImg CS="1" lang="fr" source="hm" time="2020-04-08T18:12:14.807+02:00">voiture</contenuImg>
            <leg>CIRCUITS - in»   NORD-AFRICAINS 7.700 iiîemilKi dans la même auto de luxe I Prospectus, Billets comprenant tous les frais : [ Paquebots-Auto - Hâtels spéciaux-Pourboire» j S'/i(jfcr£;ie Fs«do Tourisme, 30 B 1 in Capucines - Pirit { et Agences de Voyages ~u^Kasr-</leg>
            <txt>Bulletin Finaneier du 25 octobre 1920. I.es bonnes dispositions ont continué à tpfé- .Valoir sur le marûhé de la coulisse, où les rp-  dications de Londres, ainsi que la progression constante fie la livre sterling ont provoqué des achats en valeurs étrangères. Les pètrolifère.s ont été favorisées, nouvelles demandés en Mexican Eagle. La De Beers.a encore été recherchée, même remarque pour la Utah Copper. Le marché officiel après avoir été soutenu s'est alourdi dans la seconde partie de Sa séance. Sa clôture est restée satisfaisante dans divers compartiments. 3 % français soutenu à 54 85, Crédit. Natio nal ancien 475, nouveau 486 EO. Fonds russrs hésitants : 1801 86 10, Consolidé 30 fr., 19i 6 39 50, 1809 30 fr., Extérieure Espagnole non celée. Au groupe des Sociétés de Crédit, la Banque de Paris nnit à 1.645, Comptoir 998, Lyonnaas 1.549, .Union Parisienne 1150, Crédit Mobilier 515, Nationale de Crédit 835. Aux industrielles, le Suez se tient bien à 6.300 alors que la Penarrova fléehit à 1.330, la Thomson à 1.030, et la Gafsa action à-1.150. : Les Société* de navigation réa«tionnent lé gèrement : Chargeurs Réunis 1.170, Transa tlantique 375, Messageries 348. Dans les trans ports urbains réalisations stfr les Omnibus qui finissant à 636 contre 66S. Métropolitain nieilleur à 300. Valeurs russes calmes, mais soutenues. Réaction du Rio Tinto à 1.560 contre 1.590., Parmi les fiucrières, les Sucreries d'Egypte cotent-1.000, Foncier Colonial 3.800. t Métallurgiques éaîmes. Charbonnages irré- .guHers. Union Européenne 586, Àstra Roiftana En coulisse, la Royal progresse   36.750, la Shell à 403 et l'Eagïe à 6GS. Bakou 3.810. La De Beers termine à 919 eontre 894. Gold-' flfelds 70 60, Raîid Mines 154. Mexicaines fermes : Estrellas 265, Mexico El Oro 381. Valeurs russes calmes : Lianosof* 631, Platine 715. Ctah Copper 923 eontre 965. Caoutohôutières soutenues : Financières 204, Malacca 1G9. Padang 284. Relevons aux devises, la livre à 53,87.1/2, dollar 15,'49 1/2, mark 22 1/4, Belgique 106, pe seta 218 1/4, Hollande 477, Italie 58 3/4, Suisse 545 1/4, Roumanie 26. - - . Art et Curiosité j'-'l Ventes à l'Hôtel Drouot. salle ï, éèssins anodines, tableaux anciens (M« Latr^Du- Breuil). Expositions, salle 6, objets d 'art d 'Ex trême-Orient (M  Dubourg et Lair-Dubreuil), «salle 8, fcijoux (M« LaiT-Dubreuil) ; salle 11, objets d'art, et d'ameublement, porcelaines, ta pisseries (M* Baudoin, M. M. Mannbeim'. ■ — — Mieux, Meilleur Marché ! Appareils d'éclairage, de chauffage, four neaux, eaisinièr-cs, meubles de cuisine, lits, ;literie, mobiliers .complets doivent s'acheter ' aux Etablissements ALLEZ Frères (Au CBâte- .fet), Paris. pour s'en convaincre il suffit de consulter lûs catalogues, envoyés franco sur demande.</txt>
            <index>CIRCUITS - in»   NORD-AFRICAINS 7.700 iiîemilKi dans la même auto de luxe I Prospectus, Billets comprenant tous les frais : [ Paquebots-Auto - Hâtels spéciaux-Pourboire» j S'/i(jfcr£;ie Fs«do Tourisme, 30 B 1 in Capucines - Pirit { et Agences de Voyages ~u^Kasr-Bulletin Finaneier du 25 octobre 1920. I.es bonnes dispositions ont continué à tpfé- .Valoir sur le marûhé de la coulisse, où les rp-  dications de Londres, ainsi que la progression constante fie la livre sterling ont provoqué des achats en valeurs étrangères. Les pètrolifère.s ont été favorisées, nouvelles demandés en Mexican Eagle. La De Beers.a encore été recherchée, même remarque pour la Utah Copper. Le marché officiel après avoir été soutenu s'est alourdi dans la seconde partie de Sa séance. Sa clôture est restée satisfaisante dans divers compartiments. 3 % français soutenu à 54 85, Crédit. Natio nal ancien 475, nouveau 486 EO. Fonds russrs hésitants : 1801 86 10, Consolidé 30 fr., 19i 6 39 50, 1809 30 fr., Extérieure Espagnole non celée. Au groupe des Sociétés de Crédit, la Banque de Paris nnit à 1.645, Comptoir 998, Lyonnaas 1.549, .Union Parisienne 1150, Crédit Mobilier 515, Nationale de Crédit 835. Aux industrielles, le Suez se tient bien à 6.300 alors que la Penarrova fléehit à 1.330, la Thomson à 1.030, et la Gafsa action à-1.150. : Les Société* de navigation réa«tionnent lé gèrement : Chargeurs Réunis 1.170, Transa tlantique 375, Messageries 348. Dans les trans ports urbains réalisations stfr les Omnibus qui finissant à 636 contre 66S. Métropolitain nieilleur à 300. Valeurs russes calmes, mais soutenues. Réaction du Rio Tinto à 1.560 contre 1.590., Parmi les fiucrières, les Sucreries d'Egypte cotent-1.000, Foncier Colonial 3.800. t Métallurgiques éaîmes. Charbonnages irré- .guHers. Union Européenne 586, Àstra Roiftana En coulisse, la Royal progresse   36.750, la Shell à 403 et l'Eagïe à 6GS. Bakou 3.810. La De Beers termine à 919 eontre 894. Gold-' flfelds 70 60, Raîid Mines 154. Mexicaines fermes : Estrellas 265, Mexico El Oro 381. Valeurs russes calmes : Lianosof* 631, Platine 715. Ctah Copper 923 eontre 965. Caoutohôutières soutenues : Financières 204, Malacca 1G9. Padang 284. Relevons aux devises, la livre à 53,87.1/2, dollar 15,'49 1/2, mark 22 1/4, Belgique 106, pe seta 218 1/4, Hollande 477, Italie 58 3/4, Suisse 545 1/4, Roumanie 26. - - . Art et Curiosité j'-'l Ventes à l'Hôtel Drouot. salle ï, éèssins anodines, tableaux anciens (M« Latr^Du- Breuil). Expositions, salle 6, objets d 'art d 'Ex trême-Orient (M  Dubourg et Lair-Dubreuil), «salle 8, fcijoux (M« LaiT-Dubreuil) ; salle 11, objets d'art, et d'ameublement, porcelaines, ta pisseries (M* Baudoin, M. M. Mannbeim'. ■ — — Mieux, Meilleur Marché ! Appareils d'éclairage, de chauffage, four neaux, eaisinièr-cs, meubles de cuisine, lits, ;literie, mobiliers .complets doivent s'acheter ' aux Etablissements ALLEZ Frères (Au CBâte- .fet), Paris. pour s'en convaincre il suffit de consulter lûs catalogues, envoyés franco sur demande.</index>
            <genre source="hm" time="2019-09-29T14:27:26.584+02:00">publicite</genre>
            <genre source="final">publicite</genre>
            <contenuImg CS="1" lang="en" source="hm" time="2020-04-08T18:12:14.807+02:00">car</contenuImg>
            <contenuImg CS="1" lang="en" source="hm" time="2020-04-08T18:14:23.026+02:00">boat</contenuImg>
          </ill>
        </ills>
      </page>
      <page ordre="4">
        <nbMot>1457</nbMot>
        <blocTexte>473</blocTexte>
        <blocTab>0</blocTab>
        <blocPub>0</blocPub>
        <blocIllustration>1</blocIllustration>
        <ills/>
      </page>
    </pages>
  </contenus>
</analyseAlto>