<doc>
  <metad>
    <type>P</type>
    <ID>bpt6k751746q</ID>
    <titre>Le Siècle</titre>
    <dateEdition>1920-12-08</dateEdition>
    <nbPage>4</nbPage>
    <suppl>FALSE</suppl>
  </metad>
  <contenus>
    <largeur>353</largeur>
    <hauteur>539</hauteur>
    <pages>
      <page ordre="1">
        <nbMot>622</nbMot>
        <blocTexte>29</blocTexte>
        <blocTab>0</blocTab>
        <blocPub>0</blocPub>
        <blocIllustration>1</blocIllustration>
        <ills/>
      </page>
      <page ordre="2">
        <nbMot>786</nbMot>
        <blocTexte>35</blocTexte>
        <blocTab>0</blocTab>
        <blocPub>0</blocPub>
        <blocIllustration>5</blocIllustration>
        <ills/>
      </page>
      <page ordre="3">
        <nbMot>742</nbMot>
        <blocTexte>23</blocTexte>
        <blocTab>0</blocTab>
        <blocPub>0</blocPub>
        <blocIllustration>1</blocIllustration>
        <ills>
          <ill classif="DFdnn" couleur="gris" edit="1" h="858" n="3-1" pub="1" taille="1" w="723" x="3291" y="5024">
            <contenuImg CS="1" lang="fr" source="hm" time="2020-04-08T18:23:44.27+02:00">voiture</contenuImg>
            <contenuImg CS="1" lang="fr" source="hm" time="2020-04-08T18:23:42.181+02:00">bateau</contenuImg>
            <index/>
            <genre source="hm" time="2019-09-29T14:29:25.793+02:00">publicite</genre>
            <genre source="final">publicite</genre>
            <contenuImg CS="1" lang="en" source="hm" time="2020-04-08T18:23:42.181+02:00">boat</contenuImg>
            <contenuImg CS="1" lang="en" source="hm" time="2020-04-08T18:23:44.27+02:00">car</contenuImg>
          </ill>
        </ills>
      </page>
      <page ordre="4">
        <nbMot>1160</nbMot>
        <blocTexte>406</blocTexte>
        <blocTab>0</blocTab>
        <blocPub>0</blocPub>
        <blocIllustration>4</blocIllustration>
        <ills>
          <ill classif="DFdnn" couleur="gris" derniere="true" edit="1" h="544" n="4-4" pub="1" taille="0" w="640" x="1004" y="5092">
            <leg>'fftÂNCtt</leg>
            <txt>D'ECH OS EN ECHOS Outsiders da la Veine : Jioulxnirocbe, Rhode Isli^ad. Ses deux tips : ■ Eldered, Rapic- ■ •w». . T)'Auietlil-Lo7igc!uïm.p : H;^r, à Maisons-Laffitte : — Pirello, mis en vente après sa victoire dans le Prix du Calaisis, a été retiré, faute d'enchères. — Berteaux s'ast contusionné le poignet gauche, dans sa chute avec Balac'.ava. — Bd. Haes s'est cassé la clavicule, dans sa chute avec Le Petit Mossieu, en disputant le Prix du Noyonnais. ■— Fenion, le vainqueur de cette épreuve, a t'itâ rêolamé jpour 21.307 fr. imr JI. Marcel Cromieux. wu , ' Auiourd'hui. à. AuteuH : — Le départ de King Cvow, dans tâ Prix dù la Seine, n'ea-t p^s certain, et Bateau dis- ]'ut;ra probo.bleexniïï le Prix Sly-Fox, ds pré- îOivnce au Prix du Belvédère. . VU  \1. Marcel Boussac s'est assuré les secondes jenontes du jockey Ed. Ilaes, mais ce jockey, fondées cnia oO • n ÉDAILL o-Oft 4-MAISO NS ne VENTE A PARIS MA/SON DE VENTEPRfNC/PALS : 125. Rue Lecourbe XV?;^^£S££S  pad ; LIT TOUTCUIVRE 6ros Piliers carrô . HODÊLE U.fl</txt>
            <index>'fftÂNCttD'ECH OS EN ECHOS Outsiders da la Veine : Jioulxnirocbe, Rhode Isli^ad. Ses deux tips : ■ Eldered, Rapic- ■ •w». . T)'Auietlil-Lo7igc!uïm.p : H;^r, à Maisons-Laffitte : — Pirello, mis en vente après sa victoire dans le Prix du Calaisis, a été retiré, faute d'enchères. — Berteaux s'ast contusionné le poignet gauche, dans sa chute avec Balac'.ava. — Bd. Haes s'est cassé la clavicule, dans sa chute avec Le Petit Mossieu, en disputant le Prix du Noyonnais. ■— Fenion, le vainqueur de cette épreuve, a t'itâ rêolamé jpour 21.307 fr. imr JI. Marcel Cromieux. wu , ' Auiourd'hui. à. AuteuH : — Le départ de King Cvow, dans tâ Prix dù la Seine, n'ea-t p^s certain, et Bateau dis- ]'ut;ra probo.bleexniïï le Prix Sly-Fox, ds pré- îOivnce au Prix du Belvédère. . VU  \1. Marcel Boussac s'est assuré les secondes jenontes du jockey Ed. Ilaes, mais ce jockey, fondées cnia oO • n ÉDAILL o-Oft 4-MAISO NS ne VENTE A PARIS MA/SON DE VENTEPRfNC/PALS : 125. Rue Lecourbe XV?;^^£S££S  pad ; LIT TOUTCUIVRE 6ros Piliers carrô . HODÊLE U.fl</index>
            <genre source="hm" time="2019-09-29T14:29:30.367+02:00">publicite</genre>
            <genre source="final">publicite</genre>
          </ill>
        </ills>
      </page>
    </pages>
  </contenus>
</doc>