<doc>
  <metad>
    <type>P</type>
    <ID>bpt6k7483588</ID>
    <titre>Le Siècle</titre>
    <dateEdition>1911-07-13</dateEdition>
    <nbPage>4</nbPage>
    <suppl>FALSE</suppl>
  </metad>
  <contenus>
    <largeur>515</largeur>
    <hauteur>677</hauteur>
    <pages>
      <page ordre="1">
        <nbMot>1189</nbMot>
        <blocTexte>48</blocTexte>
        <blocTab>0</blocTab>
        <blocPub>0</blocPub>
        <blocIllustration>7</blocIllustration>
        <ills/>
      </page>
      <page ordre="2">
        <nbMot>1281</nbMot>
        <blocTexte>50</blocTexte>
        <blocTab>0</blocTab>
        <blocPub>0</blocPub>
        <blocIllustration>3</blocIllustration>
        <ills/>
      </page>
      <page ordre="3">
        <nbMot>1270</nbMot>
        <blocTexte>52</blocTexte>
        <blocTab>0</blocTab>
        <blocPub>0</blocPub>
        <blocIllustration>2</blocIllustration>
        <ills>
          <ill couleur="gris" edit="1" h="1397" n="3-1" pub="1" taille="4" w="1545" x="4202" y="514">
            <leg>Théâtre Antoine. — Clôture annuelle. Théâtre Apollo (tél. 272-21J, 8 h. 3/4: — La Divorcée.- Théâtre du Grand-Guignol, 9 lieures (Sai son d'été). —= Depuis six mois ; la Grande mort ; la Petite Maison d'Auteuil ; Cent ■lignes émues ; Un peu de musique Théâtre-Michel (tél. 163-30). — Clôture an nuelle. Trianon-Lyriqne. — Clôture annuelle. Vaudeville (tëL. 109-92), 9 heures. — Mademoiselle Josette ma : femme. \ 1 11   . THEATRES DE QUARTIERS Tliéâtre Marigny (Champs-Elysées. Tel; 101-89)., -tt La. Revue de Marigny; Tliéâtre Monceyy 8 h; 30; — Le Musicien des rues. •' Théâtre Montmartre, 8 h- 30; —  Les Mères rivales. Théâtre Populaire, 8, ms BeTlayif j 8 h., 30. —. Les Mousquetaires au Couvent. THEATRES A GQTS Théâtre Grévln. — A 3 heures et 9 heures. Main, gauche Après le déluge ; les For faits de. Pipermann. Théâtre dii'Pré-Cîatelan.— Jeucjj et diman ciie, matinée. A 4 heui'es; —  En- Cage ; F-rancesca. SPECTAClis ET CONCERTS Alhamhra (tél. 900-10), 8 h. 1/2. — Xaviôre de Leka, Schneider et ses 22 lions, P. Franck, Utile; Pich, Schaeffer. Ambassadeurs (tél.. 244-84), 8 h. 30. — Au Petit bonheur, revue à spectacle. Ba-Ta-CIan (tél. 267-92). — Badigeon, fan taisie militaire. Bal Tabarin (tél; £B?-92J. — Célèbre troupt de danseuses anglaises. Quadrilles ex centriques. Bowling: Tous les jours apê« ititif-concert de 5 h Th. 1/2. Dimanches et fêtes matinées à S h. US. Bullief-Ncuveau. — Jeudi, samedi el Si' manche soir, bal. n Skating rink H le matin, l'après-midi el Ve soir, sauf</leg>
            <txt>pfogFaipa des îfjôâliFS? DU MERCREDI 12 JUILLET 1911 Toits les théâtres, concerts et établissements divers sont classés par ordre alphabétique Clôture annuelle : Capucines, Comédie- Mondaine. Comédie-Royale, Odéon, Théâ tre Réjane, Théâtre Sarah-Bernhardt v Variétés, Théâtre des Arts, Théâtre Mo lière, Théâtre Michel, Gaîté-Lyrique, Châtelet, Trianon-Lyrique, Athénée, Théâ tre Antoine, Quny.</txt>
            <index>Théâtre Antoine. — Clôture annuelle. Théâtre Apollo (tél. 272-21J, 8 h. 3/4: — La Divorcée.- Théâtre du Grand-Guignol, 9 lieures (Sai son d'été). —= Depuis six mois ; la Grande mort ; la Petite Maison d'Auteuil ; Cent ■lignes émues ; Un peu de musique Théâtre-Michel (tél. 163-30). — Clôture an nuelle. Trianon-Lyriqne. — Clôture annuelle. Vaudeville (tëL. 109-92), 9 heures. — Mademoiselle Josette ma : femme. \ 1 11   . THEATRES DE QUARTIERS Tliéâtre Marigny (Champs-Elysées. Tel; 101-89)., -tt La. Revue de Marigny; Tliéâtre Monceyy 8 h; 30; — Le Musicien des rues. •' Théâtre Montmartre, 8 h- 30; —  Les Mères rivales. Théâtre Populaire, 8, ms BeTlayif j 8 h., 30. —. Les Mousquetaires au Couvent. THEATRES A GQTS Théâtre Grévln. — A 3 heures et 9 heures. Main, gauche Après le déluge ; les For faits de. Pipermann. Théâtre dii'Pré-Cîatelan.— Jeucjj et diman ciie, matinée. A 4 heui'es; —  En- Cage ; F-rancesca. SPECTAClis ET CONCERTS Alhamhra (tél. 900-10), 8 h. 1/2. — Xaviôre de Leka, Schneider et ses 22 lions, P. Franck, Utile; Pich, Schaeffer. Ambassadeurs (tél.. 244-84), 8 h. 30. — Au Petit bonheur, revue à spectacle. Ba-Ta-CIan (tél. 267-92). — Badigeon, fan taisie militaire. Bal Tabarin (tél; £B?-92J. — Célèbre troupt de danseuses anglaises. Quadrilles ex centriques. Bowling: Tous les jours apê« ititif-concert de 5 h Th. 1/2. Dimanches et fêtes matinées à S h. US. Bullief-Ncuveau. — Jeudi, samedi el Si' manche soir, bal. n Skating rink H le matin, l'après-midi el Ve soir, saufpfogFaipa des îfjôâliFS? DU MERCREDI 12 JUILLET 1911 Toits les théâtres, concerts et établissements divers sont classés par ordre alphabétique Clôture annuelle : Capucines, Comédie- Mondaine. Comédie-Royale, Odéon, Théâ tre Réjane, Théâtre Sarah-Bernhardt v Variétés, Théâtre des Arts, Théâtre Mo lière, Théâtre Michel, Gaîté-Lyrique, Châtelet, Trianon-Lyrique, Athénée, Théâ tre Antoine, Quny.</index>
            <genre source="hm" time="2019-09-28T19:24:43.028+02:00">publicite</genre>
            <genre source="final">publicite</genre>
          </ill>
        </ills>
      </page>
      <page ordre="4">
        <nbMot>2337</nbMot>
        <blocTexte>192</blocTexte>
        <blocTab>0</blocTab>
        <blocPub>0</blocPub>
        <blocIllustration>10</blocIllustration>
        <ills/>
      </page>
    </pages>
  </contenus>
</doc>