<doc>
  <metad>
    <type>P</type>
    <ID>bpt6k751510s</ID>
    <titre>Le Siècle</titre>
    <dateEdition>1920-04-15</dateEdition>
    <nbPage>4</nbPage>
    <suppl>FALSE</suppl>
  </metad>
  <contenus>
    <largeur>353</largeur>
    <hauteur>538</hauteur>
    <pages>
      <page ordre="1">
        <nbMot>573</nbMot>
        <blocTexte>26</blocTexte>
        <blocTab>0</blocTab>
        <blocPub>0</blocPub>
        <blocIllustration>0</blocIllustration>
      </page>
      <page ordre="2">
        <nbMot>764</nbMot>
        <blocTexte>35</blocTexte>
        <blocTab>0</blocTab>
        <blocPub>0</blocPub>
        <blocIllustration>2</blocIllustration>
        <ills>
          <ill couleur="gris" edit="1" h="341" n="2-2" pub="1" taille="0" w="752" x="3311" y="1537">
            <txt>Pouvions-nous rester sourde aux appels des socialistes qui proclamaient leur désir de tra vailler et ûfemanctaient que des mesures fus sent prises pour procédér au désarmement de l'Allemagne, conformément aux décisions du traité de paix ? On peut estimer que ce n'était pas par l'occupation de Francfort avec des troupes assez mal Choisies que devait se ma-, nilester notre action. Mais ir est incontestable qu'une action était nécessaire. Pourquoi noua avons agi ? Nous »e pouvions pas couvxir, en effet, la répression par la Reishswehr des trou blas ouvriers âa la Ruhr, sans encourir le reproche de nous mêler des affaires inté rieures do l'Allemagne, répond à cela le Petit Journal. L'argument, tTès bien présenté par M. Mil ler and, a paru fortement gêner les socialistes qui seuls 8e réservaient, pendant ce discours, tandis que.la Chambre ne cessait d'applaudir. M. Maircel Cachin (Humanité) sé défend et attaque : Sur l'acte d'occupation lui-môme, le plai doyer de M. Milierand ne pouvait pas enlever notre conviction Nous persistons à penser que l'envoi sur la rive droite du Rhin, fort loin de la R'uJir, ri® troupes marocaines et sénéga laises, n'a affaibli en aucune façon la puis sance de nuire du militarisme allemand. Nous attendons que l'on nous démontre, que notre paya s'apprête a retirer de cette équipée un avantage matériel, Si minime soit-il M. Aristide Jobert (France Libre) juge qu'en agissant comme il l'a fait le gouver nement a servi la démocratie allemande. Pour une foie, Eh quoi ? sans que les Allemands aient; payé, ni livré les coupables, ni donné les charbons qu'ils doivent ?... M. Barthou a 1 demandé tout cela, hier, après le discours; de M. Milierand en soulignant la graviter de la crise du charbon, sur laquelle M.  Pierre Véber dit ce matin dans le New» 1 York Herald : Nul m'ignore que les événements de la Ruhr) ont été commandés par l'inquiétude du char-; bon i tant ique nos n.ines ne seront pas res- taurées, ,tant que (l'organisation de la bouiJiei blanche ne sera pas accomplie, nous restai rons tributaires de nos affiés. ... Tenone.nou8 en au traité Un seul remède à notre situation, à lai possibilité du retour d'incidents interai-' liés : nous en tenir au traité. Quel quel soit leut jugement sua- le pacte de Veir-i sailles, presque toute la presse est unanime' sur ce point. La Libre Parole formule : ' Si dOplorable t notre point de vue, que soltk le traité de Versailles, U est et doitr demeurer.) la loi des parties. En réclamer purement et' simplement l'exécution avec une logique et une assurance tranquilles, c'est le meilleur moyen-de ooûper court aux hésitations qui' se manifestent en certaines sphères gouver nementales alliées, ea) - il faudra bien que le! moment vienne ou les Hésitants devront pren-, dre, devant le monde entier, la responsabilité de leur attitude et en fournir l'explication^ Et c'est,- en même tepms, pousser l'Allema gne au pied du mur où il faudra bien qu'un) Jour elle s'execute ou se démasque, de laçon a ne plus</txt>
            <index>Pouvions-nous rester sourde aux appels des socialistes qui proclamaient leur désir de tra vailler et ûfemanctaient que des mesures fus sent prises pour procédér au désarmement de l'Allemagne, conformément aux décisions du traité de paix ? On peut estimer que ce n'était pas par l'occupation de Francfort avec des troupes assez mal Choisies que devait se ma-, nilester notre action. Mais ir est incontestable qu'une action était nécessaire. Pourquoi noua avons agi ? Nous »e pouvions pas couvxir, en effet, la répression par la Reishswehr des trou blas ouvriers âa la Ruhr, sans encourir le reproche de nous mêler des affaires inté rieures do l'Allemagne, répond à cela le Petit Journal. L'argument, tTès bien présenté par M. Mil ler and, a paru fortement gêner les socialistes qui seuls 8e réservaient, pendant ce discours, tandis que.la Chambre ne cessait d'applaudir. M. Maircel Cachin (Humanité) sé défend et attaque : Sur l'acte d'occupation lui-môme, le plai doyer de M. Milierand ne pouvait pas enlever notre conviction Nous persistons à penser que l'envoi sur la rive droite du Rhin, fort loin de la R'uJir, ri® troupes marocaines et sénéga laises, n'a affaibli en aucune façon la puis sance de nuire du militarisme allemand. Nous attendons que l'on nous démontre, que notre paya s'apprête a retirer de cette équipée un avantage matériel, Si minime soit-il M. Aristide Jobert (France Libre) juge qu'en agissant comme il l'a fait le gouver nement a servi la démocratie allemande. Pour une foie, Eh quoi ? sans que les Allemands aient; payé, ni livré les coupables, ni donné les charbons qu'ils doivent ?... M. Barthou a 1 demandé tout cela, hier, après le discours; de M. Milierand en soulignant la graviter de la crise du charbon, sur laquelle M.  Pierre Véber dit ce matin dans le New» 1 York Herald : Nul m'ignore que les événements de la Ruhr) ont été commandés par l'inquiétude du char-; bon i tant ique nos n.ines ne seront pas res- taurées, ,tant que (l'organisation de la bouiJiei blanche ne sera pas accomplie, nous restai rons tributaires de nos affiés. ... Tenone.nou8 en au traité Un seul remède à notre situation, à lai possibilité du retour d'incidents interai-' liés : nous en tenir au traité. Quel quel soit leut jugement sua- le pacte de Veir-i sailles, presque toute la presse est unanime' sur ce point. La Libre Parole formule : ' Si dOplorable t notre point de vue, que soltk le traité de Versailles, U est et doitr demeurer.) la loi des parties. En réclamer purement et' simplement l'exécution avec une logique et une assurance tranquilles, c'est le meilleur moyen-de ooûper court aux hésitations qui' se manifestent en certaines sphères gouver nementales alliées, ea) - il faudra bien que le! moment vienne ou les Hésitants devront pren-, dre, devant le monde entier, la responsabilité de leur attitude et en fournir l'explication^ Et c'est,- en même tepms, pousser l'Allema gne au pied du mur où il faudra bien qu'un) Jour elle s'execute ou se démasque, de laçon a ne plus</index>
            <genre source="hm" time="2019-09-29T14:21:18.286+02:00">publicite</genre>
            <genre source="final">publicite</genre>
          </ill>
        </ills>
      </page>
      <page ordre="3">
        <nbMot>745</nbMot>
        <blocTexte>23</blocTexte>
        <blocTab>0</blocTab>
        <blocPub>0</blocPub>
        <blocIllustration>3</blocIllustration>
        <ills>
          <ill classif="DFdnn" couleur="gris" edit="1" h="252" n="3-2" pub="1" taille="0" w="680" x="3346" y="5162">
            <leg>ET P0UC .</leg>
            <txt>Çnvt*te àk PARI S-/'MPI MAX ViTERBO JUSTiCK</txt>
            <index>ET P0UC .Çnvt*te àk PARI S-/'MPI MAX ViTERBO JUSTiCK</index>
            <genre source="hm" time="2019-09-29T14:21:24.222+02:00">publicite</genre>
            <genre source="final">publicite</genre>
          </ill>
        </ills>
      </page>
      <page ordre="4">
        <nbMot>958</nbMot>
        <blocTexte>294</blocTexte>
        <blocTab>0</blocTab>
        <blocPub>0</blocPub>
        <blocIllustration>1</blocIllustration>
        <ills/>
      </page>
    </pages>
  </contenus>
</doc>