<analyseAlto>
  <metad>
    <type>P</type>
    <ID>bpt6k748786s</ID>
    <titre>Le Siècle</titre>
    <dateEdition>1912-09-22</dateEdition>
    <nbPage>6</nbPage>
    <suppl>FALSE</suppl>
  </metad>
  <contenus>
    <largeur>430</largeur>
    <hauteur>611</hauteur>
    <pages>
      <page ordre="1">
        <nbMot>861</nbMot>
        <blocTexte>45</blocTexte>
        <blocTab>0</blocTab>
        <blocPub>0</blocPub>
        <blocIllustration>5</blocIllustration>
        <ills/>
      </page>
      <page ordre="2">
        <nbMot>714</nbMot>
        <blocTexte>40</blocTexte>
        <blocTab>0</blocTab>
        <blocPub>0</blocPub>
        <blocIllustration>10</blocIllustration>
        <ills/>
      </page>
      <page ordre="3">
        <nbMot>753</nbMot>
        <blocTexte>31</blocTexte>
        <blocTab>0</blocTab>
        <blocPub>0</blocPub>
        <blocIllustration>26</blocIllustration>
        <ills/>
      </page>
      <page ordre="4">
        <nbMot>931</nbMot>
        <blocTexte>70</blocTexte>
        <blocTab>0</blocTab>
        <blocPub>0</blocPub>
        <blocIllustration>6</blocIllustration>
        <ills/>
      </page>
      <page ordre="5">
        <nbMot>112</nbMot>
        <blocTexte>45</blocTexte>
        <blocTab>0</blocTab>
        <blocPub>0</blocPub>
        <blocIllustration>51</blocIllustration>
        <ills>
          <ill couleur="gris" edit="1" h="409" n="5-26" pub="1" taille="0" w="639" x="103" y="6114">
            <leg>GUÉRIDON LOUIS XVI ovale, palissandre, marque terie bois de rose.</leg>
            <txt>Trrmrm ni tini rrttfj mu iiitiiwmwT?i'wi'i''iniiirmr</txt>
            <index>GUÉRIDON LOUIS XVI ovale, palissandre, marque terie bois de rose.Trrmrm ni tini rrttfj mu iiitiiwmwT?i'wi'i''iniiirmr</index>
            <genre source="hm" time="2019-09-28T19:13:05.15+02:00">publicite</genre>
            <genre source="final">publicite</genre>
          </ill>
        </ills>
      </page>
      <page ordre="6">
        <nbMot>2139</nbMot>
        <blocTexte>1143</blocTexte>
        <blocTab>0</blocTab>
        <blocPub>0</blocPub>
        <blocIllustration>1</blocIllustration>
        <ills/>
      </page>
    </pages>
  </contenus>
</analyseAlto>