<analyseAlto>
  <metad>
    <type>P</type>
    <ID>bpt6k751491m</ID>
    <titre>Le Siècle</titre>
    <dateEdition>1920-03-27</dateEdition>
    <nbPage>4</nbPage>
    <suppl>FALSE</suppl>
  </metad>
  <contenus>
    <largeur>355</largeur>
    <hauteur>538</hauteur>
    <pages>
      <page ordre="1">
        <nbMot>592</nbMot>
        <blocTexte>38</blocTexte>
        <blocTab>0</blocTab>
        <blocPub>0</blocPub>
        <blocIllustration>3</blocIllustration>
        <ills/>
      </page>
      <page ordre="2">
        <nbMot>780</nbMot>
        <blocTexte>44</blocTexte>
        <blocTab>0</blocTab>
        <blocPub>0</blocPub>
        <blocIllustration>1</blocIllustration>
        <ills/>
      </page>
      <page ordre="3">
        <nbMot>722</nbMot>
        <blocTexte>32</blocTexte>
        <blocTab>0</blocTab>
        <blocPub>0</blocPub>
        <blocIllustration>2</blocIllustration>
        <ills/>
      </page>
      <page ordre="4">
        <nbMot>1090</nbMot>
        <blocTexte>323</blocTexte>
        <blocTab>0</blocTab>
        <blocPub>0</blocPub>
        <blocIllustration>2</blocIllustration>
        <ills>
          <ill classif="DFdnn" couleur="gris" derniere="true" edit="1" h="249" n="4-2" pub="1" taille="0" w="680" x="2577" y="3212">
            <leg>ET fQlîCt^</leg>
            <txt>Vente aube enchères, lo 37 mâïa. », à 9. beumes, Etudo de M' Ratiné, notairo à .VuUlaians (Dooitis),, 1 ACTIONS MOULINS W VÂLDAHON Miaa à. prix : 300 francs l'actiott ^rx Vente à . MAX ViTÊRBO' ' OujlMS )'■ ' 11 jystisE gsRFWirôBMteessi</txt>
            <index>ET fQlîCt^Vente aube enchères, lo 37 mâïa. », à 9. beumes, Etudo de M' Ratiné, notairo à .VuUlaians (Dooitis),, 1 ACTIONS MOULINS W VÂLDAHON Miaa à. prix : 300 francs l'actiott ^rx Vente à . MAX ViTÊRBO' ' OujlMS )'■ ' 11 jystisE gsRFWirôBMteessi</index>
            <genre source="hm" time="2019-09-29T14:16:29.083+02:00">publicite</genre>
            <genre source="final">publicite</genre>
          </ill>
        </ills>
      </page>
    </pages>
  </contenus>
</analyseAlto>