<analyseAlto>
  <metad>
    <type>P</type>
    <ID>bpt6k751517f</ID>
    <titre>Le Siècle</titre>
    <dateEdition>1920-04-22</dateEdition>
    <nbPage>4</nbPage>
    <suppl>FALSE</suppl>
  </metad>
  <contenus>
    <largeur>357</largeur>
    <hauteur>540</hauteur>
    <pages>
      <page ordre="1">
        <nbMot>612</nbMot>
        <blocTexte>32</blocTexte>
        <blocTab>0</blocTab>
        <blocPub>0</blocPub>
        <blocIllustration>5</blocIllustration>
        <ills/>
      </page>
      <page ordre="2">
        <nbMot>777</nbMot>
        <blocTexte>51</blocTexte>
        <blocTab>0</blocTab>
        <blocPub>0</blocPub>
        <blocIllustration>2</blocIllustration>
        <ills/>
      </page>
      <page ordre="3">
        <nbMot>737</nbMot>
        <blocTexte>32</blocTexte>
        <blocTab>0</blocTab>
        <blocPub>0</blocPub>
        <blocIllustration>2</blocIllustration>
        <ills/>
      </page>
      <page ordre="4">
        <nbMot>925</nbMot>
        <blocTexte>317</blocTexte>
        <blocTab>0</blocTab>
        <blocPub>0</blocPub>
        <blocIllustration>7</blocIllustration>
        <ills>
          <ill classif="DFdnn" couleur="gris" derniere="true" edit="1" h="1404" n="4-5" pub="1" taille="3" w="1446" x="2545" y="2634">
            <txt>mode, fonrrean pareil, manche 4»aute DOUTcaolé^âragoRnccuir fhk Exceptionnel «va lialMIlal I II  IIII !■» III» II ■ l'un » — Vendredi matin PRIMES ipnadreesfii .ciisiuUMe/setots foiti avul midi »</txt>
            <index>mode, fonrrean pareil, manche 4»aute DOUTcaolé^âragoRnccuir fhk Exceptionnel «va lialMIlal I II  IIII !■» III» II ■ l'un » — Vendredi matin PRIMES ipnadreesfii .ciisiuUMe/setots foiti avul midi »</index>
            <genre source="hm" time="2019-09-29T14:21:25.73+02:00">publicite</genre>
            <genre source="final">publicite</genre>
          </ill>
        </ills>
      </page>
    </pages>
  </contenus>
</analyseAlto>