<analyseAlto>
  <metad>
    <type>P</type>
    <ID>bpt6k751409j</ID>
    <titre>Le Siècle</titre>
    <dateEdition>1920-01-05</dateEdition>
    <nbPage>4</nbPage>
    <suppl>FALSE</suppl>
  </metad>
  <contenus>
    <largeur>355</largeur>
    <hauteur>539</hauteur>
    <pages>
      <page ordre="1">
        <nbMot>613</nbMot>
        <blocTexte>26</blocTexte>
        <blocTab>0</blocTab>
        <blocPub>0</blocPub>
        <blocIllustration>1</blocIllustration>
        <ills/>
      </page>
      <page ordre="2">
        <nbMot>766</nbMot>
        <blocTexte>38</blocTexte>
        <blocTab>0</blocTab>
        <blocPub>0</blocPub>
        <blocIllustration>2</blocIllustration>
        <ills/>
      </page>
      <page ordre="3">
        <nbMot>564</nbMot>
        <blocTexte>67</blocTexte>
        <blocTab>0</blocTab>
        <blocPub>0</blocPub>
        <blocIllustration>12</blocIllustration>
        <ills>
          <ill classif="DFdnn" couleur="gris" edit="1" h="909" n="3-10" pub="1" taille="1" w="955" x="2349" y="4902">
            <leg>CHAUSSURES Un lot important de Souliers noirs pour Dames, forme sabot, Charlea IX ou Richelieu, Séries déclassées soldées à des prix exceptionnels.</leg>
            <txt>Toutes les fins de séries de Collets, Étoles, Manchons, Pelleteries, etc. seront soldées avec une grande différence de prix. M amcoc P*   dam#s   viohy éeni, jjlwuova manches longues. IQ Valeur 25.» Iw./U toile blanche, pur fil, ourlets k Urapa jours , 31.50 , x 2-30. nn „ Valeur 128.» Le drap OU. Chaassctïes Valeur 4.25. O.IU</txt>
            <index>CHAUSSURES Un lot important de Souliers noirs pour Dames, forme sabot, Charlea IX ou Richelieu, Séries déclassées soldées à des prix exceptionnels.Toutes les fins de séries de Collets, Étoles, Manchons, Pelleteries, etc. seront soldées avec une grande différence de prix. M amcoc P*   dam#s   viohy éeni, jjlwuova manches longues. IQ Valeur 25.» Iw./U toile blanche, pur fil, ourlets k Urapa jours , 31.50 , x 2-30. nn „ Valeur 128.» Le drap OU. Chaassctïes Valeur 4.25. O.IU</index>
            <genre source="hm" time="2019-09-29T14:14:38.637+02:00">publicite</genre>
            <genre source="final">publicite</genre>
          </ill>
        </ills>
      </page>
      <page ordre="4">
        <nbMot>1110</nbMot>
        <blocTexte>216</blocTexte>
        <blocTab>0</blocTab>
        <blocPub>0</blocPub>
        <blocIllustration>1</blocIllustration>
        <ills/>
      </page>
    </pages>
  </contenus>
</analyseAlto>