<analyseAlto>
  <metad>
    <type>P</type>
    <ID>bpt6k7516930</ID>
    <titre>Le Siècle</titre>
    <dateEdition>1920-10-16</dateEdition>
    <nbPage>4</nbPage>
    <suppl>FALSE</suppl>
  </metad>
  <contenus>
    <largeur>354</largeur>
    <hauteur>536</hauteur>
    <pages>
      <page ordre="1">
        <nbMot>620</nbMot>
        <blocTexte>30</blocTexte>
        <blocTab>0</blocTab>
        <blocPub>0</blocPub>
        <blocIllustration>0</blocIllustration>
      </page>
      <page ordre="2">
        <nbMot>760</nbMot>
        <blocTexte>35</blocTexte>
        <blocTab>0</blocTab>
        <blocPub>0</blocPub>
        <blocIllustration>3</blocIllustration>
        <ills/>
      </page>
      <page ordre="3">
        <nbMot>774</nbMot>
        <blocTexte>32</blocTexte>
        <blocTab>0</blocTab>
        <blocPub>0</blocPub>
        <blocIllustration>1</blocIllustration>
        <ills>
          <ill classif="DFdnn" couleur="gris" edit="1" h="827" n="3-1" pub="1" taille="1" w="719" x="3352" y="3001">
            <contenuImg CS="1" lang="fr" source="hm" time="2020-04-08T18:14:15.33+02:00">bateau</contenuImg>
            <contenuImg CS="1" lang="fr" source="hm" time="2020-04-08T18:12:08.142+02:00">voiture</contenuImg>
            <leg>rntt . f , fnoÊÇu'i, AUTO* S'. CIRCUITS- «ARRAKKCH NORD-AFRICAINS i.yoo kilamèlm dam h même auto de hxt Prospectus, Billets comprenant tou  les frais : Paquebots -Auto - Hôtels spéciaux- Pourboiref S'Adr or C'° F sc du Tourisme, 30 BUes Capucines - Paris et Agences de Voj'ages</leg>
            <txt>Habitations à bon marché M. J.-L. Breton, ministre de l'Hygiène et de la Prévoyance sociale, accompagne par M. le préfet de là Seine et les administrateurs de l'Office départemental des habitations à bon marché, a visité hier une partie, dés travaux en cours d'exécution dams la banlieue nord et nord-est, sur les projets d'habitations ou vrières poursuivis par l'Office pour le compte du département de la Seine. » le ministre a constaté avec satisfaction, l'activité avec laquelle sont poursuivis soius la direction de MM. Bassompière et de Rutte, architectes de l'Office, les travaux d'aménage ment de la cité-Jardin-type de Drancy, par l'application des meilleures formules dégagées des exemples anglo-saxons. Une centaine de maisons conçues avec le maximum de préoccupations économiques, hy giéniques et esthétiques pourront être habi tées dès le printemps prochain. Aux Lilas, le chantier pour la construction de deux cents maisons individuelles semi- provisoires, groupées en un plan d'ensemble harmonieux, est préparé dans des conditions telles, que d'ici un mois, si la température reste clémente, MM. Pelletier et Teysseire, architectes chargés de l'exécution des travaux se font forts de livrer une maison par jour. A Bagnolet, cent maisons de, types standar disés, construites dans les conditions les plus économiquQs, pour les san;s-abris, sont actuel lement presque complètement édifiées et se ront livrées à la location dans quelques se maines. .'M. .T.-L. Breton et M. Autrand ont fél et un numéro du journal le T~emp$ à 9 cou ronnes. Les détaillants hongrois demandent donc que .nos éditeurs leur adressent les livres di rectement. Nous pourrions, d'autre part, nous inspirer de l'exemple des Anglais» et des Alle mands, qui ont résolu de faire Mes crédits de 3 à 5 ans aux Hongrois pour attendre l'équilibre des changes. L'encouragement de l'industrie bulgare. Les capitalistes et industriels français dési reux de créer des entreprises industrielles eu' Bulgarie auront intérêt à consulter, dans les' bureaux de l'Office national du Commerce extérieur (3 S service) (tous les jours- non fé riés, de 10 à 12 heures et de 14 à 17 heures),- la loi sur l'encouragement de l'industrie bul gare, sanctionnée par oukase royal numéro 20, en date du 7 mars 1909, qui leur accordé des avantages nombreux. Faites vos provisions de charbon Hier ont été apposées les affiches relatives aux nouveaux prix du chanbon pour les foyers domestiques et le chauffage central que nous avons signalés. M. Autrand précise qu'aucune nouvel tel baisse de prix n'est à envisager avant la fin' de l'hiver, et engage les -familles à comment cex dès maintenant leurs provisions.</txt>
            <index>rntt . f , fnoÊÇu'i, AUTO* S'. CIRCUITS- «ARRAKKCH NORD-AFRICAINS i.yoo kilamèlm dam h même auto de hxt Prospectus, Billets comprenant tou  les frais : Paquebots -Auto - Hôtels spéciaux- Pourboiref S'Adr or C'° F sc du Tourisme, 30 BUes Capucines - Paris et Agences de Voj'agesHabitations à bon marché M. J.-L. Breton, ministre de l'Hygiène et de la Prévoyance sociale, accompagne par M. le préfet de là Seine et les administrateurs de l'Office départemental des habitations à bon marché, a visité hier une partie, dés travaux en cours d'exécution dams la banlieue nord et nord-est, sur les projets d'habitations ou vrières poursuivis par l'Office pour le compte du département de la Seine. » le ministre a constaté avec satisfaction, l'activité avec laquelle sont poursuivis soius la direction de MM. Bassompière et de Rutte, architectes de l'Office, les travaux d'aménage ment de la cité-Jardin-type de Drancy, par l'application des meilleures formules dégagées des exemples anglo-saxons. Une centaine de maisons conçues avec le maximum de préoccupations économiques, hy giéniques et esthétiques pourront être habi tées dès le printemps prochain. Aux Lilas, le chantier pour la construction de deux cents maisons individuelles semi- provisoires, groupées en un plan d'ensemble harmonieux, est préparé dans des conditions telles, que d'ici un mois, si la température reste clémente, MM. Pelletier et Teysseire, architectes chargés de l'exécution des travaux se font forts de livrer une maison par jour. A Bagnolet, cent maisons de, types standar disés, construites dans les conditions les plus économiquQs, pour les san;s-abris, sont actuel lement presque complètement édifiées et se ront livrées à la location dans quelques se maines. .'M. .T.-L. Breton et M. Autrand ont fél et un numéro du journal le T~emp$ à 9 cou ronnes. Les détaillants hongrois demandent donc que .nos éditeurs leur adressent les livres di rectement. Nous pourrions, d'autre part, nous inspirer de l'exemple des Anglais» et des Alle mands, qui ont résolu de faire Mes crédits de 3 à 5 ans aux Hongrois pour attendre l'équilibre des changes. L'encouragement de l'industrie bulgare. Les capitalistes et industriels français dési reux de créer des entreprises industrielles eu' Bulgarie auront intérêt à consulter, dans les' bureaux de l'Office national du Commerce extérieur (3 S service) (tous les jours- non fé riés, de 10 à 12 heures et de 14 à 17 heures),- la loi sur l'encouragement de l'industrie bul gare, sanctionnée par oukase royal numéro 20, en date du 7 mars 1909, qui leur accordé des avantages nombreux. Faites vos provisions de charbon Hier ont été apposées les affiches relatives aux nouveaux prix du chanbon pour les foyers domestiques et le chauffage central que nous avons signalés. M. Autrand précise qu'aucune nouvel tel baisse de prix n'est à envisager avant la fin' de l'hiver, et engage les -familles à comment cex dès maintenant leurs provisions.</index>
            <genre source="hm" time="2019-09-29T14:26:40.556+02:00">publicite</genre>
            <genre source="final">publicite</genre>
            <contenuImg CS="1" lang="en" source="hm" time="2020-04-08T18:12:08.142+02:00">car</contenuImg>
            <contenuImg CS="1" lang="en" source="hm" time="2020-04-08T18:14:15.33+02:00">boat</contenuImg>
          </ill>
        </ills>
      </page>
      <page ordre="4">
        <nbMot>1308</nbMot>
        <blocTexte>372</blocTexte>
        <blocTab>0</blocTab>
        <blocPub>0</blocPub>
        <blocIllustration>1</blocIllustration>
        <ills/>
      </page>
    </pages>
  </contenus>
</analyseAlto>