<analyseAlto>
  <metad>
    <type>P</type>
    <ID>bpt6k749420s</ID>
    <titre>Le Siècle</titre>
    <dateEdition>1914-06-21</dateEdition>
    <nbPage>6</nbPage>
    <suppl>FALSE</suppl>
  </metad>
  <contenus>
    <largeur>434</largeur>
    <hauteur>599</hauteur>
    <pages>
      <page ordre="1">
        <nbMot>921</nbMot>
        <blocTexte>24</blocTexte>
        <blocTab>0</blocTab>
        <blocPub>0</blocPub>
        <blocIllustration>5</blocIllustration>
        <ills/>
      </page>
      <page ordre="2">
        <nbMot>977</nbMot>
        <blocTexte>53</blocTexte>
        <blocTab>0</blocTab>
        <blocPub>0</blocPub>
        <blocIllustration>5</blocIllustration>
        <ills>
          <ill classif="DFdnn" couleur="gris" edit="1" h="347" n="2-4" pub="1" taille="0" w="700" x="3502" y="4382">
            <contenuImg CS="1" lang="fr" source="hm" time="2020-04-08T18:08:35.334+02:00">moto</contenuImg>
            <leg>La Révélation dt® l'Atittéû</leg>
            <txt>29 juin. ■— 7 heures : Berliet, Re- dates ci-après pour les différentes marques engagées : * Lundi 2S nault. 13 heures : Renaiilt., Dewald; Mardi 30 Juin. — 7 heures : Clément-Bayard, Delaugère et Clayette, Cottin-Desgouttes. 13 heures : Blum, Rochet-Schneider, Barron et Vialle. ■ Mercredi 1  juillet. — 7 heures : Panharô et Levassor, La Buire, 13 heures : Peugeot, Ariès. Jeudi 12 juillet. — 7 heures : Saurer. 13 heures : Mors, Balaohowsky et Caire. Vendredi 8 juillet.— 7 heures : Schneider, de Dion. 13 heures : Delahaye. . Samedi 4 juillet. — Fin des opérations préli minaires. Dimanche 5 juillet. — Repos avant la formi dable épreuve qui ne oompte pas moins de 3.534 kilomètres avec des rampes variant de 8 à 14 0/0 et qui durera jusqu'au 5 août. AERONAUTIQUE La Fusion de la Ligue Nationale Aérienne - Sous la présidence de M. René Quinton, as sisté de MM. Archdeacon, de Celigny, Kleine, le général Naquet-Laroque, le généra lde Torcy, le commandant Dollfus, Louis Bréguet, le duo de Broglie, etc., s'est tenue hier une assemblée générale extraordinaire des membres de la Li gue Nationale Aérienne. Après exposé des conditions dans lesquelles la Ligue Nationale Aérienne était invitée a join dre ses efforts à ceux de la Ligue Aéronauti que de France pour la défense des intérêts de l'aviation française l'Assemblée a pris les dé cisions suivantes : 1' La Ligue Nationale Aérienne se dissout en vue de fusionner avec la Ligue Aéronauti que de France. 2' MM. Quinton,' Archdeacon, L.-N. de Celigny, DausseL Doiuner, Dubois de M</txt>
            <index>La Révélation dt® l'Atittéû29 juin. ■— 7 heures : Berliet, Re- dates ci-après pour les différentes marques engagées : * Lundi 2S nault. 13 heures : Renaiilt., Dewald; Mardi 30 Juin. — 7 heures : Clément-Bayard, Delaugère et Clayette, Cottin-Desgouttes. 13 heures : Blum, Rochet-Schneider, Barron et Vialle. ■ Mercredi 1  juillet. — 7 heures : Panharô et Levassor, La Buire, 13 heures : Peugeot, Ariès. Jeudi 12 juillet. — 7 heures : Saurer. 13 heures : Mors, Balaohowsky et Caire. Vendredi 8 juillet.— 7 heures : Schneider, de Dion. 13 heures : Delahaye. . Samedi 4 juillet. — Fin des opérations préli minaires. Dimanche 5 juillet. — Repos avant la formi dable épreuve qui ne oompte pas moins de 3.534 kilomètres avec des rampes variant de 8 à 14 0/0 et qui durera jusqu'au 5 août. AERONAUTIQUE La Fusion de la Ligue Nationale Aérienne - Sous la présidence de M. René Quinton, as sisté de MM. Archdeacon, de Celigny, Kleine, le général Naquet-Laroque, le généra lde Torcy, le commandant Dollfus, Louis Bréguet, le duo de Broglie, etc., s'est tenue hier une assemblée générale extraordinaire des membres de la Li gue Nationale Aérienne. Après exposé des conditions dans lesquelles la Ligue Nationale Aérienne était invitée a join dre ses efforts à ceux de la Ligue Aéronauti que de France pour la défense des intérêts de l'aviation française l'Assemblée a pris les dé cisions suivantes : 1' La Ligue Nationale Aérienne se dissout en vue de fusionner avec la Ligue Aéronauti que de France. 2' MM. Quinton,' Archdeacon, L.-N. de Celigny, DausseL Doiuner, Dubois de M</index>
            <genre source="hm" time="2019-09-29T14:08:01.526+02:00">publicite</genre>
            <genre source="final">publicite</genre>
            <contenuImg CS="1" lang="en" source="hm" time="2020-04-08T18:08:35.334+02:00">motorcycle</contenuImg>
          </ill>
        </ills>
      </page>
      <page ordre="3">
        <nbMot>1</nbMot>
        <blocTexte>1</blocTexte>
        <blocTab>0</blocTab>
        <blocPub>0</blocPub>
        <blocIllustration>0</blocIllustration>
      </page>
      <page ordre="4">
        <nbMot>2052</nbMot>
        <blocTexte>1161</blocTexte>
        <blocTab>0</blocTab>
        <blocPub>0</blocPub>
        <blocIllustration>0</blocIllustration>
      </page>
      <page ordre="5">
        <nbMot>891</nbMot>
        <blocTexte>23</blocTexte>
        <blocTab>0</blocTab>
        <blocPub>0</blocPub>
        <blocIllustration>1</blocIllustration>
        <ills/>
      </page>
      <page ordre="6">
        <nbMot>1003</nbMot>
        <blocTexte>27</blocTexte>
        <blocTab>0</blocTab>
        <blocPub>0</blocPub>
        <blocIllustration>3</blocIllustration>
        <ills/>
      </page>
    </pages>
  </contenus>
</analyseAlto>