<doc>
  <metad>
    <type>P</type>
    <ID>bpt6k751394f</ID>
    <titre>Le Siècle</titre>
    <dateEdition>1919-12-20</dateEdition>
    <nbPage>4</nbPage>
    <suppl>FALSE</suppl>
  </metad>
  <contenus>
    <largeur>357</largeur>
    <hauteur>531</hauteur>
    <pages>
      <page ordre="1">
        <nbMot>598</nbMot>
        <blocTexte>23</blocTexte>
        <blocTab>0</blocTab>
        <blocPub>0</blocPub>
        <blocIllustration>0</blocIllustration>
      </page>
      <page ordre="2">
        <nbMot>748</nbMot>
        <blocTexte>48</blocTexte>
        <blocTab>0</blocTab>
        <blocPub>0</blocPub>
        <blocIllustration>4</blocIllustration>
        <ills/>
      </page>
      <page ordre="3">
        <nbMot>765</nbMot>
        <blocTexte>23</blocTexte>
        <blocTab>0</blocTab>
        <blocPub>0</blocPub>
        <blocIllustration>0</blocIllustration>
      </page>
      <page ordre="4">
        <nbMot>1130</nbMot>
        <blocTexte>290</blocTexte>
        <blocTab>0</blocTab>
        <blocPub>0</blocPub>
        <blocIllustration>4</blocIllustration>
        <ills>
          <ill couleur="gris" derniere="true" edit="1" h="1059" n="4-1" pub="1" taille="2" w="1429" x="2617" y="2115">
            <contenuImg CS="1" lang="fr" source="hm" time="2020-04-08T18:09:57.902+02:00">camion</contenuImg>
            <leg>NOUVEAU' C.B.A TONN</leg>
            <index>NOUVEAU' C.B.A TONN6» 6» 6:i 61' 61. 60 60 on: ol) 60. 60 60 ■CO- îl 60 S6 64 64 02 £2 (2 62 62 62 6» 62 ( i 62 60 60 60 60 60 60 60 m</index>
            <genre source="hm" time="2019-09-29T14:19:29.247+02:00">publicite</genre>
            <genre source="final">publicite</genre>
            <contenuImg CS="1" lang="en" source="hm" time="2020-04-08T18:09:57.902+02:00">truck</contenuImg>
          </ill>
        </ills>
      </page>
    </pages>
  </contenus>
</doc>