<analyseAlto>
  <metad>
    <type>P</type>
    <ID>bpt6k7514475</ID>
    <titre>Le Siècle</titre>
    <dateEdition>1920-02-12</dateEdition>
    <nbPage>4</nbPage>
    <suppl>FALSE</suppl>
  </metad>
  <contenus>
    <largeur>354</largeur>
    <hauteur>538</hauteur>
    <pages>
      <page ordre="1">
        <nbMot>592</nbMot>
        <blocTexte>33</blocTexte>
        <blocTab>0</blocTab>
        <blocPub>0</blocPub>
        <blocIllustration>1</blocIllustration>
        <ills/>
      </page>
      <page ordre="2">
        <nbMot>761</nbMot>
        <blocTexte>39</blocTexte>
        <blocTab>0</blocTab>
        <blocPub>0</blocPub>
        <blocIllustration>2</blocIllustration>
        <ills/>
      </page>
      <page ordre="3">
        <nbMot>784</nbMot>
        <blocTexte>18</blocTexte>
        <blocTab>0</blocTab>
        <blocPub>0</blocPub>
        <blocIllustration>0</blocIllustration>
      </page>
      <page ordre="4">
        <nbMot>870</nbMot>
        <blocTexte>52</blocTexte>
        <blocTab>0</blocTab>
        <blocPub>0</blocPub>
        <blocIllustration>3</blocIllustration>
        <ills>
          <ill classif="DFdnn" couleur="gris" derniere="true" edit="1" h="256" n="4-2" pub="1" taille="0" w="667" x="3369" y="5123">
            <leg>ET POLICE...</leg>
            <txt>certains points de son réseau, pour les agents; détachés dans les établissement militaires,' des cantines où des repas sont servis au prix moyen de 1 fr. 50, vin non compris. Ce prix est inférieur de 1 fr. 50 à 1 fr. '70 auàc pfdx payés dans iaffi restaurant de la ville pouir un- repas identique. Ces cantines diffèrent des l'éreataires, qui sont gérés par la Oompagnle en ce que leur gestion est confiée à une Com mission nommée par les agents, sous le con trôle de la Compagnie qui se borne à leur ap porter son concours financier. A l'heure, ac tuelle, 18 cantines ont été ouvertes et fonc tionnent sur ces bases. Enfin là Compagnie d'Orléans a créé, no tamment à Paris et à Pêrigueux des « gout-r tes de Laàt ». De nombreux enfants y sont ins crite, le lait est fourni actuellement aux fa milles des agents au prix de 0 fr. 30 le litre. Inutile de dire que le personnel a réservé le meMileur accueil à ces initiatives. g'ï-ifcggti à RftRlS-/ v UP) i , MAX ViTERBO  *3 'QtApi/rS avaries</txt>
            <index>ET POLICE...certains points de son réseau, pour les agents; détachés dans les établissement militaires,' des cantines où des repas sont servis au prix moyen de 1 fr. 50, vin non compris. Ce prix est inférieur de 1 fr. 50 à 1 fr. '70 auàc pfdx payés dans iaffi restaurant de la ville pouir un- repas identique. Ces cantines diffèrent des l'éreataires, qui sont gérés par la Oompagnle en ce que leur gestion est confiée à une Com mission nommée par les agents, sous le con trôle de la Compagnie qui se borne à leur ap porter son concours financier. A l'heure, ac tuelle, 18 cantines ont été ouvertes et fonc tionnent sur ces bases. Enfin là Compagnie d'Orléans a créé, no tamment à Paris et à Pêrigueux des « gout-r tes de Laàt ». De nombreux enfants y sont ins crite, le lait est fourni actuellement aux fa milles des agents au prix de 0 fr. 30 le litre. Inutile de dire que le personnel a réservé le meMileur accueil à ces initiatives. g'ï-ifcggti à RftRlS-/ v UP) i , MAX ViTERBO  *3 'QtApi/rS avaries</index>
            <genre source="hm" time="2019-09-29T14:15:59.964+02:00">publicite</genre>
            <genre source="final">publicite</genre>
          </ill>
        </ills>
      </page>
    </pages>
  </contenus>
</analyseAlto>