<analyseAlto>
  <metad>
    <type>P</type>
    <ID>bpt6k751644n</ID>
    <titre>Le Siècle</titre>
    <dateEdition>1920-08-28</dateEdition>
    <nbPage>4</nbPage>
    <suppl>FALSE</suppl>
  </metad>
  <contenus>
    <largeur>363</largeur>
    <hauteur>541</hauteur>
    <pages>
      <page ordre="1">
        <nbMot>544</nbMot>
        <blocTexte>30</blocTexte>
        <blocTab>0</blocTab>
        <blocPub>0</blocPub>
        <blocIllustration>1</blocIllustration>
        <ills/>
      </page>
      <page ordre="2">
        <nbMot>779</nbMot>
        <blocTexte>41</blocTexte>
        <blocTab>0</blocTab>
        <blocPub>0</blocPub>
        <blocIllustration>3</blocIllustration>
        <ills>
          <ill classif="DFdnn" couleur="gris" edit="1" h="454" n="2-1" pub="1" taille="0" w="751" x="2522" y="1171">
            <leg>......... TH. ANTOINE S Direction intérimaire : R. Audier g [REOUVERTURE! S aveo une pièce nouvelle en 4 actes g S L'INCONNU, de Louis VERNEUIL S   ■■BBBBBBBnaaaiasaiBBBaaasaiiBai*noiiia»*nT</leg>
            <txt>— Madlaine Traverse, Vivian Rich et Gladys iBrockwell ne font plus partie de l'organisation Fox. — Eillie Burke et. Lila Lee ont renouvelé leurs contrats avec le Paramouflt Arteraft. Martha Mansfield, la partenaire de Max Lin- der dans les trois comédies qu'il a tournées à Chicago pour Essanay' en 1916 : Max part en Amérique, Max veut divorcer et Max. et son taxi, vient d'être engagée par les films Selznick-Se- lect. —  C'est pour une nouvelle firme éditrice : l'Associated Exhjbitiors', que Géraldine Farrar tournera désormais. Son premier film sera The Riddle-woman. — Norma Talmadge doit aller -sous peu re joindre sa mère et sa sœur Najalie, en Angle terre. Elle profitera de son séjour en Europe pour tourner les extérieurs de The Garden of Allah, «de Robert .Hichens. Il est probable que sa sosUr Constance l'ac compagnera.   — La danseuse Doraldina, que l'on put admi rer dans le film tiré par George Fitzmaurice, du roman de Kipling Le _N«ulahka, est à présent un© des « stars » de la Metro-Film Co. Son premier film sera Passion fruit. — Bryant Wâhsbum, nous l'avons déjà an noncé, est à présent son propre patron, depuis qu'il a décliné des offres de renouvellement de son contrat avec la Paramoutlt. Arrivé dernièrement eh Angleterre à bord du Krooniand avec Mrs. Washburn, il va y tourner son premier film : The road to London, sous la direction d'Eugène Mullin, — Lé film auquel travaille dès à présent Dou glas Fait-teks est intitulé : The curse of Capis- tranoi d'après le roman de de l'un de ses interprètes défraye en ce mo ment la chronique théâtrale. Le tragédien a l'âmitié fidèle. Or- l'inter- iprète en question est l'un de ses amis. Et d'ail leurs, toute question de relations mise à part,' il a été indigné du procédé de l'auteur. Aussi en le voyant venir il n'eut pas un mot, imais se retourna démonstrativement. La main ,tendue retomba d'elle-même et l'auteur, en en fant humilié, se retira. Jacques Florange. , COMMUNIQUÉS ; La répétition générale ds « Faire Fortune » reste fixée irrévocablement au lundi 80 août,, en soi rée. On travaille chaque jour, l'après-midi et 10 soir et Jlmo Sarah-BernlTarclt, tout récemment, re venue  !o Be!l ?-ne-en'M u-, assistait aux demififM Ts] êtitiOJ !5 de l'œuvre nouvelle (le MM. Abel Tar- sriile et Fernaiid rauré. .</txt>
            <index>......... TH. ANTOINE S Direction intérimaire : R. Audier g [REOUVERTURE! S aveo une pièce nouvelle en 4 actes g S L'INCONNU, de Louis VERNEUIL S   ■■BBBBBBBnaaaiasaiBBBaaasaiiBai*noiiia»*nT— Madlaine Traverse, Vivian Rich et Gladys iBrockwell ne font plus partie de l'organisation Fox. — Eillie Burke et. Lila Lee ont renouvelé leurs contrats avec le Paramouflt Arteraft. Martha Mansfield, la partenaire de Max Lin- der dans les trois comédies qu'il a tournées à Chicago pour Essanay' en 1916 : Max part en Amérique, Max veut divorcer et Max. et son taxi, vient d'être engagée par les films Selznick-Se- lect. —  C'est pour une nouvelle firme éditrice : l'Associated Exhjbitiors', que Géraldine Farrar tournera désormais. Son premier film sera The Riddle-woman. — Norma Talmadge doit aller -sous peu re joindre sa mère et sa sœur Najalie, en Angle terre. Elle profitera de son séjour en Europe pour tourner les extérieurs de The Garden of Allah, «de Robert .Hichens. Il est probable que sa sosUr Constance l'ac compagnera.   — La danseuse Doraldina, que l'on put admi rer dans le film tiré par George Fitzmaurice, du roman de Kipling Le _N«ulahka, est à présent un© des « stars » de la Metro-Film Co. Son premier film sera Passion fruit. — Bryant Wâhsbum, nous l'avons déjà an noncé, est à présent son propre patron, depuis qu'il a décliné des offres de renouvellement de son contrat avec la Paramoutlt. Arrivé dernièrement eh Angleterre à bord du Krooniand avec Mrs. Washburn, il va y tourner son premier film : The road to London, sous la direction d'Eugène Mullin, — Lé film auquel travaille dès à présent Dou glas Fait-teks est intitulé : The curse of Capis- tranoi d'après le roman de de l'un de ses interprètes défraye en ce mo ment la chronique théâtrale. Le tragédien a l'âmitié fidèle. Or- l'inter- iprète en question est l'un de ses amis. Et d'ail leurs, toute question de relations mise à part,' il a été indigné du procédé de l'auteur. Aussi en le voyant venir il n'eut pas un mot, imais se retourna démonstrativement. La main ,tendue retomba d'elle-même et l'auteur, en en fant humilié, se retira. Jacques Florange. , COMMUNIQUÉS ; La répétition générale ds « Faire Fortune » reste fixée irrévocablement au lundi 80 août,, en soi rée. On travaille chaque jour, l'après-midi et 10 soir et Jlmo Sarah-BernlTarclt, tout récemment, re venue  !o Be!l ?-ne-en'M u-, assistait aux demififM Ts] êtitiOJ !5 de l'œuvre nouvelle (le MM. Abel Tar- sriile et Fernaiid rauré. .</index>
            <genre source="hm" time="2019-09-29T14:23:21.52+02:00">publicite</genre>
            <genre source="final">publicite</genre>
          </ill>
        </ills>
      </page>
      <page ordre="3">
        <nbMot>802</nbMot>
        <blocTexte>24</blocTexte>
        <blocTab>0</blocTab>
        <blocPub>0</blocPub>
        <blocIllustration>0</blocIllustration>
      </page>
      <page ordre="4">
        <nbMot>1153</nbMot>
        <blocTexte>311</blocTexte>
        <blocTab>0</blocTab>
        <blocPub>0</blocPub>
        <blocIllustration>0</blocIllustration>
      </page>
    </pages>
  </contenus>
</analyseAlto>