<doc>
  <metad>
    <type>P</type>
    <ID>bpt6k7511265</ID>
    <titre>Le Siècle</titre>
    <dateEdition>1919-03-03</dateEdition>
    <nbPage>4</nbPage>
    <suppl>FALSE</suppl>
  </metad>
  <contenus>
    <largeur>366</largeur>
    <hauteur>525</hauteur>
    <pages>
      <page ordre="1">
        <nbMot>548</nbMot>
        <blocTexte>76</blocTexte>
        <blocTab>0</blocTab>
        <blocPub>0</blocPub>
        <blocIllustration>2</blocIllustration>
        <ills/>
      </page>
      <page ordre="2">
        <nbMot>713</nbMot>
        <blocTexte>22</blocTexte>
        <blocTab>0</blocTab>
        <blocPub>0</blocPub>
        <blocIllustration>1</blocIllustration>
        <ills/>
      </page>
      <page ordre="3">
        <nbMot>743</nbMot>
        <blocTexte>24</blocTexte>
        <blocTab>0</blocTab>
        <blocPub>0</blocPub>
        <blocIllustration>2</blocIllustration>
        <ills/>
      </page>
      <page ordre="4">
        <nbMot>547</nbMot>
        <blocTexte>51</blocTexte>
        <blocTab>0</blocTab>
        <blocPub>0</blocPub>
        <blocIllustration>10</blocIllustration>
        <ills>
          <ill couleur="gris" derniere="true" edit="1" h="330" n="4-9" pub="1" taille="0" w="490" x="2698" y="5228">
            <leg>» cuir glacé, taioo àoulier bottier. P' Dames</leg>
            <txt>Parapluies p Daraes ct Jeu   ' silesienne noir, bord faille, ; .</txt>
            <index>» cuir glacé, taioo àoulier bottier. P' DamesParapluies p Daraes ct Jeu   ' silesienne noir, bord faille, ; .</index>
            <genre source="hm" time="2019-09-28T19:31:32.239+02:00">publicite</genre>
            <genre source="final">publicite</genre>
          </ill>
        </ills>
      </page>
    </pages>
  </contenus>
</doc>