<analyseAlto>
  <metad>
    <type>P</type>
    <ID>bpt6k751690v</ID>
    <titre>Le Siècle</titre>
    <dateEdition>1920-10-13</dateEdition>
    <nbPage>4</nbPage>
    <suppl>FALSE</suppl>
  </metad>
  <contenus>
    <largeur>354</largeur>
    <hauteur>539</hauteur>
    <pages>
      <page ordre="1">
        <nbMot>600</nbMot>
        <blocTexte>38</blocTexte>
        <blocTab>0</blocTab>
        <blocPub>0</blocPub>
        <blocIllustration>1</blocIllustration>
        <ills/>
      </page>
      <page ordre="2">
        <nbMot>774</nbMot>
        <blocTexte>37</blocTexte>
        <blocTab>0</blocTab>
        <blocPub>0</blocPub>
        <blocIllustration>1</blocIllustration>
        <ills>
          <ill couleur="gris" edit="1" h="283" n="2-1" pub="1" taille="0" w="749" x="162" y="3813">
            <leg>LA VILLE ET LES ARTS</leg>
            <txt>Cinémas MARIVAUX (Louv. 09-99). — 2 U. 30, 8 h. 30 s La Marque sanglante; Fatty chez lui; Le Suicide de Boucot; Darnaud et Dhomas (sketch). CIRQUE D'HIVER (Roquette 12-25). — S U. 30 ; Les Mystères du Ciel (répétition générale). AUBERT-PALACE (Gut. 47-07). - SU, tt 11 h. ! Le Goufire, l'Audace Triomphe; Dandy hérite. CLECTRIC-PAl-AGE (Gut. 60-78). — Mat;, soir. I T.a Destinée; Idylle au Far-west; Vn Conte de Grand'Mère; ButfalO et Bill. TIVOLI-CINÉMA, (Nopd 20-47). — 2 h. 30. 8 b. 30 s L'Humble Hirosnè'Ot^wiOusk: Dandy hérite. SAINT-PAUL-OINÊMA (Arch. 07-47). — S h., 8 b.: JHnc; Ames siciliennes; Un -Fait; La Conquit  * d'JIètoïse. PATHË-PAi-ACE. — Mat., soir. : J'ai perdu mon Entant; Chariot s'évade; Le grand Jeu ; Ames sici liennes. ■ ARTISTIO — 2 h. 30, 8 b.30 : Lut d la Conquête l 'Uéloise } Le grand Jeu ; J'ai perdu mon Sn/ant,   -»» ^ , ■ -, Art et Curiosité» — Aujourd'hui à l'Hôtel Drouot, salle l, vente de meubles de style, objets d'art (M 0 I-air-Dubreuil) ; salle 5, ions meubles, bronzes (M° Baudoin) ; salle 12, meubles de style ja ponais et chinois (M ea Bertrand et André) ; salle 6, exposition d'objets d'Extrême-Orient (M« Lair-Dubreuil, M. Portier).</txt>
            <index>LA VILLE ET LES ARTSCinémas MARIVAUX (Louv. 09-99). — 2 U. 30, 8 h. 30 s La Marque sanglante; Fatty chez lui; Le Suicide de Boucot; Darnaud et Dhomas (sketch). CIRQUE D'HIVER (Roquette 12-25). — S U. 30 ; Les Mystères du Ciel (répétition générale). AUBERT-PALACE (Gut. 47-07). - SU, tt 11 h. ! Le Goufire, l'Audace Triomphe; Dandy hérite. CLECTRIC-PAl-AGE (Gut. 60-78). — Mat;, soir. I T.a Destinée; Idylle au Far-west; Vn Conte de Grand'Mère; ButfalO et Bill. TIVOLI-CINÉMA, (Nopd 20-47). — 2 h. 30. 8 b. 30 s L'Humble Hirosnè'Ot^wiOusk: Dandy hérite. SAINT-PAUL-OINÊMA (Arch. 07-47). — S h., 8 b.: JHnc; Ames siciliennes; Un -Fait; La Conquit  * d'JIètoïse. PATHË-PAi-ACE. — Mat., soir. : J'ai perdu mon Entant; Chariot s'évade; Le grand Jeu ; Ames sici liennes. ■ ARTISTIO — 2 h. 30, 8 b.30 : Lut d la Conquête l 'Uéloise } Le grand Jeu ; J'ai perdu mon Sn/ant,   -»» ^ , ■ -, Art et Curiosité» — Aujourd'hui à l'Hôtel Drouot, salle l, vente de meubles de style, objets d'art (M 0 I-air-Dubreuil) ; salle 5, ions meubles, bronzes (M° Baudoin) ; salle 12, meubles de style ja ponais et chinois (M ea Bertrand et André) ; salle 6, exposition d'objets d'Extrême-Orient (M« Lair-Dubreuil, M. Portier).</index>
            <genre source="hm" time="2019-09-29T14:23:43.048+02:00">publicite</genre>
            <genre source="final">publicite</genre>
          </ill>
        </ills>
      </page>
      <page ordre="3">
        <nbMot>738</nbMot>
        <blocTexte>26</blocTexte>
        <blocTab>0</blocTab>
        <blocPub>0</blocPub>
        <blocIllustration>2</blocIllustration>
        <ills>
          <ill couleur="gris" edit="1" h="427" n="3-1" pub="1" taille="0" w="712" x="2549" y="2908">
            <leg>TRIOMPHE) Bureaux  français et américains Tœbles.Classeurs â rideaux et verticaux ■ Fauteuils tournants «t basculants Bibliothèques Chaises en bois courbé â partir de 35,5© ËPRIX DE FABRIQUÉ I2JANIAUD J!§ rtiieeuK Oai Çta/zataa ^eimiacatxaZù aà  1-63, Rue Rocheehouart.Pa-»-*- 9:J Célépht Gutenberç 31-0®</leg>
            <txt>est merveilleux dans Félix, dont il a fait une de  ses plus pittoresques ciéa- ■ tions. Mme Fontanes est une ingénue délicieuse, et Mme Moreno une mère touchante. M. Daragon est bien conven tionnel dans le frère bourgeois. Je sors de la répétition générale de la nouvelle pièce de M. Sacha Guitry, Je t'aime ; au Théâtre Edouard-VII. C'est du meilleur Sacha. « Dans notre . histoire, il ne se .passe rien : les criti qués diront qu'il n'y a pas de pièce » : tel est le mot de la fin, et l'on ne pou vait prévoir l'objection de meilleure grâce. Elle n'en demeure pas moins fondée ; mais il y a tant d'esprit, de bonne humeur et de douce sensibilité, qu'une action suivie n'était pas. indis pensable. Le joli spectacle que celui d'un amour heureux !   Premier tableau : un cabinet parti culier, où un jeune'homme attire astu cieusement une jeune fille, avec les plus louables intentions il l'aime, il veut l'épouser, et il désire mettre un peu de romanesque danS ses fiançailles. Comme il a raison ! Deuxième tableau : un salon, d'où les deux jeunes époux sont absents, et où dé bonnes amies les débi nent avec rage. La scène est drôle, mais effroyablement chargée. Dans quel monde a-t-on jamais tenu pareil lan gage ? Vraiment, la caricature est trop lourde. Troisième tableau : le jeune mé nage, dans la chambre et même dans la couche nuptiale. On se réveille au milieu de la nuit, on a faim, on soupe, on s'adore, on bavarde de choses et autres : ce n'est rien, et c'est exquis. Quatrième tableau : un parasite exploite si effrontément le mari, que celui-ci n'a d'autre ressource que de l'engager comine secrétaire, afin de pouvoir le flanquer à la porte. Amusant en soi, mais vraiment sans rapport avec le sujet. Cinquièm</txt>
            <index>TRIOMPHE) Bureaux  français et américains Tœbles.Classeurs â rideaux et verticaux ■ Fauteuils tournants «t basculants Bibliothèques Chaises en bois courbé â partir de 35,5© ËPRIX DE FABRIQUÉ I2JANIAUD J!§ rtiieeuK Oai Çta/zataa ^eimiacatxaZù aà  1-63, Rue Rocheehouart.Pa-»-*- 9:J Célépht Gutenberç 31-0®est merveilleux dans Félix, dont il a fait une de  ses plus pittoresques ciéa- ■ tions. Mme Fontanes est une ingénue délicieuse, et Mme Moreno une mère touchante. M. Daragon est bien conven tionnel dans le frère bourgeois. Je sors de la répétition générale de la nouvelle pièce de M. Sacha Guitry, Je t'aime ; au Théâtre Edouard-VII. C'est du meilleur Sacha. « Dans notre . histoire, il ne se .passe rien : les criti qués diront qu'il n'y a pas de pièce » : tel est le mot de la fin, et l'on ne pou vait prévoir l'objection de meilleure grâce. Elle n'en demeure pas moins fondée ; mais il y a tant d'esprit, de bonne humeur et de douce sensibilité, qu'une action suivie n'était pas. indis pensable. Le joli spectacle que celui d'un amour heureux !   Premier tableau : un cabinet parti culier, où un jeune'homme attire astu cieusement une jeune fille, avec les plus louables intentions il l'aime, il veut l'épouser, et il désire mettre un peu de romanesque danS ses fiançailles. Comme il a raison ! Deuxième tableau : un salon, d'où les deux jeunes époux sont absents, et où dé bonnes amies les débi nent avec rage. La scène est drôle, mais effroyablement chargée. Dans quel monde a-t-on jamais tenu pareil lan gage ? Vraiment, la caricature est trop lourde. Troisième tableau : le jeune mé nage, dans la chambre et même dans la couche nuptiale. On se réveille au milieu de la nuit, on a faim, on soupe, on s'adore, on bavarde de choses et autres : ce n'est rien, et c'est exquis. Quatrième tableau : un parasite exploite si effrontément le mari, que celui-ci n'a d'autre ressource que de l'engager comine secrétaire, afin de pouvoir le flanquer à la porte. Amusant en soi, mais vraiment sans rapport avec le sujet. Cinquièm</index>
            <genre source="hm" time="2019-09-29T14:23:46.663+02:00">publicite</genre>
            <genre source="final">publicite</genre>
          </ill>
          <ill classif="DFdnn" couleur="gris" edit="1" h="860" n="3-2" pub="1" taille="1" w="739" x="3342" y="3004">
            <contenuImg CS="1" lang="fr" source="hm" time="2020-04-08T18:14:12.372+02:00">bateau</contenuImg>
            <contenuImg CS="1" lang="fr" source="hm" time="2020-04-08T18:12:03.234+02:00">voiture</contenuImg>
            <leg>L MCKNCtf TAIA kCASâQLANCA MARRAKECH '</leg>
            <txt>TRIOMPHE) Bureaux  français et américains Tœbles.Classeurs â rideaux et verticaux ■ Fauteuils tournants «t basculants Bibliothèques Chaises en bois courbé â partir de 35,5© ËPRIX DE FABRIQUÉ I2JANIAUD J!§ rtiieeuK Oai Çta/zataa ^eimiacatxaZù aà  1-63, Rue Rocheehouart.Pa-»-*- 9:J Célépht Gutenberç 31-0® La Vie Economique L'impôt sur le chiffre d'aifaires A lu réunion -des agriculteurs du Nord,■ M. Loucheur, mercredi dernier, avait vive-' meut protesté contre une thèse ■ dû minis- ■ Ire des Finances, qui veut exiger des si nistrés, dès demain, le paiement de l 'im pôt' sur u chiffre d'affaires. Notre con frère.- le Progrès, du Nord .et du Pas-de- Calais a interrogé à ce sujet M. Loucheur, qui a précisé sa pensée en termes formels .i  c Au sujet de l'impôt sur le chiffre d'af faires, a-t-il dit; deux choses sont â envi sager : sa déclaration et son paiement. ■ La déclaration, prévue par la loi, doit être faite et tous les représentants des régions libérées sont d'accord Id-dess'iis avec le ministre des Finances. Pour, le paiement,- c'est une autre affaire et nous sommes là-dessus d'un avîs formellement contraire, à celui du ministre des Finances. » Nous soutenions, en effet, que les shfis- très ont le droit de compenser cet impôt avec leurs dommages de guerre, confor mément à l'article 46 de la loi du 17 avril 1919. Or, certains percepteurs ont déjà me nacé les contribuables de poursuites s'ils, ne payaient pas immédiatement. Nous ne. pouvons admettre une aussi fausse inter prétation de la loi, et notre collègue Mi Groussau a déposé une demande d'inter pellation -à ce sujet. » M. Loucheur,.cependant, ne réussissant point à obtenir du, ministre des Finances; un délai et l'assurance que toute pour suite serait suspendue jusqu'à la discus sion devant les Chambres, s'est mis d'ac</txt>
            <index>L MCKNCtf TAIA kCASâQLANCA MARRAKECH 'TRIOMPHE) Bureaux  français et américains Tœbles.Classeurs â rideaux et verticaux ■ Fauteuils tournants «t basculants Bibliothèques Chaises en bois courbé â partir de 35,5© ËPRIX DE FABRIQUÉ I2JANIAUD J!§ rtiieeuK Oai Çta/zataa ^eimiacatxaZù aà  1-63, Rue Rocheehouart.Pa-»-*- 9:J Célépht Gutenberç 31-0® La Vie Economique L'impôt sur le chiffre d'aifaires A lu réunion -des agriculteurs du Nord,■ M. Loucheur, mercredi dernier, avait vive-' meut protesté contre une thèse ■ dû minis- ■ Ire des Finances, qui veut exiger des si nistrés, dès demain, le paiement de l 'im pôt' sur u chiffre d'affaires. Notre con frère.- le Progrès, du Nord .et du Pas-de- Calais a interrogé à ce sujet M. Loucheur, qui a précisé sa pensée en termes formels .i  c Au sujet de l'impôt sur le chiffre d'af faires, a-t-il dit; deux choses sont â envi sager : sa déclaration et son paiement. ■ La déclaration, prévue par la loi, doit être faite et tous les représentants des régions libérées sont d'accord Id-dess'iis avec le ministre des Finances. Pour, le paiement,- c'est une autre affaire et nous sommes là-dessus d'un avîs formellement contraire, à celui du ministre des Finances. » Nous soutenions, en effet, que les shfis- très ont le droit de compenser cet impôt avec leurs dommages de guerre, confor mément à l'article 46 de la loi du 17 avril 1919. Or, certains percepteurs ont déjà me nacé les contribuables de poursuites s'ils, ne payaient pas immédiatement. Nous ne. pouvons admettre une aussi fausse inter prétation de la loi, et notre collègue Mi Groussau a déposé une demande d'inter pellation -à ce sujet. » M. Loucheur,.cependant, ne réussissant point à obtenir du, ministre des Finances; un délai et l'assurance que toute pour suite serait suspendue jusqu'à la discus sion devant les Chambres, s'est mis d'ac</index>
            <genre source="hm" time="2019-09-29T14:27:04.509+02:00">publicite</genre>
            <genre source="final">publicite</genre>
            <contenuImg CS="1" lang="en" source="hm" time="2020-04-08T18:12:03.234+02:00">car</contenuImg>
            <contenuImg CS="1" lang="en" source="hm" time="2020-04-08T18:14:12.372+02:00">boat</contenuImg>
          </ill>
        </ills>
      </page>
      <page ordre="4">
        <nbMot>1276</nbMot>
        <blocTexte>338</blocTexte>
        <blocTab>0</blocTab>
        <blocPub>0</blocPub>
        <blocIllustration>2</blocIllustration>
        <ills/>
      </page>
    </pages>
  </contenus>
</analyseAlto>