<doc>
  <metad>
    <type>P</type>
    <ID>bpt6k7515798</ID>
    <titre>Le Siècle</titre>
    <dateEdition>1920-06-23</dateEdition>
    <nbPage>4</nbPage>
    <suppl>FALSE</suppl>
  </metad>
  <contenus>
    <largeur>352</largeur>
    <hauteur>535</hauteur>
    <pages>
      <page ordre="1">
        <nbMot>576</nbMot>
        <blocTexte>23</blocTexte>
        <blocTab>0</blocTab>
        <blocPub>0</blocPub>
        <blocIllustration>0</blocIllustration>
      </page>
      <page ordre="2">
        <nbMot>776</nbMot>
        <blocTexte>36</blocTexte>
        <blocTab>0</blocTab>
        <blocPub>0</blocPub>
        <blocIllustration>1</blocIllustration>
        <ills>
          <ill couleur="gris" edit="1" h="322" n="2-1" pub="1" taille="0" w="791" x="3273" y="3737">
            <leg>LES JOURNAUX</leg>
            <txt>MARIVAUX (Louv. 06-99). — 2 h. 30. 8 h. 39  | Coup double ( Miss Wyndam) ; Fatty d to Clinique; L'Oflrande du Destin ; La folle Nuit de Théodore (Boucot). Orchestre symphonlque. 0IRQUE D'HIVER (Roq. 12-25). — 2 h. 30. 8 h. 30 Spectacle exclusif et sensationnel : l L'Expédition Shackleton au Pôle Sud. ARTISTIC (Central 81-07). — 8 h. 30 : 1 Un romati d'amour et d'aventures (M. Sacha Guitry et Mlla Yvonne Printemps). ) • MOQADOR-PALACB (Gut. 52-93). — 8 h. 30 f Etreinte du passé ; Betty ù. la rescousse (]f. Ward); Le don Juan du Pays: , ; PATHÉ-PALACE (Cent. 73-93). — 2 h. 4 11 h. \ Globe trotter par amour ; Dandy fait un béguin Actualités. ' AUBERT-PALACE (Gut... 47-07). - ! b. à 11 h.'i Jmpiria (6' ép. : La lumière dans la prison) ; Chariot sauveteur ; Le chevalier de Gaby. ELECTRIC-PALACE (Gut. 60-73). — Mat., soir, t L'Océan ; La Maison du Bonheur (Bessie Love) ;i Un terrible Adversaire (Douglas Falrhanks) ; Fattû 6^ ù la clinique. TIVOLI-CINÉMA (Nord 26-47) — S h. 30, 8 h. 30 s Impéria (5« ép. : Condamnée) ; L'Etreinte du Passé;, Globe-trotter par amour ; L'Océan. SAINT-PAUL-OINÉMA (Arch. 07 47). — 2 h., 8 h. i Coup double ; Impéria (fi  ép.: La lumière dans la prison) ; L'Océan (6« série) ; Le Chevalier de Gaby. MONCEV-OINEMA (Marcadet 16-32). — 8 h. 30 i,. La pérlk'aès j; €araïbé.i'Ifnpéria (5' 6p.: Condam née) Le Chevalier de .Q/aby. SPECTACLE UNIQUE Tous les jours en mat. à 3 h. t en soir, à s h. 2 L'EXPEDITION SHACKLETON au  POLE SUD ï m CIRQUE D'HIVER | , PATHE-PALAC iTIC.rend.-v.de tout 'es gdes vod.de l'écraa</txt>
            <index>LES JOURNAUXMARIVAUX (Louv. 06-99). — 2 h. 30. 8 h. 39  | Coup double ( Miss Wyndam) ; Fatty d to Clinique; L'Oflrande du Destin ; La folle Nuit de Théodore (Boucot). Orchestre symphonlque. 0IRQUE D'HIVER (Roq. 12-25). — 2 h. 30. 8 h. 30 Spectacle exclusif et sensationnel : l L'Expédition Shackleton au Pôle Sud. ARTISTIC (Central 81-07). — 8 h. 30 : 1 Un romati d'amour et d'aventures (M. Sacha Guitry et Mlla Yvonne Printemps). ) • MOQADOR-PALACB (Gut. 52-93). — 8 h. 30 f Etreinte du passé ; Betty ù. la rescousse (]f. Ward); Le don Juan du Pays: , ; PATHÉ-PALACE (Cent. 73-93). — 2 h. 4 11 h. \ Globe trotter par amour ; Dandy fait un béguin Actualités. ' AUBERT-PALACE (Gut... 47-07). - ! b. à 11 h.'i Jmpiria (6' ép. : La lumière dans la prison) ; Chariot sauveteur ; Le chevalier de Gaby. ELECTRIC-PALACE (Gut. 60-73). — Mat., soir, t L'Océan ; La Maison du Bonheur (Bessie Love) ;i Un terrible Adversaire (Douglas Falrhanks) ; Fattû 6^ ù la clinique. TIVOLI-CINÉMA (Nord 26-47) — S h. 30, 8 h. 30 s Impéria (5« ép. : Condamnée) ; L'Etreinte du Passé;, Globe-trotter par amour ; L'Océan. SAINT-PAUL-OINÉMA (Arch. 07 47). — 2 h., 8 h. i Coup double ; Impéria (fi  ép.: La lumière dans la prison) ; L'Océan (6« série) ; Le Chevalier de Gaby. MONCEV-OINEMA (Marcadet 16-32). — 8 h. 30 i,. La pérlk'aès j; €araïbé.i'Ifnpéria (5' 6p.: Condam née) Le Chevalier de .Q/aby. SPECTACLE UNIQUE Tous les jours en mat. à 3 h. t en soir, à s h. 2 L'EXPEDITION SHACKLETON au  POLE SUD ï m CIRQUE D'HIVER | , PATHE-PALAC iTIC.rend.-v.de tout 'es gdes vod.de l'écraa</index>
            <genre source="hm" time="2019-09-29T14:25:35.438+02:00">publicite</genre>
            <genre source="final">publicite</genre>
          </ill>
        </ills>
      </page>
      <page ordre="3">
        <nbMot>774</nbMot>
        <blocTexte>25</blocTexte>
        <blocTab>0</blocTab>
        <blocPub>0</blocPub>
        <blocIllustration>0</blocIllustration>
      </page>
      <page ordre="4">
        <nbMot>1169</nbMot>
        <blocTexte>356</blocTexte>
        <blocTab>0</blocTab>
        <blocPub>0</blocPub>
        <blocIllustration>8</blocIllustration>
        <ills>
          <ill couleur="gris" derniere="true" edit="1" h="947" n="4-3" pub="1" taille="1" w="748" x="3308" y="1885">
            <txt>1 Boîte de Luxe ce aluminium pol»</txt>
            <index>1 Boîte de Luxe ce aluminium pol»</index>
            <genre source="hm" time="2019-09-29T14:17:39.413+02:00">publicite</genre>
            <genre source="final">publicite</genre>
          </ill>
          <ill couleur="gris" derniere="true" edit="1" h="939" n="4-5" pub="1" taille="0" w="444" x="2537" y="3262">
            <txt>Boite Aluminium Modèle cour«it SAVON DENTIFRICE</txt>
            <index>Boite Aluminium Modèle cour«it SAVON DENTIFRICE</index>
            <genre source="hm" time="2019-09-29T14:22:38.094+02:00">publicite</genre>
            <genre source="final">publicite</genre>
          </ill>
        </ills>
      </page>
    </pages>
  </contenus>
</doc>