<doc>
  <metad>
    <type>P</type>
    <ID>bpt6k751764n</ID>
    <titre>Le Siècle</titre>
    <dateEdition>1920-12-26</dateEdition>
    <nbPage>4</nbPage>
    <suppl>FALSE</suppl>
  </metad>
  <contenus>
    <largeur>357</largeur>
    <hauteur>542</hauteur>
    <pages>
      <page ordre="1">
        <nbMot>627</nbMot>
        <blocTexte>20</blocTexte>
        <blocTab>0</blocTab>
        <blocPub>0</blocPub>
        <blocIllustration>0</blocIllustration>
      </page>
      <page ordre="2">
        <nbMot>769</nbMot>
        <blocTexte>33</blocTexte>
        <blocTab>0</blocTab>
        <blocPub>0</blocPub>
        <blocIllustration>2</blocIllustration>
        <ills/>
      </page>
      <page ordre="3">
        <nbMot>791</nbMot>
        <blocTexte>24</blocTexte>
        <blocTab>0</blocTab>
        <blocPub>0</blocPub>
        <blocIllustration>0</blocIllustration>
      </page>
      <page ordre="4">
        <nbMot>1015</nbMot>
        <blocTexte>206</blocTexte>
        <blocTab>0</blocTab>
        <blocPub>0</blocPub>
        <blocIllustration>3</blocIllustration>
        <ills>
          <ill classif="DFdnn" couleur="gris" derniere="true" edit="1" h="538" n="4-3" pub="1" taille="0" w="634" x="2621" y="3754">
            <leg>lUrgeurv a 9o' (()Cf, US 125 Ï40 '  Pri ^^400C42Q.44 ï.47a.\5!a ERIXlil.BAIS .Slt 1^0DÈL£é^ ïeme^t~cof\l'orn\ë? à la pourfcran 20 e . \ . ^LIVSAlSONaDOmClli'EXFÈDlTIOKSaPBDVIHCf</leg>
            <txt>iW0flû-5i//?.^VAUQIRARC  PARIS «Ruttouîcbivre Gros Piliers ■i*? ,■■■■■■</txt>
            <index>lUrgeurv a 9o' (()Cf, US 125 Ï40 '  Pri ^^400C42Q.44 ï.47a.\5!a ERIXlil.BAIS .Slt 1^0DÈL£é^ ïeme^t~cof\l'orn\ë? à la pourfcran 20 e . \ . ^LIVSAlSONaDOmClli'EXFÈDlTIOKSaPBDVIHCfiW0flû-5i//?.^VAUQIRARC  PARIS «Ruttouîcbivre Gros Piliers ■i*? ,■■■■■■</index>
            <genre source="hm" time="2019-09-29T14:29:49.728+02:00">publicite</genre>
            <genre source="final">publicite</genre>
          </ill>
        </ills>
      </page>
    </pages>
  </contenus>
</doc>