<doc>
  <metad>
    <type>P</type>
    <ID>bpt6k7513966</ID>
    <titre>Le Siècle</titre>
    <dateEdition>1919-12-22</dateEdition>
    <nbPage>4</nbPage>
    <suppl>FALSE</suppl>
  </metad>
  <contenus>
    <largeur>356</largeur>
    <hauteur>531</hauteur>
    <pages>
      <page ordre="1">
        <nbMot>595</nbMot>
        <blocTexte>39</blocTexte>
        <blocTab>0</blocTab>
        <blocPub>0</blocPub>
        <blocIllustration>0</blocIllustration>
      </page>
      <page ordre="2">
        <nbMot>779</nbMot>
        <blocTexte>49</blocTexte>
        <blocTab>0</blocTab>
        <blocPub>0</blocPub>
        <blocIllustration>6</blocIllustration>
        <ills/>
      </page>
      <page ordre="3">
        <nbMot>749</nbMot>
        <blocTexte>48</blocTexte>
        <blocTab>0</blocTab>
        <blocPub>0</blocPub>
        <blocIllustration>3</blocIllustration>
        <ills/>
      </page>
      <page ordre="4">
        <nbMot>1127</nbMot>
        <blocTexte>258</blocTexte>
        <blocTab>0</blocTab>
        <blocPub>0</blocPub>
        <blocIllustration>2</blocIllustration>
        <ills>
          <ill classif="DFdnn" couleur="gris" derniere="true" edit="1" h="544" n="4-1" pub="1" taille="0" w="349" x="3364" y="3253">
            <leg>GRIPPE MAUX la REINS LUMBAGO (t tous malaises d'un caractère fiévreux •ont toujours atténués et souvent guéris par quelques Comprimés  r ASPIRINE USINES d* RHONE' U TON »l 80 GoMmUi 1*60 £n Vint* 0«nt foofei '•  Pharmaeltt*</leg>
            <index>GRIPPE MAUX la REINS LUMBAGO (t tous malaises d'un caractère fiévreux •ont toujours atténués et souvent guéris par quelques Comprimés  r ASPIRINE USINES d* RHONE' U TON »l 80 GoMmUi 1*60 £n Vint* 0«nt foofei '•  Pharmaeltt*</index>
            <genre source="hm" time="2019-09-29T14:19:36.025+02:00">publicite</genre>
            <genre source="final">publicite</genre>
          </ill>
        </ills>
      </page>
    </pages>
  </contenus>
</doc>