<doc>
  <metad>
    <type>P</type>
    <ID>bpt6k751466g</ID>
    <titre>Le Siècle</titre>
    <dateEdition>1920-03-02</dateEdition>
    <nbPage>4</nbPage>
    <suppl>FALSE</suppl>
  </metad>
  <contenus>
    <largeur>355</largeur>
    <hauteur>538</hauteur>
    <pages>
      <page ordre="1">
        <nbMot>561</nbMot>
        <blocTexte>38</blocTexte>
        <blocTab>0</blocTab>
        <blocPub>0</blocPub>
        <blocIllustration>5</blocIllustration>
        <ills/>
      </page>
      <page ordre="2">
        <nbMot>780</nbMot>
        <blocTexte>22</blocTexte>
        <blocTab>0</blocTab>
        <blocPub>0</blocPub>
        <blocIllustration>1</blocIllustration>
        <ills/>
      </page>
      <page ordre="3">
        <nbMot>684</nbMot>
        <blocTexte>18</blocTexte>
        <blocTab>0</blocTab>
        <blocPub>0</blocPub>
        <blocIllustration>6</blocIllustration>
        <ills>
          <ill classif="DFdnn" couleur="gris" edit="1" h="1446" n="3-3" pub="1" taille="3" w="1468" x="2572" y="4156">
            <contenuImg CS="1" lang="fr" source="hm" time="2020-04-08T18:10:48.313+02:00">camion</contenuImg>
            <txt>s'en dégage. En attendait, chacun a le de voir et l'intérêt profond de servir à. son poste, soit par l'action dévouée au bien public, soit pir la discipline consentie. Cette leçon, les paroles de M. Georges Renard (France Libre) ne la résument-el les pas ? Pourtant il y aurait place chez nous pour mua autre socialisme, moins barbare et moins truculent, moins germanique et moins russe, mais pl-us conilonme à l'idéal francaês, c'est-à- dire désireux de faire une société plus juste et meilleure pour tout le monde, voulant l'é- pailité, mais sans la séparer de la liberté et de la fraternité, résolu a ne pas courir étour dira eut une .aventure grosse de souffrances, do dangers et de guerre civile. Seulement, c'est a condition que, du côté de la bourgeoisie, il y ait la conviction bien nette que le pouvoir absolu des patrons et des Compagnies ne peut plus exister, que la démocratie doit pénétrer dans le domaine économique comme elle est à demi entrée dans le domaine politique, que les travail leurs veulent et doivent être désormais asso ciés aux bénéfices et à. la gestion des entre prises auxquelles ils sont attachés. Souhaitons ardemment que ces idées de viennent la réalité de demain. MANCHETTES Du Journal du Peuple. ; Les trains vont être conduits par des du chesses -et des barons. On va nous faire regretter Claveille. De l'Eoiair : / Sous et chez Lénine, aujourd'hui, Si quelque cheminot s'égare, C'est aù front, et non à Ta gare Qu'il ■est aussitôt reconduit ! - -t- — L'ARMEE FUT le® indigènes. Les lois en, vigueur sont ini- » puissantes à îious procurer ce qu'il faut dans j ces deux catégories. H a'y aurait pas. notam ment, de plus gcriandô erreur que d'attendre pour v wr si un courant d'engagements et de rengagements ne va- pas de dessiner sous le régime adtuel. On ne fora ainsi que perdre du temps. Regardons du côté de l'Angleterre. Il ré sulte des récentes déclarations de M. Chur- cititll aux ûanynunes l'anraée réguilière britannique, uniquement composée de profes sionnels, est déjà reconstituée, et môme sur ■uin pied supérieur à celui d'avant-guerre, puisqu'elle compte 220.000 hommes au lieu do 175.000. Mais qu'on compare les avantages faite de l'autre côté du détroit aux militaires de carrière avec ceux que leur offre' notre loi de 1913 ! Dans , le Petit Parisien, le lieutenant-co^ lonel Roueset insiste sur la nécessi/té d$ préparer des aviateurs, des artilleurs... Mais ces spécialités, ee n'est point un ser vice de trois, dé deux ans ou de quelques mois qui les fournira. Il leur faut une édu cation spéciale qui seule pourra assurer la copénétration à peu près permanente des or. ganep militaires et de l'industrie civile. Toutes choses égales d'ailleurs, ce qu'il nous faudrait, cVst une réglementation permettant de cons tituer des cadres nombreux et solides, puis une loi de recrutement donnant une couver ture terrestre et aérienne capable de résister à tous les assauts pendant quelques mois. LES PLAQUES DE L'IWMORTALITE M. Marcel Laurent, dans l'</txt>
            <index>s'en dégage. En attendait, chacun a le de voir et l'intérêt profond de servir à. son poste, soit par l'action dévouée au bien public, soit pir la discipline consentie. Cette leçon, les paroles de M. Georges Renard (France Libre) ne la résument-el les pas ? Pourtant il y aurait place chez nous pour mua autre socialisme, moins barbare et moins truculent, moins germanique et moins russe, mais pl-us conilonme à l'idéal francaês, c'est-à- dire désireux de faire une société plus juste et meilleure pour tout le monde, voulant l'é- pailité, mais sans la séparer de la liberté et de la fraternité, résolu a ne pas courir étour dira eut une .aventure grosse de souffrances, do dangers et de guerre civile. Seulement, c'est a condition que, du côté de la bourgeoisie, il y ait la conviction bien nette que le pouvoir absolu des patrons et des Compagnies ne peut plus exister, que la démocratie doit pénétrer dans le domaine économique comme elle est à demi entrée dans le domaine politique, que les travail leurs veulent et doivent être désormais asso ciés aux bénéfices et à. la gestion des entre prises auxquelles ils sont attachés. Souhaitons ardemment que ces idées de viennent la réalité de demain. MANCHETTES Du Journal du Peuple. ; Les trains vont être conduits par des du chesses -et des barons. On va nous faire regretter Claveille. De l'Eoiair : / Sous et chez Lénine, aujourd'hui, Si quelque cheminot s'égare, C'est aù front, et non à Ta gare Qu'il ■est aussitôt reconduit ! - -t- — L'ARMEE FUT le® indigènes. Les lois en, vigueur sont ini- » puissantes à îious procurer ce qu'il faut dans j ces deux catégories. H a'y aurait pas. notam ment, de plus gcriandô erreur que d'attendre pour v wr si un courant d'engagements et de rengagements ne va- pas de dessiner sous le régime adtuel. On ne fora ainsi que perdre du temps. Regardons du côté de l'Angleterre. Il ré sulte des récentes déclarations de M. Chur- cititll aux ûanynunes l'anraée réguilière britannique, uniquement composée de profes sionnels, est déjà reconstituée, et môme sur ■uin pied supérieur à celui d'avant-guerre, puisqu'elle compte 220.000 hommes au lieu do 175.000. Mais qu'on compare les avantages faite de l'autre côté du détroit aux militaires de carrière avec ceux que leur offre' notre loi de 1913 ! Dans , le Petit Parisien, le lieutenant-co^ lonel Roueset insiste sur la nécessi/té d$ préparer des aviateurs, des artilleurs... Mais ces spécialités, ee n'est point un ser vice de trois, dé deux ans ou de quelques mois qui les fournira. Il leur faut une édu cation spéciale qui seule pourra assurer la copénétration à peu près permanente des or. ganep militaires et de l'industrie civile. Toutes choses égales d'ailleurs, ce qu'il nous faudrait, cVst une réglementation permettant de cons tituer des cadres nombreux et solides, puis une loi de recrutement donnant une couver ture terrestre et aérienne capable de résister à tous les assauts pendant quelques mois. LES PLAQUES DE L'IWMORTALITE M. Marcel Laurent, dans l'</index>
            <genre source="hm" time="2019-09-29T14:16:14.711+02:00">publicite</genre>
            <genre source="final">publicite</genre>
            <contenuImg CS="1" lang="en" source="hm" time="2020-04-08T18:10:48.313+02:00">truck</contenuImg>
          </ill>
        </ills>
      </page>
      <page ordre="4">
        <nbMot>1136</nbMot>
        <blocTexte>344</blocTexte>
        <blocTab>0</blocTab>
        <blocPub>0</blocPub>
        <blocIllustration>2</blocIllustration>
        <ills>
          <ill classif="DFdnn" couleur="gris" derniere="true" edit="1" h="771" n="4-1" pub="1" taille="0" w="530" x="3530" y="4770">
            <leg>Le GRAND MYSTÈRE de l'AVENIR expliqué par ace nouvelle méthode d'interpréter les lignes de la main, grâce à Henri Rem. :: :: :: / VOL. : S fr., envoi franco. Lib. OiieDdorif, 5Q, Giiaussée-d'Aniin, PARIS</leg>
            <txt>A. Casali 6.Barbastelle Cl G.. Braquessac à Seigny 64 Jacques Hennessy ■ 5 Elbrouz 64 révèle</txt>
            <index>Le GRAND MYSTÈRE de l'AVENIR expliqué par ace nouvelle méthode d'interpréter les lignes de la main, grâce à Henri Rem. :: :: :: / VOL. : S fr., envoi franco. Lib. OiieDdorif, 5Q, Giiaussée-d'Aniin, PARISA. Casali 6.Barbastelle Cl G.. Braquessac à Seigny 64 Jacques Hennessy ■ 5 Elbrouz 64 révèle</index>
            <genre source="hm" time="2019-09-29T14:20:08.251+02:00">publicite</genre>
            <genre source="final">publicite</genre>
          </ill>
        </ills>
      </page>
    </pages>
  </contenus>
</doc>