<doc>
  <metad>
    <type>P</type>
    <ID>bpt6k751399b</ID>
    <titre>Le Siècle</titre>
    <dateEdition>1919-12-25</dateEdition>
    <nbPage>4</nbPage>
    <suppl>FALSE</suppl>
  </metad>
  <contenus>
    <largeur>352</largeur>
    <hauteur>531</hauteur>
    <pages>
      <page ordre="1">
        <nbMot>581</nbMot>
        <blocTexte>24</blocTexte>
        <blocTab>0</blocTab>
        <blocPub>0</blocPub>
        <blocIllustration>0</blocIllustration>
      </page>
      <page ordre="2">
        <nbMot>779</nbMot>
        <blocTexte>42</blocTexte>
        <blocTab>0</blocTab>
        <blocPub>0</blocPub>
        <blocIllustration>1</blocIllustration>
        <ills/>
      </page>
      <page ordre="3">
        <nbMot>719</nbMot>
        <blocTexte>28</blocTexte>
        <blocTab>0</blocTab>
        <blocPub>0</blocPub>
        <blocIllustration>1</blocIllustration>
        <ills/>
      </page>
      <page ordre="4">
        <nbMot>956</nbMot>
        <blocTexte>158</blocTexte>
        <blocTab>0</blocTab>
        <blocPub>0</blocPub>
        <blocIllustration>4</blocIllustration>
        <ills>
          <ill couleur="gris" derniere="true" edit="1" h="1076" n="4-2" pub="1" taille="2" w="1496" x="2513" y="2167">
            <contenuImg CS="1" lang="fr" source="hm" time="2020-04-08T18:22:51.674+02:00">camion</contenuImg>
            <leg>NOUVEAU C.B.A,</leg>
            <txt>PRIX DE MGYAUX Trot attelé, -r- 4.000. fran .v — 2.300:mètres i M. Ohaplain ..........  i Uuaiquara  , H! nevea-ux 3 Quand Mémo | A. Viel ;• Quo. Vadis . A Vie! 3 Quos Ego Cavev aîné 3 Quartier Général.. . •T. Gerber l s Alsacienne Roux i Pétrograd Prince Sturdza o Queen Dolly V. Berlin .... ..... 4 Paulettô C. Rousseau -i Père Goriot R. Launois i Pour la Pairie C. Thériat 4 Pachuka • A. Compta .'4 Palerme . Ed. geauvois 4 Princesse V. Lefrane 4 Paimpolaise Dalleau .,. 3 Quimper J. Lepelletier 4 Premier Né . G. Amar 3 Quinine i Veuve A. Foreinal . :.. 3 Quêteuse i Mlle Fournie!' .... i Pantruehe C. Rousseau 3 Queen Margaret .... PRIX DE NIMES Trot monté. — 4.000 francs — 2.200 mètres R. Finet S. Kilina .' 72 C. Jourdan fi Nickel Yves Combot â Lœtitia .72 i E. Boivin â Inoeftaine 72 .T. Vial â Kita 71 V. Simon     Iris, 72 Haras de Faucouzy .. 6 Nicotine 72 Mlle Sautereau 0 Navirin 72 Mme J. Torres 5 Owen Pearl 69 Ad. Lebaudv 5 Olive! te 60 Mandrom-Mairécat ..... 5'Olivette 69 Docleur Fourcade S Orateur 69 C Halais 5 Occident ' 69 H. Lelièvre 5 Où Iras Tu 69. A. Beauchamp 5 Orfraie 69 L. Dumontier 4 Poilu 65 J.-B. Subileau 4 Pierre I' 1 ' 65 Ed. Desprez 4 Perle Fine ....... 63 PRIX DE SART1LLY Trot attelé. — 4.000 francs.' — 2.600. mètres V. Beriia. —......... 4 Pauiette 2600 C. Jouirdan -!• Picciola V 260(i •J. Lefèvre 4 Paladin 3600 Ta. Mauny 4 Patriarcihe 2600 C. Rousseau 4 Prisca .......... 262f  G. Amar 4 Plaisanterie .... 26SSV K. de la Moissonn 4 Patrie 2fiSS L. Es^arpil 3 Queen Mary .... 262!) P.-A. • Viçi 4 Prince 2625 Cavey aîné 3 Quinte 2650 A. Tiionney , 4 Passavant ...... 2650 PRIX DE VERDUN Trot monté. — 10.000 francs. — 2.500 meures' A. Viol 4 Prophète .... 65 2500 O. Dewildc 4 Portici ...... 65 2500 Veuve A. Foreinal S Quenouille '.V 60 2500 L. EscarpiÉ Quick SU ver- 62.250(1 Koutin père 4 Prince Albert 65 2525 G. Venet 4\Pirouette .... 63 2525 J. Windëls 4 Punta Gorda. 63 2535 T.,. Clerc 4 Passeport! 65 2550 L. Olry-Rœderer 3 Querelle .;... 60 2550 L. Olry-Rœderer —.. 3 Quartz .;— 62 257K Ed. Beauyois ' i Prosper 65 2575' ■T., Cabrol 4 Pro Pairia^.. 65 260(1 L. Olry-Rœderer 4 Piiœnix ...... £5 2635 PRIX DE BOULOGNE Trot attelé. — 4.000i francs. — 2.300 mètres V. Simon •. 6 ÛwHbi —....... .. Mme Labraille â Halbran .. PRIX DE MEZIERES Trot attelé. — 8.000 francs. — 3.350 mètres J. Sourroubille 5 Onward Star.... 3325 A. Plandion â Lieutenant 332fï F. Vève â Kermesse ...... 3325 Max Zermati â Jégrana 332fi A. Essartial 6 Nilson .......... 3325 Thiéry de Cabanes .... â, Kiew .. 335(i Prince* Sturdza â Kentucky 3350 G. Venet ...• A Javotte,..; 3375 C. Jeanne 5 Octeville 3400 C. Rousseau 6 Norbert ........ 3450 ■^ggaagsssaasg^^ ARTHRITIQUES VITTEL GRANDE SOURCE Dans toute* Pharmacies et Maisons d'alimentation et 24, rue du 4-Septembrej PARIS</txt>
            <index>NOUVEAU C.B.A,PRIX DE MGYAUX Trot attelé, -r- 4.000. fran .v — 2.300:mètres i M. Ohaplain ..........  i Uuaiquara  , H! nevea-ux 3 Quand Mémo | A. Viel ;• Quo. Vadis . A Vie! 3 Quos Ego Cavev aîné 3 Quartier Général.. . •T. Gerber l s Alsacienne Roux i Pétrograd Prince Sturdza o Queen Dolly V. Berlin .... ..... 4 Paulettô C. Rousseau -i Père Goriot R. Launois i Pour la Pairie C. Thériat 4 Pachuka • A. Compta .'4 Palerme . Ed. geauvois 4 Princesse V. Lefrane 4 Paimpolaise Dalleau .,. 3 Quimper J. Lepelletier 4 Premier Né . G. Amar 3 Quinine i Veuve A. Foreinal . :.. 3 Quêteuse i Mlle Fournie!' .... i Pantruehe C. Rousseau 3 Queen Margaret .... PRIX DE NIMES Trot monté. — 4.000 francs — 2.200 mètres R. Finet S. Kilina .' 72 C. Jourdan fi Nickel Yves Combot â Lœtitia .72 i E. Boivin â Inoeftaine 72 .T. Vial â Kita 71 V. Simon     Iris, 72 Haras de Faucouzy .. 6 Nicotine 72 Mlle Sautereau 0 Navirin 72 Mme J. Torres 5 Owen Pearl 69 Ad. Lebaudv 5 Olive! te 60 Mandrom-Mairécat ..... 5'Olivette 69 Docleur Fourcade S Orateur 69 C Halais 5 Occident ' 69 H. Lelièvre 5 Où Iras Tu 69. A. Beauchamp 5 Orfraie 69 L. Dumontier 4 Poilu 65 J.-B. Subileau 4 Pierre I' 1 ' 65 Ed. Desprez 4 Perle Fine ....... 63 PRIX DE SART1LLY Trot attelé. — 4.000 francs.' — 2.600. mètres V. Beriia. —......... 4 Pauiette 2600 C. Jouirdan -!• Picciola V 260(i •J. Lefèvre 4 Paladin 3600 Ta. Mauny 4 Patriarcihe 2600 C. Rousseau 4 Prisca .......... 262f  G. Amar 4 Plaisanterie .... 26SSV K. de la Moissonn 4 Patrie 2fiSS L. Es^arpil 3 Queen Mary .... 262!) P.-A. • Viçi 4 Prince 2625 Cavey aîné 3 Quinte 2650 A. Tiionney , 4 Passavant ...... 2650 PRIX DE VERDUN Trot monté. — 10.000 francs. — 2.500 meures' A. Viol 4 Prophète .... 65 2500 O. Dewildc 4 Portici ...... 65 2500 Veuve A. Foreinal S Quenouille '.V 60 2500 L. EscarpiÉ Quick SU ver- 62.250(1 Koutin père 4 Prince Albert 65 2525 G. Venet 4\Pirouette .... 63 2525 J. Windëls 4 Punta Gorda. 63 2535 T.,. Clerc 4 Passeport! 65 2550 L. Olry-Rœderer 3 Querelle .;... 60 2550 L. Olry-Rœderer —.. 3 Quartz .;— 62 257K Ed. Beauyois ' i Prosper 65 2575' ■T., Cabrol 4 Pro Pairia^.. 65 260(1 L. Olry-Rœderer 4 Piiœnix ...... £5 2635 PRIX DE BOULOGNE Trot attelé. — 4.000i francs. — 2.300 mètres V. Simon •. 6 ÛwHbi —....... .. Mme Labraille â Halbran .. PRIX DE MEZIERES Trot attelé. — 8.000 francs. — 3.350 mètres J. Sourroubille 5 Onward Star.... 3325 A. Plandion â Lieutenant 332fï F. Vève â Kermesse ...... 3325 Max Zermati â Jégrana 332fi A. Essartial 6 Nilson .......... 3325 Thiéry de Cabanes .... â, Kiew .. 335(i Prince* Sturdza â Kentucky 3350 G. Venet ...• A Javotte,..; 3375 C. Jeanne 5 Octeville 3400 C. Rousseau 6 Norbert ........ 3450 ■^ggaagsssaasg^^ ARTHRITIQUES VITTEL GRANDE SOURCE Dans toute* Pharmacies et Maisons d'alimentation et 24, rue du 4-Septembrej PARIS</index>
            <genre source="hm" time="2019-09-29T14:19:27.599+02:00">publicite</genre>
            <genre source="final">publicite</genre>
            <contenuImg CS="1" lang="en" source="hm" time="2020-04-08T18:22:51.674+02:00">truck</contenuImg>
          </ill>
        </ills>
      </page>
    </pages>
  </contenus>
</doc>