<doc>
  <metad>
    <type>P</type>
    <ID>bpt6k7517604</ID>
    <titre>Le Siècle</titre>
    <dateEdition>1920-12-22</dateEdition>
    <nbPage>4</nbPage>
    <suppl>FALSE</suppl>
  </metad>
  <contenus>
    <largeur>347</largeur>
    <hauteur>525</hauteur>
    <pages>
      <page ordre="1">
        <nbMot>611</nbMot>
        <blocTexte>12</blocTexte>
        <blocTab>0</blocTab>
        <blocPub>0</blocPub>
        <blocIllustration>0</blocIllustration>
      </page>
      <page ordre="2">
        <nbMot>739</nbMot>
        <blocTexte>45</blocTexte>
        <blocTab>0</blocTab>
        <blocPub>0</blocPub>
        <blocIllustration>6</blocIllustration>
        <ills/>
      </page>
      <page ordre="3">
        <nbMot>749</nbMot>
        <blocTexte>26</blocTexte>
        <blocTab>0</blocTab>
        <blocPub>0</blocPub>
        <blocIllustration>1</blocIllustration>
        <ills>
          <ill couleur="gris" edit="1" h="827" n="3-1" pub="1" taille="1" w="727" x="3310" y="5020">
            <contenuImg CS="1" lang="fr" source="hm" time="2020-04-08T18:13:43.235+02:00">voiture</contenuImg>
            <leg>fôftaN _ iM fA , rruaet» ro« t 'ctuniBi Mau CIRCUITS * ) rnutaitm NORD«AFRICAtNS i.joo iilmitrit i ia»s la tnimt auto dt lux» Prospecta*, Billet* comprenant tous le* frôla : Paquebots-Auto - Kctele spéciaux-Pourboire» S'Wr^C'ef^ilB Tourism«,3Q M fa Caputlitet - Paris et Agence» de Voyages</leg>
            <txt>Sans faire sur la' Chambre une impression plutôt favorable. Le ministre a montre les dif ficultés de la tache gouvernementale, résul tant de la néce.asité de tenir la balance égale entre des intérêts très divers et parfois oppo sés, quoique également respectables. Il a don né des chiffres, qui lui paraissent rassurants, sur le développement ilo nos exportations. Il a insisté sur lo rôle nrimordial que joue la question du charbon. Toutefois, s'il s'est mon tré assez swt en ce qui concerne ia nécessité de revenir au droit commun on matière de transactions commerciales et de «supprimer les restrictions à l'impoTtatian comme à l'ex portation il a paru désireux de rester sur la réserve e-n ce qui concerne les lignes gé nérales de la /politique économique du gou- . vemcnient, et de laisser aux Commissions in téressées le soin d'étaidir leur accord et de prendre lettre responsabilités. On a eu l'im- ■-pression que la Chambre attendait autre cho se. A LA COMEDIE-FRANÇAISE- Du Petit Journal : — Plu - d'ingénues de €5 printemps, ren- voyçz dans leurs foyers les jeunes premiers de la classe 70 ! » Tel est 3i; cri de ralliement que profèrent sous des cheveux la plupart teints ou gris, jeunes sociétaires de ia Comédio-Fran- Avec toute la fougue, sans, toutefois, l'irrespect de l'âge sans pitié, ils sont, partis en guerre contre les anciens qui, s'obstinant A ne pas lâcher ,leurs parts entières,' les font pié'.inc.r, des années durant, dans ies dou zièmes infinitésimaux et indé3niment.„ pr Jamais ! Je ne suis neut-être pas au goût dui jour (Ici, a nous semble saisir une certaine amertume), mais,  chez moi, c'est plus qu'un principe, c'est une tradition ! # Edouard Helsey, «'adressant à M Emile Fabre,- administrateur do la Maison de Molière, écrit dans le Journal : Ah ! monsieur Fabre ! ne comptez pas, da sitôt, vivre en paix. La Société des Nations, ce n'est pas quelque chose da commode, mais la Société des sociétaires, grands dieux f Quand on prononce seulement ce nom. on voit surgir, oui, Je le juré, l'ombre ironique dô ce ibon M. Claretie; qui xit silencieuse ment comme savent faire les spectres, et l'on ■ entend' une voix d'outre-tombe.- murmurer : « La paix, hé 1 hé ! C'est bien. agréable, la paix, c'est un petit mot et une gTande chose Mais ce n'est pas la limite d'ûgo qui vous la donnera et, si vous tenez à, des limites, demandez donc plutôt au ministre la limi tation des cadres do la troupe. La Comédie- Française me doit pas être le Métro. Quand c'est plein, il n'y a plus de place... Limite da nombre... Limite de nombre l... » Le Liseur.</txt>
            <index>fôftaN _ iM fA , rruaet» ro« t 'ctuniBi Mau CIRCUITS * ) rnutaitm NORD«AFRICAtNS i.joo iilmitrit i ia»s la tnimt auto dt lux» Prospecta*, Billet* comprenant tous le* frôla : Paquebots-Auto - Kctele spéciaux-Pourboire» S'Wr^C'ef^ilB Tourism«,3Q M fa Caputlitet - Paris et Agence» de VoyagesSans faire sur la' Chambre une impression plutôt favorable. Le ministre a montre les dif ficultés de la tache gouvernementale, résul tant de la néce.asité de tenir la balance égale entre des intérêts très divers et parfois oppo sés, quoique également respectables. Il a don né des chiffres, qui lui paraissent rassurants, sur le développement ilo nos exportations. Il a insisté sur lo rôle nrimordial que joue la question du charbon. Toutefois, s'il s'est mon tré assez swt en ce qui concerne ia nécessité de revenir au droit commun on matière de transactions commerciales et de «supprimer les restrictions à l'impoTtatian comme à l'ex portation il a paru désireux de rester sur la réserve e-n ce qui concerne les lignes gé nérales de la /politique économique du gou- . vemcnient, et de laisser aux Commissions in téressées le soin d'étaidir leur accord et de prendre lettre responsabilités. On a eu l'im- ■-pression que la Chambre attendait autre cho se. A LA COMEDIE-FRANÇAISE- Du Petit Journal : — Plu - d'ingénues de €5 printemps, ren- voyçz dans leurs foyers les jeunes premiers de la classe 70 ! » Tel est 3i; cri de ralliement que profèrent sous des cheveux la plupart teints ou gris, jeunes sociétaires de ia Comédio-Fran- Avec toute la fougue, sans, toutefois, l'irrespect de l'âge sans pitié, ils sont, partis en guerre contre les anciens qui, s'obstinant A ne pas lâcher ,leurs parts entières,' les font pié'.inc.r, des années durant, dans ies dou zièmes infinitésimaux et indé3niment.„ pr Jamais ! Je ne suis neut-être pas au goût dui jour (Ici, a nous semble saisir une certaine amertume), mais,  chez moi, c'est plus qu'un principe, c'est une tradition ! # Edouard Helsey, «'adressant à M Emile Fabre,- administrateur do la Maison de Molière, écrit dans le Journal : Ah ! monsieur Fabre ! ne comptez pas, da sitôt, vivre en paix. La Société des Nations, ce n'est pas quelque chose da commode, mais la Société des sociétaires, grands dieux f Quand on prononce seulement ce nom. on voit surgir, oui, Je le juré, l'ombre ironique dô ce ibon M. Claretie; qui xit silencieuse ment comme savent faire les spectres, et l'on ■ entend' une voix d'outre-tombe.- murmurer : « La paix, hé 1 hé ! C'est bien. agréable, la paix, c'est un petit mot et une gTande chose Mais ce n'est pas la limite d'ûgo qui vous la donnera et, si vous tenez à, des limites, demandez donc plutôt au ministre la limi tation des cadres do la troupe. La Comédie- Française me doit pas être le Métro. Quand c'est plein, il n'y a plus de place... Limite da nombre... Limite de nombre l... » Le Liseur.</index>
            <genre source="hm" time="2019-09-29T14:29:39.368+02:00">publicite</genre>
            <genre source="final">publicite</genre>
            <contenuImg CS="1" lang="en" source="hm" time="2020-04-08T18:13:43.235+02:00">car</contenuImg>
          </ill>
        </ills>
      </page>
      <page ordre="4">
        <nbMot>1073</nbMot>
        <blocTexte>202</blocTexte>
        <blocTab>0</blocTab>
        <blocPub>0</blocPub>
        <blocIllustration>3</blocIllustration>
        <ills/>
      </page>
    </pages>
  </contenus>
</doc>