<analyseAlto>
  <metad>
    <type>P</type>
    <ID>bpt6k7513919</ID>
    <titre>Le Siècle</titre>
    <dateEdition>1919-12-17</dateEdition>
    <nbPage>4</nbPage>
    <suppl>FALSE</suppl>
  </metad>
  <contenus>
    <largeur>356</largeur>
    <hauteur>532</hauteur>
    <pages>
      <page ordre="1">
        <nbMot>547</nbMot>
        <blocTexte>37</blocTexte>
        <blocTab>0</blocTab>
        <blocPub>0</blocPub>
        <blocIllustration>0</blocIllustration>
      </page>
      <page ordre="2">
        <nbMot>786</nbMot>
        <blocTexte>38</blocTexte>
        <blocTab>0</blocTab>
        <blocPub>0</blocPub>
        <blocIllustration>2</blocIllustration>
        <ills>
          <ill couleur="gris" edit="1" h="255" n="2-2" pub="1" taille="0" w="752" x="3344" y="3746">
            <leg>r^g^en roi» adressant aux Etabl  1 #( i JAMET-BUFFERÉflU .86, RuedsRIwHI, P»rU. ^MMKLTOH- KAHCT^UIiP - WtintBUBJI</leg>
            <txt>REVEILLON L'APOLLO IHARRY PILGER'S DANCING ATTRAPTION8 sr et des surprises sensationnelles^ ? ? t î ? î Tous les jours y Tous les soirs THE TANGO * GRAND B/.L - De 4 à 7 3 ORCHESTRES Dis 9 h. -</txt>
            <index>r^g^en roi» adressant aux Etabl  1 #( i JAMET-BUFFERÉflU .86, RuedsRIwHI, P»rU. ^MMKLTOH- KAHCT^UIiP - WtintBUBJIREVEILLON L'APOLLO IHARRY PILGER'S DANCING ATTRAPTION8 sr et des surprises sensationnelles^ ? ? t î ? î Tous les jours y Tous les soirs THE TANGO * GRAND B/.L - De 4 à 7 3 ORCHESTRES Dis 9 h. -</index>
            <genre source="hm" time="2019-09-29T14:14:22.257+02:00">publicite</genre>
            <genre source="final">publicite</genre>
          </ill>
        </ills>
      </page>
      <page ordre="3">
        <nbMot>776</nbMot>
        <blocTexte>17</blocTexte>
        <blocTab>0</blocTab>
        <blocPub>0</blocPub>
        <blocIllustration>0</blocIllustration>
      </page>
      <page ordre="4">
        <nbMot>1005</nbMot>
        <blocTexte>296</blocTexte>
        <blocTab>0</blocTab>
        <blocPub>0</blocPub>
        <blocIllustration>1</blocIllustration>
        <ills/>
      </page>
    </pages>
  </contenus>
</analyseAlto>