<analyseAlto>
  <metad>
    <type>P</type>
    <ID>bpt6k7487451</ID>
    <titre>Le Siècle</titre>
    <dateEdition>1912-08-11</dateEdition>
    <nbPage>6</nbPage>
    <suppl>FALSE</suppl>
  </metad>
  <contenus>
    <largeur>425</largeur>
    <hauteur>608</hauteur>
    <pages>
      <page ordre="1">
        <nbMot>859</nbMot>
        <blocTexte>28</blocTexte>
        <blocTab>0</blocTab>
        <blocPub>0</blocPub>
        <blocIllustration>9</blocIllustration>
        <ills/>
      </page>
      <page ordre="2">
        <nbMot>899</nbMot>
        <blocTexte>84</blocTexte>
        <blocTab>0</blocTab>
        <blocPub>0</blocPub>
        <blocIllustration>10</blocIllustration>
        <ills/>
      </page>
      <page ordre="3">
        <nbMot>721</nbMot>
        <blocTexte>34</blocTexte>
        <blocTab>0</blocTab>
        <blocPub>0</blocPub>
        <blocIllustration>7</blocIllustration>
        <ills/>
      </page>
      <page ordre="4">
        <nbMot>666</nbMot>
        <blocTexte>54</blocTexte>
        <blocTab>0</blocTab>
        <blocPub>0</blocPub>
        <blocIllustration>15</blocIllustration>
        <ills/>
      </page>
      <page ordre="5">
        <nbMot>37</nbMot>
        <blocTexte>16</blocTexte>
        <blocTab>0</blocTab>
        <blocPub>0</blocPub>
        <blocIllustration>17</blocIllustration>
        <ills>
          <ill couleur="gris" edit="1" h="667" n="5-9" pub="1" taille="0" w="427" x="1359" y="3951">
            <txt>1 moderne où serait assemblé tout ce que le Génie de la Race et les caprices de la Mode peuvent enfanter de joli, de gracieux et d'utile. Par leurs immenses agrandissements les</txt>
            <index>1 moderne où serait assemblé tout ce que le Génie de la Race et les caprices de la Mode peuvent enfanter de joli, de gracieux et d'utile. Par leurs immenses agrandissements les</index>
            <genre source="hm" time="2019-09-29T16:15:38.892+02:00">publicite</genre>
            <genre source="final">publicite</genre>
          </ill>
        </ills>
      </page>
      <page ordre="6">
        <nbMot>2218</nbMot>
        <blocTexte>743</blocTexte>
        <blocTab>0</blocTab>
        <blocPub>0</blocPub>
        <blocIllustration>1</blocIllustration>
        <ills/>
      </page>
    </pages>
  </contenus>
</analyseAlto>