<analyseAlto>
  <metad>
    <type>P</type>
    <ID>bpt6k751621t</ID>
    <titre>Le Siècle</titre>
    <dateEdition>1920-08-05</dateEdition>
    <nbPage>4</nbPage>
    <suppl>FALSE</suppl>
  </metad>
  <contenus>
    <largeur>359</largeur>
    <hauteur>541</hauteur>
    <pages>
      <page ordre="1">
        <nbMot>566</nbMot>
        <blocTexte>30</blocTexte>
        <blocTab>0</blocTab>
        <blocPub>0</blocPub>
        <blocIllustration>0</blocIllustration>
      </page>
      <page ordre="2">
        <nbMot>801</nbMot>
        <blocTexte>32</blocTexte>
        <blocTab>0</blocTab>
        <blocPub>0</blocPub>
        <blocIllustration>0</blocIllustration>
      </page>
      <page ordre="3">
        <nbMot>791</nbMot>
        <blocTexte>28</blocTexte>
        <blocTab>0</blocTab>
        <blocPub>0</blocPub>
        <blocIllustration>0</blocIllustration>
      </page>
      <page ordre="4">
        <nbMot>827</nbMot>
        <blocTexte>319</blocTexte>
        <blocTab>0</blocTab>
        <blocPub>0</blocPub>
        <blocIllustration>15</blocIllustration>
        <ills>
          <ill classif="DFdnn" couleur="gris" derniere="true" edit="1" h="860" n="4-5" pub="1" taille="1" w="879" x="3133" y="2883">
            <leg>COUPES</leg>
            <txt>NOUVEAUTE Entrée principale : 7, Boulevard  Barbés, Paris Ventes Exceptionnelles DE</txt>
            <index>COUPESNOUVEAUTE Entrée principale : 7, Boulevard  Barbés, Paris Ventes Exceptionnelles DE</index>
            <genre source="hm" time="2019-09-29T14:23:03.015+02:00">publicite</genre>
            <genre source="final">publicite</genre>
          </ill>
          <ill couleur="gris" derniere="true" edit="1" h="378" n="4-7" pub="1" taille="0" w="448" x="1924" y="4873">
            <leg>BOTTINES POUR HOS^EVI^ B LMORAL eu DERBY tout Bex Calf noir, l 10 qualité garantie, se melle cousue, forme dégante valeur réelle SO fr , au PRIX E CEPTIOm de</leg>
            <txt>COUPONS TOILE CIRÉE toutes 9 |- n dimensions et coloris. Depuis CiOU COUPONS MOOUETTE toutes np s) nuances, desetnm ae m.l'el que. Depus cSji'S Frangés 55.» et 49*^ Nouvelle et Sensationnelle Mise en Vente de ChstlSSUfCS</txt>
            <index>BOTTINES POUR HOS^EVI^ B LMORAL eu DERBY tout Bex Calf noir, l 10 qualité garantie, se melle cousue, forme dégante valeur réelle SO fr , au PRIX E CEPTIOm deCOUPONS TOILE CIRÉE toutes 9 |- n dimensions et coloris. Depuis CiOU COUPONS MOOUETTE toutes np s) nuances, desetnm ae m.l'el que. Depus cSji'S Frangés 55.» et 49*^ Nouvelle et Sensationnelle Mise en Vente de ChstlSSUfCS</index>
            <genre source="hm" time="2019-09-29T14:22:57.819+02:00">publicite</genre>
            <genre source="final">publicite</genre>
          </ill>
          <ill couleur="gris" derniere="true" edit="1" h="381" n="4-9" pub="1" taille="0" w="450" x="2822" y="4869">
            <txt>1 BOTTINES POUR HOS^EVI^ B LMORAL eu DERBY tout Bex Calf noir, l 10 qualité garantie, se melle cousue, forme dégante valeur réelle SO fr , au PRIX E CEPTIOm de</txt>
            <index>1 BOTTINES POUR HOS^EVI^ B LMORAL eu DERBY tout Bex Calf noir, l 10 qualité garantie, se melle cousue, forme dégante valeur réelle SO fr , au PRIX E CEPTIOm de</index>
            <genre source="hm" time="2019-09-29T14:26:04.242+02:00">publicite</genre>
            <genre source="final">publicite</genre>
          </ill>
          <ill couleur="gris" derniere="true" edit="1" h="536" n="4-10" pub="1" taille="0" w="378" x="3352" y="4867">
            <leg>BOTTINES LACETS pour DAMES o» GRANDES FILLETTES CHEVREAU NOIR Talons Bottiers lrtidencmiDitt poor m eolldi'U (valeur réelle 90 fr.) La paire</leg>
            <txt>1 BALMOBAl M ARTICLES EXCLUSIFS «u PALAIS de u NOUVEAUTÉ</txt>
            <index>BOTTINES LACETS pour DAMES o» GRANDES FILLETTES CHEVREAU NOIR Talons Bottiers lrtidencmiDitt poor m eolldi'U (valeur réelle 90 fr.) La paire1 BALMOBAl M ARTICLES EXCLUSIFS «u PALAIS de u NOUVEAUTÉ</index>
            <genre source="hm" time="2019-09-29T14:22:52.891+02:00">publicite</genre>
            <genre source="final">publicite</genre>
          </ill>
          <ill classif="DFdnn" couleur="gris" derniere="true" edit="1" h="452" n="4-13" pub="1" taille="0" w="410" x="3559" y="5435">
            <leg>VALEUR ES FRANCS</leg>
            <txt>Ces articles sont incompa rables par leur PRIX, leur ÉLÉGANCE et leur SOLIDITÉ aoec les types offerts par les concurrents. PRIEES LE MATIN a prendre en marchandises pour achats tatîfi avant midi. 2 fr.p  cinquante fr | fiï lr. pour cent ' r. et au dessus. I el au-dessus BOTTINES DERBY pour GARÇONNETS BOX-CALF acajou, semelles fortes du 35 au 41 Prias exceptionnel</txt>
            <index>VALEUR ES FRANCSCes articles sont incompa rables par leur PRIX, leur ÉLÉGANCE et leur SOLIDITÉ aoec les types offerts par les concurrents. PRIEES LE MATIN a prendre en marchandises pour achats tatîfi avant midi. 2 fr.p  cinquante fr | fiï lr. pour cent ' r. et au dessus. I el au-dessus BOTTINES DERBY pour GARÇONNETS BOX-CALF acajou, semelles fortes du 35 au 41 Prias exceptionnel</index>
            <genre source="hm" time="2019-09-29T14:22:56.359+02:00">publicite</genre>
            <genre source="final">publicite</genre>
          </ill>
        </ills>
      </page>
    </pages>
  </contenus>
</analyseAlto>