<analyseAlto>
  <metad>
    <type>P</type>
    <ID>bpt6k751359z</ID>
    <titre>Le Siècle</titre>
    <dateEdition>1919-10-25</dateEdition>
    <nbPage>4</nbPage>
    <suppl>FALSE</suppl>
  </metad>
  <contenus>
    <largeur>350</largeur>
    <hauteur>530</hauteur>
    <pages>
      <page ordre="1">
        <nbMot>578</nbMot>
        <blocTexte>32</blocTexte>
        <blocTab>0</blocTab>
        <blocPub>0</blocPub>
        <blocIllustration>6</blocIllustration>
        <ills/>
      </page>
      <page ordre="2">
        <nbMot>726</nbMot>
        <blocTexte>48</blocTexte>
        <blocTab>0</blocTab>
        <blocPub>0</blocPub>
        <blocIllustration>4</blocIllustration>
        <ills/>
      </page>
      <page ordre="3">
        <nbMot>658</nbMot>
        <blocTexte>30</blocTexte>
        <blocTab>0</blocTab>
        <blocPub>0</blocPub>
        <blocIllustration>4</blocIllustration>
        <ills>
          <ill couleur="gris" edit="1" h="884" n="3-1" pub="1" taille="2" w="1268" x="2658" y="2048">
            <contenuImg CS="1" lang="fr" source="hm" time="2020-04-08T18:10:07.893+02:00">camion</contenuImg>
            <txt>time qu'on, jteUt tabler sur des besoins men suels de près de 100.000 tonnes. Le prix de revient serait d'environ 270 fr. la tonne. C'est ctlui pratiqué aux puits de Pechelborn, sur wagon de départ par gran des quantités. Des résidus pétrolières de cette marque se conifèlent au dessous de 20 . Son pouvoir calorique est d'environ 40 % supérieur à celui du charbon. Il exis te des prix de revient inférieurs. La trans formation des foyers pour utiliser ks hui les lourdes peut s'accomvUr d'une façon ra pide et peu coûteuse. Ces produits peuvent être employés non seulement var les indus triels, mais même par les particuliers qu se servent du chauffage central. L'emploi des huiles lourdes de pétrole, sous les différentes formes où on pourra les proposer à la consommation, peut arriver à fournir un appoint très précieux qui ser vira à contrebalancer h pénurie du char bon.De tous les essais tentes de divers tés et de l'effort collectif des■ bonnes volon tés qui se sont attachées à la diffusion da ce nouveau eombustible, on doit espérer une atténuation très sérieuse de la crût que rte manquerait pas de provoquer le dé ficit du charbon.' Léon Vannoz. Les aciéries Thyssen à on consortium français Le tribunal de Metz vient d'attribuer les Aciéries Thyssen sous séquestre en Alsace et en Lorraine à un consortium 'd'industriels français. ' -</txt>
            <index>time qu'on, jteUt tabler sur des besoins men suels de près de 100.000 tonnes. Le prix de revient serait d'environ 270 fr. la tonne. C'est ctlui pratiqué aux puits de Pechelborn, sur wagon de départ par gran des quantités. Des résidus pétrolières de cette marque se conifèlent au dessous de 20 . Son pouvoir calorique est d'environ 40 % supérieur à celui du charbon. Il exis te des prix de revient inférieurs. La trans formation des foyers pour utiliser ks hui les lourdes peut s'accomvUr d'une façon ra pide et peu coûteuse. Ces produits peuvent être employés non seulement var les indus triels, mais même par les particuliers qu se servent du chauffage central. L'emploi des huiles lourdes de pétrole, sous les différentes formes où on pourra les proposer à la consommation, peut arriver à fournir un appoint très précieux qui ser vira à contrebalancer h pénurie du char bon.De tous les essais tentes de divers tés et de l'effort collectif des■ bonnes volon tés qui se sont attachées à la diffusion da ce nouveau eombustible, on doit espérer une atténuation très sérieuse de la crût que rte manquerait pas de provoquer le dé ficit du charbon.' Léon Vannoz. Les aciéries Thyssen à on consortium français Le tribunal de Metz vient d'attribuer les Aciéries Thyssen sous séquestre en Alsace et en Lorraine à un consortium 'd'industriels français. ' -</index>
            <genre source="hm" time="2019-09-29T14:14:12.058+02:00">publicite</genre>
            <genre source="final">publicite</genre>
            <contenuImg CS="1" lang="en" source="hm" time="2020-04-08T18:10:07.893+02:00">truck</contenuImg>
          </ill>
        </ills>
      </page>
      <page ordre="4">
        <nbMot>1361</nbMot>
        <blocTexte>415</blocTexte>
        <blocTab>0</blocTab>
        <blocPub>0</blocPub>
        <blocIllustration>2</blocIllustration>
        <ills/>
      </page>
    </pages>
  </contenus>
</analyseAlto>