<analyseAlto>
  <metad>
    <type>P</type>
    <ID>bpt6k751725n</ID>
    <titre>Le Siècle</titre>
    <dateEdition>1920-11-17</dateEdition>
    <nbPage>4</nbPage>
    <suppl>FALSE</suppl>
  </metad>
  <contenus>
    <largeur>360</largeur>
    <hauteur>541</hauteur>
    <pages>
      <page ordre="1">
        <nbMot>588</nbMot>
        <blocTexte>33</blocTexte>
        <blocTab>0</blocTab>
        <blocPub>0</blocPub>
        <blocIllustration>0</blocIllustration>
      </page>
      <page ordre="2">
        <nbMot>777</nbMot>
        <blocTexte>30</blocTexte>
        <blocTab>0</blocTab>
        <blocPub>0</blocPub>
        <blocIllustration>3</blocIllustration>
        <ills/>
      </page>
      <page ordre="3">
        <nbMot>764</nbMot>
        <blocTexte>20</blocTexte>
        <blocTab>0</blocTab>
        <blocPub>0</blocPub>
        <blocIllustration>1</blocIllustration>
        <ills>
          <ill classif="DFdnn" couleur="gris" edit="1" h="906" n="3-1" pub="1" taille="1" w="727" x="2546" y="2981">
            <contenuImg CS="1" lang="fr" source="hm" time="2020-04-08T18:14:43.672+02:00">bateau</contenuImg>
            <leg>en AUTO- CIRCUITS- NORD-AFRICAINS 11.700 hilomittîl' dans la auto de lu** | prospectus, Billets comprenant tous les frais : I I Paquebots-Auto-Hôtels spéciaux-Pourboires I | S7,ilr C'° F !0 daTourisme,30 B'H m Capucines - Paris f  rt Agences de Voyages</leg>
            <txt>celle des écrivains le plus violemment naturalistes et misanthropes, dont les invectives supposent un idéal méconnu, mais à la rigueur réalisable. Capus nous invite doucement à tout accepter sans la moindre illusion, co qui revient à dé sespérer de tout. Il conclut, en somme : « Hâtons-nous d'en sourire, de peur d'ê tre obligés d'en pleurer. » On dirait d'un Eoclésiaste qui aurait fait son appren tissage chez Tortorii. -   . S'il n'était joué par Mme Sarah Ber- nhardt, il n'y aurait vraiment pas grand'chose à dire du Daniel de M. Louis Verneuil. C'est un ouvrage des plus médiocres, et platement écrit, qui ne vaut çuère la peine d'être raconté. La situation essentielle est celle d'un frère qui se fait passer pour l'amant de sa belle-sœur, qu'il a toujours adorée sans espoir, jusqu'à en mourir lente ment, mais qui retrouve assez de force pour se dévouer encore une fois à son idole et sauver l'amant véritable des fu reurs homicides du mari. D'ailleurs, ce héros n'hésite pas à violer deux fois une correspondance qui lui est confiée en dépôt, sous la foi du serment. Et son sacrifice est premièrement sans danger, puisque le jaloux n'achèvera pas ee mo ribond, qui est son frère ; ensuite, il est inutile, attendu que les deux coupables fuient ensemble, et auraient aussi bien pu s'envoler vers une autre patrie sans toute cette histoire. Pleinement dépour vu de valeur littéraire, ce vague mélo drame est, en outre, assez mal fait. Qu'importe ? Il ne s'agit pas de M. Verneuil, ni de sa l de !\I. Maurice Ravel, et la truculente Espana du - bon Chabrier, dont pour ma part je ne puis me lasser. . Au Châtelet, M. Gabriel Pierné, en core absent, était suppléé par M. Henri Ral/aud, qui nous a fait entendre sa Symphonie en mi mineur, œuvre probe, robuste et saine, d'un musicien accom pli, évidemment créé par décret no minatif de-la Providence pour devenir un jour directeur du Conservatoire., Paul Souday. La Vie Eccmorakftie Les avertissements pour contributions et pour les impôts sur . les. revenus. La confection des rûles des anciennes contri butions directes : contributions, foncières (bâ tie et non bâtie), des portes et fenêtres, per sonnelle-mobilière et des patentes, avait dû être ajournée jusqu'au vote de la loi du 25 juin 1920 portant création de nouvelles res sources fiscales. Le travail est maintenant achevé et, dans la plupart des départements, ces rôles sont publiés depuis quelques semai nes déjà. Dans le département de la Seine en particulier, la publication a eu lieu le der nier dimanche de septembre et, dan®. un grand nombre de quartiers da Paris, les aver tissements sont dès maintenant parvenus aux contribuables. Quant aux divers impôts sur les revenus encaissée en 1919 et servant de base aux im positions de 1920 (impôt général, impôt sur les salaires, sur les bénéfices commerciaux...), l'établissement des rôles n'est pas encore ter miné, quelque diligence qu'on ait mise 4 ce travail. Les modifications profondes apportées par la loi du 25 juin 1920 à</txt>
            <index>en AUTO- CIRCUITS- NORD-AFRICAINS 11.700 hilomittîl' dans la auto de lu** | prospectus, Billets comprenant tous les frais : I I Paquebots-Auto-Hôtels spéciaux-Pourboires I | S7,ilr C'° F !0 daTourisme,30 B'H m Capucines - Paris f  rt Agences de Voyagescelle des écrivains le plus violemment naturalistes et misanthropes, dont les invectives supposent un idéal méconnu, mais à la rigueur réalisable. Capus nous invite doucement à tout accepter sans la moindre illusion, co qui revient à dé sespérer de tout. Il conclut, en somme : « Hâtons-nous d'en sourire, de peur d'ê tre obligés d'en pleurer. » On dirait d'un Eoclésiaste qui aurait fait son appren tissage chez Tortorii. -   . S'il n'était joué par Mme Sarah Ber- nhardt, il n'y aurait vraiment pas grand'chose à dire du Daniel de M. Louis Verneuil. C'est un ouvrage des plus médiocres, et platement écrit, qui ne vaut çuère la peine d'être raconté. La situation essentielle est celle d'un frère qui se fait passer pour l'amant de sa belle-sœur, qu'il a toujours adorée sans espoir, jusqu'à en mourir lente ment, mais qui retrouve assez de force pour se dévouer encore une fois à son idole et sauver l'amant véritable des fu reurs homicides du mari. D'ailleurs, ce héros n'hésite pas à violer deux fois une correspondance qui lui est confiée en dépôt, sous la foi du serment. Et son sacrifice est premièrement sans danger, puisque le jaloux n'achèvera pas ee mo ribond, qui est son frère ; ensuite, il est inutile, attendu que les deux coupables fuient ensemble, et auraient aussi bien pu s'envoler vers une autre patrie sans toute cette histoire. Pleinement dépour vu de valeur littéraire, ce vague mélo drame est, en outre, assez mal fait. Qu'importe ? Il ne s'agit pas de M. Verneuil, ni de sa l de !\I. Maurice Ravel, et la truculente Espana du - bon Chabrier, dont pour ma part je ne puis me lasser. . Au Châtelet, M. Gabriel Pierné, en core absent, était suppléé par M. Henri Ral/aud, qui nous a fait entendre sa Symphonie en mi mineur, œuvre probe, robuste et saine, d'un musicien accom pli, évidemment créé par décret no minatif de-la Providence pour devenir un jour directeur du Conservatoire., Paul Souday. La Vie Eccmorakftie Les avertissements pour contributions et pour les impôts sur . les. revenus. La confection des rûles des anciennes contri butions directes : contributions, foncières (bâ tie et non bâtie), des portes et fenêtres, per sonnelle-mobilière et des patentes, avait dû être ajournée jusqu'au vote de la loi du 25 juin 1920 portant création de nouvelles res sources fiscales. Le travail est maintenant achevé et, dans la plupart des départements, ces rôles sont publiés depuis quelques semai nes déjà. Dans le département de la Seine en particulier, la publication a eu lieu le der nier dimanche de septembre et, dan®. un grand nombre de quartiers da Paris, les aver tissements sont dès maintenant parvenus aux contribuables. Quant aux divers impôts sur les revenus encaissée en 1919 et servant de base aux im positions de 1920 (impôt général, impôt sur les salaires, sur les bénéfices commerciaux...), l'établissement des rôles n'est pas encore ter miné, quelque diligence qu'on ait mise 4 ce travail. Les modifications profondes apportées par la loi du 25 juin 1920 à</index>
            <genre source="hm" time="2019-09-29T14:28:51.637+02:00">publicite</genre>
            <genre source="final">publicite</genre>
            <contenuImg CS="1" lang="en" source="hm" time="2020-04-08T18:14:43.672+02:00">boat</contenuImg>
          </ill>
        </ills>
      </page>
      <page ordre="4">
        <nbMot>1300</nbMot>
        <blocTexte>447</blocTexte>
        <blocTab>0</blocTab>
        <blocPub>0</blocPub>
        <blocIllustration>2</blocIllustration>
        <ills>
          <ill classif="DFdnn" couleur="gris" derniere="true" edit="1" h="632" n="4-2" pub="1" taille="0" w="672" x="3343" y="3257">
            <leg>I f- ' '«i WTflLOfiUE Ïq |V  fRÂNCO Largeur/... 90 Prip..... 575.. S 5L 59 7 645.. PRIX SANS PRECEDENTS CeflodèfeiiirtéfeganœabsolueLest fabriqué avec das matériau* «te PREMIER CHOIX.Ics piliers et les barreaux soi\t ENII ÊRËfICfITcn CUIVRE et déformé carrée.!e5 chapiteaux sontenCUIVRt fUSSIf. ilconstitue le plus bel omemenl-d'une Chamî)re à Cbuchermodenie j lofera largeurs Mnt m matmm -Supplànentpou r ÉCRAN 1 lH/RfllSON fl POP t C1L£ - EK PËDITtONS EU PROVINCE !</leg>
            <txt>Calendrier des Courses NOVEMBRE Mercredi 17. — Vin- Mercredi 24'. — Vin- cennes. cennes. Jeudi 1S. — Auteuil. Jeudi 25. — Auteuil. Vendredi 19.— Enghien. Vendredi 26.— Enghien. Samedi 20. — Vin- Samedi 27. —* Vin- cennes. rennes. Dimanche 21. — Au- Dimanche 28.—Auteuil teuil (Prix Montgo- (Prix Richard Hen- merry). -7 Lyon. nessy). — Lyon. Lundi 22. — Vincennes. Lundi 1 29. — Vincennes. Mardi 23. — Maisons- Mardi ?0. — VJncannes.. Laffitte (obstacles). I PVALLOIS PERRET. Propriété 48, av.Victor-Hugo. LCi Cco 464 . R. br. 5.770 f. M. à p. 50.000 f. Ad j. Ch. Not. Paris, 7 déc. M' Michelez, not., 50, av. Wagram. 4-MAISO NS oe VENTE A PARIS MAISONÛ£ V£JVT£ fWNClPALE: IS5.Rue Lecourbe PARI3.Z - • 'Hagi LITTOUTCUIVRE Gros Piliers carnés riODÈLE U.N.^ -- 1 ^</txt>
            <index>I f- ' '«i WTflLOfiUE Ïq |V  fRÂNCO Largeur/... 90 Prip..... 575.. S 5L 59 7 645.. PRIX SANS PRECEDENTS CeflodèfeiiirtéfeganœabsolueLest fabriqué avec das matériau* «te PREMIER CHOIX.Ics piliers et les barreaux soi\t ENII ÊRËfICfITcn CUIVRE et déformé carrée.!e5 chapiteaux sontenCUIVRt fUSSIf. ilconstitue le plus bel omemenl-d'une Chamî)re à Cbuchermodenie j lofera largeurs Mnt m matmm -Supplànentpou r ÉCRAN 1 lH/RfllSON fl POP t C1L£ - EK PËDITtONS EU PROVINCE !Calendrier des Courses NOVEMBRE Mercredi 17. — Vin- Mercredi 24'. — Vin- cennes. cennes. Jeudi 1S. — Auteuil. Jeudi 25. — Auteuil. Vendredi 19.— Enghien. Vendredi 26.— Enghien. Samedi 20. — Vin- Samedi 27. —* Vin- cennes. rennes. Dimanche 21. — Au- Dimanche 28.—Auteuil teuil (Prix Montgo- (Prix Richard Hen- merry). -7 Lyon. nessy). — Lyon. Lundi 22. — Vincennes. Lundi 1 29. — Vincennes. Mardi 23. — Maisons- Mardi ?0. — VJncannes.. Laffitte (obstacles). I PVALLOIS PERRET. Propriété 48, av.Victor-Hugo. LCi Cco 464 . R. br. 5.770 f. M. à p. 50.000 f. Ad j. Ch. Not. Paris, 7 déc. M' Michelez, not., 50, av. Wagram. 4-MAISO NS oe VENTE A PARIS MAISONÛ£ V£JVT£ fWNClPALE: IS5.Rue Lecourbe PARI3.Z - • 'Hagi LITTOUTCUIVRE Gros Piliers carnés riODÈLE U.N.^ -- 1 ^</index>
            <genre source="hm" time="2019-09-29T14:28:54.534+02:00">publicite</genre>
            <genre source="final">publicite</genre>
          </ill>
        </ills>
      </page>
    </pages>
  </contenus>
</analyseAlto>