<doc>
  <metad>
    <type>P</type>
    <ID>bpt6k751718f</ID>
    <titre>Le Siècle</titre>
    <dateEdition>1920-11-10</dateEdition>
    <nbPage>4</nbPage>
    <suppl>FALSE</suppl>
  </metad>
  <contenus>
    <largeur>362</largeur>
    <hauteur>543</hauteur>
    <pages>
      <page ordre="1">
        <nbMot>598</nbMot>
        <blocTexte>30</blocTexte>
        <blocTab>0</blocTab>
        <blocPub>0</blocPub>
        <blocIllustration>0</blocIllustration>
      </page>
      <page ordre="2">
        <nbMot>786</nbMot>
        <blocTexte>41</blocTexte>
        <blocTab>0</blocTab>
        <blocPub>0</blocPub>
        <blocIllustration>4</blocIllustration>
        <ills/>
      </page>
      <page ordre="3">
        <nbMot>756</nbMot>
        <blocTexte>24</blocTexte>
        <blocTab>0</blocTab>
        <blocPub>0</blocPub>
        <blocIllustration>1</blocIllustration>
        <ills>
          <ill classif="DFdnn" couleur="gris" edit="1" h="860" n="3-1" pub="1" taille="1" w="717" x="3378" y="3033">
            <contenuImg CS="1" lang="fr" source="hm" time="2020-04-08T18:14:31.468+02:00">bateau</contenuImg>
            <contenuImg CS="1" lang="fr" source="hm" time="2020-04-08T18:12:44.19+02:00">voiture</contenuImg>
            <leg>^ CASABLABOA CIAURAKICM</leg>
            <txt>C46.432 60 000 ha liste complète tera publiée dans le BULLETIN ' OFFICIEL desTiragesduGredit Foncier qui parait 2 fois par mois et donne les ri 0   de tous les titres sortis »u* 94 tirages annuels, qui attribuent de* lots à 6.660 obligations dont 1 est remboursable par UN MILLION. S par E00 0Û0 fr., » par 250.000 l ., 10 par 200.000, 4 par loO.OOO et 75 parlOO.OOO ll\. Prix de l'abonnement : S £r. par an * «dresser s 19» rue Hfs Capucines. Pari*.</txt>
            <index>^ CASABLABOA CIAURAKICMC46.432 60 000 ha liste complète tera publiée dans le BULLETIN ' OFFICIEL desTiragesduGredit Foncier qui parait 2 fois par mois et donne les ri 0   de tous les titres sortis »u* 94 tirages annuels, qui attribuent de* lots à 6.660 obligations dont 1 est remboursable par UN MILLION. S par E00 0Û0 fr., » par 250.000 l ., 10 par 200.000, 4 par loO.OOO et 75 parlOO.OOO ll\. Prix de l'abonnement : S £r. par an * «dresser s 19» rue Hfs Capucines. Pari*.</index>
            <genre source="hm" time="2019-09-29T14:27:39.471+02:00">publicite</genre>
            <genre source="final">publicite</genre>
            <contenuImg CS="1" lang="en" source="hm" time="2020-04-08T18:12:44.19+02:00">car</contenuImg>
            <contenuImg CS="1" lang="en" source="hm" time="2020-04-08T18:14:31.468+02:00">boat</contenuImg>
          </ill>
        </ills>
      </page>
      <page ordre="4">
        <nbMot>1422</nbMot>
        <blocTexte>426</blocTexte>
        <blocTab>0</blocTab>
        <blocPub>0</blocPub>
        <blocIllustration>2</blocIllustration>
        <ills/>
      </page>
    </pages>
  </contenus>
</doc>