<analyseAlto>
  <metad>
    <type>P</type>
    <ID>bpt6k748459z</ID>
    <titre>Le Siècle</titre>
    <dateEdition>1911-10-25</dateEdition>
    <nbPage>6</nbPage>
    <suppl>FALSE</suppl>
  </metad>
  <contenus>
    <largeur>431</largeur>
    <hauteur>617</hauteur>
    <pages>
      <page ordre="1">
        <nbMot>833</nbMot>
        <blocTexte>36</blocTexte>
        <blocTab>0</blocTab>
        <blocPub>0</blocPub>
        <blocIllustration>9</blocIllustration>
        <ills/>
      </page>
      <page ordre="2">
        <nbMot>930</nbMot>
        <blocTexte>31</blocTexte>
        <blocTab>0</blocTab>
        <blocPub>0</blocPub>
        <blocIllustration>7</blocIllustration>
        <ills/>
      </page>
      <page ordre="3">
        <nbMot>865</nbMot>
        <blocTexte>29</blocTexte>
        <blocTab>0</blocTab>
        <blocPub>0</blocPub>
        <blocIllustration>5</blocIllustration>
        <ills/>
      </page>
      <page ordre="4">
        <nbMot>1021</nbMot>
        <blocTexte>88</blocTexte>
        <blocTab>0</blocTab>
        <blocPub>0</blocPub>
        <blocIllustration>2</blocIllustration>
        <ills/>
      </page>
      <page ordre="5">
        <nbMot>895</nbMot>
        <blocTexte>64</blocTexte>
        <blocTab>0</blocTab>
        <blocPub>0</blocPub>
        <blocIllustration>15</blocIllustration>
        <ills>
          <ill classif="DFdnn" couleur="gris" edit="1" h="642" n="5-6" pub="1" taille="0" w="465" x="4396" y="4405">
            <leg>Face do Cprset</leg>
            <txt>Profil CORSET ANATOMIOUE ET SCIENTIFIQUE Breveté S. G. D. G. Accepté par l'Académie de Paris Xes dloctenps, les savants et les aptisies, tons s 'intéressent à  la confection de  ie gracieux foapreau qui doit donner* à la femme le charme, la souplesse et la Oexibité du jonc, lit 1VE DOIT PAS  Sf AVOIR D'IDESITATIOW : l'artiste, l'élégante, la femme malade ou en bonne santé doit l'adopter puisque dans sa combinaison, il comporte le confort, la lig:ne et l'esthétique qu'il donne par la position normale dans laquelle il oblige la femme à se maintenir.</txt>
            <index>Face do CprsetProfil CORSET ANATOMIOUE ET SCIENTIFIQUE Breveté S. G. D. G. Accepté par l'Académie de Paris Xes dloctenps, les savants et les aptisies, tons s 'intéressent à  la confection de  ie gracieux foapreau qui doit donner* à la femme le charme, la souplesse et la Oexibité du jonc, lit 1VE DOIT PAS  Sf AVOIR D'IDESITATIOW : l'artiste, l'élégante, la femme malade ou en bonne santé doit l'adopter puisque dans sa combinaison, il comporte le confort, la lig:ne et l'esthétique qu'il donne par la position normale dans laquelle il oblige la femme à se maintenir.</index>
            <genre source="hm" time="2019-09-28T19:25:03.545+02:00">publicite</genre>
            <genre source="final">publicite</genre>
          </ill>
        </ills>
      </page>
      <page ordre="6">
        <nbMot>2180</nbMot>
        <blocTexte>1035</blocTexte>
        <blocTab>0</blocTab>
        <blocPub>0</blocPub>
        <blocIllustration>3</blocIllustration>
        <ills/>
      </page>
    </pages>
  </contenus>
</analyseAlto>