<analyseAlto>
  <metad>
    <type>P</type>
    <ID>bpt6k751660t</ID>
    <titre>Le Siècle</titre>
    <dateEdition>1920-09-13</dateEdition>
    <nbPage>4</nbPage>
    <suppl>FALSE</suppl>
  </metad>
  <contenus>
    <largeur>359</largeur>
    <hauteur>541</hauteur>
    <pages>
      <page ordre="1">
        <nbMot>580</nbMot>
        <blocTexte>25</blocTexte>
        <blocTab>0</blocTab>
        <blocPub>0</blocPub>
        <blocIllustration>1</blocIllustration>
        <ills/>
      </page>
      <page ordre="2">
        <nbMot>761</nbMot>
        <blocTexte>35</blocTexte>
        <blocTab>0</blocTab>
        <blocPub>0</blocPub>
        <blocIllustration>1</blocIllustration>
        <ills/>
      </page>
      <page ordre="3">
        <nbMot>601</nbMot>
        <blocTexte>28</blocTexte>
        <blocTab>0</blocTab>
        <blocPub>0</blocPub>
        <blocIllustration>5</blocIllustration>
        <ills/>
      </page>
      <page ordre="4">
        <nbMot>919</nbMot>
        <blocTexte>325</blocTexte>
        <blocTab>0</blocTab>
        <blocPub>0</blocPub>
        <blocIllustration>11</blocIllustration>
        <ills>
          <ill classif="DFdnn" couleur="gris" derniere="true" edit="1" h="726" n="4-3" pub="1" taille="0" w="280" x="1992" y="4174">
            <txt>grands Magasins 'ÙUF AYEL MARDI 14 Septembre 1920 PA.I_A.Io/!! MOIJVEAUTÊ Entrée principale s 7,  BçuleVard  Barbés, Paris !ÉE d® CLASSES SOLDES</txt>
            <index>grands Magasins 'ÙUF AYEL MARDI 14 Septembre 1920 PA.I_A.Io/!! MOIJVEAUTÊ Entrée principale s 7,  BçuleVard  Barbés, Paris !ÉE d® CLASSES SOLDES</index>
            <genre source="hm" time="2019-09-29T14:23:33.998+02:00">publicite</genre>
            <genre source="final">publicite</genre>
          </ill>
          <ill classif="DFdnn" couleur="gris" derniere="true" edit="1" h="1034" n="4-4" pub="1" taille="1" w="887" x="3259" y="3038">
            <txt>grands Magasins 'ÙUF AYEL MARDI 14 Septembre 1920 PA.I_A.Io/!! MOIJVEAUTÊ Entrée principale s 7,  BçuleVard  Barbés, Paris !ÉE d® CLASSES SOLDES</txt>
            <index>grands Magasins 'ÙUF AYEL MARDI 14 Septembre 1920 PA.I_A.Io/!! MOIJVEAUTÊ Entrée principale s 7,  BçuleVard  Barbés, Paris !ÉE d® CLASSES SOLDES</index>
            <genre source="hm" time="2019-09-29T14:23:30.145+02:00">publicite</genre>
            <genre source="final">publicite</genre>
          </ill>
          <ill classif="DFdnn" couleur="gris" derniere="true" edit="1" h="746" n="4-5" pub="1" taille="0" w="318" x="3720" y="4217">
            <leg>- CAPE noire ou marine Qualité forte ~ ans el 3 lt. par âge</leg>
            <txt>bois blanc Exceptionnel</txt>
            <index>- CAPE noire ou marine Qualité forte ~ ans el 3 lt. par âgebois blanc Exceptionnel</index>
            <genre source="hm" time="2019-09-29T14:23:31.876+02:00">publicite</genre>
            <genre source="final">publicite</genre>
          </ill>
        </ills>
      </page>
    </pages>
  </contenus>
</analyseAlto>