<doc>
  <metad>
    <type>P</type>
    <ID>bpt6k7516273</ID>
    <titre>Le Siècle</titre>
    <dateEdition>1920-08-11</dateEdition>
    <nbPage>4</nbPage>
    <suppl>FALSE</suppl>
  </metad>
  <contenus>
    <largeur>354</largeur>
    <hauteur>541</hauteur>
    <pages>
      <page ordre="1">
        <nbMot>578</nbMot>
        <blocTexte>25</blocTexte>
        <blocTab>0</blocTab>
        <blocPub>0</blocPub>
        <blocIllustration>0</blocIllustration>
      </page>
      <page ordre="2">
        <nbMot>738</nbMot>
        <blocTexte>36</blocTexte>
        <blocTab>0</blocTab>
        <blocPub>0</blocPub>
        <blocIllustration>2</blocIllustration>
        <ills>
          <ill couleur="gris" edit="1" h="335" n="2-1" pub="1" taille="0" w="751" x="960" y="3684">
            <leg>LA VILLE ET LES ARTS</leg>
            <txt>M» André Pavie, dans la Revue Critique, rappelant les Uens intellectuels qui ont tou jours uni la Pologne à la France, raconte la séjour dans notre pays de Mickiewicz, le noble poète polonais, proscrit pour avoir ' enflammé des milliers de cœurs de l'idéal de liberté, et crié l'appel suprême à la jus tice pour sa patrie opprimée : L'amitié de la Pologne nous a été lon guement fidèle. On ne peut lui repro cher de s'être montrée exigeante. Ni les quelques subsides pécuniaires fournis en 1771 par le ministère Choiseul, ni le courage malheureux des Dumouriez et des Cnoisy ne parviennent à sauver de la défaite les confédérés de Bar. Cent cinquante années 's'écoulent ensuite, pendant lesquelles le sorfc du malheu reux pays nous arrache périodiquement des larmes et des cris  d'indignationLe geste qui pourrait être secourable, nous ne le voulons, ou ne l'osons plus faire. Mais la victoire de 1918 permet de re couvrer son indépendance à ce peuple qui no s'est jamais résigné à la croire perdue. Elle a été achetée, cette victoire, par tant de sang français que, tout na turellement l'amitié séculaire refleurit, ' plus vivante et plus forte. Les liens intellectuels, d'ailleurs, n'a vaient jamais été rompus. Chopin, Mic- kiewiez, par l'accueil que leur firent nos pères, leur gloire est un peu nôtre. Ni à Varsovie; ni à- Paris, on ne laisse pé rir ces souvenirs. Au Salon de la Société Nationale,, cet te année, le sculpteur Bourdelle expo sait un buste de Mickiewicz. Le jour du vernissage, l son association à la fortune de la Fran ce. .» On le nomma professeur de littératu re slave au Collège d© France. Il ensei- gns-en français, maniant la langue* de son  pays d'adoption avec une sûreté et une souplesse qui émerveillaient ses au diteurs. Les tendances mystiques qu'il portait #n lui dès la jeunesse peu à peu se développèrent jusqu'à l'absorber tout entier: Un beau jour, il partit pour Ro me. Un Angevin, Cyprien Robert, hé rita de sa chaire au Collège de France. David d'Angerj avait considéré com me un trop faible hommage le médail lon de cire modelé à Weimar. Il sculpta de la noble tête du poète proscrit un buste en marbre. Mickiewicz mort, il projeta un monument à sa mémoire. Ce devait être une simple pierre tombale, sobrement ornée de drapeaux et de lau riers, surmontée d'une stèle où s'encas trait le médaillon de Weimar, agrandi. Le monument ne fut point exécuté. La maquette seule existe. ! Je la vois d'ici, en un coin familier d'une demeure pro vinciale qui m'est chère. La fidèle ami tié polonaise souhaitait pourtant que Mickiewicz eût en terre française son monument. Bourdelle a déféré à son vœu. André Pavie. —; . Armée et Marine POUR LES VICTIMES DE LA GUERRE Au cours d'une visite qu'il a faite à l'Orphe linat José Marti, à Chavllle, M. le sénateur Cosme de la Torriente, président de la com mission des Affaires extérieures de Cuba, a remis un nouveau don de ISO,000 francs au nom du comité pour venir en aide aux victi mes de la guerre, dont il est président.</txt>
            <index>LA VILLE ET LES ARTSM» André Pavie, dans la Revue Critique, rappelant les Uens intellectuels qui ont tou jours uni la Pologne à la France, raconte la séjour dans notre pays de Mickiewicz, le noble poète polonais, proscrit pour avoir ' enflammé des milliers de cœurs de l'idéal de liberté, et crié l'appel suprême à la jus tice pour sa patrie opprimée : L'amitié de la Pologne nous a été lon guement fidèle. On ne peut lui repro cher de s'être montrée exigeante. Ni les quelques subsides pécuniaires fournis en 1771 par le ministère Choiseul, ni le courage malheureux des Dumouriez et des Cnoisy ne parviennent à sauver de la défaite les confédérés de Bar. Cent cinquante années 's'écoulent ensuite, pendant lesquelles le sorfc du malheu reux pays nous arrache périodiquement des larmes et des cris  d'indignationLe geste qui pourrait être secourable, nous ne le voulons, ou ne l'osons plus faire. Mais la victoire de 1918 permet de re couvrer son indépendance à ce peuple qui no s'est jamais résigné à la croire perdue. Elle a été achetée, cette victoire, par tant de sang français que, tout na turellement l'amitié séculaire refleurit, ' plus vivante et plus forte. Les liens intellectuels, d'ailleurs, n'a vaient jamais été rompus. Chopin, Mic- kiewiez, par l'accueil que leur firent nos pères, leur gloire est un peu nôtre. Ni à Varsovie; ni à- Paris, on ne laisse pé rir ces souvenirs. Au Salon de la Société Nationale,, cet te année, le sculpteur Bourdelle expo sait un buste de Mickiewicz. Le jour du vernissage, l son association à la fortune de la Fran ce. .» On le nomma professeur de littératu re slave au Collège d© France. Il ensei- gns-en français, maniant la langue* de son  pays d'adoption avec une sûreté et une souplesse qui émerveillaient ses au diteurs. Les tendances mystiques qu'il portait #n lui dès la jeunesse peu à peu se développèrent jusqu'à l'absorber tout entier: Un beau jour, il partit pour Ro me. Un Angevin, Cyprien Robert, hé rita de sa chaire au Collège de France. David d'Angerj avait considéré com me un trop faible hommage le médail lon de cire modelé à Weimar. Il sculpta de la noble tête du poète proscrit un buste en marbre. Mickiewicz mort, il projeta un monument à sa mémoire. Ce devait être une simple pierre tombale, sobrement ornée de drapeaux et de lau riers, surmontée d'une stèle où s'encas trait le médaillon de Weimar, agrandi. Le monument ne fut point exécuté. La maquette seule existe. ! Je la vois d'ici, en un coin familier d'une demeure pro vinciale qui m'est chère. La fidèle ami tié polonaise souhaitait pourtant que Mickiewicz eût en terre française son monument. Bourdelle a déféré à son vœu. André Pavie. —; . Armée et Marine POUR LES VICTIMES DE LA GUERRE Au cours d'une visite qu'il a faite à l'Orphe linat José Marti, à Chavllle, M. le sénateur Cosme de la Torriente, président de la com mission des Affaires extérieures de Cuba, a remis un nouveau don de ISO,000 francs au nom du comité pour venir en aide aux victi mes de la guerre, dont il est président.</index>
            <genre source="hm" time="2019-09-29T14:23:13.618+02:00">publicite</genre>
            <genre source="final">publicite</genre>
          </ill>
        </ills>
      </page>
      <page ordre="3">
        <nbMot>772</nbMot>
        <blocTexte>17</blocTexte>
        <blocTab>0</blocTab>
        <blocPub>0</blocPub>
        <blocIllustration>0</blocIllustration>
      </page>
      <page ordre="4">
        <nbMot>1346</nbMot>
        <blocTexte>373</blocTexte>
        <blocTab>0</blocTab>
        <blocPub>0</blocPub>
        <blocIllustration>0</blocIllustration>
      </page>
    </pages>
  </contenus>
</doc>