<analyseAlto>
  <metad>
    <type>P</type>
    <ID>bpt6k751469m</ID>
    <titre>Le Siècle</titre>
    <dateEdition>1920-03-05</dateEdition>
    <nbPage>4</nbPage>
    <suppl>FALSE</suppl>
  </metad>
  <contenus>
    <largeur>355</largeur>
    <hauteur>537</hauteur>
    <pages>
      <page ordre="1">
        <nbMot>598</nbMot>
        <blocTexte>36</blocTexte>
        <blocTab>0</blocTab>
        <blocPub>0</blocPub>
        <blocIllustration>2</blocIllustration>
        <ills/>
      </page>
      <page ordre="2">
        <nbMot>779</nbMot>
        <blocTexte>41</blocTexte>
        <blocTab>0</blocTab>
        <blocPub>0</blocPub>
        <blocIllustration>3</blocIllustration>
        <ills/>
      </page>
      <page ordre="3">
        <nbMot>758</nbMot>
        <blocTexte>34</blocTexte>
        <blocTab>0</blocTab>
        <blocPub>0</blocPub>
        <blocIllustration>6</blocIllustration>
        <ills>
          <ill couleur="gris" edit="1" h="253" n="3-4" pub="1" taille="0" w="695" x="3397" y="5163">
            <leg>ET POUCE...</leg>
            <txt>f ^ 9 O* JVâ?iCE</txt>
            <index>ET POUCE...f ^ 9 O* JVâ?iCE</index>
            <genre source="hm" time="2019-09-29T14:16:22.197+02:00">publicite</genre>
            <genre source="final">publicite</genre>
          </ill>
        </ills>
      </page>
      <page ordre="4">
        <nbMot>943</nbMot>
        <blocTexte>284</blocTexte>
        <blocTab>0</blocTab>
        <blocPub>0</blocPub>
        <blocIllustration>0</blocIllustration>
      </page>
    </pages>
  </contenus>
</analyseAlto>