<analyseAlto>
  <metad>
    <type>P</type>
    <ID>bpt6k7517248</ID>
    <titre>Le Siècle</titre>
    <dateEdition>1920-11-16</dateEdition>
    <nbPage>4</nbPage>
    <suppl>FALSE</suppl>
  </metad>
  <contenus>
    <largeur>353</largeur>
    <hauteur>537</hauteur>
    <pages>
      <page ordre="1">
        <nbMot>625</nbMot>
        <blocTexte>30</blocTexte>
        <blocTab>0</blocTab>
        <blocPub>0</blocPub>
        <blocIllustration>2</blocIllustration>
        <ills/>
      </page>
      <page ordre="2">
        <nbMot>772</nbMot>
        <blocTexte>37</blocTexte>
        <blocTab>0</blocTab>
        <blocPub>0</blocPub>
        <blocIllustration>2</blocIllustration>
        <ills/>
      </page>
      <page ordre="3">
        <nbMot>785</nbMot>
        <blocTexte>20</blocTexte>
        <blocTab>0</blocTab>
        <blocPub>0</blocPub>
        <blocIllustration>2</blocIllustration>
        <ills>
          <ill couleur="gris" edit="1" h="502" n="3-1" pub="1" taille="0" w="745" x="3343" y="4126">
            <contenuImg CS="1" lang="fr" source="hm" time="2020-04-08T18:13:09.403+02:00">voiture</contenuImg>
            <leg>LA NOUVELLE I ô HP</leg>
            <txt>fèvre reste sur seà positions primitives, n'ac ceptant pas la responsabilité de modifier ses conclusions dans le sens d'une diminution d'effectifs, de quékjuè' lourde charge qu'ils puissent grever notre budget. On saura à la fin de la semaine si, devant de nouveaux arguments de sès collègues, M. André Lefèvre aura consenti aux modi fications que ceux-ci, unanimement, récla ment dans le sens d'une atténuation de nos charges militaires, ou si « le guerrier », comme on appellé avec une amicale familia rité de ministre de ' la Guerre, restera irré ductible. Dans ce cas, l'éventualité d'un change ment de titulaire au portefeuille de la Guerre est à envisager. FOCH, CLEMENCEAU ET PETAIN Dans le livre où il consacre plusieurs pages au récit de l'entrevue de Doullens, M. Stéphane Lauzanne prête au maréchal Foch cette question posée par le grand chef militaire à M, Poincaré ; — Vous ne connaissez pas, monsieur le Président, les ordres qui ont été donnés ?... Et il ajoute : Le Président ne connaissait pas, en effet, ces ordres. lis étaient ■ graves. Ils compor taient le repliement presque complet de l'ar mée et entraînaient, à bref délai, l'évacua tion de Paris. M. Charles Delvert, professeur d'histoire an lycée Rollin, qui était, le 21 mars 1918, à l'état-major de la 1  armée, précise quels furent ces ordres. Il indique ce que devaient faire toutes les unités du secteur compris entre l'armée an glaise et l'armée Humbert. Le 25 mans, le général Debeney parvenait-, dit-il, après cinq jours d'héroïques combats, à accom plir la mission qui lui avait été confiée par Pétain. Quant au  général Humbert, il avait fixé l'ennemi, dès ae 36 mars, au mont Renaud et sur les • hauteurs du sud de Noyon. Or, c'est le 26 mars, à 14 heures seulement, qu'est confiée au général Foch « la mission de coordonner l'action des armées alliées sur le front ouest ». Comme l'on voit, les ordres donnés jusque- là ne tendaient nullement à « un repliement presque complet de l'armée, entraînant à bref délai l'évacuation de Paris. C'est la vérité. Elle doit être dite. Elle ne diminue en rien la gloire du maré chal Foch et maintient intacte une autre gloire ■ que nous d</txt>
            <index>LA NOUVELLE I ô HPfèvre reste sur seà positions primitives, n'ac ceptant pas la responsabilité de modifier ses conclusions dans le sens d'une diminution d'effectifs, de quékjuè' lourde charge qu'ils puissent grever notre budget. On saura à la fin de la semaine si, devant de nouveaux arguments de sès collègues, M. André Lefèvre aura consenti aux modi fications que ceux-ci, unanimement, récla ment dans le sens d'une atténuation de nos charges militaires, ou si « le guerrier », comme on appellé avec une amicale familia rité de ministre de ' la Guerre, restera irré ductible. Dans ce cas, l'éventualité d'un change ment de titulaire au portefeuille de la Guerre est à envisager. FOCH, CLEMENCEAU ET PETAIN Dans le livre où il consacre plusieurs pages au récit de l'entrevue de Doullens, M. Stéphane Lauzanne prête au maréchal Foch cette question posée par le grand chef militaire à M, Poincaré ; — Vous ne connaissez pas, monsieur le Président, les ordres qui ont été donnés ?... Et il ajoute : Le Président ne connaissait pas, en effet, ces ordres. lis étaient ■ graves. Ils compor taient le repliement presque complet de l'ar mée et entraînaient, à bref délai, l'évacua tion de Paris. M. Charles Delvert, professeur d'histoire an lycée Rollin, qui était, le 21 mars 1918, à l'état-major de la 1  armée, précise quels furent ces ordres. Il indique ce que devaient faire toutes les unités du secteur compris entre l'armée an glaise et l'armée Humbert. Le 25 mans, le général Debeney parvenait-, dit-il, après cinq jours d'héroïques combats, à accom plir la mission qui lui avait été confiée par Pétain. Quant au  général Humbert, il avait fixé l'ennemi, dès ae 36 mars, au mont Renaud et sur les • hauteurs du sud de Noyon. Or, c'est le 26 mars, à 14 heures seulement, qu'est confiée au général Foch « la mission de coordonner l'action des armées alliées sur le front ouest ». Comme l'on voit, les ordres donnés jusque- là ne tendaient nullement à « un repliement presque complet de l'armée, entraînant à bref délai l'évacuation de Paris. C'est la vérité. Elle doit être dite. Elle ne diminue en rien la gloire du maré chal Foch et maintient intacte une autre gloire ■ que nous d</index>
            <genre source="hm" time="2019-09-29T14:27:50.4+02:00">publicite</genre>
            <genre source="final">publicite</genre>
            <contenuImg CS="1" lang="en" source="hm" time="2020-04-08T18:13:09.403+02:00">car</contenuImg>
          </ill>
        </ills>
      </page>
      <page ordre="4">
        <nbMot>1041</nbMot>
        <blocTexte>378</blocTexte>
        <blocTab>0</blocTab>
        <blocPub>0</blocPub>
        <blocIllustration>5</blocIllustration>
        <ills>
          <ill classif="DFdnn" couleur="gris" derniere="true" edit="1" h="390" n="4-3" pub="1" taille="0" w="478" x="3608" y="1394">
            <leg>2 Immaubies ù Paria, Mise à prix : O 50.000 fr. -2o fil</leg>
            <txt>LIT TOUTCUIVRE Gros Piliers carrés M odèle ÎI.KI .e, (^LOôUÊ^iii V fWCQ    Largeur/-.._ Pripc..'.. 575.. 585.. 595.. 64-5.. • PRIX SANS PRÉCÉDENTS Cefkxitedune éfcgance absolue, est fabriqué avec des matériaux de PREfilER CHOIX, les piliers et les barreaux sont EMnÈRËMENTen CUiVREet de forme carrée.les chapiteaux sonteftCUIVREflASIf. îlconstiliie le plBsbelomcmgnîdîiiie Chancre â (âudier moderne Toutes les larpiis sont en magasin -SuppU'ntntpw rÉCP.AN : 20 Ç LIVRAISON A DOMICILE-EKP£DtTi0rS5 EN PROVINCE</txt>
            <index>2 Immaubies ù Paria, Mise à prix : O 50.000 fr. -2o filLIT TOUTCUIVRE Gros Piliers carrés M odèle ÎI.KI .e, (^LOôUÊ^iii V fWCQ    Largeur/-.._ Pripc..'.. 575.. 585.. 595.. 64-5.. • PRIX SANS PRÉCÉDENTS Cefkxitedune éfcgance absolue, est fabriqué avec des matériaux de PREfilER CHOIX, les piliers et les barreaux sont EMnÈRËMENTen CUiVREet de forme carrée.les chapiteaux sonteftCUIVREflASIf. îlconstiliie le plBsbelomcmgnîdîiiie Chancre â (âudier moderne Toutes les larpiis sont en magasin -SuppU'ntntpw rÉCP.AN : 20 Ç LIVRAISON A DOMICILE-EKP£DtTi0rS5 EN PROVINCE</index>
            <genre source="hm" time="2019-09-29T14:28:46.342+02:00">publicite</genre>
            <genre source="final">publicite</genre>
            <genre source="hm" time="2019-09-29T14:28:58.894+02:00">publicite</genre>
          </ill>
        </ills>
      </page>
    </pages>
  </contenus>
</analyseAlto>