<doc>
  <metad>
    <type>P</type>
    <ID>bpt6k751603w</ID>
    <titre>Le Siècle</titre>
    <dateEdition>1920-07-18</dateEdition>
    <nbPage>4</nbPage>
    <suppl>FALSE</suppl>
  </metad>
  <contenus>
    <largeur>351</largeur>
    <hauteur>539</hauteur>
    <pages>
      <page ordre="1">
        <nbMot>510</nbMot>
        <blocTexte>42</blocTexte>
        <blocTab>0</blocTab>
        <blocPub>0</blocPub>
        <blocIllustration>3</blocIllustration>
        <ills/>
      </page>
      <page ordre="2">
        <nbMot>762</nbMot>
        <blocTexte>31</blocTexte>
        <blocTab>0</blocTab>
        <blocPub>0</blocPub>
        <blocIllustration>0</blocIllustration>
      </page>
      <page ordre="3">
        <nbMot>772</nbMot>
        <blocTexte>28</blocTexte>
        <blocTab>0</blocTab>
        <blocPub>0</blocPub>
        <blocIllustration>1</blocIllustration>
        <ills/>
      </page>
      <page ordre="4">
        <nbMot>970</nbMot>
        <blocTexte>331</blocTexte>
        <blocTab>0</blocTab>
        <blocPub>0</blocPub>
        <blocIllustration>9</blocIllustration>
        <ills>
          <ill classif="DFdnn" couleur="gris" derniere="true" edit="1" h="1281" n="4-1" pub="1" taille="1" w="436" x="193" y="264">
            <index/>
            <genre source="hm" time="2019-09-29T14:25:44.251+02:00">publicite</genre>
            <genre source="final">publicite</genre>
          </ill>
          <ill classif="DFdnn" couleur="gris" derniere="true" edit="1" h="975" n="4-8" pub="1" taille="1" w="770" x="2472" y="369">
            <contenuImg CS="0.96" h="145" w="72" sexe="P" source="dnn" x="565" y="255">face</contenuImg>
            <leg>)Pnl ac d'oreiller unies, fldied dépareillées, madapolam. / Qf» Valeur 7 .50. La taie tf.Ju rnlliapc autruche avec glands, UfiiiÇi O long, environ 0 ra 90, noir, blanc ou nuances AK mode. Valeur 38. » £0, blanc, garanti de OaVUll Marseille, qualité 72%. Valeur SB. » A4 La barre de s kg. env. £.1 m Tabliers à bavettC pour dames, percale fond marine ou ncir, à rayures blanches. 7  7C Valeur 10.BO / ./O</leg>
            <txt>Chaussettes coton, mailles fines, sans .couture, noir, blanc, gris ou cuir. / 7£? Valeur 6.BO *t./Q Chemises 4 e on n tk brodées.   fi ' Valeur 25. » I U._ TWanc toi ' e blanche, ourlet m aj/3 à jour 4 3=50X2»20. Valeur 150.» M K . Le drap | | 0 « ^PnrÎPÎÎPC é P°ngë coton i3£lVU£Uea bIan0i g ran de taille. Valeur 42.» QQ „ La i\2 douzaine QtJ . fitlftiAnc coton écru, woupons madapo i am et shirting p r lingerie, larg. 0 m 80. Valeur 6. ». A  ÎH Le mètreZ.IS, 2.80 et Z./0</txt>
            <index>)Pnl ac d'oreiller unies, fldied dépareillées, madapolam. / Qf» Valeur 7 .50. La taie tf.Ju rnlliapc autruche avec glands, UfiiiÇi O long, environ 0 ra 90, noir, blanc ou nuances AK mode. Valeur 38. » £0, blanc, garanti de OaVUll Marseille, qualité 72%. Valeur SB. » A4 La barre de s kg. env. £.1 m Tabliers à bavettC pour dames, percale fond marine ou ncir, à rayures blanches. 7  7C Valeur 10.BO / ./OChaussettes coton, mailles fines, sans .couture, noir, blanc, gris ou cuir. / 7£? Valeur 6.BO *t./Q Chemises 4 e on n tk brodées.   fi ' Valeur 25. » I U._ TWanc toi ' e blanche, ourlet m aj/3 à jour 4 3=50X2»20. Valeur 150.» M K . Le drap | | 0 « ^PnrÎPÎÎPC é P°ngë coton i3£lVU£Uea bIan0i g ran de taille. Valeur 42.» QQ „ La i\2 douzaine QtJ . fitlftiAnc coton écru, woupons madapo i am et shirting p r lingerie, larg. 0 m 80. Valeur 6. ». A  ÎH Le mètreZ.IS, 2.80 et Z./0</index>
            <genre source="hm" time="2019-09-29T14:17:57.924+02:00">publicite</genre>
            <genre source="final">publicite</genre>
          </ill>
        </ills>
      </page>
    </pages>
  </contenus>
</doc>