<analyseAlto>
  <metad>
    <type>P</type>
    <ID>bpt6k7513631</ID>
    <titre>Le Siècle</titre>
    <dateEdition>1919-10-29</dateEdition>
    <nbPage>4</nbPage>
    <suppl>FALSE</suppl>
  </metad>
  <contenus>
    <largeur>356</largeur>
    <hauteur>531</hauteur>
    <pages>
      <page ordre="1">
        <nbMot>561</nbMot>
        <blocTexte>31</blocTexte>
        <blocTab>0</blocTab>
        <blocPub>0</blocPub>
        <blocIllustration>2</blocIllustration>
        <ills/>
      </page>
      <page ordre="2">
        <nbMot>740</nbMot>
        <blocTexte>41</blocTexte>
        <blocTab>0</blocTab>
        <blocPub>0</blocPub>
        <blocIllustration>2</blocIllustration>
        <ills/>
      </page>
      <page ordre="3">
        <nbMot>643</nbMot>
        <blocTexte>27</blocTexte>
        <blocTab>0</blocTab>
        <blocPub>0</blocPub>
        <blocIllustration>3</blocIllustration>
        <ills>
          <ill classif="DFdnn" couleur="gris" edit="1" h="382" n="3-2" pub="1" taille="0" w="1051" x="2591" y="5764">
            <txt>1 VETEMENTS CONFECTIONNÉS et sur MESURE Hommes, Dames, Jeunes Gens» Fillettes et Enfants Entai franco du Catalogua et d EeimntiHoo» sur deminS* SiœètiMM.Tf i fiiHIS. I.Pnot De Cllch/; LY0$, MtRSStlil bordeaux , mures, nfttcr, *:iesa$</txt>
            <index>1 VETEMENTS CONFECTIONNÉS et sur MESURE Hommes, Dames, Jeunes Gens» Fillettes et Enfants Entai franco du Catalogua et d EeimntiHoo» sur deminS* SiœètiMM.Tf i fiiHIS. I.Pnot De Cllch/; LY0$, MtRSStlil bordeaux , mures, nfttcr, *:iesa$</index>
            <genre source="hm" time="2019-09-29T14:11:31.635+02:00">publicite</genre>
            <genre source="final">publicite</genre>
          </ill>
        </ills>
      </page>
      <page ordre="4">
        <nbMot>1445</nbMot>
        <blocTexte>368</blocTexte>
        <blocTab>0</blocTab>
        <blocPub>0</blocPub>
        <blocIllustration>2</blocIllustration>
        <ills/>
      </page>
    </pages>
  </contenus>
</analyseAlto>