<doc>
  <metad>
    <type>P</type>
    <ID>bpt6k7494427</ID>
    <titre>Le Siècle</titre>
    <dateEdition>1914-07-13</dateEdition>
    <nbPage>4</nbPage>
    <suppl>FALSE</suppl>
  </metad>
  <contenus>
    <largeur>435</largeur>
    <hauteur>606</hauteur>
    <pages>
      <page ordre="1">
        <nbMot>880</nbMot>
        <blocTexte>29</blocTexte>
        <blocTab>0</blocTab>
        <blocPub>0</blocPub>
        <blocIllustration>3</blocIllustration>
        <ills/>
      </page>
      <page ordre="2">
        <nbMot>992</nbMot>
        <blocTexte>39</blocTexte>
        <blocTab>0</blocTab>
        <blocPub>0</blocPub>
        <blocIllustration>1</blocIllustration>
        <ills/>
      </page>
      <page ordre="3">
        <nbMot>999</nbMot>
        <blocTexte>48</blocTexte>
        <blocTab>0</blocTab>
        <blocPub>0</blocPub>
        <blocIllustration>3</blocIllustration>
        <ills>
          <ill couleur="gris" edit="1" h="932" n="3-1" pub="1" taille="1" w="604" x="1053" y="2135">
            <leg>Livraisons journalières à domicile dans Paris. BIÈRE-CHOPE : Le panier de 15 litres....,..».,. 8 ft, BIÈRE-BOCK : Le panier de 30 peUts bock» (2a centilitres)............. 6 fr. Le panier de 15 canettes (60 centilitres) 4fr. KO LA CONTENANCE EXACTE J)ES BOUTEILLES EST GARANTIE Le matériel Vide est consigné et repria. ® Pour les commandes, écrire : p BRASSERIE KARCHER PARIS XX«</leg>
            <txt>lise qui avait été dérobée au comte Moura- Le voleur, en l'abandonnant, avait enle vé les valeurs et lés bijoux, mais avait lais sé les papiers. La valise a été remise à la police. Les enfants martyrs Montauban, 12 juillet. — La police a opé ré une perquisition au domicile de la fem me Maria Castex, que la rumeur publique accusait de martyriser son enfant âgé de deux ans et demi. Le bébé a été trouvé dans un état pitoyable. De nombreuses tra ces de sévices ont été relevées par un mé decin légiste. La femme Castex et son   amant sont te nus à la disposition de la justice. Les autobus à la Revue A l'occasion de la revue du 14 juillet, la Compagnie Générale des Omnibus de Paris organise un service «^'omnibus automobiles pour desservir Longchamip Les départs auront lieu entre 4 heures et 6 h. 30 du matin des divers points ci-après : Boulevard Barbes ; Place de la Républi que ; Avenue de Cliehy ; Square des Bati- gnolles ; Mairie du XVIII e ; Gare Saint-La zare ; Place de la Bastille ; Carrefour Mé- dicis ; Gare Montparnasse et Eglise, de Montrouge. Prix des places : 1 franc, à l'aller comme au retour. , ■ = BUVEZ ===== la Bière KARCHER, La plus agréable au goût JLa plus saine pour l'estomac Recommandée par les Hygiénistes parce SA QUALITÉ EST GARANTIE Envoi sur demande de l'analyse du Laboratoire Municipal.</txt>
            <index>Livraisons journalières à domicile dans Paris. BIÈRE-CHOPE : Le panier de 15 litres....,..».,. 8 ft, BIÈRE-BOCK : Le panier de 30 peUts bock» (2a centilitres)............. 6 fr. Le panier de 15 canettes (60 centilitres) 4fr. KO LA CONTENANCE EXACTE J)ES BOUTEILLES EST GARANTIE Le matériel Vide est consigné et repria. ® Pour les commandes, écrire : p BRASSERIE KARCHER PARIS XX«lise qui avait été dérobée au comte Moura- Le voleur, en l'abandonnant, avait enle vé les valeurs et lés bijoux, mais avait lais sé les papiers. La valise a été remise à la police. Les enfants martyrs Montauban, 12 juillet. — La police a opé ré une perquisition au domicile de la fem me Maria Castex, que la rumeur publique accusait de martyriser son enfant âgé de deux ans et demi. Le bébé a été trouvé dans un état pitoyable. De nombreuses tra ces de sévices ont été relevées par un mé decin légiste. La femme Castex et son   amant sont te nus à la disposition de la justice. Les autobus à la Revue A l'occasion de la revue du 14 juillet, la Compagnie Générale des Omnibus de Paris organise un service «^'omnibus automobiles pour desservir Longchamip Les départs auront lieu entre 4 heures et 6 h. 30 du matin des divers points ci-après : Boulevard Barbes ; Place de la Républi que ; Avenue de Cliehy ; Square des Bati- gnolles ; Mairie du XVIII e ; Gare Saint-La zare ; Place de la Bastille ; Carrefour Mé- dicis ; Gare Montparnasse et Eglise, de Montrouge. Prix des places : 1 franc, à l'aller comme au retour. , ■ = BUVEZ ===== la Bière KARCHER, La plus agréable au goût JLa plus saine pour l'estomac Recommandée par les Hygiénistes parce SA QUALITÉ EST GARANTIE Envoi sur demande de l'analyse du Laboratoire Municipal.</index>
            <genre source="hm" time="2019-09-29T14:08:04.853+02:00">publicite</genre>
            <genre source="final">publicite</genre>
          </ill>
        </ills>
      </page>
      <page ordre="4">
        <nbMot>908</nbMot>
        <blocTexte>38</blocTexte>
        <blocTab>0</blocTab>
        <blocPub>0</blocPub>
        <blocIllustration>0</blocIllustration>
      </page>
    </pages>
  </contenus>
</doc>