<doc>
  <metad>
    <type>P</type>
    <ID>bpt6k7490844</ID>
    <titre>Le Siècle</titre>
    <dateEdition>1913-07-20</dateEdition>
    <nbPage>6</nbPage>
    <suppl>FALSE</suppl>
  </metad>
  <contenus>
    <largeur>434</largeur>
    <hauteur>607</hauteur>
    <pages>
      <page ordre="1">
        <nbMot>919</nbMot>
        <blocTexte>20</blocTexte>
        <blocTab>0</blocTab>
        <blocPub>0</blocPub>
        <blocIllustration>4</blocIllustration>
        <ills/>
      </page>
      <page ordre="2">
        <nbMot>975</nbMot>
        <blocTexte>38</blocTexte>
        <blocTab>0</blocTab>
        <blocPub>0</blocPub>
        <blocIllustration>2</blocIllustration>
        <ills/>
      </page>
      <page ordre="3">
        <nbMot>621</nbMot>
        <blocTexte>62</blocTexte>
        <blocTab>0</blocTab>
        <blocPub>0</blocPub>
        <blocIllustration>18</blocIllustration>
        <ills>
          <ill couleur="gris" edit="1" h="1148" n="3-5" pub="1" taille="2" w="1197" x="928" y="1167">
            <leg>LUNDI GRANDE MISE EN VENTE avant inventaire des LDES de la Saison id Eté . B J\ 1 S ÈHfàMM ES</leg>
            <txt>.17 i p-'T ' À,  , i^î Brindejono des Moulinait contre ftudemars et Guillaux L'inoubliable spectacle procuré par ' le ' duel aerien que se .livrèrent, le 8 juin dernier, Au demars et Garros et l'enthousiasme provoqué 'par la victoire du premier iiommé sont encord présents à la mémoire de tous. Or, cet après- midi, Audemats, gratid vainqueur, va se trou ver en présence de deux adversaires redouta bles, deux champions populaires et capables dçs plus extraordinaires exploits. Il s'agit de Brindejono des Moulinais. Brindejono des Moulinais, glorieux record- ïlian du monde, véritable globe-trotter de l'air que toutes les principales capitales européeh- ■iies ont-acclamé, vient pour renjarciBr la foule française de son accueil chaleureux. Brindejono se présentera avec la ferme intention de s'ad juger une nouvelle retentissante victoire. , Maurice Guillaux, champion aaroit et sympa thique. va, lui aussi, nous permettre d'assister , à une chose 'émouvante, une lutte homérique pour la conquête dé la gloirê. Et Guillaux s'est préparé sévèrement en vue «lu choc qu'il va soutenir tout à l'heure ; Cou rageux et, énergique au possible, l'homme est Capable de conduire à la victoire « l'Oiseau •Géant » qui lu! permit cinquante fois de dou bler 1* Tour Eiffel. Noua n'insisterons pas sur Audemars. C'est îô « Roi de l'Air ». consommé, c'est le grand Champion doué dé toutes les qualités les plus rares. Dernièrement encore, en établissant le frecord Beiflln-Paris, Audemars affirma une su périorité que personne n'osera</txt>
            <index>LUNDI GRANDE MISE EN VENTE avant inventaire des LDES de la Saison id Eté . B J\ 1 S ÈHfàMM ES.17 i p-'T ' À,  , i^î Brindejono des Moulinait contre ftudemars et Guillaux L'inoubliable spectacle procuré par ' le ' duel aerien que se .livrèrent, le 8 juin dernier, Au demars et Garros et l'enthousiasme provoqué 'par la victoire du premier iiommé sont encord présents à la mémoire de tous. Or, cet après- midi, Audemats, gratid vainqueur, va se trou ver en présence de deux adversaires redouta bles, deux champions populaires et capables dçs plus extraordinaires exploits. Il s'agit de Brindejono des Moulinais. Brindejono des Moulinais, glorieux record- ïlian du monde, véritable globe-trotter de l'air que toutes les principales capitales européeh- ■iies ont-acclamé, vient pour renjarciBr la foule française de son accueil chaleureux. Brindejono se présentera avec la ferme intention de s'ad juger une nouvelle retentissante victoire. , Maurice Guillaux, champion aaroit et sympa thique. va, lui aussi, nous permettre d'assister , à une chose 'émouvante, une lutte homérique pour la conquête dé la gloirê. Et Guillaux s'est préparé sévèrement en vue «lu choc qu'il va soutenir tout à l'heure ; Cou rageux et, énergique au possible, l'homme est Capable de conduire à la victoire « l'Oiseau •Géant » qui lu! permit cinquante fois de dou bler 1* Tour Eiffel. Noua n'insisterons pas sur Audemars. C'est îô « Roi de l'Air ». consommé, c'est le grand Champion doué dé toutes les qualités les plus rares. Dernièrement encore, en établissant le frecord Beiflln-Paris, Audemars affirma une su périorité que personne n'osera</index>
            <genre source="hm" time="2019-09-28T19:17:50.51+02:00">publicite</genre>
            <genre source="final">publicite</genre>
          </ill>
        </ills>
      </page>
      <page ordre="4">
        <nbMot>2033</nbMot>
        <blocTexte>730</blocTexte>
        <blocTab>0</blocTab>
        <blocPub>0</blocPub>
        <blocIllustration>0</blocIllustration>
      </page>
      <page ordre="5">
        <nbMot>848</nbMot>
        <blocTexte>29</blocTexte>
        <blocTab>0</blocTab>
        <blocPub>0</blocPub>
        <blocIllustration>3</blocIllustration>
        <ills/>
      </page>
      <page ordre="6">
        <nbMot>1015</nbMot>
        <blocTexte>54</blocTexte>
        <blocTab>0</blocTab>
        <blocPub>0</blocPub>
        <blocIllustration>3</blocIllustration>
        <ills/>
      </page>
    </pages>
  </contenus>
</doc>