<analyseAlto>
  <metad>
    <type>P</type>
    <ID>bpt6k751565d</ID>
    <titre>Le Siècle</titre>
    <dateEdition>1920-06-09</dateEdition>
    <nbPage>4</nbPage>
    <suppl>FALSE</suppl>
  </metad>
  <contenus>
    <largeur>361</largeur>
    <hauteur>537</hauteur>
    <pages>
      <page ordre="1">
        <nbMot>572</nbMot>
        <blocTexte>26</blocTexte>
        <blocTab>0</blocTab>
        <blocPub>0</blocPub>
        <blocIllustration>0</blocIllustration>
      </page>
      <page ordre="2">
        <nbMot>803</nbMot>
        <blocTexte>38</blocTexte>
        <blocTab>0</blocTab>
        <blocPub>0</blocPub>
        <blocIllustration>2</blocIllustration>
        <ills>
          <ill couleur="gris" edit="1" h="337" n="2-1" pub="1" taille="0" w="762" x="66" y="3771">
            <leg>Une femme comparaît devant la Cour d'assises. Son crime ?... Elle a tout sim- plcment coupé son nouveau-né en mor ceaux. ■■ ■ * Elle parait extrêmement calme et attend avec placidité son interrogatoire. Le président lui demande ses nom,' âge et qualité et, de la façon la plus sim ple. du monde, questionne : — Pourquoi avez-vous tué votre enfant ? Il a posé cette question, le président, avec une tranquillité professionnelle, sans éclat do voix, sans indignation, comme il aurait dit : — Pourquoi êtes-vous sortie par un temps de pluie ? ' • C'est la demande banale, obligatoire, aussi courante que l'interrogatoire d'i dentité. La femme garde un silence farouche. Avec une lO'Uable ténacité, le magistrat renouvelle sa, demande. Même viustisme. Alors, l'avocat fait des gestes à sa cliente. Il lui explique par une mimique sa vante qu'il est discourtois de devenir muette quand un homme rouge interroge. ta créature paraît sortir de sa torptur. Elle se dresse puis, avec, la plus grande simplicité : ' — Monsieur, par ces temps de vie chère, il est impossible de nourrir un enfant. Le président, étonné, déclare : — Vous estimez que la hausse des prix est une raison suffisante pour couper un enfant en morceaux. 1 , L'accusée ne répond, pas, mais son visage exprime nettement que le motif qu'elle vient de fournir n'est pas discutable. Elle semble surprise de l'étonnement du pré sident. Elle voudrait bien crier si elle osait : — Mais je suis une victime de là vie chère ! Croiriez-vous que cett</leg>
            <txt>Cinémas MARIVAUX aouv. 06-99). — 2 11. 30, 8 h. 30 : Zon, ctxm. drain. (Jape Banjou, J. de Féraudy) ; Delphin, Reyne Derns et v «raau 3. Mat.: auj. 3 h., la Maison du Bonheur (Bessle Loire) ; /oyeux drilles; l'Océan (4* série) ; Trio des Mlnstreis parisiens. . CIRQUE D'HIVER (R oq. 12-25). -r- 2 U. 30, 8 h. 30 : Spectacle exclusif ot sensationnel : l'Expédition ahar.Mct.on au Pâle Sud, ARTI8TI0 (Central 81-07) — 8 h. 30 : Mortelle angoisse (t. Waid) : Son Aventure (S. Granflais) ; les Abiour* d'un Escargot (Mat.: Jeud. et dim.). MOQADOR-PALACB (Gut. 52-0.3). — 8 h. 45 : : Mortelle angoisse ; Impéria. Attractions. A 5 heu- . tcs:' Thé-Tango (Mat. .- Jeudi, sam., tlluu à ? h, 15). PATHÉ-PALACE -(CeU^ : 73-93). '— 2 h. A.ll.-h. : Chariot soldat ; Les-;Amours d'un Escargot ; Mor telle angoissa (Farmy Ward).  :• . - ' • AUBERT-PALACE (Gut. 47-07), — S'H. a 11 11.: Impéria (4' ép.: Une Tempête dam un cœur; le Carnaval des Vérités (Suzanne Desprès et Paul Capellani) ; Faisons la cour à Pélagie.. ELEOTRIC-PALAOB (Gut. 60-78). — Mat., soir. : Théodore Debout, garçon d'hôtel ; Madame But- terflg (Mary Pickford) : Zigoto et les Espions. TIVOLI-OINÇMA (Nord 26-47) — 2 h. 30, 8 h.  30 -. impéria (3* ép. : D'Enigme en mystère) ; le Carw val des Vérités (Suzanne Desprts et Paul Capclla- ul) ; les Amours d'un Escargot. SAINT-PAUL-01NËMA (Arch. 07-47). — 2 h., 8 h. : Impéria (4' ép. : Une tempête dans un cœur) ; Mortelle angoisse (Fanny ward) ; la grille du Destin (Madeleine Traverse). MONOEY-CINÉMA</txt>
            <index>Une femme comparaît devant la Cour d'assises. Son crime ?... Elle a tout sim- plcment coupé son nouveau-né en mor ceaux. ■■ ■ * Elle parait extrêmement calme et attend avec placidité son interrogatoire. Le président lui demande ses nom,' âge et qualité et, de la façon la plus sim ple. du monde, questionne : — Pourquoi avez-vous tué votre enfant ? Il a posé cette question, le président, avec une tranquillité professionnelle, sans éclat do voix, sans indignation, comme il aurait dit : — Pourquoi êtes-vous sortie par un temps de pluie ? ' • C'est la demande banale, obligatoire, aussi courante que l'interrogatoire d'i dentité. La femme garde un silence farouche. Avec une lO'Uable ténacité, le magistrat renouvelle sa, demande. Même viustisme. Alors, l'avocat fait des gestes à sa cliente. Il lui explique par une mimique sa vante qu'il est discourtois de devenir muette quand un homme rouge interroge. ta créature paraît sortir de sa torptur. Elle se dresse puis, avec, la plus grande simplicité : ' — Monsieur, par ces temps de vie chère, il est impossible de nourrir un enfant. Le président, étonné, déclare : — Vous estimez que la hausse des prix est une raison suffisante pour couper un enfant en morceaux. 1 , L'accusée ne répond, pas, mais son visage exprime nettement que le motif qu'elle vient de fournir n'est pas discutable. Elle semble surprise de l'étonnement du pré sident. Elle voudrait bien crier si elle osait : — Mais je suis une victime de là vie chère ! Croiriez-vous que cettCinémas MARIVAUX aouv. 06-99). — 2 11. 30, 8 h. 30 : Zon, ctxm. drain. (Jape Banjou, J. de Féraudy) ; Delphin, Reyne Derns et v «raau 3. Mat.: auj. 3 h., la Maison du Bonheur (Bessle Loire) ; /oyeux drilles; l'Océan (4* série) ; Trio des Mlnstreis parisiens. . CIRQUE D'HIVER (R oq. 12-25). -r- 2 U. 30, 8 h. 30 : Spectacle exclusif ot sensationnel : l'Expédition ahar.Mct.on au Pâle Sud, ARTI8TI0 (Central 81-07) — 8 h. 30 : Mortelle angoisse (t. Waid) : Son Aventure (S. Granflais) ; les Abiour* d'un Escargot (Mat.: Jeud. et dim.). MOQADOR-PALACB (Gut. 52-0.3). — 8 h. 45 : : Mortelle angoisse ; Impéria. Attractions. A 5 heu- . tcs:' Thé-Tango (Mat. .- Jeudi, sam., tlluu à ? h, 15). PATHÉ-PALACE -(CeU^ : 73-93). '— 2 h. A.ll.-h. : Chariot soldat ; Les-;Amours d'un Escargot ; Mor telle angoissa (Farmy Ward).  :• . - ' • AUBERT-PALACE (Gut. 47-07), — S'H. a 11 11.: Impéria (4' ép.: Une Tempête dam un cœur; le Carnaval des Vérités (Suzanne Desprès et Paul Capellani) ; Faisons la cour à Pélagie.. ELEOTRIC-PALAOB (Gut. 60-78). — Mat., soir. : Théodore Debout, garçon d'hôtel ; Madame But- terflg (Mary Pickford) : Zigoto et les Espions. TIVOLI-OINÇMA (Nord 26-47) — 2 h. 30, 8 h.  30 -. impéria (3* ép. : D'Enigme en mystère) ; le Carw val des Vérités (Suzanne Desprts et Paul Capclla- ul) ; les Amours d'un Escargot. SAINT-PAUL-01NËMA (Arch. 07-47). — 2 h., 8 h. : Impéria (4' ép. : Une tempête dans un cœur) ; Mortelle angoisse (Fanny ward) ; la grille du Destin (Madeleine Traverse). MONOEY-CINÉMA</index>
            <genre source="hm" time="2019-09-29T14:25:31.07+02:00">publicite</genre>
            <genre source="final">publicite</genre>
          </ill>
        </ills>
      </page>
      <page ordre="3">
        <nbMot>772</nbMot>
        <blocTexte>23</blocTexte>
        <blocTab>0</blocTab>
        <blocPub>0</blocPub>
        <blocIllustration>1</blocIllustration>
        <ills/>
      </page>
      <page ordre="4">
        <nbMot>1034</nbMot>
        <blocTexte>254</blocTexte>
        <blocTab>0</blocTab>
        <blocPub>0</blocPub>
        <blocIllustration>3</blocIllustration>
        <ills/>
      </page>
    </pages>
  </contenus>
</analyseAlto>