<analyseAlto>
  <metad>
    <type>P</type>
    <ID>bpt6k751743k</ID>
    <titre>Le Siècle</titre>
    <dateEdition>1920-12-05</dateEdition>
    <nbPage>4</nbPage>
    <suppl>FALSE</suppl>
  </metad>
  <contenus>
    <largeur>361</largeur>
    <hauteur>543</hauteur>
    <pages>
      <page ordre="1">
        <nbMot>615</nbMot>
        <blocTexte>25</blocTexte>
        <blocTab>0</blocTab>
        <blocPub>0</blocPub>
        <blocIllustration>0</blocIllustration>
      </page>
      <page ordre="2">
        <nbMot>778</nbMot>
        <blocTexte>31</blocTexte>
        <blocTab>0</blocTab>
        <blocPub>0</blocPub>
        <blocIllustration>7</blocIllustration>
        <ills/>
      </page>
      <page ordre="3">
        <nbMot>646</nbMot>
        <blocTexte>27</blocTexte>
        <blocTab>0</blocTab>
        <blocPub>0</blocPub>
        <blocIllustration>3</blocIllustration>
        <ills>
          <ill classif="DFdnn" couleur="gris" edit="1" h="1052" n="3-2" pub="1" taille="1" w="576" x="1822" y="3000">
            <leg>articulé, perruque Hauteur 0</leg>
            <txt>PARIS MÂRmîOÊGEmBRE ■Ventes à fHôtcl Drouot, salle 1, tableaux an ciens (M* Eaudoin, M. Murboutin) ; salle 10, objets d'art d'Extrême-Orient (M™ Laùr-Du- breuil et Warln). Exposition particulière à la falerie G. Petit de la collection A. Kann, ta- leaux, sculptures, meubles du xvin# siècle (M* Lair-Dubreisil, RIM. Féral, Paulam et Las- qui»).</txt>
            <index>articulé, perruque Hauteur 0PARIS MÂRmîOÊGEmBRE ■Ventes à fHôtcl Drouot, salle 1, tableaux an ciens (M* Eaudoin, M. Murboutin) ; salle 10, objets d'art d'Extrême-Orient (M™ Laùr-Du- breuil et Warln). Exposition particulière à la falerie G. Petit de la collection A. Kann, ta- leaux, sculptures, meubles du xvin# siècle (M* Lair-Dubreisil, RIM. Féral, Paulam et Las- qui»).</index>
            <genre source="hm" time="2019-09-29T14:31:09.734+02:00">publicite</genre>
            <genre source="final">publicite</genre>
          </ill>
        </ills>
      </page>
      <page ordre="4">
        <nbMot>1007</nbMot>
        <blocTexte>356</blocTexte>
        <blocTab>0</blocTab>
        <blocPub>0</blocPub>
        <blocIllustration>4</blocIllustration>
        <ills>
          <ill couleur="gris" derniere="true" edit="1" h="883" n="4-1" pub="1" taille="1" w="752" x="3360" y="1847">
            <leg>• tm o</leg>
            <txt>Les renseignements des Journaux Spéciaux VAuteuil-Longchamp signale en dernière heure là bonne, forme de : Chantilly. — Ekwanok, Le Gros. Madama, Franoion, Intégration^ MalsoM-Laffitte. — Quorum II, Nieuport, Onzain, Cong. Veslngton Cliief, Monte San to (I. •vyt , Le loche y reçoit de ses correspondants les dernières nouvelles d'entraînement suivantes, indiquant l'exéellente condition de Cbantillv. — Ekwanok, Lo Gros Madame, Mameli, Intégration. Maisons-Laffitte. — Très Chic, Quelle Lyre, Onzain, Cong, Vesington Chief, Monte San to II, La Veitie donne des renseignements sur les derniers galops. • Maisons-Laffitte. W. Davis a donné un bon dressage ft Ba teau et Observateur ; ces deux chevaux ont couvert 1.600 mètres avec Ravengar. ' Stern . a fait couvrir 1.400 mètres à Agaric, Beauzy et Combles. ' Puis ces ti)ois chevaux ont sauté les haies sur 2.000 mètres dans Un excellent style, Chantilly. Mameli, de chez Mathurin Pantall, a fait un bon ouvrage-ces temps-ci ; il va chaque ]otvr s'améliorant. Micbel Pantall a envoyé Le Gros Madame' et Oastellamaire sur 2.000 mètres. La Veine recommande en dernière heure : Ekwanok. Le Gros Madame, Onzain, Qui Y Pense, Francion et intégration.</txt>
            <index>• tm oLes renseignements des Journaux Spéciaux VAuteuil-Longchamp signale en dernière heure là bonne, forme de : Chantilly. — Ekwanok, Le Gros. Madama, Franoion, Intégration^ MalsoM-Laffitte. — Quorum II, Nieuport, Onzain, Cong. Veslngton Cliief, Monte San to (I. •vyt , Le loche y reçoit de ses correspondants les dernières nouvelles d'entraînement suivantes, indiquant l'exéellente condition de Cbantillv. — Ekwanok, Lo Gros Madame, Mameli, Intégration. Maisons-Laffitte. — Très Chic, Quelle Lyre, Onzain, Cong, Vesington Chief, Monte San to II, La Veitie donne des renseignements sur les derniers galops. • Maisons-Laffitte. W. Davis a donné un bon dressage ft Ba teau et Observateur ; ces deux chevaux ont couvert 1.600 mètres avec Ravengar. ' Stern . a fait couvrir 1.400 mètres à Agaric, Beauzy et Combles. ' Puis ces ti)ois chevaux ont sauté les haies sur 2.000 mètres dans Un excellent style, Chantilly. Mameli, de chez Mathurin Pantall, a fait un bon ouvrage-ces temps-ci ; il va chaque ]otvr s'améliorant. Micbel Pantall a envoyé Le Gros Madame' et Oastellamaire sur 2.000 mètres. La Veine recommande en dernière heure : Ekwanok. Le Gros Madame, Onzain, Qui Y Pense, Francion et intégration.</index>
            <genre source="hm" time="2019-09-29T14:31:15.275+02:00">publicite</genre>
            <genre source="final">publicite</genre>
          </ill>
        </ills>
      </page>
    </pages>
  </contenus>
</analyseAlto>