<analyseAlto>
  <metad>
    <type>P</type>
    <ID>bpt6k751590j</ID>
    <titre>Le Siècle</titre>
    <dateEdition>1920-07-04</dateEdition>
    <nbPage>4</nbPage>
    <suppl>FALSE</suppl>
  </metad>
  <contenus>
    <largeur>361</largeur>
    <hauteur>540</hauteur>
    <pages>
      <page ordre="1">
        <nbMot>581</nbMot>
        <blocTexte>26</blocTexte>
        <blocTab>0</blocTab>
        <blocPub>0</blocPub>
        <blocIllustration>0</blocIllustration>
      </page>
      <page ordre="2">
        <nbMot>766</nbMot>
        <blocTexte>21</blocTexte>
        <blocTab>0</blocTab>
        <blocPub>0</blocPub>
        <blocIllustration>0</blocIllustration>
      </page>
      <page ordre="3">
        <nbMot>809</nbMot>
        <blocTexte>28</blocTexte>
        <blocTab>0</blocTab>
        <blocPub>0</blocPub>
        <blocIllustration>1</blocIllustration>
        <ills/>
      </page>
      <page ordre="4">
        <nbMot>1264</nbMot>
        <blocTexte>473</blocTexte>
        <blocTab>0</blocTab>
        <blocPub>0</blocPub>
        <blocIllustration>8</blocIllustration>
        <ills>
          <ill classif="DFdnn" couleur="gris" derniere="true" edit="1" h="1070" n="4-1" pub="1" taille="1" w="636" x="274" y="300">
            <contenuImg CS="0.97" h="92" l="77" sexe="P" source="dnn" x="380" y="372">face</contenuImg>
            <index/>
            <genre source="hm" time="2019-09-29T14:17:48.587+02:00">publicite</genre>
            <genre source="final">publicite</genre>
          </ill>
          <ill classif="DFdnn" couleur="gris" derniere="true" edit="1" h="652" n="4-6" pub="1" taille="0" w="418" x="2554" y="1192">
            <txt>1 Blouses en voile étamine, pure soie lavable» ornées collerette pîissée, dépassant organdi blanc* Existe en blanc, mauye, gris, corail, nattier, certes, sablo. Valeur 35</txt>
            <index>1 Blouses en voile étamine, pure soie lavable» ornées collerette pîissée, dépassant organdi blanc* Existe en blanc, mauye, gris, corail, nattier, certes, sablo. Valeur 35</index>
            <genre source="hm" time="2019-09-29T14:17:45.718+02:00">publicite</genre>
            <genre source="final">publicite</genre>
          </ill>
          <ill classif="DFdnn" couleur="gris" derniere="true" edit="1" h="916" n="4-7" pub="1" taille="1" w="1038" x="2244" y="276">
            <txt>1 Blouses en voile étamine, pure soie lavable» ornées collerette pîissée, dépassant organdi blanc* Existe en blanc, mauye, gris, corail, nattier, certes, sablo. Valeur 35</txt>
            <index>1 Blouses en voile étamine, pure soie lavable» ornées collerette pîissée, dépassant organdi blanc* Existe en blanc, mauye, gris, corail, nattier, certes, sablo. Valeur 35</index>
            <genre source="hm" time="2019-09-29T14:17:50.636+02:00">publicite</genre>
            <genre source="final">publicite</genre>
          </ill>
        </ills>
      </page>
    </pages>
  </contenus>
</analyseAlto>