<doc>
  <metad>
    <type>P</type>
    <ID>bpt6k7514899</ID>
    <titre>Le Siècle</titre>
    <dateEdition>1920-03-25</dateEdition>
    <nbPage>4</nbPage>
    <suppl>FALSE</suppl>
  </metad>
  <contenus>
    <largeur>355</largeur>
    <hauteur>539</hauteur>
    <pages>
      <page ordre="1">
        <nbMot>598</nbMot>
        <blocTexte>28</blocTexte>
        <blocTab>0</blocTab>
        <blocPub>0</blocPub>
        <blocIllustration>1</blocIllustration>
        <ills/>
      </page>
      <page ordre="2">
        <nbMot>749</nbMot>
        <blocTexte>48</blocTexte>
        <blocTab>0</blocTab>
        <blocPub>0</blocPub>
        <blocIllustration>1</blocIllustration>
        <ills/>
      </page>
      <page ordre="3">
        <nbMot>761</nbMot>
        <blocTexte>21</blocTexte>
        <blocTab>0</blocTab>
        <blocPub>0</blocPub>
        <blocIllustration>0</blocIllustration>
      </page>
      <page ordre="4">
        <nbMot>1137</nbMot>
        <blocTexte>463</blocTexte>
        <blocTab>0</blocTab>
        <blocPub>0</blocPub>
        <blocIllustration>6</blocIllustration>
        <ills>
          <ill couleur="gris" derniere="true" edit="1" h="248" n="4-1" pub="1" taille="0" w="676" x="2612" y="3278">
            <leg>ET POUCE...</leg>
            <txt>Vendredi ' 16. — Mai-1 sôns-Laffitte. Samedi 17.. — '(Viiw oennes. , ; Dimanche' 18. —Paris^ Lundi 19. — St-Cloud, Mardi 20. — Eaghien, Mercredi 21. — Le Tremblay. Jeudi 22. — Auteuil. . Vendredi 33. j— Mai-* sons-Laffitté. i Samedi L ^ Tremblay. Dimanche 25. — Paris. Lundi 2fi. — ' St-CI6ud| Mairdi.27. — Engîiieni Merci-edi 28. — lA Ti'emblav. Jeudi-29. — St-CSoud, Vendredi 30. — Mai{ sdnsTLaffitte (obsitO« ï JUSTICE</txt>
            <index>ET POUCE...Vendredi ' 16. — Mai-1 sôns-Laffitte. Samedi 17.. — '(Viiw oennes. , ; Dimanche' 18. —Paris^ Lundi 19. — St-Cloud, Mardi 20. — Eaghien, Mercredi 21. — Le Tremblay. Jeudi 22. — Auteuil. . Vendredi 33. j— Mai-* sons-Laffitté. i Samedi L ^ Tremblay. Dimanche 25. — Paris. Lundi 2fi. — ' St-CI6ud| Mairdi.27. — Engîiieni Merci-edi 28. — lA Ti'emblav. Jeudi-29. — St-CSoud, Vendredi 30. — Mai{ sdnsTLaffitte (obsitO« ï JUSTICE</index>
            <genre source="hm" time="2019-09-29T14:25:08.901+02:00">publicite</genre>
            <genre source="final">publicite</genre>
          </ill>
        </ills>
      </page>
    </pages>
  </contenus>
</doc>