<analyseAlto>
  <metad>
    <type>P</type>
    <ID>bpt6k7517125</ID>
    <titre>Le Siècle</titre>
    <dateEdition>1920-11-04</dateEdition>
    <nbPage>4</nbPage>
    <suppl>FALSE</suppl>
  </metad>
  <contenus>
    <largeur>355</largeur>
    <hauteur>537</hauteur>
    <pages>
      <page ordre="1">
        <nbMot>589</nbMot>
        <blocTexte>24</blocTexte>
        <blocTab>0</blocTab>
        <blocPub>0</blocPub>
        <blocIllustration>8</blocIllustration>
        <ills/>
      </page>
      <page ordre="2">
        <nbMot>775</nbMot>
        <blocTexte>28</blocTexte>
        <blocTab>0</blocTab>
        <blocPub>0</blocPub>
        <blocIllustration>0</blocIllustration>
      </page>
      <page ordre="3">
        <nbMot>669</nbMot>
        <blocTexte>35</blocTexte>
        <blocTab>0</blocTab>
        <blocPub>0</blocPub>
        <blocIllustration>7</blocIllustration>
        <ills>
          <ill classif="DFdnn" couleur="gris" edit="1" h="858" n="3-3" pub="1" taille="1" w="718" x="3431" y="3009">
            <contenuImg CS="1" lang="fr" source="hm" time="2020-04-08T18:14:34.052+02:00">bateau</contenuImg>
            <contenuImg CS="1" lang="fr" source="hm" time="2020-04-08T18:12:46.95+02:00">voiture</contenuImg>
            <leg>^ caiulmu ■ AIMA Kf CM</leg>
            <txt>Le docteur Buss, syndic de la bourse de Mannheim, pvblie un article sur cette question dans la New Zuroher Zeitung du 13 oclobrè. Il cherche à démontrer que, pendant la guerre, on a essayé en Allema gne de réglementer de ce point de vue le commerce, de dé(inir rigoureusement, pour mieux les combattre, l'agiotage et le com merce par intermédiaires. Cette législation, rendue nécessaire par la guerre, ne peut subsister en temps de paix. Elle est trop théorique, ne tient pas assez compte des faits, des nécessités commerciales. Elle de mande à être remaniée. Les textes législatifs visant la spécula• tion sont au nombre de cinq : 1°. — Loi des prix maxima du 4 août 1914. 2  — Ordonnance contre la hausse exa gérée du 23 juillet 1915. 3° — Ordonnance contre les intermé diaires dans le commerce des objets d'a limentation et de première nécessité, du 24 juin 1916. 4° — Ordonnance contre la contrebande du 7 mars 1918. 5' — Ordonnance contre la hausse du 8 mai 1918. Cette ordonnance a embrassé toutes les dispositions précédentes. La spéculation s'y trouve clairement dé finie. « Est puni celui qui, pour des objets d'usage courant, demande des prix conte nant un bénéfice exagéré, étant tenu compte d'ailleurs de toutes les circonstan ces ; ainsi que celui qui se fait garantir ou, promettre des prix semblables, soit pour lui, soit pour un autre ». Pour savoir si le bénéfice est exagéré ou non, la jurispru dence doit établir le bénéfice net. On 'dé falque donc : le prîte d'achat, les frais gé ce, conséquence de la guerre, interdisent de parler d'un prix courant. Or, c'est là un point de vue auquel il faut renoncer au jourd'hui, les prix courants existent pour beaucoup de produits ; si le commerçant souffre de la baisse, il doit pouvoir pro fiter aussi de la hausse. C'est à une nou velle loi, qu'il appartient de modifier cet état de choses ; car la jurisprudence ac tuelle ne peut que se conformer à l'ordon nance de mai 1918. Le syndicat central du commerce en gros a adressé au ministre d'Empire de la Justice une supplique : il demande qu'on ne puisso poursuivre pour spéculation le commerçant qui un conforme aux prix cou rants. L'existence de ces prix courants pourrait être vérifiée par les autorités im périales ou locales. Si la législation ne peut encore être changée, qu'on introdui se du moins cet élément d'appréciation i rlans le jugement des affaires de spécu lation. Les intermédiaires sont poursuivis, « Est puni celui qui fait monter inten tionnellement les prix des objets d'usage journalier par des machinations illicites, en particulier s'il sert d'intermédiaire. » Les tribunaux ont posé en principe que deux commerçants exerçant la même pro fession iie doivent, pas faite d'affaires en tre eux. Les objets dôivent passer du pro ducteur au consommateur d'un mouve ment coMinu. sans recul et sans arrêt. La cour suprême de l'Empire a d'ailleurs ap porté quelques adouciss,emenfs à l'appli cation rigoureuse de co principe .■ par exemple ùn commerçant en gros qui s'oc</txt>
            <index>^ caiulmu ■ AIMA Kf CMLe docteur Buss, syndic de la bourse de Mannheim, pvblie un article sur cette question dans la New Zuroher Zeitung du 13 oclobrè. Il cherche à démontrer que, pendant la guerre, on a essayé en Allema gne de réglementer de ce point de vue le commerce, de dé(inir rigoureusement, pour mieux les combattre, l'agiotage et le com merce par intermédiaires. Cette législation, rendue nécessaire par la guerre, ne peut subsister en temps de paix. Elle est trop théorique, ne tient pas assez compte des faits, des nécessités commerciales. Elle de mande à être remaniée. Les textes législatifs visant la spécula• tion sont au nombre de cinq : 1°. — Loi des prix maxima du 4 août 1914. 2  — Ordonnance contre la hausse exa gérée du 23 juillet 1915. 3° — Ordonnance contre les intermé diaires dans le commerce des objets d'a limentation et de première nécessité, du 24 juin 1916. 4° — Ordonnance contre la contrebande du 7 mars 1918. 5' — Ordonnance contre la hausse du 8 mai 1918. Cette ordonnance a embrassé toutes les dispositions précédentes. La spéculation s'y trouve clairement dé finie. « Est puni celui qui, pour des objets d'usage courant, demande des prix conte nant un bénéfice exagéré, étant tenu compte d'ailleurs de toutes les circonstan ces ; ainsi que celui qui se fait garantir ou, promettre des prix semblables, soit pour lui, soit pour un autre ». Pour savoir si le bénéfice est exagéré ou non, la jurispru dence doit établir le bénéfice net. On 'dé falque donc : le prîte d'achat, les frais gé ce, conséquence de la guerre, interdisent de parler d'un prix courant. Or, c'est là un point de vue auquel il faut renoncer au jourd'hui, les prix courants existent pour beaucoup de produits ; si le commerçant souffre de la baisse, il doit pouvoir pro fiter aussi de la hausse. C'est à une nou velle loi, qu'il appartient de modifier cet état de choses ; car la jurisprudence ac tuelle ne peut que se conformer à l'ordon nance de mai 1918. Le syndicat central du commerce en gros a adressé au ministre d'Empire de la Justice une supplique : il demande qu'on ne puisso poursuivre pour spéculation le commerçant qui un conforme aux prix cou rants. L'existence de ces prix courants pourrait être vérifiée par les autorités im périales ou locales. Si la législation ne peut encore être changée, qu'on introdui se du moins cet élément d'appréciation i rlans le jugement des affaires de spécu lation. Les intermédiaires sont poursuivis, « Est puni celui qui fait monter inten tionnellement les prix des objets d'usage journalier par des machinations illicites, en particulier s'il sert d'intermédiaire. » Les tribunaux ont posé en principe que deux commerçants exerçant la même pro fession iie doivent, pas faite d'affaires en tre eux. Les objets dôivent passer du pro ducteur au consommateur d'un mouve ment coMinu. sans recul et sans arrêt. La cour suprême de l'Empire a d'ailleurs ap porté quelques adouciss,emenfs à l'appli cation rigoureuse de co principe .■ par exemple ùn commerçant en gros qui s'oc</index>
            <genre source="hm" time="2019-09-29T14:27:24.51+02:00">publicite</genre>
            <genre source="final">publicite</genre>
            <contenuImg CS="1" lang="en" source="hm" time="2020-04-08T18:12:46.95+02:00">car</contenuImg>
            <contenuImg CS="1" lang="en" source="hm" time="2020-04-08T18:14:34.052+02:00">boat</contenuImg>
          </ill>
          <ill classif="DFdnn" couleur="gris" edit="1" h="1591" n="3-4" pub="1" taille="3" w="1167" x="2638" y="4537">
            <contenuImg CS="0.99" h="222" l="157" sexe="P" source="dnn" x="410" y="20">face</contenuImg>
            <leg>il suffit de mettre de côté une partie de voire salaire et de</leg>
            <txt>DECENTRALISATION M. Charles ReLbel, sous-secrétaire d'Etat à la Présidence du Conseil, a fait à M. Marcel Hutin (Eoho de Paris) d'importan tes déclarations sur un vaste projet de dé centralisation administrative, actuellement à l'étude : - — Si je vois bien clair, monsieur le ministre, vous méditez de nous dnoner des capitales, mettons : des chefs-lieu de régions,avec à leur tète des super-préfets... — Hon. Mais des préfets régionaux. Ces pré fets régionaux pourront traàier différentes questions, pour lesquelles ils recevront des dù- légations des diverti ministères intéressés.   Co projet ne fera, en somme, que complé ter et. coordonner tout le mouvement qui s est jxroduit dans les divers domaines do l'activité, •tant au point de vue artistique et intellectuel qu'au point de vue économique et agricole, vers un régionalisme bien compris. Ainsi, l'Université de province sera alimentée par le budget de la région.' — Ce grand projet ne va-t-il pas coûter cher à la Nation 1 — Au contraire. Le régionaMsme permet tra la suppression de fonctionnaires du dé partement. On n'aura plus besoin, dans cha que préfeotae, par exemple, d'un ingénieur 1 en chef des poiits et chaussées et d'autres fonctionnaires, qui seront remplacés par des chefs de service. Nous comptons, d'autre part, grâce aux réformes que comporte ce projet, et par la suppression de fonctions inutiles, mieux rétribuer que dans le présent les fonctionnaires jugés indispensables. — Les sous-préfets ? *— Pas «l'ironie sur les four assura 1 avenir de vos enfants</txt>
            <index>il suffit de mettre de côté une partie de voire salaire et deDECENTRALISATION M. Charles ReLbel, sous-secrétaire d'Etat à la Présidence du Conseil, a fait à M. Marcel Hutin (Eoho de Paris) d'importan tes déclarations sur un vaste projet de dé centralisation administrative, actuellement à l'étude : - — Si je vois bien clair, monsieur le ministre, vous méditez de nous dnoner des capitales, mettons : des chefs-lieu de régions,avec à leur tète des super-préfets... — Hon. Mais des préfets régionaux. Ces pré fets régionaux pourront traàier différentes questions, pour lesquelles ils recevront des dù- légations des diverti ministères intéressés.   Co projet ne fera, en somme, que complé ter et. coordonner tout le mouvement qui s est jxroduit dans les divers domaines do l'activité, •tant au point de vue artistique et intellectuel qu'au point de vue économique et agricole, vers un régionalisme bien compris. Ainsi, l'Université de province sera alimentée par le budget de la région.' — Ce grand projet ne va-t-il pas coûter cher à la Nation 1 — Au contraire. Le régionaMsme permet tra la suppression de fonctionnaires du dé partement. On n'aura plus besoin, dans cha que préfeotae, par exemple, d'un ingénieur 1 en chef des poiits et chaussées et d'autres fonctionnaires, qui seront remplacés par des chefs de service. Nous comptons, d'autre part, grâce aux réformes que comporte ce projet, et par la suppression de fonctions inutiles, mieux rétribuer que dans le présent les fonctionnaires jugés indispensables. — Les sous-préfets ? *— Pas «l'ironie sur les four assura 1 avenir de vos enfants</index>
            <genre source="hm" time="2019-09-29T14:27:29.84+02:00">publicite</genre>
            <genre source="final">publicite</genre>
          </ill>
        </ills>
      </page>
      <page ordre="4">
        <nbMot>1210</nbMot>
        <blocTexte>419</blocTexte>
        <blocTab>0</blocTab>
        <blocPub>0</blocPub>
        <blocIllustration>5</blocIllustration>
        <ills>
          <ill couleur="gris" derniere="true" edit="1" h="381" n="4-1" pub="1" taille="0" w="728" x="1756" y="2503">
            <contenuImg CS="1" lang="fr" source="hm" time="2020-04-08T18:12:33.697+02:00">voiture</contenuImg>
            <leg>n LA NOUVELLE JiP</leg>
            <txt>Baaucoup de spectateurs et malgré les. for faits de la dernière heure énormément de chevaux hier, aux courses de Saint-Cloud. Le temps sec et froid nous a montré que nous étions en novembre, niais les spectateurs ne paraissaient pas s'en soucier. ' Riqueraque et Sorella ont été seules en course dans le prix des Alluets. La première a gagné par trois quarts de longueur. Les autres n'ont joué aucun rôle. J. Maidsn, dans le prix de Gaillon, n'a pas monté Charade avec beaucoup de bonheur, et la pouliche qui aurait dû gagner aisé ment, a commencé par mal prendre le dé part, puis par trouver difficilement le che min libre lors de son effort. Franconelli, qui semblait en, bonne posture pour gagner, a fai bli au trois quarts de la distance et Fruhins- holtz ee démenant comme un petit diable sur Hasebrouk, a atteint le poteau sans être re monté. Casino de Paris a pris la seconde place et c'est tout juste si Charade a pu ve nir coiffer Fadasse d'une courte tête à l'ar rivée pour le troisième accessit. J. Jennings a fait gagner fort joliment le prix des Essarts à Morava sur Come Along et Virgilien, que leurs jeunes cavaliers n'ont pas menés avec l'autorité nécessaire. Ce fut la victoire d'un jockey sur des apprentis. ■ Le prix de Saint-Martin-du-Chêne nous a montré une jolie course de Zorobabsl monté avec décision par R. Ferré. Le Pinard, sui vant sa coutume, a mené bon train, jusque dans les tournants où Ismen venait à ses cô tés, cependant que Zorobabel et Ni.oot se rap prochaient dan Vizir qui s'était détaché et qui a succombé aussitôt, ^laissant même passer devant lui Es- traval pwr la seconde place. \ 1 Saint-Frusquin. \ QUELQUES REMARQUES : MONTMWÎA1L n'a pas insisté pour prendre une place. ïj gagnera prochainement sur une distance un peu plus courte. ,ROSOLIH 1 vient en forme et sa prochaine sortie peut jiéserver une surprise. PRISE D'Â '3MES ne doit pas finir la saison sans gagner i.\a course. •vvfc PRIX DES A LCETS (à, vendre aux enchères), 4.000 francs, 80», mètres. — 1. Riqueraque, à M. E. L.idan-Bocl:air (liarsH) : 2. Sorella, à M. J. Fuma galll (O'Neill) ; » 3. Djakova, à M. Ed. Henri piet Sharpe). Non placés : Angloman II. Genièvre,-San tiago II. 3/4 do '.longueur, 2 longueurs. PRIX DE GAILlrON, 6.050 troncs, 000 mètres. — 1. Hasebrouck, à 3(t. A. Bag. de Puchesse (Fruhlns- Uolz) ; 2, Casino de ïParis, à Mme L. Galtier (Han- son). 3. Charade, à, M. G. Christophe (J. Maiden). Non placé6 : Dormltor, La Mitraille, My Star, La Tabatière, FranôiWeUi, Fadasse, Le Tank, Ba nale, P'tite Goulo, liueyrac. 3/4 de longueur, 1/2 longueur., \ PRIX DES ESSAitTS (à réclamer), 4.000 francs, 1.000 mètres. — 1. Morava, à M. G.-A. Bussac (J. Jennings) ; 2. Come Along, à M. G.-A. RepussaKl (ïîodhain) ; 3. Virgllftm à Mme la comtesse de Lesseps (C. Bouillon). Non places : Persia, Nimbée, Carnet, Orosmane, . Picïtichctte, Desmira, Evasion, Aubazine. 1/2 longueur, 1 .3/4 Uo longueur. PRIX DE SAINT-MARÎIN-DU-CHËNE, 10.000 tr„ 2.100 mètres. — i. Zorobubel, h M. Georges</txt>
            <index>n LA NOUVELLE JiPBaaucoup de spectateurs et malgré les. for faits de la dernière heure énormément de chevaux hier, aux courses de Saint-Cloud. Le temps sec et froid nous a montré que nous étions en novembre, niais les spectateurs ne paraissaient pas s'en soucier. ' Riqueraque et Sorella ont été seules en course dans le prix des Alluets. La première a gagné par trois quarts de longueur. Les autres n'ont joué aucun rôle. J. Maidsn, dans le prix de Gaillon, n'a pas monté Charade avec beaucoup de bonheur, et la pouliche qui aurait dû gagner aisé ment, a commencé par mal prendre le dé part, puis par trouver difficilement le che min libre lors de son effort. Franconelli, qui semblait en, bonne posture pour gagner, a fai bli au trois quarts de la distance et Fruhins- holtz ee démenant comme un petit diable sur Hasebrouk, a atteint le poteau sans être re monté. Casino de Paris a pris la seconde place et c'est tout juste si Charade a pu ve nir coiffer Fadasse d'une courte tête à l'ar rivée pour le troisième accessit. J. Jennings a fait gagner fort joliment le prix des Essarts à Morava sur Come Along et Virgilien, que leurs jeunes cavaliers n'ont pas menés avec l'autorité nécessaire. Ce fut la victoire d'un jockey sur des apprentis. ■ Le prix de Saint-Martin-du-Chêne nous a montré une jolie course de Zorobabsl monté avec décision par R. Ferré. Le Pinard, sui vant sa coutume, a mené bon train, jusque dans les tournants où Ismen venait à ses cô tés, cependant que Zorobabel et Ni.oot se rap prochaient dan Vizir qui s'était détaché et qui a succombé aussitôt, ^laissant même passer devant lui Es- traval pwr la seconde place. \ 1 Saint-Frusquin. \ QUELQUES REMARQUES : MONTMWÎA1L n'a pas insisté pour prendre une place. ïj gagnera prochainement sur une distance un peu plus courte. ,ROSOLIH 1 vient en forme et sa prochaine sortie peut jiéserver une surprise. PRISE D'Â '3MES ne doit pas finir la saison sans gagner i.\a course. •vvfc PRIX DES A LCETS (à, vendre aux enchères), 4.000 francs, 80», mètres. — 1. Riqueraque, à M. E. L.idan-Bocl:air (liarsH) : 2. Sorella, à M. J. Fuma galll (O'Neill) ; » 3. Djakova, à M. Ed. Henri piet Sharpe). Non placés : Angloman II. Genièvre,-San tiago II. 3/4 do '.longueur, 2 longueurs. PRIX DE GAILlrON, 6.050 troncs, 000 mètres. — 1. Hasebrouck, à 3(t. A. Bag. de Puchesse (Fruhlns- Uolz) ; 2, Casino de ïParis, à Mme L. Galtier (Han- son). 3. Charade, à, M. G. Christophe (J. Maiden). Non placé6 : Dormltor, La Mitraille, My Star, La Tabatière, FranôiWeUi, Fadasse, Le Tank, Ba nale, P'tite Goulo, liueyrac. 3/4 de longueur, 1/2 longueur., \ PRIX DES ESSAitTS (à réclamer), 4.000 francs, 1.000 mètres. — 1. Morava, à M. G.-A. Bussac (J. Jennings) ; 2. Come Along, à M. G.-A. RepussaKl (ïîodhain) ; 3. Virgllftm à Mme la comtesse de Lesseps (C. Bouillon). Non places : Persia, Nimbée, Carnet, Orosmane, . Picïtichctte, Desmira, Evasion, Aubazine. 1/2 longueur, 1 .3/4 Uo longueur. PRIX DE SAINT-MARÎIN-DU-CHËNE, 10.000 tr„ 2.100 mètres. — i. Zorobubel, h M. Georges</index>
            <genre source="hm" time="2019-09-29T14:27:16.337+02:00">publicite</genre>
            <genre source="final">publicite</genre>
            <contenuImg CS="1" lang="en" source="hm" time="2020-04-08T18:12:33.697+02:00">car</contenuImg>
          </ill>
        </ills>
      </page>
    </pages>
  </contenus>
</analyseAlto>