<analyseAlto>
  <metad>
    <type>P</type>
    <ID>bpt6k7515073</ID>
    <titre>Le Siècle</titre>
    <dateEdition>1920-04-12</dateEdition>
    <nbPage>4</nbPage>
    <suppl>FALSE</suppl>
  </metad>
  <contenus>
    <largeur>357</largeur>
    <hauteur>539</hauteur>
    <pages>
      <page ordre="1">
        <nbMot>606</nbMot>
        <blocTexte>29</blocTexte>
        <blocTab>0</blocTab>
        <blocPub>0</blocPub>
        <blocIllustration>1</blocIllustration>
        <ills/>
      </page>
      <page ordre="2">
        <nbMot>790</nbMot>
        <blocTexte>61</blocTexte>
        <blocTab>0</blocTab>
        <blocPub>0</blocPub>
        <blocIllustration>2</blocIllustration>
        <ills/>
      </page>
      <page ordre="3">
        <nbMot>669</nbMot>
        <blocTexte>36</blocTexte>
        <blocTab>0</blocTab>
        <blocPub>0</blocPub>
        <blocIllustration>2</blocIllustration>
        <ills/>
      </page>
      <page ordre="4">
        <nbMot>1014</nbMot>
        <blocTexte>434</blocTexte>
        <blocTab>0</blocTab>
        <blocPub>0</blocPub>
        <blocIllustration>5</blocIllustration>
        <ills>
          <ill couleur="gris" derniere="true" edit="1" h="1454" n="4-3" pub="1" taille="3" w="1468" x="2588" y="4094">
            <contenuImg CS="1" lang="fr" source="hm" time="2020-04-08T18:10:55.739+02:00">camion</contenuImg>
            <txt>MATERIEL   MACHINES ENTREPOSÉS EN ANGLETERRE Comprefiani : Un grand nombre do MACHINES, de l w Ordre, Neuves et presque Neuves, telles que i MACHINES-OUTILS « TOURS MACHINES à rectifier, à polir, à fraiser, à percer INSTALLATION DE Pompage SEPARATEURS d'Huiles. « FOURS à Gaz MOTEURS Electriques, etc., etc. Ces VENTES auront lieu à 3 i° Richborongh, Sandwich, Ken t, le 13 Avril 1920. - Pour le» CATALOGUES et RENSEIGNEMENTS, l'adrener aux CommUsnlrn-Prt. teurt : mm. l 'OIiEK, HORSEY Sons et CASSELL, il, militer SQuare, LONDRES. 2° Edmonton Thos Glover ©t C je, Gothuç Works. Angel Road, Lon dres, la 7 Avril 1920. 3° Slougji Mechanicai Transport Depot, près de tondreSjprochai* nement. Pour let CATALOGUES et IWXSZ1GNEMÏÏNTS, s'adremèr oyat Commlssalret-PrU leur» r MM. BRADSHAW ÇBOWN «ad Co, BiUltcr Square Building*, BiUiter Square, IQNDBES B* C. 3, , ^ 4° Pcmders End -National Ordnanoè Fsctory, près de Ixndres, prochadnement. ' Pour le* CATALOGUES et tous le* RENSEIGNEMENTS, a'a/Lretner aux Commit- saires-Prieeurt ; Mit., FUIiER, HpRSEY ' Sous et CASSgLL, il, Billltcr Square, LQN- DRhSf E» C» 3«</txt>
            <index>MATERIEL   MACHINES ENTREPOSÉS EN ANGLETERRE Comprefiani : Un grand nombre do MACHINES, de l w Ordre, Neuves et presque Neuves, telles que i MACHINES-OUTILS « TOURS MACHINES à rectifier, à polir, à fraiser, à percer INSTALLATION DE Pompage SEPARATEURS d'Huiles. « FOURS à Gaz MOTEURS Electriques, etc., etc. Ces VENTES auront lieu à 3 i° Richborongh, Sandwich, Ken t, le 13 Avril 1920. - Pour le» CATALOGUES et RENSEIGNEMENTS, l'adrener aux CommUsnlrn-Prt. teurt : mm. l 'OIiEK, HORSEY Sons et CASSELL, il, militer SQuare, LONDRES. 2° Edmonton Thos Glover ©t C je, Gothuç Works. Angel Road, Lon dres, la 7 Avril 1920. 3° Slougji Mechanicai Transport Depot, près de tondreSjprochai* nement. Pour let CATALOGUES et IWXSZ1GNEMÏÏNTS, s'adremèr oyat Commlssalret-PrU leur» r MM. BRADSHAW ÇBOWN «ad Co, BiUltcr Square Building*, BiUiter Square, IQNDBES B* C. 3, , ^ 4° Pcmders End -National Ordnanoè Fsctory, près de Ixndres, prochadnement. ' Pour le* CATALOGUES et tous le* RENSEIGNEMENTS, a'a/Lretner aux Commit- saires-Prieeurt ; Mit., FUIiER, HpRSEY ' Sous et CASSgLL, il, Billltcr Square, LQN- DRhSf E» C» 3«</index>
            <genre source="hm" time="2019-09-29T14:16:53.104+02:00">publicite</genre>
            <genre source="final">publicite</genre>
            <contenuImg CS="1" lang="en" source="hm" time="2020-04-08T18:10:55.739+02:00">truck</contenuImg>
          </ill>
        </ills>
      </page>
    </pages>
  </contenus>
</analyseAlto>