<doc>
  <metad>
    <type>P</type>
    <ID>bpt6k749333z</ID>
    <titre>Le Siècle</titre>
    <dateEdition>1914-03-26</dateEdition>
    <nbPage>6</nbPage>
    <suppl>FALSE</suppl>
  </metad>
  <contenus>
    <largeur>432</largeur>
    <hauteur>602</hauteur>
    <pages>
      <page ordre="1">
        <nbMot>938</nbMot>
        <blocTexte>22</blocTexte>
        <blocTab>0</blocTab>
        <blocPub>0</blocPub>
        <blocIllustration>4</blocIllustration>
        <ills/>
      </page>
      <page ordre="2">
        <nbMot>1078</nbMot>
        <blocTexte>17</blocTexte>
        <blocTab>0</blocTab>
        <blocPub>0</blocPub>
        <blocIllustration>0</blocIllustration>
      </page>
      <page ordre="3">
        <nbMot>938</nbMot>
        <blocTexte>42</blocTexte>
        <blocTab>0</blocTab>
        <blocPub>0</blocPub>
        <blocIllustration>11</blocIllustration>
        <ills>
          <ill classif="DFdnn" couleur="gris" edit="1" h="345" n="3-4" pub="1" taille="0" w="691" x="2612" y="2686">
            <contenuImg CS="1" lang="fr" source="hm" time="2020-04-08T18:08:02.061+02:00">moto</contenuImg>
            <leg>La SSÉvéistioh tSé S'Année La Moto TH8MANN 1914 construite par la célèbre marque de CYCLES triomphatrice de BORDEAUX - PARIS *913 Catalogue franco sur demanda aux -U»in«s TWOIVIAJVJV, NATTERRE i i LES COURSES</leg>
            <txt>dayer et.Bjjron o,.Albinet et Perrard a. couot.</txt>
            <index>La SSÉvéistioh tSé S'Année La Moto TH8MANN 1914 construite par la célèbre marque de CYCLES triomphatrice de BORDEAUX - PARIS *913 Catalogue franco sur demanda aux -U»in«s TWOIVIAJVJV, NATTERRE i i LES COURSESdayer et.Bjjron o,.Albinet et Perrard a. couot.</index>
            <genre source="hm" time="2019-09-29T14:07:42.676+02:00">publicite</genre>
            <genre source="final">publicite</genre>
            <contenuImg CS="1" lang="en" source="hm" time="2020-04-08T18:08:02.061+02:00">motorcycle</contenuImg>
          </ill>
        </ills>
      </page>
      <page ordre="4">
        <nbMot>2021</nbMot>
        <blocTexte>945</blocTexte>
        <blocTab>0</blocTab>
        <blocPub>0</blocPub>
        <blocIllustration>0</blocIllustration>
      </page>
      <page ordre="5">
        <nbMot>889</nbMot>
        <blocTexte>29</blocTexte>
        <blocTab>0</blocTab>
        <blocPub>0</blocPub>
        <blocIllustration>15</blocIllustration>
        <ills/>
      </page>
      <page ordre="6">
        <nbMot>954</nbMot>
        <blocTexte>35</blocTexte>
        <blocTab>0</blocTab>
        <blocPub>0</blocPub>
        <blocIllustration>1</blocIllustration>
        <ills/>
      </page>
    </pages>
  </contenus>
</doc>