<doc>
  <metad>
    <type>P</type>
    <ID>bpt6k751362n</ID>
    <titre>Le Siècle</titre>
    <dateEdition>1919-10-28</dateEdition>
    <nbPage>4</nbPage>
    <suppl>FALSE</suppl>
  </metad>
  <contenus>
    <largeur>357</largeur>
    <hauteur>531</hauteur>
    <pages>
      <page ordre="1">
        <nbMot>596</nbMot>
        <blocTexte>21</blocTexte>
        <blocTab>0</blocTab>
        <blocPub>0</blocPub>
        <blocIllustration>0</blocIllustration>
      </page>
      <page ordre="2">
        <nbMot>747</nbMot>
        <blocTexte>27</blocTexte>
        <blocTab>0</blocTab>
        <blocPub>0</blocPub>
        <blocIllustration>6</blocIllustration>
        <ills/>
      </page>
      <page ordre="3">
        <nbMot>624</nbMot>
        <blocTexte>29</blocTexte>
        <blocTab>0</blocTab>
        <blocPub>0</blocPub>
        <blocIllustration>6</blocIllustration>
        <ills>
          <ill couleur="gris" edit="1" h="875" n="3-4" pub="1" taille="2" w="1278" x="2722" y="4177">
            <contenuImg CS="1" lang="fr" source="hm" time="2020-04-08T18:10:01.598+02:00">camion</contenuImg>
            <leg>NOUVEAU C.B.A</leg>
            <txt>' 03 - A SOUS-SECRETARIAT D'ETAT A LA LIQUIDATION DES STOCKS 19 bis. Boulevard DELESSBRT. PARIS piVl») — Téléphone : Passy 06-55. OS-H. 08.85 * VENTE N  119 à PARIS (an Ch ili? de Mars) de MOTOCYCLEI TES AMÉRICAINES comprenant : 69 MOTOCYCLETTES AVEC SIPE-CAR (Harley-DavWson). 46 MOTO' CYCLETTE3 (IncJian et Harley-Da vldson), 20 SIDE-CAR8. EXPOSITION PERMANENTE au CHAMP DE MARS, du 35 au 31 Octobre 1919, Jour de l'adjudication. RENSEIGNEMENTS au Parc de Vente ou 70, Avenue de la Bourdonnais, PARIS. Téléphone : SAXE T6-S7. m î I</txt>
            <index>NOUVEAU C.B.A' 03 - A SOUS-SECRETARIAT D'ETAT A LA LIQUIDATION DES STOCKS 19 bis. Boulevard DELESSBRT. PARIS piVl») — Téléphone : Passy 06-55. OS-H. 08.85 * VENTE N  119 à PARIS (an Ch ili? de Mars) de MOTOCYCLEI TES AMÉRICAINES comprenant : 69 MOTOCYCLETTES AVEC SIPE-CAR (Harley-DavWson). 46 MOTO' CYCLETTE3 (IncJian et Harley-Da vldson), 20 SIDE-CAR8. EXPOSITION PERMANENTE au CHAMP DE MARS, du 35 au 31 Octobre 1919, Jour de l'adjudication. RENSEIGNEMENTS au Parc de Vente ou 70, Avenue de la Bourdonnais, PARIS. Téléphone : SAXE T6-S7. m î I</index>
            <genre source="hm" time="2019-09-29T14:11:11.57+02:00">publicite</genre>
            <genre source="final">publicite</genre>
            <contenuImg CS="1" lang="en" source="hm" time="2020-04-08T18:10:01.598+02:00">truck</contenuImg>
          </ill>
        </ills>
      </page>
      <page ordre="4">
        <nbMot>1342</nbMot>
        <blocTexte>310</blocTexte>
        <blocTab>0</blocTab>
        <blocPub>0</blocPub>
        <blocIllustration>0</blocIllustration>
      </page>
    </pages>
  </contenus>
</doc>