<doc>
  <metad>
    <type>P</type>
    <ID>bpt6k7517473</ID>
    <titre>Le Siècle</titre>
    <dateEdition>1920-12-09</dateEdition>
    <nbPage>4</nbPage>
    <suppl>FALSE</suppl>
  </metad>
  <contenus>
    <largeur>354</largeur>
    <hauteur>537</hauteur>
    <pages>
      <page ordre="1">
        <nbMot>618</nbMot>
        <blocTexte>24</blocTexte>
        <blocTab>0</blocTab>
        <blocPub>0</blocPub>
        <blocIllustration>0</blocIllustration>
      </page>
      <page ordre="2">
        <nbMot>789</nbMot>
        <blocTexte>29</blocTexte>
        <blocTab>0</blocTab>
        <blocPub>0</blocPub>
        <blocIllustration>10</blocIllustration>
        <ills>
          <ill classif="DFdnn" couleur="gris" edit="1" h="493" n="2-7" pub="1" taille="0" w="752" x="3366" y="1999">
            <leg>SERJiUS La Belle DHERLYS</leg>
            <txt>Une « générale » au cinéma Les présentations cte films sont maintenant suivies par un puhlic de plus en plus nombreux qui n'est pas seulement composé d'exploitants. Gens de théâtre, gens de lettres et gens du monde' aussi se lèvent tôt pour venir à dix heures assister aux péripéties les plus diverses et aux histoires d'amour les plus semblables. Et on fait U chasse aux invitations comme aux recherchés services dés répétitions géné rales. . M. Raoul Audier, qui a fait tourner Pour 'dàn Carlos, par Mlle Musidora ' et Mv ' Tarride, va -présenter dans des conditions i spéciales le film tiré du . roman de M. Pierre Benoit. Soif aux Champs-Elysées, soit sur les boulevards, le directeur de la Potinière va convoquer dans une salle assa? vaste les critiques cinématogra phiques, les critiques dramatiques et les criti ques littéraires, pour leur permettre da louer, dans des chroniques, le travail de ses colla borateurs'. Quant aux directeurs et propriétai res de cinématographes, ils seront également conviés à venir louer Se film pour Je passer dans 'leurs établissements. - • JAÇQUES FLOHAîiGB. COMMUNIQUÉS: * Optra. L'Opéra anaon.ee pour vendredi une re présentation de « Thaïs ».  fui s,ira partlcnliêmaeni intéressante en ce que Mlle Véoirt y interprétera, Ptfua - la premifiro lois sur cette scène, le rûle prin cipal aux cotés da M. Cardan, tio retour fl'AœS- rtaue, après une brillante saison française. Opéra-Comique. — Mme .Maugiierite' Carré repa raîtra. demain en mâtiné», dans le râle A :L'OPÉRA '    fc ( JEUDI, GAMSOI, DIMANCHE A 3 heures « i concerts pasdelgup s nir ilfif.SÎAVil wfi l'te dis qu'elle t'a fait 1 JïLillu ll*l I tlh a'I'oiil t continue sa c-iirrlèra. (Tiomphulo. Ce Joyeux viiudevllle rallie décidément tous les suffrages. Dismatn, niatlnio à 2 li, 30.</txt>
            <index>SERJiUS La Belle DHERLYSUne « générale » au cinéma Les présentations cte films sont maintenant suivies par un puhlic de plus en plus nombreux qui n'est pas seulement composé d'exploitants. Gens de théâtre, gens de lettres et gens du monde' aussi se lèvent tôt pour venir à dix heures assister aux péripéties les plus diverses et aux histoires d'amour les plus semblables. Et on fait U chasse aux invitations comme aux recherchés services dés répétitions géné rales. . M. Raoul Audier, qui a fait tourner Pour 'dàn Carlos, par Mlle Musidora ' et Mv ' Tarride, va -présenter dans des conditions i spéciales le film tiré du . roman de M. Pierre Benoit. Soif aux Champs-Elysées, soit sur les boulevards, le directeur de la Potinière va convoquer dans une salle assa? vaste les critiques cinématogra phiques, les critiques dramatiques et les criti ques littéraires, pour leur permettre da louer, dans des chroniques, le travail de ses colla borateurs'. Quant aux directeurs et propriétai res de cinématographes, ils seront également conviés à venir louer Se film pour Je passer dans 'leurs établissements. - • JAÇQUES FLOHAîiGB. COMMUNIQUÉS: * Optra. L'Opéra anaon.ee pour vendredi une re présentation de « Thaïs ».  fui s,ira partlcnliêmaeni intéressante en ce que Mlle Véoirt y interprétera, Ptfua - la premifiro lois sur cette scène, le rûle prin cipal aux cotés da M. Cardan, tio retour fl'AœS- rtaue, après une brillante saison française. Opéra-Comique. — Mme .Maugiierite' Carré repa raîtra. demain en mâtiné», dans le râle A :L'OPÉRA '    fc ( JEUDI, GAMSOI, DIMANCHE A 3 heures « i concerts pasdelgup s nir ilfif.SÎAVil wfi l'te dis qu'elle t'a fait 1 JïLillu ll*l I tlh a'I'oiil t continue sa c-iirrlèra. (Tiomphulo. Ce Joyeux viiudevllle rallie décidément tous les suffrages. Dismatn, niatlnio à 2 li, 30.</index>
            <genre source="hm" time="2019-09-29T14:29:27.867+02:00">publicite</genre>
            <genre source="final">publicite</genre>
          </ill>
        </ills>
      </page>
      <page ordre="3">
        <nbMot>773</nbMot>
        <blocTexte>27</blocTexte>
        <blocTab>0</blocTab>
        <blocPub>0</blocPub>
        <blocIllustration>4</blocIllustration>
        <ills>
          <ill couleur="gris" edit="1" h="462" n="3-4" pub="1" taille="0" w="466" x="3604" y="5300">
            <leg>lifcN    «U. Ni v fSMC0 lange ut/.., 3û~ - Pri^. ;.. S.7S. . .. r*^R!X SAm PRÉCÉDENTS  ftei(éfedtai éteiîcE itbs3!it$estfitriquê aveedes matMiux de PREMIER CtiOIK,!îS p:i«!i et les fcarteàax soAtEMnERÊfitNTe^ CUIVHESdefaTneaiTOiîeschapi'ieMSOftte.tCyiVRWASiL 1</leg>
            <txt>1   4-MAISO NS ce VENTE A PARIS mtSONOE UEMTË PIfINC/PA LS: l25.Sue Lecourbs PAPlfi LITT0UT CUIVRE Gros Pifieis wrés '■ -.'-'-s, HooêLB U.N</txt>
            <index>lifcN    «U. Ni v fSMC0 lange ut/.., 3û~ - Pri^. ;.. S.7S. . .. r*^R!X SAm PRÉCÉDENTS  ftei(éfedtai éteiîcE itbs3!it$estfitriquê aveedes matMiux de PREMIER CtiOIK,!îS p:i«!i et les fcarteàax soAtEMnERÊfitNTe^ CUIVHESdefaTneaiTOiîeschapi'ieMSOftte.tCyiVRWASiL 11   4-MAISO NS ce VENTE A PARIS mtSONOE UEMTË PIfINC/PA LS: l25.Sue Lecourbs PAPlfi LITT0UT CUIVRE Gros Pifieis wrés '■ -.'-'-s, HooêLB U.N</index>
            <genre source="hm" time="2019-09-29T14:29:29.112+02:00">publicite</genre>
            <genre source="final">publicite</genre>
          </ill>
        </ills>
      </page>
      <page ordre="4">
        <nbMot>1149</nbMot>
        <blocTexte>365</blocTexte>
        <blocTab>0</blocTab>
        <blocPub>0</blocPub>
        <blocIllustration>2</blocIllustration>
        <ills/>
      </page>
    </pages>
  </contenus>
</doc>