<analyseAlto>
  <metad>
    <type>P</type>
    <ID>bpt6k751732v</ID>
    <titre>Le Siècle</titre>
    <dateEdition>1920-11-24</dateEdition>
    <nbPage>4</nbPage>
    <suppl>FALSE</suppl>
  </metad>
  <contenus>
    <largeur>357</largeur>
    <hauteur>541</hauteur>
    <pages>
      <page ordre="1">
        <nbMot>606</nbMot>
        <blocTexte>37</blocTexte>
        <blocTab>0</blocTab>
        <blocPub>0</blocPub>
        <blocIllustration>0</blocIllustration>
      </page>
      <page ordre="2">
        <nbMot>777</nbMot>
        <blocTexte>35</blocTexte>
        <blocTab>0</blocTab>
        <blocPub>0</blocPub>
        <blocIllustration>3</blocIllustration>
        <ills/>
      </page>
      <page ordre="3">
        <nbMot>663</nbMot>
        <blocTexte>51</blocTexte>
        <blocTab>0</blocTab>
        <blocPub>0</blocPub>
        <blocIllustration>6</blocIllustration>
        <ills>
          <ill classif="DFdnn" couleur="gris" edit="1" h="793" n="3-5" pub="1" taille="1" w="723" x="3381" y="5038">
            <contenuImg CS="1" lang="fr" source="hm" time="2020-04-08T18:14:46.295+02:00">bateau</contenuImg>
            <contenuImg CS="1" lang="fr" source="hm" time="2020-04-08T18:13:21.449+02:00">voiture</contenuImg>
            <leg>ttl £</leg>
            <txt>îenir compte du premier conpoji plein de S fr« que l'on touche deux mois plus tard. Lo premier versement peut être fait en l'une quelconque des valeurs admises à la souscrip tion : rentes de guerre, bons de la Défense, etc. Les trois autres versements doivent être faits obligatoirement en numéraire. Grâce à ces dispositions, ceux dont la tré sorerie est momentanément gênée, ainsi que les modestes épargnants qui veulent consa crer à la souscription une part do leur sa laire peuvent eux aussi bénéficier des avan tages incontestables que réunit la nouvelle •rente. , Art et Curiosité Ventes à l'Hôtel Drouot, salle 6, collection Mélingue, tableaux, dessins, bronzes (M° Le* Ricque) ; salle 7, porcelaines de Chine, bronwJ zes (M° Baudoin). Exposition, salle 1 : Beaux ■ meubles de style (M® Lair-Dubreuil) ; salle 11, collection Fordyce, tableaux, estampes du XVIII» siècle, objets de vitrine, bronzes, meu bles anciens, bijoux, argenterie (M 0 Kémard, MM. Pauline et Lasquin).</txt>
            <index>ttl £îenir compte du premier conpoji plein de S fr« que l'on touche deux mois plus tard. Lo premier versement peut être fait en l'une quelconque des valeurs admises à la souscrip tion : rentes de guerre, bons de la Défense, etc. Les trois autres versements doivent être faits obligatoirement en numéraire. Grâce à ces dispositions, ceux dont la tré sorerie est momentanément gênée, ainsi que les modestes épargnants qui veulent consa crer à la souscription une part do leur sa laire peuvent eux aussi bénéficier des avan tages incontestables que réunit la nouvelle •rente. , Art et Curiosité Ventes à l'Hôtel Drouot, salle 6, collection Mélingue, tableaux, dessins, bronzes (M° Le* Ricque) ; salle 7, porcelaines de Chine, bronwJ zes (M° Baudoin). Exposition, salle 1 : Beaux ■ meubles de style (M® Lair-Dubreuil) ; salle 11, collection Fordyce, tableaux, estampes du XVIII» siècle, objets de vitrine, bronzes, meu bles anciens, bijoux, argenterie (M 0 Kémard, MM. Pauline et Lasquin).</index>
            <genre source="hm" time="2019-09-29T14:29:08.688+02:00">publicite</genre>
            <genre source="final">publicite</genre>
            <contenuImg CS="1" lang="en" source="hm" time="2020-04-08T18:13:21.449+02:00">car</contenuImg>
            <contenuImg CS="1" lang="en" source="hm" time="2020-04-08T18:14:46.295+02:00">boat</contenuImg>
          </ill>
        </ills>
      </page>
      <page ordre="4">
        <nbMot>986</nbMot>
        <blocTexte>342</blocTexte>
        <blocTab>0</blocTab>
        <blocPub>0</blocPub>
        <blocIllustration>5</blocIllustration>
        <ills/>
      </page>
    </pages>
  </contenus>
</analyseAlto>