<analyseAlto>
  <metad>
    <type>P</type>
    <ID>bpt6k751529j</ID>
    <titre>Le Siècle</titre>
    <dateEdition>1920-05-04</dateEdition>
    <nbPage>4</nbPage>
    <suppl>FALSE</suppl>
  </metad>
  <contenus>
    <largeur>355</largeur>
    <hauteur>536</hauteur>
    <pages>
      <page ordre="1">
        <nbMot>585</nbMot>
        <blocTexte>33</blocTexte>
        <blocTab>0</blocTab>
        <blocPub>0</blocPub>
        <blocIllustration>1</blocIllustration>
        <ills/>
      </page>
      <page ordre="2">
        <nbMot>787</nbMot>
        <blocTexte>28</blocTexte>
        <blocTab>0</blocTab>
        <blocPub>0</blocPub>
        <blocIllustration>0</blocIllustration>
      </page>
      <page ordre="3">
        <nbMot>815</nbMot>
        <blocTexte>23</blocTexte>
        <blocTab>0</blocTab>
        <blocPub>0</blocPub>
        <blocIllustration>2</blocIllustration>
        <ills>
          <ill classif="DFdnn" couleur="gris" edit="1" h="241" n="3-1" pub="1" taille="0" w="678" x="3341" y="5151">
            <leg>ET POUCE...</leg>
            <txt>Ax vei  te à PAR 15-^1 Cl - MAX ViTERBO 1 JUSTICE</txt>
            <index>ET POUCE...Ax vei  te à PAR 15-^1 Cl - MAX ViTERBO 1 JUSTICE</index>
            <genre source="hm" time="2019-09-29T14:21:38.42+02:00">publicite</genre>
            <genre source="final">publicite</genre>
          </ill>
        </ills>
      </page>
      <page ordre="4">
        <nbMot>1240</nbMot>
        <blocTexte>420</blocTexte>
        <blocTab>0</blocTab>
        <blocPub>0</blocPub>
        <blocIllustration>1</blocIllustration>
        <ills/>
      </page>
    </pages>
  </contenus>
</analyseAlto>