<analyseAlto>
  <metad>
    <type>P</type>
    <ID>bpt6k749300s</ID>
    <titre>Le Siècle</titre>
    <dateEdition>1914-02-21</dateEdition>
    <nbPage>4</nbPage>
    <suppl>FALSE</suppl>
  </metad>
  <contenus>
    <largeur>435</largeur>
    <hauteur>603</hauteur>
    <pages>
      <page ordre="1">
        <nbMot>905</nbMot>
        <blocTexte>34</blocTexte>
        <blocTab>0</blocTab>
        <blocPub>0</blocPub>
        <blocIllustration>4</blocIllustration>
        <ills/>
      </page>
      <page ordre="2">
        <nbMot>1035</nbMot>
        <blocTexte>32</blocTexte>
        <blocTab>0</blocTab>
        <blocPub>0</blocPub>
        <blocIllustration>0</blocIllustration>
      </page>
      <page ordre="3">
        <nbMot>1093</nbMot>
        <blocTexte>43</blocTexte>
        <blocTab>0</blocTab>
        <blocPub>0</blocPub>
        <blocIllustration>2</blocIllustration>
        <ills>
          <ill classif="DFdnn" couleur="gris" edit="1" h="928" n="3-1" pub="1" taille="1" w="606" x="982" y="5290">
            <leg>Livraisons journalières à domicile dans Paris. BIÈRE-CHOPE : Le panier de 15 litres*»*»»*.»* BIÈRE-BOCK :</leg>
            <txt>—o—■ Ecole des Hautes Etudes Sociales. — M. Prayssinet, député, fera aujourd'hui samedi,   cinq heures et demie, à l'Ecole des Hautes Etu des Sociales, 16, rue de la Sorbonne, une con férence sur Le programme de la Fédération des gauches aux élections de 1914. \ —o— Visite-conférence au musée de Saint- Germain. — Le docteur Capitan, professeur au Collège de France, dirigera demain dimanche, à dix heures précises, une visite du musée des antiquités nationales de Saint-Germain. Ren dez-vous à 8 h. 45, gare Saint-Lazare, ou à 10 h., a la porte du musée. _o— ; Foi et Vie. — Demain dimanche, à cinq heures, 44, rue de Rennes : Ignace de Loyola, par M. Desdenises du Dézert, doyen de la Faculié des lettres de Clermont-Ferrand. -r-o— Le bal annuel de l'Association des an ciens élèves de l'Escadron de Saint-Georges sera donné salle nouvelle, 199, rue Saint-Mar tin, aujourd'hui samedi. Il sera précédé d'un concert, lequel commencera   21 h. 80  = BÏÎVEZ=! la Bière KARCHER La plus agréable au goût La pins saine pour Vestomac Recommandée par les Hygiénistes parce que SA QUALITÉ EST GARANTIE Envoi sur demande . de l'analyse du Laboratoire Municipal.</txt>
            <index>Livraisons journalières à domicile dans Paris. BIÈRE-CHOPE : Le panier de 15 litres*»*»»*.»* BIÈRE-BOCK :—o—■ Ecole des Hautes Etudes Sociales. — M. Prayssinet, député, fera aujourd'hui samedi,   cinq heures et demie, à l'Ecole des Hautes Etu des Sociales, 16, rue de la Sorbonne, une con férence sur Le programme de la Fédération des gauches aux élections de 1914. \ —o— Visite-conférence au musée de Saint- Germain. — Le docteur Capitan, professeur au Collège de France, dirigera demain dimanche, à dix heures précises, une visite du musée des antiquités nationales de Saint-Germain. Ren dez-vous à 8 h. 45, gare Saint-Lazare, ou à 10 h., a la porte du musée. _o— ; Foi et Vie. — Demain dimanche, à cinq heures, 44, rue de Rennes : Ignace de Loyola, par M. Desdenises du Dézert, doyen de la Faculié des lettres de Clermont-Ferrand. -r-o— Le bal annuel de l'Association des an ciens élèves de l'Escadron de Saint-Georges sera donné salle nouvelle, 199, rue Saint-Mar tin, aujourd'hui samedi. Il sera précédé d'un concert, lequel commencera   21 h. 80  = BÏÎVEZ=! la Bière KARCHER La plus agréable au goût La pins saine pour Vestomac Recommandée par les Hygiénistes parce que SA QUALITÉ EST GARANTIE Envoi sur demande . de l'analyse du Laboratoire Municipal.</index>
            <genre source="hm" time="2019-09-29T14:07:24.596+02:00">publicite</genre>
            <genre source="final">publicite</genre>
          </ill>
        </ills>
      </page>
      <page ordre="4">
        <nbMot>2034</nbMot>
        <blocTexte>1113</blocTexte>
        <blocTab>0</blocTab>
        <blocPub>0</blocPub>
        <blocIllustration>0</blocIllustration>
      </page>
    </pages>
  </contenus>
</analyseAlto>