<analyseAlto>
  <metad>
    <type>P</type>
    <ID>bpt6k751737r</ID>
    <titre>Le Siècle</titre>
    <dateEdition>1920-11-29</dateEdition>
    <nbPage>4</nbPage>
    <suppl>FALSE</suppl>
  </metad>
  <contenus>
    <largeur>360</largeur>
    <hauteur>541</hauteur>
    <pages>
      <page ordre="1">
        <nbMot>611</nbMot>
        <blocTexte>26</blocTexte>
        <blocTab>0</blocTab>
        <blocPub>0</blocPub>
        <blocIllustration>0</blocIllustration>
      </page>
      <page ordre="2">
        <nbMot>749</nbMot>
        <blocTexte>46</blocTexte>
        <blocTab>0</blocTab>
        <blocPub>0</blocPub>
        <blocIllustration>3</blocIllustration>
        <ills/>
      </page>
      <page ordre="3">
        <nbMot>598</nbMot>
        <blocTexte>38</blocTexte>
        <blocTab>0</blocTab>
        <blocPub>0</blocPub>
        <blocIllustration>6</blocIllustration>
        <ills>
          <ill classif="DFdnn" couleur="gris" edit="1" h="821" n="3-3" pub="1" taille="0" w="442" x="2282" y="3087">
            <contenuImg CS="0.95" h="140" l="90" sexe="P" source="dnn" x="147" y="80">face</contenuImg>
            <leg>vachette, box' noir cousu façon main 39«46   1 VO1ïu 4 =sS 2^ , / ypfr - SOLDEAjZ- C omplet veston droit draperiewataisie i3ô.lSonS_. 16 J ISanS</leg>
            <txt>.B ottes lacets ou Loufou filleU» iSeqt S oloe'E-S 0OL RQ jersey purt laine manches lonqtits.bbne.bti'ge. gris, vaféiti' ÇRANO CHOIX de COSTUMES TAl LLEUR,deROBESpour DAMES a de VETEMENTS pour F» LUETTES Si i4oiw SOLDÉS AVEC UN RABAIS CONSIDERABLE</txt>
            <index>vachette, box' noir cousu façon main 39«46   1 VO1ïu 4 =sS 2^ , / ypfr - SOLDEAjZ- C omplet veston droit draperiewataisie i3ô.lSonS_. 16 J ISanS.B ottes lacets ou Loufou filleU» iSeqt S oloe'E-S 0OL RQ jersey purt laine manches lonqtits.bbne.bti'ge. gris, vaféiti' ÇRANO CHOIX de COSTUMES TAl LLEUR,deROBESpour DAMES a de VETEMENTS pour F» LUETTES Si i4oiw SOLDÉS AVEC UN RABAIS CONSIDERABLE</index>
            <genre source="hm" time="2019-09-29T14:30:23.123+02:00">publicite</genre>
            <genre source="final">publicite</genre>
          </ill>
          <ill classif="DFdnn" couleur="gris" edit="1" h="1383" n="3-4" pub="1" taille="2" w="841" x="3143" y="2222">
            <contenuImg CS="0.96" h="112" l="85" sexe="P" source="dnn" x="92" y="215">face</contenuImg>
            <contenuImg CS="0.99" h="127" l="102" sexe="P" source="dnn" x="510" y="52">face</contenuImg>
            <txt>1 vachette, box' noir cousu façon main 39«46   1 VO1ïu 4 =sS 2^ , / ypfr - SOLDEAjZ- C omplet veston droit draperiewataisie i3ô.lSonS_. 16 J ISanS</txt>
            <index>1 vachette, box' noir cousu façon main 39«46   1 VO1ïu 4 =sS 2^ , / ypfr - SOLDEAjZ- C omplet veston droit draperiewataisie i3ô.lSonS_. 16 J ISanS</index>
            <genre source="hm" time="2019-09-29T14:30:28.499+02:00">publicite</genre>
            <genre source="final">publicite</genre>
          </ill>
        </ills>
      </page>
      <page ordre="4">
        <nbMot>1172</nbMot>
        <blocTexte>393</blocTexte>
        <blocTab>0</blocTab>
        <blocPub>0</blocPub>
        <blocIllustration>3</blocIllustration>
        <ills>
          <ill classif="DFdnn" couleur="gris" derniere="true" edit="1" h="594" n="4-2" pub="1" taille="0" w="672" x="2642" y="3429">
            <index/>
            <genre source="hm" time="2019-09-29T14:30:26.621+02:00">publicite</genre>
            <genre source="final">publicite</genre>
          </ill>
        </ills>
      </page>
    </pages>
  </contenus>
</analyseAlto>