<doc>
  <metad>
    <type>P</type>
    <ID>bpt6k751698w</ID>
    <titre>Le Siècle</titre>
    <dateEdition>1920-10-21</dateEdition>
    <nbPage>4</nbPage>
    <suppl>FALSE</suppl>
  </metad>
  <contenus>
    <largeur>356</largeur>
    <hauteur>537</hauteur>
    <pages>
      <page ordre="1">
        <nbMot>597</nbMot>
        <blocTexte>37</blocTexte>
        <blocTab>0</blocTab>
        <blocPub>0</blocPub>
        <blocIllustration>1</blocIllustration>
        <ills/>
      </page>
      <page ordre="2">
        <nbMot>771</nbMot>
        <blocTexte>28</blocTexte>
        <blocTab>0</blocTab>
        <blocPub>0</blocPub>
        <blocIllustration>0</blocIllustration>
      </page>
      <page ordre="3">
        <nbMot>674</nbMot>
        <blocTexte>27</blocTexte>
        <blocTab>0</blocTab>
        <blocPub>0</blocPub>
        <blocIllustration>5</blocIllustration>
        <ills>
          <ill classif="DFdnn" couleur="gris" edit="1" h="1612" n="3-2" pub="1" taille="3" w="1222" x="2590" y="2478">
            <leg>franmis ! flu feurd hui 20 OAobïe h Soueerlptioit a r</leg>
            <txt>, Une ecole d'enseignement politique. — Une Ecole supérieure de put-tique (Deuts che llochschute fur Pohhk) va s'ouvrir la 1 ' novembre, a Berlin: aans les bâtiments de Vancienne académie d'architecture ; c'est un projet toi,m de longue tiate qui se réalise. • • Comme Vannante le pioqiamme, la nou velle institution doit■ etre « un instrument puissant de la reqcneratton de l'Etat alle mand ». Elle se donne pour tâche de trai ter les questions*de droit public, d'écono mie politique et d'organisation sociale, cil se préoccupant seulement de l'action .pra tique, et elle se propose de saisir sur le vif et d'étudier l'enchaînement et le rapport, continus des phénomènes politiques, éco nomiques et. sociaux. L'étudiant n'abordera pas les problè mes vitaux du pays du haut des théories abstraites, mais du point de vue de la res ponsabilité du citoyen appelé à collaborer d ces questions essentielles. . L'enseignement donné par la nouvelle école s'adressera : I. •— à l'homme politique, au sens le plus limité du mot. II. — au professeur qui doit lui-même donner dans les écoles une instruction ci vique. III. — à ceux qui exercent des. profes sions « sociales », aux membres des insti tutions représentant les intérêts économi ques, aux juristes qui se spécialisent dans les questions sociales, par exemple les tri bunaux d'enfants, etc IV. — aux fonctionnairef 'd'une adminis tration quelconque qui cherchent à se per fectionner dans l'étude des sciences politi ques. Répondant à ces différents b . r i nues pour une uurcé de deux à quatre se mestres. ainsi que d'autres moins longs, destinés aux étudiants qui viendront ex près à Berlin pour y prendre part. Ces cours différeront radicalement de ceux des Universités et hautes écoles populaires : leur objet ne sera pas l'exposé d'un systè me scientifique ■ ils ne reposeront sur au cune base livresque, mais s'efforceront de. susciter une prise de contact directe avec la réalité. Des certificats de présence aux cours se ront délivrés et les élèves qui auront suivi l'enseignement pendant 3 ou 4 semestres pourront, s'ils veulent, passer un examen., L'Ecole possédera une bibliothèque et des archives. . Parmi les professeurs, figurent les noms les plus connus de la politique et de la science allemandes, comme les ministres du ïlcich Heirize et Groner, Erlcolenz, Del- briicl:, Rathenau, etc... Entre autres matières du programme,- on peut citer : le traité de Versailles, le Problème de l'Europe orientale, VAllema gne et le système d'état mondial, etc... Enfin des conférences spéciales seront consacrées à Vctudr. de certains pays, com me la,France et l'lialie, Le talent d'organisation de l'Allemagne, se révèle dans ces créations' d'Universités', de toutes sortes. On se rappelle le projet d'Académie du Travail, que nous avons si gnalé (cf. Bulletin N° 183). L'Ecole de po litique, bien que s'adressant à un autre public, est du même ordre. Partout, en Al lemagne, le souci se-fait jour de groupe• les forces du pays, et de créer en que</txt>
            <index>franmis ! flu feurd hui 20 OAobïe h Soueerlptioit a r, Une ecole d'enseignement politique. — Une Ecole supérieure de put-tique (Deuts che llochschute fur Pohhk) va s'ouvrir la 1 ' novembre, a Berlin: aans les bâtiments de Vancienne académie d'architecture ; c'est un projet toi,m de longue tiate qui se réalise. • • Comme Vannante le pioqiamme, la nou velle institution doit■ etre « un instrument puissant de la reqcneratton de l'Etat alle mand ». Elle se donne pour tâche de trai ter les questions*de droit public, d'écono mie politique et d'organisation sociale, cil se préoccupant seulement de l'action .pra tique, et elle se propose de saisir sur le vif et d'étudier l'enchaînement et le rapport, continus des phénomènes politiques, éco nomiques et. sociaux. L'étudiant n'abordera pas les problè mes vitaux du pays du haut des théories abstraites, mais du point de vue de la res ponsabilité du citoyen appelé à collaborer d ces questions essentielles. . L'enseignement donné par la nouvelle école s'adressera : I. •— à l'homme politique, au sens le plus limité du mot. II. — au professeur qui doit lui-même donner dans les écoles une instruction ci vique. III. — à ceux qui exercent des. profes sions « sociales », aux membres des insti tutions représentant les intérêts économi ques, aux juristes qui se spécialisent dans les questions sociales, par exemple les tri bunaux d'enfants, etc IV. — aux fonctionnairef 'd'une adminis tration quelconque qui cherchent à se per fectionner dans l'étude des sciences politi ques. Répondant à ces différents b . r i nues pour une uurcé de deux à quatre se mestres. ainsi que d'autres moins longs, destinés aux étudiants qui viendront ex près à Berlin pour y prendre part. Ces cours différeront radicalement de ceux des Universités et hautes écoles populaires : leur objet ne sera pas l'exposé d'un systè me scientifique ■ ils ne reposeront sur au cune base livresque, mais s'efforceront de. susciter une prise de contact directe avec la réalité. Des certificats de présence aux cours se ront délivrés et les élèves qui auront suivi l'enseignement pendant 3 ou 4 semestres pourront, s'ils veulent, passer un examen., L'Ecole possédera une bibliothèque et des archives. . Parmi les professeurs, figurent les noms les plus connus de la politique et de la science allemandes, comme les ministres du ïlcich Heirize et Groner, Erlcolenz, Del- briicl:, Rathenau, etc... Entre autres matières du programme,- on peut citer : le traité de Versailles, le Problème de l'Europe orientale, VAllema gne et le système d'état mondial, etc... Enfin des conférences spéciales seront consacrées à Vctudr. de certains pays, com me la,France et l'lialie, Le talent d'organisation de l'Allemagne, se révèle dans ces créations' d'Universités', de toutes sortes. On se rappelle le projet d'Académie du Travail, que nous avons si gnalé (cf. Bulletin N° 183). L'Ecole de po litique, bien que s'adressant à un autre public, est du même ordre. Partout, en Al lemagne, le souci se-fait jour de groupe• les forces du pays, et de créer en que</index>
            <genre source="hm" time="2019-09-29T14:26:42.508+02:00">publicite</genre>
            <genre source="final">publicite</genre>
          </ill>
        </ills>
      </page>
      <page ordre="4">
        <nbMot>1334</nbMot>
        <blocTexte>450</blocTexte>
        <blocTab>0</blocTab>
        <blocPub>0</blocPub>
        <blocIllustration>2</blocIllustration>
        <ills/>
      </page>
    </pages>
  </contenus>
</doc>