<analyseAlto>
  <metad>
    <type>P</type>
    <ID>bpt6k751769j</ID>
    <titre>Le Siècle</titre>
    <dateEdition>1920-12-31</dateEdition>
    <nbPage>4</nbPage>
    <suppl>FALSE</suppl>
  </metad>
  <contenus>
    <largeur>364</largeur>
    <hauteur>540</hauteur>
    <pages>
      <page ordre="1">
        <nbMot>631</nbMot>
        <blocTexte>22</blocTexte>
        <blocTab>0</blocTab>
        <blocPub>0</blocPub>
        <blocIllustration>0</blocIllustration>
      </page>
      <page ordre="2">
        <nbMot>804</nbMot>
        <blocTexte>40</blocTexte>
        <blocTab>0</blocTab>
        <blocPub>0</blocPub>
        <blocIllustration>2</blocIllustration>
        <ills/>
      </page>
      <page ordre="3">
        <nbMot>801</nbMot>
        <blocTexte>22</blocTexte>
        <blocTab>0</blocTab>
        <blocPub>0</blocPub>
        <blocIllustration>0</blocIllustration>
      </page>
      <page ordre="4">
        <nbMot>1210</nbMot>
        <blocTexte>227</blocTexte>
        <blocTab>0</blocTab>
        <blocPub>0</blocPub>
        <blocIllustration>2</blocIllustration>
        <ills>
          <ill classif="DFdnn" couleur="gris" derniere="true" edit="1" h="529" n="4-2" pub="1" taille="0" w="660" x="2636" y="3871">
            <leg>îargm *$oh[p£| ÏÏS jH 140 KOPube?cacc.emef\^corvForme a fa Q navue ^tlVRAlSOHADÔflTtllE-^PÊDlTiOfe^VjK^</leg>
            <txt>1 )I5J_uetecQurbe u (J(V-) {NORO-SUO.^MjGi RARE»</txt>
            <index>îargm *$oh[p£| ÏÏS jH 140 KOPube?cacc.emef\^corvForme a fa Q navue ^tlVRAlSOHADÔflTtllE-^PÊDlTiOfe^VjK^1 )I5J_uetecQurbe u (J(V-) {NORO-SUO.^MjGi RARE»</index>
            <genre source="hm" time="2019-09-29T14:29:50.998+02:00">publicite</genre>
            <genre source="final">publicite</genre>
          </ill>
        </ills>
      </page>
    </pages>
  </contenus>
</analyseAlto>