<doc>
  <metad>
    <type>P</type>
    <ID>bpt6k7514530</ID>
    <titre>Le Siècle</titre>
    <dateEdition>1920-02-18</dateEdition>
    <nbPage>4</nbPage>
    <suppl>FALSE</suppl>
  </metad>
  <contenus>
    <largeur>354</largeur>
    <hauteur>537</hauteur>
    <pages>
      <page ordre="1">
        <nbMot>602</nbMot>
        <blocTexte>33</blocTexte>
        <blocTab>0</blocTab>
        <blocPub>0</blocPub>
        <blocIllustration>0</blocIllustration>
      </page>
      <page ordre="2">
        <nbMot>767</nbMot>
        <blocTexte>46</blocTexte>
        <blocTab>0</blocTab>
        <blocPub>0</blocPub>
        <blocIllustration>7</blocIllustration>
        <ills>
          <ill classif="DFdnn" couleur="gris" edit="1" h="250" n="2-4" pub="1" taille="0" w="677" x="3305" y="3127">
            <index/>
            <genre source="hm" time="2019-09-29T14:15:58.473+02:00">publicite</genre>
            <genre source="final">publicite</genre>
          </ill>
        </ills>
      </page>
      <page ordre="3">
        <nbMot>780</nbMot>
        <blocTexte>17</blocTexte>
        <blocTab>0</blocTab>
        <blocPub>0</blocPub>
        <blocIllustration>0</blocIllustration>
      </page>
      <page ordre="4">
        <nbMot>923</nbMot>
        <blocTexte>269</blocTexte>
        <blocTab>0</blocTab>
        <blocPub>0</blocPub>
        <blocIllustration>0</blocIllustration>
      </page>
    </pages>
  </contenus>
</doc>