<analyseAlto>
  <metad>
    <type>P</type>
    <ID>bpt6k751740f</ID>
    <titre>Le Siècle</titre>
    <dateEdition>1920-12-02</dateEdition>
    <nbPage>4</nbPage>
    <suppl>FALSE</suppl>
  </metad>
  <contenus>
    <largeur>360</largeur>
    <hauteur>542</hauteur>
    <pages>
      <page ordre="1">
        <nbMot>615</nbMot>
        <blocTexte>22</blocTexte>
        <blocTab>0</blocTab>
        <blocPub>0</blocPub>
        <blocIllustration>0</blocIllustration>
      </page>
      <page ordre="2">
        <nbMot>768</nbMot>
        <blocTexte>36</blocTexte>
        <blocTab>0</blocTab>
        <blocPub>0</blocPub>
        <blocIllustration>5</blocIllustration>
        <ills/>
      </page>
      <page ordre="3">
        <nbMot>767</nbMot>
        <blocTexte>20</blocTexte>
        <blocTab>0</blocTab>
        <blocPub>0</blocPub>
        <blocIllustration>1</blocIllustration>
        <ills/>
      </page>
      <page ordre="4">
        <nbMot>1229</nbMot>
        <blocTexte>415</blocTexte>
        <blocTab>0</blocTab>
        <blocPub>0</blocPub>
        <blocIllustration>5</blocIllustration>
        <ills>
          <ill couleur="gris" derniere="true" edit="1" h="668" n="4-3" pub="1" taille="0" w="711" x="2566" y="3400">
            <index/>
            <genre source="hm" time="2019-09-29T14:30:45.205+02:00">publicite</genre>
            <genre source="final">publicite</genre>
          </ill>
        </ills>
      </page>
    </pages>
  </contenus>
</analyseAlto>