<doc>
  <metad>
    <type>P</type>
    <ID>bpt6k7515505</ID>
    <titre>Le Siècle</titre>
    <dateEdition>1920-05-25</dateEdition>
    <nbPage>4</nbPage>
    <suppl>FALSE</suppl>
  </metad>
  <contenus>
    <largeur>355</largeur>
    <hauteur>536</hauteur>
    <pages>
      <page ordre="1">
        <nbMot>591</nbMot>
        <blocTexte>31</blocTexte>
        <blocTab>0</blocTab>
        <blocPub>0</blocPub>
        <blocIllustration>0</blocIllustration>
      </page>
      <page ordre="2">
        <nbMot>775</nbMot>
        <blocTexte>28</blocTexte>
        <blocTab>0</blocTab>
        <blocPub>0</blocPub>
        <blocIllustration>0</blocIllustration>
      </page>
      <page ordre="3">
        <nbMot>737</nbMot>
        <blocTexte>32</blocTexte>
        <blocTab>0</blocTab>
        <blocPub>0</blocPub>
        <blocIllustration>11</blocIllustration>
        <ills>
          <ill couleur="gris" edit="1" h="901" n="3-1" pub="1" taille="2" w="1393" x="1819" y="270">
            <txt>d'agences et de succursales, va procéder, à son tour, -à une augmentation de capital. Nous en ferons connaître prochainement les condi tions. ' • Les valeurs de transports n'ont pas sensi blement modifié leurs cours. Aux valeurs industrielles, l'action du Suez, un instant tou chée par le recul du change anglais, a termi né en vive reprise. Les valeurs métallurgi ques françaises ont peu bénéficié des varia tions du change ; on a rneme remarqué quel que fléchissement sur la Fives-Lille. Les Acié ries de Longwy, les Forges de Denain, les Chantiers de, Saint-Nazaire, etc. Aux valeurs minières, les Charbonnages ont conservé un mouveûient d'achats attribués - pour certains titrés du groupe du Nord et du Pas-de-Calais, à des maisons anglaises; Le Ttiô-Tinto est faible. Lœs Mines d'or ont été très indécises ainsi que la De Beere. L'action Balia-Karaïdin a ey. un marché as sez' suivi et en bonne tendance. Sans atten dre le' règlement des indemnités qui lui sont dues pour ses dommages de guerre, cette so ciété s ; assure des ressources dont elle a. be soin pour rétablir son matériel de transport et reprendre l'exploitation— pour son compte cette fois — de ses gisements. Elle réserve à ses actionnaires une première série de 40.000 actions nouvelles dè 100' francs, au prix de 290 francs a raison (d'une pour deux an ciennes • h D'importants mouvements ont marqué la cote des valeurs de pétrole : la Royal Dutch a oscillé entre 42.000 et 52.000 francs : on an nonce comment définitif le divid uW atAS</txt>
            <index>d'agences et de succursales, va procéder, à son tour, -à une augmentation de capital. Nous en ferons connaître prochainement les condi tions. ' • Les valeurs de transports n'ont pas sensi blement modifié leurs cours. Aux valeurs industrielles, l'action du Suez, un instant tou chée par le recul du change anglais, a termi né en vive reprise. Les valeurs métallurgi ques françaises ont peu bénéficié des varia tions du change ; on a rneme remarqué quel que fléchissement sur la Fives-Lille. Les Acié ries de Longwy, les Forges de Denain, les Chantiers de, Saint-Nazaire, etc. Aux valeurs minières, les Charbonnages ont conservé un mouveûient d'achats attribués - pour certains titrés du groupe du Nord et du Pas-de-Calais, à des maisons anglaises; Le Ttiô-Tinto est faible. Lœs Mines d'or ont été très indécises ainsi que la De Beere. L'action Balia-Karaïdin a ey. un marché as sez' suivi et en bonne tendance. Sans atten dre le' règlement des indemnités qui lui sont dues pour ses dommages de guerre, cette so ciété s ; assure des ressources dont elle a. be soin pour rétablir son matériel de transport et reprendre l'exploitation— pour son compte cette fois — de ses gisements. Elle réserve à ses actionnaires une première série de 40.000 actions nouvelles dè 100' francs, au prix de 290 francs a raison (d'une pour deux an ciennes • h D'importants mouvements ont marqué la cote des valeurs de pétrole : la Royal Dutch a oscillé entre 42.000 et 52.000 francs : on an nonce comment définitif le divid uW atAS</index>
            <genre source="hm" time="2019-09-29T14:22:10.565+02:00">publicite</genre>
            <genre source="final">publicite</genre>
          </ill>
        </ills>
      </page>
      <page ordre="4">
        <nbMot>1303</nbMot>
        <blocTexte>388</blocTexte>
        <blocTab>0</blocTab>
        <blocPub>0</blocPub>
        <blocIllustration>1</blocIllustration>
        <ills/>
      </page>
    </pages>
  </contenus>
</doc>