<doc>
  <metad>
    <type>P</type>
    <ID>bpt6k751574c</ID>
    <titre>Le Siècle</titre>
    <dateEdition>1920-06-18</dateEdition>
    <nbPage>4</nbPage>
    <suppl>FALSE</suppl>
  </metad>
  <contenus>
    <largeur>354</largeur>
    <hauteur>535</hauteur>
    <pages>
      <page ordre="1">
        <nbMot>607</nbMot>
        <blocTexte>38</blocTexte>
        <blocTab>0</blocTab>
        <blocPub>0</blocPub>
        <blocIllustration>0</blocIllustration>
      </page>
      <page ordre="2">
        <nbMot>798</nbMot>
        <blocTexte>38</blocTexte>
        <blocTab>0</blocTab>
        <blocPub>0</blocPub>
        <blocIllustration>0</blocIllustration>
      </page>
      <page ordre="3">
        <nbMot>783</nbMot>
        <blocTexte>25</blocTexte>
        <blocTab>0</blocTab>
        <blocPub>0</blocPub>
        <blocIllustration>0</blocIllustration>
      </page>
      <page ordre="4">
        <nbMot>1113</nbMot>
        <blocTexte>439</blocTexte>
        <blocTab>0</blocTab>
        <blocPub>0</blocPub>
        <blocIllustration>3</blocIllustration>
        <ills>
          <ill classif="DFdnn" couleur="gris" derniere="true" edit="1" h="1230" n="4-1" pub="1" taille="3" w="1497" x="2566" y="2914">
            <contenuImg CS="1" lang="fr" source="hm" time="2020-04-08T18:11:34.275+02:00">voiture</contenuImg>
            <index/>
            <genre source="hm" time="2019-09-29T14:17:31.085+02:00">publicite</genre>
            <genre source="final">publicite</genre>
            <contenuImg CS="1" lang="en" source="hm" time="2020-04-08T18:11:34.275+02:00">car</contenuImg>
          </ill>
        </ills>
      </page>
    </pages>
  </contenus>
</doc>