<analyseAlto>
  <metad>
    <type>P</type>
    <ID>bpt6k749353n</ID>
    <titre>Le Siècle</titre>
    <dateEdition>1914-04-15</dateEdition>
    <nbPage>4</nbPage>
    <suppl>FALSE</suppl>
  </metad>
  <contenus>
    <largeur>431</largeur>
    <hauteur>603</hauteur>
    <pages>
      <page ordre="1">
        <nbMot>913</nbMot>
        <blocTexte>33</blocTexte>
        <blocTab>0</blocTab>
        <blocPub>0</blocPub>
        <blocIllustration>5</blocIllustration>
        <ills/>
      </page>
      <page ordre="2">
        <nbMot>978</nbMot>
        <blocTexte>35</blocTexte>
        <blocTab>0</blocTab>
        <blocPub>0</blocPub>
        <blocIllustration>1</blocIllustration>
        <ills>
          <ill classif="DFdnn" couleur="gris" edit="1" h="924" n="2-1" pub="1" taille="0" w="548" x="4380" y="3352">
            <leg>succès va toujours aus chapeau?. d'Ariette Carus, cette fée qui a dans ses salons da 374, rue Saint-Honoré, le choix le plus va rié et le plus seyant de coiffures élégan tes. En voici un modèle, crpqu^ au hasard parmi cent, tous plus jolis les uns que les antres- C'est une petite forme en liseré bel ge sur laquelle sont posés, des couteaux d'autrushe brû^e, le dernier cri de la mode.- ; Restez jeunes . En vous servant ' quotidiennement de l'Eau de Jeunesse Jane lîading. Une sim ple application chaque jour de cette' eau merveilleuse vous préservera a jamais des rides, des rougeurs, (Jes boutons et vous conservera un teint pur et éclatante une peau unie et transparente, L'Eau de Jeunesse Jane Hsding est es vente, 38, nie du Mont-Tbabçr «t dans</leg>
            <txt>U MORT DEM. PUJALET Condoléances officielles Le président de la République et Mme Raymond Poinoaré ont fait exprimer par un officier d'ordonnance toutes leurs sym pathies il la famille de M. Pujàiet. De son dôté, M. Malvy,.ministre 4e l'inté rieur, a chargé M. Leymarie, son chef de cabinet, d'exprimer ses vives condoléani ces.fc la famulè de M. Pujalet., 1,11,1,., , H-, ^ . . ... • I MU HI J ' La Mode Le beau temps va décidément nous fa voriser, et sous les gais rayons du soleil on voit écore chaque jour de nouvelles coif fures; Les petits chapeaux conservent leur grande vogue, et si l'on aperçoit quelques canotiers a larges bords, quelques grands çhapeaus ombrant le visage, o'est vrai« •ment en très petit nombre- Au Concours hippique qui vient de finir, aux courses, dans les thés mondaine, le</txt>
            <index>succès va toujours aus chapeau?. d'Ariette Carus, cette fée qui a dans ses salons da 374, rue Saint-Honoré, le choix le plus va rié et le plus seyant de coiffures élégan tes. En voici un modèle, crpqu^ au hasard parmi cent, tous plus jolis les uns que les antres- C'est une petite forme en liseré bel ge sur laquelle sont posés, des couteaux d'autrushe brû^e, le dernier cri de la mode.- ; Restez jeunes . En vous servant ' quotidiennement de l'Eau de Jeunesse Jane lîading. Une sim ple application chaque jour de cette' eau merveilleuse vous préservera a jamais des rides, des rougeurs, (Jes boutons et vous conservera un teint pur et éclatante une peau unie et transparente, L'Eau de Jeunesse Jane Hsding est es vente, 38, nie du Mont-Tbabçr «t dansU MORT DEM. PUJALET Condoléances officielles Le président de la République et Mme Raymond Poinoaré ont fait exprimer par un officier d'ordonnance toutes leurs sym pathies il la famille de M. Pujàiet. De son dôté, M. Malvy,.ministre 4e l'inté rieur, a chargé M. Leymarie, son chef de cabinet, d'exprimer ses vives condoléani ces.fc la famulè de M. Pujalet., 1,11,1,., , H-, ^ . . ... • I MU HI J ' La Mode Le beau temps va décidément nous fa voriser, et sous les gais rayons du soleil on voit écore chaque jour de nouvelles coif fures; Les petits chapeaux conservent leur grande vogue, et si l'on aperçoit quelques canotiers a larges bords, quelques grands çhapeaus ombrant le visage, o'est vrai« •ment en très petit nombre- Au Concours hippique qui vient de finir, aux courses, dans les thés mondaine, le</index>
            <genre source="hm" time="2019-09-29T14:12:42.71+02:00">publicite</genre>
            <genre source="final">publicite</genre>
          </ill>
        </ills>
      </page>
      <page ordre="3">
        <nbMot>1050</nbMot>
        <blocTexte>38</blocTexte>
        <blocTab>0</blocTab>
        <blocPub>0</blocPub>
        <blocIllustration>3</blocIllustration>
        <ills/>
      </page>
      <page ordre="4">
        <nbMot>1952</nbMot>
        <blocTexte>609</blocTexte>
        <blocTab>0</blocTab>
        <blocPub>0</blocPub>
        <blocIllustration>0</blocIllustration>
      </page>
    </pages>
  </contenus>
</analyseAlto>