<doc>
  <metad>
    <type>P</type>
    <ID>bpt6k751530g</ID>
    <titre>Le Siècle</titre>
    <dateEdition>1920-05-05</dateEdition>
    <nbPage>4</nbPage>
    <suppl>FALSE</suppl>
  </metad>
  <contenus>
    <largeur>355</largeur>
    <hauteur>538</hauteur>
    <pages>
      <page ordre="1">
        <nbMot>574</nbMot>
        <blocTexte>20</blocTexte>
        <blocTab>0</blocTab>
        <blocPub>0</blocPub>
        <blocIllustration>0</blocIllustration>
      </page>
      <page ordre="2">
        <nbMot>735</nbMot>
        <blocTexte>37</blocTexte>
        <blocTab>0</blocTab>
        <blocPub>0</blocPub>
        <blocIllustration>5</blocIllustration>
        <ills>
          <ill classif="DFdnn" couleur="gris" edit="1" h="254" n="2-4" pub="1" taille="0" w="677" x="3334" y="3177">
            <leg>««■■RKnmHnnnHamnMnna ARTISTIG, 61, rue de Douât. — T, 1. soirs à! 8 h.30 Mat. Jeud. sam. et dim. — L'ARTIS- TIC.rend v.de tout les gdes ved.da l'écran PATKE-PAE .ACE, 32, bd Italiens. Tousi les j. 2 à U h. Ttes les actualités. Les meilleurs programmes, Orchestre symphoniqve.</leg>
            <txt>te àk PARIS -Z'MP 'I    iMAX VjTERBû/ 1 ''O'mavr» / \ * ~l JUSTICE</txt>
            <index>««■■RKnmHnnnHamnMnna ARTISTIG, 61, rue de Douât. — T, 1. soirs à! 8 h.30 Mat. Jeud. sam. et dim. — L'ARTIS- TIC.rend v.de tout les gdes ved.da l'écran PATKE-PAE .ACE, 32, bd Italiens. Tousi les j. 2 à U h. Ttes les actualités. Les meilleurs programmes, Orchestre symphoniqve.te àk PARIS -Z'MP 'I    iMAX VjTERBû/ 1 ''O'mavr» / \ * ~l JUSTICE</index>
            <genre source="hm" time="2019-09-29T14:21:55.144+02:00">publicite</genre>
            <genre source="final">publicite</genre>
          </ill>
        </ills>
      </page>
      <page ordre="3">
        <nbMot>769</nbMot>
        <blocTexte>25</blocTexte>
        <blocTab>0</blocTab>
        <blocPub>0</blocPub>
        <blocIllustration>1</blocIllustration>
        <ills/>
      </page>
      <page ordre="4">
        <nbMot>1325</nbMot>
        <blocTexte>374</blocTexte>
        <blocTab>0</blocTab>
        <blocPub>0</blocPub>
        <blocIllustration>0</blocIllustration>
      </page>
    </pages>
  </contenus>
</doc>