<analyseAlto>
  <metad>
    <type>P</type>
    <ID>bpt6k7517261</ID>
    <titre>Le Siècle</titre>
    <dateEdition>1920-11-18</dateEdition>
    <nbPage>4</nbPage>
    <suppl>FALSE</suppl>
  </metad>
  <contenus>
    <largeur>359</largeur>
    <hauteur>541</hauteur>
    <pages>
      <page ordre="1">
        <nbMot>589</nbMot>
        <blocTexte>34</blocTexte>
        <blocTab>0</blocTab>
        <blocPub>0</blocPub>
        <blocIllustration>0</blocIllustration>
      </page>
      <page ordre="2">
        <nbMot>765</nbMot>
        <blocTexte>33</blocTexte>
        <blocTab>0</blocTab>
        <blocPub>0</blocPub>
        <blocIllustration>0</blocIllustration>
      </page>
      <page ordre="3">
        <nbMot>677</nbMot>
        <blocTexte>25</blocTexte>
        <blocTab>0</blocTab>
        <blocPub>0</blocPub>
        <blocIllustration>3</blocIllustration>
        <ills/>
      </page>
      <page ordre="4">
        <nbMot>1246</nbMot>
        <blocTexte>401</blocTexte>
        <blocTab>0</blocTab>
        <blocPub>0</blocPub>
        <blocIllustration>2</blocIllustration>
        <ills>
          <ill couleur="gris" derniere="true" edit="1" h="584" n="4-2" pub="1" taille="0" w="684" x="3360" y="3483">
            <leg>Urgcuiy. Prij;... 375.. 585.. 595.. 64-5.. PRIX SANS PRÉCÉDENTS Ceffcdèfe dmeâîganœ aîisoiuaest fabriqué me des matériaux ia PREMIER CHOIX, tes piliers et les barreaai: softt ENFI ÈBEflEOTeK CUIVREct déformé carrée.leschapitaMtsontenCUIVRE/WSSir. Il coîBîiliie le j4u5bd«neiittnî dimeChambre â Cbticher moflens Touia lis iargiuns eiwsasir. -Su/?j}/àmtttpw r£CliM\ZQf. UVRÂÎSON A DOHICiLE - EXPÉDITIONS EN PROVINCE</leg>
            <txt>HSMHÎ1 fondées et\ 1900 ■ n ËDAi LLEoOR, 4- MAISO NS ne veNTE A PARIS MAISON oe VENTE PR/NCtPALe : 125, Rue Lecourbe PARIS</txt>
            <index>Urgcuiy. Prij;... 375.. 585.. 595.. 64-5.. PRIX SANS PRÉCÉDENTS Ceffcdèfe dmeâîganœ aîisoiuaest fabriqué me des matériaux ia PREMIER CHOIX, tes piliers et les barreaai: softt ENFI ÈBEflEOTeK CUIVREct déformé carrée.leschapitaMtsontenCUIVRE/WSSir. Il coîBîiliie le j4u5bd«neiittnî dimeChambre â Cbticher moflens Touia lis iargiuns eiwsasir. -Su/?j}/àmtttpw r£CliM\ZQf. UVRÂÎSON A DOHICiLE - EXPÉDITIONS EN PROVINCEHSMHÎ1 fondées et\ 1900 ■ n ËDAi LLEoOR, 4- MAISO NS ne veNTE A PARIS MAISON oe VENTE PR/NCtPALe : 125, Rue Lecourbe PARIS</index>
            <genre source="hm" time="2019-09-29T14:28:57.268+02:00">publicite</genre>
            <genre source="final">publicite</genre>
          </ill>
        </ills>
      </page>
    </pages>
  </contenus>
</analyseAlto>