<doc>
  <metad>
    <type>P</type>
    <ID>bpt6k751518t</ID>
    <titre>Le Siècle</titre>
    <dateEdition>1920-04-23</dateEdition>
    <nbPage>4</nbPage>
    <suppl>FALSE</suppl>
  </metad>
  <contenus>
    <largeur>357</largeur>
    <hauteur>536</hauteur>
    <pages>
      <page ordre="1">
        <nbMot>583</nbMot>
        <blocTexte>35</blocTexte>
        <blocTab>0</blocTab>
        <blocPub>0</blocPub>
        <blocIllustration>0</blocIllustration>
      </page>
      <page ordre="2">
        <nbMot>791</nbMot>
        <blocTexte>43</blocTexte>
        <blocTab>0</blocTab>
        <blocPub>0</blocPub>
        <blocIllustration>3</blocIllustration>
        <ills/>
      </page>
      <page ordre="3">
        <nbMot>767</nbMot>
        <blocTexte>40</blocTexte>
        <blocTab>0</blocTab>
        <blocPub>0</blocPub>
        <blocIllustration>2</blocIllustration>
        <ills>
          <ill classif="DFdnn" couleur="gris" edit="1" h="249" n="3-1" pub="1" taille="0" w="679" x="3395" y="5156">
            <leg>ET ?0UC ...</leg>
            <txt>Les cafés ouvriront jusqu'à onze heures... Le Journal Officiel publie co matin un décret autorisant, à partir du 2 mai pro chain, les cafés, .restaurants et autres éta blissements publics à rester ouverts jus qu'à vingt-troia heures, les samedis, di manches,'jours féa'iés légaux et la veille de ces jours, étant bien entendu que cette heure limite sera cjlle de la ferm '.turc tib- sclue et do l'extinction des lumières. ^vefi te à PARIS -A \lPt MAX VjTERBO l ^Uo'VCvBWI | JU5TiC£</txt>
            <index>ET ?0UC ...Les cafés ouvriront jusqu'à onze heures... Le Journal Officiel publie co matin un décret autorisant, à partir du 2 mai pro chain, les cafés, .restaurants et autres éta blissements publics à rester ouverts jus qu'à vingt-troia heures, les samedis, di manches,'jours féa'iés légaux et la veille de ces jours, étant bien entendu que cette heure limite sera cjlle de la ferm '.turc tib- sclue et do l'extinction des lumières. ^vefi te à PARIS -A \lPt MAX VjTERBO l ^Uo'VCvBWI | JU5TiC£</index>
            <genre source="hm" time="2019-09-29T14:16:54.275+02:00">publicite</genre>
            <genre source="final">publicite</genre>
          </ill>
        </ills>
      </page>
      <page ordre="4">
        <nbMot>1218</nbMot>
        <blocTexte>402</blocTexte>
        <blocTab>0</blocTab>
        <blocPub>0</blocPub>
        <blocIllustration>3</blocIllustration>
        <ills/>
      </page>
    </pages>
  </contenus>
</doc>