<analyseAlto>
  <metad>
    <type>P</type>
    <ID>bpt6k751388m</ID>
    <titre>Le Siècle</titre>
    <dateEdition>1919-12-14</dateEdition>
    <nbPage>4</nbPage>
    <suppl>FALSE</suppl>
  </metad>
  <contenus>
    <largeur>359</largeur>
    <hauteur>531</hauteur>
    <pages>
      <page ordre="1">
        <nbMot>603</nbMot>
        <blocTexte>29</blocTexte>
        <blocTab>0</blocTab>
        <blocPub>0</blocPub>
        <blocIllustration>1</blocIllustration>
        <ills/>
      </page>
      <page ordre="2">
        <nbMot>778</nbMot>
        <blocTexte>38</blocTexte>
        <blocTab>0</blocTab>
        <blocPub>0</blocPub>
        <blocIllustration>3</blocIllustration>
        <ills>
          <ill couleur="gris" edit="1" h="568" n="2-2" pub="1" taille="0" w="284" x="3338" y="1535">
            <leg>CE SOIR fi SAMEDI  je s Usures à Minuit</leg>
            <txt>VALSES LOUVAiH SOJRviLLE A LA FIE 611 ClUSTE ST!ï«Xrïïa née avoc Charlotte Lysès et Charles Fallût.</txt>
            <index>CE SOIR fi SAMEDI  je s Usures à MinuitVALSES LOUVAiH SOJRviLLE A LA FIE 611 ClUSTE ST!ï«Xrïïa née avoc Charlotte Lysès et Charles Fallût.</index>
            <genre source="hm" time="2019-09-29T14:19:24.427+02:00">publicite</genre>
            <genre source="final">publicite</genre>
          </ill>
        </ills>
      </page>
      <page ordre="3">
        <nbMot>788</nbMot>
        <blocTexte>28</blocTexte>
        <blocTab>0</blocTab>
        <blocPub>0</blocPub>
        <blocIllustration>0</blocIllustration>
      </page>
      <page ordre="4">
        <nbMot>1091</nbMot>
        <blocTexte>153</blocTexte>
        <blocTab>0</blocTab>
        <blocPub>0</blocPub>
        <blocIllustration>1</blocIllustration>
        <ills/>
      </page>
    </pages>
  </contenus>
</analyseAlto>