<doc>
  <metad>
    <type>P</type>
    <ID>bpt6k7516184</ID>
    <titre>Le Siècle</titre>
    <dateEdition>1920-08-02</dateEdition>
    <nbPage>4</nbPage>
    <suppl>FALSE</suppl>
  </metad>
  <contenus>
    <largeur>350</largeur>
    <hauteur>534</hauteur>
    <pages>
      <page ordre="1">
        <nbMot>575</nbMot>
        <blocTexte>28</blocTexte>
        <blocTab>0</blocTab>
        <blocPub>0</blocPub>
        <blocIllustration>1</blocIllustration>
        <ills/>
      </page>
      <page ordre="2">
        <nbMot>803</nbMot>
        <blocTexte>43</blocTexte>
        <blocTab>0</blocTab>
        <blocPub>0</blocPub>
        <blocIllustration>1</blocIllustration>
        <ills/>
      </page>
      <page ordre="3">
        <nbMot>789</nbMot>
        <blocTexte>28</blocTexte>
        <blocTab>0</blocTab>
        <blocPub>0</blocPub>
        <blocIllustration>1</blocIllustration>
        <ills/>
      </page>
      <page ordre="4">
        <nbMot>898</nbMot>
        <blocTexte>324</blocTexte>
        <blocTab>0</blocTab>
        <blocPub>0</blocPub>
        <blocIllustration>10</blocIllustration>
        <ills>
          <ill classif="DFdnn" couleur="gris" derniere="true" edit="1" h="768" n="4-1" pub="1" taille="0" w="469" x="111" y="3635">
            <leg>» TE LEPHO NIE ^ Appareils ( pour %tîerie ^ntrale Métrai* supprimant t oute pile chez l'abonné Robustesse et g rande sensibilité p our les grandes distance# SOCIÉTÉ ANONYME DES PORCELAINES ET APPAREILLAGES ELECTMQUES GEFtÂlMiVfONT Siège Social : 10, Rue d'Uzès, PARIS</leg>
            <txt>Ce steeple handicap est assez ouvert. Prin- cess Mafalda trouvera sans doute la distan ce un pèu longue. Nectar III a fait cet été de bons parcours à Auteuil. Plage Fleurie a contre elle de n'avoir pas couru de long temps. Roumanie II débute en steeple, mais elle vient de bien figurer en haies. Je désigne Roumanie II et Princess Mafal- da.</txt>
            <index>» TE LEPHO NIE ^ Appareils ( pour %tîerie ^ntrale Métrai* supprimant t oute pile chez l'abonné Robustesse et g rande sensibilité p our les grandes distance# SOCIÉTÉ ANONYME DES PORCELAINES ET APPAREILLAGES ELECTMQUES GEFtÂlMiVfONT Siège Social : 10, Rue d'Uzès, PARISCe steeple handicap est assez ouvert. Prin- cess Mafalda trouvera sans doute la distan ce un pèu longue. Nectar III a fait cet été de bons parcours à Auteuil. Plage Fleurie a contre elle de n'avoir pas couru de long temps. Roumanie II débute en steeple, mais elle vient de bien figurer en haies. Je désigne Roumanie II et Princess Mafal- da.</index>
            <genre source="hm" time="2019-09-29T14:25:49.775+02:00">publicite</genre>
            <genre source="final">publicite</genre>
          </ill>
        </ills>
      </page>
    </pages>
  </contenus>
</doc>