<doc>
  <metad>
    <type>P</type>
    <ID>bpt6k749441v</ID>
    <titre>Le Siècle</titre>
    <dateEdition>1914-07-12</dateEdition>
    <nbPage>6</nbPage>
    <suppl>FALSE</suppl>
  </metad>
  <contenus>
    <largeur>435</largeur>
    <hauteur>606</hauteur>
    <pages>
      <page ordre="1">
        <nbMot>917</nbMot>
        <blocTexte>30</blocTexte>
        <blocTab>0</blocTab>
        <blocPub>0</blocPub>
        <blocIllustration>7</blocIllustration>
        <ills/>
      </page>
      <page ordre="2">
        <nbMot>992</nbMot>
        <blocTexte>38</blocTexte>
        <blocTab>0</blocTab>
        <blocPub>0</blocPub>
        <blocIllustration>1</blocIllustration>
        <ills/>
      </page>
      <page ordre="3">
        <nbMot>1067</nbMot>
        <blocTexte>66</blocTexte>
        <blocTab>0</blocTab>
        <blocPub>0</blocPub>
        <blocIllustration>5</blocIllustration>
        <ills>
          <ill classif="DFdnn" couleur="gris" edit="1" h="345" n="3-2" pub="1" taille="0" w="693" x="2652" y="1141">
            <contenuImg CS="1" lang="fr" source="hm" time="2020-04-08T18:08:38.093+02:00">moto</contenuImg>
            <leg>La Révé/atlofi 8 Annê</leg>
            <txt>positions déposées par un membre du con seil habitant la province,, devront être ins après les communications du bureau. , , » « . G, Collot.</txt>
            <index>La Révé/atlofi 8 Annêpositions déposées par un membre du con seil habitant la province,, devront être ins après les communications du bureau. , , » « . G, Collot.</index>
            <genre source="hm" time="2019-09-29T14:08:06.395+02:00">publicite</genre>
            <genre source="final">publicite</genre>
            <contenuImg CS="1" lang="en" source="hm" time="2020-04-08T18:08:38.093+02:00">motorcycle</contenuImg>
          </ill>
        </ills>
      </page>
      <page ordre="4">
        <nbMot>1936</nbMot>
        <blocTexte>694</blocTexte>
        <blocTab>0</blocTab>
        <blocPub>0</blocPub>
        <blocIllustration>0</blocIllustration>
      </page>
      <page ordre="5">
        <nbMot>945</nbMot>
        <blocTexte>24</blocTexte>
        <blocTab>0</blocTab>
        <blocPub>0</blocPub>
        <blocIllustration>1</blocIllustration>
        <ills/>
      </page>
      <page ordre="6">
        <nbMot>993</nbMot>
        <blocTexte>60</blocTexte>
        <blocTab>0</blocTab>
        <blocPub>0</blocPub>
        <blocIllustration>5</blocIllustration>
        <ills/>
      </page>
    </pages>
  </contenus>
</doc>