<analyseAlto>
  <metad>
    <type>P</type>
    <ID>bpt6k751392p</ID>
    <titre>Le Siècle</titre>
    <dateEdition>1919-12-18</dateEdition>
    <nbPage>4</nbPage>
    <suppl>FALSE</suppl>
  </metad>
  <contenus>
    <largeur>357</largeur>
    <hauteur>531</hauteur>
    <pages>
      <page ordre="1">
        <nbMot>584</nbMot>
        <blocTexte>26</blocTexte>
        <blocTab>0</blocTab>
        <blocPub>0</blocPub>
        <blocIllustration>0</blocIllustration>
      </page>
      <page ordre="2">
        <nbMot>764</nbMot>
        <blocTexte>42</blocTexte>
        <blocTab>0</blocTab>
        <blocPub>0</blocPub>
        <blocIllustration>2</blocIllustration>
        <ills/>
      </page>
      <page ordre="3">
        <nbMot>762</nbMot>
        <blocTexte>24</blocTexte>
        <blocTab>0</blocTab>
        <blocPub>0</blocPub>
        <blocIllustration>2</blocIllustration>
        <ills/>
      </page>
      <page ordre="4">
        <nbMot>1061</nbMot>
        <blocTexte>197</blocTexte>
        <blocTab>0</blocTab>
        <blocPub>0</blocPub>
        <blocIllustration>3</blocIllustration>
        <ills>
          <ill classif="DFdnn" couleur="gris" derniere="true" edit="1" h="485" n="4-2" pub="1" taille="0" w="347" x="3322" y="3469">
            <leg>' lt Gérant : Hippolyte Vitdpier. VOLUMARD. imprimeur, 21, rue Cadet.</leg>
            <txt>Jeudi 25 (Noëlï. — Vin- cennes. — Pau. Samedi 27. 1 — En-  ■ ghien. Dimanche 28. — Vin- - cennes. -.— Pau, Lundi 29.: -r Enghien. Mardi 80, — Vin- cennes. Mercredi 3Î. r-i Au teuil. NOUS SOLDONS STOCK CONSIDERABLE BUREAUX AMERICAINS ET FRANÇAIS chaises, classeurs, tables, 'es meubles de bureau et T-utres provenant de 110s locations aux sociétés de recours de guerre. Dernier Jours dpVf nte GRAND CHOIX te salles A manger de ts styles, salons Aubusson !t soieries; ohambi-eg A 1, 1 et 3 portes, peitits meu- vles, txbjcts d'art, lits, natelas, couvertures. Tout, ce qui concerne l'ameublement. Gande-Meuble JANIAUD Jne, 61, nie Roche- chouart. PARIS rrourc   Tendre. Bure, Setoe-et-Oiae, SeiiKvJ fElHIllLd Inférieure, Loiret H.-L. SIMON, 11, ruB d« Madrid, Paris (8*).</txt>
            <index>' lt Gérant : Hippolyte Vitdpier. VOLUMARD. imprimeur, 21, rue Cadet.Jeudi 25 (Noëlï. — Vin- cennes. — Pau. Samedi 27. 1 — En-  ■ ghien. Dimanche 28. — Vin- - cennes. -.— Pau, Lundi 29.: -r Enghien. Mardi 80, — Vin- cennes. Mercredi 3Î. r-i Au teuil. NOUS SOLDONS STOCK CONSIDERABLE BUREAUX AMERICAINS ET FRANÇAIS chaises, classeurs, tables, 'es meubles de bureau et T-utres provenant de 110s locations aux sociétés de recours de guerre. Dernier Jours dpVf nte GRAND CHOIX te salles A manger de ts styles, salons Aubusson !t soieries; ohambi-eg A 1, 1 et 3 portes, peitits meu- vles, txbjcts d'art, lits, natelas, couvertures. Tout, ce qui concerne l'ameublement. Gande-Meuble JANIAUD Jne, 61, nie Roche- chouart. PARIS rrourc   Tendre. Bure, Setoe-et-Oiae, SeiiKvJ fElHIllLd Inférieure, Loiret H.-L. SIMON, 11, ruB d« Madrid, Paris (8*).</index>
            <genre source="hm" time="2019-09-29T14:19:22.361+02:00">publicite</genre>
            <genre source="final">publicite</genre>
          </ill>
        </ills>
      </page>
    </pages>
  </contenus>
</analyseAlto>