<analyseAlto>
  <metad>
    <type>P</type>
    <ID>bpt6k748855p</ID>
    <titre>Le Siècle</titre>
    <dateEdition>1912-12-01</dateEdition>
    <nbPage>6</nbPage>
    <suppl>FALSE</suppl>
  </metad>
  <contenus>
    <largeur>430</largeur>
    <hauteur>610</hauteur>
    <pages>
      <page ordre="1">
        <nbMot>898</nbMot>
        <blocTexte>38</blocTexte>
        <blocTab>0</blocTab>
        <blocPub>0</blocPub>
        <blocIllustration>5</blocIllustration>
        <ills/>
      </page>
      <page ordre="2">
        <nbMot>827</nbMot>
        <blocTexte>32</blocTexte>
        <blocTab>0</blocTab>
        <blocPub>0</blocPub>
        <blocIllustration>13</blocIllustration>
        <ills>
          <ill classif="DFdnn" couleur="gris" edit="1" h="505" n="2-1" pub="1" taille="0" w="755" x="242" y="6188">
            <leg>au* Fleurs des Pyrénées et</leg>
            <txt>{.Suite da i# sénn es d'hier) Hier, la' Chambre a ie  déliât sur les instituteurs. . Au cours d'une interruption faite p ®do,nt ta séance de vendredi dernier, M. Messimy, ancien ministre de la guerre, avait déclaré qu'il comptait pouvoir démontrer au Par- lement qu'en adhérant au Sou du Soldat, les instituteurs avaient nui à la République et   la patrie.   Aussi est-ce devant une Assemblée au grand Complet • et • profondément - attentive que l'orateur abonde à tribune l'examen de son volumineux dossier. MM. Poincare, •Briand.çt Ouiçt'bajj-soiit ftu tonç du gou- iverpement. IL? propagande antimilitariste et la C. G. T, ' Après ayûir formulé le yœu -qi^te le çtaUît 'fles fonctionnaires mette un- terme à la crise açtuéîle , et '^regretté aue 7.000 ■ syndiqués aient •été englobés dans la réprobation quj devait atteindre les seuls responsables, M. Messimy attaqua de front l'affaire dui Sou du Soldat. Il déglaro tout net que par Jew adhésion à cette pauvre, les copgressjates de' C^aiiol)éry'or)t gfftvçmçnt pu.i à l 'Ecole laïque.   - 1 • * - • :■ . ^.'ancien ministre de la guerre, rappelle enjiref les origines de .cette orgwiis tfoft- LaC,Q, T- u wqnhistK sous le couvert de la mutualité mie œuvre de mvpdgwm aiUipQtriotiqiïe et antimtiiUiriste en ISfOU, Vnc circulaire de 1902 a renouvelé l'appel corporatif au n Sou du Soldat » et convié les militaires d assister aux Bourses locat les du travail ; lé Congrès de 19ûf} a m 'çonumindà à nouveau la propagande anti* patriotique. Jinfift,  les instructions au moment ~àe a la rn,Qbllisa- tion. Ces paroles soulèvent une vive  agitation dans l'Assemblée. Les socialistes protes tent. Une voix orla au «entre s •« Qu'ave?.* vous fait ? » et M. Messimy de répondre : « Les coupables ont été envoyés aux compagnies d^ discipline, n Toute la Chambre,, à Vexçeption.' de l'ex trême gauche, éclate en applaudissements. L'accroissement du nombre des déserteurs • A M. * François pélop'cle qui estime que « certaines ohoses' ne doivent pas. être di : tes içi n, l'ancien ministre de la guerre réplique qu'il considère çoi^mo un ■ deyoir d'aller jusqu'au bout çle Ja, mission qu'il s'est donnée, car il doit la vérité ^ Ja Chambre et au pays,. L'orateur démontre ensuite la corréla tion évidente qui existe entre l'eiction antir militariste et le nombre dag désertions, «.P'epuis la lçj militaire.dq 1889, 4it-il, jusqu'à 1900, on constate un même chiffre de déserteurs et 4'ineoumis ; la moyenne est de 1.900 pour }es ups et de 4.^00 pour les autres. Qr, de 1{HX  4904, c'est-à-dire pendant la période où qommence à fonc tionner çelte agence de désertion qu'est le «i.goii du Solfiât l 1 ' 1° nombre de déser teurs  -passe à 2.200, celui des insoumis à 5.000 ; de 1905 à 1910, ces chiffrés s'élè vent à' 2.600 et 12.000. » Ces déclarations provoquent une profon- dè 'impression- ; »: • M. Ferdinand Buisson demande à M. Messimy si l'instituteur, qui a proposé la motion de Chambérv a commis selon lui une infamie en tenant Un traquenard à çgs ç(jn\a</txt>
            <index>au* Fleurs des Pyrénées et{.Suite da i# sénn es d'hier) Hier, la' Chambre a ie  déliât sur les instituteurs. . Au cours d'une interruption faite p ®do,nt ta séance de vendredi dernier, M. Messimy, ancien ministre de la guerre, avait déclaré qu'il comptait pouvoir démontrer au Par- lement qu'en adhérant au Sou du Soldat, les instituteurs avaient nui à la République et   la patrie.   Aussi est-ce devant une Assemblée au grand Complet • et • profondément - attentive que l'orateur abonde à tribune l'examen de son volumineux dossier. MM. Poincare, •Briand.çt Ouiçt'bajj-soiit ftu tonç du gou- iverpement. IL? propagande antimilitariste et la C. G. T, ' Après ayûir formulé le yœu -qi^te le çtaUît 'fles fonctionnaires mette un- terme à la crise açtuéîle , et '^regretté aue 7.000 ■ syndiqués aient •été englobés dans la réprobation quj devait atteindre les seuls responsables, M. Messimy attaqua de front l'affaire dui Sou du Soldat. Il déglaro tout net que par Jew adhésion à cette pauvre, les copgressjates de' C^aiiol)éry'or)t gfftvçmçnt pu.i à l 'Ecole laïque.   - 1 • * - • :■ . ^.'ancien ministre de la guerre, rappelle enjiref les origines de .cette orgwiis tfoft- LaC,Q, T- u wqnhistK sous le couvert de la mutualité mie œuvre de mvpdgwm aiUipQtriotiqiïe et antimtiiUiriste en ISfOU, Vnc circulaire de 1902 a renouvelé l'appel corporatif au n Sou du Soldat » et convié les militaires d assister aux Bourses locat les du travail ; lé Congrès de 19ûf} a m 'çonumindà à nouveau la propagande anti* patriotique. Jinfift,  les instructions au moment ~àe a la rn,Qbllisa- tion. Ces paroles soulèvent une vive  agitation dans l'Assemblée. Les socialistes protes tent. Une voix orla au «entre s •« Qu'ave?.* vous fait ? » et M. Messimy de répondre : « Les coupables ont été envoyés aux compagnies d^ discipline, n Toute la Chambre,, à Vexçeption.' de l'ex trême gauche, éclate en applaudissements. L'accroissement du nombre des déserteurs • A M. * François pélop'cle qui estime que « certaines ohoses' ne doivent pas. être di : tes içi n, l'ancien ministre de la guerre réplique qu'il considère çoi^mo un ■ deyoir d'aller jusqu'au bout çle Ja, mission qu'il s'est donnée, car il doit la vérité ^ Ja Chambre et au pays,. L'orateur démontre ensuite la corréla tion évidente qui existe entre l'eiction antir militariste et le nombre dag désertions, «.P'epuis la lçj militaire.dq 1889, 4it-il, jusqu'à 1900, on constate un même chiffre de déserteurs et 4'ineoumis ; la moyenne est de 1.900 pour }es ups et de 4.^00 pour les autres. Qr, de 1{HX  4904, c'est-à-dire pendant la période où qommence à fonc tionner çelte agence de désertion qu'est le «i.goii du Solfiât l 1 ' 1° nombre de déser teurs  -passe à 2.200, celui des insoumis à 5.000 ; de 1905 à 1910, ces chiffrés s'élè vent à' 2.600 et 12.000. » Ces déclarations provoquent une profon- dè 'impression- ; »: • M. Ferdinand Buisson demande à M. Messimy si l'instituteur, qui a proposé la motion de Chambérv a commis selon lui une infamie en tenant Un traquenard à çgs ç(jn\a</index>
            <genre source="hm" time="2019-09-28T19:13:26.842+02:00">publicite</genre>
            <genre source="final">publicite</genre>
          </ill>
        </ills>
      </page>
      <page ordre="3">
        <nbMot>772</nbMot>
        <blocTexte>29</blocTexte>
        <blocTab>0</blocTab>
        <blocPub>0</blocPub>
        <blocIllustration>9</blocIllustration>
        <ills/>
      </page>
      <page ordre="4">
        <nbMot>828</nbMot>
        <blocTexte>25</blocTexte>
        <blocTab>0</blocTab>
        <blocPub>0</blocPub>
        <blocIllustration>17</blocIllustration>
        <ills/>
      </page>
      <page ordre="5">
        <nbMot>35</nbMot>
        <blocTexte>21</blocTexte>
        <blocTab>0</blocTab>
        <blocPub>0</blocPub>
        <blocIllustration>6</blocIllustration>
        <ills/>
      </page>
      <page ordre="6">
        <nbMot>2187</nbMot>
        <blocTexte>972</blocTexte>
        <blocTab>0</blocTab>
        <blocPub>0</blocPub>
        <blocIllustration>3</blocIllustration>
        <ills/>
      </page>
    </pages>
  </contenus>
</analyseAlto>