<analyseAlto>
  <metad>
    <type>P</type>
    <ID>bpt6k7515641</ID>
    <titre>Le Siècle</titre>
    <dateEdition>1920-06-08</dateEdition>
    <nbPage>4</nbPage>
    <suppl>FALSE</suppl>
  </metad>
  <contenus>
    <largeur>360</largeur>
    <hauteur>537</hauteur>
    <pages>
      <page ordre="1">
        <nbMot>622</nbMot>
        <blocTexte>25</blocTexte>
        <blocTab>0</blocTab>
        <blocPub>0</blocPub>
        <blocIllustration>1</blocIllustration>
        <ills/>
      </page>
      <page ordre="2">
        <nbMot>789</nbMot>
        <blocTexte>48</blocTexte>
        <blocTab>0</blocTab>
        <blocPub>0</blocPub>
        <blocIllustration>0</blocIllustration>
      </page>
      <page ordre="3">
        <nbMot>801</nbMot>
        <blocTexte>19</blocTexte>
        <blocTab>0</blocTab>
        <blocPub>0</blocPub>
        <blocIllustration>0</blocIllustration>
      </page>
      <page ordre="4">
        <nbMot>1264</nbMot>
        <blocTexte>284</blocTexte>
        <blocTab>0</blocTab>
        <blocPub>0</blocPub>
        <blocIllustration>2</blocIllustration>
        <ills>
          <ill couleur="gris" derniere="true" edit="1" h="895" n="4-1" pub="1" taille="2" w="1421" x="2605" y="5271">
            <txt>4.-du même chapitre, ils oiit interdit au joc key G. Garner de monter sur tous Jes hippo dromes régis par le Code des Courses, Jus qu'au samedi 12 Juin inclus, pour avoir quitte sa ligne à .l'arrivée et s'être rabattu sur des chevaux qu'il a jetés dans les piquets ; il» ont, de pius, donné un avertissement au joc key M. Henry, pour avoir provoqué une nous- culade à l'entrée de la llgnç droite. » — L'entraîneur G.-W. Lawrence s'est vu in fliger une amende de 200 francs pour emploi de ferrure prohibée sur Le Châtelet, qui a disputé le Prix du Gros Chêne. — On  a inauguré un bureau du Pari Mu tuel à l'unité de 1.000. francs, qui a été trè# apprécié des gros parieurs. Ce bureau est placé à proximité de l'enceinte des balances..,, — Erinnyc était présente sur le terrain, mais son . propriétaire a préféré no pas lui faire disputer le Prix de Royaunxont. w* La victoire de Flowershop dans le Prix de Diane attire une fois de plus l'attention sur, Alcantara II. dont elle est la fille. L'étalon du baron Robert de Rothschild s'était déjà) classé aux premiers rangs en ■ ces dernièflfts années. On lé trouve quatrième de la liste en 1919, avec un total de 283.562 francs. Les vingt- sept, produits dont il est le père ont remporté 51 victoires, 31 places de second et 34 places de troisième. Sa moyenne et surtout son total de pains promettent d'être très supérieurs jen- core cette année. «M Aujourd'hui, à Saint-Cloud : — Garner, qui devait monter Phyllis et Hig  Spirits, sera probablement remp AVIRON   La Journée Nautique de Paria Une journée nautique avait été organisée avec un plein succès hier, en Seine, sous le • patronage de la Ligue maritime française. Des courses se disputèrent du pont Royal au pont do l'Aima. Résultats :   . 8 rameurs scolaires.' — 1. collège Chaptal ; 2. lycée Louis-le-Grand ; 3. lycée  Janson. Canots Berthons (1 rameur et barreur). — 1, Roohefort ; 2. Cherbourg ; 3. Toulon. Match franco-belge (8 rameurs). — 1. armée belge ; 2., artnée française. CYCLISME 1/ Une grande épreuve corporative te Grand Paix do la lournCa Industrielle, orÈ^nibé le 13 juin avec le concours de l'Union vetocipédiqu© du Louvre, • sur. Ile parcours Suresnes • saint-Gemnain - Mantes-St-Gennaili, 80 kilomètres. Les entraîneurs et' les soigneurs sont rigou reusement interdits, de m-ênie que l'emploi de la roue libre. Le départ sera donné à sept heures 30 trèsa.exactement L'arrivée se fera à environ  00 mètres de la grille d'En- nemont, 6t elle sera marquée par une largo banderole qui sera posée en travers do la route des Quarante-Sous. Les engagements, 2 fr. par coureur, sont reçus au siège de l'U. V. F. et seront clos le jeudi 10 juin, à 18 heures. Corporatifs, engagez-vous ! COLF Le Championnat du Golf Club de Paris Les premiers inatebes éliminatoires - du Championnat du Goll Club de Paris, dispu tés sur les links de la Boulie, ont donné ces résultats : '   lw tour, M. Ch. de la Torre b. M. H, Beecke, 5 trous d'avance et 2 à jouer ; duc de Mouchy b M. E. Greenway, 6 e</txt>
            <index>4.-du même chapitre, ils oiit interdit au joc key G. Garner de monter sur tous Jes hippo dromes régis par le Code des Courses, Jus qu'au samedi 12 Juin inclus, pour avoir quitte sa ligne à .l'arrivée et s'être rabattu sur des chevaux qu'il a jetés dans les piquets ; il» ont, de pius, donné un avertissement au joc key M. Henry, pour avoir provoqué une nous- culade à l'entrée de la llgnç droite. » — L'entraîneur G.-W. Lawrence s'est vu in fliger une amende de 200 francs pour emploi de ferrure prohibée sur Le Châtelet, qui a disputé le Prix du Gros Chêne. — On  a inauguré un bureau du Pari Mu tuel à l'unité de 1.000. francs, qui a été trè# apprécié des gros parieurs. Ce bureau est placé à proximité de l'enceinte des balances..,, — Erinnyc était présente sur le terrain, mais son . propriétaire a préféré no pas lui faire disputer le Prix de Royaunxont. w* La victoire de Flowershop dans le Prix de Diane attire une fois de plus l'attention sur, Alcantara II. dont elle est la fille. L'étalon du baron Robert de Rothschild s'était déjà) classé aux premiers rangs en ■ ces dernièflfts années. On lé trouve quatrième de la liste en 1919, avec un total de 283.562 francs. Les vingt- sept, produits dont il est le père ont remporté 51 victoires, 31 places de second et 34 places de troisième. Sa moyenne et surtout son total de pains promettent d'être très supérieurs jen- core cette année. «M Aujourd'hui, à Saint-Cloud : — Garner, qui devait monter Phyllis et Hig  Spirits, sera probablement remp AVIRON   La Journée Nautique de Paria Une journée nautique avait été organisée avec un plein succès hier, en Seine, sous le • patronage de la Ligue maritime française. Des courses se disputèrent du pont Royal au pont do l'Aima. Résultats :   . 8 rameurs scolaires.' — 1. collège Chaptal ; 2. lycée Louis-le-Grand ; 3. lycée  Janson. Canots Berthons (1 rameur et barreur). — 1, Roohefort ; 2. Cherbourg ; 3. Toulon. Match franco-belge (8 rameurs). — 1. armée belge ; 2., artnée française. CYCLISME 1/ Une grande épreuve corporative te Grand Paix do la lournCa Industrielle, orÈ^nibé le 13 juin avec le concours de l'Union vetocipédiqu© du Louvre, • sur. Ile parcours Suresnes • saint-Gemnain - Mantes-St-Gennaili, 80 kilomètres. Les entraîneurs et' les soigneurs sont rigou reusement interdits, de m-ênie que l'emploi de la roue libre. Le départ sera donné à sept heures 30 trèsa.exactement L'arrivée se fera à environ  00 mètres de la grille d'En- nemont, 6t elle sera marquée par une largo banderole qui sera posée en travers do la route des Quarante-Sous. Les engagements, 2 fr. par coureur, sont reçus au siège de l'U. V. F. et seront clos le jeudi 10 juin, à 18 heures. Corporatifs, engagez-vous ! COLF Le Championnat du Golf Club de Paris Les premiers inatebes éliminatoires - du Championnat du Goll Club de Paris, dispu tés sur les links de la Boulie, ont donné ces résultats : '   lw tour, M. Ch. de la Torre b. M. H, Beecke, 5 trous d'avance et 2 à jouer ; duc de Mouchy b M. E. Greenway, 6 e</index>
            <genre source="hm" time="2019-09-29T14:22:17.673+02:00">publicite</genre>
            <genre source="final">publicite</genre>
          </ill>
        </ills>
      </page>
    </pages>
  </contenus>
</analyseAlto>