<analyseAlto>
  <metad>
    <type>P</type>
    <ID>bpt6k749305p</ID>
    <titre>Le Siècle</titre>
    <dateEdition>1914-02-26</dateEdition>
    <nbPage>6</nbPage>
    <suppl>FALSE</suppl>
  </metad>
  <contenus>
    <largeur>431</largeur>
    <hauteur>602</hauteur>
    <pages>
      <page ordre="1">
        <nbMot>893</nbMot>
        <blocTexte>21</blocTexte>
        <blocTab>0</blocTab>
        <blocPub>0</blocPub>
        <blocIllustration>3</blocIllustration>
        <ills/>
      </page>
      <page ordre="2">
        <nbMot>1017</nbMot>
        <blocTexte>32</blocTexte>
        <blocTab>0</blocTab>
        <blocPub>0</blocPub>
        <blocIllustration>1</blocIllustration>
        <ills/>
      </page>
      <page ordre="3">
        <nbMot>1027</nbMot>
        <blocTexte>60</blocTexte>
        <blocTab>0</blocTab>
        <blocPub>0</blocPub>
        <blocIllustration>5</blocIllustration>
        <ills>
          <ill classif="DFdnn" couleur="gris" edit="1" h="344" n="3-2" pub="1" taille="0" w="692" x="1789" y="4728">
            <contenuImg CS="1" lang="fr" source="hm" time="2020-04-08T18:07:49.669+02:00">moto</contenuImg>
            <leg>La RévéSmtkm de l 'Anssêo</leg>
            <txt>Usines à tEVAtlOIS - PARIS CVGUSMC Grand Prix de* Débutant» Cette épreuve organisée par le Cyclo Club de Puteaux, aura lieu dimanche prochain 1  mars et est doté de vingt-cinq magnifiques prix. ■Le parcours est le suivant : Puteaux (départ maison Chauvet, boulevard RIchard-Wallaoe) quai national, la Défense, Nanterre, Rueil,' Cha ton, le Vésinet, Le Pecq, S oint-Germain, la Ma-, ladrerie, Esquevilly, Flins, virage et retour par la môme route jusqu'à la Boule de Nanterre. A cet endroit, prendre h droite là route du: -Mont-Vaiérien, jusqu'au., .bout, . .Arrivée/à la porte-du-f^rt. Distance; 5Q-kilomètres,--. Dans Saint-Germain, la munieïpâ.Ifté' imposé -le parcours suivant : côte du' Pëcq, place Roya le, avenue Clambetta,'rue Thiers, place dil Châ teau, rue Cagnard, rue de .Pontoise, place de Pon toise, rue d'Alsace, rue Ampère et ruç Pe reire, route de Mantes. - Les engagements (1 franc) sont reçus au siège, maison Chanut, 1, avenue de la Dé fense, Puteaux, et chez M, Fontenellè, 80, rue de Paris, Puteaux. Fédération Cycliste et Athlétique Française La F. C. A. F/ fera disputer, dimanche l ,r mars, sa quatrième épreuve du prix d'Ouver ture sur 40 kilomètres. Nul doute que cette épreuve remporte un grand succès, car . nous remarquons fous les dimanches un plus grand nombre d'engagés, grâce à M. Lefèvre qui, §ar sa compétence, mène a bien l'organisation e oes épreuves. Cètte quatrième épreuve est la finale du Prix d'Ouverture. Le parcours suivant a été choisi par la Commission : départ à. ,14 h. 30 A Vers</txt>
            <index>La RévéSmtkm de l 'AnssêoUsines à tEVAtlOIS - PARIS CVGUSMC Grand Prix de* Débutant» Cette épreuve organisée par le Cyclo Club de Puteaux, aura lieu dimanche prochain 1  mars et est doté de vingt-cinq magnifiques prix. ■Le parcours est le suivant : Puteaux (départ maison Chauvet, boulevard RIchard-Wallaoe) quai national, la Défense, Nanterre, Rueil,' Cha ton, le Vésinet, Le Pecq, S oint-Germain, la Ma-, ladrerie, Esquevilly, Flins, virage et retour par la môme route jusqu'à la Boule de Nanterre. A cet endroit, prendre h droite là route du: -Mont-Vaiérien, jusqu'au., .bout, . .Arrivée/à la porte-du-f^rt. Distance; 5Q-kilomètres,--. Dans Saint-Germain, la munieïpâ.Ifté' imposé -le parcours suivant : côte du' Pëcq, place Roya le, avenue Clambetta,'rue Thiers, place dil Châ teau, rue Cagnard, rue de .Pontoise, place de Pon toise, rue d'Alsace, rue Ampère et ruç Pe reire, route de Mantes. - Les engagements (1 franc) sont reçus au siège, maison Chanut, 1, avenue de la Dé fense, Puteaux, et chez M, Fontenellè, 80, rue de Paris, Puteaux. Fédération Cycliste et Athlétique Française La F. C. A. F/ fera disputer, dimanche l ,r mars, sa quatrième épreuve du prix d'Ouver ture sur 40 kilomètres. Nul doute que cette épreuve remporte un grand succès, car . nous remarquons fous les dimanches un plus grand nombre d'engagés, grâce à M. Lefèvre qui, §ar sa compétence, mène a bien l'organisation e oes épreuves. Cètte quatrième épreuve est la finale du Prix d'Ouverture. Le parcours suivant a été choisi par la Commission : départ à. ,14 h. 30 A Vers</index>
            <genre source="hm" time="2019-09-29T14:07:37.369+02:00">publicite</genre>
            <genre source="final">publicite</genre>
            <contenuImg CS="1" lang="en" source="hm" time="2020-04-08T18:07:49.669+02:00">motorcycle</contenuImg>
          </ill>
        </ills>
      </page>
      <page ordre="4">
        <nbMot>2017</nbMot>
        <blocTexte>971</blocTexte>
        <blocTab>0</blocTab>
        <blocPub>0</blocPub>
        <blocIllustration>0</blocIllustration>
      </page>
      <page ordre="5">
        <nbMot>894</nbMot>
        <blocTexte>19</blocTexte>
        <blocTab>0</blocTab>
        <blocPub>0</blocPub>
        <blocIllustration>5</blocIllustration>
        <ills/>
      </page>
      <page ordre="6">
        <nbMot>958</nbMot>
        <blocTexte>27</blocTexte>
        <blocTab>0</blocTab>
        <blocPub>0</blocPub>
        <blocIllustration>2</blocIllustration>
        <ills/>
      </page>
    </pages>
  </contenus>
</analyseAlto>