<analyseAlto>
  <metad>
    <type>P</type>
    <ID>bpt6k751617r</ID>
    <titre>Le Siècle</titre>
    <dateEdition>1920-08-01</dateEdition>
    <nbPage>4</nbPage>
    <suppl>FALSE</suppl>
  </metad>
  <contenus>
    <largeur>359</largeur>
    <hauteur>541</hauteur>
    <pages>
      <page ordre="1">
        <nbMot>592</nbMot>
        <blocTexte>31</blocTexte>
        <blocTab>0</blocTab>
        <blocPub>0</blocPub>
        <blocIllustration>0</blocIllustration>
      </page>
      <page ordre="2">
        <nbMot>804</nbMot>
        <blocTexte>42</blocTexte>
        <blocTab>0</blocTab>
        <blocPub>0</blocPub>
        <blocIllustration>8</blocIllustration>
        <ills/>
      </page>
      <page ordre="3">
        <nbMot>824</nbMot>
        <blocTexte>29</blocTexte>
        <blocTab>0</blocTab>
        <blocPub>0</blocPub>
        <blocIllustration>0</blocIllustration>
      </page>
      <page ordre="4">
        <nbMot>1198</nbMot>
        <blocTexte>393</blocTexte>
        <blocTab>0</blocTab>
        <blocPub>0</blocPub>
        <blocIllustration>2</blocIllustration>
        <ills>
          <ill classif="DFdnn" couleur="gris" derniere="true" edit="1" h="919" n="4-1" pub="1" taille="1" w="752" x="924" y="4684">
            <contenuImg CS="0.99" h="100" l="85" sexe="P" source="dnn" x="167" y="185">face</contenuImg>
            <leg>CIAIIU</leg>
            <txt>Helftrich, qui couvrit le demi-mille en 1 m. 54 s. 1/5 ; Mérédtth, le quart de mille en 49 s. 3/5 ; Piaddack, les 100 yards en 10 s. — C'est la France qui enverra le plus grand nombre d'athlètes à Anvers : les nôtres ne seront pas moins de KO. L'Amérique vient ensuite avec 320. — Los épreuves de tir ont commence avant- hier. SPORTS FEMININS Academia. — Réunions du samêd.i : Tenais à Auteuil, cuiture physique, athlétisme, 15 h. au Vaâ d'Or. — Aviroai, entraînement au C.N. de France. Demain dimanche, réunions au Val-d'Or (matin et après-midi). Secrétaire d'Academia, 16, rue Taitbout, de 14 à 18 h. IDES BLEUS c/kcf GrtxiijdLr Chrijdiej'Iraiœais</txt>
            <index>CIAIIUHelftrich, qui couvrit le demi-mille en 1 m. 54 s. 1/5 ; Mérédtth, le quart de mille en 49 s. 3/5 ; Piaddack, les 100 yards en 10 s. — C'est la France qui enverra le plus grand nombre d'athlètes à Anvers : les nôtres ne seront pas moins de KO. L'Amérique vient ensuite avec 320. — Los épreuves de tir ont commence avant- hier. SPORTS FEMININS Academia. — Réunions du samêd.i : Tenais à Auteuil, cuiture physique, athlétisme, 15 h. au Vaâ d'Or. — Aviroai, entraînement au C.N. de France. Demain dimanche, réunions au Val-d'Or (matin et après-midi). Secrétaire d'Academia, 16, rue Taitbout, de 14 à 18 h. IDES BLEUS c/kcf GrtxiijdLr Chrijdiej'Iraiœais</index>
            <genre source="hm" time="2019-09-29T14:23:04.796+02:00">publicite</genre>
            <genre source="final">publicite</genre>
          </ill>
        </ills>
      </page>
    </pages>
  </contenus>
</analyseAlto>