<doc>
  <metad>
    <type>P</type>
    <ID>bpt6k7515717</ID>
    <titre>Le Siècle</titre>
    <dateEdition>1920-06-15</dateEdition>
    <nbPage>4</nbPage>
    <suppl>FALSE</suppl>
  </metad>
  <contenus>
    <largeur>355</largeur>
    <hauteur>537</hauteur>
    <pages>
      <page ordre="1">
        <nbMot>568</nbMot>
        <blocTexte>31</blocTexte>
        <blocTab>0</blocTab>
        <blocPub>0</blocPub>
        <blocIllustration>2</blocIllustration>
        <ills/>
      </page>
      <page ordre="2">
        <nbMot>798</nbMot>
        <blocTexte>29</blocTexte>
        <blocTab>0</blocTab>
        <blocPub>0</blocPub>
        <blocIllustration>0</blocIllustration>
      </page>
      <page ordre="3">
        <nbMot>692</nbMot>
        <blocTexte>25</blocTexte>
        <blocTab>0</blocTab>
        <blocPub>0</blocPub>
        <blocIllustration>2</blocIllustration>
        <ills>
          <ill couleur="gris" edit="1" h="375" n="3-2" pub="1" taille="0" w="629" x="2697" y="5756">
            <leg>259. Avçnue Byerthelof tYON 152, Av des Champs-Elysées PARIS</leg>
            <txt>1 i m iKi inTniitriiir fliîmïri</txt>
            <index>259. Avçnue Byerthelof tYON 152, Av des Champs-Elysées PARIS1 i m iKi inTniitriiir fliîmïri</index>
            <genre source="hm" time="2019-09-29T14:22:19.124+02:00">publicite</genre>
            <genre source="final">publicite</genre>
          </ill>
        </ills>
      </page>
      <page ordre="4">
        <nbMot>1050</nbMot>
        <blocTexte>326</blocTexte>
        <blocTab>0</blocTab>
        <blocPub>0</blocPub>
        <blocIllustration>5</blocIllustration>
        <ills/>
      </page>
    </pages>
  </contenus>
</doc>