<analyseAlto>
  <metad>
    <type>P</type>
    <ID>bpt6k7479037</ID>
    <titre>Le Siècle</titre>
    <dateEdition>1910-04-03</dateEdition>
    <nbPage>4</nbPage>
    <suppl>FALSE</suppl>
  </metad>
  <contenus>
    <largeur>537</largeur>
    <hauteur>700</hauteur>
    <pages>
      <page ordre="1">
        <nbMot>1221</nbMot>
        <blocTexte>41</blocTexte>
        <blocTab>0</blocTab>
        <blocPub>0</blocPub>
        <blocIllustration>6</blocIllustration>
        <ills/>
      </page>
      <page ordre="2">
        <nbMot>1217</nbMot>
        <blocTexte>47</blocTexte>
        <blocTab>0</blocTab>
        <blocPub>0</blocPub>
        <blocIllustration>8</blocIllustration>
        <ills/>
      </page>
      <page ordre="3">
        <nbMot>963</nbMot>
        <blocTexte>105</blocTexte>
        <blocTab>0</blocTab>
        <blocPub>0</blocPub>
        <blocIllustration>13</blocIllustration>
        <ills>
          <ill classif="DFdnn" couleur="gris" edit="1" h="1510" n="3-11" pub="1" taille="1" w="570" x="2794" y="6152">
            <leg>RtîffPQ eHerrette glacée, honte Ternie. forme nouvelle, fcemelleseoosu e, dn 35au Al ••••»....» a 8epB précédent u . I D</leg>
            <txt>Prix Ombrelles JÏSff   dorés, nua oea nouvelles, jolie ^ j\ j. manches. Exceptionnel O . UU VOStUlRô</txt>
            <index>RtîffPQ eHerrette glacée, honte Ternie. forme nouvelle, fcemelleseoosu e, dn 35au Al ••••»....» a 8epB précédent u . I DPrix Ombrelles JÏSff   dorés, nua oea nouvelles, jolie ^ j\ j. manches. Exceptionnel O . UU VOStUlRô</index>
            <genre source="hm" time="2019-09-28T19:00:40.576+02:00">publicite</genre>
            <genre source="final">publicite</genre>
          </ill>
        </ills>
      </page>
      <page ordre="4">
        <nbMot>2337</nbMot>
        <blocTexte>401</blocTexte>
        <blocTab>0</blocTab>
        <blocPub>0</blocPub>
        <blocIllustration>1</blocIllustration>
        <ills/>
      </page>
    </pages>
  </contenus>
</analyseAlto>