<analyseAlto>
  <metad>
    <type>P</type>
    <ID>bpt6k751551j</ID>
    <titre>Le Siècle</titre>
    <dateEdition>1920-05-26</dateEdition>
    <nbPage>4</nbPage>
    <suppl>FALSE</suppl>
  </metad>
  <contenus>
    <largeur>358</largeur>
    <hauteur>536</hauteur>
    <pages>
      <page ordre="1">
        <nbMot>555</nbMot>
        <blocTexte>36</blocTexte>
        <blocTab>0</blocTab>
        <blocPub>0</blocPub>
        <blocIllustration>4</blocIllustration>
        <ills/>
      </page>
      <page ordre="2">
        <nbMot>759</nbMot>
        <blocTexte>38</blocTexte>
        <blocTab>0</blocTab>
        <blocPub>0</blocPub>
        <blocIllustration>3</blocIllustration>
        <ills>
          <ill classif="DFdnn" couleur="gris" edit="1" h="250" n="2-2" pub="1" taille="0" w="684" x="3306" y="3210">
            <leg>BTOmgSigBHgBBi ET POUCE...</leg>
            <txt>Tll. SAMIHiEMRDT JUSTICE</txt>
            <index>BTOmgSigBHgBBi ET POUCE...Tll. SAMIHiEMRDT JUSTICE</index>
            <genre source="hm" time="2019-09-29T14:17:21.043+02:00">publicite</genre>
            <genre source="final">publicite</genre>
          </ill>
        </ills>
      </page>
      <page ordre="3">
        <nbMot>778</nbMot>
        <blocTexte>21</blocTexte>
        <blocTab>0</blocTab>
        <blocPub>0</blocPub>
        <blocIllustration>1</blocIllustration>
        <ills/>
      </page>
      <page ordre="4">
        <nbMot>1019</nbMot>
        <blocTexte>265</blocTexte>
        <blocTab>0</blocTab>
        <blocPub>0</blocPub>
        <blocIllustration>1</blocIllustration>
        <ills/>
      </page>
    </pages>
  </contenus>
</analyseAlto>