<doc>
  <metad>
    <type>P</type>
    <ID>bpt6k751624z</ID>
    <titre>Le Siècle</titre>
    <dateEdition>1920-08-08</dateEdition>
    <nbPage>4</nbPage>
    <suppl>FALSE</suppl>
  </metad>
  <contenus>
    <largeur>359</largeur>
    <hauteur>539</hauteur>
    <pages>
      <page ordre="1">
        <nbMot>589</nbMot>
        <blocTexte>35</blocTexte>
        <blocTab>0</blocTab>
        <blocPub>0</blocPub>
        <blocIllustration>1</blocIllustration>
        <ills/>
      </page>
      <page ordre="2">
        <nbMot>786</nbMot>
        <blocTexte>30</blocTexte>
        <blocTab>0</blocTab>
        <blocPub>0</blocPub>
        <blocIllustration>0</blocIllustration>
      </page>
      <page ordre="3">
        <nbMot>825</nbMot>
        <blocTexte>38</blocTexte>
        <blocTab>0</blocTab>
        <blocPub>0</blocPub>
        <blocIllustration>1</blocIllustration>
        <ills/>
      </page>
      <page ordre="4">
        <nbMot>1083</nbMot>
        <blocTexte>511</blocTexte>
        <blocTab>0</blocTab>
        <blocPub>0</blocPub>
        <blocIllustration>7</blocIllustration>
        <ills>
          <ill classif="DFdnn" couleur="gris" derniere="true" edit="1" h="907" n="4-1" pub="1" taille="1" w="750" x="173" y="4752">
            <contenuImg CS="0.95" h="110" w="82" sexe="P" source="dnn" x="172" y="180">face</contenuImg>
            <index/>
            <genre source="hm" time="2019-09-29T14:23:10.33+02:00">publicite</genre>
            <genre source="final">publicite</genre>
          </ill>
          <ill couleur="gris" derniere="true" edit="1" h="836" n="4-5" pub="1" taille="2" w="1493" x="2555" y="4752">
            <index/>
            <genre source="hm" time="2019-09-29T14:23:11.911+02:00">publicite</genre>
            <genre source="final">publicite</genre>
          </ill>
        </ills>
      </page>
    </pages>
  </contenus>
</doc>