<doc>
  <metad>
    <type>P</type>
    <ID>bpt6k748724z</ID>
    <titre>Le Siècle</titre>
    <dateEdition>1912-07-21</dateEdition>
    <nbPage>6</nbPage>
    <suppl>FALSE</suppl>
  </metad>
  <contenus>
    <largeur>430</largeur>
    <hauteur>616</hauteur>
    <pages>
      <page ordre="1">
        <nbMot>855</nbMot>
        <blocTexte>35</blocTexte>
        <blocTab>0</blocTab>
        <blocPub>0</blocPub>
        <blocIllustration>4</blocIllustration>
        <ills/>
      </page>
      <page ordre="2">
        <nbMot>923</nbMot>
        <blocTexte>31</blocTexte>
        <blocTab>0</blocTab>
        <blocPub>0</blocPub>
        <blocIllustration>2</blocIllustration>
        <ills/>
      </page>
      <page ordre="3">
        <nbMot>709</nbMot>
        <blocTexte>35</blocTexte>
        <blocTab>0</blocTab>
        <blocPub>0</blocPub>
        <blocIllustration>9</blocIllustration>
        <ills/>
      </page>
      <page ordre="4">
        <nbMot>569</nbMot>
        <blocTexte>33</blocTexte>
        <blocTab>0</blocTab>
        <blocPub>0</blocPub>
        <blocIllustration>11</blocIllustration>
        <ills/>
      </page>
      <page ordre="5">
        <nbMot>674</nbMot>
        <blocTexte>61</blocTexte>
        <blocTab>0</blocTab>
        <blocPub>0</blocPub>
        <blocIllustration>19</blocIllustration>
        <ills>
          <ill classif="DFdnn" couleur="gris" edit="1" h="1509" n="5-11" pub="1" taille="3" w="1306" x="1020" y="5409">
            <leg>COSTUMES coutil fantaisie, col chevalPére, belle qualité, avec plis et ceinture, culotte droite, 3 6ans 4 .75 7 à oans 5.25 m n 1a ans 3.11</leg>
            <txt>GRANDE MISE en VENTE de SOLDES ET COUPONS à tous nos Comptoirs</txt>
            <index>COSTUMES coutil fantaisie, col chevalPére, belle qualité, avec plis et ceinture, culotte droite, 3 6ans 4 .75 7 à oans 5.25 m n 1a ans 3.11GRANDE MISE en VENTE de SOLDES ET COUPONS à tous nos Comptoirs</index>
            <genre source="hm" time="2019-09-28T19:16:51.796+02:00">publicite</genre>
            <genre source="final">publicite</genre>
          </ill>
        </ills>
      </page>
      <page ordre="6">
        <nbMot>2073</nbMot>
        <blocTexte>439</blocTexte>
        <blocTab>0</blocTab>
        <blocPub>0</blocPub>
        <blocIllustration>2</blocIllustration>
        <ills/>
      </page>
    </pages>
  </contenus>
</doc>