<analyseAlto>
  <metad>
    <type>P</type>
    <ID>bpt6k751722h</ID>
    <titre>Le Siècle</titre>
    <dateEdition>1920-11-14</dateEdition>
    <nbPage>4</nbPage>
    <suppl>FALSE</suppl>
  </metad>
  <contenus>
    <largeur>358</largeur>
    <hauteur>535</hauteur>
    <pages>
      <page ordre="1">
        <nbMot>618</nbMot>
        <blocTexte>33</blocTexte>
        <blocTab>0</blocTab>
        <blocPub>0</blocPub>
        <blocIllustration>1</blocIllustration>
        <ills/>
      </page>
      <page ordre="2">
        <nbMot>776</nbMot>
        <blocTexte>27</blocTexte>
        <blocTab>0</blocTab>
        <blocPub>0</blocPub>
        <blocIllustration>2</blocIllustration>
        <ills/>
      </page>
      <page ordre="3">
        <nbMot>714</nbMot>
        <blocTexte>25</blocTexte>
        <blocTab>0</blocTab>
        <blocPub>0</blocPub>
        <blocIllustration>1</blocIllustration>
        <ills/>
      </page>
      <page ordre="4">
        <nbMot>1211</nbMot>
        <blocTexte>364</blocTexte>
        <blocTab>0</blocTab>
        <blocPub>0</blocPub>
        <blocIllustration>4</blocIllustration>
        <ills>
          <ill classif="DFdnn" couleur="gris" derniere="true" edit="1" h="917" n="4-2" pub="1" taille="1" w="751" x="3337" y="893">
            <leg>Urgcury.,, Prifi. :.\575.. 585.. 395.. 64-S.. PRIX SANS PRÉCÉDENTS CeHbdèMune gMceûbsolue.est fabriqué avec des matériau* de PRCJ1IEÎÎ CHOIX,les piliers et les barreaux sont ENT1 f REflENTen CUIVREetdefoime carrée.les chapiteau* 50fttenCUIVliEfM35IF. I II constitue le pins I k I omtmeiit d'une Citambre à Coucher moflerae Touteleslangaîgawl en magasin -Supp'ànentpou r ÉCRAN'.20?. ' LIVRAISON A D0HIC(L£ £SPÈDiT(0H5 EN PROVINCE</leg>
            <txt>64 64 63j 62j 62J 624 62.} 62 02 614 61 61 00 60 le nom de M.- Louis Revèche et sous les cou leurs de M. Tranquille Tabard. M. Edmond Blanc a vendu son étalon yen wood à un groupe d'éleveurs. Les deux ans Midi, Filon, Etxerne, Isa belle V et Calais, .achetés par M. H. Blum à M. Vandamme, sont attendus chez l'entraî neur Gui tte t. Mi Comme nous l'indiquons plus haut, c'est à partir de demain que les courses d'Auteuil commenceront à 13 h. 15 et il en sera ainsi jusqu'à la fin de la réunion d'automne.</txt>
            <index>Urgcury.,, Prifi. :.\575.. 585.. 395.. 64-S.. PRIX SANS PRÉCÉDENTS CeHbdèMune gMceûbsolue.est fabriqué avec des matériau* de PRCJ1IEÎÎ CHOIX,les piliers et les barreaux sont ENT1 f REflENTen CUIVREetdefoime carrée.les chapiteau* 50fttenCUIVliEfM35IF. I II constitue le pins I k I omtmeiit d'une Citambre à Coucher moflerae Touteleslangaîgawl en magasin -Supp'ànentpou r ÉCRAN'.20?. ' LIVRAISON A D0HIC(L£ £SPÈDiT(0H5 EN PROVINCE64 64 63j 62j 62J 624 62.} 62 02 614 61 61 00 60 le nom de M.- Louis Revèche et sous les cou leurs de M. Tranquille Tabard. M. Edmond Blanc a vendu son étalon yen wood à un groupe d'éleveurs. Les deux ans Midi, Filon, Etxerne, Isa belle V et Calais, .achetés par M. H. Blum à M. Vandamme, sont attendus chez l'entraî neur Gui tte t. Mi Comme nous l'indiquons plus haut, c'est à partir de demain que les courses d'Auteuil commenceront à 13 h. 15 et il en sera ainsi jusqu'à la fin de la réunion d'automne.</index>
            <genre source="hm" time="2019-09-29T14:27:41.25+02:00">publicite</genre>
            <genre source="final">publicite</genre>
          </ill>
        </ills>
      </page>
    </pages>
  </contenus>
</analyseAlto>