<analyseAlto>
  <metad>
    <type>P</type>
    <ID>bpt6k751505b</ID>
    <titre>Le Siècle</titre>
    <dateEdition>1920-04-10</dateEdition>
    <nbPage>4</nbPage>
    <suppl>FALSE</suppl>
  </metad>
  <contenus>
    <largeur>358</largeur>
    <hauteur>540</hauteur>
    <pages>
      <page ordre="1">
        <nbMot>621</nbMot>
        <blocTexte>34</blocTexte>
        <blocTab>0</blocTab>
        <blocPub>0</blocPub>
        <blocIllustration>6</blocIllustration>
        <ills/>
      </page>
      <page ordre="2">
        <nbMot>760</nbMot>
        <blocTexte>50</blocTexte>
        <blocTab>0</blocTab>
        <blocPub>0</blocPub>
        <blocIllustration>3</blocIllustration>
        <ills/>
      </page>
      <page ordre="3">
        <nbMot>734</nbMot>
        <blocTexte>32</blocTexte>
        <blocTab>0</blocTab>
        <blocPub>0</blocPub>
        <blocIllustration>3</blocIllustration>
        <ills>
          <ill classif="DFdnn" couleur="gris" edit="1" h="250" n="3-2" pub="1" taille="0" w="732" x="3346" y="5210">
            <leg>ET POLICE...</leg>
            <txt>vente à  PARIS-Z'MRl  MAX ViTERBO I I, 1 ' JUSTICE</txt>
            <index>ET POLICE...vente à  PARIS-Z'MRl  MAX ViTERBO I I, 1 ' JUSTICE</index>
            <genre source="hm" time="2019-09-29T14:21:31.018+02:00">publicite</genre>
            <genre source="final">publicite</genre>
          </ill>
        </ills>
      </page>
      <page ordre="4">
        <nbMot>1181</nbMot>
        <blocTexte>422</blocTexte>
        <blocTab>0</blocTab>
        <blocPub>0</blocPub>
        <blocIllustration>1</blocIllustration>
        <ills/>
      </page>
    </pages>
  </contenus>
</analyseAlto>