<analyseAlto>
  <metad>
    <type>P</type>
    <ID>bpt6k7492765</ID>
    <titre>Le Siècle</titre>
    <dateEdition>1914-01-28</dateEdition>
    <nbPage>4</nbPage>
    <suppl>FALSE</suppl>
  </metad>
  <contenus>
    <largeur>428</largeur>
    <hauteur>602</hauteur>
    <pages>
      <page ordre="1">
        <nbMot>915</nbMot>
        <blocTexte>27</blocTexte>
        <blocTab>0</blocTab>
        <blocPub>0</blocPub>
        <blocIllustration>5</blocIllustration>
        <ills/>
      </page>
      <page ordre="2">
        <nbMot>1025</nbMot>
        <blocTexte>22</blocTexte>
        <blocTab>0</blocTab>
        <blocPub>0</blocPub>
        <blocIllustration>0</blocIllustration>
      </page>
      <page ordre="3">
        <nbMot>1047</nbMot>
        <blocTexte>50</blocTexte>
        <blocTab>0</blocTab>
        <blocPub>0</blocPub>
        <blocIllustration>4</blocIllustration>
        <ills>
          <ill classif="DFdnn" couleur="gris" edit="1" h="923" n="3-2" pub="1" taille="1" w="602" x="2515" y="4366">
            <leg>Livraisons journalières . à domicile dans Paris. BIÊRE-CROPË : Le panier d* 1S litres,...,,,».,, 4  *. BIÈRE-BOCK; Le panier de SU petits bock» „ |26 centilitres A fr. Le. panier de 1S canettes (50 centilitres 4 Cf. 50 U CONTENANCE EXACTE DES BOUTEILLES EST GARANTIE Le matériel «ide est . consigné et repris. ' Pour les commandes, écrire : # BRASSERIE KARCHER   Ci», PARIS XX*</leg>
            <txt>31 » 9 50 2G » 7 « = BUVB3 = 1* Bière KARCHER La plus agréable au goût La plus saine pour Vestomac Eecommandée par les Hygiénistes parce que SA QUALITÉ EST GARANTIE Envoi sur demande 4e t'analyse du l.nbnratoire Municipal.</txt>
            <index>Livraisons journalières . à domicile dans Paris. BIÊRE-CROPË : Le panier d* 1S litres,...,,,».,, 4  *. BIÈRE-BOCK; Le panier de SU petits bock» „ |26 centilitres A fr. Le. panier de 1S canettes (50 centilitres 4 Cf. 50 U CONTENANCE EXACTE DES BOUTEILLES EST GARANTIE Le matériel «ide est . consigné et repris. ' Pour les commandes, écrire : # BRASSERIE KARCHER   Ci», PARIS XX*31 » 9 50 2G » 7 « = BUVB3 = 1* Bière KARCHER La plus agréable au goût La plus saine pour Vestomac Eecommandée par les Hygiénistes parce que SA QUALITÉ EST GARANTIE Envoi sur demande 4e t'analyse du l.nbnratoire Municipal.</index>
            <genre source="hm" time="2019-09-29T14:07:21.858+02:00">publicite</genre>
            <genre source="final">publicite</genre>
          </ill>
        </ills>
      </page>
      <page ordre="4">
        <nbMot>2066</nbMot>
        <blocTexte>846</blocTexte>
        <blocTab>0</blocTab>
        <blocPub>0</blocPub>
        <blocIllustration>0</blocIllustration>
      </page>
    </pages>
  </contenus>
</analyseAlto>