<analyseAlto>
  <metad>
    <type>P</type>
    <ID>bpt6k748450j</ID>
    <titre>Le Siècle</titre>
    <dateEdition>1911-10-16</dateEdition>
    <nbPage>6</nbPage>
    <suppl>FALSE</suppl>
  </metad>
  <contenus>
    <largeur>424</largeur>
    <hauteur>607</hauteur>
    <pages>
      <page ordre="1">
        <nbMot>821</nbMot>
        <blocTexte>31</blocTexte>
        <blocTab>0</blocTab>
        <blocPub>0</blocPub>
        <blocIllustration>7</blocIllustration>
        <ills/>
      </page>
      <page ordre="2">
        <nbMot>993</nbMot>
        <blocTexte>34</blocTexte>
        <blocTab>0</blocTab>
        <blocPub>0</blocPub>
        <blocIllustration>0</blocIllustration>
      </page>
      <page ordre="3">
        <nbMot>958</nbMot>
        <blocTexte>25</blocTexte>
        <blocTab>0</blocTab>
        <blocPub>0</blocPub>
        <blocIllustration>2</blocIllustration>
        <ills/>
      </page>
      <page ordre="4">
        <nbMot>998</nbMot>
        <blocTexte>22</blocTexte>
        <blocTab>0</blocTab>
        <blocPub>0</blocPub>
        <blocIllustration>4</blocIllustration>
        <ills/>
      </page>
      <page ordre="5">
        <nbMot>943</nbMot>
        <blocTexte>70</blocTexte>
        <blocTab>0</blocTab>
        <blocPub>0</blocPub>
        <blocIllustration>13</blocIllustration>
        <ills>
          <ill couleur="gris" edit="1" h="995" n="5-2" pub="1" taille="1" w="781" x="874" y="5718">
            <leg>Pendant que la France et l'Allemagne semblent disparaître de scène, -l'Italie ar rive tout à; coup. — -Eh bien ! Mais laissez-moi donc jouer mon acte- ! La-conquête de la Tripolitaine. ■ -- SimpliciSsimxtsi</leg>
            <txt>La capicatureà l'étFaijgeF APRÈS L'AFFAIRE MAROCAINE</txt>
            <index>Pendant que la France et l'Allemagne semblent disparaître de scène, -l'Italie ar rive tout à; coup. — -Eh bien ! Mais laissez-moi donc jouer mon acte- ! La-conquête de la Tripolitaine. ■ -- SimpliciSsimxtsiLa capicatureà l'étFaijgeF APRÈS L'AFFAIRE MAROCAINE</index>
            <genre source="hm" time="2019-09-28T19:10:06.639+02:00">publicite</genre>
            <genre source="final">publicite</genre>
          </ill>
        </ills>
      </page>
      <page ordre="6">
        <nbMot>966</nbMot>
        <blocTexte>90</blocTexte>
        <blocTab>0</blocTab>
        <blocPub>0</blocPub>
        <blocIllustration>6</blocIllustration>
        <ills/>
      </page>
    </pages>
  </contenus>
</analyseAlto>