<doc>
  <metad>
    <type>P</type>
    <ID>bpt6k751705z</ID>
    <titre>Le Siècle</titre>
    <dateEdition>1920-10-28</dateEdition>
    <nbPage>4</nbPage>
    <suppl>FALSE</suppl>
  </metad>
  <contenus>
    <largeur>360</largeur>
    <hauteur>539</hauteur>
    <pages>
      <page ordre="1">
        <nbMot>582</nbMot>
        <blocTexte>28</blocTexte>
        <blocTab>0</blocTab>
        <blocPub>0</blocPub>
        <blocIllustration>0</blocIllustration>
      </page>
      <page ordre="2">
        <nbMot>790</nbMot>
        <blocTexte>46</blocTexte>
        <blocTab>0</blocTab>
        <blocPub>0</blocPub>
        <blocIllustration>2</blocIllustration>
        <ills/>
      </page>
      <page ordre="3">
        <nbMot>697</nbMot>
        <blocTexte>25</blocTexte>
        <blocTab>0</blocTab>
        <blocPub>0</blocPub>
        <blocIllustration>1</blocIllustration>
        <ills>
          <ill couleur="gris" edit="1" h="1051" n="3-1" pub="1" taille="3" w="1533" x="2581" y="2122">
            <contenuImg CS="1" lang="fr" source="hm" time="2020-04-08T18:12:28.782+02:00">camion</contenuImg>
            <leg>LE C. B. A. S TONNÉS BERLIET EST ACTUELLEMENT IE VEHICULE DE POIDS LOURD LE PLUS 1 PARFAIT</leg>
            <txt>I Art et Curiosité- ^ Â _. —   Ventes a l'Hètel Drouot-, salle 6, objets d'art' d'Extnême-Oïient •; (M°« ■ Lair-Dubreiui  . et * Du-3 bourg, M. Portier) ; salle S, bijoux,-éventails- (M 0 Lair-Duiireuil) ; salle-11,«.'objets d'art et d'ameublement xvnr» siècle r(M s;Baudoin, M. M. Marinhelm). Exposition, salle  l, meubles .anciens, Céramiques (M» Bignon).</txt>
            <index>LE C. B. A. S TONNÉS BERLIET EST ACTUELLEMENT IE VEHICULE DE POIDS LOURD LE PLUS 1 PARFAITI Art et Curiosité- ^ Â _. —   Ventes a l'Hètel Drouot-, salle 6, objets d'art' d'Extnême-Oïient •; (M°« ■ Lair-Dubreiui  . et * Du-3 bourg, M. Portier) ; salle S, bijoux,-éventails- (M 0 Lair-Duiireuil) ; salle-11,«.'objets d'art et d'ameublement xvnr» siècle r(M s;Baudoin, M. M. Marinhelm). Exposition, salle  l, meubles .anciens, Céramiques (M» Bignon).</index>
            <genre source="hm" time="2019-09-29T14:23:53.573+02:00">publicite</genre>
            <genre source="final">publicite</genre>
            <contenuImg CS="1" lang="en" source="hm" time="2020-04-08T18:12:28.782+02:00">truck</contenuImg>
          </ill>
        </ills>
      </page>
      <page ordre="4">
        <nbMot>1163</nbMot>
        <blocTexte>294</blocTexte>
        <blocTab>0</blocTab>
        <blocPub>0</blocPub>
        <blocIllustration>2</blocIllustration>
        <ills/>
      </page>
    </pages>
  </contenus>
</doc>