<doc>
  <metad>
    <type>P</type>
    <ID>bpt6k7169296</ID>
    <titre>Le Petit Journal illustré Supplément du dimanche</titre>
    <dateEdition>1910-11-06</dateEdition>
    <nbPage>8</nbPage>
    <suppl>FALSE</suppl>
  </metad>
  <contenus>
    <nbArticle>24</nbArticle>
    <largeur>290</largeur>
    <hauteur>424</hauteur>
    <pages>
      <page ordre="1">
        <nbMot>82</nbMot>
        <blocTexte>12</blocTexte>
        <blocTab>0</blocTab>
        <blocPub>0</blocPub>
        <blocIllustration>1</blocIllustration>
        <ills/>
      </page>
      <page ordre="2">
        <nbMot>3121</nbMot>
        <blocTexte>20</blocTexte>
        <blocTab>0</blocTab>
        <blocPub>0</blocPub>
        <blocIllustration>0</blocIllustration>
      </page>
      <page ordre="3">
        <nbMot>2655</nbMot>
        <blocTexte>20</blocTexte>
        <blocTab>0</blocTab>
        <blocPub>1</blocPub>
        <blocIllustration>4</blocIllustration>
        <ills/>
      </page>
      <page ordre="4">
        <nbMot>3204</nbMot>
        <blocTexte>20</blocTexte>
        <blocTab>0</blocTab>
        <blocPub>1</blocPub>
        <blocIllustration>0</blocIllustration>
      </page>
      <page ordre="5">
        <nbMot>2540</nbMot>
        <blocTexte>21</blocTexte>
        <blocTab>0</blocTab>
        <blocPub>1</blocPub>
        <blocIllustration>3</blocIllustration>
        <ills/>
      </page>
      <page ordre="6">
        <nbMot>2917</nbMot>
        <blocTexte>26</blocTexte>
        <blocTab>0</blocTab>
        <blocPub>5</blocPub>
        <blocIllustration>1</blocIllustration>
        <ills>
          <ill classif="DFdnn" couleur="gris" edit="1" h="502" id="6-1" n="6-1" pub="1" taille="0" w="443" x="128" y="2882">
            <contenuImg CS="1.00" h="180" w="140" sexe="P" source="dnn" x="160" y="165">face</contenuImg>
            <titraille>Répétition, Réputation</titraille>
            <leg>%T MM£A.TfImE. 7(Jf</leg>
            <txt>Le fait que depuis 15 ans vous lisez toujour dans ces colonnes les éloges répétés adret ses aux Pilules Pink, par des malades, est 1; meilleure preuve qu'elles ont acquis une ex cellente réputation. Remarquez-le bien, d'ail leurs, il n'est jamais rien dit par nous ai sujet des Pilules Pink qui ne soit pas appuy d'un ou plusieurs exemples. Nous mention nons ce que peuvent faire les Pilules Pink, e nos malades vous disent, eux, ce que les Pilu les Pink ont fait. Mme Ange-line Tain-e, qui liaHtc rue de Lourelies, à Denâîn. (Nord),'va vous dire que lei; Piil-utes Pink onl guéri son anémie « Depuis long temps je, ne nw sentais pas très bien et mon ouvra ge me causait 'Une fatigue trop grande ît pais naituratlie. Je voyais, et on me le diiisait aussi, que ma figure était, ti r-ée, que j'étais pâle, que j'avais mauvais mime. Je</txt>
            <index>Répétition, Réputation%T MM£A.TfImE. 7(JfLe fait que depuis 15 ans vous lisez toujour dans ces colonnes les éloges répétés adret ses aux Pilules Pink, par des malades, est 1; meilleure preuve qu'elles ont acquis une ex cellente réputation. Remarquez-le bien, d'ail leurs, il n'est jamais rien dit par nous ai sujet des Pilules Pink qui ne soit pas appuy d'un ou plusieurs exemples. Nous mention nons ce que peuvent faire les Pilules Pink, e nos malades vous disent, eux, ce que les Pilu les Pink ont fait. Mme Ange-line Tain-e, qui liaHtc rue de Lourelies, à Denâîn. (Nord),'va vous dire que lei; Piil-utes Pink onl guéri son anémie « Depuis long temps je, ne nw sentais pas très bien et mon ouvra ge me causait 'Une fatigue trop grande ît pais naituratlie. Je voyais, et on me le diiisait aussi, que ma figure était, ti r-ée, que j'étais pâle, que j'avais mauvais mime. Je</index>
            <genre source="hm" time="2019-09-28T19:02:35.774+02:00">publicite</genre>
            <genre source="final">publicite</genre>
          </ill>
        </ills>
      </page>
      <page ordre="7">
        <nbMot>1704</nbMot>
        <blocTexte>21</blocTexte>
        <blocTab>0</blocTab>
        <blocPub>5</blocPub>
        <blocIllustration>1</blocIllustration>
        <ills/>
      </page>
      <page ordre="8">
        <nbMot>15</nbMot>
        <blocTexte>3</blocTexte>
        <blocTab>0</blocTab>
        <blocPub>0</blocPub>
        <blocIllustration>1</blocIllustration>
        <ills/>
      </page>
    </pages>
  </contenus>
</doc>