<analyseAlto>
  <metad>
    <type>P</type>
    <ID>bpt6k717308j</ID>
    <titre>Le Petit Journal illustré Supplément du dimanche</titre>
    <dateEdition>1918-03-31</dateEdition>
    <nbPage>8</nbPage>
    <suppl>FALSE</suppl>
  </metad>
  <contenus>
    <nbArticle>20</nbArticle>
    <largeur>295</largeur>
    <hauteur>372</hauteur>
    <pages>
      <page ordre="1">
        <nbMot>58</nbMot>
        <blocTexte>10</blocTexte>
        <blocTab>0</blocTab>
        <blocPub>0</blocPub>
        <blocIllustration>1</blocIllustration>
        <ills/>
      </page>
      <page ordre="2">
        <nbMot>2887</nbMot>
        <blocTexte>10</blocTexte>
        <blocTab>0</blocTab>
        <blocPub>0</blocPub>
        <blocIllustration>0</blocIllustration>
      </page>
      <page ordre="3">
        <nbMot>1723</nbMot>
        <blocTexte>20</blocTexte>
        <blocTab>0</blocTab>
        <blocPub>2</blocPub>
        <blocIllustration>3</blocIllustration>
        <ills/>
      </page>
      <page ordre="4">
        <nbMot>1387</nbMot>
        <blocTexte>12</blocTexte>
        <blocTab>0</blocTab>
        <blocPub>0</blocPub>
        <blocIllustration>3</blocIllustration>
        <ills>
          <ill classif="DFdnn" couleur="gris" edit="1" h="1389" id="4-1" n="4-1" pub="1" taille="2" w="842" x="66" y="194">
            <contenuImg CS="0.23" h="227" l="172" sexe="P" source="dnn" x="272" y="232">face</contenuImg>
            <contenuImg CS="0.30" h="150" l="97" sexe="P" source="dnn" x="427" y="320">face</contenuImg>
            <titraille>LE VAGUEMESTRE</titraille>
            <index>LE VAGUEMESTRE</index>
            <genre source="hm" time="2019-09-28T19:36:45.774+02:00">publicite</genre>
            <genre source="final">publicite</genre>
          </ill>
          <ill classif="DFdnn" couleur="gris" edit="1" h="1337" id="4-3" n="4-3" pub="1" taille="2" w="808" x="2554" y="215">
            <contenuImg CS="0.84" h="122" l="92" sexe="P" source="dnn" x="337" y="345">face</contenuImg>
            <contenuImg CS="0.89" h="160" l="125" sexe="P" source="dnn" x="435" y="335">face</contenuImg>
            <txt>Grand roman - cinéma en huit épisodes par HENRI -GERMAIN Filmé par les Etablissements L. AIiBERT</txt>
            <index>Grand roman - cinéma en huit épisodes par HENRI -GERMAIN Filmé par les Etablissements L. AIiBERT</index>
            <genre source="hm" time="2019-09-28T19:31:01.832+02:00">publicite</genre>
            <genre source="final">publicite</genre>
          </ill>
        </ills>
      </page>
      <page ordre="5">
        <nbMot>2324</nbMot>
        <blocTexte>8</blocTexte>
        <blocTab>0</blocTab>
        <blocPub>0</blocPub>
        <blocIllustration>1</blocIllustration>
        <ills/>
      </page>
      <page ordre="6">
        <nbMot>2296</nbMot>
        <blocTexte>8</blocTexte>
        <blocTab>0</blocTab>
        <blocPub>0</blocPub>
        <blocIllustration>1</blocIllustration>
        <ills/>
      </page>
      <page ordre="7">
        <nbMot>2875</nbMot>
        <blocTexte>16</blocTexte>
        <blocTab>0</blocTab>
        <blocPub>0</blocPub>
        <blocIllustration>0</blocIllustration>
      </page>
      <page ordre="8">
        <nbMot>1891</nbMot>
        <blocTexte>19</blocTexte>
        <blocTab>0</blocTab>
        <blocPub>3</blocPub>
        <blocIllustration>3</blocIllustration>
        <ills/>
      </page>
    </pages>
  </contenus>
</analyseAlto>