<doc>
  <metad>
    <type>P</type>
    <ID>bpt6k7173690</ID>
    <titre>Le Petit Journal illustré Supplément du dimanche</titre>
    <dateEdition>1919-06-01</dateEdition>
    <nbPage>8</nbPage>
    <suppl>FALSE</suppl>
  </metad>
  <contenus>
    <nbArticle>31</nbArticle>
    <largeur>292</largeur>
    <hauteur>379</hauteur>
    <pages>
      <page ordre="1">
        <nbMot>138</nbMot>
        <blocTexte>12</blocTexte>
        <blocTab>0</blocTab>
        <blocPub>0</blocPub>
        <blocIllustration>1</blocIllustration>
        <ills/>
      </page>
      <page ordre="2">
        <nbMot>2855</nbMot>
        <blocTexte>13</blocTexte>
        <blocTab>0</blocTab>
        <blocPub>0</blocPub>
        <blocIllustration>0</blocIllustration>
      </page>
      <page ordre="3">
        <nbMot>1928</nbMot>
        <blocTexte>15</blocTexte>
        <blocTab>0</blocTab>
        <blocPub>0</blocPub>
        <blocIllustration>3</blocIllustration>
        <ills/>
      </page>
      <page ordre="4">
        <nbMot>3018</nbMot>
        <blocTexte>18</blocTexte>
        <blocTab>0</blocTab>
        <blocPub>0</blocPub>
        <blocIllustration>0</blocIllustration>
      </page>
      <page ordre="5">
        <nbMot>2362</nbMot>
        <blocTexte>15</blocTexte>
        <blocTab>0</blocTab>
        <blocPub>1</blocPub>
        <blocIllustration>1</blocIllustration>
        <ills/>
      </page>
      <page ordre="6">
        <nbMot>2983</nbMot>
        <blocTexte>20</blocTexte>
        <blocTab>0</blocTab>
        <blocPub>0</blocPub>
        <blocIllustration>1</blocIllustration>
        <ills>
          <ill classif="DFdnn" couleur="gris" edit="1" h="790" id="6-1" n="6-1" pub="1" taille="1" w="687" x="2580" y="1949">
            <contenuImg CS="1.00" h="435" w="317" sexe="P" source="dnn" x="185" y="190">face</contenuImg>
            <titraille>Fusées de signal</titraille>
            <leg>MARIE R OUSSELI F</leg>
            <txt>Dans la nuit de tourmente, de cauchemar, fe soldat interrogeait le ciel. C'est par le ciel, par la fusée de signal, que le commandement attentif, correspondait avec lui, isolé, perdu, à la corne d'un bois ou terré dans son trou, et le renseignait sur ce qu'il devait faire, sur ce qui allait être . tenté, sur ce dont on avait  besoin pour détruire le mauvais, l'ennemi. Dans l'universel champ de lutte contre le mauvais, le mal, les Pilules Pink envoient aussi à ceux qui sont dans la lutte, la peine, la douleur, la souffrance, leur fusée de signal. Les attestations des personnes guéries, pu bliées régulièrement depuis plus de trente ans dans tous les journaux du monde, sont ces fusées de signal. A tous le,? inconnus qui sont dans la peine, la souffrance, les Pilules Pinlc s'adressent ainsi et c'est pour dire aux mala des uniquement ceci : « Voilà ce que j'ai fait pour d'autres qui souffraient de ce dont vous vous plaignez. » Aujourd'hui notre fusée de signal</txt>
            <index>Fusées de signalMARIE R OUSSELI FDans la nuit de tourmente, de cauchemar, fe soldat interrogeait le ciel. C'est par le ciel, par la fusée de signal, que le commandement attentif, correspondait avec lui, isolé, perdu, à la corne d'un bois ou terré dans son trou, et le renseignait sur ce qu'il devait faire, sur ce qui allait être . tenté, sur ce dont on avait  besoin pour détruire le mauvais, l'ennemi. Dans l'universel champ de lutte contre le mauvais, le mal, les Pilules Pink envoient aussi à ceux qui sont dans la lutte, la peine, la douleur, la souffrance, leur fusée de signal. Les attestations des personnes guéries, pu bliées régulièrement depuis plus de trente ans dans tous les journaux du monde, sont ces fusées de signal. A tous le,? inconnus qui sont dans la peine, la souffrance, les Pilules Pinlc s'adressent ainsi et c'est pour dire aux mala des uniquement ceci : « Voilà ce que j'ai fait pour d'autres qui souffraient de ce dont vous vous plaignez. » Aujourd'hui notre fusée de signal</index>
            <genre source="hm" time="2019-09-28T19:19:33.936+02:00">publicite</genre>
            <genre source="final">publicite</genre>
          </ill>
        </ills>
      </page>
      <page ordre="7">
        <nbMot>1911</nbMot>
        <blocTexte>23</blocTexte>
        <blocTab>0</blocTab>
        <blocPub>3</blocPub>
        <blocIllustration>4</blocIllustration>
        <ills/>
      </page>
      <page ordre="8">
        <nbMot>56</nbMot>
        <blocTexte>4</blocTexte>
        <blocTab>0</blocTab>
        <blocPub>0</blocPub>
        <blocIllustration>9</blocIllustration>
        <ills/>
      </page>
    </pages>
  </contenus>
</doc>