<analyseAlto>
  <metad>
    <type>P</type>
    <ID>bpt6k717421w</ID>
    <titre>Le Petit Journal illustré Supplément du dimanche</titre>
    <dateEdition>1920-05-30</dateEdition>
    <nbPage>8</nbPage>
    <suppl>FALSE</suppl>
  </metad>
  <contenus>
    <nbArticle>20</nbArticle>
    <largeur>293</largeur>
    <hauteur>373</hauteur>
    <pages>
      <page ordre="1">
        <nbMot>91</nbMot>
        <blocTexte>11</blocTexte>
        <blocTab>0</blocTab>
        <blocPub>0</blocPub>
        <blocIllustration>1</blocIllustration>
        <ills/>
      </page>
      <page ordre="2">
        <nbMot>2861</nbMot>
        <blocTexte>14</blocTexte>
        <blocTab>0</blocTab>
        <blocPub>0</blocPub>
        <blocIllustration>0</blocIllustration>
      </page>
      <page ordre="3">
        <nbMot>2033</nbMot>
        <blocTexte>14</blocTexte>
        <blocTab>0</blocTab>
        <blocPub>0</blocPub>
        <blocIllustration>3</blocIllustration>
        <ills/>
      </page>
      <page ordre="4">
        <nbMot>2769</nbMot>
        <blocTexte>19</blocTexte>
        <blocTab>0</blocTab>
        <blocPub>0</blocPub>
        <blocIllustration>1</blocIllustration>
        <ills/>
      </page>
      <page ordre="5">
        <nbMot>2507</nbMot>
        <blocTexte>14</blocTexte>
        <blocTab>0</blocTab>
        <blocPub>0</blocPub>
        <blocIllustration>1</blocIllustration>
        <ills/>
      </page>
      <page ordre="6">
        <nbMot>2781</nbMot>
        <blocTexte>14</blocTexte>
        <blocTab>0</blocTab>
        <blocPub>0</blocPub>
        <blocIllustration>1</blocIllustration>
        <ills/>
      </page>
      <page ordre="7">
        <nbMot>2123</nbMot>
        <blocTexte>22</blocTexte>
        <blocTab>0</blocTab>
        <blocPub>3</blocPub>
        <blocIllustration>3</blocIllustration>
        <ills>
          <ill classif="DFdnn" couleur="gris" edit="1" h="814" id="7-1" n="7-1" pub="1" taille="1" w="724" x="969" y="531">
            <contenuImg CS="1.00" h="402" l="322" sexe="P" source="dnn" x="167" y="205">face</contenuImg>
            <titraille>La bonne garde</titraille>
            <txt>Celui qui est anémié, déprimé, et qui ne réussit (pas à se fortifier, si le mauvais mi crobe vient a passer, sera pincé. Exemple Mme Suzanne Rov, de Guyans-Vennes (Doubs), écrit :</txt>
            <index>La bonne gardeCelui qui est anémié, déprimé, et qui ne réussit (pas à se fortifier, si le mauvais mi crobe vient a passer, sera pincé. Exemple Mme Suzanne Rov, de Guyans-Vennes (Doubs), écrit :</index>
            <genre source="hm" time="2019-09-28T19:21:01.927+02:00">publicite</genre>
            <genre source="final">publicite</genre>
          </ill>
        </ills>
      </page>
      <page ordre="8">
        <nbMot>98</nbMot>
        <blocTexte>4</blocTexte>
        <blocTab>0</blocTab>
        <blocPub>0</blocPub>
        <blocIllustration>1</blocIllustration>
        <ills/>
      </page>
    </pages>
  </contenus>
</analyseAlto>