<doc>
  <metad>
    <type>P</type>
    <ID>bpt6k717414p</ID>
    <titre>Le Petit Journal illustré Supplément du dimanche</titre>
    <dateEdition>1920-04-11</dateEdition>
    <nbPage>8</nbPage>
    <suppl>FALSE</suppl>
  </metad>
  <contenus>
    <nbArticle>22</nbArticle>
    <largeur>293</largeur>
    <hauteur>373</hauteur>
    <pages>
      <page ordre="1">
        <nbMot>126</nbMot>
        <blocTexte>13</blocTexte>
        <blocTab>0</blocTab>
        <blocPub>0</blocPub>
        <blocIllustration>1</blocIllustration>
        <ills/>
      </page>
      <page ordre="2">
        <nbMot>2952</nbMot>
        <blocTexte>16</blocTexte>
        <blocTab>0</blocTab>
        <blocPub>0</blocPub>
        <blocIllustration>0</blocIllustration>
      </page>
      <page ordre="3">
        <nbMot>2719</nbMot>
        <blocTexte>13</blocTexte>
        <blocTab>0</blocTab>
        <blocPub>0</blocPub>
        <blocIllustration>1</blocIllustration>
        <ills/>
      </page>
      <page ordre="4">
        <nbMot>2600</nbMot>
        <blocTexte>18</blocTexte>
        <blocTab>0</blocTab>
        <blocPub>0</blocPub>
        <blocIllustration>1</blocIllustration>
        <ills/>
      </page>
      <page ordre="5">
        <nbMot>2506</nbMot>
        <blocTexte>12</blocTexte>
        <blocTab>0</blocTab>
        <blocPub>0</blocPub>
        <blocIllustration>1</blocIllustration>
        <ills/>
      </page>
      <page ordre="6">
        <nbMot>2947</nbMot>
        <blocTexte>14</blocTexte>
        <blocTab>0</blocTab>
        <blocPub>2</blocPub>
        <blocIllustration>0</blocIllustration>
      </page>
      <page ordre="7">
        <nbMot>1865</nbMot>
        <blocTexte>29</blocTexte>
        <blocTab>0</blocTab>
        <blocPub>14</blocPub>
        <blocIllustration>4</blocIllustration>
        <ills>
          <ill classif="DFdnn" couleur="gris" edit="1" h="800" id="7-1" n="7-1" pub="1" taille="1" w="710" x="159" y="1019">
            <contenuImg CS="1.00" h="405" w="325" sexe="P" source="dnn" x="172" y="195">face</contenuImg>
            <titraille>Aux malades anémiés, déprimés qui dépérissent, aux malades sur gui les traitements einployés-semblent n'avoir eu aucune action,, nous dédions cette lettre toute récente d'une personne qui dit que sans, les Pilules PinU, elle ne serait plus de ce monde. Cette malade est Mme Petit, femme du directeur de la grande distillerie agricole de Ognes, par Nameuil-le-Haudoum (Oise). Elle écrivait dernièrement :</titraille>
            <leg>Madame Petit. (Cl. Frimat-Husson.)</leg>
            <txt>' Je vous fais aujourd'hui part de toute ma gratitude et de toute ma recounaissance ipour -u belle guérison que les Pilules Pink m'ont jrocurée. Il 3- a quelques mois, sans que jen puisse expliquer la cause, je me suis trouvée dans un état, d'anémie excessivement sérieux. J'ai pensé que les Pilules Pink pour raient me faire du bien. Les Pilules Pink m'ont très rapidement guérie, et cette guéri son fait l'admiration de toutes les personnes de notre entourage, qui m'avaient vue si mal pendant si longtemps. Et Mme Petit ajoute en terminant : « Sans vos Pilules Pink, je crois que je ne serais plus de ce monde. » *Sans commentaires. Ajoutons simplement que les Pilules Pink ont été conçues, prépa rées, combinées pour donner du sang, tonifier le s3-stème nerveux. Depuis bientôt trente ans. elles sont, demandées par les malades du monde entier, et sont ce qu'il y a de mieux, de plus actif, de plus certain pour guérir l'anémie, la cihorose des ieunes filles, les maux d'estomac, migraines,  névralgies, dou leurs. épuisement nerveux, neurasthénie. Les Pilules Pink sont en vente dans toutes les pharmacies et au dépôt, Pharmacie P. darret, 23, rue Bailu, Farie ; la hoîte. 450 ; les 6 boites, 24. francs franco, plus 050 de taxe par boite</txt>
            <index>Aux malades anémiés, déprimés qui dépérissent, aux malades sur gui les traitements einployés-semblent n'avoir eu aucune action,, nous dédions cette lettre toute récente d'une personne qui dit que sans, les Pilules PinU, elle ne serait plus de ce monde. Cette malade est Mme Petit, femme du directeur de la grande distillerie agricole de Ognes, par Nameuil-le-Haudoum (Oise). Elle écrivait dernièrement :Madame Petit. (Cl. Frimat-Husson.)' Je vous fais aujourd'hui part de toute ma gratitude et de toute ma recounaissance ipour -u belle guérison que les Pilules Pink m'ont jrocurée. Il 3- a quelques mois, sans que jen puisse expliquer la cause, je me suis trouvée dans un état, d'anémie excessivement sérieux. J'ai pensé que les Pilules Pink pour raient me faire du bien. Les Pilules Pink m'ont très rapidement guérie, et cette guéri son fait l'admiration de toutes les personnes de notre entourage, qui m'avaient vue si mal pendant si longtemps. Et Mme Petit ajoute en terminant : « Sans vos Pilules Pink, je crois que je ne serais plus de ce monde. » *Sans commentaires. Ajoutons simplement que les Pilules Pink ont été conçues, prépa rées, combinées pour donner du sang, tonifier le s3-stème nerveux. Depuis bientôt trente ans. elles sont, demandées par les malades du monde entier, et sont ce qu'il y a de mieux, de plus actif, de plus certain pour guérir l'anémie, la cihorose des ieunes filles, les maux d'estomac, migraines,  névralgies, dou leurs. épuisement nerveux, neurasthénie. Les Pilules Pink sont en vente dans toutes les pharmacies et au dépôt, Pharmacie P. darret, 23, rue Bailu, Farie ; la hoîte. 450 ; les 6 boites, 24. francs franco, plus 050 de taxe par boite</index>
            <genre source="hm" time="2019-09-29T14:16:35.297+02:00">publicite</genre>
            <genre source="final">publicite</genre>
          </ill>
        </ills>
      </page>
      <page ordre="8">
        <nbMot>90</nbMot>
        <blocTexte>5</blocTexte>
        <blocTab>0</blocTab>
        <blocPub>0</blocPub>
        <blocIllustration>1</blocIllustration>
        <ills/>
      </page>
    </pages>
  </contenus>
</doc>