<doc>
  <metad>
    <type>P</type>
    <ID>bpt6k563514p</ID>
    <titre>Le Petit Parisien</titre>
    <dateEdition>1910-02-10</dateEdition>
    <nbPage>6</nbPage>
    <suppl>FALSE</suppl>
  </metad>
  <contenus>
    <nbArticle>77</nbArticle>
    <largeur>418</largeur>
    <hauteur>578</hauteur>
    <pages>
      <page ordre="1">
        <nbMot>5356</nbMot>
        <blocTexte>47</blocTexte>
        <blocTab>0</blocTab>
        <blocPub>0</blocPub>
        <blocIllustration>3</blocIllustration>
        <ills/>
      </page>
      <page ordre="2">
        <nbMot>6832</nbMot>
        <blocTexte>41</blocTexte>
        <blocTab>0</blocTab>
        <blocPub>0</blocPub>
        <blocIllustration>0</blocIllustration>
      </page>
      <page ordre="3">
        <nbMot>6116</nbMot>
        <blocTexte>59</blocTexte>
        <blocTab>0</blocTab>
        <blocPub>0</blocPub>
        <blocIllustration>0</blocIllustration>
      </page>
      <page ordre="4">
        <nbMot>6869</nbMot>
        <blocTexte>67</blocTexte>
        <blocTab>0</blocTab>
        <blocPub>5</blocPub>
        <blocIllustration>0</blocIllustration>
      </page>
      <page ordre="5">
        <nbMot>6749</nbMot>
        <blocTexte>67</blocTexte>
        <blocTab>5</blocTab>
        <blocPub>6</blocPub>
        <blocIllustration>0</blocIllustration>
      </page>
      <page ordre="6">
        <nbMot>7685</nbMot>
        <blocTexte>24</blocTexte>
        <blocTab>7</blocTab>
        <blocPub>8</blocPub>
        <blocIllustration>1</blocIllustration>
        <ills>
          <ill classif="DFdnn" couleur="gris" derniere="true" edit="1" h="718" id="6-1" n="6-1" pub="1" taille="0" w="697" x="141" y="1248">
            <type/>
            <titraille>MOYEN D'ASSAINIR L'EAU</titraille>
            <leg>MICROBES contenus dans l'eau impure Le Goudran-Guyot tue tous ces microbes</leg>
            <txt>ET OE SE ••RÉSERVER SUREMENT dM MALAOIES EPIDEMIQUES Chacun sait aujourd'hui que les médecins sent tous d'accord pour reconnaître que c'est par l'eau que se communiquent la plu part des maladies épidémiques, telles que la lièvre typhoïde, la dysenterie, le choléra, et aussi la grippe et l'influença. Lleau contient une infinité d'animalcules que l'en appelle microbes et dont quelques-uns sont les ger mes des maladies les pfcus dangereuses. De là, une eau est malsaine quand elle contient ces mauvais microbes. Quand on n'a pas une eau très pure, et surtout quand il règne des épidémies dans un pays, il sera prudeiït, pour s'en préser ver, d'assainir l'eau que Ton boit. Le plus sùr est d'abord de la faire bouillir. Ensuite, le moyen le plus simple, le plus edficace et le plus économique de se préserver des épidé mies est d'ajouter, à sa boisson, un peu d'eau de goudron. Le goudron est un antiseptique au premier chef. Il tue les microbes, causes de toutes nos maladies graves et, de la sorte, nous en préserve. Il rend donc saine £t sa lutaire l'eau que nous buvons, et nous ga rantit ainsi des épidémies.</txt>
            <index>MOYEN D'ASSAINIR L'EAUMICROBES contenus dans l'eau impure Le Goudran-Guyot tue tous ces microbesET OE SE ••RÉSERVER SUREMENT dM MALAOIES EPIDEMIQUES Chacun sait aujourd'hui que les médecins sent tous d'accord pour reconnaître que c'est par l'eau que se communiquent la plu part des maladies épidémiques, telles que la lièvre typhoïde, la dysenterie, le choléra, et aussi la grippe et l'influença. Lleau contient une infinité d'animalcules que l'en appelle microbes et dont quelques-uns sont les ger mes des maladies les pfcus dangereuses. De là, une eau est malsaine quand elle contient ces mauvais microbes. Quand on n'a pas une eau très pure, et surtout quand il règne des épidémies dans un pays, il sera prudeiït, pour s'en préser ver, d'assainir l'eau que Ton boit. Le plus sùr est d'abord de la faire bouillir. Ensuite, le moyen le plus simple, le plus edficace et le plus économique de se préserver des épidé mies est d'ajouter, à sa boisson, un peu d'eau de goudron. Le goudron est un antiseptique au premier chef. Il tue les microbes, causes de toutes nos maladies graves et, de la sorte, nous en préserve. Il rend donc saine £t sa lutaire l'eau que nous buvons, et nous ga rantit ainsi des épidémies.</index>
            <genre source="hm" time="2019-09-29T16:20:39.941+02:00">publicite</genre>
            <genre source="final">publicite</genre>
          </ill>
        </ills>
      </page>
    </pages>
  </contenus>
</doc>