<analyseAlto>
  <metad>
    <type>P</type>
    <ID>bpt6k5637628</ID>
    <titre>Le Petit Parisien</titre>
    <dateEdition>1910-10-17</dateEdition>
    <nbPage>6</nbPage>
    <suppl>FALSE</suppl>
  </metad>
  <contenus>
    <nbArticle>58</nbArticle>
    <largeur>423</largeur>
    <hauteur>569</hauteur>
    <pages>
      <page ordre="1">
        <nbMot>4367</nbMot>
        <blocTexte>36</blocTexte>
        <blocTab>0</blocTab>
        <blocPub>0</blocPub>
        <blocIllustration>3</blocIllustration>
        <ills/>
      </page>
      <page ordre="2">
        <nbMot>6654</nbMot>
        <blocTexte>55</blocTexte>
        <blocTab>0</blocTab>
        <blocPub>0</blocPub>
        <blocIllustration>0</blocIllustration>
      </page>
      <page ordre="3">
        <nbMot>5963</nbMot>
        <blocTexte>72</blocTexte>
        <blocTab>0</blocTab>
        <blocPub>0</blocPub>
        <blocIllustration>0</blocIllustration>
      </page>
      <page ordre="4">
        <nbMot>6453</nbMot>
        <blocTexte>67</blocTexte>
        <blocTab>1</blocTab>
        <blocPub>2</blocPub>
        <blocIllustration>1</blocIllustration>
        <ills/>
      </page>
      <page ordre="5">
        <nbMot>6372</nbMot>
        <blocTexte>37</blocTexte>
        <blocTab>0</blocTab>
        <blocPub>7</blocPub>
        <blocIllustration>1</blocIllustration>
        <ills>
          <ill classif="DFdnn" couleur="gris" edit="1" h="713" id="5-1" n="5-1" pub="1" taille="0" w="687" x="4131" y="506">
            <type/>
            <titraille>GOUTTE D'EAU VUE AU MICROSCOPE</titraille>
            <txt>Des gouttes de liquide extraites de» poumons d'un phtisique le surlenda» main de sou décès renfermaient le» microbes que l'on voit ci-dessous. Les Capsules de Goudron-Guyot tuent ce» microbes dans les poumons.</txt>
            <index>GOUTTE D'EAU VUE AU MICROSCOPEDes gouttes de liquide extraites de» poumons d'un phtisique le surlenda» main de sou décès renfermaient le» microbes que l'on voit ci-dessous. Les Capsules de Goudron-Guyot tuent ce» microbes dans les poumons.</index>
            <genre source="hm" time="2019-09-29T14:32:06.369+02:00">publicite</genre>
            <genre source="final">publicite</genre>
          </ill>
        </ills>
      </page>
      <page ordre="6">
        <nbMot>6103</nbMot>
        <blocTexte>32</blocTexte>
        <blocTab>0</blocTab>
        <blocPub>6</blocPub>
        <blocIllustration>0</blocIllustration>
      </page>
    </pages>
  </contenus>
</analyseAlto>