<doc>
  <metad>
    <type>P</type>
    <ID>bpt6k5637251</ID>
    <titre>Le Petit Parisien</titre>
    <dateEdition>1910-09-10</dateEdition>
    <nbPage>6</nbPage>
    <suppl>FALSE</suppl>
  </metad>
  <contenus>
    <nbArticle>83</nbArticle>
    <largeur>424</largeur>
    <hauteur>578</hauteur>
    <pages>
      <page ordre="1">
        <nbMot>4446</nbMot>
        <blocTexte>37</blocTexte>
        <blocTab>0</blocTab>
        <blocPub>0</blocPub>
        <blocIllustration>4</blocIllustration>
        <ills/>
      </page>
      <page ordre="2">
        <nbMot>6304</nbMot>
        <blocTexte>45</blocTexte>
        <blocTab>0</blocTab>
        <blocPub>0</blocPub>
        <blocIllustration>2</blocIllustration>
        <ills/>
      </page>
      <page ordre="3">
        <nbMot>6125</nbMot>
        <blocTexte>71</blocTexte>
        <blocTab>0</blocTab>
        <blocPub>0</blocPub>
        <blocIllustration>0</blocIllustration>
      </page>
      <page ordre="4">
        <nbMot>7035</nbMot>
        <blocTexte>59</blocTexte>
        <blocTab>1</blocTab>
        <blocPub>1</blocPub>
        <blocIllustration>0</blocIllustration>
      </page>
      <page ordre="5">
        <nbMot>7208</nbMot>
        <blocTexte>69</blocTexte>
        <blocTab>4</blocTab>
        <blocPub>1</blocPub>
        <blocIllustration>1</blocIllustration>
        <ills>
          <ill classif="DFdnn" couleur="gris" edit="1" h="656" id="5-1" n="5-1" pub="1" taille="0" w="459" x="3930" y="1187">
            <type/>
            <titraille>Vos seins peuvent être MAINTENANT développés et raffermis</titraille>
            <txt>grâce à mon merveilleux et nnique moyen exclusivement EXTERNE</txt>
            <index>Vos seins peuvent être MAINTENANT développés et raffermisgrâce à mon merveilleux et nnique moyen exclusivement EXTERNE</index>
            <genre source="hm" time="2019-09-28T19:40:46.585+02:00">publicite</genre>
            <genre source="final">publicite</genre>
          </ill>
        </ills>
      </page>
      <page ordre="6">
        <nbMot>4988</nbMot>
        <blocTexte>15</blocTexte>
        <blocTab>6</blocTab>
        <blocPub>8</blocPub>
        <blocIllustration>0</blocIllustration>
      </page>
    </pages>
  </contenus>
</doc>