<analyseAlto>
  <metad>
    <type>P</type>
    <ID>bpt6k564146h</ID>
    <titre>Le Petit Parisien</titre>
    <dateEdition>1911-11-06</dateEdition>
    <nbPage>6</nbPage>
    <suppl>FALSE</suppl>
  </metad>
  <contenus>
    <nbArticle>73</nbArticle>
    <largeur>418</largeur>
    <hauteur>583</hauteur>
    <pages>
      <page ordre="1">
        <nbMot>5728</nbMot>
        <blocTexte>31</blocTexte>
        <blocTab>0</blocTab>
        <blocPub>0</blocPub>
        <blocIllustration>2</blocIllustration>
        <ills/>
      </page>
      <page ordre="2">
        <nbMot>6484</nbMot>
        <blocTexte>47</blocTexte>
        <blocTab>0</blocTab>
        <blocPub>0</blocPub>
        <blocIllustration>2</blocIllustration>
        <ills/>
      </page>
      <page ordre="3">
        <nbMot>5873</nbMot>
        <blocTexte>70</blocTexte>
        <blocTab>0</blocTab>
        <blocPub>0</blocPub>
        <blocIllustration>0</blocIllustration>
      </page>
      <page ordre="4">
        <nbMot>6859</nbMot>
        <blocTexte>54</blocTexte>
        <blocTab>1</blocTab>
        <blocPub>7</blocPub>
        <blocIllustration>0</blocIllustration>
      </page>
      <page ordre="5">
        <nbMot>7497</nbMot>
        <blocTexte>44</blocTexte>
        <blocTab>0</blocTab>
        <blocPub>4</blocPub>
        <blocIllustration>1</blocIllustration>
        <ills>
          <ill classif="DFdnn" couleur="gris" edit="1" h="706" id="5-1" n="5-1" pub="1" taille="0" w="752" x="4061" y="2629">
            <type/>
            <titraille>QUI SOUFFRENT</titraille>
            <leg>MICROBES de la phtisie détruits par les capsules de Goudron-Guyot</leg>
            <txt>de BRONCHITES, CATARRHES VIEUX RHUMES NEGLIGES</txt>
            <index>QUI SOUFFRENTMICROBES de la phtisie détruits par les capsules de Goudron-Guyotde BRONCHITES, CATARRHES VIEUX RHUMES NEGLIGES</index>
            <genre source="hm" time="2019-09-29T13:20:55.822+02:00">publicite</genre>
            <genre source="final">publicite</genre>
          </ill>
        </ills>
      </page>
      <page ordre="6">
        <nbMot>4111</nbMot>
        <blocTexte>18</blocTexte>
        <blocTab>0</blocTab>
        <blocPub>9</blocPub>
        <blocIllustration>0</blocIllustration>
      </page>
    </pages>
  </contenus>
</analyseAlto>