<analyseAlto>
  <metad>
    <type>P</type>
    <ID>bpt6k564132n</ID>
    <titre>Le Petit Parisien</titre>
    <dateEdition>1911-10-23</dateEdition>
    <nbPage>6</nbPage>
    <suppl>FALSE</suppl>
  </metad>
  <contenus>
    <nbArticle>75</nbArticle>
    <largeur>422</largeur>
    <hauteur>578</hauteur>
    <pages>
      <page ordre="1">
        <nbMot>5209</nbMot>
        <blocTexte>52</blocTexte>
        <blocTab>0</blocTab>
        <blocPub>0</blocPub>
        <blocIllustration>2</blocIllustration>
        <ills/>
      </page>
      <page ordre="2">
        <nbMot>6306</nbMot>
        <blocTexte>59</blocTexte>
        <blocTab>0</blocTab>
        <blocPub>0</blocPub>
        <blocIllustration>3</blocIllustration>
        <ills/>
      </page>
      <page ordre="3">
        <nbMot>6585</nbMot>
        <blocTexte>64</blocTexte>
        <blocTab>0</blocTab>
        <blocPub>0</blocPub>
        <blocIllustration>0</blocIllustration>
      </page>
      <page ordre="4">
        <nbMot>6934</nbMot>
        <blocTexte>69</blocTexte>
        <blocTab>1</blocTab>
        <blocPub>3</blocPub>
        <blocIllustration>1</blocIllustration>
        <ills/>
      </page>
      <page ordre="5">
        <nbMot>7149</nbMot>
        <blocTexte>45</blocTexte>
        <blocTab>0</blocTab>
        <blocPub>2</blocPub>
        <blocIllustration>1</blocIllustration>
        <ills/>
      </page>
      <page ordre="6">
        <nbMot>3673</nbMot>
        <blocTexte>20</blocTexte>
        <blocTab>0</blocTab>
        <blocPub>11</blocPub>
        <blocIllustration>1</blocIllustration>
        <ills>
          <ill classif="DFdnn" couleur="gris" derniere="true" edit="1" h="712" id="6-1" n="6-1" pub="1" taille="0" w="686" x="139" y="643">
            <type/>
            <titraille>GOUTTE D'EAU VUE AU MICROSCOPE</titraille>
            <txt>lies f'oislïes fie liquide extraites des poumons d'un phtisique le surlende main de soi» décès l'enfermaient les microbes que l'on voit ei-dessous. Les capsules de Goudron-Guyot luent ces microbes dans les poumons.</txt>
            <index>GOUTTE D'EAU VUE AU MICROSCOPElies f'oislïes fie liquide extraites des poumons d'un phtisique le surlende main de soi» décès l'enfermaient les microbes que l'on voit ei-dessous. Les capsules de Goudron-Guyot luent ces microbes dans les poumons.</index>
            <genre source="hm" time="2019-09-29T13:20:44.266+02:00">publicite</genre>
            <genre source="final">publicite</genre>
          </ill>
        </ills>
      </page>
    </pages>
  </contenus>
</analyseAlto>