<doc>
  <metad>
    <type>P</type>
    <ID>bpt6k564152b</ID>
    <titre>Le Petit Parisien</titre>
    <dateEdition>1911-11-12</dateEdition>
    <nbPage>8</nbPage>
    <suppl>FALSE</suppl>
  </metad>
  <contenus>
    <nbArticle>96</nbArticle>
    <largeur>417</largeur>
    <hauteur>579</hauteur>
    <pages>
      <page ordre="1">
        <nbMot>4984</nbMot>
        <blocTexte>43</blocTexte>
        <blocTab>0</blocTab>
        <blocPub>1</blocPub>
        <blocIllustration>3</blocIllustration>
        <ills/>
      </page>
      <page ordre="2">
        <nbMot>6493</nbMot>
        <blocTexte>42</blocTexte>
        <blocTab>0</blocTab>
        <blocPub>0</blocPub>
        <blocIllustration>2</blocIllustration>
        <ills/>
      </page>
      <page ordre="3">
        <nbMot>6444</nbMot>
        <blocTexte>59</blocTexte>
        <blocTab>0</blocTab>
        <blocPub>1</blocPub>
        <blocIllustration>0</blocIllustration>
      </page>
      <page ordre="4">
        <nbMot>5821</nbMot>
        <blocTexte>61</blocTexte>
        <blocTab>0</blocTab>
        <blocPub>9</blocPub>
        <blocIllustration>2</blocIllustration>
        <ills>
          <ill classif="DFdnn" couleur="gris" edit="1" h="755" id="4-1" n="4-1" pub="1" taille="0" w="667" x="113" y="833">
            <contenuImg CS="0.99" h="207" w="150" sexe="P" source="dnn" x="225" y="82">face</contenuImg>
            <type/>
            <titraille>Kapture d'une conduite d'eau</titraille>
            <txt>UHE MAISON EN DANGER</txt>
            <index>Kapture d'une conduite d'eauUHE MAISON EN DANGER</index>
            <genre source="hm" time="2019-09-29T13:20:52.641+02:00">publicite</genre>
            <genre source="final">publicite</genre>
          </ill>
        </ills>
      </page>
      <page ordre="5">
        <nbMot>6489</nbMot>
        <blocTexte>74</blocTexte>
        <blocTab>1</blocTab>
        <blocPub>4</blocPub>
        <blocIllustration>2</blocIllustration>
        <ills/>
      </page>
      <page ordre="6">
        <nbMot>8955</nbMot>
        <blocTexte>61</blocTexte>
        <blocTab>8</blocTab>
        <blocPub>2</blocPub>
        <blocIllustration>0</blocIllustration>
      </page>
      <page ordre="7">
        <nbMot>5007</nbMot>
        <blocTexte>39</blocTexte>
        <blocTab>3</blocTab>
        <blocPub>5</blocPub>
        <blocIllustration>0</blocIllustration>
      </page>
      <page ordre="8">
        <nbMot>3928</nbMot>
        <blocTexte>9</blocTexte>
        <blocTab>0</blocTab>
        <blocPub>7</blocPub>
        <blocIllustration>0</blocIllustration>
      </page>
    </pages>
  </contenus>
</doc>