<analyseAlto>
  <metad>
    <type>P</type>
    <ID>bpt6k5641064</ID>
    <titre>Le Petit Parisien</titre>
    <dateEdition>1911-09-27</dateEdition>
    <nbPage>6</nbPage>
    <suppl>FALSE</suppl>
  </metad>
  <contenus>
    <nbArticle>74</nbArticle>
    <largeur>421</largeur>
    <hauteur>582</hauteur>
    <pages>
      <page ordre="1">
        <nbMot>3684</nbMot>
        <blocTexte>36</blocTexte>
        <blocTab>0</blocTab>
        <blocPub>0</blocPub>
        <blocIllustration>5</blocIllustration>
        <ills/>
      </page>
      <page ordre="2">
        <nbMot>6422</nbMot>
        <blocTexte>48</blocTexte>
        <blocTab>0</blocTab>
        <blocPub>0</blocPub>
        <blocIllustration>2</blocIllustration>
        <ills/>
      </page>
      <page ordre="3">
        <nbMot>5783</nbMot>
        <blocTexte>62</blocTexte>
        <blocTab>0</blocTab>
        <blocPub>0</blocPub>
        <blocIllustration>0</blocIllustration>
      </page>
      <page ordre="4">
        <nbMot>6538</nbMot>
        <blocTexte>59</blocTexte>
        <blocTab>0</blocTab>
        <blocPub>2</blocPub>
        <blocIllustration>2</blocIllustration>
        <ills>
          <ill classif="DFdnn" couleur="gris" edit="1" h="664" id="4-2" n="4-2" pub="1" taille="0" w="696" x="4143" y="3113">
            <type/>
            <titraille>Robert de Couvrigny et sa mère</titraille>
            <txt>| jeté dans le feu le chapeau de son père, qui I était tombé au moment où il reçut le coup. Mais il avait négligé d'cnleve.r la coiffe qu'on retrouva sur une pomme d'escalier. On a découvert qu'il v a semaines, de vant les dépenses exagérées de ia baronne, les fournisseurs de la commune avaient été prévenus par son' mari de ne rien Ini don ner à crédit. Il semble bien que c'est à partir de ce moment qu'elle conçut l'idée de son crime. Le château était la propriété de la baronne qui recevait, en outre, une rente de 1.000 fr. provenant d'un don fait par M. de Magay. Le baron, ainé de quatre enfants, avait reçu pour sa part d'héritage la moitié d'une pro priété appelée : le Bois-Panton, dont il avait vendu une portion, d'une valeur de 80.000 fr. Lundi soir, le frère du défunt, M. Paul de Couvrigny, rentier, à Paris, est arrivé ainsi que la sœur du baron, mariée à M. de Guer non, lieutenant de chasseurs à Troyes, qui se trouvait en villégiature. Les obsèques de M. de Couvrigny, auront lieu, demain matin, à onze heures. Un conseil de famille se réunira aussitôt après pour décider des dispositions à pren dre vis-à-vis des enfants.</txt>
            <index>Robert de Couvrigny et sa mère| jeté dans le feu le chapeau de son père, qui I était tombé au moment où il reçut le coup. Mais il avait négligé d'cnleve.r la coiffe qu'on retrouva sur une pomme d'escalier. On a découvert qu'il v a semaines, de vant les dépenses exagérées de ia baronne, les fournisseurs de la commune avaient été prévenus par son' mari de ne rien Ini don ner à crédit. Il semble bien que c'est à partir de ce moment qu'elle conçut l'idée de son crime. Le château était la propriété de la baronne qui recevait, en outre, une rente de 1.000 fr. provenant d'un don fait par M. de Magay. Le baron, ainé de quatre enfants, avait reçu pour sa part d'héritage la moitié d'une pro priété appelée : le Bois-Panton, dont il avait vendu une portion, d'une valeur de 80.000 fr. Lundi soir, le frère du défunt, M. Paul de Couvrigny, rentier, à Paris, est arrivé ainsi que la sœur du baron, mariée à M. de Guer non, lieutenant de chasseurs à Troyes, qui se trouvait en villégiature. Les obsèques de M. de Couvrigny, auront lieu, demain matin, à onze heures. Un conseil de famille se réunira aussitôt après pour décider des dispositions à pren dre vis-à-vis des enfants.</index>
            <genre source="hm" time="2019-09-29T13:20:32.037+02:00">publicite</genre>
            <genre source="final">publicite</genre>
          </ill>
        </ills>
      </page>
      <page ordre="5">
        <nbMot>6909</nbMot>
        <blocTexte>57</blocTexte>
        <blocTab>2</blocTab>
        <blocPub>2</blocPub>
        <blocIllustration>0</blocIllustration>
      </page>
      <page ordre="6">
        <nbMot>9971</nbMot>
        <blocTexte>33</blocTexte>
        <blocTab>7</blocTab>
        <blocPub>8</blocPub>
        <blocIllustration>0</blocIllustration>
      </page>
    </pages>
  </contenus>
</analyseAlto>