<analyseAlto>
  <metad>
    <type>P</type>
    <ID>bpt6k564143c</ID>
    <titre>Le Petit Parisien</titre>
    <dateEdition>1911-11-03</dateEdition>
    <nbPage>6</nbPage>
    <suppl>FALSE</suppl>
  </metad>
  <contenus>
    <nbArticle>87</nbArticle>
    <largeur>417</largeur>
    <hauteur>586</hauteur>
    <pages>
      <page ordre="1">
        <nbMot>4769</nbMot>
        <blocTexte>44</blocTexte>
        <blocTab>0</blocTab>
        <blocPub>0</blocPub>
        <blocIllustration>3</blocIllustration>
        <ills/>
      </page>
      <page ordre="2">
        <nbMot>5756</nbMot>
        <blocTexte>53</blocTexte>
        <blocTab>0</blocTab>
        <blocPub>0</blocPub>
        <blocIllustration>2</blocIllustration>
        <ills/>
      </page>
      <page ordre="3">
        <nbMot>6203</nbMot>
        <blocTexte>63</blocTexte>
        <blocTab>0</blocTab>
        <blocPub>0</blocPub>
        <blocIllustration>0</blocIllustration>
      </page>
      <page ordre="4">
        <nbMot>7022</nbMot>
        <blocTexte>73</blocTexte>
        <blocTab>1</blocTab>
        <blocPub>1</blocPub>
        <blocIllustration>0</blocIllustration>
      </page>
      <page ordre="5">
        <nbMot>6838</nbMot>
        <blocTexte>44</blocTexte>
        <blocTab>3</blocTab>
        <blocPub>10</blocPub>
        <blocIllustration>0</blocIllustration>
      </page>
      <page ordre="6">
        <nbMot>4919</nbMot>
        <blocTexte>25</blocTexte>
        <blocTab>8</blocTab>
        <blocPub>6</blocPub>
        <blocIllustration>1</blocIllustration>
        <ills>
          <ill classif="DFdnn" couleur="gris" derniere="true" edit="1" h="680" id="6-1" n="6-1" pub="1" taille="0" w="692" x="135" y="861">
            <type/>
            <titraille>ARMÉE COLONIALE</titraille>
            <leg>Goutte de salive vue au microscope. Innombrables microbes. Le Dentol les tue tous et purifie complètement la bouche.</leg>
            <txt>« Cap Saint-Jacques (Cochmchine françai se \ 20 août l'JOt). Cher Monsieur, C'est avec un réel plaisir que je vous envoie ces queiques lignes pour vous remercier d'une façon toute spéciale de votre excellente pâte dentifrice Dentol, je men sers et je veux continuer à m'en servir; pour cela je vous prie de in envoyer deux boites de votre pâte Dentol. Expédiez contre remboursement, vous me rendrez un grand service, car, ici, à la colonie, il faut avoir grand soin de ses dents, et le seul moyen pour les conserver c'est d'employer votre pâte. Veuillez mç l'envoyer le plus tôt possible. Signé ; Char les PALATAN, 5  régiment d'artillerie colo niale, 8® batterie. »</txt>
            <index>ARMÉE COLONIALEGoutte de salive vue au microscope. Innombrables microbes. Le Dentol les tue tous et purifie complètement la bouche.« Cap Saint-Jacques (Cochmchine françai se \ 20 août l'JOt). Cher Monsieur, C'est avec un réel plaisir que je vous envoie ces queiques lignes pour vous remercier d'une façon toute spéciale de votre excellente pâte dentifrice Dentol, je men sers et je veux continuer à m'en servir; pour cela je vous prie de in envoyer deux boites de votre pâte Dentol. Expédiez contre remboursement, vous me rendrez un grand service, car, ici, à la colonie, il faut avoir grand soin de ses dents, et le seul moyen pour les conserver c'est d'employer votre pâte. Veuillez mç l'envoyer le plus tôt possible. Signé ; Char les PALATAN, 5  régiment d'artillerie colo niale, 8® batterie. »</index>
            <genre source="hm" time="2019-09-29T13:20:49.445+02:00">publicite</genre>
            <genre source="final">publicite</genre>
          </ill>
        </ills>
      </page>
    </pages>
  </contenus>
</analyseAlto>