<doc>
  <metad>
    <type>P</type>
    <ID>bpt6k563874p</ID>
    <titre>Le Petit Parisien</titre>
    <dateEdition>1911-02-06</dateEdition>
    <nbPage>6</nbPage>
    <suppl>FALSE</suppl>
  </metad>
  <contenus>
    <nbArticle>87</nbArticle>
    <largeur>418</largeur>
    <hauteur>567</hauteur>
    <pages>
      <page ordre="1">
        <nbMot>5208</nbMot>
        <blocTexte>43</blocTexte>
        <blocTab>0</blocTab>
        <blocPub>0</blocPub>
        <blocIllustration>2</blocIllustration>
        <ills/>
      </page>
      <page ordre="2">
        <nbMot>5912</nbMot>
        <blocTexte>58</blocTexte>
        <blocTab>0</blocTab>
        <blocPub>1</blocPub>
        <blocIllustration>3</blocIllustration>
        <ills/>
      </page>
      <page ordre="3">
        <nbMot>6031</nbMot>
        <blocTexte>70</blocTexte>
        <blocTab>0</blocTab>
        <blocPub>0</blocPub>
        <blocIllustration>0</blocIllustration>
      </page>
      <page ordre="4">
        <nbMot>7030</nbMot>
        <blocTexte>56</blocTexte>
        <blocTab>1</blocTab>
        <blocPub>4</blocPub>
        <blocIllustration>0</blocIllustration>
      </page>
      <page ordre="5">
        <nbMot>6474</nbMot>
        <blocTexte>64</blocTexte>
        <blocTab>0</blocTab>
        <blocPub>4</blocPub>
        <blocIllustration>2</blocIllustration>
        <ills/>
      </page>
      <page ordre="6">
        <nbMot>5936</nbMot>
        <blocTexte>32</blocTexte>
        <blocTab>0</blocTab>
        <blocPub>9</blocPub>
        <blocIllustration>1</blocIllustration>
        <ills>
          <ill couleur="gris" derniere="true" edit="1" h="716" id="6-1" n="6-1" pub="1" taille="0" w="690" x="117" y="581">
            <type/>
            <titraille>GOUTTE D'EAU</titraille>
            <txt>VUE AU MICROSCOPE</txt>
            <index>GOUTTE D'EAUVUE AU MICROSCOPE</index>
            <genre source="hm" time="2019-09-29T14:32:08.49+02:00">publicite</genre>
            <genre source="final">publicite</genre>
          </ill>
        </ills>
      </page>
    </pages>
  </contenus>
</doc>