<analyseAlto>
  <metad>
    <type>P</type>
    <ID>bpt6k5645516</ID>
    <titre>Le Petit Parisien</titre>
    <dateEdition>1912-12-16</dateEdition>
    <nbPage>6</nbPage>
    <suppl>FALSE</suppl>
  </metad>
  <contenus>
    <nbArticle>74</nbArticle>
    <largeur>416</largeur>
    <hauteur>568</hauteur>
    <pages>
      <page ordre="1">
        <nbMot>4943</nbMot>
        <blocTexte>42</blocTexte>
        <blocTab>0</blocTab>
        <blocPub>0</blocPub>
        <blocIllustration>3</blocIllustration>
        <ills/>
      </page>
      <page ordre="2">
        <nbMot>5902</nbMot>
        <blocTexte>54</blocTexte>
        <blocTab>0</blocTab>
        <blocPub>0</blocPub>
        <blocIllustration>2</blocIllustration>
        <ills/>
      </page>
      <page ordre="3">
        <nbMot>5927</nbMot>
        <blocTexte>58</blocTexte>
        <blocTab>0</blocTab>
        <blocPub>0</blocPub>
        <blocIllustration>0</blocIllustration>
      </page>
      <page ordre="4">
        <nbMot>7067</nbMot>
        <blocTexte>59</blocTexte>
        <blocTab>1</blocTab>
        <blocPub>4</blocPub>
        <blocIllustration>1</blocIllustration>
        <ills/>
      </page>
      <page ordre="5">
        <nbMot>6553</nbMot>
        <blocTexte>47</blocTexte>
        <blocTab>0</blocTab>
        <blocPub>8</blocPub>
        <blocIllustration>3</blocIllustration>
        <ills>
          <ill classif="DFdnn" couleur="gris" edit="1" h="1305" id="5-2" n="5-2" pub="1" taille="1" w="765" x="2487" y="1281">
            <contenuImg CS="1.00" h="172" l="122" sexe="P" source="dnn" x="300" y="45">face</contenuImg>
            <type/>
            <titraille>PETITES INFORMATIONS</titraille>
            <txt>Aujourd'hui lundi, 16 décembre : ' Cinquantenaire de Lenoir (inventeur du premier moteur a gaz industriel). Pose d'une plaque et d'un médaillon au Conservatoire des arts et mé tiers, rue Saint-Martin, a 9 h. 1/2 matin, sous la présidence du ministre du Commerce. Association amicale de la Seine-Inférieure à Pa rts. Assemblée générale, à 9 heures soir, au café de la Petite Bourse, 85, rue Richelieu.</txt>
            <index>PETITES INFORMATIONSAujourd'hui lundi, 16 décembre : ' Cinquantenaire de Lenoir (inventeur du premier moteur a gaz industriel). Pose d'une plaque et d'un médaillon au Conservatoire des arts et mé tiers, rue Saint-Martin, a 9 h. 1/2 matin, sous la présidence du ministre du Commerce. Association amicale de la Seine-Inférieure à Pa rts. Assemblée générale, à 9 heures soir, au café de la Petite Bourse, 85, rue Richelieu.</index>
            <genre source="hm" time="2019-09-29T13:21:47.519+02:00">publicite</genre>
            <genre source="final">publicite</genre>
          </ill>
        </ills>
      </page>
      <page ordre="6">
        <nbMot>5002</nbMot>
        <blocTexte>28</blocTexte>
        <blocTab>0</blocTab>
        <blocPub>14</blocPub>
        <blocIllustration>0</blocIllustration>
      </page>
    </pages>
  </contenus>
</analyseAlto>