<doc>
  <metad>
    <type>P</type>
    <ID>bpt6k564557g</ID>
    <titre>Le Petit Parisien</titre>
    <dateEdition>1912-12-22</dateEdition>
    <nbPage>8</nbPage>
    <suppl>FALSE</suppl>
  </metad>
  <contenus>
    <nbArticle>88</nbArticle>
    <largeur>423</largeur>
    <hauteur>576</hauteur>
    <pages>
      <page ordre="1">
        <nbMot>5082</nbMot>
        <blocTexte>39</blocTexte>
        <blocTab>0</blocTab>
        <blocPub>0</blocPub>
        <blocIllustration>2</blocIllustration>
        <ills/>
      </page>
      <page ordre="2">
        <nbMot>6903</nbMot>
        <blocTexte>43</blocTexte>
        <blocTab>0</blocTab>
        <blocPub>0</blocPub>
        <blocIllustration>1</blocIllustration>
        <ills/>
      </page>
      <page ordre="3">
        <nbMot>5943</nbMot>
        <blocTexte>55</blocTexte>
        <blocTab>0</blocTab>
        <blocPub>0</blocPub>
        <blocIllustration>0</blocIllustration>
      </page>
      <page ordre="4">
        <nbMot>6158</nbMot>
        <blocTexte>50</blocTexte>
        <blocTab>0</blocTab>
        <blocPub>6</blocPub>
        <blocIllustration>2</blocIllustration>
        <ills/>
      </page>
      <page ordre="5">
        <nbMot>5938</nbMot>
        <blocTexte>62</blocTexte>
        <blocTab>0</blocTab>
        <blocPub>3</blocPub>
        <blocIllustration>4</blocIllustration>
        <ills>
          <ill couleur="gris" edit="1" h="1046" id="5-1" n="5-1" pub="1" taille="1" w="764" x="93" y="1722">
            <type/>
            <titraille>Oui jette l'argent par (a fenêtre ?</titraille>
            <txt>. celui gui pour vendre ou acheter un heaii bijou ne se renseigne pas gratuitement ch.es UUSALSOY, joaillier, u, bd. des Capucines, Pans. GRAND CHOIX D'OCCASIONS</txt>
            <index>Oui jette l'argent par (a fenêtre ?. celui gui pour vendre ou acheter un heaii bijou ne se renseigne pas gratuitement ch.es UUSALSOY, joaillier, u, bd. des Capucines, Pans. GRAND CHOIX D'OCCASIONS</index>
            <genre source="hm" time="2019-09-29T13:21:52.582+02:00">publicite</genre>
            <genre source="final">publicite</genre>
          </ill>
        </ills>
      </page>
      <page ordre="6">
        <nbMot>7888</nbMot>
        <blocTexte>80</blocTexte>
        <blocTab>8</blocTab>
        <blocPub>2</blocPub>
        <blocIllustration>1</blocIllustration>
        <ills/>
      </page>
      <page ordre="7">
        <nbMot>3983</nbMot>
        <blocTexte>26</blocTexte>
        <blocTab>0</blocTab>
        <blocPub>9</blocPub>
        <blocIllustration>0</blocIllustration>
      </page>
      <page ordre="8">
        <nbMot>3645</nbMot>
        <blocTexte>13</blocTexte>
        <blocTab>0</blocTab>
        <blocPub>10</blocPub>
        <blocIllustration>0</blocIllustration>
      </page>
    </pages>
  </contenus>
</doc>