<doc>
  <metad>
    <type>P</type>
    <ID>bpt6k5642565</ID>
    <titre>Le Petit Parisien</titre>
    <dateEdition>1912-02-24</dateEdition>
    <nbPage>6</nbPage>
    <suppl>FALSE</suppl>
  </metad>
  <contenus>
    <nbArticle>84</nbArticle>
    <largeur>427</largeur>
    <hauteur>580</hauteur>
    <pages>
      <page ordre="1">
        <nbMot>5282</nbMot>
        <blocTexte>38</blocTexte>
        <blocTab>0</blocTab>
        <blocPub>0</blocPub>
        <blocIllustration>3</blocIllustration>
        <ills/>
      </page>
      <page ordre="2">
        <nbMot>6723</nbMot>
        <blocTexte>44</blocTexte>
        <blocTab>0</blocTab>
        <blocPub>0</blocPub>
        <blocIllustration>1</blocIllustration>
        <ills/>
      </page>
      <page ordre="3">
        <nbMot>6035</nbMot>
        <blocTexte>63</blocTexte>
        <blocTab>0</blocTab>
        <blocPub>0</blocPub>
        <blocIllustration>0</blocIllustration>
      </page>
      <page ordre="4">
        <nbMot>6660</nbMot>
        <blocTexte>53</blocTexte>
        <blocTab>0</blocTab>
        <blocPub>1</blocPub>
        <blocIllustration>0</blocIllustration>
      </page>
      <page ordre="5">
        <nbMot>7863</nbMot>
        <blocTexte>72</blocTexte>
        <blocTab>5</blocTab>
        <blocPub>2</blocPub>
        <blocIllustration>1</blocIllustration>
        <ills>
          <ill classif="DFdnn" couleur="gris" edit="1" h="690" id="5-1" n="5-1" pub="1" taille="0" w="397" x="115" y="657">
            <contenuImg CS="1.00" h="315" w="227" sexe="P" source="dnn" x="95" y="70">face</contenuImg>
            <type/>
            <titraille>Quand on a un mauvais estomac, négliger de suivre le traitement des Pilules Pink, c'est refuser le soulagement, la guérison. »</titraille>
            <leg>! M. GASTON CLÉME'IT et tes Pilules qui l'onl guéri.</leg>
            <txt>M. Gaston Clément, employé aux Verreries de Bayel lAubei, nous a écrit. «J'ai le plaisir de \ous informer que vos Pilules Pink mont fait beaucoup de bien. Je ne croyais pas que je pourrais être aussi vite guéri de maux d'estomac dont je souf frais depuis longtemps 11 élait temps que je prenne les Pink, car ma santé était devenue mauvai se et ma taiblesse in quiétante Dès que j'ai eu pris les Piluies Pink, je me suis senti mieux, plu® à mon aise et plus fort. J'ai tout de suite mangé de meilleur appétit et ai beaucoup mieux digéré la nourriture. Mes maux d'estomac se sont atténués et, après un traitement court, en somme, j'ai trouvé ja guérison. » Les Pilules Pink, grâce â leur puissante action sur le sang et sur le système nerveux, seront toujours employées avec succès contre l'anémie, la chlorose, la neurasthénie, la faiblesse géné rale. les maux d'estomac, les douleurs. On trouve les Pilules PinK dans toutes les pharmacies et au dépôt. Pharmacie Gabiin, 23', rue Ballu. Paris. 3 fr. 50 la boîte, 17 fr. 50 les 6 bottes franco.</txt>
            <index>Quand on a un mauvais estomac, négliger de suivre le traitement des Pilules Pink, c'est refuser le soulagement, la guérison. »! M. GASTON CLÉME'IT et tes Pilules qui l'onl guéri.M. Gaston Clément, employé aux Verreries de Bayel lAubei, nous a écrit. «J'ai le plaisir de \ous informer que vos Pilules Pink mont fait beaucoup de bien. Je ne croyais pas que je pourrais être aussi vite guéri de maux d'estomac dont je souf frais depuis longtemps 11 élait temps que je prenne les Pink, car ma santé était devenue mauvai se et ma taiblesse in quiétante Dès que j'ai eu pris les Piluies Pink, je me suis senti mieux, plu® à mon aise et plus fort. J'ai tout de suite mangé de meilleur appétit et ai beaucoup mieux digéré la nourriture. Mes maux d'estomac se sont atténués et, après un traitement court, en somme, j'ai trouvé ja guérison. » Les Pilules Pink, grâce â leur puissante action sur le sang et sur le système nerveux, seront toujours employées avec succès contre l'anémie, la chlorose, la neurasthénie, la faiblesse géné rale. les maux d'estomac, les douleurs. On trouve les Pilules PinK dans toutes les pharmacies et au dépôt. Pharmacie Gabiin, 23', rue Ballu. Paris. 3 fr. 50 la boîte, 17 fr. 50 les 6 bottes franco.</index>
            <genre source="hm" time="2019-09-29T13:21:09.772+02:00">publicite</genre>
            <genre source="final">publicite</genre>
          </ill>
        </ills>
      </page>
      <page ordre="6">
        <nbMot>4355</nbMot>
        <blocTexte>18</blocTexte>
        <blocTab>7</blocTab>
        <blocPub>10</blocPub>
        <blocIllustration>0</blocIllustration>
      </page>
    </pages>
  </contenus>
</doc>