<analyseAlto>
  <metad>
    <type>P</type>
    <ID>bpt6k5642052</ID>
    <titre>Le Petit Parisien</titre>
    <dateEdition>1912-01-04</dateEdition>
    <nbPage>6</nbPage>
    <suppl>FALSE</suppl>
  </metad>
  <contenus>
    <nbArticle>98</nbArticle>
    <largeur>415</largeur>
    <hauteur>564</hauteur>
    <pages>
      <page ordre="1">
        <nbMot>5347</nbMot>
        <blocTexte>37</blocTexte>
        <blocTab>0</blocTab>
        <blocPub>0</blocPub>
        <blocIllustration>3</blocIllustration>
        <ills/>
      </page>
      <page ordre="2">
        <nbMot>6013</nbMot>
        <blocTexte>51</blocTexte>
        <blocTab>0</blocTab>
        <blocPub>2</blocPub>
        <blocIllustration>2</blocIllustration>
        <ills/>
      </page>
      <page ordre="3">
        <nbMot>6299</nbMot>
        <blocTexte>74</blocTexte>
        <blocTab>0</blocTab>
        <blocPub>0</blocPub>
        <blocIllustration>0</blocIllustration>
      </page>
      <page ordre="4">
        <nbMot>6643</nbMot>
        <blocTexte>57</blocTexte>
        <blocTab>0</blocTab>
        <blocPub>3</blocPub>
        <blocIllustration>0</blocIllustration>
      </page>
      <page ordre="5">
        <nbMot>7101</nbMot>
        <blocTexte>90</blocTexte>
        <blocTab>2</blocTab>
        <blocPub>4</blocPub>
        <blocIllustration>0</blocIllustration>
      </page>
      <page ordre="6">
        <nbMot>5947</nbMot>
        <blocTexte>27</blocTexte>
        <blocTab>8</blocTab>
        <blocPub>8</blocPub>
        <blocIllustration>2</blocIllustration>
        <ills>
          <ill classif="DFdnn" couleur="gris" derniere="true" edit="1" h="676" id="6-1" n="6-1" pub="1" taille="0" w="730" x="1733" y="725">
            <type/>
            <titraille>MES DENTS ÉTAIENT NOIRES</titraille>
            <leg>'-Goutte de salive vue au microscope. Innombrables l microbes. Le Dentol les tue tous et purifie complètement la boucbe.</leg>
            <txt>« Avignon, le 24 septembre 1910, Mon sieur, Je suis enchanté de vous Taire part des bons résultats obtenus par l'emploi du Dentol. Mes dents étaient noires et cariées ; le malin, en me levant, j'avais mauvaise bouche ; mais, depuis que je fais usage du Dentol, mes dents sont devenues d'une blan cheur éclatante et  lies ne sont plus ca riées ; le matin, je n'ai plus mauvaise bou che, mes gencives ne sont plus enflammées. Aussi je ne cesserai jamais l'usage du Den tol, qui est le dentifrice souverain contre les affections dentaires. Je vous autorise à faire servir ma lettre. Signé : A. CHAUVIN. »</txt>
            <index>MES DENTS ÉTAIENT NOIRES'-Goutte de salive vue au microscope. Innombrables l microbes. Le Dentol les tue tous et purifie complètement la boucbe.« Avignon, le 24 septembre 1910, Mon sieur, Je suis enchanté de vous Taire part des bons résultats obtenus par l'emploi du Dentol. Mes dents étaient noires et cariées ; le malin, en me levant, j'avais mauvaise bouche ; mais, depuis que je fais usage du Dentol, mes dents sont devenues d'une blan cheur éclatante et  lies ne sont plus ca riées ; le matin, je n'ai plus mauvaise bou che, mes gencives ne sont plus enflammées. Aussi je ne cesserai jamais l'usage du Den tol, qui est le dentifrice souverain contre les affections dentaires. Je vous autorise à faire servir ma lettre. Signé : A. CHAUVIN. »</index>
            <genre source="hm" time="2019-09-28T19:42:19.551+02:00">publicite</genre>
            <genre source="final">publicite</genre>
          </ill>
        </ills>
      </page>
    </pages>
  </contenus>
</analyseAlto>