<analyseAlto>
  <metad>
    <type>P</type>
    <ID>bpt6k5643286</ID>
    <titre>Le Petit Parisien</titre>
    <dateEdition>1912-05-06</dateEdition>
    <nbPage>8</nbPage>
    <suppl>FALSE</suppl>
  </metad>
  <contenus>
    <nbArticle>84</nbArticle>
    <largeur>415</largeur>
    <hauteur>570</hauteur>
    <pages>
      <page ordre="1">
        <nbMot>4680</nbMot>
        <blocTexte>71</blocTexte>
        <blocTab>0</blocTab>
        <blocPub>0</blocPub>
        <blocIllustration>2</blocIllustration>
        <ills/>
      </page>
      <page ordre="2">
        <nbMot>5839</nbMot>
        <blocTexte>77</blocTexte>
        <blocTab>0</blocTab>
        <blocPub>1</blocPub>
        <blocIllustration>0</blocIllustration>
      </page>
      <page ordre="3">
        <nbMot>6229</nbMot>
        <blocTexte>51</blocTexte>
        <blocTab>0</blocTab>
        <blocPub>0</blocPub>
        <blocIllustration>0</blocIllustration>
      </page>
      <page ordre="4">
        <nbMot>6223</nbMot>
        <blocTexte>42</blocTexte>
        <blocTab>0</blocTab>
        <blocPub>5</blocPub>
        <blocIllustration>1</blocIllustration>
        <ills/>
      </page>
      <page ordre="5">
        <nbMot>5665</nbMot>
        <blocTexte>48</blocTexte>
        <blocTab>0</blocTab>
        <blocPub>5</blocPub>
        <blocIllustration>4</blocIllustration>
        <ills>
          <ill couleur="gris" edit="1" h="517" id="5-2" n="5-2" pub="1" taille="0" w="684" x="2531" y="2580">
            <type/>
            <titraille>CE QUE LES FRANÇAIS BOIVENT DE BIÈRE</titraille>
            <txt>UNE INDUSTRIE A PROTÉGER</txt>
            <index>CE QUE LES FRANÇAIS BOIVENT DE BIÈREUNE INDUSTRIE A PROTÉGER</index>
            <genre source="hm" time="2019-09-29T13:21:16.483+02:00">publicite</genre>
            <genre source="final">publicite</genre>
          </ill>
        </ills>
      </page>
      <page ordre="6">
        <nbMot>6890</nbMot>
        <blocTexte>36</blocTexte>
        <blocTab>1</blocTab>
        <blocPub>2</blocPub>
        <blocIllustration>1</blocIllustration>
        <ills/>
      </page>
      <page ordre="7">
        <nbMot>6612</nbMot>
        <blocTexte>36</blocTexte>
        <blocTab>0</blocTab>
        <blocPub>1</blocPub>
        <blocIllustration>1</blocIllustration>
        <ills/>
      </page>
      <page ordre="8">
        <nbMot>5783</nbMot>
        <blocTexte>44</blocTexte>
        <blocTab>0</blocTab>
        <blocPub>10</blocPub>
        <blocIllustration>0</blocIllustration>
      </page>
    </pages>
  </contenus>
</analyseAlto>