<doc>
  <metad>
    <type>P</type>
    <ID>bpt6k564280x</ID>
    <titre>Le Petit Parisien</titre>
    <dateEdition>1912-03-19</dateEdition>
    <nbPage>8</nbPage>
    <suppl>FALSE</suppl>
  </metad>
  <contenus>
    <nbArticle>105</nbArticle>
    <largeur>418</largeur>
    <hauteur>582</hauteur>
    <pages>
      <page ordre="1">
        <nbMot>5530</nbMot>
        <blocTexte>53</blocTexte>
        <blocTab>0</blocTab>
        <blocPub>0</blocPub>
        <blocIllustration>2</blocIllustration>
        <ills/>
      </page>
      <page ordre="2">
        <nbMot>6156</nbMot>
        <blocTexte>52</blocTexte>
        <blocTab>0</blocTab>
        <blocPub>0</blocPub>
        <blocIllustration>1</blocIllustration>
        <ills/>
      </page>
      <page ordre="3">
        <nbMot>6177</nbMot>
        <blocTexte>62</blocTexte>
        <blocTab>0</blocTab>
        <blocPub>0</blocPub>
        <blocIllustration>0</blocIllustration>
      </page>
      <page ordre="4">
        <nbMot>6730</nbMot>
        <blocTexte>53</blocTexte>
        <blocTab>0</blocTab>
        <blocPub>0</blocPub>
        <blocIllustration>1</blocIllustration>
        <ills/>
      </page>
      <page ordre="5">
        <nbMot>6349</nbMot>
        <blocTexte>64</blocTexte>
        <blocTab>1</blocTab>
        <blocPub>5</blocPub>
        <blocIllustration>0</blocIllustration>
      </page>
      <page ordre="6">
        <nbMot>5301</nbMot>
        <blocTexte>38</blocTexte>
        <blocTab>12</blocTab>
        <blocPub>4</blocPub>
        <blocIllustration>0</blocIllustration>
      </page>
      <page ordre="7">
        <nbMot>6414</nbMot>
        <blocTexte>23</blocTexte>
        <blocTab>0</blocTab>
        <blocPub>14</blocPub>
        <blocIllustration>0</blocIllustration>
      </page>
      <page ordre="8">
        <nbMot>4082</nbMot>
        <blocTexte>38</blocTexte>
        <blocTab>0</blocTab>
        <blocPub>9</blocPub>
        <blocIllustration>2</blocIllustration>
        <ills>
          <ill couleur="gris" derniere="true" edit="1" h="1110" id="8-2" n="8-2" pub="1" taille="1" w="729" x="1776" y="1473">
            <type/>
            <titraille>C – DU GAZ ÉLECTRIQUE</titraille>
            <leg>LE ROBINET ALEX Photographié aux trois quarts de sa grandeur naturelle Aspect extérieur Vue en ccupe Les diverses places détachés*. L'Alex est un nouveau système d'éclairage.</leg>
            <txt>Société Anonyme Française au Capital de 1.200.000 francs. Siège social et Usines: 3, Rue de la Ferme, à Billancourt (Seine) Bureaux à Paris: 94, Rue Saint-Lazare</txt>
            <index>C – DU GAZ ÉLECTRIQUELE ROBINET ALEX Photographié aux trois quarts de sa grandeur naturelle Aspect extérieur Vue en ccupe Les diverses places détachés*. L'Alex est un nouveau système d'éclairage.Société Anonyme Française au Capital de 1.200.000 francs. Siège social et Usines: 3, Rue de la Ferme, à Billancourt (Seine) Bureaux à Paris: 94, Rue Saint-Lazare</index>
            <genre source="hm" time="2019-09-29T14:39:08.832+02:00">publicite</genre>
            <genre source="final">publicite</genre>
          </ill>
        </ills>
      </page>
    </pages>
  </contenus>
</doc>