<analyseAlto>
  <metad>
    <type>P</type>
    <ID>bpt6k564531h</ID>
    <titre>Le Petit Parisien</titre>
    <dateEdition>1912-11-26</dateEdition>
    <nbPage>8</nbPage>
    <suppl>FALSE</suppl>
  </metad>
  <contenus>
    <nbArticle>89</nbArticle>
    <largeur>420</largeur>
    <hauteur>573</hauteur>
    <pages>
      <page ordre="1">
        <nbMot>4858</nbMot>
        <blocTexte>33</blocTexte>
        <blocTab>0</blocTab>
        <blocPub>0</blocPub>
        <blocIllustration>2</blocIllustration>
        <ills/>
      </page>
      <page ordre="2">
        <nbMot>6341</nbMot>
        <blocTexte>45</blocTexte>
        <blocTab>0</blocTab>
        <blocPub>0</blocPub>
        <blocIllustration>1</blocIllustration>
        <ills/>
      </page>
      <page ordre="3">
        <nbMot>5978</nbMot>
        <blocTexte>66</blocTexte>
        <blocTab>0</blocTab>
        <blocPub>0</blocPub>
        <blocIllustration>0</blocIllustration>
      </page>
      <page ordre="4">
        <nbMot>6064</nbMot>
        <blocTexte>38</blocTexte>
        <blocTab>0</blocTab>
        <blocPub>2</blocPub>
        <blocIllustration>2</blocIllustration>
        <ills/>
      </page>
      <page ordre="5">
        <nbMot>5775</nbMot>
        <blocTexte>62</blocTexte>
        <blocTab>1</blocTab>
        <blocPub>7</blocPub>
        <blocIllustration>2</blocIllustration>
        <ills>
          <ill classif="DFdnn" couleur="gris" edit="1" h="582" id="5-2" n="5-2" pub="1" taille="0" w="657" x="3348" y="2727">
            <type/>
            <index/>
            <genre source="hm" time="2019-09-28T19:42:36.202+02:00">publicite</genre>
            <genre source="final">publicite</genre>
          </ill>
        </ills>
      </page>
      <page ordre="6">
        <nbMot>11789</nbMot>
        <blocTexte>49</blocTexte>
        <blocTab>3</blocTab>
        <blocPub>0</blocPub>
        <blocIllustration>0</blocIllustration>
      </page>
      <page ordre="7">
        <nbMot>6416</nbMot>
        <blocTexte>35</blocTexte>
        <blocTab>3</blocTab>
        <blocPub>14</blocPub>
        <blocIllustration>1</blocIllustration>
        <ills/>
      </page>
      <page ordre="8">
        <nbMot>5191</nbMot>
        <blocTexte>34</blocTexte>
        <blocTab>0</blocTab>
        <blocPub>9</blocPub>
        <blocIllustration>0</blocIllustration>
      </page>
    </pages>
  </contenus>
</analyseAlto>