<doc>
  <metad>
    <type>P</type>
    <ID>bpt6k564275g</ID>
    <titre>Le Petit Parisien</titre>
    <dateEdition>1912-03-14</dateEdition>
    <nbPage>6</nbPage>
    <suppl>FALSE</suppl>
  </metad>
  <contenus>
    <nbArticle>73</nbArticle>
    <largeur>424</largeur>
    <hauteur>582</hauteur>
    <pages>
      <page ordre="1">
        <nbMot>4896</nbMot>
        <blocTexte>49</blocTexte>
        <blocTab>0</blocTab>
        <blocPub>0</blocPub>
        <blocIllustration>4</blocIllustration>
        <ills/>
      </page>
      <page ordre="2">
        <nbMot>6598</nbMot>
        <blocTexte>58</blocTexte>
        <blocTab>0</blocTab>
        <blocPub>0</blocPub>
        <blocIllustration>1</blocIllustration>
        <ills/>
      </page>
      <page ordre="3">
        <nbMot>6139</nbMot>
        <blocTexte>57</blocTexte>
        <blocTab>0</blocTab>
        <blocPub>0</blocPub>
        <blocIllustration>0</blocIllustration>
      </page>
      <page ordre="4">
        <nbMot>5920</nbMot>
        <blocTexte>53</blocTexte>
        <blocTab>1</blocTab>
        <blocPub>3</blocPub>
        <blocIllustration>1</blocIllustration>
        <ills>
          <ill classif="DFdnn" couleur="gris" edit="1" h="2224" id="4-1" n="4-1" pub="1" taille="6" w="1455" x="3454" y="233">
            <type/>
            <titraille>NOUVELLES FINANCIÈRES</titraille>
            <txt>Chemin de fer de Paris à Orléans. MM. les actionnaires de la compagnie du chemin de fer de Paris à Orléans sont convoqués en assemblée fénérale pour le vendredi 29 mars prochain, à heures du soir, dans l'hôtel de la compagnie, 8, rue de Londres. Les bureaux du service des titres de la compa gnie, 8, rue de Londres, reçoivent le dépôt des titres au porteur et des récépissés de dépôt et délivrent des cartes personnelles d'admission à MM. les actionnaires ou à leurs fondés de pou voirs ; ces derniers, qui doivent être membres de l'assemblée, c'est-à-dire posséder au moins qua rante actions, auront a déposer une procuration spéciale dont le modèle est dès à présent délivré dans les bureaux du service des titres. Banque commerciale et foncière des Balkans. Cette banque vient d'être constituée à Sofia le 14/27 février dernier, sous les auspices du Crédit Français, de la Banque internationale de commerce à Saint-Pétersbourg, de la Banque d'escompté de Saint-Pétersbourg, de la banque Volga-Kama et de la Banque russe pour le com merce étranger. Le gouvernement bulgare a autorisé, par une loi du 11/24 février 1912. la Banque nationale de Bulgarie, à souscrire directement, une partie du capital de la nouvelle banque, et à se faire re présenter dans son conseil d'administration, le quel est ainsi composé : Président : M. J. Loste, vice-président du Cré dit Français ; vice-présidents : MM. Radine, ad ministrateur et directeur de la Banque inter nationale de commerce à Saint-Pétersbourg, e</txt>
            <index>NOUVELLES FINANCIÈRESChemin de fer de Paris à Orléans. MM. les actionnaires de la compagnie du chemin de fer de Paris à Orléans sont convoqués en assemblée fénérale pour le vendredi 29 mars prochain, à heures du soir, dans l'hôtel de la compagnie, 8, rue de Londres. Les bureaux du service des titres de la compa gnie, 8, rue de Londres, reçoivent le dépôt des titres au porteur et des récépissés de dépôt et délivrent des cartes personnelles d'admission à MM. les actionnaires ou à leurs fondés de pou voirs ; ces derniers, qui doivent être membres de l'assemblée, c'est-à-dire posséder au moins qua rante actions, auront a déposer une procuration spéciale dont le modèle est dès à présent délivré dans les bureaux du service des titres. Banque commerciale et foncière des Balkans. Cette banque vient d'être constituée à Sofia le 14/27 février dernier, sous les auspices du Crédit Français, de la Banque internationale de commerce à Saint-Pétersbourg, de la Banque d'escompté de Saint-Pétersbourg, de la banque Volga-Kama et de la Banque russe pour le com merce étranger. Le gouvernement bulgare a autorisé, par une loi du 11/24 février 1912. la Banque nationale de Bulgarie, à souscrire directement, une partie du capital de la nouvelle banque, et à se faire re présenter dans son conseil d'administration, le quel est ainsi composé : Président : M. J. Loste, vice-président du Cré dit Français ; vice-présidents : MM. Radine, ad ministrateur et directeur de la Banque inter nationale de commerce à Saint-Pétersbourg, e</index>
            <genre source="hm" time="2019-09-29T13:39:20.908+02:00">publicite</genre>
            <genre source="final">publicite</genre>
          </ill>
        </ills>
      </page>
      <page ordre="5">
        <nbMot>8185</nbMot>
        <blocTexte>41</blocTexte>
        <blocTab>2</blocTab>
        <blocPub>8</blocPub>
        <blocIllustration>1</blocIllustration>
        <ills/>
      </page>
      <page ordre="6">
        <nbMot>3153</nbMot>
        <blocTexte>21</blocTexte>
        <blocTab>0</blocTab>
        <blocPub>18</blocPub>
        <blocIllustration>0</blocIllustration>
      </page>
    </pages>
  </contenus>
</doc>