<analyseAlto>
  <metad>
    <type>P</type>
    <ID>bpt6k5645474</ID>
    <titre>Le Petit Parisien</titre>
    <dateEdition>1912-12-12</dateEdition>
    <nbPage>8</nbPage>
    <suppl>FALSE</suppl>
  </metad>
  <contenus>
    <nbArticle>108</nbArticle>
    <largeur>416</largeur>
    <hauteur>567</hauteur>
    <pages>
      <page ordre="1">
        <nbMot>4905</nbMot>
        <blocTexte>47</blocTexte>
        <blocTab>0</blocTab>
        <blocPub>0</blocPub>
        <blocIllustration>3</blocIllustration>
        <ills/>
      </page>
      <page ordre="2">
        <nbMot>6104</nbMot>
        <blocTexte>60</blocTexte>
        <blocTab>0</blocTab>
        <blocPub>0</blocPub>
        <blocIllustration>2</blocIllustration>
        <ills/>
      </page>
      <page ordre="3">
        <nbMot>6133</nbMot>
        <blocTexte>59</blocTexte>
        <blocTab>0</blocTab>
        <blocPub>0</blocPub>
        <blocIllustration>0</blocIllustration>
      </page>
      <page ordre="4">
        <nbMot>6731</nbMot>
        <blocTexte>53</blocTexte>
        <blocTab>0</blocTab>
        <blocPub>6</blocPub>
        <blocIllustration>0</blocIllustration>
      </page>
      <page ordre="5">
        <nbMot>5019</nbMot>
        <blocTexte>52</blocTexte>
        <blocTab>0</blocTab>
        <blocPub>6</blocPub>
        <blocIllustration>3</blocIllustration>
        <ills/>
      </page>
      <page ordre="6">
        <nbMot>9861</nbMot>
        <blocTexte>57</blocTexte>
        <blocTab>1</blocTab>
        <blocPub>3</blocPub>
        <blocIllustration>1</blocIllustration>
        <ills>
          <ill classif="DFdnn" couleur="gris" edit="1" h="1885" id="6-1" n="6-1" pub="1" taille="2" w="698" x="4111" y="583">
            <type/>
            <titraille>INFORMATIONS OUVRIERES</titraille>
            <txt>CONVOCATIONS DU JOUB. —Bourse du travail, 3, rue du Chàteau-d'Eau j Assemblées générales : chapellerie (en grève), 9 h. matin et 2 h. après midi, salle des coulé renees ; typographie parisienne (typos, im primeurs et clicheurs), 2 h. après midi, grande salle. Assemblées générales : comité intersyndical des travailleurs d'hôtels, cafés et restaurants-, 8 h. 1/2 soir, grande salle ; ouvriers coiffeurs, syndi qués ou non, 9 h. 1/2 soir, salle des grçves (le repos hebdomadaire et l'arrêt du conseil d'Etat) ; boursiers-maroquiniers-, 9 h. soir, salle Bondy ; bijou, 9 h. soir, salle des conférences; la veurs de voitures, i h. après midi, salle du bas ; papier et carton, 9 h. soir, salle du bas: dessinateurs et co/nmis du bâtiment, 9 h. soir, salle de commission ; opticiens, 9 h. soir, salle de commission Bondy. Réunions de conseil : ferblantiers, 9 h. soir : —« chapellerie (admissions), 9 h. soir ; scieurs, découpeurs, mouluriers, 9 h. soir ; cochers et chauffeurs, 9 h. soir. —— Annexe, 20, rue du Bouloi : Assemblées générales : syndicat national des ouvriers des P. T. T. (monteurs extra murosj, 8 h. 1/2 soir, grande sàllé (nomination de deux syndics ; la Maison des fédérations ; etc.). Chambre syndicale des limousinants et aides, Réunion de conseil, 8 h. 1/2 soir, au siège, 32, quai des Célestins. Union syndicale des employés de l'octroi de Paris. Assemblée générale. 9 h. soir, rue du Pont-Neuf. 21, salle Chartier (les revendica tions devant le conseil municipal ; les délibéra lio</txt>
            <index>INFORMATIONS OUVRIERESCONVOCATIONS DU JOUB. —Bourse du travail, 3, rue du Chàteau-d'Eau j Assemblées générales : chapellerie (en grève), 9 h. matin et 2 h. après midi, salle des coulé renees ; typographie parisienne (typos, im primeurs et clicheurs), 2 h. après midi, grande salle. Assemblées générales : comité intersyndical des travailleurs d'hôtels, cafés et restaurants-, 8 h. 1/2 soir, grande salle ; ouvriers coiffeurs, syndi qués ou non, 9 h. 1/2 soir, salle des grçves (le repos hebdomadaire et l'arrêt du conseil d'Etat) ; boursiers-maroquiniers-, 9 h. soir, salle Bondy ; bijou, 9 h. soir, salle des conférences; la veurs de voitures, i h. après midi, salle du bas ; papier et carton, 9 h. soir, salle du bas: dessinateurs et co/nmis du bâtiment, 9 h. soir, salle de commission ; opticiens, 9 h. soir, salle de commission Bondy. Réunions de conseil : ferblantiers, 9 h. soir : —« chapellerie (admissions), 9 h. soir ; scieurs, découpeurs, mouluriers, 9 h. soir ; cochers et chauffeurs, 9 h. soir. —— Annexe, 20, rue du Bouloi : Assemblées générales : syndicat national des ouvriers des P. T. T. (monteurs extra murosj, 8 h. 1/2 soir, grande sàllé (nomination de deux syndics ; la Maison des fédérations ; etc.). Chambre syndicale des limousinants et aides, Réunion de conseil, 8 h. 1/2 soir, au siège, 32, quai des Célestins. Union syndicale des employés de l'octroi de Paris. Assemblée générale. 9 h. soir, rue du Pont-Neuf. 21, salle Chartier (les revendica tions devant le conseil municipal ; les délibéra lio</index>
            <genre source="hm" time="2019-09-29T13:40:11.482+02:00">publicite</genre>
            <genre source="final">publicite</genre>
          </ill>
        </ills>
      </page>
      <page ordre="7">
        <nbMot>6142</nbMot>
        <blocTexte>56</blocTexte>
        <blocTab>6</blocTab>
        <blocPub>6</blocPub>
        <blocIllustration>0</blocIllustration>
      </page>
      <page ordre="8">
        <nbMot>4094</nbMot>
        <blocTexte>21</blocTexte>
        <blocTab>0</blocTab>
        <blocPub>14</blocPub>
        <blocIllustration>0</blocIllustration>
      </page>
    </pages>
  </contenus>
</analyseAlto>