<analyseAlto>
  <metad>
    <type>P</type>
    <ID>bpt6k564273q</ID>
    <titre>Le Petit Parisien</titre>
    <dateEdition>1912-03-12</dateEdition>
    <nbPage>8</nbPage>
    <suppl>FALSE</suppl>
  </metad>
  <contenus>
    <nbArticle>187</nbArticle>
    <largeur>426</largeur>
    <hauteur>581</hauteur>
    <pages>
      <page ordre="1">
        <nbMot>4703</nbMot>
        <blocTexte>71</blocTexte>
        <blocTab>0</blocTab>
        <blocPub>0</blocPub>
        <blocIllustration>2</blocIllustration>
        <ills/>
      </page>
      <page ordre="2">
        <nbMot>6613</nbMot>
        <blocTexte>45</blocTexte>
        <blocTab>0</blocTab>
        <blocPub>0</blocPub>
        <blocIllustration>1</blocIllustration>
        <ills/>
      </page>
      <page ordre="3">
        <nbMot>6064</nbMot>
        <blocTexte>56</blocTexte>
        <blocTab>0</blocTab>
        <blocPub>0</blocPub>
        <blocIllustration>0</blocIllustration>
      </page>
      <page ordre="4">
        <nbMot>5663</nbMot>
        <blocTexte>50</blocTexte>
        <blocTab>0</blocTab>
        <blocPub>1</blocPub>
        <blocIllustration>1</blocIllustration>
        <ills/>
      </page>
      <page ordre="5">
        <nbMot>6686</nbMot>
        <blocTexte>73</blocTexte>
        <blocTab>1</blocTab>
        <blocPub>3</blocPub>
        <blocIllustration>0</blocIllustration>
      </page>
      <page ordre="6">
        <nbMot>7069</nbMot>
        <blocTexte>50</blocTexte>
        <blocTab>1</blocTab>
        <blocPub>9</blocPub>
        <blocIllustration>0</blocIllustration>
      </page>
      <page ordre="7">
        <nbMot>9528</nbMot>
        <blocTexte>211</blocTexte>
        <blocTab>1</blocTab>
        <blocPub>0</blocPub>
        <blocIllustration>4</blocIllustration>
        <ills>
          <ill classif="DFdnn" couleur="gris" edit="1" h="718" id="7-1" n="7-1" pub="1" taille="0" w="692" x="161" y="415">
            <type/>
            <titraille>A LIRE PAR CEUX</titraille>
            <leg>MICROBES de la phtisie détruits par les capsules de Goudron-Guyot</leg>
            <txt>QUI SOUFFRENT de BRONCHITES, CATARRHES VIEUX RHUMES ht£G LlbcS</txt>
            <index>A LIRE PAR CEUXMICROBES de la phtisie détruits par les capsules de Goudron-GuyotQUI SOUFFRENT de BRONCHITES, CATARRHES VIEUX RHUMES ht£G LlbcS</index>
            <genre source="hm" time="2019-09-29T15:57:22.281+02:00">publicite</genre>
            <genre source="final">publicite</genre>
          </ill>
        </ills>
      </page>
      <page ordre="8">
        <nbMot>1886</nbMot>
        <blocTexte>78</blocTexte>
        <blocTab>0</blocTab>
        <blocPub>0</blocPub>
        <blocIllustration>4</blocIllustration>
        <ills/>
      </page>
    </pages>
  </contenus>
</analyseAlto>