<doc>
  <metad>
    <type>P</type>
    <ID>bpt6k564282p</ID>
    <titre>Le Petit Parisien</titre>
    <dateEdition>1912-03-21</dateEdition>
    <nbPage>8</nbPage>
    <suppl>FALSE</suppl>
  </metad>
  <contenus>
    <nbArticle>85</nbArticle>
    <largeur>423</largeur>
    <hauteur>579</hauteur>
    <pages>
      <page ordre="1">
        <nbMot>5214</nbMot>
        <blocTexte>32</blocTexte>
        <blocTab>0</blocTab>
        <blocPub>0</blocPub>
        <blocIllustration>3</blocIllustration>
        <ills/>
      </page>
      <page ordre="2">
        <nbMot>6729</nbMot>
        <blocTexte>53</blocTexte>
        <blocTab>0</blocTab>
        <blocPub>0</blocPub>
        <blocIllustration>3</blocIllustration>
        <ills/>
      </page>
      <page ordre="3">
        <nbMot>6436</nbMot>
        <blocTexte>59</blocTexte>
        <blocTab>0</blocTab>
        <blocPub>0</blocPub>
        <blocIllustration>0</blocIllustration>
      </page>
      <page ordre="4">
        <nbMot>6364</nbMot>
        <blocTexte>71</blocTexte>
        <blocTab>1</blocTab>
        <blocPub>7</blocPub>
        <blocIllustration>0</blocIllustration>
      </page>
      <page ordre="5">
        <nbMot>6151</nbMot>
        <blocTexte>51</blocTexte>
        <blocTab>1</blocTab>
        <blocPub>8</blocPub>
        <blocIllustration>1</blocIllustration>
        <ills>
          <ill classif="DFdnn" couleur="gris" edit="1" h="1507" id="5-1" n="5-1" pub="1" taille="2" w="758" x="172" y="1876">
            <contenuImg CS="0.97" h="932" w="620" sexe="P" source="dnn" x="92" y="265">face</contenuImg>
            <type/>
            <titraille>Pulsoconn Macaura</titraille>
            <leg>Uocteur, Macaura .y (!•'. R. S. A, gt; de Londres Démonstrations au Cirque et au Casino de Paris</leg>
            <txt>GRAND SUCCÈS</txt>
            <index>Pulsoconn MacauraUocteur, Macaura .y (!•'. R. S. A, gt; de Londres Démonstrations au Cirque et au Casino de ParisGRAND SUCCÈS</index>
            <genre source="hm" time="2019-09-29T14:38:57.831+02:00">publicite</genre>
            <genre source="final">publicite</genre>
          </ill>
        </ills>
      </page>
      <page ordre="6">
        <nbMot>8286</nbMot>
        <blocTexte>26</blocTexte>
        <blocTab>4</blocTab>
        <blocPub>4</blocPub>
        <blocIllustration>0</blocIllustration>
      </page>
      <page ordre="7">
        <nbMot>4833</nbMot>
        <blocTexte>34</blocTexte>
        <blocTab>0</blocTab>
        <blocPub>14</blocPub>
        <blocIllustration>2</blocIllustration>
        <ills>
          <ill classif="DFdnn" couleur="gris" edit="1" h="1110" id="7-2" n="7-2" pub="1" taille="1" w="718" x="1729" y="1495">
            <type/>
            <titraille>E Îm^^H^H</titraille>
            <leg>LE ROBINET ALEX Photographié aux trois quarts de sa grandeur naturelle Appert extérieur Vue-en coupe Les diverses pièces détachées, L'Alex est un nouveau système d'éclairage.</leg>
            <txt>LE GAZ ÉLECTRIQUE FAIT REALISER UNE ÉCONOMIE SUR LE GAZ ORDINAIRE ET COUTE 75 % MEILLEUR MARCHÉ QUE L'ÉLECTRICITÉ. Une industrie considérable répondant aux besoins de tous est fondée sur le Robinet ALEX. L'exploitation va se développer à pas de géant. 26 Brevets en France et dans les grands pays du monde.</txt>
            <index>E Îm^^H^HLE ROBINET ALEX Photographié aux trois quarts de sa grandeur naturelle Appert extérieur Vue-en coupe Les diverses pièces détachées, L'Alex est un nouveau système d'éclairage.LE GAZ ÉLECTRIQUE FAIT REALISER UNE ÉCONOMIE SUR LE GAZ ORDINAIRE ET COUTE 75 % MEILLEUR MARCHÉ QUE L'ÉLECTRICITÉ. Une industrie considérable répondant aux besoins de tous est fondée sur le Robinet ALEX. L'exploitation va se développer à pas de géant. 26 Brevets en France et dans les grands pays du monde.</index>
            <genre source="hm" time="2019-09-29T14:39:11.402+02:00">publicite</genre>
            <genre source="final">publicite</genre>
          </ill>
        </ills>
      </page>
      <page ordre="8">
        <nbMot>727</nbMot>
        <blocTexte>3</blocTexte>
        <blocTab>0</blocTab>
        <blocPub>1</blocPub>
        <blocIllustration>0</blocIllustration>
      </page>
    </pages>
  </contenus>
</doc>