<analyseAlto>
  <metad>
    <type>P</type>
    <ID>bpt6k564239m</ID>
    <titre>Le Petit Parisien</titre>
    <dateEdition>1912-02-07</dateEdition>
    <nbPage>6</nbPage>
    <suppl>FALSE</suppl>
  </metad>
  <contenus>
    <nbArticle>86</nbArticle>
    <largeur>422</largeur>
    <hauteur>578</hauteur>
    <pages>
      <page ordre="1">
        <nbMot>5239</nbMot>
        <blocTexte>47</blocTexte>
        <blocTab>0</blocTab>
        <blocPub>0</blocPub>
        <blocIllustration>2</blocIllustration>
        <ills/>
      </page>
      <page ordre="2">
        <nbMot>6726</nbMot>
        <blocTexte>44</blocTexte>
        <blocTab>0</blocTab>
        <blocPub>0</blocPub>
        <blocIllustration>1</blocIllustration>
        <ills/>
      </page>
      <page ordre="3">
        <nbMot>6186</nbMot>
        <blocTexte>65</blocTexte>
        <blocTab>0</blocTab>
        <blocPub>0</blocPub>
        <blocIllustration>0</blocIllustration>
      </page>
      <page ordre="4">
        <nbMot>7167</nbMot>
        <blocTexte>58</blocTexte>
        <blocTab>2</blocTab>
        <blocPub>0</blocPub>
        <blocIllustration>0</blocIllustration>
      </page>
      <page ordre="5">
        <nbMot>5604</nbMot>
        <blocTexte>42</blocTexte>
        <blocTab>0</blocTab>
        <blocPub>6</blocPub>
        <blocIllustration>0</blocIllustration>
      </page>
      <page ordre="6">
        <nbMot>5396</nbMot>
        <blocTexte>26</blocTexte>
        <blocTab>7</blocTab>
        <blocPub>10</blocPub>
        <blocIllustration>1</blocIllustration>
        <ills>
          <ill classif="DFdnn" couleur="gris" derniere="true" edit="1" h="749" id="6-1" n="6-1" pub="1" taille="0" w="640" x="4191" y="2079">
            <contenuImg CS="0.99" h="112" l="92" sexe="P" source="dnn" x="370" y="52">face</contenuImg>
            <type/>
            <titraille>COMMENT ENGRAISSER</titraille>
            <txt>Traitement à suivre cher soi ; il accomplit des merveilles en taisant des hommes et des femmes décharnés des êtres potelés et séduisants.</txt>
            <index>COMMENT ENGRAISSERTraitement à suivre cher soi ; il accomplit des merveilles en taisant des hommes et des femmes décharnés des êtres potelés et séduisants.</index>
            <genre source="hm" time="2019-09-28T19:42:13.998+02:00">publicite</genre>
            <genre source="final">publicite</genre>
          </ill>
        </ills>
      </page>
    </pages>
  </contenus>
</analyseAlto>