<doc>
  <metad>
    <type>P</type>
    <ID>bpt6k564336s</ID>
    <titre>Le Petit Parisien</titre>
    <dateEdition>1912-05-14</dateEdition>
    <nbPage>8</nbPage>
    <suppl>FALSE</suppl>
  </metad>
  <contenus>
    <nbArticle>105</nbArticle>
    <largeur>428</largeur>
    <hauteur>583</hauteur>
    <pages>
      <page ordre="1">
        <nbMot>5098</nbMot>
        <blocTexte>48</blocTexte>
        <blocTab>0</blocTab>
        <blocPub>0</blocPub>
        <blocIllustration>2</blocIllustration>
        <ills/>
      </page>
      <page ordre="2">
        <nbMot>5969</nbMot>
        <blocTexte>64</blocTexte>
        <blocTab>0</blocTab>
        <blocPub>0</blocPub>
        <blocIllustration>2</blocIllustration>
        <ills/>
      </page>
      <page ordre="3">
        <nbMot>6008</nbMot>
        <blocTexte>70</blocTexte>
        <blocTab>0</blocTab>
        <blocPub>0</blocPub>
        <blocIllustration>0</blocIllustration>
      </page>
      <page ordre="4">
        <nbMot>6353</nbMot>
        <blocTexte>57</blocTexte>
        <blocTab>0</blocTab>
        <blocPub>1</blocPub>
        <blocIllustration>1</blocIllustration>
        <ills/>
      </page>
      <page ordre="5">
        <nbMot>7047</nbMot>
        <blocTexte>68</blocTexte>
        <blocTab>1</blocTab>
        <blocPub>4</blocPub>
        <blocIllustration>2</blocIllustration>
        <ills/>
      </page>
      <page ordre="6">
        <nbMot>9348</nbMot>
        <blocTexte>46</blocTexte>
        <blocTab>11</blocTab>
        <blocPub>2</blocPub>
        <blocIllustration>0</blocIllustration>
      </page>
      <page ordre="7">
        <nbMot>6013</nbMot>
        <blocTexte>30</blocTexte>
        <blocTab>0</blocTab>
        <blocPub>13</blocPub>
        <blocIllustration>0</blocIllustration>
      </page>
      <page ordre="8">
        <nbMot>3353</nbMot>
        <blocTexte>18</blocTexte>
        <blocTab>0</blocTab>
        <blocPub>10</blocPub>
        <blocIllustration>1</blocIllustration>
        <ills>
          <ill classif="DFdnn" couleur="gris" derniere="true" edit="1" h="634" id="8-1" n="8-1" pub="1" taille="0" w="776" x="956" y="3313">
            <contenuImg CS="1.00" h="282" w="220" sexe="P" source="dnn" x="280" y="72">face</contenuImg>
            <type/>
            <leg>■ |M W Photographie Vigneron</leg>
            <txt>N'achetez plus de bandages avant d'avoir es sayé l'appareil de M. Glaser.</txt>
            <index>■ |M W Photographie VigneronN'achetez plus de bandages avant d'avoir es sayé l'appareil de M. Glaser.</index>
            <genre source="hm" time="2019-09-29T13:04:37.761+02:00">publicite</genre>
            <genre source="final">publicite</genre>
          </ill>
        </ills>
      </page>
    </pages>
  </contenus>
</doc>