<analyseAlto>
  <metad>
    <type>P</type>
    <ID>bpt6k564665c</ID>
    <titre>Le Petit Parisien</titre>
    <dateEdition>1913-04-09</dateEdition>
    <nbPage>6</nbPage>
    <suppl>FALSE</suppl>
  </metad>
  <contenus>
    <nbArticle>90</nbArticle>
    <largeur>428</largeur>
    <hauteur>575</hauteur>
    <pages>
      <page ordre="1">
        <nbMot>5137</nbMot>
        <blocTexte>41</blocTexte>
        <blocTab>0</blocTab>
        <blocPub>0</blocPub>
        <blocIllustration>3</blocIllustration>
        <ills/>
      </page>
      <page ordre="2">
        <nbMot>5902</nbMot>
        <blocTexte>60</blocTexte>
        <blocTab>0</blocTab>
        <blocPub>0</blocPub>
        <blocIllustration>3</blocIllustration>
        <ills/>
      </page>
      <page ordre="3">
        <nbMot>6132</nbMot>
        <blocTexte>66</blocTexte>
        <blocTab>0</blocTab>
        <blocPub>0</blocPub>
        <blocIllustration>0</blocIllustration>
      </page>
      <page ordre="4">
        <nbMot>7491</nbMot>
        <blocTexte>77</blocTexte>
        <blocTab>2</blocTab>
        <blocPub>5</blocPub>
        <blocIllustration>1</blocIllustration>
        <ills/>
      </page>
      <page ordre="5">
        <nbMot>5661</nbMot>
        <blocTexte>41</blocTexte>
        <blocTab>14</blocTab>
        <blocPub>6</blocPub>
        <blocIllustration>2</blocIllustration>
        <ills>
          <ill couleur="gris" edit="1" h="2261" id="5-1" n="5-1" pub="1" taille="6" w="1530" x="61" y="204">
            <type/>
            <titraille>MARCHÉ AUX VEAUX</titraille>
            <txt>La Villette. mardi 8 avril, veau* amenés. 111; Tendus, 112. Vente plus facile et prix bien tenus. Les veaux de cboix de Seine-et-Marne, de l'Eure, ne Seine-et-Oise. d'Eure-et-Loir, du Loiret se sont vendus de 1 25 à 1 30 ; les champenois de t 15 â l 25 ; les manceaux de l 05 à l 20 ; les gournayeux de 95 c. à l 101 les caennais de 95 c. à 1 05. Le demi-kilo net.</txt>
            <index>MARCHÉ AUX VEAUXLa Villette. mardi 8 avril, veau* amenés. 111; Tendus, 112. Vente plus facile et prix bien tenus. Les veaux de cboix de Seine-et-Marne, de l'Eure, ne Seine-et-Oise. d'Eure-et-Loir, du Loiret se sont vendus de 1 25 à 1 30 ; les champenois de t 15 â l 25 ; les manceaux de l 05 à l 20 ; les gournayeux de 95 c. à l 101 les caennais de 95 c. à 1 05. Le demi-kilo net.</index>
            <genre source="hm" time="2019-09-29T12:59:15.726+02:00">publicite</genre>
            <genre source="final">publicite</genre>
          </ill>
          <ill classif="DFdnn" couleur="gris" edit="1" h="1565" id="5-2" n="5-2" pub="1" taille="4" w="1564" x="3287" y="313">
            <type/>
            <titraille>PRINCIPAUX MICROBES</titraille>
            <txt>\ 1. Bacille de la Tuberculose. 2. Bacille du Charbon. 3. Bacille de la Diphtérie. 4. Bacille Typhique. 5. Colibacille. 6. Pneumo-bacille. 7. Bacille de la Morve. 8. Bacille du Tétanos. 9. Bacille du Charbon symptomatique.</txt>
            <index>PRINCIPAUX MICROBES\ 1. Bacille de la Tuberculose. 2. Bacille du Charbon. 3. Bacille de la Diphtérie. 4. Bacille Typhique. 5. Colibacille. 6. Pneumo-bacille. 7. Bacille de la Morve. 8. Bacille du Tétanos. 9. Bacille du Charbon symptomatique.</index>
            <genre source="hm" time="2019-09-28T19:43:49.713+02:00">publicite</genre>
            <genre source="final">publicite</genre>
          </ill>
        </ills>
      </page>
      <page ordre="6">
        <nbMot>2752</nbMot>
        <blocTexte>8</blocTexte>
        <blocTab>0</blocTab>
        <blocPub>6</blocPub>
        <blocIllustration>0</blocIllustration>
      </page>
    </pages>
  </contenus>
</analyseAlto>