<doc>
  <metad>
    <type>P</type>
    <ID>bpt6k5646496</ID>
    <titre>Le Petit Parisien</titre>
    <dateEdition>1913-03-24</dateEdition>
    <nbPage>6</nbPage>
    <suppl>FALSE</suppl>
  </metad>
  <contenus>
    <nbArticle>84</nbArticle>
    <largeur>428</largeur>
    <hauteur>571</hauteur>
    <pages>
      <page ordre="1">
        <nbMot>5059</nbMot>
        <blocTexte>46</blocTexte>
        <blocTab>0</blocTab>
        <blocPub>0</blocPub>
        <blocIllustration>2</blocIllustration>
        <ills/>
      </page>
      <page ordre="2">
        <nbMot>5749</nbMot>
        <blocTexte>61</blocTexte>
        <blocTab>0</blocTab>
        <blocPub>0</blocPub>
        <blocIllustration>3</blocIllustration>
        <ills/>
      </page>
      <page ordre="3">
        <nbMot>6265</nbMot>
        <blocTexte>65</blocTexte>
        <blocTab>0</blocTab>
        <blocPub>0</blocPub>
        <blocIllustration>0</blocIllustration>
      </page>
      <page ordre="4">
        <nbMot>6418</nbMot>
        <blocTexte>61</blocTexte>
        <blocTab>1</blocTab>
        <blocPub>7</blocPub>
        <blocIllustration>1</blocIllustration>
        <ills/>
      </page>
      <page ordre="5">
        <nbMot>6243</nbMot>
        <blocTexte>51</blocTexte>
        <blocTab>0</blocTab>
        <blocPub>9</blocPub>
        <blocIllustration>1</blocIllustration>
        <ills>
          <ill classif="DFdnn" couleur="gris" edit="1" h="993" id="5-1" n="5-1" pub="1" taille="1" w="676" x="177" y="451">
            <contenuImg CS="1.00" h="525" w="450" sexe="P" source="dnn" x="102" y="207">face</contenuImg>
            <type/>
            <titraille>Anémie printanière</titraille>
            <txt>JL Mlle BERTHE DUCHAUD, de Nousse, par Ember ménil (Meurthe-et-Moselle;, nous a informés il y a quelque temps de se guérison par les Pilules .Pink. Nous en parlons aujourd'hui, car son cas est celui de beaucoup de personnes, et il est « de «oison », puisqu'il s'agit d'anémie printanière.</txt>
            <index>Anémie printanièreJL Mlle BERTHE DUCHAUD, de Nousse, par Ember ménil (Meurthe-et-Moselle;, nous a informés il y a quelque temps de se guérison par les Pilules .Pink. Nous en parlons aujourd'hui, car son cas est celui de beaucoup de personnes, et il est « de «oison », puisqu'il s'agit d'anémie printanière.</index>
            <genre source="hm" time="2019-09-28T19:43:37.667+02:00">publicite</genre>
            <genre source="final">publicite</genre>
          </ill>
        </ills>
      </page>
      <page ordre="6">
        <nbMot>6914</nbMot>
        <blocTexte>34</blocTexte>
        <blocTab>0</blocTab>
        <blocPub>8</blocPub>
        <blocIllustration>0</blocIllustration>
      </page>
    </pages>
  </contenus>
</doc>