<doc>
  <metad>
    <type>P</type>
    <ID>bpt6k5646161</ID>
    <titre>Le Petit Parisien</titre>
    <dateEdition>1913-02-19</dateEdition>
    <nbPage>8</nbPage>
    <suppl>FALSE</suppl>
  </metad>
  <contenus>
    <nbArticle>76</nbArticle>
    <largeur>426</largeur>
    <hauteur>576</hauteur>
    <pages>
      <page ordre="1">
        <nbMot>4127</nbMot>
        <blocTexte>46</blocTexte>
        <blocTab>0</blocTab>
        <blocPub>0</blocPub>
        <blocIllustration>4</blocIllustration>
        <ills/>
      </page>
      <page ordre="2">
        <nbMot>6457</nbMot>
        <blocTexte>35</blocTexte>
        <blocTab>0</blocTab>
        <blocPub>1</blocPub>
        <blocIllustration>1</blocIllustration>
        <ills/>
      </page>
      <page ordre="3">
        <nbMot>6434</nbMot>
        <blocTexte>64</blocTexte>
        <blocTab>0</blocTab>
        <blocPub>1</blocPub>
        <blocIllustration>0</blocIllustration>
      </page>
      <page ordre="4">
        <nbMot>6562</nbMot>
        <blocTexte>40</blocTexte>
        <blocTab>0</blocTab>
        <blocPub>3</blocPub>
        <blocIllustration>2</blocIllustration>
        <ills/>
      </page>
      <page ordre="5">
        <nbMot>6899</nbMot>
        <blocTexte>81</blocTexte>
        <blocTab>0</blocTab>
        <blocPub>4</blocPub>
        <blocIllustration>1</blocIllustration>
        <ills/>
      </page>
      <page ordre="6">
        <nbMot>4426</nbMot>
        <blocTexte>38</blocTexte>
        <blocTab>1</blocTab>
        <blocPub>2</blocPub>
        <blocIllustration>2</blocIllustration>
        <ills/>
      </page>
      <page ordre="7">
        <nbMot>8586</nbMot>
        <blocTexte>35</blocTexte>
        <blocTab>2</blocTab>
        <blocPub>7</blocPub>
        <blocIllustration>2</blocIllustration>
        <ills>
          <ill classif="DFdnn" couleur="gris" edit="1" h="933" id="7-1" n="7-1" pub="1" taille="2" w="1563" x="103" y="311">
            <type/>
            <titraille>LA BOUÉE DE SAUVETAGE</titraille>
            <txt>» Tel au milieu de la mer en furie le naufragé s'accroche avec toute sa force à la bouée ou à l'épave du navire qu'il peut saisir, tel le malheureux atteint de bronchite, catarrhe, asthme, rhume persistant, etc., doit s'attacher au GOUDRON-GUYOT, qui le guérira sûrement de sa maladie.</txt>
            <index>LA BOUÉE DE SAUVETAGE» Tel au milieu de la mer en furie le naufragé s'accroche avec toute sa force à la bouée ou à l'épave du navire qu'il peut saisir, tel le malheureux atteint de bronchite, catarrhe, asthme, rhume persistant, etc., doit s'attacher au GOUDRON-GUYOT, qui le guérira sûrement de sa maladie.</index>
            <genre source="hm" time="2019-09-28T19:43:13.298+02:00">publicite</genre>
            <genre source="final">publicite</genre>
          </ill>
        </ills>
      </page>
      <page ordre="8">
        <nbMot>3326</nbMot>
        <blocTexte>17</blocTexte>
        <blocTab>0</blocTab>
        <blocPub>12</blocPub>
        <blocIllustration>0</blocIllustration>
      </page>
    </pages>
  </contenus>
</doc>