<analyseAlto>
  <metad>
    <type>P</type>
    <ID>bpt6k564700q</ID>
    <titre>Le Petit Parisien</titre>
    <dateEdition>1913-05-14</dateEdition>
    <nbPage>6</nbPage>
    <suppl>FALSE</suppl>
  </metad>
  <contenus>
    <nbArticle>77</nbArticle>
    <largeur>419</largeur>
    <hauteur>570</hauteur>
    <pages>
      <page ordre="1">
        <nbMot>5231</nbMot>
        <blocTexte>46</blocTexte>
        <blocTab>0</blocTab>
        <blocPub>0</blocPub>
        <blocIllustration>3</blocIllustration>
        <ills/>
      </page>
      <page ordre="2">
        <nbMot>6375</nbMot>
        <blocTexte>64</blocTexte>
        <blocTab>0</blocTab>
        <blocPub>1</blocPub>
        <blocIllustration>1</blocIllustration>
        <ills/>
      </page>
      <page ordre="3">
        <nbMot>6490</nbMot>
        <blocTexte>61</blocTexte>
        <blocTab>0</blocTab>
        <blocPub>0</blocPub>
        <blocIllustration>0</blocIllustration>
      </page>
      <page ordre="4">
        <nbMot>7154</nbMot>
        <blocTexte>71</blocTexte>
        <blocTab>2</blocTab>
        <blocPub>3</blocPub>
        <blocIllustration>2</blocIllustration>
        <ills>
          <ill classif="DFdnn" couleur="gris" edit="1" h="960" id="4-2" n="4-2" pub="1" taille="1" w="663" x="3350" y="3684">
            <contenuImg CS="1.00" h="570" l="407" sexe="P" source="dnn" x="122" y="92">face</contenuImg>
            <type/>
            <titraille>Ceux qui prennent les Pilules Pink guérissent. F a cnrjrr TV~W i a a la cnnir rvm* la canrr cftfnri</titraille>
            <leg>Cl. Dors è n. DESSOUDEIX!* J</leg>
            <txt>Le sang rouge. Je sang pur, le sang saturé d'oxygène est absolument nécessaire à celui qui veut avoir un bon estomac et de bonnes diges tions. Du sang, en effet, dépend la sécrétion nor male des sucs gastriques, du sang dépend l'acti vité des muscles de 1 estomac, iu sang aussi dé pend la bonne assimilation de la nourriture. Ne voyez-vous pas souffrir de l'estomac toutes les personnes débilitées, anémiées? La manière ta plus sûite de guérir les mauvais estomacs reste donc celle de la médication toni que, qui donne du sang, et le cas que nous expo sons ci-dessous vient à l'appui, pour démontrer que les Pilules Pink, médicament tonique par excellence, guérissent fort bien. • 1</txt>
            <index>Ceux qui prennent les Pilules Pink guérissent. F a cnrjrr TV~W i a a la cnnir rvm* la canrr cftfnriCl. Dors è n. DESSOUDEIX!* JLe sang rouge. Je sang pur, le sang saturé d'oxygène est absolument nécessaire à celui qui veut avoir un bon estomac et de bonnes diges tions. Du sang, en effet, dépend la sécrétion nor male des sucs gastriques, du sang dépend l'acti vité des muscles de 1 estomac, iu sang aussi dé pend la bonne assimilation de la nourriture. Ne voyez-vous pas souffrir de l'estomac toutes les personnes débilitées, anémiées? La manière ta plus sûite de guérir les mauvais estomacs reste donc celle de la médication toni que, qui donne du sang, et le cas que nous expo sons ci-dessous vient à l'appui, pour démontrer que les Pilules Pink, médicament tonique par excellence, guérissent fort bien. • 1</index>
            <genre source="hm" time="2019-09-29T15:51:51.337+02:00">publicite</genre>
            <genre source="final">publicite</genre>
          </ill>
        </ills>
      </page>
      <page ordre="5">
        <nbMot>7363</nbMot>
        <blocTexte>47</blocTexte>
        <blocTab>10</blocTab>
        <blocPub>4</blocPub>
        <blocIllustration>0</blocIllustration>
      </page>
      <page ordre="6">
        <nbMot>2390</nbMot>
        <blocTexte>16</blocTexte>
        <blocTab>0</blocTab>
        <blocPub>11</blocPub>
        <blocIllustration>0</blocIllustration>
      </page>
    </pages>
  </contenus>
</analyseAlto>