<analyseAlto>
  <metad>
    <type>P</type>
    <ID>bpt6k564897s</ID>
    <titre>Le Petit Parisien</titre>
    <dateEdition>1913-11-27</dateEdition>
    <nbPage>8</nbPage>
    <suppl>FALSE</suppl>
  </metad>
  <contenus>
    <nbArticle>119</nbArticle>
    <largeur>421</largeur>
    <hauteur>573</hauteur>
    <pages>
      <page ordre="1">
        <nbMot>4620</nbMot>
        <blocTexte>64</blocTexte>
        <blocTab>0</blocTab>
        <blocPub>1</blocPub>
        <blocIllustration>3</blocIllustration>
        <ills/>
      </page>
      <page ordre="2">
        <nbMot>6751</nbMot>
        <blocTexte>102</blocTexte>
        <blocTab>0</blocTab>
        <blocPub>0</blocPub>
        <blocIllustration>1</blocIllustration>
        <ills/>
      </page>
      <page ordre="3">
        <nbMot>6044</nbMot>
        <blocTexte>99</blocTexte>
        <blocTab>0</blocTab>
        <blocPub>0</blocPub>
        <blocIllustration>0</blocIllustration>
      </page>
      <page ordre="4">
        <nbMot>5646</nbMot>
        <blocTexte>85</blocTexte>
        <blocTab>0</blocTab>
        <blocPub>5</blocPub>
        <blocIllustration>0</blocIllustration>
      </page>
      <page ordre="5">
        <nbMot>5634</nbMot>
        <blocTexte>88</blocTexte>
        <blocTab>0</blocTab>
        <blocPub>9</blocPub>
        <blocIllustration>0</blocIllustration>
      </page>
      <page ordre="6">
        <nbMot>6866</nbMot>
        <blocTexte>139</blocTexte>
        <blocTab>0</blocTab>
        <blocPub>0</blocPub>
        <blocIllustration>0</blocIllustration>
      </page>
      <page ordre="7">
        <nbMot>7063</nbMot>
        <blocTexte>75</blocTexte>
        <blocTab>9</blocTab>
        <blocPub>2</blocPub>
        <blocIllustration>2</blocIllustration>
        <ills/>
      </page>
      <page ordre="8">
        <nbMot>4785</nbMot>
        <blocTexte>36</blocTexte>
        <blocTab>2</blocTab>
        <blocPub>12</blocPub>
        <blocIllustration>1</blocIllustration>
        <ills>
          <ill classif="DFdnn" couleur="gris" derniere="true" edit="1" h="1045" id="8-1" n="8-1" pub="1" taille="3" w="1551" x="2520" y="314">
            <type/>
            <titraille>LE LIVRE DE LÀ NATURE</titraille>
            <txt>EST TOUJOURS OUVERT,</txt>
            <index>LE LIVRE DE LÀ NATUREEST TOUJOURS OUVERT,</index>
            <genre source="hm" time="2019-09-29T13:24:04.283+02:00">publicite</genre>
            <genre source="final">publicite</genre>
          </ill>
        </ills>
      </page>
    </pages>
  </contenus>
</analyseAlto>