<doc>
  <metad>
    <type>P</type>
    <ID>bpt6k564858s</ID>
    <titre>Le Petit Parisien</titre>
    <dateEdition>1913-10-19</dateEdition>
    <nbPage>8</nbPage>
    <suppl>FALSE</suppl>
  </metad>
  <contenus>
    <nbArticle>79</nbArticle>
    <largeur>421</largeur>
    <hauteur>571</hauteur>
    <pages>
      <page ordre="1">
        <nbMot>5266</nbMot>
        <blocTexte>34</blocTexte>
        <blocTab>0</blocTab>
        <blocPub>0</blocPub>
        <blocIllustration>4</blocIllustration>
        <ills/>
      </page>
      <page ordre="2">
        <nbMot>6879</nbMot>
        <blocTexte>43</blocTexte>
        <blocTab>1</blocTab>
        <blocPub>0</blocPub>
        <blocIllustration>1</blocIllustration>
        <ills/>
      </page>
      <page ordre="3">
        <nbMot>6019</nbMot>
        <blocTexte>47</blocTexte>
        <blocTab>0</blocTab>
        <blocPub>0</blocPub>
        <blocIllustration>1</blocIllustration>
        <ills/>
      </page>
      <page ordre="4">
        <nbMot>7100</nbMot>
        <blocTexte>92</blocTexte>
        <blocTab>0</blocTab>
        <blocPub>12</blocPub>
        <blocIllustration>6</blocIllustration>
        <ills>
          <ill classif="DFdnn" couleur="gris" edit="1" h="1023" id="4-6" n="4-6" pub="1" taille="0" w="381" x="3280" y="546">
            <type/>
            <titraille>NOTES D'UNE PARISIENNE</titraille>
            <txt>C'est avec un plaisir très vil, mes chères lectrices, que je vois votre confiance en moi: grandir de jour en jour. Chaque semaine vos demandes de renseignements devien nent plus nombreuses, et vous vous adres sez en toute Confiance à « Jocelles » pour inspirer votre goût et diriger votre choix. Avec les premiers froids, la question des manteaux d'arrière saison nous intéresse avant toute autre. Un conseil pratique : choisissez de préfé rence une mante dra pée, en ratine de soie, ornée de bandes de fourrure, qui servira de transition entre le costume tailleur et le lourd paletot de lou tre dlHudson. Souples et chauds, ses plis moelleux tombent harmonieusement en composant une sil houette toute mo derne. Comme chapeau simple, je ne saurais trop vous conseiller d'adopter ie toquet de velours si flatteur pour Je teint. Désireu se d'être agréable à mes lectrices, jè leur conseille d'aller faire leur choix chez Sor bier (Lafayetf e - Mo des), où elles seront certaines de trouver, à des prix défiant toute concurrence, les mo dèles les plus élégants et les fantaisies les plus variées. Je rappelle que Sorbier a un rayon spécial de deuil à Paris, 9, rue Lafayette. Même maison à Londres, 110, Oxford Street. Charmante entre toutes, la mode actuelle est donc nettement aux robes et aux man teaux drapés. JOCELLES.</txt>
            <index>NOTES D'UNE PARISIENNEC'est avec un plaisir très vil, mes chères lectrices, que je vois votre confiance en moi: grandir de jour en jour. Chaque semaine vos demandes de renseignements devien nent plus nombreuses, et vous vous adres sez en toute Confiance à « Jocelles » pour inspirer votre goût et diriger votre choix. Avec les premiers froids, la question des manteaux d'arrière saison nous intéresse avant toute autre. Un conseil pratique : choisissez de préfé rence une mante dra pée, en ratine de soie, ornée de bandes de fourrure, qui servira de transition entre le costume tailleur et le lourd paletot de lou tre dlHudson. Souples et chauds, ses plis moelleux tombent harmonieusement en composant une sil houette toute mo derne. Comme chapeau simple, je ne saurais trop vous conseiller d'adopter ie toquet de velours si flatteur pour Je teint. Désireu se d'être agréable à mes lectrices, jè leur conseille d'aller faire leur choix chez Sor bier (Lafayetf e - Mo des), où elles seront certaines de trouver, à des prix défiant toute concurrence, les mo dèles les plus élégants et les fantaisies les plus variées. Je rappelle que Sorbier a un rayon spécial de deuil à Paris, 9, rue Lafayette. Même maison à Londres, 110, Oxford Street. Charmante entre toutes, la mode actuelle est donc nettement aux robes et aux man teaux drapés. JOCELLES.</index>
            <genre source="hm" time="2019-09-29T13:23:44.662+02:00">publicite</genre>
            <genre source="final">publicite</genre>
          </ill>
        </ills>
      </page>
      <page ordre="5">
        <nbMot>4346</nbMot>
        <blocTexte>33</blocTexte>
        <blocTab>0</blocTab>
        <blocPub>1</blocPub>
        <blocIllustration>9</blocIllustration>
        <ills/>
      </page>
      <page ordre="6">
        <nbMot>7093</nbMot>
        <blocTexte>35</blocTexte>
        <blocTab>11</blocTab>
        <blocPub>7</blocPub>
        <blocIllustration>0</blocIllustration>
      </page>
      <page ordre="7">
        <nbMot>2239</nbMot>
        <blocTexte>15</blocTexte>
        <blocTab>0</blocTab>
        <blocPub>12</blocPub>
        <blocIllustration>0</blocIllustration>
      </page>
      <page ordre="8">
        <nbMot>603</nbMot>
        <blocTexte>3</blocTexte>
        <blocTab>0</blocTab>
        <blocPub>1</blocPub>
        <blocIllustration>0</blocIllustration>
      </page>
    </pages>
  </contenus>
</doc>