<analyseAlto>
  <metad>
    <type>P</type>
    <ID>bpt6k5646805</ID>
    <titre>Le Petit Parisien</titre>
    <dateEdition>1913-04-24</dateEdition>
    <nbPage>6</nbPage>
    <suppl>FALSE</suppl>
  </metad>
  <contenus>
    <nbArticle>86</nbArticle>
    <largeur>425</largeur>
    <hauteur>570</hauteur>
    <pages>
      <page ordre="1">
        <nbMot>5205</nbMot>
        <blocTexte>47</blocTexte>
        <blocTab>0</blocTab>
        <blocPub>0</blocPub>
        <blocIllustration>2</blocIllustration>
        <ills/>
      </page>
      <page ordre="2">
        <nbMot>5662</nbMot>
        <blocTexte>59</blocTexte>
        <blocTab>0</blocTab>
        <blocPub>1</blocPub>
        <blocIllustration>2</blocIllustration>
        <ills/>
      </page>
      <page ordre="3">
        <nbMot>6182</nbMot>
        <blocTexte>64</blocTexte>
        <blocTab>0</blocTab>
        <blocPub>0</blocPub>
        <blocIllustration>0</blocIllustration>
      </page>
      <page ordre="4">
        <nbMot>6543</nbMot>
        <blocTexte>67</blocTexte>
        <blocTab>1</blocTab>
        <blocPub>8</blocPub>
        <blocIllustration>2</blocIllustration>
        <ills>
          <ill classif="DFdnn" couleur="gris" edit="1" h="1183" id="4-1" n="4-1" pub="1" taille="1" w="770" x="1793" y="3785">
            <type/>
            <titraille>RÉSULTATS DU PARI MUTUEL</titraille>
            <index>RÉSULTATS DU PARI MUTUEL</index>
            <genre source="hm" time="2019-09-29T13:06:57.532+02:00">publicite</genre>
            <genre source="final">publicite</genre>
          </ill>
        </ills>
      </page>
      <page ordre="5">
        <nbMot>8709</nbMot>
        <blocTexte>54</blocTexte>
        <blocTab>8</blocTab>
        <blocPub>7</blocPub>
        <blocIllustration>1</blocIllustration>
        <ills/>
      </page>
      <page ordre="6">
        <nbMot>4307</nbMot>
        <blocTexte>21</blocTexte>
        <blocTab>0</blocTab>
        <blocPub>13</blocPub>
        <blocIllustration>0</blocIllustration>
      </page>
    </pages>
  </contenus>
</analyseAlto>