<doc>
  <metad>
    <type>P</type>
    <ID>bpt6k5646551</ID>
    <titre>Le Petit Parisien</titre>
    <dateEdition>1913-03-30</dateEdition>
    <nbPage>8</nbPage>
    <suppl>FALSE</suppl>
  </metad>
  <contenus>
    <nbArticle>87</nbArticle>
    <largeur>424</largeur>
    <hauteur>574</hauteur>
    <pages>
      <page ordre="1">
        <nbMot>5102</nbMot>
        <blocTexte>45</blocTexte>
        <blocTab>0</blocTab>
        <blocPub>0</blocPub>
        <blocIllustration>3</blocIllustration>
        <ills/>
      </page>
      <page ordre="2">
        <nbMot>6792</nbMot>
        <blocTexte>43</blocTexte>
        <blocTab>0</blocTab>
        <blocPub>0</blocPub>
        <blocIllustration>1</blocIllustration>
        <ills/>
      </page>
      <page ordre="3">
        <nbMot>6051</nbMot>
        <blocTexte>65</blocTexte>
        <blocTab>0</blocTab>
        <blocPub>0</blocPub>
        <blocIllustration>0</blocIllustration>
      </page>
      <page ordre="4">
        <nbMot>6037</nbMot>
        <blocTexte>70</blocTexte>
        <blocTab>1</blocTab>
        <blocPub>9</blocPub>
        <blocIllustration>1</blocIllustration>
        <ills/>
      </page>
      <page ordre="5">
        <nbMot>6799</nbMot>
        <blocTexte>51</blocTexte>
        <blocTab>4</blocTab>
        <blocPub>7</blocPub>
        <blocIllustration>2</blocIllustration>
        <ills/>
      </page>
      <page ordre="6">
        <nbMot>7014</nbMot>
        <blocTexte>21</blocTexte>
        <blocTab>3</blocTab>
        <blocPub>11</blocPub>
        <blocIllustration>1</blocIllustration>
        <ills>
          <ill classif="DFdnn" couleur="gris" edit="1" h="547" id="6-1" n="6-1" pub="1" taille="0" w="770" x="91" y="83">
            <type/>
            <leg>Vos bronches siéent !</leg>
            <index>Vos bronches siéent !</index>
            <genre source="hm" time="2019-09-29T13:06:44.489+02:00">publicite</genre>
            <genre source="final">publicite</genre>
          </ill>
        </ills>
      </page>
      <page ordre="7">
        <nbMot>3518</nbMot>
        <blocTexte>23</blocTexte>
        <blocTab>0</blocTab>
        <blocPub>8</blocPub>
        <blocIllustration>1</blocIllustration>
        <ills/>
      </page>
      <page ordre="8">
        <nbMot>1966</nbMot>
        <blocTexte>9</blocTexte>
        <blocTab>0</blocTab>
        <blocPub>1</blocPub>
        <blocIllustration>0</blocIllustration>
      </page>
    </pages>
  </contenus>
</doc>