<doc>
  <metad>
    <type>P</type>
    <ID>bpt6k564912f</ID>
    <titre>Le Petit Parisien</titre>
    <dateEdition>1913-12-12</dateEdition>
    <nbPage>8</nbPage>
    <suppl>FALSE</suppl>
  </metad>
  <contenus>
    <nbArticle>146</nbArticle>
    <largeur>420</largeur>
    <hauteur>572</hauteur>
    <pages>
      <page ordre="1">
        <nbMot>5528</nbMot>
        <blocTexte>43</blocTexte>
        <blocTab>0</blocTab>
        <blocPub>0</blocPub>
        <blocIllustration>3</blocIllustration>
        <ills/>
      </page>
      <page ordre="2">
        <nbMot>6471</nbMot>
        <blocTexte>36</blocTexte>
        <blocTab>0</blocTab>
        <blocPub>0</blocPub>
        <blocIllustration>1</blocIllustration>
        <ills/>
      </page>
      <page ordre="3">
        <nbMot>6334</nbMot>
        <blocTexte>58</blocTexte>
        <blocTab>0</blocTab>
        <blocPub>0</blocPub>
        <blocIllustration>0</blocIllustration>
      </page>
      <page ordre="4">
        <nbMot>6095</nbMot>
        <blocTexte>48</blocTexte>
        <blocTab>0</blocTab>
        <blocPub>5</blocPub>
        <blocIllustration>1</blocIllustration>
        <ills/>
      </page>
      <page ordre="5">
        <nbMot>6828</nbMot>
        <blocTexte>73</blocTexte>
        <blocTab>1</blocTab>
        <blocPub>8</blocPub>
        <blocIllustration>1</blocIllustration>
        <ills>
          <ill couleur="gris" edit="1" h="589" id="5-1" n="5-1" pub="1" taille="0" w="704" x="3301" y="5955">
            <type/>
            <titraille>LA SEMAINE cinématographique</titraille>
            <txt>Il appartenait au Petit Parisien, le plus populaire et le plus répandu des journaux de grande information, d'intéresser ses lec teurs à l'essor de cette grande industrie na tionale qu'est le cinématographe. A l'heure actuelle, le cinéma règne en maî tre partout et nul ne songe à lut contester son rôle d'amuseur, d'éducateur et d'infor mateur. . La rapidité de sa réussite commerciale, ta vitesse de sa montée dans la faveur populaire, ta soudaineté de son triomphe dans le goût public, et enfin sa force de pénétration dans l'esprit des masses, font du cinématographe le plus puissant, le vtus vrai, le ptus convaincant de tous les moyens connus d'expression de la pensée Humaine. Aussi, pour faire pièce à ces esprits cha grins qui veulent le traiter en rival , nous estimons qu'il est de notre devoir de lui ou vrir Largement nos colonnes, afin qu'il puisse se montrer tel qu'il est, c'est-à-dire le grand ami de tous, l amuseur de la foule, l'auxiliaire du mailre d'école, l'indispensa ble complément de tous les journaux, l'im varlial enregistreur des grands événements contemporains. C'est donc ici, chaque semaine, à cette place, que nos lecteurs s'initieront aux beau tés et aux grandeurs de cette industrie, qui témoigne partout de notre supériorité intel lectuelle. de noire vitalité, de notre force, et qui impose au monde entier l'ardent flam beau de notre génie national.</txt>
            <index>LA SEMAINE cinématographiqueIl appartenait au Petit Parisien, le plus populaire et le plus répandu des journaux de grande information, d'intéresser ses lec teurs à l'essor de cette grande industrie na tionale qu'est le cinématographe. A l'heure actuelle, le cinéma règne en maî tre partout et nul ne songe à lut contester son rôle d'amuseur, d'éducateur et d'infor mateur. . La rapidité de sa réussite commerciale, ta vitesse de sa montée dans la faveur populaire, ta soudaineté de son triomphe dans le goût public, et enfin sa force de pénétration dans l'esprit des masses, font du cinématographe le plus puissant, le vtus vrai, le ptus convaincant de tous les moyens connus d'expression de la pensée Humaine. Aussi, pour faire pièce à ces esprits cha grins qui veulent le traiter en rival , nous estimons qu'il est de notre devoir de lui ou vrir Largement nos colonnes, afin qu'il puisse se montrer tel qu'il est, c'est-à-dire le grand ami de tous, l amuseur de la foule, l'auxiliaire du mailre d'école, l'indispensa ble complément de tous les journaux, l'im varlial enregistreur des grands événements contemporains. C'est donc ici, chaque semaine, à cette place, que nos lecteurs s'initieront aux beau tés et aux grandeurs de cette industrie, qui témoigne partout de notre supériorité intel lectuelle. de noire vitalité, de notre force, et qui impose au monde entier l'ardent flam beau de notre génie national.</index>
            <genre source="hm" time="2019-09-29T13:08:07.254+02:00">publicite</genre>
            <genre source="final">publicite</genre>
          </ill>
        </ills>
      </page>
      <page ordre="6">
        <nbMot>5282</nbMot>
        <blocTexte>26</blocTexte>
        <blocTab>11</blocTab>
        <blocPub>3</blocPub>
        <blocIllustration>0</blocIllustration>
      </page>
      <page ordre="7">
        <nbMot>4972</nbMot>
        <blocTexte>235</blocTexte>
        <blocTab>0</blocTab>
        <blocPub>0</blocPub>
        <blocIllustration>2</blocIllustration>
        <ills>
          <ill couleur="gris" edit="1" h="784" id="7-1" n="7-1" pub="1" taille="0" w="570" x="3345" y="109">
            <type/>
            <txt>:i I IER NE s</txt>
            <index>:i I IER NE s</index>
            <genre source="hm" time="2019-09-29T13:24:24.074+02:00">publicite</genre>
            <genre source="final">publicite</genre>
          </ill>
        </ills>
      </page>
      <page ordre="8">
        <nbMot>1412</nbMot>
        <blocTexte>71</blocTexte>
        <blocTab>0</blocTab>
        <blocPub>0</blocPub>
        <blocIllustration>7</blocIllustration>
        <ills/>
      </page>
    </pages>
  </contenus>
</doc>