<analyseAlto>
  <metad>
    <type>P</type>
    <ID>bpt6k5646237</ID>
    <titre>Le Petit Parisien</titre>
    <dateEdition>1913-02-26</dateEdition>
    <nbPage>6</nbPage>
    <suppl>FALSE</suppl>
  </metad>
  <contenus>
    <nbArticle>76</nbArticle>
    <largeur>425</largeur>
    <hauteur>572</hauteur>
    <pages>
      <page ordre="1">
        <nbMot>5202</nbMot>
        <blocTexte>49</blocTexte>
        <blocTab>0</blocTab>
        <blocPub>0</blocPub>
        <blocIllustration>3</blocIllustration>
        <ills/>
      </page>
      <page ordre="2">
        <nbMot>6897</nbMot>
        <blocTexte>42</blocTexte>
        <blocTab>0</blocTab>
        <blocPub>0</blocPub>
        <blocIllustration>1</blocIllustration>
        <ills/>
      </page>
      <page ordre="3">
        <nbMot>6181</nbMot>
        <blocTexte>61</blocTexte>
        <blocTab>0</blocTab>
        <blocPub>0</blocPub>
        <blocIllustration>0</blocIllustration>
      </page>
      <page ordre="4">
        <nbMot>7100</nbMot>
        <blocTexte>74</blocTexte>
        <blocTab>2</blocTab>
        <blocPub>5</blocPub>
        <blocIllustration>2</blocIllustration>
        <ills>
          <ill classif="DFdnn" couleur="gris" edit="1" h="946" id="4-2" n="4-2" pub="1" taille="1" w="700" x="4170" y="3681">
            <contenuImg CS="1.00" h="617" l="422" sexe="P" source="dnn" x="167" y="135">face</contenuImg>
            <type/>
            <titraille>Faut-il rester malade parce qu'on est âgé ?</titraille>
            <txt>Malheureusement, on constate que l'homme et surtout la femme arrivés a un certain âge se laissent aller au découragement dès que leur santé laisse tant soit peu à désirer. Ils se lamentent, ne réagissent pas. ne se soignent pas, prétendant ia chose inutile, et en reviennent toujours à ceci : « C'est peine perdue, je suis trop vieux. » Ce fâcheux état d esprit est très regrettable et ne repose sur rien. Beaucoup de personnes âgées, sans avoir la vigueur de la vingtième année, sont encore pleines de res sources et un bon tonique serait suflisant pour les remettre sur pied. Maintenir le sang en état de pureté et de force, là réside le secret de la verte vieillesse, en y ajoutant l'observation des règles d hygiène et la sobriété. Pour maintenir le sang en état de pureté, d« force, 11 suffira, au moindre symptôme -de fti blesse, de prendre les Pilules Pink, qui donnent du sang, des forces et stimulent le fonctionne ment de tous les organes. Nombre de personnes âgées nous ont écrit « Dès que je me sens un peu affaibli, je prends les Pilules Pink pendant quelques jours et aus sitôt je me sens bien. »</txt>
            <index>Faut-il rester malade parce qu'on est âgé ?Malheureusement, on constate que l'homme et surtout la femme arrivés a un certain âge se laissent aller au découragement dès que leur santé laisse tant soit peu à désirer. Ils se lamentent, ne réagissent pas. ne se soignent pas, prétendant ia chose inutile, et en reviennent toujours à ceci : « C'est peine perdue, je suis trop vieux. » Ce fâcheux état d esprit est très regrettable et ne repose sur rien. Beaucoup de personnes âgées, sans avoir la vigueur de la vingtième année, sont encore pleines de res sources et un bon tonique serait suflisant pour les remettre sur pied. Maintenir le sang en état de pureté et de force, là réside le secret de la verte vieillesse, en y ajoutant l'observation des règles d hygiène et la sobriété. Pour maintenir le sang en état de pureté, d« force, 11 suffira, au moindre symptôme -de fti blesse, de prendre les Pilules Pink, qui donnent du sang, des forces et stimulent le fonctionne ment de tous les organes. Nombre de personnes âgées nous ont écrit « Dès que je me sens un peu affaibli, je prends les Pilules Pink pendant quelques jours et aus sitôt je me sens bien. »</index>
            <genre source="hm" time="2019-09-29T15:50:52.238+02:00">publicite</genre>
            <genre source="final">publicite</genre>
          </ill>
        </ills>
      </page>
      <page ordre="5">
        <nbMot>6624</nbMot>
        <blocTexte>56</blocTexte>
        <blocTab>3</blocTab>
        <blocPub>10</blocPub>
        <blocIllustration>0</blocIllustration>
      </page>
      <page ordre="6">
        <nbMot>6574</nbMot>
        <blocTexte>14</blocTexte>
        <blocTab>1</blocTab>
        <blocPub>9</blocPub>
        <blocIllustration>1</blocIllustration>
        <ills/>
      </page>
    </pages>
  </contenus>
</analyseAlto>