<doc>
  <metad>
    <type>P</type>
    <ID>bpt6k564686f</ID>
    <titre>Le Petit Parisien</titre>
    <dateEdition>1913-04-30</dateEdition>
    <nbPage>6</nbPage>
    <suppl>FALSE</suppl>
  </metad>
  <contenus>
    <nbArticle>87</nbArticle>
    <largeur>426</largeur>
    <hauteur>573</hauteur>
    <pages>
      <page ordre="1">
        <nbMot>5221</nbMot>
        <blocTexte>49</blocTexte>
        <blocTab>0</blocTab>
        <blocPub>0</blocPub>
        <blocIllustration>2</blocIllustration>
        <ills/>
      </page>
      <page ordre="2">
        <nbMot>6334</nbMot>
        <blocTexte>61</blocTexte>
        <blocTab>0</blocTab>
        <blocPub>0</blocPub>
        <blocIllustration>1</blocIllustration>
        <ills/>
      </page>
      <page ordre="3">
        <nbMot>6101</nbMot>
        <blocTexte>52</blocTexte>
        <blocTab>0</blocTab>
        <blocPub>0</blocPub>
        <blocIllustration>0</blocIllustration>
      </page>
      <page ordre="4">
        <nbMot>6830</nbMot>
        <blocTexte>50</blocTexte>
        <blocTab>1</blocTab>
        <blocPub>2</blocPub>
        <blocIllustration>2</blocIllustration>
        <ills>
          <ill classif="DFdnn" couleur="gris" edit="1" h="839" id="4-2" n="4-2" pub="1" taille="1" w="676" x="4235" y="3347">
            <contenuImg CS="1.00" h="477" w="385" sexe="P" source="dnn" x="107" y="170">face</contenuImg>
            <type/>
            <titraille>JAMAIS DEUX SANS TROIS</titraille>
            <txt>Dans un de nos précédents articles, nous avons signalé la belle guérison obtenue, grâce aux Pilu les Pink, par Mlle Germaine DCTLAT, de Sainl- Gilles-Croix-de-Vie (Vendée). Cette jeune fille, res tée très anémique, très faible, à la suite d'une fièvre typhoïde très grave, avait vu sa convales cence s'établir très rapidement par l'intervention énergique des Pilules Pink. On nous signale au jourd'hui, de la même ville, une autre belle guéri son dont Mlle Irma Ri VALUS a été la Bénéficiaire.</txt>
            <index>JAMAIS DEUX SANS TROISDans un de nos précédents articles, nous avons signalé la belle guérison obtenue, grâce aux Pilu les Pink, par Mlle Germaine DCTLAT, de Sainl- Gilles-Croix-de-Vie (Vendée). Cette jeune fille, res tée très anémique, très faible, à la suite d'une fièvre typhoïde très grave, avait vu sa convales cence s'établir très rapidement par l'intervention énergique des Pilules Pink. On nous signale au jourd'hui, de la même ville, une autre belle guéri son dont Mlle Irma Ri VALUS a été la Bénéficiaire.</index>
            <genre source="hm" time="2019-09-29T15:51:13.088+02:00">publicite</genre>
            <genre source="final">publicite</genre>
          </ill>
        </ills>
      </page>
      <page ordre="5">
        <nbMot>6958</nbMot>
        <blocTexte>53</blocTexte>
        <blocTab>9</blocTab>
        <blocPub>4</blocPub>
        <blocIllustration>0</blocIllustration>
      </page>
      <page ordre="6">
        <nbMot>2795</nbMot>
        <blocTexte>13</blocTexte>
        <blocTab>8</blocTab>
        <blocPub>5</blocPub>
        <blocIllustration>0</blocIllustration>
      </page>
    </pages>
  </contenus>
</doc>