<doc>
  <metad>
    <type>P</type>
    <ID>bpt6k564682x</ID>
    <titre>Le Petit Parisien</titre>
    <dateEdition>1913-04-26</dateEdition>
    <nbPage>6</nbPage>
    <suppl>FALSE</suppl>
  </metad>
  <contenus>
    <nbArticle>88</nbArticle>
    <largeur>426</largeur>
    <hauteur>582</hauteur>
    <pages>
      <page ordre="1">
        <nbMot>4639</nbMot>
        <blocTexte>36</blocTexte>
        <blocTab>0</blocTab>
        <blocPub>1</blocPub>
        <blocIllustration>3</blocIllustration>
        <ills/>
      </page>
      <page ordre="2">
        <nbMot>6390</nbMot>
        <blocTexte>52</blocTexte>
        <blocTab>0</blocTab>
        <blocPub>0</blocPub>
        <blocIllustration>2</blocIllustration>
        <ills/>
      </page>
      <page ordre="3">
        <nbMot>6179</nbMot>
        <blocTexte>75</blocTexte>
        <blocTab>0</blocTab>
        <blocPub>1</blocPub>
        <blocIllustration>0</blocIllustration>
      </page>
      <page ordre="4">
        <nbMot>6496</nbMot>
        <blocTexte>50</blocTexte>
        <blocTab>0</blocTab>
        <blocPub>2</blocPub>
        <blocIllustration>2</blocIllustration>
        <ills/>
      </page>
      <page ordre="5">
        <nbMot>7303</nbMot>
        <blocTexte>61</blocTexte>
        <blocTab>3</blocTab>
        <blocPub>1</blocPub>
        <blocIllustration>1</blocIllustration>
        <ills>
          <ill classif="DFdnn" couleur="gris" edit="1" h="921" id="5-1" n="5-1" pub="1" taille="1" w="717" x="115" y="921">
            <contenuImg CS="1.00" h="490" w="382" sexe="P" source="dnn" x="150" y="92">face</contenuImg>
            <type/>
            <titraille>CE QUI ETAIT UNE TORTURE i EST DEVEiNU UN PLAISIR</titraille>
            <txt>•Il n'y a pas longtemps, M. F. ROY, charron, â Chazay, par Bressuire (Deux-Sèvres), était au nombre de ceux qui ne peuvent pas manger sans endurer, pendant les heures de digestion, les pi res souffrances. Comme, sous peine de mourir de faim, ces malheureux sont bien obligés de s'ali menter au moins deux fois par jour, c'est dire qu'ils sont torturés tout le long du jour, bien heureux encore lorsqu'ils peuvent oublier leur mal dans la douceur du sommeil. Grâoe à un traitement de quelques semaines avec les Pilules Pink, qui ont réussi alors que les autres remè des avaient échoué, ce qui pour M Roy était une torture : manger, est devenu un plaisir.</txt>
            <index>CE QUI ETAIT UNE TORTURE i EST DEVEiNU UN PLAISIR•Il n'y a pas longtemps, M. F. ROY, charron, â Chazay, par Bressuire (Deux-Sèvres), était au nombre de ceux qui ne peuvent pas manger sans endurer, pendant les heures de digestion, les pi res souffrances. Comme, sous peine de mourir de faim, ces malheureux sont bien obligés de s'ali menter au moins deux fois par jour, c'est dire qu'ils sont torturés tout le long du jour, bien heureux encore lorsqu'ils peuvent oublier leur mal dans la douceur du sommeil. Grâoe à un traitement de quelques semaines avec les Pilules Pink, qui ont réussi alors que les autres remè des avaient échoué, ce qui pour M Roy était une torture : manger, est devenu un plaisir.</index>
            <genre source="hm" time="2019-09-29T13:07:02.161+02:00">publicite</genre>
            <genre source="final">publicite</genre>
          </ill>
        </ills>
      </page>
      <page ordre="6">
        <nbMot>5359</nbMot>
        <blocTexte>26</blocTexte>
        <blocTab>13</blocTab>
        <blocPub>7</blocPub>
        <blocIllustration>0</blocIllustration>
      </page>
    </pages>
  </contenus>
</doc>