<analyseAlto>
  <metad>
    <type>P</type>
    <ID>bpt6k564567t</ID>
    <titre>Le Petit Parisien</titre>
    <dateEdition>1913-01-01</dateEdition>
    <nbPage>6</nbPage>
    <suppl>FALSE</suppl>
  </metad>
  <contenus>
    <nbArticle>88</nbArticle>
    <largeur>425</largeur>
    <hauteur>575</hauteur>
    <pages>
      <page ordre="1">
        <nbMot>4594</nbMot>
        <blocTexte>43</blocTexte>
        <blocTab>0</blocTab>
        <blocPub>0</blocPub>
        <blocIllustration>4</blocIllustration>
        <ills/>
      </page>
      <page ordre="2">
        <nbMot>6577</nbMot>
        <blocTexte>59</blocTexte>
        <blocTab>0</blocTab>
        <blocPub>0</blocPub>
        <blocIllustration>1</blocIllustration>
        <ills/>
      </page>
      <page ordre="3">
        <nbMot>5838</nbMot>
        <blocTexte>65</blocTexte>
        <blocTab>0</blocTab>
        <blocPub>0</blocPub>
        <blocIllustration>0</blocIllustration>
      </page>
      <page ordre="4">
        <nbMot>6827</nbMot>
        <blocTexte>48</blocTexte>
        <blocTab>0</blocTab>
        <blocPub>1</blocPub>
        <blocIllustration>1</blocIllustration>
        <ills/>
      </page>
      <page ordre="5">
        <nbMot>7262</nbMot>
        <blocTexte>91</blocTexte>
        <blocTab>2</blocTab>
        <blocPub>4</blocPub>
        <blocIllustration>1</blocIllustration>
        <ills/>
      </page>
      <page ordre="6">
        <nbMot>3824</nbMot>
        <blocTexte>46</blocTexte>
        <blocTab>8</blocTab>
        <blocPub>4</blocPub>
        <blocIllustration>1</blocIllustration>
        <ills>
          <ill couleur="gris" derniere="true" edit="1" h="500" id="6-1" n="6-1" pub="1" taille="0" w="777" x="907" y="1489">
            <type/>
            <titraille>' #34;^ÀxiL-t-ïrTrjsiS</titraille>
            <leg>Cfîâteau de Pau</leg>
            <index>' #34;^ÀxiL-t-ïrTrjsiSCfîâteau de Pau</index>
            <genre source="hm" time="2019-09-29T14:40:08.555+02:00">publicite</genre>
            <genre source="final">publicite</genre>
          </ill>
        </ills>
      </page>
    </pages>
  </contenus>
</analyseAlto>