<doc>
  <metad>
    <type>P</type>
    <ID>bpt6k5645830</ID>
    <titre>Le Petit Parisien</titre>
    <dateEdition>1913-01-17</dateEdition>
    <nbPage>6</nbPage>
    <suppl>FALSE</suppl>
  </metad>
  <contenus>
    <nbArticle>77</nbArticle>
    <largeur>421</largeur>
    <hauteur>568</hauteur>
    <pages>
      <page ordre="1">
        <nbMot>4229</nbMot>
        <blocTexte>44</blocTexte>
        <blocTab>0</blocTab>
        <blocPub>0</blocPub>
        <blocIllustration>5</blocIllustration>
        <ills/>
      </page>
      <page ordre="2">
        <nbMot>6424</nbMot>
        <blocTexte>56</blocTexte>
        <blocTab>0</blocTab>
        <blocPub>0</blocPub>
        <blocIllustration>1</blocIllustration>
        <ills/>
      </page>
      <page ordre="3">
        <nbMot>6198</nbMot>
        <blocTexte>69</blocTexte>
        <blocTab>0</blocTab>
        <blocPub>0</blocPub>
        <blocIllustration>0</blocIllustration>
      </page>
      <page ordre="4">
        <nbMot>6124</nbMot>
        <blocTexte>74</blocTexte>
        <blocTab>9</blocTab>
        <blocPub>5</blocPub>
        <blocIllustration>2</blocIllustration>
        <ills/>
      </page>
      <page ordre="5">
        <nbMot>7218</nbMot>
        <blocTexte>46</blocTexte>
        <blocTab>3</blocTab>
        <blocPub>19</blocPub>
        <blocIllustration>0</blocIllustration>
      </page>
      <page ordre="6">
        <nbMot>2837</nbMot>
        <blocTexte>20</blocTexte>
        <blocTab>0</blocTab>
        <blocPub>14</blocPub>
        <blocIllustration>1</blocIllustration>
        <ills>
          <ill classif="DFdnn" couleur="gris" derniere="true" edit="1" h="705" id="6-1" n="6-1" pub="1" taille="0" w="680" x="2935" y="1098">
            <type/>
            <titraille>1 Mai ®c« entre Fis ils</titraille>
            <txt>Les traitements de l'obésité sont légion, mais les bons remèdes sont plutôt rares. Il importe de faire un choix parmi eux. car tous n'ont pas les mêmes droits à la reconnaissance des gens gras. Nous n'en voulons pour preuves que les nombreuses lettres que nous recevons journel lement et qui peuvent se résumer ainsi : « J'ai déjà essayé divers traitements, tels que sels purgatifs, extraits organiques, infusions vé gétales, je me suis frictionné le corps avec des pommades et ai observé la diète des boissons pour n'obtenir qu'un résultat insignifiant. Dois-je désespérer?... » £h bien, non, il n'y a pas de quoi désespé rer. Tous ces essais infructueux prouvent sim plement que nos corresr pondants n'ont pas em ployé le bon remède, celui qui peut les débarrasser de l'excès de graisse, com me il l'a fait chez d'autres personnes mieux inspirées. Lisez ce qu'écrivent ces personnes à M. Ratié, pharmacien à Paris : « Monsieur, T Les résultats obtenus après la prise d'un flacon de Pilules Apolio étant très satisfaisants, je vous prie de vouloir bien m'en envoyer un second le plus tôt possible. » Mme 8..., Amiens. » » Monsieur, » Je suis heureuse de vous informer que, depuis une sernaine que je prends les Pilules Apolio, j'ai di minué de cinq livres, ce qui est énorme pour une première semaine. • Mme L. P., à Magny-le-Preule (Calvados). ■ « Monsieur, » Etant très satisfait de l'effet des Pilules Apolio, je vous prie de m'en envoyer un autre flacon ; je serai très heureux de faire part de</txt>
            <index>1 Mai ®c« entre Fis ilsLes traitements de l'obésité sont légion, mais les bons remèdes sont plutôt rares. Il importe de faire un choix parmi eux. car tous n'ont pas les mêmes droits à la reconnaissance des gens gras. Nous n'en voulons pour preuves que les nombreuses lettres que nous recevons journel lement et qui peuvent se résumer ainsi : « J'ai déjà essayé divers traitements, tels que sels purgatifs, extraits organiques, infusions vé gétales, je me suis frictionné le corps avec des pommades et ai observé la diète des boissons pour n'obtenir qu'un résultat insignifiant. Dois-je désespérer?... » £h bien, non, il n'y a pas de quoi désespé rer. Tous ces essais infructueux prouvent sim plement que nos corresr pondants n'ont pas em ployé le bon remède, celui qui peut les débarrasser de l'excès de graisse, com me il l'a fait chez d'autres personnes mieux inspirées. Lisez ce qu'écrivent ces personnes à M. Ratié, pharmacien à Paris : « Monsieur, T Les résultats obtenus après la prise d'un flacon de Pilules Apolio étant très satisfaisants, je vous prie de vouloir bien m'en envoyer un second le plus tôt possible. » Mme 8..., Amiens. » » Monsieur, » Je suis heureuse de vous informer que, depuis une sernaine que je prends les Pilules Apolio, j'ai di minué de cinq livres, ce qui est énorme pour une première semaine. • Mme L. P., à Magny-le-Preule (Calvados). ■ « Monsieur, » Etant très satisfait de l'effet des Pilules Apolio, je vous prie de m'en envoyer un autre flacon ; je serai très heureux de faire part de</index>
            <genre source="hm" time="2019-09-29T13:22:25.138+02:00">publicite</genre>
            <genre source="final">publicite</genre>
          </ill>
        </ills>
      </page>
    </pages>
  </contenus>
</doc>