<doc>
  <metad>
    <type>P</type>
    <ID>bpt6k564604x</ID>
    <titre>Le Petit Parisien</titre>
    <dateEdition>1913-02-07</dateEdition>
    <nbPage>8</nbPage>
    <suppl>FALSE</suppl>
  </metad>
  <contenus>
    <nbArticle>88</nbArticle>
    <largeur>428</largeur>
    <hauteur>570</hauteur>
    <pages>
      <page ordre="1">
        <nbMot>4112</nbMot>
        <blocTexte>48</blocTexte>
        <blocTab>0</blocTab>
        <blocPub>0</blocPub>
        <blocIllustration>4</blocIllustration>
        <ills/>
      </page>
      <page ordre="2">
        <nbMot>7489</nbMot>
        <blocTexte>47</blocTexte>
        <blocTab>0</blocTab>
        <blocPub>0</blocPub>
        <blocIllustration>0</blocIllustration>
      </page>
      <page ordre="3">
        <nbMot>6091</nbMot>
        <blocTexte>55</blocTexte>
        <blocTab>0</blocTab>
        <blocPub>0</blocPub>
        <blocIllustration>1</blocIllustration>
        <ills/>
      </page>
      <page ordre="4">
        <nbMot>6321</nbMot>
        <blocTexte>42</blocTexte>
        <blocTab>0</blocTab>
        <blocPub>1</blocPub>
        <blocIllustration>2</blocIllustration>
        <ills/>
      </page>
      <page ordre="5">
        <nbMot>5554</nbMot>
        <blocTexte>63</blocTexte>
        <blocTab>0</blocTab>
        <blocPub>7</blocPub>
        <blocIllustration>1</blocIllustration>
        <ills/>
      </page>
      <page ordre="6">
        <nbMot>7792</nbMot>
        <blocTexte>60</blocTexte>
        <blocTab>8</blocTab>
        <blocPub>0</blocPub>
        <blocIllustration>2</blocIllustration>
        <ills/>
      </page>
      <page ordre="7">
        <nbMot>7536</nbMot>
        <blocTexte>44</blocTexte>
        <blocTab>4</blocTab>
        <blocPub>10</blocPub>
        <blocIllustration>0</blocIllustration>
      </page>
      <page ordre="8">
        <nbMot>4307</nbMot>
        <blocTexte>24</blocTexte>
        <blocTab>0</blocTab>
        <blocPub>13</blocPub>
        <blocIllustration>1</blocIllustration>
        <ills>
          <ill classif="DFdnn" couleur="gris" derniere="true" edit="1" h="1104" id="8-1" n="8-1" pub="1" taille="1" w="762" x="2927" y="951">
            <contenuImg CS="0.99" h="320" w="225" sexe="P" source="dnn" x="340" y="95">face</contenuImg>
            <type/>
            <titraille>Pour développer# raffermir les Seins</titraille>
            <txt>rien ne vaut les  Pilules Orie</txt>
            <index>Pour développer# raffermir les Seinsrien ne vaut les  Pilules Orie</index>
            <genre source="hm" time="2019-09-29T15:50:30.841+02:00">publicite</genre>
            <genre source="final">publicite</genre>
          </ill>
        </ills>
      </page>
    </pages>
  </contenus>
</doc>