<doc>
  <metad>
    <type>P</type>
    <ID>bpt6k564738s</ID>
    <titre>Le Petit Parisien</titre>
    <dateEdition>1913-06-21</dateEdition>
    <nbPage>6</nbPage>
    <suppl>FALSE</suppl>
  </metad>
  <contenus>
    <nbArticle>81</nbArticle>
    <largeur>422</largeur>
    <hauteur>572</hauteur>
    <pages>
      <page ordre="1">
        <nbMot>5125</nbMot>
        <blocTexte>45</blocTexte>
        <blocTab>0</blocTab>
        <blocPub>0</blocPub>
        <blocIllustration>3</blocIllustration>
        <ills/>
      </page>
      <page ordre="2">
        <nbMot>6622</nbMot>
        <blocTexte>45</blocTexte>
        <blocTab>0</blocTab>
        <blocPub>2</blocPub>
        <blocIllustration>1</blocIllustration>
        <ills/>
      </page>
      <page ordre="3">
        <nbMot>6145</nbMot>
        <blocTexte>75</blocTexte>
        <blocTab>0</blocTab>
        <blocPub>1</blocPub>
        <blocIllustration>0</blocIllustration>
      </page>
      <page ordre="4">
        <nbMot>7115</nbMot>
        <blocTexte>60</blocTexte>
        <blocTab>0</blocTab>
        <blocPub>3</blocPub>
        <blocIllustration>0</blocIllustration>
      </page>
      <page ordre="5">
        <nbMot>6624</nbMot>
        <blocTexte>59</blocTexte>
        <blocTab>5</blocTab>
        <blocPub>10</blocPub>
        <blocIllustration>1</blocIllustration>
        <ills>
          <ill classif="DFdnn" couleur="gris" edit="1" h="730" id="5-1" n="5-1" pub="1" taille="0" w="650" x="3373" y="847">
            <contenuImg CS="1.00" h="465" w="340" sexe="P" source="dnn" x="182" y="145">face</contenuImg>
            <type/>
            <titraille>' Encore un bon point pour les Pilules Pink '</titraille>
            <leg>AV.*BUISSON</leg>
            <txt>Les Pilules Pink guérissent si facilement, si p-omplement les maladies qui ont po ur origine la pauvreté du sang, la faihlesse des nerfs que, parodiant le mot de Sénèque ; «On est à moitié guéri quand on veut sincèrement sa guérison », on peut dire : « On est a moitié guéri lorsqu'on a choisi les Pilules Pink pour guérir. » Nous recevons chaque jour de nombreuses let tres de malades qui ont traîné leur mal pendant des années entières, qui ont de ce fait perdu leur emploi, leur situation, leur gagne-paiu, qui après avoir essayé inutilement toutes sortes de remèdes se sont décidés a prendre les Pilules Pink et ont été guéris en quelques semaines. Nous citons chaque, jour (le nouveaux cas de guérison ; aux malades de profiler de ces exemples :</txt>
            <index>' Encore un bon point pour les Pilules Pink 'AV.*BUISSONLes Pilules Pink guérissent si facilement, si p-omplement les maladies qui ont po ur origine la pauvreté du sang, la faihlesse des nerfs que, parodiant le mot de Sénèque ; «On est à moitié guéri quand on veut sincèrement sa guérison », on peut dire : « On est a moitié guéri lorsqu'on a choisi les Pilules Pink pour guérir. » Nous recevons chaque jour de nombreuses let tres de malades qui ont traîné leur mal pendant des années entières, qui ont de ce fait perdu leur emploi, leur situation, leur gagne-paiu, qui après avoir essayé inutilement toutes sortes de remèdes se sont décidés a prendre les Pilules Pink et ont été guéris en quelques semaines. Nous citons chaque, jour (le nouveaux cas de guérison ; aux malades de profiler de ces exemples :</index>
            <genre source="hm" time="2019-09-29T13:23:35.596+02:00">publicite</genre>
            <genre source="final">publicite</genre>
          </ill>
        </ills>
      </page>
      <page ordre="6">
        <nbMot>8906</nbMot>
        <blocTexte>26</blocTexte>
        <blocTab>2</blocTab>
        <blocPub>13</blocPub>
        <blocIllustration>0</blocIllustration>
      </page>
    </pages>
  </contenus>
</doc>