<doc>
  <metad>
    <type>P</type>
    <ID>bpt6k5646941</ID>
    <titre>Le Petit Parisien</titre>
    <dateEdition>1913-05-08</dateEdition>
    <nbPage>8</nbPage>
    <suppl>FALSE</suppl>
  </metad>
  <contenus>
    <nbArticle>160</nbArticle>
    <largeur>421</largeur>
    <hauteur>573</hauteur>
    <pages>
      <page ordre="1">
        <nbMot>4753</nbMot>
        <blocTexte>34</blocTexte>
        <blocTab>0</blocTab>
        <blocPub>0</blocPub>
        <blocIllustration>2</blocIllustration>
        <ills/>
      </page>
      <page ordre="2">
        <nbMot>6171</nbMot>
        <blocTexte>51</blocTexte>
        <blocTab>0</blocTab>
        <blocPub>0</blocPub>
        <blocIllustration>2</blocIllustration>
        <ills/>
      </page>
      <page ordre="3">
        <nbMot>5845</nbMot>
        <blocTexte>61</blocTexte>
        <blocTab>0</blocTab>
        <blocPub>0</blocPub>
        <blocIllustration>1</blocIllustration>
        <ills/>
      </page>
      <page ordre="4">
        <nbMot>6078</nbMot>
        <blocTexte>46</blocTexte>
        <blocTab>0</blocTab>
        <blocPub>4</blocPub>
        <blocIllustration>1</blocIllustration>
        <ills/>
      </page>
      <page ordre="5">
        <nbMot>7040</nbMot>
        <blocTexte>78</blocTexte>
        <blocTab>1</blocTab>
        <blocPub>7</blocPub>
        <blocIllustration>0</blocIllustration>
      </page>
      <page ordre="6">
        <nbMot>4986</nbMot>
        <blocTexte>34</blocTexte>
        <blocTab>0</blocTab>
        <blocPub>3</blocPub>
        <blocIllustration>0</blocIllustration>
      </page>
      <page ordre="7">
        <nbMot>6627</nbMot>
        <blocTexte>232</blocTexte>
        <blocTab>1</blocTab>
        <blocPub>1</blocPub>
        <blocIllustration>7</blocIllustration>
        <ills>
          <ill classif="DFdnn" couleur="gris" edit="1" h="965" id="7-1" n="7-1" pub="1" taille="1" w="776" x="115" y="3037">
            <type/>
            <titraille>CONCERTS  et  ORPHEONS</titraille>
            <txt>DE KOTO</txt>
            <index>CONCERTS  et  ORPHEONSDE KOTO</index>
            <genre source="hm" time="2019-09-29T13:07:16.165+02:00">publicite</genre>
            <genre source="final">publicite</genre>
          </ill>
          <ill couleur="gris" edit="1" h="1867" id="7-2" n="7-2" pub="1" taille="4" w="1410" x="1005" y="1215">
            <type/>
            <titraille>NAVIGATION FLUVIALE</titraille>
            <txt>aux Établissements Koto 5, BouleVard Beaumarchais</txt>
            <index>NAVIGATION FLUVIALEaux Établissements Koto 5, BouleVard Beaumarchais</index>
            <genre source="hm" time="2019-09-29T13:07:13.78+02:00">publicite</genre>
            <genre source="final">publicite</genre>
          </ill>
          <ill couleur="gris" edit="1" h="1286" id="7-3" n="7-3" pub="1" taille="5" w="2343" x="2539" y="83">
            <type/>
            <leg>S ' 1 M RENTES VIAGERES a 8,10,12,14,167, liÉyfy Ë \Éj w H Assurances sur la Vie rémunératrioesm L'ÉTAT. Dotations (Combinaisons nouoetles). Aucune Compagnie n'offre par ses réserves mathématiques des garanties supérieures à celles de L'UNION. ï«nft et Rtaniginniu u Siège Social :9, Place Vendôme, Paris ai lus las Agenças lia tonnes. EEBHMHBHBHHH</leg>
            <index>S ' 1 M RENTES VIAGERES a 8,10,12,14,167, liÉyfy Ë \Éj w H Assurances sur la Vie rémunératrioesm L'ÉTAT. Dotations (Combinaisons nouoetles). Aucune Compagnie n'offre par ses réserves mathématiques des garanties supérieures à celles de L'UNION. ï«nft et Rtaniginniu u Siège Social :9, Place Vendôme, Paris ai lus las Agenças lia tonnes. EEBHMHBHBHHH</index>
            <genre source="hm" time="2019-09-29T13:07:11.568+02:00">publicite</genre>
            <genre source="final">publicite</genre>
          </ill>
        </ills>
      </page>
      <page ordre="8">
        <nbMot>1786</nbMot>
        <blocTexte>73</blocTexte>
        <blocTab>0</blocTab>
        <blocPub>0</blocPub>
        <blocIllustration>5</blocIllustration>
        <ills>
          <ill classif="DFdnn" couleur="gris" derniere="true" edit="1" h="4513" id="8-2" n="8-2" pub="1" taille="22" w="2627" x="135" y="472">
            <type/>
            <txt>LA MÉNAGÈRE</txt>
            <index>LA MÉNAGÈRE</index>
            <genre source="hm" time="2019-09-29T13:23:15.719+02:00">publicite</genre>
            <genre source="final">publicite</genre>
          </ill>
        </ills>
      </page>
    </pages>
  </contenus>
</doc>