<doc>
  <metad>
    <type>P</type>
    <ID>bpt6k564588w</ID>
    <titre>Le Petit Parisien</titre>
    <dateEdition>1913-01-22</dateEdition>
    <nbPage>8</nbPage>
    <suppl>FALSE</suppl>
  </metad>
  <contenus>
    <nbArticle>78</nbArticle>
    <largeur>418</largeur>
    <hauteur>571</hauteur>
    <pages>
      <page ordre="1">
        <nbMot>4330</nbMot>
        <blocTexte>52</blocTexte>
        <blocTab>0</blocTab>
        <blocPub>0</blocPub>
        <blocIllustration>8</blocIllustration>
        <ills/>
      </page>
      <page ordre="2">
        <nbMot>6256</nbMot>
        <blocTexte>49</blocTexte>
        <blocTab>0</blocTab>
        <blocPub>0</blocPub>
        <blocIllustration>2</blocIllustration>
        <ills/>
      </page>
      <page ordre="3">
        <nbMot>5899</nbMot>
        <blocTexte>64</blocTexte>
        <blocTab>0</blocTab>
        <blocPub>0</blocPub>
        <blocIllustration>0</blocIllustration>
      </page>
      <page ordre="4">
        <nbMot>6743</nbMot>
        <blocTexte>36</blocTexte>
        <blocTab>0</blocTab>
        <blocPub>2</blocPub>
        <blocIllustration>0</blocIllustration>
      </page>
      <page ordre="5">
        <nbMot>5606</nbMot>
        <blocTexte>60</blocTexte>
        <blocTab>1</blocTab>
        <blocPub>6</blocPub>
        <blocIllustration>4</blocIllustration>
        <ills>
          <ill classif="DFdnn" couleur="gris" edit="1" h="813" id="5-2" n="5-2" pub="1" taille="1" w="702" x="901" y="363">
            <contenuImg CS="1.00" h="477" w="385" sexe="P" source="dnn" x="170" y="182">face</contenuImg>
            <type/>
            <titraille>Guérison d'une jeune Servante</titraille>
            <txt>Mlle ALICE PACMEZ, 18 ans, 24, rue Linné, à Paris, jeune servante, nous a écrit :</txt>
            <index>Guérison d'une jeune ServanteMlle ALICE PACMEZ, 18 ans, 24, rue Linné, à Paris, jeune servante, nous a écrit :</index>
            <genre source="hm" time="2019-09-29T13:05:22.303+02:00">publicite</genre>
            <genre source="final">publicite</genre>
          </ill>
          <ill classif="DFdnn" couleur="gris" edit="1" h="687" id="5-4" n="5-4" pub="1" taille="1" w="1170" x="3293" y="5987">
            <contenuImg CS="1" lang="fr" source="hm" time="2020-04-08T18:06:57.377+02:00">vélo</contenuImg>
            <type/>
            <titraille>'UNE MERVEILLEUSE   PETITE REINE  '</titraille>
            <txt>La Maison Aulomolo, de Saint-Etienne, a fait un modèle 1913 tout a fait remarquable. Ori ginalité  de construc tion qui fait reconnaî tre de suite ces machi nes. solidité à toute épreuve, notamment de lai téle de fourche, telles sont les caractéristi- L qtïes générales. * La bicyclette « tou iSrisle » ou extra forte, «du poids de 9 kilos, J séduit et les amateurs îde la route et ie3 r coureurs. Et c'est pour ces qua lités primordiales que la bicyclette Automoto lest partrculièremen es S vogue.</txt>
            <index>'UNE MERVEILLEUSE   PETITE REINE  'La Maison Aulomolo, de Saint-Etienne, a fait un modèle 1913 tout a fait remarquable. Ori ginalité  de construc tion qui fait reconnaî tre de suite ces machi nes. solidité à toute épreuve, notamment de lai téle de fourche, telles sont les caractéristi- L qtïes générales. * La bicyclette « tou iSrisle » ou extra forte, «du poids de 9 kilos, J séduit et les amateurs îde la route et ie3 r coureurs. Et c'est pour ces qua lités primordiales que la bicyclette Automoto lest partrculièremen es S vogue.</index>
            <genre source="hm" time="2019-09-29T13:05:18.798+02:00">publicite</genre>
            <genre source="final">publicite</genre>
            <contenuImg CS="1" lang="en" source="hm" time="2020-04-08T18:06:57.377+02:00">bicycle</contenuImg>
          </ill>
        </ills>
      </page>
      <page ordre="6">
        <nbMot>8413</nbMot>
        <blocTexte>80</blocTexte>
        <blocTab>3</blocTab>
        <blocPub>1</blocPub>
        <blocIllustration>0</blocIllustration>
      </page>
      <page ordre="7">
        <nbMot>5839</nbMot>
        <blocTexte>37</blocTexte>
        <blocTab>7</blocTab>
        <blocPub>10</blocPub>
        <blocIllustration>2</blocIllustration>
        <ills>
          <ill classif="DFdnn" couleur="gris" edit="1" h="646" id="7-2" n="7-2" pub="1" taille="1" w="1572" x="3267" y="1685">
            <type/>
            <titraille>COMMENT J'AI DÉVELOPPÉ MON BUSTE</titraille>
            <leg>Ces gravures démontrent l'action scientifique qui a transformé en trente jours ma poitrine tombante en on buste merveilleux et ferme. Envoyez aujourd'hui même le coupon ci-dessous et observes votre propre buste subir la même merveilleuse transformation.</leg>
            <txt>de 15 centimètres en 30 jours</txt>
            <index>COMMENT J'AI DÉVELOPPÉ MON BUSTECes gravures démontrent l'action scientifique qui a transformé en trente jours ma poitrine tombante en on buste merveilleux et ferme. Envoyez aujourd'hui même le coupon ci-dessous et observes votre propre buste subir la même merveilleuse transformation.de 15 centimètres en 30 jours</index>
            <genre source="hm" time="2019-09-29T13:05:26.581+02:00">publicite</genre>
            <genre source="final">publicite</genre>
          </ill>
        </ills>
      </page>
      <page ordre="8">
        <nbMot>4128</nbMot>
        <blocTexte>24</blocTexte>
        <blocTab>0</blocTab>
        <blocPub>16</blocPub>
        <blocIllustration>0</blocIllustration>
      </page>
    </pages>
  </contenus>
</doc>