<doc>
  <metad>
    <type>P</type>
    <ID>bpt6k5646763</ID>
    <titre>Le Petit Parisien</titre>
    <dateEdition>1913-04-20</dateEdition>
    <nbPage>8</nbPage>
    <suppl>FALSE</suppl>
  </metad>
  <contenus>
    <nbArticle>99</nbArticle>
    <largeur>424</largeur>
    <hauteur>569</hauteur>
    <pages>
      <page ordre="1">
        <nbMot>4949</nbMot>
        <blocTexte>41</blocTexte>
        <blocTab>0</blocTab>
        <blocPub>1</blocPub>
        <blocIllustration>2</blocIllustration>
        <ills/>
      </page>
      <page ordre="2">
        <nbMot>6194</nbMot>
        <blocTexte>45</blocTexte>
        <blocTab>0</blocTab>
        <blocPub>0</blocPub>
        <blocIllustration>2</blocIllustration>
        <ills/>
      </page>
      <page ordre="3">
        <nbMot>6223</nbMot>
        <blocTexte>61</blocTexte>
        <blocTab>0</blocTab>
        <blocPub>0</blocPub>
        <blocIllustration>0</blocIllustration>
      </page>
      <page ordre="4">
        <nbMot>6531</nbMot>
        <blocTexte>67</blocTexte>
        <blocTab>0</blocTab>
        <blocPub>3</blocPub>
        <blocIllustration>1</blocIllustration>
        <ills/>
      </page>
      <page ordre="5">
        <nbMot>6511</nbMot>
        <blocTexte>58</blocTexte>
        <blocTab>1</blocTab>
        <blocPub>8</blocPub>
        <blocIllustration>2</blocIllustration>
        <ills/>
      </page>
      <page ordre="6">
        <nbMot>7676</nbMot>
        <blocTexte>53</blocTexte>
        <blocTab>12</blocTab>
        <blocPub>4</blocPub>
        <blocIllustration>1</blocIllustration>
        <ills>
          <ill classif="DFdnn" couleur="gris" edit="1" h="1179" id="6-1" n="6-1" pub="1" taille="1" w="762" x="933" y="1072">
            <contenuImg CS="0.90" h="112" w="82" sexe="P" source="dnn" x="335" y="497">face</contenuImg>
            <type/>
            <titraille>RÉSULTATS DU PARI MUTUEL</titraille>
            <txt>MOTOCYCLISME</txt>
            <index>RÉSULTATS DU PARI MUTUELMOTOCYCLISME</index>
            <genre source="hm" time="2019-09-29T13:06:54.787+02:00">publicite</genre>
            <genre source="final">publicite</genre>
          </ill>
        </ills>
      </page>
      <page ordre="7">
        <nbMot>3765</nbMot>
        <blocTexte>24</blocTexte>
        <blocTab>0</blocTab>
        <blocPub>11</blocPub>
        <blocIllustration>0</blocIllustration>
      </page>
      <page ordre="8">
        <nbMot>3149</nbMot>
        <blocTexte>13</blocTexte>
        <blocTab>0</blocTab>
        <blocPub>5</blocPub>
        <blocIllustration>0</blocIllustration>
      </page>
    </pages>
  </contenus>
</doc>