<doc>
  <metad>
    <type>P</type>
    <ID>bpt6k5646674</ID>
    <titre>Le Petit Parisien</titre>
    <dateEdition>1913-04-11</dateEdition>
    <nbPage>6</nbPage>
    <suppl>FALSE</suppl>
  </metad>
  <contenus>
    <nbArticle>83</nbArticle>
    <largeur>423</largeur>
    <hauteur>576</hauteur>
    <pages>
      <page ordre="1">
        <nbMot>5702</nbMot>
        <blocTexte>47</blocTexte>
        <blocTab>0</blocTab>
        <blocPub>0</blocPub>
        <blocIllustration>2</blocIllustration>
        <ills/>
      </page>
      <page ordre="2">
        <nbMot>6662</nbMot>
        <blocTexte>64</blocTexte>
        <blocTab>0</blocTab>
        <blocPub>0</blocPub>
        <blocIllustration>1</blocIllustration>
        <ills/>
      </page>
      <page ordre="3">
        <nbMot>6264</nbMot>
        <blocTexte>57</blocTexte>
        <blocTab>0</blocTab>
        <blocPub>1</blocPub>
        <blocIllustration>0</blocIllustration>
      </page>
      <page ordre="4">
        <nbMot>6621</nbMot>
        <blocTexte>64</blocTexte>
        <blocTab>10</blocTab>
        <blocPub>3</blocPub>
        <blocIllustration>0</blocIllustration>
      </page>
      <page ordre="5">
        <nbMot>6677</nbMot>
        <blocTexte>46</blocTexte>
        <blocTab>3</blocTab>
        <blocPub>12</blocPub>
        <blocIllustration>2</blocIllustration>
        <ills>
          <ill couleur="gris" edit="1" h="409" id="5-2" n="5-2" pub="1" taille="0" w="690" x="2557" y="2757">
            <type/>
            <titraille>« COMMENT FAUT-IL FAIRE LA CURE D E PRINTEMPS »</titraille>
            <txt>Faites votre pure de printemps avec les Pilules Pink. Vous ne pouvez vous imaginer tout le bien que vous en ressentirez. Il vous sem blera qu'un nouveau sang coule dans vos veines, qu'une nouvelle sève se répand dans votre orga nisme. Toutes les impuretés que votre sang a emmagasinées pendant la mauvaise saison se ront éliminées par les voies naturelles, grS.ce au bon fonctionnement des reins, du foie, de l'intestin. Ces impuretés doivent être éliminées par ces organes, elles ne doivent pas sortir par la peau. Les personnes qui ont sur la figure ou sur les mains de l'eczéma, dqs dartres, celles ouf ont des rougeurs, des furoncles, ces personnes certainement n'éliminent pas. Leurs reins, leur foie, leur intestin fonctionnent mal, et ces per sonnes n'ont certainement pas fait la cure des Pilules Pink. La cure des Pilules Pink ne vous donne pas un soulagement momentané. Le bon effet de cette cure persiste et vous permettra de supporter sans fatigue la longue période dé primante des chaleurs.</txt>
            <index>« COMMENT FAUT-IL FAIRE LA CURE D E PRINTEMPS »Faites votre pure de printemps avec les Pilules Pink. Vous ne pouvez vous imaginer tout le bien que vous en ressentirez. Il vous sem blera qu'un nouveau sang coule dans vos veines, qu'une nouvelle sève se répand dans votre orga nisme. Toutes les impuretés que votre sang a emmagasinées pendant la mauvaise saison se ront éliminées par les voies naturelles, grS.ce au bon fonctionnement des reins, du foie, de l'intestin. Ces impuretés doivent être éliminées par ces organes, elles ne doivent pas sortir par la peau. Les personnes qui ont sur la figure ou sur les mains de l'eczéma, dqs dartres, celles ouf ont des rougeurs, des furoncles, ces personnes certainement n'éliminent pas. Leurs reins, leur foie, leur intestin fonctionnent mal, et ces per sonnes n'ont certainement pas fait la cure des Pilules Pink. La cure des Pilules Pink ne vous donne pas un soulagement momentané. Le bon effet de cette cure persiste et vous permettra de supporter sans fatigue la longue période dé primante des chaleurs.</index>
            <genre source="hm" time="2019-09-29T13:06:49.355+02:00">publicite</genre>
            <genre source="final">publicite</genre>
          </ill>
        </ills>
      </page>
      <page ordre="6">
        <nbMot>3572</nbMot>
        <blocTexte>13</blocTexte>
        <blocTab>0</blocTab>
        <blocPub>10</blocPub>
        <blocIllustration>0</blocIllustration>
      </page>
    </pages>
  </contenus>
</doc>