<doc>
  <metad>
    <type>P</type>
    <ID>bpt6k564622v</ID>
    <titre>Le Petit Parisien</titre>
    <dateEdition>1913-02-25</dateEdition>
    <nbPage>6</nbPage>
    <suppl>FALSE</suppl>
  </metad>
  <contenus>
    <nbArticle>80</nbArticle>
    <largeur>428</largeur>
    <hauteur>571</hauteur>
    <pages>
      <page ordre="1">
        <nbMot>5688</nbMot>
        <blocTexte>49</blocTexte>
        <blocTab>0</blocTab>
        <blocPub>0</blocPub>
        <blocIllustration>3</blocIllustration>
        <ills/>
      </page>
      <page ordre="2">
        <nbMot>6391</nbMot>
        <blocTexte>68</blocTexte>
        <blocTab>0</blocTab>
        <blocPub>1</blocPub>
        <blocIllustration>1</blocIllustration>
        <ills/>
      </page>
      <page ordre="3">
        <nbMot>6102</nbMot>
        <blocTexte>72</blocTexte>
        <blocTab>0</blocTab>
        <blocPub>0</blocPub>
        <blocIllustration>0</blocIllustration>
      </page>
      <page ordre="4">
        <nbMot>6927</nbMot>
        <blocTexte>74</blocTexte>
        <blocTab>1</blocTab>
        <blocPub>0</blocPub>
        <blocIllustration>3</blocIllustration>
        <ills>
          <ill couleur="gris" edit="1" h="606" id="4-3" n="4-3" pub="1" taille="0" w="737" x="4168" y="2757">
            <type/>
            <titraille>Asthmatiques, Catsrrheux</titraille>
            <txt>vous avez un poids sur la poitrine</txt>
            <index>Asthmatiques, Catsrrheuxvous avez un poids sur la poitrine</index>
            <genre source="hm" time="2019-09-29T13:05:58.818+02:00">publicite</genre>
            <genre source="final">publicite</genre>
          </ill>
        </ills>
      </page>
      <page ordre="5">
        <nbMot>10326</nbMot>
        <blocTexte>30</blocTexte>
        <blocTab>4</blocTab>
        <blocPub>9</blocPub>
        <blocIllustration>0</blocIllustration>
      </page>
      <page ordre="6">
        <nbMot>4770</nbMot>
        <blocTexte>22</blocTexte>
        <blocTab>1</blocTab>
        <blocPub>14</blocPub>
        <blocIllustration>0</blocIllustration>
      </page>
    </pages>
  </contenus>
</doc>