<doc>
  <metad>
    <type>P</type>
    <ID>bpt6k564730r</ID>
    <titre>Le Petit Parisien</titre>
    <dateEdition>1913-06-13</dateEdition>
    <nbPage>8</nbPage>
    <suppl>FALSE</suppl>
  </metad>
  <contenus>
    <nbArticle>108</nbArticle>
    <largeur>426</largeur>
    <hauteur>571</hauteur>
    <pages>
      <page ordre="1">
        <nbMot>5448</nbMot>
        <blocTexte>48</blocTexte>
        <blocTab>0</blocTab>
        <blocPub>0</blocPub>
        <blocIllustration>2</blocIllustration>
        <ills/>
      </page>
      <page ordre="2">
        <nbMot>6405</nbMot>
        <blocTexte>59</blocTexte>
        <blocTab>0</blocTab>
        <blocPub>0</blocPub>
        <blocIllustration>5</blocIllustration>
        <ills/>
      </page>
      <page ordre="3">
        <nbMot>6105</nbMot>
        <blocTexte>62</blocTexte>
        <blocTab>0</blocTab>
        <blocPub>0</blocPub>
        <blocIllustration>0</blocIllustration>
      </page>
      <page ordre="4">
        <nbMot>6567</nbMot>
        <blocTexte>56</blocTexte>
        <blocTab>0</blocTab>
        <blocPub>2</blocPub>
        <blocIllustration>0</blocIllustration>
      </page>
      <page ordre="5">
        <nbMot>6890</nbMot>
        <blocTexte>49</blocTexte>
        <blocTab>0</blocTab>
        <blocPub>3</blocPub>
        <blocIllustration>2</blocIllustration>
        <ills>
          <ill classif="DFdnn" couleur="gris" edit="1" h="948" id="5-1" n="5-1" pub="1" taille="1" w="670" x="115" y="816">
            <contenuImg CS="1.00" h="457" w="342" sexe="P" source="dnn" x="242" y="202">face</contenuImg>
            <type/>
            <titraille>'  Grâce aux Pilules Pink la bonne fermière reprend ses travaux.  '</titraille>
            <leg>IfTRfIGOUX. . Cf. M arc h at eau .</leg>
            <txt>Mme ISABELLE RAGQUX, dont nous donnons Ici la. photographie, est la bonne fermière du do maine Sylvestre, par Arles (Bouches-du-Rhône). A voir son visage énergique, vous vous doutez que ce n'est pas une personne qui se dorlote. Levée tôt, elle veille a tout a la ferme et n'arrête pas de travailler brut le long du jour. Mais à cela., notre bonne fermière s'était un peu usée ; là maladie vint qui l'empêcha de se livrer à ses occupations habituelles et cette inaction forcée l'affecta aussi moralement. Les Pilules Pink ont, comine on va le voir, très bien guéri la bonne fermière. Elles ont restauré son organisme et, maintenant, elle est repartie pour- une bonne période d'activité et de satisfaction de vivre.</txt>
            <index>'  Grâce aux Pilules Pink la bonne fermière reprend ses travaux.  'IfTRfIGOUX. . Cf. M arc h at eau .Mme ISABELLE RAGQUX, dont nous donnons Ici la. photographie, est la bonne fermière du do maine Sylvestre, par Arles (Bouches-du-Rhône). A voir son visage énergique, vous vous doutez que ce n'est pas une personne qui se dorlote. Levée tôt, elle veille a tout a la ferme et n'arrête pas de travailler brut le long du jour. Mais à cela., notre bonne fermière s'était un peu usée ; là maladie vint qui l'empêcha de se livrer à ses occupations habituelles et cette inaction forcée l'affecta aussi moralement. Les Pilules Pink ont, comine on va le voir, très bien guéri la bonne fermière. Elles ont restauré son organisme et, maintenant, elle est repartie pour- une bonne période d'activité et de satisfaction de vivre.</index>
            <genre source="hm" time="2019-09-29T15:52:07.627+02:00">publicite</genre>
            <genre source="final">publicite</genre>
          </ill>
        </ills>
      </page>
      <page ordre="6">
        <nbMot>7780</nbMot>
        <blocTexte>59</blocTexte>
        <blocTab>8</blocTab>
        <blocPub>1</blocPub>
        <blocIllustration>0</blocIllustration>
      </page>
      <page ordre="7">
        <nbMot>8112</nbMot>
        <blocTexte>49</blocTexte>
        <blocTab>5</blocTab>
        <blocPub>8</blocPub>
        <blocIllustration>0</blocIllustration>
      </page>
      <page ordre="8">
        <nbMot>3775</nbMot>
        <blocTexte>16</blocTexte>
        <blocTab>0</blocTab>
        <blocPub>8</blocPub>
        <blocIllustration>0</blocIllustration>
      </page>
    </pages>
  </contenus>
</doc>