<analyseAlto>
  <metad>
    <type>P</type>
    <ID>bpt6k564573n</ID>
    <titre>Le Petit Parisien</titre>
    <dateEdition>1913-01-07</dateEdition>
    <nbPage>6</nbPage>
    <suppl>FALSE</suppl>
  </metad>
  <contenus>
    <nbArticle>71</nbArticle>
    <largeur>424</largeur>
    <hauteur>573</hauteur>
    <pages>
      <page ordre="1">
        <nbMot>4781</nbMot>
        <blocTexte>48</blocTexte>
        <blocTab>0</blocTab>
        <blocPub>0</blocPub>
        <blocIllustration>3</blocIllustration>
        <ills/>
      </page>
      <page ordre="2">
        <nbMot>6381</nbMot>
        <blocTexte>53</blocTexte>
        <blocTab>0</blocTab>
        <blocPub>0</blocPub>
        <blocIllustration>2</blocIllustration>
        <ills/>
      </page>
      <page ordre="3">
        <nbMot>5979</nbMot>
        <blocTexte>77</blocTexte>
        <blocTab>0</blocTab>
        <blocPub>0</blocPub>
        <blocIllustration>0</blocIllustration>
      </page>
      <page ordre="4">
        <nbMot>6895</nbMot>
        <blocTexte>72</blocTexte>
        <blocTab>1</blocTab>
        <blocPub>1</blocPub>
        <blocIllustration>2</blocIllustration>
        <ills/>
      </page>
      <page ordre="5">
        <nbMot>5348</nbMot>
        <blocTexte>38</blocTexte>
        <blocTab>3</blocTab>
        <blocPub>14</blocPub>
        <blocIllustration>0</blocIllustration>
      </page>
      <page ordre="6">
        <nbMot>3863</nbMot>
        <blocTexte>30</blocTexte>
        <blocTab>3</blocTab>
        <blocPub>9</blocPub>
        <blocIllustration>2</blocIllustration>
        <ills>
          <ill classif="DFdnn" couleur="gris" derniere="true" edit="1" h="691" id="6-1" n="6-1" pub="1" taille="0" w="356" x="135" y="570">
            <contenuImg CS="0.95" h="450" l="325" sexe="P" source="dnn" x="15" y="127">face</contenuImg>
            <type/>
            <titraille>Si vous souffrez encore c'est bien de votre faute!</titraille>
            <leg>QSmnWVßSTrJfifîU'-. -s-: L'Jntenteur da célébré Putsoconn</leg>
            <txt>Un peut dire cela a ceux qui souffrent encore de douleurs, qu'il s'agisse de rhumatismes, de paralysie, de sciatique, de lumbago, de né vralgies, s'ils n'ont pas essayé le Pulsoconn- Macaura. Il existe, certes, beau coup de gens sceptiques, parce qirils ont vaine ment essayé tant et tant de choses sans succès ; oui. niais Us n'ont pas essayé ta merveilleuse invention de Macaura, cette petite machine a masser qui n'est pas un remède, pas un traite ment, pas une chose mé dicale, non : c'est une chose toute simple, toute naturelle, c'est du mas sage vibratoire, spécial, intensif. line chose toute natu relle, disons-nous, en ef fet : lorsque l'enfant tom be, que fait-il 1 II se frotte sur la partie blessée, et la douleur se dissipe parce que le sang circule. Eh bien 1 le Pulsoconn ne fait pas autre chose, mais il le fait avec une force, une énergie, une vigueur que seule peut donner celte merveilleuse petite machine. Maintenant lisez un de ses miracles : On vieillard de 70 ans, paralysé pendant 5 ans, marche, travaille, et est heureux « Monsieur, » Vous voudrez bien m'excuser si j'ai tardé à repondre à votre aimable 'lettre et vous remer cier du bien que vous faites aux malheureux. Je tenais à me rendre compte de ce que l'appa reil avait produit, et voici ce que dit Mme Tous ' .saint à propos de mon frère : » Voilà 5 ans que votre frère ne marche plus, ne dort plus, ne mange 'plus seul ; c'était un pau vre malheureux abandonné. Depuis que vous nous avez fait expédier cet appareil</txt>
            <index>Si vous souffrez encore c'est bien de votre faute!QSmnWVßSTrJfifîU'-. -s-: L'Jntenteur da célébré PutsoconnUn peut dire cela a ceux qui souffrent encore de douleurs, qu'il s'agisse de rhumatismes, de paralysie, de sciatique, de lumbago, de né vralgies, s'ils n'ont pas essayé le Pulsoconn- Macaura. Il existe, certes, beau coup de gens sceptiques, parce qirils ont vaine ment essayé tant et tant de choses sans succès ; oui. niais Us n'ont pas essayé ta merveilleuse invention de Macaura, cette petite machine a masser qui n'est pas un remède, pas un traite ment, pas une chose mé dicale, non : c'est une chose toute simple, toute naturelle, c'est du mas sage vibratoire, spécial, intensif. line chose toute natu relle, disons-nous, en ef fet : lorsque l'enfant tom be, que fait-il 1 II se frotte sur la partie blessée, et la douleur se dissipe parce que le sang circule. Eh bien 1 le Pulsoconn ne fait pas autre chose, mais il le fait avec une force, une énergie, une vigueur que seule peut donner celte merveilleuse petite machine. Maintenant lisez un de ses miracles : On vieillard de 70 ans, paralysé pendant 5 ans, marche, travaille, et est heureux « Monsieur, » Vous voudrez bien m'excuser si j'ai tardé à repondre à votre aimable 'lettre et vous remer cier du bien que vous faites aux malheureux. Je tenais à me rendre compte de ce que l'appa reil avait produit, et voici ce que dit Mme Tous ' .saint à propos de mon frère : » Voilà 5 ans que votre frère ne marche plus, ne dort plus, ne mange 'plus seul ; c'était un pau vre malheureux abandonné. Depuis que vous nous avez fait expédier cet appareil</index>
            <genre source="hm" time="2019-09-28T19:43:06.207+02:00">publicite</genre>
            <genre source="final">publicite</genre>
          </ill>
          <ill classif="DFdnn" couleur="gris" derniere="true" edit="1" h="1102" id="6-2" n="6-2" pub="1" taille="1" w="759" x="1339" y="1011">
            <contenuImg CS="0.98" h="317" l="230" sexe="P" source="dnn" x="335" y="85">face</contenuImg>
            <type/>
            <titraille>Pour développer# raffermir te* Seins » ■- ,vi .. rien ne vaut les Pilules Orientales •</titraille>
            <txt>Do tous temps, un beau busle ferme et bien développé a été 'désiré par la ferrnne élégante, parce qu'il est le complément nécessaire à sa beauté. 11 n'est pas inutile de rappeler è celles dont le buste n'est pas suffisamment déyeloppé ou dont la poitrine n'a pas toute lu fermeté voulue, que seules les Pilules Orientales peu vent leur donner le buste idéal qui s'harmoni sera élégamment avec la sveltesse de leur taille. Beaucoup d'autres produits et traitements ont été préconisés pour le même but, mais jusqu'ici, tous se sont montrés inefficaces et ont dû. peu à peu, céder fe pas aux Pilules Orientales, qui sont aujourd'hui connues et appréciées dans le monde entier. Toutefois, l'expérience chi passé sem ble lettre morte pour cer tains imitateurs, qui an noncent encore de temps à autre, à grand renfort de réclame, la mysté rieuse découverte de re cettes soi-disant merveil leuses. et opérant dies miracles. Mêlas ! il y a loin des promesses à la réalité, et nombre de lectrices, cédant à l'attrait de ces réclames particuliè rement emphatiques et séduisantes, en ont fait la décevante et coûteuse expérience. Elias auraient mieux fait, ces lectrices dési reuses de faire quelque chose, de commencer par les Pilules Orienta les. Elles se seraient ainsi évité bien des mé comptes. Le nombre «le dames et de jeunes filles qui doivent à ces pilules une magnifique poitrine s'ac croît de jour en jour et leur. reconnaissance se manifeste par des lettres élogieuses que le secret professionnel no</txt>
            <index>Pour développer# raffermir te* Seins » ■- ,vi .. rien ne vaut les Pilules Orientales •Do tous temps, un beau busle ferme et bien développé a été 'désiré par la ferrnne élégante, parce qu'il est le complément nécessaire à sa beauté. 11 n'est pas inutile de rappeler è celles dont le buste n'est pas suffisamment déyeloppé ou dont la poitrine n'a pas toute lu fermeté voulue, que seules les Pilules Orientales peu vent leur donner le buste idéal qui s'harmoni sera élégamment avec la sveltesse de leur taille. Beaucoup d'autres produits et traitements ont été préconisés pour le même but, mais jusqu'ici, tous se sont montrés inefficaces et ont dû. peu à peu, céder fe pas aux Pilules Orientales, qui sont aujourd'hui connues et appréciées dans le monde entier. Toutefois, l'expérience chi passé sem ble lettre morte pour cer tains imitateurs, qui an noncent encore de temps à autre, à grand renfort de réclame, la mysté rieuse découverte de re cettes soi-disant merveil leuses. et opérant dies miracles. Mêlas ! il y a loin des promesses à la réalité, et nombre de lectrices, cédant à l'attrait de ces réclames particuliè rement emphatiques et séduisantes, en ont fait la décevante et coûteuse expérience. Elias auraient mieux fait, ces lectrices dési reuses de faire quelque chose, de commencer par les Pilules Orienta les. Elles se seraient ainsi évité bien des mé comptes. Le nombre «le dames et de jeunes filles qui doivent à ces pilules une magnifique poitrine s'ac croît de jour en jour et leur. reconnaissance se manifeste par des lettres élogieuses que le secret professionnel no</index>
            <genre source="hm" time="2019-09-28T19:43:03.962+02:00">publicite</genre>
            <genre source="final">publicite</genre>
          </ill>
        </ills>
      </page>
    </pages>
  </contenus>
</analyseAlto>