<analyseAlto>
  <metad>
    <type>P</type>
    <ID>bpt6k5646504</ID>
    <titre>Le Petit Parisien</titre>
    <dateEdition>1913-03-25</dateEdition>
    <nbPage>6</nbPage>
    <suppl>FALSE</suppl>
  </metad>
  <contenus>
    <nbArticle>71</nbArticle>
    <largeur>425</largeur>
    <hauteur>573</hauteur>
    <pages>
      <page ordre="1">
        <nbMot>4784</nbMot>
        <blocTexte>55</blocTexte>
        <blocTab>0</blocTab>
        <blocPub>0</blocPub>
        <blocIllustration>4</blocIllustration>
        <ills/>
      </page>
      <page ordre="2">
        <nbMot>5828</nbMot>
        <blocTexte>48</blocTexte>
        <blocTab>0</blocTab>
        <blocPub>0</blocPub>
        <blocIllustration>2</blocIllustration>
        <ills/>
      </page>
      <page ordre="3">
        <nbMot>6122</nbMot>
        <blocTexte>68</blocTexte>
        <blocTab>0</blocTab>
        <blocPub>0</blocPub>
        <blocIllustration>0</blocIllustration>
      </page>
      <page ordre="4">
        <nbMot>5941</nbMot>
        <blocTexte>59</blocTexte>
        <blocTab>1</blocTab>
        <blocPub>3</blocPub>
        <blocIllustration>2</blocIllustration>
        <ills/>
      </page>
      <page ordre="5">
        <nbMot>6470</nbMot>
        <blocTexte>55</blocTexte>
        <blocTab>0</blocTab>
        <blocPub>11</blocPub>
        <blocIllustration>1</blocIllustration>
        <ills/>
      </page>
      <page ordre="6">
        <nbMot>4712</nbMot>
        <blocTexte>35</blocTexte>
        <blocTab>2</blocTab>
        <blocPub>10</blocPub>
        <blocIllustration>2</blocIllustration>
        <ills>
          <ill classif="DFdnn" couleur="gris" derniere="true" edit="1" h="754" id="6-1" n="6-1" pub="1" taille="1" w="732" x="119" y="443">
            <contenuImg CS="0.91" h="170" l="120" sexe="P" source="dnn" x="267" y="30">face</contenuImg>
            <type/>
            <titraille>Encore un rhume négligé I</titraille>
            <txt>Oui, c'est encore un rhume négligé, une toux que vous n'aurez pas soignée. Par votre faute, l'Asthme, le Catarrhe, l'Emphysème s'implantent chez vous comme en pays conquis. Vos poumons sont pris: la toux est continuelle, les bronches situent, l'oppression vous tenaille, les crachats vous étouffent. Méfiez-vous de ces malaises, causes d'une infirmité qui peut devenir mortelle à la moin dre rechute Vous devez tout faire pour vous guérir, c'est votre devoir de le faire, car vous vous devez aux vôtres, à votre famille, à votre foyer. Sachez donc que vous guérirez sûrement et rapidement avec le Sirop des Vosges Cazé , qui est le plus grand régénérateur des voies respi ratoires. Fait expressément pour guérir les maladies des bronches, le Sirop des Vosges Cazé dimi nuera la toux qui favorise l'Emphysème, il grais sera les conduits, expulsera les crachats qui roulent sur la poitrine ; il lera tache d'huile dans les poumons, qui seront plus forts et plus vigoureux. Alors : plus de quintes de toux, plus de crachats, plus d oppression. M. Dorgans, jardinier, rue de Montsouris, à Paris, écrit ceci : « Je suis âgé de 53 ans, et depuis 1890 je suis atteint d'une bronchite chronique ; j'avais de l'asthme et je ne faisais que tousser sans arrêt, à un point tel que, à Mantes, où j'habitais avant, mes crises duraient quelquefois deux heures. La nuit, je réveillais toute la maison à force de tousser. Vous jugez si j'étais malheureux, car \e ne pouvais plus travailler, étant hors d'haleine. » Je</txt>
            <index>Encore un rhume négligé IOui, c'est encore un rhume négligé, une toux que vous n'aurez pas soignée. Par votre faute, l'Asthme, le Catarrhe, l'Emphysème s'implantent chez vous comme en pays conquis. Vos poumons sont pris: la toux est continuelle, les bronches situent, l'oppression vous tenaille, les crachats vous étouffent. Méfiez-vous de ces malaises, causes d'une infirmité qui peut devenir mortelle à la moin dre rechute Vous devez tout faire pour vous guérir, c'est votre devoir de le faire, car vous vous devez aux vôtres, à votre famille, à votre foyer. Sachez donc que vous guérirez sûrement et rapidement avec le Sirop des Vosges Cazé , qui est le plus grand régénérateur des voies respi ratoires. Fait expressément pour guérir les maladies des bronches, le Sirop des Vosges Cazé dimi nuera la toux qui favorise l'Emphysème, il grais sera les conduits, expulsera les crachats qui roulent sur la poitrine ; il lera tache d'huile dans les poumons, qui seront plus forts et plus vigoureux. Alors : plus de quintes de toux, plus de crachats, plus d oppression. M. Dorgans, jardinier, rue de Montsouris, à Paris, écrit ceci : « Je suis âgé de 53 ans, et depuis 1890 je suis atteint d'une bronchite chronique ; j'avais de l'asthme et je ne faisais que tousser sans arrêt, à un point tel que, à Mantes, où j'habitais avant, mes crises duraient quelquefois deux heures. La nuit, je réveillais toute la maison à force de tousser. Vous jugez si j'étais malheureux, car \e ne pouvais plus travailler, étant hors d'haleine. » Je</index>
            <genre source="hm" time="2019-09-29T13:06:40.31+02:00">publicite</genre>
            <genre source="final">publicite</genre>
          </ill>
          <ill couleur="gris" derniere="true" edit="1" h="626" id="6-2" n="6-2" pub="1" taille="0" w="393" x="961" y="367">
            <type/>
            <titraille>GRATUITEMENT 5.000 BOITES</titraille>
            <leg>Fil/. S. Vaisseaux sanguins et nerfs de l'estomac.</leg>
            <txt>A tous ceux qui souffrent de FAIBLESSE PHYSIQUE sous toutes ses formes</txt>
            <index>GRATUITEMENT 5.000 BOITESFil/. S. Vaisseaux sanguins et nerfs de l'estomac.A tous ceux qui souffrent de FAIBLESSE PHYSIQUE sous toutes ses formes</index>
            <genre source="hm" time="2019-09-29T13:22:54.948+02:00">publicite</genre>
            <genre source="final">publicite</genre>
          </ill>
        </ills>
      </page>
    </pages>
  </contenus>
</analyseAlto>