<doc>
  <metad>
    <type>P</type>
    <ID>bpt6k564579x</ID>
    <titre>Le Petit Parisien</titre>
    <dateEdition>1913-01-13</dateEdition>
    <nbPage>6</nbPage>
    <suppl>FALSE</suppl>
  </metad>
  <contenus>
    <nbArticle>69</nbArticle>
    <largeur>418</largeur>
    <hauteur>569</hauteur>
    <pages>
      <page ordre="1">
        <nbMot>5223</nbMot>
        <blocTexte>47</blocTexte>
        <blocTab>0</blocTab>
        <blocPub>0</blocPub>
        <blocIllustration>3</blocIllustration>
        <ills/>
      </page>
      <page ordre="2">
        <nbMot>5729</nbMot>
        <blocTexte>60</blocTexte>
        <blocTab>0</blocTab>
        <blocPub>2</blocPub>
        <blocIllustration>2</blocIllustration>
        <ills/>
      </page>
      <page ordre="3">
        <nbMot>6011</nbMot>
        <blocTexte>62</blocTexte>
        <blocTab>0</blocTab>
        <blocPub>0</blocPub>
        <blocIllustration>0</blocIllustration>
      </page>
      <page ordre="4">
        <nbMot>6324</nbMot>
        <blocTexte>56</blocTexte>
        <blocTab>2</blocTab>
        <blocPub>2</blocPub>
        <blocIllustration>5</blocIllustration>
        <ills/>
      </page>
      <page ordre="5">
        <nbMot>7561</nbMot>
        <blocTexte>49</blocTexte>
        <blocTab>0</blocTab>
        <blocPub>9</blocPub>
        <blocIllustration>1</blocIllustration>
        <ills/>
      </page>
      <page ordre="6">
        <nbMot>4839</nbMot>
        <blocTexte>33</blocTexte>
        <blocTab>0</blocTab>
        <blocPub>18</blocPub>
        <blocIllustration>1</blocIllustration>
        <ills>
          <ill couleur="gris" derniere="true" edit="1" h="1018" id="6-1" n="6-1" pub="1" taille="2" w="1508" x="171" y="411">
            <type/>
            <titraille>LES MICROBES TERRASSÉS</titraille>
            <txt>par un NOUVEAU SAINT GEORGES</txt>
            <index>LES MICROBES TERRASSÉSpar un NOUVEAU SAINT GEORGES</index>
            <genre source="hm" time="2019-09-29T13:22:20.641+02:00">publicite</genre>
            <genre source="final">publicite</genre>
          </ill>
        </ills>
      </page>
    </pages>
  </contenus>
</doc>