<analyseAlto>
  <metad>
    <type>P</type>
    <ID>bpt6k564656d</ID>
    <titre>Le Petit Parisien</titre>
    <dateEdition>1913-03-31</dateEdition>
    <nbPage>6</nbPage>
    <suppl>FALSE</suppl>
  </metad>
  <contenus>
    <nbArticle>71</nbArticle>
    <largeur>428</largeur>
    <hauteur>576</hauteur>
    <pages>
      <page ordre="1">
        <nbMot>5315</nbMot>
        <blocTexte>39</blocTexte>
        <blocTab>0</blocTab>
        <blocPub>0</blocPub>
        <blocIllustration>1</blocIllustration>
        <ills/>
      </page>
      <page ordre="2">
        <nbMot>7134</nbMot>
        <blocTexte>38</blocTexte>
        <blocTab>0</blocTab>
        <blocPub>0</blocPub>
        <blocIllustration>1</blocIllustration>
        <ills/>
      </page>
      <page ordre="3">
        <nbMot>6106</nbMot>
        <blocTexte>71</blocTexte>
        <blocTab>0</blocTab>
        <blocPub>0</blocPub>
        <blocIllustration>0</blocIllustration>
      </page>
      <page ordre="4">
        <nbMot>6389</nbMot>
        <blocTexte>55</blocTexte>
        <blocTab>1</blocTab>
        <blocPub>5</blocPub>
        <blocIllustration>0</blocIllustration>
      </page>
      <page ordre="5">
        <nbMot>5220</nbMot>
        <blocTexte>44</blocTexte>
        <blocTab>0</blocTab>
        <blocPub>7</blocPub>
        <blocIllustration>1</blocIllustration>
        <ills>
          <ill couleur="gris" edit="1" h="1407" id="5-1" n="5-1" pub="1" taille="6" w="2340" x="2481" y="507">
            <type/>
            <txt>De même que le canon tue les ennemis de la Patrie, de même le GOUDRON' GUYOT tue les mauvais microbes, qui sont LES ENNEMIS DE NOTRE SANTÉ et même de notre vie.</txt>
            <index>De même que le canon tue les ennemis de la Patrie, de même le GOUDRON' GUYOT tue les mauvais microbes, qui sont LES ENNEMIS DE NOTRE SANTÉ et même de notre vie.</index>
            <genre source="hm" time="2019-09-29T16:01:14.538+02:00">publicite</genre>
            <genre source="final">publicite</genre>
          </ill>
        </ills>
      </page>
      <page ordre="6">
        <nbMot>3364</nbMot>
        <blocTexte>15</blocTexte>
        <blocTab>0</blocTab>
        <blocPub>8</blocPub>
        <blocIllustration>0</blocIllustration>
      </page>
    </pages>
  </contenus>
</analyseAlto>