<analyseAlto>
  <metad>
    <type>P</type>
    <ID>bpt6k5649659</ID>
    <titre>Le Petit Parisien</titre>
    <dateEdition>1914-02-03</dateEdition>
    <nbPage>8</nbPage>
    <suppl>FALSE</suppl>
  </metad>
  <contenus>
    <nbArticle>106</nbArticle>
    <largeur>424</largeur>
    <hauteur>578</hauteur>
    <pages>
      <page ordre="1">
        <nbMot>5372</nbMot>
        <blocTexte>58</blocTexte>
        <blocTab>0</blocTab>
        <blocPub>0</blocPub>
        <blocIllustration>3</blocIllustration>
        <ills/>
      </page>
      <page ordre="2">
        <nbMot>6328</nbMot>
        <blocTexte>55</blocTexte>
        <blocTab>0</blocTab>
        <blocPub>1</blocPub>
        <blocIllustration>4</blocIllustration>
        <ills/>
      </page>
      <page ordre="3">
        <nbMot>6371</nbMot>
        <blocTexte>63</blocTexte>
        <blocTab>0</blocTab>
        <blocPub>0</blocPub>
        <blocIllustration>0</blocIllustration>
      </page>
      <page ordre="4">
        <nbMot>6848</nbMot>
        <blocTexte>63</blocTexte>
        <blocTab>0</blocTab>
        <blocPub>1</blocPub>
        <blocIllustration>0</blocIllustration>
      </page>
      <page ordre="5">
        <nbMot>6774</nbMot>
        <blocTexte>60</blocTexte>
        <blocTab>0</blocTab>
        <blocPub>2</blocPub>
        <blocIllustration>0</blocIllustration>
      </page>
      <page ordre="6">
        <nbMot>5524</nbMot>
        <blocTexte>56</blocTexte>
        <blocTab>13</blocTab>
        <blocPub>1</blocPub>
        <blocIllustration>0</blocIllustration>
      </page>
      <page ordre="7">
        <nbMot>6013</nbMot>
        <blocTexte>36</blocTexte>
        <blocTab>5</blocTab>
        <blocPub>12</blocPub>
        <blocIllustration>0</blocIllustration>
      </page>
      <page ordre="8">
        <nbMot>3303</nbMot>
        <blocTexte>24</blocTexte>
        <blocTab>0</blocTab>
        <blocPub>13</blocPub>
        <blocIllustration>2</blocIllustration>
        <ills>
          <ill couleur="gris" derniere="true" edit="1" h="875" id="8-2" n="8-2" pub="1" taille="0" w="430" x="3339" y="4002">
            <type/>
            <titraille>GRAT I S !</titraille>
            <leg>Difformité générale de la tnatn, Rhumatisme articulaire chronique type Numéro 1.</leg>
            <txt>Le rhumatisme, la goutte, la sciatique, le lumbago et toutes les maladies provenant d'un excès d'acide urique sont RADICALEMENT guéris (même après 30 ou 40 ans), par un remède très- simple dont on peut faire l'essai sans dépenser même un centime. DES BOITES de cette préparation sont distribuées GRATUITEMENT à cet effet.</txt>
            <index>GRAT I S !Difformité générale de la tnatn, Rhumatisme articulaire chronique type Numéro 1.Le rhumatisme, la goutte, la sciatique, le lumbago et toutes les maladies provenant d'un excès d'acide urique sont RADICALEMENT guéris (même après 30 ou 40 ans), par un remède très- simple dont on peut faire l'essai sans dépenser même un centime. DES BOITES de cette préparation sont distribuées GRATUITEMENT à cet effet.</index>
            <genre source="hm" time="2019-09-29T12:59:59.229+02:00">publicite</genre>
            <genre source="final">publicite</genre>
          </ill>
        </ills>
      </page>
    </pages>
  </contenus>
</analyseAlto>