<analyseAlto>
  <metad>
    <type>P</type>
    <ID>bpt6k565097k</ID>
    <titre>Le Petit Parisien</titre>
    <dateEdition>1914-06-15</dateEdition>
    <nbPage>6</nbPage>
    <suppl>FALSE</suppl>
  </metad>
  <contenus>
    <nbArticle>98</nbArticle>
    <largeur>421</largeur>
    <hauteur>578</hauteur>
    <pages>
      <page ordre="1">
        <nbMot>5416</nbMot>
        <blocTexte>51</blocTexte>
        <blocTab>0</blocTab>
        <blocPub>0</blocPub>
        <blocIllustration>2</blocIllustration>
        <ills/>
      </page>
      <page ordre="2">
        <nbMot>6514</nbMot>
        <blocTexte>50</blocTexte>
        <blocTab>0</blocTab>
        <blocPub>0</blocPub>
        <blocIllustration>1</blocIllustration>
        <ills/>
      </page>
      <page ordre="3">
        <nbMot>5998</nbMot>
        <blocTexte>74</blocTexte>
        <blocTab>0</blocTab>
        <blocPub>0</blocPub>
        <blocIllustration>0</blocIllustration>
      </page>
      <page ordre="4">
        <nbMot>6614</nbMot>
        <blocTexte>53</blocTexte>
        <blocTab>0</blocTab>
        <blocPub>2</blocPub>
        <blocIllustration>2</blocIllustration>
        <ills/>
      </page>
      <page ordre="5">
        <nbMot>5584</nbMot>
        <blocTexte>68</blocTexte>
        <blocTab>1</blocTab>
        <blocPub>9</blocPub>
        <blocIllustration>4</blocIllustration>
        <ills>
          <ill couleur="gris" edit="1" h="363" id="5-2" n="5-2" pub="1" taille="0" w="781" x="3322" y="2778">
            <contenuImg CS="1" lang="fr" source="hm" time="2020-04-08T18:08:41.077+02:00">moto</contenuImg>
            <type/>
            <titraille>La journée fias ascaris sir route</titraille>
            <leg>Motocyclette Peugeot 2 1/2 HP</leg>
            <txt>Jusqu'ici, les records pour mot  s étaient quel que peu dédaignés. Aussi  TAutocycle-tdub de Frahcq à-t-ij décidé dé lesvrégulâriser. A oet ef fet;: EactiVe société donna, hier, sur la route d'Acheres, une intéressarite réunion au cours de laq'uéite furerft-étabijs les records sur lé kilomè tre et !e  milte anglais [1,609 mètres).  frds- pMiS. intéressants résultais furent enr%is trée dans le, kilopièfre lancé. Le classement; fut ■le suivant peur cëtt£ épreuve : MvlaâmeUek- 250 «Ré. : 1. Lehmann, en 39 s: 1,5 ;  350 cmc..: 1. Lehinann, en 33 s. 3/5; 500 cote.■ 1, Pëan, sur motocyctçtf'e Peugeot, en 29 s, 2,5. ' èlidecitrs. 750 cmc„;l.. Robert», eh 'ta. 54 s. ; l.OÇfr.emc. : t. Alleman. eft W s, Cyciefiafs. crac. • ti Bàifrbeau. en Sik.3/5; frlùu ofnc t'ï. .Btujyiûe,:ètt U «ai 41 s, v . .. 3*a motocyclette PHUGEOT établit toas les records. Pour la première dois depuià l'application des nouveaux régfcments,. il v a àté ddtrné aux oôns tiucteura.l'occasion d'établir officiegemeot des re cords sur routé à motocyclette. Comme on pouvait .s'y, attendre. Peugeot s'est révélé le maître: du rendement:,op. motocyclette, comme il l'eet déjà députa, longtemps en automo bile. Péan (sur motocyclette feuJpï   500 tmc.l sîest attribué tous les -recordè.. (recoud dTfcilamèfre.ar rête et : lancé, record d.u mille, aàtété et lancé), après avoir fait le meilleur temps de la journée :• le kilomètre lancé en 29 secondes 2/5 ce qui re présente la vitesse fantastique de 122 kfl, 448 à l'heure. • Au</txt>
            <index>La journée fias ascaris sir routeMotocyclette Peugeot 2 1/2 HPJusqu'ici, les records pour mot  s étaient quel que peu dédaignés. Aussi  TAutocycle-tdub de Frahcq à-t-ij décidé dé lesvrégulâriser. A oet ef fet;: EactiVe société donna, hier, sur la route d'Acheres, une intéressarite réunion au cours de laq'uéite furerft-étabijs les records sur lé kilomè tre et !e  milte anglais [1,609 mètres).  frds- pMiS. intéressants résultais furent enr%is trée dans le, kilopièfre lancé. Le classement; fut ■le suivant peur cëtt£ épreuve : MvlaâmeUek- 250 «Ré. : 1. Lehmann, en 39 s: 1,5 ;  350 cmc..: 1. Lehinann, en 33 s. 3/5; 500 cote.■ 1, Pëan, sur motocyctçtf'e Peugeot, en 29 s, 2,5. ' èlidecitrs. 750 cmc„;l.. Robert», eh 'ta. 54 s. ; l.OÇfr.emc. : t. Alleman. eft W s, Cyciefiafs. crac. • ti Bàifrbeau. en Sik.3/5; frlùu ofnc t'ï. .Btujyiûe,:ètt U «ai 41 s, v . .. 3*a motocyclette PHUGEOT établit toas les records. Pour la première dois depuià l'application des nouveaux régfcments,. il v a àté ddtrné aux oôns tiucteura.l'occasion d'établir officiegemeot des re cords sur routé à motocyclette. Comme on pouvait .s'y, attendre. Peugeot s'est révélé le maître: du rendement:,op. motocyclette, comme il l'eet déjà députa, longtemps en automo bile. Péan (sur motocyclette feuJpï   500 tmc.l sîest attribué tous les -recordè.. (recoud dTfcilamèfre.ar rête et : lancé, record d.u mille, aàtété et lancé), après avoir fait le meilleur temps de la journée :• le kilomètre lancé en 29 secondes 2/5 ce qui re présente la vitesse fantastique de 122 kfl, 448 à l'heure. • Au</index>
            <genre source="hm" time="2019-09-29T13:24:44.084+02:00">publicite</genre>
            <genre source="final">publicite</genre>
            <contenuImg CS="1" lang="en" source="hm" time="2020-04-08T18:08:41.077+02:00">motorcycle</contenuImg>
          </ill>
        </ills>
      </page>
      <page ordre="6">
        <nbMot>4400</nbMot>
        <blocTexte>33</blocTexte>
        <blocTab>0</blocTab>
        <blocPub>10</blocPub>
        <blocIllustration>1</blocIllustration>
        <ills/>
      </page>
    </pages>
  </contenus>
</analyseAlto>