<doc>
  <metad>
    <type>P</type>
    <ID>bpt6k564975n</ID>
    <titre>Le Petit Parisien</titre>
    <dateEdition>1914-02-13</dateEdition>
    <nbPage>8</nbPage>
    <suppl>FALSE</suppl>
  </metad>
  <contenus>
    <nbArticle>89</nbArticle>
    <largeur>419</largeur>
    <hauteur>578</hauteur>
    <pages>
      <page ordre="1">
        <nbMot>4544</nbMot>
        <blocTexte>52</blocTexte>
        <blocTab>0</blocTab>
        <blocPub>0</blocPub>
        <blocIllustration>6</blocIllustration>
        <ills/>
      </page>
      <page ordre="2">
        <nbMot>6353</nbMot>
        <blocTexte>52</blocTexte>
        <blocTab>0</blocTab>
        <blocPub>1</blocPub>
        <blocIllustration>1</blocIllustration>
        <ills/>
      </page>
      <page ordre="3">
        <nbMot>6101</nbMot>
        <blocTexte>67</blocTexte>
        <blocTab>0</blocTab>
        <blocPub>0</blocPub>
        <blocIllustration>0</blocIllustration>
      </page>
      <page ordre="4">
        <nbMot>7029</nbMot>
        <blocTexte>66</blocTexte>
        <blocTab>0</blocTab>
        <blocPub>3</blocPub>
        <blocIllustration>2</blocIllustration>
        <ills/>
      </page>
      <page ordre="5">
        <nbMot>5103</nbMot>
        <blocTexte>52</blocTexte>
        <blocTab>1</blocTab>
        <blocPub>7</blocPub>
        <blocIllustration>1</blocIllustration>
        <ills/>
      </page>
      <page ordre="6">
        <nbMot>5638</nbMot>
        <blocTexte>34</blocTexte>
        <blocTab>0</blocTab>
        <blocPub>14</blocPub>
        <blocIllustration>2</blocIllustration>
        <ills/>
      </page>
      <page ordre="7">
        <nbMot>3664</nbMot>
        <blocTexte>38</blocTexte>
        <blocTab>14</blocTab>
        <blocPub>4</blocPub>
        <blocIllustration>1</blocIllustration>
        <ills>
          <ill couleur="gris" edit="1" h="2718" id="7-1" n="7-1" pub="1" taille="11" w="2226" x="2628" y="713">
            <type/>
            <titraille>Naître Corbeau sur un arbre perché...</titraille>
            <leg>6» M ! . U | , , ■ I ' ' L| } |  et  •'• • yi  et riiilî...tenait en son bec le plus délicieux des entremets créé par le génie de l'homme. Maître Renard, par l'odeur alléché, lui tint à peu près ce langage : S'il est aussi agréable d'entendre votre ramage que de savourer le dessert qui est reconnu le plus fin et le plus exquis, 1'</leg>
            <txt>6» M ! . U | , , ■ I ' ' L| } |  •'• • yi riiilî ...tenait en son bec le plus délicieux des entremets créé par le génie de l'homme. Maître Renard, par l'odeur alléché, lui tint à peu près ce langage : S'il est aussi agréable d'entendre votre ramage que de savourer le dessert qui est reconnu le plus fin et le plus exquis, 1'</txt>
            <index>Naître Corbeau sur un arbre perché...6» M ! . U | , , ■ I ' ' L| } |  et  •'• • yi  et riiilî...tenait en son bec le plus délicieux des entremets créé par le génie de l'homme. Maître Renard, par l'odeur alléché, lui tint à peu près ce langage : S'il est aussi agréable d'entendre votre ramage que de savourer le dessert qui est reconnu le plus fin et le plus exquis, 1'6» M ! . U | , , ■ I ' ' L| } |  •'• • yi riiilî ...tenait en son bec le plus délicieux des entremets créé par le génie de l'homme. Maître Renard, par l'odeur alléché, lui tint à peu près ce langage : S'il est aussi agréable d'entendre votre ramage que de savourer le dessert qui est reconnu le plus fin et le plus exquis, 1'</index>
            <genre source="hm" time="2019-09-29T13:24:12.717+02:00">publicite</genre>
            <genre source="final">publicite</genre>
          </ill>
        </ills>
      </page>
      <page ordre="8">
        <nbMot>2989</nbMot>
        <blocTexte>15</blocTexte>
        <blocTab>0</blocTab>
        <blocPub>11</blocPub>
        <blocIllustration>0</blocIllustration>
      </page>
    </pages>
  </contenus>
</doc>