<analyseAlto>
  <metad>
    <type>P</type>
    <ID>bpt6k5650139</ID>
    <titre>Le Petit Parisien</titre>
    <dateEdition>1914-03-23</dateEdition>
    <nbPage>6</nbPage>
    <suppl>FALSE</suppl>
  </metad>
  <contenus>
    <nbArticle>79</nbArticle>
    <largeur>420</largeur>
    <hauteur>579</hauteur>
    <pages>
      <page ordre="1">
        <nbMot>5336</nbMot>
        <blocTexte>39</blocTexte>
        <blocTab>0</blocTab>
        <blocPub>0</blocPub>
        <blocIllustration>2</blocIllustration>
        <ills/>
      </page>
      <page ordre="2">
        <nbMot>6475</nbMot>
        <blocTexte>55</blocTexte>
        <blocTab>0</blocTab>
        <blocPub>1</blocPub>
        <blocIllustration>2</blocIllustration>
        <ills/>
      </page>
      <page ordre="3">
        <nbMot>6426</nbMot>
        <blocTexte>66</blocTexte>
        <blocTab>0</blocTab>
        <blocPub>0</blocPub>
        <blocIllustration>0</blocIllustration>
      </page>
      <page ordre="4">
        <nbMot>6637</nbMot>
        <blocTexte>53</blocTexte>
        <blocTab>0</blocTab>
        <blocPub>4</blocPub>
        <blocIllustration>1</blocIllustration>
        <ills>
          <ill classif="DFdnn" couleur="gris" edit="1" h="1009" id="4-1" n="4-1" pub="1" taille="1" w="966" x="925" y="501">
            <type/>
            <titraille>LE CARNET DE DUNLOP</titraille>
            <txt>Pour chaque besoin le meilleur pneu. Pour chaque pneu le meilleur prix. DUNLOP - CLIPPER PÉRICLÊS Tous les lundis, à cette place, DUNLOP, Fondateur de l'lndustrie du Pneumatique, fera paraître un dessin extrait de son Carnet formé par les envois reconnaissants de cyclistes aussi artistes que spiri tuels, dans l'espoir d'intéresser et d'amuser l'immense quantité de lecteurs du Petit Parisien se livrant par distraction, utilité ou hygiène, au merveilleux sport du « cheval d'acier », la bicyclette.</txt>
            <index>LE CARNET DE DUNLOPPour chaque besoin le meilleur pneu. Pour chaque pneu le meilleur prix. DUNLOP - CLIPPER PÉRICLÊS Tous les lundis, à cette place, DUNLOP, Fondateur de l'lndustrie du Pneumatique, fera paraître un dessin extrait de son Carnet formé par les envois reconnaissants de cyclistes aussi artistes que spiri tuels, dans l'espoir d'intéresser et d'amuser l'immense quantité de lecteurs du Petit Parisien se livrant par distraction, utilité ou hygiène, au merveilleux sport du « cheval d'acier », la bicyclette.</index>
            <genre source="hm" time="2019-09-29T15:52:46.391+02:00">publicite</genre>
            <genre source="final">publicite</genre>
          </ill>
        </ills>
      </page>
      <page ordre="5">
        <nbMot>6661</nbMot>
        <blocTexte>97</blocTexte>
        <blocTab>0</blocTab>
        <blocPub>5</blocPub>
        <blocIllustration>0</blocIllustration>
      </page>
      <page ordre="6">
        <nbMot>2995</nbMot>
        <blocTexte>16</blocTexte>
        <blocTab>0</blocTab>
        <blocPub>10</blocPub>
        <blocIllustration>0</blocIllustration>
      </page>
    </pages>
  </contenus>
</analyseAlto>