<doc>
  <metad>
    <type>P</type>
    <ID>bpt6k565386s</ID>
    <titre>Le Petit Parisien</titre>
    <dateEdition>1915-03-26</dateEdition>
    <nbPage>4</nbPage>
    <suppl>FALSE</suppl>
  </metad>
  <contenus>
    <nbArticle>63</nbArticle>
    <largeur>422</largeur>
    <hauteur>577</hauteur>
    <pages>
      <page ordre="1">
        <nbMot>5136</nbMot>
        <blocTexte>51</blocTexte>
        <blocTab>0</blocTab>
        <blocPub>0</blocPub>
        <blocIllustration>2</blocIllustration>
        <ills/>
      </page>
      <page ordre="2">
        <nbMot>6736</nbMot>
        <blocTexte>51</blocTexte>
        <blocTab>0</blocTab>
        <blocPub>0</blocPub>
        <blocIllustration>0</blocIllustration>
      </page>
      <page ordre="3">
        <nbMot>5988</nbMot>
        <blocTexte>73</blocTexte>
        <blocTab>0</blocTab>
        <blocPub>2</blocPub>
        <blocIllustration>2</blocIllustration>
        <ills>
          <ill couleur="gris" edit="1" h="778" id="3-2" n="3-2" pub="1" taille="1" w="791" x="4084" y="1749">
            <type/>
            <titraille>A NOS SOLDATS</titraille>
            <txt>évitons Tétanos, Gangrène.</txt>
            <index>A NOS SOLDATSévitons Tétanos, Gangrène.</index>
            <genre source="hm" time="2019-09-29T13:00:56.399+02:00">publicite</genre>
            <genre source="final">publicite</genre>
          </ill>
        </ills>
      </page>
      <page ordre="4">
        <nbMot>6638</nbMot>
        <blocTexte>67</blocTexte>
        <blocTab>0</blocTab>
        <blocPub>8</blocPub>
        <blocIllustration>0</blocIllustration>
      </page>
    </pages>
  </contenus>
</doc>