<analyseAlto>
  <metad>
    <type>P</type>
    <ID>bpt6k565787d</ID>
    <titre>Le Petit Parisien</titre>
    <dateEdition>1916-05-02</dateEdition>
    <nbPage>4</nbPage>
    <suppl>FALSE</suppl>
  </metad>
  <contenus>
    <nbArticle>72</nbArticle>
    <largeur>426</largeur>
    <hauteur>581</hauteur>
    <pages>
      <page ordre="1">
        <nbMot>4534</nbMot>
        <blocTexte>41</blocTexte>
        <blocTab>0</blocTab>
        <blocPub>0</blocPub>
        <blocIllustration>2</blocIllustration>
        <ills/>
      </page>
      <page ordre="2">
        <nbMot>6661</nbMot>
        <blocTexte>51</blocTexte>
        <blocTab>0</blocTab>
        <blocPub>0</blocPub>
        <blocIllustration>0</blocIllustration>
      </page>
      <page ordre="3">
        <nbMot>6041</nbMot>
        <blocTexte>73</blocTexte>
        <blocTab>0</blocTab>
        <blocPub>1</blocPub>
        <blocIllustration>0</blocIllustration>
      </page>
      <page ordre="4">
        <nbMot>6391</nbMot>
        <blocTexte>54</blocTexte>
        <blocTab>2</blocTab>
        <blocPub>8</blocPub>
        <blocIllustration>2</blocIllustration>
        <ills>
          <ill classif="DFdnn" couleur="gris" derniere="true" edit="1" h="514" id="4-2" n="4-2" pub="1" taille="0" w="768" x="1683" y="1495">
            <type/>
            <titraille>RIEN A FAIRE. MA VIEILLE</titraille>
            <leg>LA TUBERCULOSE. Cet homme est   et  mot, je le tiens. LE CATARRHE. Rien k lalre, ma vieille, il prend du Coudron-Cuyot.</leg>
            <txt>Prépare tout pour ton départ, je suis sûre d'avoir bientôt une réponse favora ble ; aussitôt j'enverrai le jardinier chez toi. Sur ces paroles, la petite Louisette, rani mée, radieuse, reprit d'un pas léger le che min qui la ramenait à la maison paternelle. Pendant ce temps, la Adèle Suzon, après avoir écrit péniblement une longue lettre destinée à Lucienne, mais adressée comme c'était convenu à madame de Chatelus, se répétait : A présent, je serai plus tranquille ; il y aura quelqu'un pour vedler sur elle, pour la défendre, pour l'aimer... VII Lorsque le marquis Hector d'Amhly de Lambersac surprenant au téléphone la phrase fatidique : « Au revoir. Rosimonde ! » avait manifesté une si vive émotion, le père Lacroix avait été très intrigué. Avec sa vieille expérience des choses et des gens, il s'était dit en voyant le trouble du marquis : Sûrement que le patron va me faire quelque confldence. Quand on est aussi bouleversé que ça, on a le cœur sur les lèvres. Epiant Hector du coin de l'œil il atten dait le moment où celui-ci, de lui-même, lui adresserait la parole. Mais les calculs du vieux policier avaient été vains. Le martfuis s'était renfermé dans un som bre mutisme. A ses sourcils froncés, à son front creusé d'un pli douloureux, on devinait que le Aer gentilhomme revivait un véritable calvaire et qu'une succession d'images tragiques de vait se dérouler devant ses yeux Après un long silence, il laissa sa tête re-</txt>
            <index>RIEN A FAIRE. MA VIEILLELA TUBERCULOSE. Cet homme est   et  mot, je le tiens. LE CATARRHE. Rien k lalre, ma vieille, il prend du Coudron-Cuyot.Prépare tout pour ton départ, je suis sûre d'avoir bientôt une réponse favora ble ; aussitôt j'enverrai le jardinier chez toi. Sur ces paroles, la petite Louisette, rani mée, radieuse, reprit d'un pas léger le che min qui la ramenait à la maison paternelle. Pendant ce temps, la Adèle Suzon, après avoir écrit péniblement une longue lettre destinée à Lucienne, mais adressée comme c'était convenu à madame de Chatelus, se répétait : A présent, je serai plus tranquille ; il y aura quelqu'un pour vedler sur elle, pour la défendre, pour l'aimer... VII Lorsque le marquis Hector d'Amhly de Lambersac surprenant au téléphone la phrase fatidique : « Au revoir. Rosimonde ! » avait manifesté une si vive émotion, le père Lacroix avait été très intrigué. Avec sa vieille expérience des choses et des gens, il s'était dit en voyant le trouble du marquis : Sûrement que le patron va me faire quelque confldence. Quand on est aussi bouleversé que ça, on a le cœur sur les lèvres. Epiant Hector du coin de l'œil il atten dait le moment où celui-ci, de lui-même, lui adresserait la parole. Mais les calculs du vieux policier avaient été vains. Le martfuis s'était renfermé dans un som bre mutisme. A ses sourcils froncés, à son front creusé d'un pli douloureux, on devinait que le Aer gentilhomme revivait un véritable calvaire et qu'une succession d'images tragiques de vait se dérouler devant ses yeux Après un long silence, il laissa sa tête re-</index>
            <genre source="hm" time="2019-09-29T13:09:45.142+02:00">publicite</genre>
            <genre source="final">publicite</genre>
          </ill>
        </ills>
      </page>
    </pages>
  </contenus>
</analyseAlto>