<analyseAlto>
  <metad>
    <type>P</type>
    <ID>bpt6k5662094</ID>
    <titre>Le Petit Parisien</titre>
    <dateEdition>1917-06-27</dateEdition>
    <nbPage>4</nbPage>
    <suppl>FALSE</suppl>
  </metad>
  <contenus>
    <nbArticle>68</nbArticle>
    <largeur>424</largeur>
    <hauteur>575</hauteur>
    <pages>
      <page ordre="1">
        <nbMot>4283</nbMot>
        <blocTexte>55</blocTexte>
        <blocTab>0</blocTab>
        <blocPub>0</blocPub>
        <blocIllustration>3</blocIllustration>
        <ills/>
      </page>
      <page ordre="2">
        <nbMot>6843</nbMot>
        <blocTexte>68</blocTexte>
        <blocTab>0</blocTab>
        <blocPub>0</blocPub>
        <blocIllustration>0</blocIllustration>
      </page>
      <page ordre="3">
        <nbMot>5379</nbMot>
        <blocTexte>77</blocTexte>
        <blocTab>1</blocTab>
        <blocPub>3</blocPub>
        <blocIllustration>0</blocIllustration>
      </page>
      <page ordre="4">
        <nbMot>5033</nbMot>
        <blocTexte>42</blocTexte>
        <blocTab>0</blocTab>
        <blocPub>20</blocPub>
        <blocIllustration>2</blocIllustration>
        <ills>
          <ill classif="DFdnn" couleur="gris" derniere="true" edit="1" h="1098" id="4-2" n="4-2" pub="1" taille="3" w="1519" x="3389" y="1083">
            <type/>
            <titraille>Dans les Pays où règne la Fièvre I</titraille>
            <leg>Le QUINIUM LABARRAQUE préventif et libérateur ! Providence de tous ceux que la fièvre menace ou terrasse.</leg>
            <txt>L'usage du Quinium LaJbarraque, à la dose d'un verre à liqueur après chaque re pas, suffit en effet pour rétablir, en peu de temps, les forces des malades les plus épuisés, et pour guérir sûrement et sans les maladies de langueur et d'anémie les plus anciennes et les plus re belles à tout auîre remède. Les fièvres les plus tenaces disparaissent rapidement de vant cet héroïque médicament Le Quinium Labarraque est encore souverain pour em pêcher à tout jamais le retour de la ma ladie. En présence des guérisons innombrables dans des cas désespérés, obtenues par le Quinium Labarraque, l'Académie de Méde cine de Paris n'a pas hésité à approuver la formule de cette préparation, distinction très rare qui recommande ce produit à la confiance des malades de tous les pays. Au cun autre vin tonique n'a été honoré d'une pareille approbation.</txt>
            <index>Dans les Pays où règne la Fièvre ILe QUINIUM LABARRAQUE préventif et libérateur ! Providence de tous ceux que la fièvre menace ou terrasse.L'usage du Quinium LaJbarraque, à la dose d'un verre à liqueur après chaque re pas, suffit en effet pour rétablir, en peu de temps, les forces des malades les plus épuisés, et pour guérir sûrement et sans les maladies de langueur et d'anémie les plus anciennes et les plus re belles à tout auîre remède. Les fièvres les plus tenaces disparaissent rapidement de vant cet héroïque médicament Le Quinium Labarraque est encore souverain pour em pêcher à tout jamais le retour de la ma ladie. En présence des guérisons innombrables dans des cas désespérés, obtenues par le Quinium Labarraque, l'Académie de Méde cine de Paris n'a pas hésité à approuver la formule de cette préparation, distinction très rare qui recommande ce produit à la confiance des malades de tous les pays. Au cun autre vin tonique n'a été honoré d'une pareille approbation.</index>
            <genre source="hm" time="2019-09-29T15:54:31.629+02:00">publicite</genre>
            <genre source="final">publicite</genre>
          </ill>
        </ills>
      </page>
    </pages>
  </contenus>
</analyseAlto>