<doc>
  <metad>
    <type>P</type>
    <ID>bpt6k566334k</ID>
    <titre>Le Petit Parisien</titre>
    <dateEdition>1917-10-30</dateEdition>
    <nbPage>4</nbPage>
    <suppl>FALSE</suppl>
  </metad>
  <contenus>
    <nbArticle>68</nbArticle>
    <largeur>428</largeur>
    <hauteur>584</hauteur>
    <pages>
      <page ordre="1">
        <nbMot>4635</nbMot>
        <blocTexte>56</blocTexte>
        <blocTab>0</blocTab>
        <blocPub>0</blocPub>
        <blocIllustration>4</blocIllustration>
        <ills/>
      </page>
      <page ordre="2">
        <nbMot>6851</nbMot>
        <blocTexte>55</blocTexte>
        <blocTab>0</blocTab>
        <blocPub>0</blocPub>
        <blocIllustration>0</blocIllustration>
      </page>
      <page ordre="3">
        <nbMot>6945</nbMot>
        <blocTexte>69</blocTexte>
        <blocTab>0</blocTab>
        <blocPub>2</blocPub>
        <blocIllustration>0</blocIllustration>
      </page>
      <page ordre="4">
        <nbMot>5967</nbMot>
        <blocTexte>56</blocTexte>
        <blocTab>1</blocTab>
        <blocPub>15</blocPub>
        <blocIllustration>1</blocIllustration>
        <ills>
          <ill classif="DFdnn" couleur="gris" derniere="true" edit="1" h="495" id="4-1" n="4-1" pub="1" taille="0" w="765" x="3343" y="3506">
            <type/>
            <titraille>'«ABUHt AUX BESTIAUX DE LA VIILETTf. DU  LUNDI £9 OCTOBRE 1917'</titraille>
            <txt>Bœuf». Amenées, 1.435 têtes de gros bétail de plus 11 restait 799 boeufs virants aux abattoirs. Les offres étalent assez élevées pour nos besoins, mats néanmoins la demande était suivie, en raison des achats dut se sont laits pour les fêtes de la Tous -saLa' vente a donc été meilleure, et les prix ont progressé dé 0 05 à 0 10, par demi-kilo net Lés normands et les bœufs blancs se sont vendus A* i âs à l 65 et même 1 70 pour les très bons bœufs ■ les manceaux et les cboletais, de t 50 à 1 00 ; l'es sortes Inférieures, de 1 10 â. t 40 ; le demt kiLan parité au poids vil peut être vne de 0 53 â ° veâus? 6 - Amenés, 1.6» ;de plus, il en restait 452 Vivants aux abattoirs Les arrivages étaient assez élevés mats comme la température était très favo rable la vente a été assez facile et les prix bien tenus.</txt>
            <index>'«ABUHt AUX BESTIAUX DE LA VIILETTf. DU  LUNDI £9 OCTOBRE 1917'Bœuf». Amenées, 1.435 têtes de gros bétail de plus 11 restait 799 boeufs virants aux abattoirs. Les offres étalent assez élevées pour nos besoins, mats néanmoins la demande était suivie, en raison des achats dut se sont laits pour les fêtes de la Tous -saLa' vente a donc été meilleure, et les prix ont progressé dé 0 05 à 0 10, par demi-kilo net Lés normands et les bœufs blancs se sont vendus A* i âs à l 65 et même 1 70 pour les très bons bœufs ■ les manceaux et les cboletais, de t 50 à 1 00 ; l'es sortes Inférieures, de 1 10 â. t 40 ; le demt kiLan parité au poids vil peut être vne de 0 53 â ° veâus? 6 - Amenés, 1.6» ;de plus, il en restait 452 Vivants aux abattoirs Les arrivages étaient assez élevés mats comme la température était très favo rable la vente a été assez facile et les prix bien tenus.</index>
            <genre source="hm" time="2019-09-29T13:17:36.746+02:00">publicite</genre>
            <genre source="final">publicite</genre>
          </ill>
        </ills>
      </page>
    </pages>
  </contenus>
</doc>