<doc>
  <metad>
    <type>P</type>
    <ID>bpt6k566623s</ID>
    <titre>Le Petit Parisien</titre>
    <dateEdition>1918-08-15</dateEdition>
    <nbPage>4</nbPage>
    <suppl>FALSE</suppl>
  </metad>
  <contenus>
    <nbArticle>79</nbArticle>
    <largeur>422</largeur>
    <hauteur>579</hauteur>
    <pages>
      <page ordre="1">
        <nbMot>5286</nbMot>
        <blocTexte>46</blocTexte>
        <blocTab>0</blocTab>
        <blocPub>0</blocPub>
        <blocIllustration>1</blocIllustration>
        <ills/>
      </page>
      <page ordre="2">
        <nbMot>6798</nbMot>
        <blocTexte>61</blocTexte>
        <blocTab>0</blocTab>
        <blocPub>0</blocPub>
        <blocIllustration>0</blocIllustration>
      </page>
      <page ordre="3">
        <nbMot>5903</nbMot>
        <blocTexte>84</blocTexte>
        <blocTab>1</blocTab>
        <blocPub>1</blocPub>
        <blocIllustration>0</blocIllustration>
      </page>
      <page ordre="4">
        <nbMot>5606</nbMot>
        <blocTexte>52</blocTexte>
        <blocTab>0</blocTab>
        <blocPub>9</blocPub>
        <blocIllustration>1</blocIllustration>
        <ills>
          <ill classif="DFdnn" couleur="gris" derniere="true" edit="1" h="780" id="4-1" n="4-1" pub="1" taille="0" w="458" x="3047" y="3497">
            <contenuImg CS="1.00" h="347" w="227" sexe="P" source="dnn" x="207" y="160">face</contenuImg>
            <type/>
            <titraille>1 mop certain pour enlera àétinifiYement et pour toujours</titraille>
            <txt>LES POILS SUPERFLUS</txt>
            <index>1 mop certain pour enlera àétinifiYement et pour toujoursLES POILS SUPERFLUS</index>
            <genre source="hm" time="2019-09-29T13:17:49.385+02:00">publicite</genre>
            <genre source="final">publicite</genre>
          </ill>
        </ills>
      </page>
    </pages>
  </contenus>
</doc>