<doc>
  <metad>
    <type>P</type>
    <ID>bpt6k5666983</ID>
    <titre>Le Petit Parisien</titre>
    <dateEdition>1918-10-29</dateEdition>
    <nbPage>4</nbPage>
    <suppl>FALSE</suppl>
  </metad>
  <contenus>
    <nbArticle>67</nbArticle>
    <largeur>415</largeur>
    <hauteur>572</hauteur>
    <pages>
      <page ordre="1">
        <nbMot>4795</nbMot>
        <blocTexte>58</blocTexte>
        <blocTab>0</blocTab>
        <blocPub>1</blocPub>
        <blocIllustration>2</blocIllustration>
        <ills/>
      </page>
      <page ordre="2">
        <nbMot>6675</nbMot>
        <blocTexte>74</blocTexte>
        <blocTab>0</blocTab>
        <blocPub>0</blocPub>
        <blocIllustration>0</blocIllustration>
      </page>
      <page ordre="3">
        <nbMot>6429</nbMot>
        <blocTexte>72</blocTexte>
        <blocTab>1</blocTab>
        <blocPub>8</blocPub>
        <blocIllustration>0</blocIllustration>
      </page>
      <page ordre="4">
        <nbMot>5091</nbMot>
        <blocTexte>34</blocTexte>
        <blocTab>0</blocTab>
        <blocPub>19</blocPub>
        <blocIllustration>3</blocIllustration>
        <ills>
          <ill couleur="gris" derniere="true" edit="1" h="862" id="4-3" n="4-3" pub="1" taille="0" w="458" x="4038" y="3076">
            <type/>
            <titraille>GRATUITEMENT</titraille>
            <leg>Difformité de la main Rîmmatlsme articulaire chronique, type numéro 2.</leg>
            <txt>aux Rhumatisants et Goutteux UN ESSAI GRATUIT Le TONIQUE triomphe des Douleurs, du Rhumatisme, de la Goutte, en détruisant l'Acide uriqua Toutes les douleurs, quelles qu'elles soient.. Rhumatismales, Goutteuses, Sciatiques ou Né vralgiques, proviennent 011 ie sait aujour d'hui d'un excès d'Acide urique. Il est prouvé qu'en se répandant dans le sang d'abord, en envahissant ensuite les tissus, les muscles et les articulations, l'Acide urique brovoque l'Endure, l'Ankylose, les Nœuds, la Déformation et les Douleurs les plus atroces. lO années d'attes tations louangeuses et par milliers, même pen dant la guerre, démontrent le succès constant du TONIQUE GLORIA Nul produit ne présente autant de preuves irréfutables, noms et adresses au complet, que le Tonique Gloria, fruit de' longues études, de patientes recherches, de résultats contrôlés par les expériences les plus probantes. SOUFFREZ-VOUS? Si oui, ne déses pérez donc plus, ne pensez qu'à la pie et au bon heur de revenir à la santé, même si votre cas est jugé incurable. Qu'im porte si vos souf frances remontent à de longues an nées ? Rappelez vo-us seulemsn# gins le Tonique Gloria a guéri et guérit chaque jour des milliers de mala des. Rappelez-vous crû'on peut en faire l'essai gratuit. Que i faut-il de plus pour que vous ayez fol en ce traitement ? Car si le Toni que Gloria n'avait qu'une efficacité illusoire et déce vante, y aurait-il en sa faveur tant d'authentiques attestations élogieuses? COMMENT GUERIR? Méthode aussi simple</txt>
            <index>GRATUITEMENTDifformité de la main Rîmmatlsme articulaire chronique, type numéro 2.aux Rhumatisants et Goutteux UN ESSAI GRATUIT Le TONIQUE triomphe des Douleurs, du Rhumatisme, de la Goutte, en détruisant l'Acide uriqua Toutes les douleurs, quelles qu'elles soient.. Rhumatismales, Goutteuses, Sciatiques ou Né vralgiques, proviennent 011 ie sait aujour d'hui d'un excès d'Acide urique. Il est prouvé qu'en se répandant dans le sang d'abord, en envahissant ensuite les tissus, les muscles et les articulations, l'Acide urique brovoque l'Endure, l'Ankylose, les Nœuds, la Déformation et les Douleurs les plus atroces. lO années d'attes tations louangeuses et par milliers, même pen dant la guerre, démontrent le succès constant du TONIQUE GLORIA Nul produit ne présente autant de preuves irréfutables, noms et adresses au complet, que le Tonique Gloria, fruit de' longues études, de patientes recherches, de résultats contrôlés par les expériences les plus probantes. SOUFFREZ-VOUS? Si oui, ne déses pérez donc plus, ne pensez qu'à la pie et au bon heur de revenir à la santé, même si votre cas est jugé incurable. Qu'im porte si vos souf frances remontent à de longues an nées ? Rappelez vo-us seulemsn# gins le Tonique Gloria a guéri et guérit chaque jour des milliers de mala des. Rappelez-vous crû'on peut en faire l'essai gratuit. Que i faut-il de plus pour que vous ayez fol en ce traitement ? Car si le Toni que Gloria n'avait qu'une efficacité illusoire et déce vante, y aurait-il en sa faveur tant d'authentiques attestations élogieuses? COMMENT GUERIR? Méthode aussi simple</index>
            <genre source="hm" time="2019-09-29T13:26:34.372+02:00">publicite</genre>
            <genre source="final">publicite</genre>
          </ill>
        </ills>
      </page>
    </pages>
  </contenus>
</doc>