<analyseAlto>
  <metad>
    <type>P</type>
    <ID>bpt6k566464x</ID>
    <titre>Le Petit Parisien</titre>
    <dateEdition>1918-03-09</dateEdition>
    <nbPage>4</nbPage>
    <suppl>FALSE</suppl>
  </metad>
  <contenus>
    <nbArticle>65</nbArticle>
    <largeur>416</largeur>
    <hauteur>579</hauteur>
    <pages>
      <page ordre="1">
        <nbMot>5081</nbMot>
        <blocTexte>34</blocTexte>
        <blocTab>0</blocTab>
        <blocPub>0</blocPub>
        <blocIllustration>1</blocIllustration>
        <ills/>
      </page>
      <page ordre="2">
        <nbMot>6967</nbMot>
        <blocTexte>55</blocTexte>
        <blocTab>0</blocTab>
        <blocPub>0</blocPub>
        <blocIllustration>0</blocIllustration>
      </page>
      <page ordre="3">
        <nbMot>6360</nbMot>
        <blocTexte>65</blocTexte>
        <blocTab>1</blocTab>
        <blocPub>2</blocPub>
        <blocIllustration>0</blocIllustration>
      </page>
      <page ordre="4">
        <nbMot>4787</nbMot>
        <blocTexte>33</blocTexte>
        <blocTab>0</blocTab>
        <blocPub>11</blocPub>
        <blocIllustration>3</blocIllustration>
        <ills>
          <ill couleur="gris" derniere="true" edit="1" h="852" id="4-3" n="4-3" pub="1" taille="0" w="459" x="4080" y="1858">
            <type/>
            <titraille>GRATUITEMENT</titraille>
            <leg>Difformité de Isr main Rhumatisme articulaire chronique, type numéro 2.</leg>
            <txt>aux Rhumatisants et Goutteux UN ESSAI GRATUIT Le TONIQUE GLORIA triomphe des Douieurs, du Rhumatisme, de la Goutte, en détruisant l'Acide urique Toutes les douleurs, quelles qu'elles soient. Rhumatismales, Goutteuses, Sciatiques ou Né vralgiques, proviennent on le sait aujour d'hui d'un excès d'Acide urique. Il est prouvé qu'en se répandant dans le sang d'abord, en envahissant ensuite les tissus, les muscles et les articulations, l'Acide urique brovoque l'Enflure, l'Ankylose, les Nœuds, la Déformation et les Douleurs les plus atroces. ÎO années d'attes tations louangeuses et par milliers, même pen dant la guerre, démontrent le succès constant du TONIQUE GLORIA Nul produit ne présente autant de preuves irréfutables, noms et adresses au complet, que le Tonique Gloria, fruit de longues études, de patientes recherches, de résultats contrôlés par les expériences les plus probantes. SOUFFREZ-VOUS? Si oui, ne déses pérez donc plus, ne pensez qu'a la joie et au bon heur de revenir à la santé, même si votre cas est jugé incurable. Qu'im porte si vos souf frances remontent   a de longues an nées ? Rappelez vous seulement que le Tonique Gloria a : guéri et guérit chaque jour des milliers de mala des. Rappelez-vous qu'on peut en faire i essai gratuit. Que faut-il de plus pour que vous' ayez foi en ce traitement ? Car si le Toni que Gloria n'avait qu'une efficacité illusoire et déce vante, y aurait-il ■«s en sa faveur tant d'authentiques attestations élogieuses ? COMMENT GUERIR? Méthode a</txt>
            <index>GRATUITEMENTDifformité de Isr main Rhumatisme articulaire chronique, type numéro 2.aux Rhumatisants et Goutteux UN ESSAI GRATUIT Le TONIQUE GLORIA triomphe des Douieurs, du Rhumatisme, de la Goutte, en détruisant l'Acide urique Toutes les douleurs, quelles qu'elles soient. Rhumatismales, Goutteuses, Sciatiques ou Né vralgiques, proviennent on le sait aujour d'hui d'un excès d'Acide urique. Il est prouvé qu'en se répandant dans le sang d'abord, en envahissant ensuite les tissus, les muscles et les articulations, l'Acide urique brovoque l'Enflure, l'Ankylose, les Nœuds, la Déformation et les Douleurs les plus atroces. ÎO années d'attes tations louangeuses et par milliers, même pen dant la guerre, démontrent le succès constant du TONIQUE GLORIA Nul produit ne présente autant de preuves irréfutables, noms et adresses au complet, que le Tonique Gloria, fruit de longues études, de patientes recherches, de résultats contrôlés par les expériences les plus probantes. SOUFFREZ-VOUS? Si oui, ne déses pérez donc plus, ne pensez qu'a la joie et au bon heur de revenir à la santé, même si votre cas est jugé incurable. Qu'im porte si vos souf frances remontent   a de longues an nées ? Rappelez vous seulement que le Tonique Gloria a : guéri et guérit chaque jour des milliers de mala des. Rappelez-vous qu'on peut en faire i essai gratuit. Que faut-il de plus pour que vous' ayez foi en ce traitement ? Car si le Toni que Gloria n'avait qu'une efficacité illusoire et déce vante, y aurait-il ■«s en sa faveur tant d'authentiques attestations élogieuses ? COMMENT GUERIR? Méthode a</index>
            <genre source="hm" time="2019-09-29T13:18:00.384+02:00">publicite</genre>
            <genre source="final">publicite</genre>
          </ill>
        </ills>
      </page>
    </pages>
  </contenus>
</analyseAlto>