<analyseAlto>
  <metad>
    <type>P</type>
    <ID>bpt6k5671046</ID>
    <titre>Le Petit Parisien</titre>
    <dateEdition>1919-12-31</dateEdition>
    <nbPage>4</nbPage>
    <suppl>FALSE</suppl>
  </metad>
  <contenus>
    <nbArticle>60</nbArticle>
    <largeur>413</largeur>
    <hauteur>578</hauteur>
    <pages>
      <page ordre="1">
        <nbMot>5386</nbMot>
        <blocTexte>41</blocTexte>
        <blocTab>0</blocTab>
        <blocPub>0</blocPub>
        <blocIllustration>2</blocIllustration>
        <ills/>
      </page>
      <page ordre="2">
        <nbMot>6536</nbMot>
        <blocTexte>56</blocTexte>
        <blocTab>0</blocTab>
        <blocPub>2</blocPub>
        <blocIllustration>1</blocIllustration>
        <ills/>
      </page>
      <page ordre="3">
        <nbMot>6797</nbMot>
        <blocTexte>83</blocTexte>
        <blocTab>3</blocTab>
        <blocPub>2</blocPub>
        <blocIllustration>0</blocIllustration>
      </page>
      <page ordre="4">
        <nbMot>3921</nbMot>
        <blocTexte>20</blocTexte>
        <blocTab>0</blocTab>
        <blocPub>8</blocPub>
        <blocIllustration>1</blocIllustration>
        <ills>
          <ill classif="DFdnn" couleur="gris" derniere="true" edit="1" h="859" id="4-1" n="4-1" pub="1" taille="1" w="763" x="1607" y="4305">
            <contenuImg CS="0.97" h="485" l="385" sexe="P" source="dnn" x="147" y="187">face</contenuImg>
            <type/>
            <titraille>Les Pilules Pink ça fait du bien.</titraille>
            <leg>M #34;' ROTHEALX (CL. Lauiiatler)</leg>
            <txt>Il ne faut pas titre : « Je suis malade, j'ai tout essayé, je ne guénirai jamais », parce que, jus tement, au même instant,  1 y a quelqu'un qui se présente et qui vous dit : « Je oroyate que je ■ne guérirais pas et les' Pilules Pink m'ont guéri. » Or, vous êtes fabriqué comme tout le inonde. n'est-ce pas ? Aujourd'hui, c'est Mme Marie-Louise Ro theaux, couturière, à Angers. 129, rue de la Madeleine, qui nous écrit qu'elle.voit la vie plus en rose : « Au commencement d'avril, j'ai fait</txt>
            <index>Les Pilules Pink ça fait du bien.M #34;' ROTHEALX (CL. Lauiiatler)Il ne faut pas titre : « Je suis malade, j'ai tout essayé, je ne guénirai jamais », parce que, jus tement, au même instant,  1 y a quelqu'un qui se présente et qui vous dit : « Je oroyate que je ■ne guérirais pas et les' Pilules Pink m'ont guéri. » Or, vous êtes fabriqué comme tout le inonde. n'est-ce pas ? Aujourd'hui, c'est Mme Marie-Louise Ro theaux, couturière, à Angers. 129, rue de la Madeleine, qui nous écrit qu'elle.voit la vie plus en rose : « Au commencement d'avril, j'ai fait</index>
            <genre source="hm" time="2019-09-29T13:27:25.564+02:00">publicite</genre>
            <genre source="final">publicite</genre>
          </ill>
        </ills>
      </page>
    </pages>
  </contenus>
</analyseAlto>