<analyseAlto>
  <metad>
    <type>P</type>
    <ID>bpt6k566974t</ID>
    <titre>Le Petit Parisien</titre>
    <dateEdition>1919-08-02</dateEdition>
    <nbPage>4</nbPage>
    <suppl>FALSE</suppl>
  </metad>
  <contenus>
    <nbArticle>54</nbArticle>
    <largeur>419</largeur>
    <hauteur>575</hauteur>
    <pages>
      <page ordre="1">
        <nbMot>4934</nbMot>
        <blocTexte>30</blocTexte>
        <blocTab>0</blocTab>
        <blocPub>0</blocPub>
        <blocIllustration>1</blocIllustration>
        <ills/>
      </page>
      <page ordre="2">
        <nbMot>6756</nbMot>
        <blocTexte>62</blocTexte>
        <blocTab>0</blocTab>
        <blocPub>1</blocPub>
        <blocIllustration>0</blocIllustration>
      </page>
      <page ordre="3">
        <nbMot>5189</nbMot>
        <blocTexte>77</blocTexte>
        <blocTab>2</blocTab>
        <blocPub>5</blocPub>
        <blocIllustration>0</blocIllustration>
      </page>
      <page ordre="4">
        <nbMot>3576</nbMot>
        <blocTexte>27</blocTexte>
        <blocTab>0</blocTab>
        <blocPub>19</blocPub>
        <blocIllustration>1</blocIllustration>
        <ills>
          <ill classif="DFdnn" couleur="gris" derniere="true" edit="1" h="775" id="4-1" n="4-1" pub="1" taille="0" w="687" x="66" y="2383">
            <contenuImg CS="1.00" h="345" l="295" sexe="P" source="dnn" x="205" y="200">face</contenuImg>
            <type/>
            <titraille>Le mot sur les lèvres</titraille>
            <leg>Mile Thérèse DURAWD CL Bréhant.</leg>
            <txt>Il est des circonstances de la vie, doulou reuses et pénibles, où tout à coup se présente à l'esprit l'idée apaisante et consolatrice, où un nom prometteur est prononcé tout comme- : A cette heure Indécise où rampent les ténèbres La prière, en secret, VQIIJ.. écarte les lèvres. Bien des malades épuisés et pantelants, arri vés au bout de leurs forces, désespérés des efforts et des soins inutiles, ont un soir, un soir de désespoir, prononcé ces mois ktuvent lus, souvent entendus : • PILULES PINK- . Pilules Pink pour personnes pâles :. Et ce sont bien là -es mots pro: ctteurs de bonheur, qu'il faut prononcer quand la santé est clans le malheur.</txt>
            <index>Le mot sur les lèvresMile Thérèse DURAWD CL Bréhant.Il est des circonstances de la vie, doulou reuses et pénibles, où tout à coup se présente à l'esprit l'idée apaisante et consolatrice, où un nom prometteur est prononcé tout comme- : A cette heure Indécise où rampent les ténèbres La prière, en secret, VQIIJ.. écarte les lèvres. Bien des malades épuisés et pantelants, arri vés au bout de leurs forces, désespérés des efforts et des soins inutiles, ont un soir, un soir de désespoir, prononcé ces mois ktuvent lus, souvent entendus : • PILULES PINK- . Pilules Pink pour personnes pâles :. Et ce sont bien là -es mots pro: ctteurs de bonheur, qu'il faut prononcer quand la santé est clans le malheur.</index>
            <genre source="hm" time="2019-09-29T15:55:26.084+02:00">publicite</genre>
            <genre source="final">publicite</genre>
          </ill>
        </ills>
      </page>
    </pages>
  </contenus>
</analyseAlto>