<doc>
  <metad>
    <type>P</type>
    <ID>bpt6k604304r</ID>
    <titre>Le Petit Parisien</titre>
    <dateEdition>1920-05-30</dateEdition>
    <nbPage>4</nbPage>
    <suppl>FALSE</suppl>
  </metad>
  <contenus>
    <nbArticle>58</nbArticle>
    <largeur>416</largeur>
    <hauteur>573</hauteur>
    <pages>
      <page ordre="1">
        <nbMot>5439</nbMot>
        <blocTexte>52</blocTexte>
        <blocTab>0</blocTab>
        <blocPub>0</blocPub>
        <blocIllustration>2</blocIllustration>
        <ills/>
      </page>
      <page ordre="2">
        <nbMot>6580</nbMot>
        <blocTexte>81</blocTexte>
        <blocTab>0</blocTab>
        <blocPub>3</blocPub>
        <blocIllustration>0</blocIllustration>
      </page>
      <page ordre="3">
        <nbMot>7225</nbMot>
        <blocTexte>87</blocTexte>
        <blocTab>1</blocTab>
        <blocPub>5</blocPub>
        <blocIllustration>1</blocIllustration>
        <ills>
          <ill couleur="gris" edit="1" h="776" id="3-1" n="3-1" pub="1" taille="1" w="785" x="4071" y="3105">
            <type/>
            <titraille>POUR 9 fr. 75 LE LIT NATIONAL</titraille>
            <txt>LE LIT NATIONAL</txt>
            <index>POUR 9 fr. 75 LE LIT NATIONALLE LIT NATIONAL</index>
            <genre source="hm" time="2019-09-29T15:55:31.338+02:00">publicite</genre>
            <genre source="final">publicite</genre>
          </ill>
        </ills>
      </page>
      <page ordre="4">
        <nbMot>1925</nbMot>
        <blocTexte>13</blocTexte>
        <blocTab>0</blocTab>
        <blocPub>10</blocPub>
        <blocIllustration>0</blocIllustration>
      </page>
    </pages>
  </contenus>
</doc>