<analyseAlto>
  <metad>
    <type>P</type>
    <ID>bpt6k604312b</ID>
    <titre>Le Petit Parisien</titre>
    <dateEdition>1920-06-07</dateEdition>
    <nbPage>4</nbPage>
    <suppl>FALSE</suppl>
  </metad>
  <contenus>
    <nbArticle>62</nbArticle>
    <largeur>415</largeur>
    <hauteur>567</hauteur>
    <pages>
      <page ordre="1">
        <nbMot>5027</nbMot>
        <blocTexte>54</blocTexte>
        <blocTab>0</blocTab>
        <blocPub>0</blocPub>
        <blocIllustration>4</blocIllustration>
        <ills>
          <ill classif="DFdnn" couleur="gris" edit="1" h="856" id="1-3" n="1-3" pub="1" taille="1" une="true" w="768" x="3283" y="5563">
            <type/>
            <titraille>MONTMARTRE S'AMUSE :</titraille>
            <leg>M. le maire Jules Dépamiit  lt;■ au pied » de la statue d'Elzévir-Médéric etc... au Tertre.</leg>
            <txt>Ne cherchez pas qui était Elzévir-Médéric Sténophase du Tertre. Il n'est fait mention de</txt>
            <index>MONTMARTRE S'AMUSE :M. le maire Jules Dépamiit  lt;■ au pied » de la statue d'Elzévir-Médéric etc... au Tertre.Ne cherchez pas qui était Elzévir-Médéric Sténophase du Tertre. Il n'est fait mention de</index>
            <genre source="hm" time="2019-09-29T13:27:19.645+02:00">publicite</genre>
            <genre source="final">publicite</genre>
          </ill>
        </ills>
      </page>
      <page ordre="2">
        <nbMot>7124</nbMot>
        <blocTexte>74</blocTexte>
        <blocTab>1</blocTab>
        <blocPub>2</blocPub>
        <blocIllustration>1</blocIllustration>
        <ills/>
      </page>
      <page ordre="3">
        <nbMot>6094</nbMot>
        <blocTexte>62</blocTexte>
        <blocTab>0</blocTab>
        <blocPub>10</blocPub>
        <blocIllustration>0</blocIllustration>
      </page>
      <page ordre="4">
        <nbMot>2740</nbMot>
        <blocTexte>39</blocTexte>
        <blocTab>0</blocTab>
        <blocPub>33</blocPub>
        <blocIllustration>0</blocIllustration>
      </page>
    </pages>
  </contenus>
</analyseAlto>