<analyseAlto>
  <metad>
    <type>P</type>
    <ID>bpt6k604294j</ID>
    <titre>Le Petit Parisien</titre>
    <dateEdition>1920-05-20</dateEdition>
    <nbPage>4</nbPage>
    <suppl>FALSE</suppl>
  </metad>
  <contenus>
    <nbArticle>60</nbArticle>
    <largeur>416</largeur>
    <hauteur>575</hauteur>
    <pages>
      <page ordre="1">
        <nbMot>5699</nbMot>
        <blocTexte>36</blocTexte>
        <blocTab>0</blocTab>
        <blocPub>0</blocPub>
        <blocIllustration>2</blocIllustration>
        <ills/>
      </page>
      <page ordre="2">
        <nbMot>6514</nbMot>
        <blocTexte>87</blocTexte>
        <blocTab>0</blocTab>
        <blocPub>2</blocPub>
        <blocIllustration>1</blocIllustration>
        <ills/>
      </page>
      <page ordre="3">
        <nbMot>6928</nbMot>
        <blocTexte>77</blocTexte>
        <blocTab>2</blocTab>
        <blocPub>9</blocPub>
        <blocIllustration>0</blocIllustration>
      </page>
      <page ordre="4">
        <nbMot>3908</nbMot>
        <blocTexte>19</blocTexte>
        <blocTab>0</blocTab>
        <blocPub>9</blocPub>
        <blocIllustration>1</blocIllustration>
        <ills>
          <ill couleur="gris" derniere="true" edit="1" h="1800" id="4-1" n="4-1" pub="1" taille="4" w="1374" x="45" y="377">
            <type/>
            <titraille>FIANCÉS</titraille>
            <leg>Lui. Tiens, mon amour, je veux t'offrir du beau muguet... ELLE (tendrement). J'aimerais mieux un Duboxinet !</leg>
            <index>FIANCÉSLui. Tiens, mon amour, je veux t'offrir du beau muguet... ELLE (tendrement). J'aimerais mieux un Duboxinet !</index>
            <genre source="hm" time="2019-09-29T13:27:04.39+02:00">publicite</genre>
            <genre source="final">publicite</genre>
          </ill>
        </ills>
      </page>
    </pages>
  </contenus>
</analyseAlto>