<analyseAlto>
  <metad>
    <type>P</type>
    <ID>bpt6k6045098</ID>
    <titre>Le Petit Parisien</titre>
    <dateEdition>1920-12-21</dateEdition>
    <nbPage>4</nbPage>
    <suppl>FALSE</suppl>
  </metad>
  <contenus>
    <nbArticle>51</nbArticle>
    <largeur>417</largeur>
    <hauteur>571</hauteur>
    <pages>
      <page ordre="1">
        <nbMot>4618</nbMot>
        <blocTexte>42</blocTexte>
        <blocTab>0</blocTab>
        <blocPub>0</blocPub>
        <blocIllustration>4</blocIllustration>
        <ills/>
      </page>
      <page ordre="2">
        <nbMot>6522</nbMot>
        <blocTexte>69</blocTexte>
        <blocTab>0</blocTab>
        <blocPub>2</blocPub>
        <blocIllustration>0</blocIllustration>
      </page>
      <page ordre="3">
        <nbMot>9562</nbMot>
        <blocTexte>55</blocTexte>
        <blocTab>2</blocTab>
        <blocPub>6</blocPub>
        <blocIllustration>0</blocIllustration>
      </page>
      <page ordre="4">
        <nbMot>5069</nbMot>
        <blocTexte>22</blocTexte>
        <blocTab>0</blocTab>
        <blocPub>12</blocPub>
        <blocIllustration>1</blocIllustration>
        <ills>
          <ill classif="DFdnn" couleur="gris" derniere="true" edit="1" h="751" id="4-1" n="4-1" pub="1" taille="1" w="737" x="2533" y="360">
            <contenuImg CS="1.00" h="395" l="300" sexe="P" source="dnn" x="210" y="270">face</contenuImg>
            <type/>
            <titraille>Suites de fièvres</titraille>
            <leg>.Mme Vvti Stauei.mvn (Cl. Ilatugner.)</leg>
            <txt>Mme veuve Stadelman, à la Vernoy-lcs-Montbéliard, par.Héricourt (Haute-Saône), a été victime des mau vaises Uèvres qui courent. Par des bons soins, elle a surmonté la crise, mais resta dans un état lamentable</txt>
            <index>Suites de fièvres.Mme Vvti Stauei.mvn (Cl. Ilatugner.)Mme veuve Stadelman, à la Vernoy-lcs-Montbéliard, par.Héricourt (Haute-Saône), a été victime des mau vaises Uèvres qui courent. Par des bons soins, elle a surmonté la crise, mais resta dans un état lamentable</index>
            <genre source="hm" time="2019-09-29T13:19:22.316+02:00">publicite</genre>
            <genre source="final">publicite</genre>
          </ill>
        </ills>
      </page>
    </pages>
  </contenus>
</analyseAlto>