<doc>
  <metad>
    <type>P</type>
    <ID>bpt6k604449b</ID>
    <titre>Le Petit Parisien</titre>
    <dateEdition>1920-10-22</dateEdition>
    <nbPage>4</nbPage>
    <suppl>FALSE</suppl>
  </metad>
  <contenus>
    <nbArticle>57</nbArticle>
    <largeur>422</largeur>
    <hauteur>573</hauteur>
    <pages>
      <page ordre="1">
        <nbMot>5018</nbMot>
        <blocTexte>45</blocTexte>
        <blocTab>0</blocTab>
        <blocPub>0</blocPub>
        <blocIllustration>3</blocIllustration>
        <ills/>
      </page>
      <page ordre="2">
        <nbMot>6775</nbMot>
        <blocTexte>65</blocTexte>
        <blocTab>0</blocTab>
        <blocPub>6</blocPub>
        <blocIllustration>0</blocIllustration>
      </page>
      <page ordre="3">
        <nbMot>7230</nbMot>
        <blocTexte>90</blocTexte>
        <blocTab>5</blocTab>
        <blocPub>23</blocPub>
        <blocIllustration>0</blocIllustration>
      </page>
      <page ordre="4">
        <nbMot>4416</nbMot>
        <blocTexte>29</blocTexte>
        <blocTab>0</blocTab>
        <blocPub>24</blocPub>
        <blocIllustration>1</blocIllustration>
        <ills>
          <ill classif="DFdnn" couleur="gris" derniere="true" edit="1" h="1036" id="4-1" n="4-1" pub="1" taille="2" w="1541" x="1680" y="249">
            <type/>
            <titraille>IL COURT COMME UN LIEVRE</titraille>
            <leg>Voilà un chasseur qui court plus vite que son chien et qui attrape un lièvre à la course. -r-N i • • • i r . * i m</leg>
            <txt>Pour bien courir, il faut avoir du souffle. Pour avoir du souffle, il faut d'excellents poumons. Et pour avoir d'excellents poumons il faut, comme ce chas seur, prendre du GOUDRON-GUYOT. L'usage du Goudron-Guyot, pris à tous violet, vert, rouge, et en biais, ainsi que les repas, àla dose d'une cuillerée à café l'adresse : Maison FRERE, 19, rue par verre d'eau, suffit, en etïet, pour faire Jacob. Paris. disparaître en peu dè .temps le rhume le Prix du Goudron-Guyot: 3 fr. 75 le flacon, plus opiniâtre et la bronchite la plus invé- Le traitement revient à io centimes par téréç ;on arrive môme parfois à enrayer jour —et guérit. et à guérir la phtisie bien déclarée, car p. s. Les personnes qui ne peuvent se goudrein arrête la décomposition des tuber- faire au goût de  eau de goudron pourront eu les. du poumon, en tuant les mauvais remplacer son usage par celui des Capsules microbes, causes de cette décomposition. Guyotau goudron de' Norvège de pin mari- Exiger le véritable Qoudron=Guyot, time pur, on orenant deux ou trois est afin d'éviter toute erreur, regardez l'éti- capsules à chaque repas. Elles obtiendront quelle; celte du véritable Goudron-Guyot ainsi les mêmes effets salutaires et une porte ie nom de Guyot imprimé en gros guérison • aussi certaine. Prix du Caractères et sa signature en trois couleurs: flacon : 3 francs.</txt>
            <index>IL COURT COMME UN LIEVREVoilà un chasseur qui court plus vite que son chien et qui attrape un lièvre à la course. -r-N i • • • i r . * i mPour bien courir, il faut avoir du souffle. Pour avoir du souffle, il faut d'excellents poumons. Et pour avoir d'excellents poumons il faut, comme ce chas seur, prendre du GOUDRON-GUYOT. L'usage du Goudron-Guyot, pris à tous violet, vert, rouge, et en biais, ainsi que les repas, àla dose d'une cuillerée à café l'adresse : Maison FRERE, 19, rue par verre d'eau, suffit, en etïet, pour faire Jacob. Paris. disparaître en peu dè .temps le rhume le Prix du Goudron-Guyot: 3 fr. 75 le flacon, plus opiniâtre et la bronchite la plus invé- Le traitement revient à io centimes par téréç ;on arrive môme parfois à enrayer jour —et guérit. et à guérir la phtisie bien déclarée, car p. s. Les personnes qui ne peuvent se goudrein arrête la décomposition des tuber- faire au goût de  eau de goudron pourront eu les. du poumon, en tuant les mauvais remplacer son usage par celui des Capsules microbes, causes de cette décomposition. Guyotau goudron de' Norvège de pin mari- Exiger le véritable Qoudron=Guyot, time pur, on orenant deux ou trois est afin d'éviter toute erreur, regardez l'éti- capsules à chaque repas. Elles obtiendront quelle; celte du véritable Goudron-Guyot ainsi les mêmes effets salutaires et une porte ie nom de Guyot imprimé en gros guérison • aussi certaine. Prix du Caractères et sa signature en trois couleurs: flacon : 3 francs.</index>
            <genre source="hm" time="2019-09-29T13:19:14.037+02:00">publicite</genre>
            <genre source="final">publicite</genre>
          </ill>
        </ills>
      </page>
    </pages>
  </contenus>
</doc>