<analyseAlto>
  <metad>
    <type>P</type>
    <ID>bpt6k604387n</ID>
    <titre>Le Petit Parisien</titre>
    <dateEdition>1920-08-21</dateEdition>
    <nbPage>4</nbPage>
    <suppl>FALSE</suppl>
  </metad>
  <contenus>
    <nbArticle>63</nbArticle>
    <largeur>422</largeur>
    <hauteur>574</hauteur>
    <pages>
      <page ordre="1">
        <nbMot>5089</nbMot>
        <blocTexte>44</blocTexte>
        <blocTab>0</blocTab>
        <blocPub>1</blocPub>
        <blocIllustration>2</blocIllustration>
        <ills/>
      </page>
      <page ordre="2">
        <nbMot>6854</nbMot>
        <blocTexte>54</blocTexte>
        <blocTab>0</blocTab>
        <blocPub>0</blocPub>
        <blocIllustration>1</blocIllustration>
        <ills/>
      </page>
      <page ordre="3">
        <nbMot>6565</nbMot>
        <blocTexte>69</blocTexte>
        <blocTab>4</blocTab>
        <blocPub>7</blocPub>
        <blocIllustration>0</blocIllustration>
      </page>
      <page ordre="4">
        <nbMot>5175</nbMot>
        <blocTexte>36</blocTexte>
        <blocTab>2</blocTab>
        <blocPub>14</blocPub>
        <blocIllustration>1</blocIllustration>
        <ills>
          <ill classif="DFdnn" couleur="gris" derniere="true" edit="1" h="1052" id="4-1" n="4-1" pub="1" taille="2" w="1496" x="3296" y="265">
            <type/>
            <titraille>LE MIROIR AUX ALOUETTES</titraille>
            <leg>LUI. Ma chère, ne souriez pas comme cela de tous côtés; depuis que vous vous servez du DENTOL vos dents sont si brillantes qu'elles attirent même les alouettes. s</leg>
            <txt>Le Dentol (eàu, pâte, poudre, savon) est un dentifrice à la fois souverainement an tiseptique et doué du parfum le plus agréable. Créé d'après les travaux de Pasteur, il raffermit les gencives. En peu de jours, il donne aux dents une blancheur éclatante. Il purifie l'haleine et est particulièrement recommandé aux fumeurs. Il laisse dans la bouche, une sensation de fraîcheur déli cieuse et persistante. Lu Dentol se trouve dans toutes les</txt>
            <index>LE MIROIR AUX ALOUETTESLUI. Ma chère, ne souriez pas comme cela de tous côtés; depuis que vous vous servez du DENTOL vos dents sont si brillantes qu'elles attirent même les alouettes. sLe Dentol (eàu, pâte, poudre, savon) est un dentifrice à la fois souverainement an tiseptique et doué du parfum le plus agréable. Créé d'après les travaux de Pasteur, il raffermit les gencives. En peu de jours, il donne aux dents une blancheur éclatante. Il purifie l'haleine et est particulièrement recommandé aux fumeurs. Il laisse dans la bouche, une sensation de fraîcheur déli cieuse et persistante. Lu Dentol se trouve dans toutes les</index>
            <genre source="hm" time="2019-09-29T15:55:47.294+02:00">publicite</genre>
            <genre source="final">publicite</genre>
          </ill>
        </ills>
      </page>
    </pages>
  </contenus>
</analyseAlto>