<doc>
  <metad>
    <type>P</type>
    <ID>bpt6k6042380</ID>
    <titre>Le Petit Parisien</titre>
    <dateEdition>1920-03-22</dateEdition>
    <nbPage>4</nbPage>
    <suppl>FALSE</suppl>
  </metad>
  <contenus>
    <nbArticle>53</nbArticle>
    <largeur>413</largeur>
    <hauteur>563</hauteur>
    <pages>
      <page ordre="1">
        <nbMot>4806</nbMot>
        <blocTexte>45</blocTexte>
        <blocTab>0</blocTab>
        <blocPub>0</blocPub>
        <blocIllustration>3</blocIllustration>
        <ills/>
      </page>
      <page ordre="2">
        <nbMot>6588</nbMot>
        <blocTexte>47</blocTexte>
        <blocTab>0</blocTab>
        <blocPub>2</blocPub>
        <blocIllustration>4</blocIllustration>
        <ills/>
      </page>
      <page ordre="3">
        <nbMot>12005</nbMot>
        <blocTexte>69</blocTexte>
        <blocTab>1</blocTab>
        <blocPub>3</blocPub>
        <blocIllustration>0</blocIllustration>
      </page>
      <page ordre="4">
        <nbMot>2305</nbMot>
        <blocTexte>18</blocTexte>
        <blocTab>0</blocTab>
        <blocPub>11</blocPub>
        <blocIllustration>1</blocIllustration>
        <ills>
          <ill couleur="gris" derniere="true" edit="1" h="671" id="4-1" n="4-1" pub="1" taille="0" w="785" x="48" y="2422">
            <type/>
            <titraille>'llHllllllllllllllllllllllllHlllllllllllllillllllllllllllllllliUlllllllinillllllllll LE  CAFÉ MARTIN '</titraille>
            <index>'llHllllllllllllllllllllllllHlllllllllllllillllllllllllllllllliUlllllllinillllllllll LE  CAFÉ MARTIN '</index>
            <genre source="hm" time="2019-09-29T13:03:02.778+02:00">publicite</genre>
            <genre source="final">publicite</genre>
          </ill>
        </ills>
      </page>
    </pages>
  </contenus>
</doc>