<analyseAlto>
  <metad>
    <type>P</type>
    <ID>bpt6k604472q</ID>
    <titre>Le Petit Parisien</titre>
    <dateEdition>1920-11-14</dateEdition>
    <nbPage>6</nbPage>
    <suppl>FALSE</suppl>
  </metad>
  <contenus>
    <nbArticle>155</nbArticle>
    <largeur>417</largeur>
    <hauteur>573</hauteur>
    <pages>
      <page ordre="1">
        <nbMot>4277</nbMot>
        <blocTexte>45</blocTexte>
        <blocTab>0</blocTab>
        <blocPub>2</blocPub>
        <blocIllustration>8</blocIllustration>
        <ills/>
      </page>
      <page ordre="2">
        <nbMot>6753</nbMot>
        <blocTexte>75</blocTexte>
        <blocTab>0</blocTab>
        <blocPub>1</blocPub>
        <blocIllustration>0</blocIllustration>
      </page>
      <page ordre="3">
        <nbMot>7369</nbMot>
        <blocTexte>74</blocTexte>
        <blocTab>1</blocTab>
        <blocPub>2</blocPub>
        <blocIllustration>0</blocIllustration>
      </page>
      <page ordre="4">
        <nbMot>8057</nbMot>
        <blocTexte>41</blocTexte>
        <blocTab>1</blocTab>
        <blocPub>1</blocPub>
        <blocIllustration>0</blocIllustration>
      </page>
      <page ordre="5">
        <nbMot>2522</nbMot>
        <blocTexte>108</blocTexte>
        <blocTab>0</blocTab>
        <blocPub>4</blocPub>
        <blocIllustration>11</blocIllustration>
        <ills>
          <ill classif="DFdnn" couleur="gris" edit="1" h="377" id="5-7" n="5-7" pub="1" taille="0" w="706" x="3994" y="213">
            <contenuImg CS="1" lang="fr" source="hm" time="2020-04-08T18:12:53.232+02:00">voiture</contenuImg>
            <type/>
            <txt>LA NOUVELLE 16 ' BERLIET</txt>
            <index>LA NOUVELLE 16 ' BERLIET</index>
            <genre source="hm" time="2019-09-29T13:46:55.946+02:00">publicite</genre>
            <genre source="final">publicite</genre>
            <contenuImg CS="1" lang="en" source="hm" time="2020-04-08T18:12:53.232+02:00">car</contenuImg>
          </ill>
        </ills>
      </page>
      <page ordre="6">
        <nbMot>2825</nbMot>
        <blocTexte>74</blocTexte>
        <blocTab>1</blocTab>
        <blocPub>1</blocPub>
        <blocIllustration>7</blocIllustration>
        <ills/>
      </page>
    </pages>
  </contenus>
</analyseAlto>