<analyseAlto>
  <metad>
    <type>M</type>
    <ID>btv1b8594527d</ID>
    <titre>Verdun. Images de guerre / John Grand Carteret</titre>
    <dateEdition>1916</dateEdition>
    <notice>ark:/12148/cb40359768r</notice>
    <nbPage>233</nbPage>
  </metad>
  <contenus>
    <largeur>184</largeur>
    <hauteur>233</hauteur>
    <largeurPx>2900</largeurPx>
    <hauteurPx>3682</hauteurPx>
    <pages>
      <page ordre="11">
        <nbMot>18</nbMot>
        <blocTexte>8</blocTexte>
        <blocTab>0</blocTab>
        <blocPub>0</blocPub>
        <blocIll ocr="4">0</blocIll>
        <ills/>
      </page>
      <page ordre="14">
        <nbMot>76</nbMot>
        <blocTexte>9</blocTexte>
        <blocTab>0</blocTab>
        <blocPub>0</blocPub>
        <blocIll ocr="1">0</blocIll>
        <ills/>
      </page>
      <page ordre="16">
        <nbMot>25</nbMot>
        <blocTexte>3</blocTexte>
        <blocTab>0</blocTab>
        <blocPub>0</blocPub>
        <blocIll ocr="1">0</blocIll>
        <ills/>
      </page>
      <page ordre="19">
        <nbMot>524</nbMot>
        <blocTexte>17</blocTexte>
        <blocTab>0</blocTab>
        <blocPub>0</blocPub>
        <blocIll ocr="0">0</blocIll>
      </page>
      <page ordre="20">
        <nbMot>358</nbMot>
        <blocTexte>16</blocTexte>
        <blocTab>0</blocTab>
        <blocPub>0</blocPub>
        <blocIll ocr="3">0</blocIll>
        <ills/>
      </page>
      <page ordre="21">
        <nbMot>6</nbMot>
        <blocTexte>2</blocTexte>
        <blocTab>0</blocTab>
        <blocPub>0</blocPub>
        <blocIll ocr="1">0</blocIll>
        <ills/>
      </page>
      <page ordre="22">
        <nbMot>441</nbMot>
        <blocTexte>10</blocTexte>
        <blocTab>0</blocTab>
        <blocPub>0</blocPub>
        <blocIll ocr="1">0</blocIll>
        <ills/>
      </page>
      <page ordre="23">
        <nbMot>13</nbMot>
        <blocTexte>4</blocTexte>
        <blocTab>0</blocTab>
        <blocPub>0</blocPub>
        <blocIll ocr="1">0</blocIll>
        <ills/>
      </page>
      <page ordre="25">
        <nbMot>78</nbMot>
        <blocTexte>8</blocTexte>
        <blocTab>0</blocTab>
        <blocPub>0</blocPub>
        <blocIll ocr="1">0</blocIll>
        <ills/>
      </page>
      <page ordre="27">
        <nbMot>715</nbMot>
        <blocTexte>16</blocTexte>
        <blocTab>0</blocTab>
        <blocPub>0</blocPub>
        <blocIll ocr="1">0</blocIll>
        <ills/>
      </page>
      <page ordre="28">
        <nbMot>443</nbMot>
        <blocTexte>10</blocTexte>
        <blocTab>0</blocTab>
        <blocPub>0</blocPub>
        <blocIll ocr="1">0</blocIll>
        <ills/>
      </page>
      <page ordre="30">
        <nbMot>399</nbMot>
        <blocTexte>11</blocTexte>
        <blocTab>0</blocTab>
        <blocPub>0</blocPub>
        <blocIll ocr="2">0</blocIll>
        <ills/>
      </page>
      <page ordre="31">
        <nbMot>54</nbMot>
        <blocTexte>12</blocTexte>
        <blocTab>0</blocTab>
        <blocPub>0</blocPub>
        <blocIll ocr="2">0</blocIll>
        <ills/>
      </page>
      <page ordre="32">
        <nbMot>35</nbMot>
        <blocTexte>2</blocTexte>
        <blocTab>0</blocTab>
        <blocPub>0</blocPub>
        <blocIll ocr="1">0</blocIll>
        <ills/>
      </page>
      <page ordre="33">
        <nbMot>78</nbMot>
        <blocTexte>9</blocTexte>
        <blocTab>0</blocTab>
        <blocPub>0</blocPub>
        <blocIll ocr="1">0</blocIll>
        <ills/>
      </page>
      <page ordre="34">
        <nbMot>69</nbMot>
        <blocTexte>12</blocTexte>
        <blocTab>0</blocTab>
        <blocPub>0</blocPub>
        <blocIll ocr="1">0</blocIll>
        <ills/>
      </page>
      <page ordre="35">
        <nbMot>519</nbMot>
        <blocTexte>20</blocTexte>
        <blocTab>0</blocTab>
        <blocPub>0</blocPub>
        <blocIll ocr="1">0</blocIll>
        <ills/>
      </page>
      <page ordre="36">
        <nbMot>48</nbMot>
        <blocTexte>6</blocTexte>
        <blocTab>0</blocTab>
        <blocPub>0</blocPub>
        <blocIll ocr="1">0</blocIll>
        <ills/>
      </page>
      <page ordre="37">
        <nbMot>368</nbMot>
        <blocTexte>8</blocTexte>
        <blocTab>0</blocTab>
        <blocPub>0</blocPub>
        <blocIll ocr="1">0</blocIll>
        <ills/>
      </page>
      <page ordre="38">
        <nbMot>51</nbMot>
        <blocTexte>8</blocTexte>
        <blocTab>0</blocTab>
        <blocPub>0</blocPub>
        <blocIll ocr="2">0</blocIll>
        <ills/>
      </page>
      <page ordre="39">
        <nbMot>14</nbMot>
        <blocTexte>2</blocTexte>
        <blocTab>0</blocTab>
        <blocPub>0</blocPub>
        <blocIll ocr="1">0</blocIll>
        <ills/>
      </page>
      <page ordre="40">
        <nbMot>385</nbMot>
        <blocTexte>50</blocTexte>
        <blocTab>0</blocTab>
        <blocPub>0</blocPub>
        <blocIll ocr="1">0</blocIll>
        <ills/>
      </page>
      <page ordre="42">
        <nbMot>1</nbMot>
        <blocTexte>1</blocTexte>
        <blocTab>0</blocTab>
        <blocPub>0</blocPub>
        <blocIll ocr="1">0</blocIll>
        <ills/>
      </page>
      <page ordre="44">
        <nbMot>17</nbMot>
        <blocTexte>1</blocTexte>
        <blocTab>0</blocTab>
        <blocPub>0</blocPub>
        <blocIll ocr="2">0</blocIll>
        <ills/>
      </page>
      <page ordre="45">
        <nbMot>247</nbMot>
        <blocTexte>23</blocTexte>
        <blocTab>0</blocTab>
        <blocPub>0</blocPub>
        <blocIll ocr="5">0</blocIll>
        <ills/>
      </page>
      <page ordre="47">
        <nbMot>235</nbMot>
        <blocTexte>20</blocTexte>
        <blocTab>0</blocTab>
        <blocPub>0</blocPub>
        <blocIll ocr="1">0</blocIll>
        <ills/>
      </page>
      <page ordre="49">
        <nbMot>62</nbMot>
        <blocTexte>11</blocTexte>
        <blocTab>0</blocTab>
        <blocPub>0</blocPub>
        <blocIll ocr="1">0</blocIll>
        <ills/>
      </page>
      <page ordre="50">
        <nbMot>41</nbMot>
        <blocTexte>3</blocTexte>
        <blocTab>0</blocTab>
        <blocPub>0</blocPub>
        <blocIll ocr="3">0</blocIll>
        <ills/>
      </page>
      <page ordre="51">
        <nbMot>457</nbMot>
        <blocTexte>21</blocTexte>
        <blocTab>0</blocTab>
        <blocPub>0</blocPub>
        <blocIll ocr="5">0</blocIll>
        <ills/>
      </page>
      <page ordre="52">
        <nbMot>588</nbMot>
        <blocTexte>16</blocTexte>
        <blocTab>0</blocTab>
        <blocPub>0</blocPub>
        <blocIll ocr="2">0</blocIll>
        <ills/>
      </page>
      <page ordre="53">
        <nbMot>519</nbMot>
        <blocTexte>32</blocTexte>
        <blocTab>0</blocTab>
        <blocPub>0</blocPub>
        <blocIll ocr="1">0</blocIll>
        <ills/>
      </page>
      <page ordre="54">
        <nbMot>359</nbMot>
        <blocTexte>67</blocTexte>
        <blocTab>0</blocTab>
        <blocPub>0</blocPub>
        <blocIll ocr="1">0</blocIll>
        <ills/>
      </page>
      <page ordre="55">
        <nbMot>33</nbMot>
        <blocTexte>5</blocTexte>
        <blocTab>0</blocTab>
        <blocPub>0</blocPub>
        <blocIll ocr="2">0</blocIll>
        <ills/>
      </page>
      <page ordre="57">
        <nbMot>25</nbMot>
        <blocTexte>4</blocTexte>
        <blocTab>0</blocTab>
        <blocPub>0</blocPub>
        <blocIll ocr="1">0</blocIll>
        <ills/>
      </page>
      <page ordre="58">
        <nbMot>21</nbMot>
        <blocTexte>4</blocTexte>
        <blocTab>0</blocTab>
        <blocPub>0</blocPub>
        <blocIll ocr="2">0</blocIll>
        <ills/>
      </page>
      <page ordre="59">
        <nbMot>21</nbMot>
        <blocTexte>4</blocTexte>
        <blocTab>0</blocTab>
        <blocPub>0</blocPub>
        <blocIll ocr="1">0</blocIll>
        <ills/>
      </page>
      <page ordre="60">
        <nbMot>10</nbMot>
        <blocTexte>1</blocTexte>
        <blocTab>0</blocTab>
        <blocPub>0</blocPub>
        <blocIll ocr="1">0</blocIll>
        <ills/>
      </page>
      <page ordre="61">
        <nbMot>37</nbMot>
        <blocTexte>8</blocTexte>
        <blocTab>0</blocTab>
        <blocPub>0</blocPub>
        <blocIll ocr="2">0</blocIll>
        <ills/>
      </page>
      <page ordre="62">
        <nbMot>597</nbMot>
        <blocTexte>20</blocTexte>
        <blocTab>0</blocTab>
        <blocPub>0</blocPub>
        <blocIll ocr="3">0</blocIll>
        <ills/>
      </page>
      <page ordre="63">
        <nbMot>226</nbMot>
        <blocTexte>13</blocTexte>
        <blocTab>0</blocTab>
        <blocPub>0</blocPub>
        <blocIll ocr="1">0</blocIll>
        <ills/>
      </page>
      <page ordre="65">
        <nbMot>87</nbMot>
        <blocTexte>12</blocTexte>
        <blocTab>0</blocTab>
        <blocPub>0</blocPub>
        <blocIll ocr="1">0</blocIll>
        <ills/>
      </page>
      <page ordre="66">
        <nbMot>170</nbMot>
        <blocTexte>11</blocTexte>
        <blocTab>0</blocTab>
        <blocPub>0</blocPub>
        <blocIll ocr="1">0</blocIll>
        <ills/>
      </page>
      <page ordre="67">
        <nbMot>107</nbMot>
        <blocTexte>9</blocTexte>
        <blocTab>0</blocTab>
        <blocPub>0</blocPub>
        <blocIll ocr="2">0</blocIll>
        <ills/>
      </page>
      <page ordre="69">
        <nbMot>21</nbMot>
        <blocTexte>3</blocTexte>
        <blocTab>0</blocTab>
        <blocPub>0</blocPub>
        <blocIll ocr="1">0</blocIll>
        <ills/>
      </page>
      <page ordre="70">
        <nbMot>6</nbMot>
        <blocTexte>3</blocTexte>
        <blocTab>0</blocTab>
        <blocPub>0</blocPub>
        <blocIll ocr="3">0</blocIll>
        <ills/>
      </page>
      <page ordre="71">
        <nbMot>347</nbMot>
        <blocTexte>12</blocTexte>
        <blocTab>0</blocTab>
        <blocPub>0</blocPub>
        <blocIll ocr="1">0</blocIll>
        <ills/>
      </page>
      <page ordre="72">
        <nbMot>479</nbMot>
        <blocTexte>18</blocTexte>
        <blocTab>0</blocTab>
        <blocPub>0</blocPub>
        <blocIll ocr="2">0</blocIll>
        <ills/>
      </page>
      <page ordre="73">
        <nbMot>333</nbMot>
        <blocTexte>9</blocTexte>
        <blocTab>0</blocTab>
        <blocPub>0</blocPub>
        <blocIll ocr="1">0</blocIll>
        <ills/>
      </page>
      <page ordre="74">
        <nbMot>458</nbMot>
        <blocTexte>13</blocTexte>
        <blocTab>0</blocTab>
        <blocPub>0</blocPub>
        <blocIll ocr="2">0</blocIll>
        <ills/>
      </page>
      <page ordre="75">
        <nbMot>391</nbMot>
        <blocTexte>21</blocTexte>
        <blocTab>0</blocTab>
        <blocPub>0</blocPub>
        <blocIll ocr="2">0</blocIll>
        <ills/>
      </page>
      <page ordre="77">
        <nbMot>233</nbMot>
        <blocTexte>15</blocTexte>
        <blocTab>0</blocTab>
        <blocPub>0</blocPub>
        <blocIll ocr="2">0</blocIll>
        <ills/>
      </page>
      <page ordre="78">
        <nbMot>497</nbMot>
        <blocTexte>21</blocTexte>
        <blocTab>0</blocTab>
        <blocPub>0</blocPub>
        <blocIll ocr="2">0</blocIll>
        <ills/>
      </page>
      <page ordre="79">
        <nbMot>712</nbMot>
        <blocTexte>12</blocTexte>
        <blocTab>0</blocTab>
        <blocPub>0</blocPub>
        <blocIll ocr="1">0</blocIll>
        <ills/>
      </page>
      <page ordre="80">
        <nbMot>346</nbMot>
        <blocTexte>12</blocTexte>
        <blocTab>0</blocTab>
        <blocPub>0</blocPub>
        <blocIll ocr="1">0</blocIll>
        <ills/>
      </page>
      <page ordre="82">
        <nbMot>401</nbMot>
        <blocTexte>9</blocTexte>
        <blocTab>0</blocTab>
        <blocPub>0</blocPub>
        <blocIll ocr="1">0</blocIll>
        <ills/>
      </page>
      <page ordre="83">
        <nbMot>16</nbMot>
        <blocTexte>2</blocTexte>
        <blocTab>0</blocTab>
        <blocPub>0</blocPub>
        <blocIll ocr="2">0</blocIll>
        <ills/>
      </page>
      <page ordre="87">
        <nbMot>3</nbMot>
        <blocTexte>2</blocTexte>
        <blocTab>0</blocTab>
        <blocPub>0</blocPub>
        <blocIll ocr="1">0</blocIll>
        <ills/>
      </page>
      <page ordre="88">
        <nbMot>20</nbMot>
        <blocTexte>4</blocTexte>
        <blocTab>0</blocTab>
        <blocPub>0</blocPub>
        <blocIll ocr="1">0</blocIll>
        <ills/>
      </page>
      <page ordre="89">
        <nbMot>21</nbMot>
        <blocTexte>5</blocTexte>
        <blocTab>0</blocTab>
        <blocPub>0</blocPub>
        <blocIll ocr="1">0</blocIll>
        <ills/>
      </page>
      <page ordre="90">
        <nbMot>29</nbMot>
        <blocTexte>7</blocTexte>
        <blocTab>0</blocTab>
        <blocPub>0</blocPub>
        <blocIll ocr="1">0</blocIll>
        <ills/>
      </page>
      <page ordre="91">
        <nbMot>14</nbMot>
        <blocTexte>4</blocTexte>
        <blocTab>0</blocTab>
        <blocPub>0</blocPub>
        <blocIll ocr="1">0</blocIll>
        <ills/>
      </page>
      <page ordre="92">
        <nbMot>189</nbMot>
        <blocTexte>7</blocTexte>
        <blocTab>0</blocTab>
        <blocPub>0</blocPub>
        <blocIll ocr="1">0</blocIll>
        <ills/>
      </page>
      <page ordre="93">
        <nbMot>156</nbMot>
        <blocTexte>11</blocTexte>
        <blocTab>0</blocTab>
        <blocPub>0</blocPub>
        <blocIll ocr="2">0</blocIll>
        <ills/>
      </page>
      <page ordre="94">
        <nbMot>28</nbMot>
        <blocTexte>4</blocTexte>
        <blocTab>0</blocTab>
        <blocPub>0</blocPub>
        <blocIll ocr="2">0</blocIll>
        <ills/>
      </page>
      <page ordre="95">
        <nbMot>195</nbMot>
        <blocTexte>9</blocTexte>
        <blocTab>0</blocTab>
        <blocPub>0</blocPub>
        <blocIll ocr="1">0</blocIll>
        <ills/>
      </page>
      <page ordre="96">
        <nbMot>103</nbMot>
        <blocTexte>20</blocTexte>
        <blocTab>0</blocTab>
        <blocPub>0</blocPub>
        <blocIll ocr="2">0</blocIll>
        <ills/>
      </page>
      <page ordre="97">
        <nbMot>11</nbMot>
        <blocTexte>3</blocTexte>
        <blocTab>0</blocTab>
        <blocPub>0</blocPub>
        <blocIll ocr="1">0</blocIll>
        <ills/>
      </page>
      <page ordre="98">
        <nbMot>24</nbMot>
        <blocTexte>5</blocTexte>
        <blocTab>0</blocTab>
        <blocPub>0</blocPub>
        <blocIll ocr="2">0</blocIll>
        <ills/>
      </page>
      <page ordre="99">
        <nbMot>13</nbMot>
        <blocTexte>3</blocTexte>
        <blocTab>0</blocTab>
        <blocPub>0</blocPub>
        <blocIll ocr="1">0</blocIll>
        <ills/>
      </page>
      <page ordre="100">
        <nbMot>61</nbMot>
        <blocTexte>8</blocTexte>
        <blocTab>0</blocTab>
        <blocPub>0</blocPub>
        <blocIll ocr="3">0</blocIll>
        <ills/>
      </page>
      <page ordre="101">
        <nbMot>3</nbMot>
        <blocTexte>2</blocTexte>
        <blocTab>0</blocTab>
        <blocPub>0</blocPub>
        <blocIll ocr="2">0</blocIll>
        <ills/>
      </page>
      <page ordre="102">
        <nbMot>151</nbMot>
        <blocTexte>13</blocTexte>
        <blocTab>0</blocTab>
        <blocPub>0</blocPub>
        <blocIll ocr="2">0</blocIll>
        <ills/>
      </page>
      <page ordre="103">
        <nbMot>157</nbMot>
        <blocTexte>9</blocTexte>
        <blocTab>0</blocTab>
        <blocPub>0</blocPub>
        <blocIll ocr="2">0</blocIll>
        <ills/>
      </page>
      <page ordre="104">
        <nbMot>3</nbMot>
        <blocTexte>2</blocTexte>
        <blocTab>0</blocTab>
        <blocPub>0</blocPub>
        <blocIll ocr="1">0</blocIll>
        <ills/>
      </page>
      <page ordre="105">
        <nbMot>45</nbMot>
        <blocTexte>6</blocTexte>
        <blocTab>0</blocTab>
        <blocPub>0</blocPub>
        <blocIll ocr="1">0</blocIll>
        <ills/>
      </page>
      <page ordre="106">
        <nbMot>135</nbMot>
        <blocTexte>12</blocTexte>
        <blocTab>0</blocTab>
        <blocPub>0</blocPub>
        <blocIll ocr="4">0</blocIll>
        <ills/>
      </page>
      <page ordre="107">
        <nbMot>53</nbMot>
        <blocTexte>8</blocTexte>
        <blocTab>0</blocTab>
        <blocPub>0</blocPub>
        <blocIll ocr="2">0</blocIll>
        <ills/>
      </page>
      <page ordre="108">
        <nbMot>44</nbMot>
        <blocTexte>8</blocTexte>
        <blocTab>0</blocTab>
        <blocPub>0</blocPub>
        <blocIll ocr="2">0</blocIll>
        <ills/>
      </page>
      <page ordre="110">
        <nbMot>384</nbMot>
        <blocTexte>16</blocTexte>
        <blocTab>0</blocTab>
        <blocPub>0</blocPub>
        <blocIll ocr="3">0</blocIll>
        <ills/>
      </page>
      <page ordre="112">
        <nbMot>28</nbMot>
        <blocTexte>6</blocTexte>
        <blocTab>0</blocTab>
        <blocPub>0</blocPub>
        <blocIll ocr="4">0</blocIll>
        <ills/>
      </page>
      <page ordre="113">
        <nbMot>138</nbMot>
        <blocTexte>13</blocTexte>
        <blocTab>0</blocTab>
        <blocPub>0</blocPub>
        <blocIll ocr="4">0</blocIll>
        <ills/>
      </page>
      <page ordre="114">
        <nbMot>27</nbMot>
        <blocTexte>4</blocTexte>
        <blocTab>0</blocTab>
        <blocPub>0</blocPub>
        <blocIll ocr="1">0</blocIll>
        <ills/>
      </page>
      <page ordre="115">
        <nbMot>123</nbMot>
        <blocTexte>8</blocTexte>
        <blocTab>0</blocTab>
        <blocPub>0</blocPub>
        <blocIll ocr="3">0</blocIll>
        <ills/>
      </page>
      <page ordre="116">
        <nbMot>52</nbMot>
        <blocTexte>9</blocTexte>
        <blocTab>0</blocTab>
        <blocPub>0</blocPub>
        <blocIll ocr="2">0</blocIll>
        <ills/>
      </page>
      <page ordre="117">
        <nbMot>3</nbMot>
        <blocTexte>2</blocTexte>
        <blocTab>0</blocTab>
        <blocPub>0</blocPub>
        <blocIll ocr="1">0</blocIll>
        <ills/>
      </page>
      <page ordre="118">
        <nbMot>8</nbMot>
        <blocTexte>1</blocTexte>
        <blocTab>0</blocTab>
        <blocPub>0</blocPub>
        <blocIll ocr="2">0</blocIll>
        <ills/>
      </page>
      <page ordre="119">
        <nbMot>37</nbMot>
        <blocTexte>6</blocTexte>
        <blocTab>0</blocTab>
        <blocPub>0</blocPub>
        <blocIll ocr="3">0</blocIll>
        <ills/>
      </page>
      <page ordre="120">
        <nbMot>52</nbMot>
        <blocTexte>8</blocTexte>
        <blocTab>0</blocTab>
        <blocPub>0</blocPub>
        <blocIll ocr="1">0</blocIll>
        <ills/>
      </page>
      <page ordre="121">
        <nbMot>45</nbMot>
        <blocTexte>7</blocTexte>
        <blocTab>0</blocTab>
        <blocPub>0</blocPub>
        <blocIll ocr="3">0</blocIll>
        <ills/>
      </page>
      <page ordre="122">
        <nbMot>54</nbMot>
        <blocTexte>14</blocTexte>
        <blocTab>0</blocTab>
        <blocPub>0</blocPub>
        <blocIll ocr="3">0</blocIll>
        <ills/>
      </page>
      <page ordre="123">
        <nbMot>197</nbMot>
        <blocTexte>11</blocTexte>
        <blocTab>0</blocTab>
        <blocPub>0</blocPub>
        <blocIll ocr="1">0</blocIll>
        <ills/>
      </page>
      <page ordre="124">
        <nbMot>31</nbMot>
        <blocTexte>6</blocTexte>
        <blocTab>0</blocTab>
        <blocPub>0</blocPub>
        <blocIll ocr="1">0</blocIll>
        <ills/>
      </page>
      <page ordre="125">
        <nbMot>28</nbMot>
        <blocTexte>5</blocTexte>
        <blocTab>0</blocTab>
        <blocPub>0</blocPub>
        <blocIll ocr="3">0</blocIll>
        <ills/>
      </page>
      <page ordre="126">
        <nbMot>29</nbMot>
        <blocTexte>4</blocTexte>
        <blocTab>0</blocTab>
        <blocPub>0</blocPub>
        <blocIll ocr="1">0</blocIll>
        <ills/>
      </page>
      <page ordre="127">
        <nbMot>231</nbMot>
        <blocTexte>10</blocTexte>
        <blocTab>0</blocTab>
        <blocPub>0</blocPub>
        <blocIll ocr="1">0</blocIll>
        <ills/>
      </page>
      <page ordre="128">
        <nbMot>59</nbMot>
        <blocTexte>8</blocTexte>
        <blocTab>0</blocTab>
        <blocPub>0</blocPub>
        <blocIll ocr="2">0</blocIll>
        <ills/>
      </page>
      <page ordre="129">
        <nbMot>79</nbMot>
        <blocTexte>9</blocTexte>
        <blocTab>0</blocTab>
        <blocPub>0</blocPub>
        <blocIll ocr="2">0</blocIll>
        <ills/>
      </page>
      <page ordre="130">
        <nbMot>50</nbMot>
        <blocTexte>6</blocTexte>
        <blocTab>0</blocTab>
        <blocPub>0</blocPub>
        <blocIll ocr="4">0</blocIll>
        <ills/>
      </page>
      <page ordre="131">
        <nbMot>48</nbMot>
        <blocTexte>6</blocTexte>
        <blocTab>0</blocTab>
        <blocPub>0</blocPub>
        <blocIll ocr="3">0</blocIll>
        <ills/>
      </page>
      <page ordre="132">
        <nbMot>190</nbMot>
        <blocTexte>12</blocTexte>
        <blocTab>0</blocTab>
        <blocPub>0</blocPub>
        <blocIll ocr="4">0</blocIll>
        <ills/>
      </page>
      <page ordre="133">
        <nbMot>52</nbMot>
        <blocTexte>9</blocTexte>
        <blocTab>0</blocTab>
        <blocPub>0</blocPub>
        <blocIll ocr="2">0</blocIll>
        <ills/>
      </page>
      <page ordre="134">
        <nbMot>26</nbMot>
        <blocTexte>3</blocTexte>
        <blocTab>0</blocTab>
        <blocPub>0</blocPub>
        <blocIll ocr="3">0</blocIll>
        <ills/>
      </page>
      <page ordre="135">
        <nbMot>8</nbMot>
        <blocTexte>1</blocTexte>
        <blocTab>0</blocTab>
        <blocPub>0</blocPub>
        <blocIll ocr="1">0</blocIll>
        <ills/>
      </page>
      <page ordre="136">
        <nbMot>55</nbMot>
        <blocTexte>7</blocTexte>
        <blocTab>0</blocTab>
        <blocPub>0</blocPub>
        <blocIll ocr="1">0</blocIll>
        <ills/>
      </page>
      <page ordre="137">
        <nbMot>6</nbMot>
        <blocTexte>1</blocTexte>
        <blocTab>0</blocTab>
        <blocPub>0</blocPub>
        <blocIll ocr="1">0</blocIll>
        <ills/>
      </page>
      <page ordre="138">
        <nbMot>75</nbMot>
        <blocTexte>7</blocTexte>
        <blocTab>0</blocTab>
        <blocPub>0</blocPub>
        <blocIll ocr="3">0</blocIll>
        <ills/>
      </page>
      <page ordre="139">
        <nbMot>345</nbMot>
        <blocTexte>13</blocTexte>
        <blocTab>0</blocTab>
        <blocPub>0</blocPub>
        <blocIll ocr="2">0</blocIll>
        <ills/>
      </page>
      <page ordre="140">
        <nbMot>73</nbMot>
        <blocTexte>11</blocTexte>
        <blocTab>0</blocTab>
        <blocPub>0</blocPub>
        <blocIll ocr="1">0</blocIll>
        <ills/>
      </page>
      <page ordre="141">
        <nbMot>17</nbMot>
        <blocTexte>5</blocTexte>
        <blocTab>0</blocTab>
        <blocPub>0</blocPub>
        <blocIll ocr="2">0</blocIll>
        <ills/>
      </page>
      <page ordre="142">
        <nbMot>30</nbMot>
        <blocTexte>9</blocTexte>
        <blocTab>0</blocTab>
        <blocPub>0</blocPub>
        <blocIll ocr="4">0</blocIll>
        <ills/>
      </page>
      <page ordre="143">
        <nbMot>70</nbMot>
        <blocTexte>7</blocTexte>
        <blocTab>0</blocTab>
        <blocPub>0</blocPub>
        <blocIll ocr="4">0</blocIll>
        <ills/>
      </page>
      <page ordre="144">
        <nbMot>3</nbMot>
        <blocTexte>2</blocTexte>
        <blocTab>0</blocTab>
        <blocPub>0</blocPub>
        <blocIll ocr="1">0</blocIll>
        <ills/>
      </page>
      <page ordre="145">
        <nbMot>98</nbMot>
        <blocTexte>6</blocTexte>
        <blocTab>0</blocTab>
        <blocPub>0</blocPub>
        <blocIll ocr="2">0</blocIll>
        <ills/>
      </page>
      <page ordre="146">
        <nbMot>32</nbMot>
        <blocTexte>6</blocTexte>
        <blocTab>0</blocTab>
        <blocPub>0</blocPub>
        <blocIll ocr="1">0</blocIll>
        <ills/>
      </page>
      <page ordre="147">
        <nbMot>172</nbMot>
        <blocTexte>10</blocTexte>
        <blocTab>0</blocTab>
        <blocPub>0</blocPub>
        <blocIll ocr="5">0</blocIll>
        <ills/>
      </page>
      <page ordre="148">
        <nbMot>23</nbMot>
        <blocTexte>2</blocTexte>
        <blocTab>0</blocTab>
        <blocPub>0</blocPub>
        <blocIll ocr="1">0</blocIll>
        <ills/>
      </page>
      <page ordre="149">
        <nbMot>0</nbMot>
        <blocTexte>0</blocTexte>
        <blocTab>0</blocTab>
        <blocPub>0</blocPub>
        <blocIll ocr="2">0</blocIll>
        <ills/>
      </page>
      <page ordre="152">
        <nbMot>28</nbMot>
        <blocTexte>5</blocTexte>
        <blocTab>0</blocTab>
        <blocPub>0</blocPub>
        <blocIll ocr="1">0</blocIll>
        <ills/>
      </page>
      <page ordre="153">
        <nbMot>153</nbMot>
        <blocTexte>11</blocTexte>
        <blocTab>0</blocTab>
        <blocPub>0</blocPub>
        <blocIll ocr="5">0</blocIll>
        <ills/>
      </page>
      <page ordre="154">
        <nbMot>61</nbMot>
        <blocTexte>6</blocTexte>
        <blocTab>0</blocTab>
        <blocPub>0</blocPub>
        <blocIll ocr="2">0</blocIll>
        <ills/>
      </page>
      <page ordre="155">
        <nbMot>345</nbMot>
        <blocTexte>16</blocTexte>
        <blocTab>0</blocTab>
        <blocPub>0</blocPub>
        <blocIll ocr="2">0</blocIll>
        <ills/>
      </page>
      <page ordre="156">
        <nbMot>208</nbMot>
        <blocTexte>20</blocTexte>
        <blocTab>0</blocTab>
        <blocPub>0</blocPub>
        <blocIll ocr="8">0</blocIll>
        <ills/>
      </page>
      <page ordre="157">
        <nbMot>316</nbMot>
        <blocTexte>14</blocTexte>
        <blocTab>0</blocTab>
        <blocPub>0</blocPub>
        <blocIll ocr="1">0</blocIll>
        <ills/>
      </page>
      <page ordre="158">
        <nbMot>55</nbMot>
        <blocTexte>6</blocTexte>
        <blocTab>0</blocTab>
        <blocPub>0</blocPub>
        <blocIll ocr="3">0</blocIll>
        <ills/>
      </page>
      <page ordre="159">
        <nbMot>51</nbMot>
        <blocTexte>7</blocTexte>
        <blocTab>0</blocTab>
        <blocPub>0</blocPub>
        <blocIll ocr="1">0</blocIll>
        <ills/>
      </page>
      <page ordre="160">
        <nbMot>70</nbMot>
        <blocTexte>7</blocTexte>
        <blocTab>0</blocTab>
        <blocPub>0</blocPub>
        <blocIll ocr="2">0</blocIll>
        <ills/>
      </page>
      <page ordre="161">
        <nbMot>68</nbMot>
        <blocTexte>8</blocTexte>
        <blocTab>0</blocTab>
        <blocPub>0</blocPub>
        <blocIll ocr="3">0</blocIll>
        <ills/>
      </page>
      <page ordre="162">
        <nbMot>19</nbMot>
        <blocTexte>4</blocTexte>
        <blocTab>0</blocTab>
        <blocPub>0</blocPub>
        <blocIll ocr="1">0</blocIll>
        <ills/>
      </page>
      <page ordre="163">
        <nbMot>147</nbMot>
        <blocTexte>11</blocTexte>
        <blocTab>0</blocTab>
        <blocPub>0</blocPub>
        <blocIll ocr="2">0</blocIll>
        <ills/>
      </page>
      <page ordre="164">
        <nbMot>6</nbMot>
        <blocTexte>3</blocTexte>
        <blocTab>0</blocTab>
        <blocPub>0</blocPub>
        <blocIll ocr="3">0</blocIll>
        <ills/>
      </page>
      <page ordre="165">
        <nbMot>143</nbMot>
        <blocTexte>8</blocTexte>
        <blocTab>0</blocTab>
        <blocPub>0</blocPub>
        <blocIll ocr="2">0</blocIll>
        <ills/>
      </page>
      <page ordre="166">
        <nbMot>102</nbMot>
        <blocTexte>9</blocTexte>
        <blocTab>0</blocTab>
        <blocPub>0</blocPub>
        <blocIll ocr="3">0</blocIll>
        <ills/>
      </page>
      <page ordre="167">
        <nbMot>35</nbMot>
        <blocTexte>5</blocTexte>
        <blocTab>0</blocTab>
        <blocPub>0</blocPub>
        <blocIll ocr="1">0</blocIll>
        <ills/>
      </page>
      <page ordre="168">
        <nbMot>58</nbMot>
        <blocTexte>7</blocTexte>
        <blocTab>0</blocTab>
        <blocPub>0</blocPub>
        <blocIll ocr="3">0</blocIll>
        <ills/>
      </page>
      <page ordre="169">
        <nbMot>74</nbMot>
        <blocTexte>5</blocTexte>
        <blocTab>0</blocTab>
        <blocPub>0</blocPub>
        <blocIll ocr="1">0</blocIll>
        <ills/>
      </page>
      <page ordre="170">
        <nbMot>330</nbMot>
        <blocTexte>17</blocTexte>
        <blocTab>0</blocTab>
        <blocPub>0</blocPub>
        <blocIll ocr="7">0</blocIll>
        <ills/>
      </page>
      <page ordre="171">
        <nbMot>74</nbMot>
        <blocTexte>6</blocTexte>
        <blocTab>0</blocTab>
        <blocPub>0</blocPub>
        <blocIll ocr="3">0</blocIll>
        <ills/>
      </page>
      <page ordre="172">
        <nbMot>188</nbMot>
        <blocTexte>8</blocTexte>
        <blocTab>0</blocTab>
        <blocPub>0</blocPub>
        <blocIll ocr="2">0</blocIll>
        <ills/>
      </page>
      <page ordre="173">
        <nbMot>172</nbMot>
        <blocTexte>13</blocTexte>
        <blocTab>0</blocTab>
        <blocPub>0</blocPub>
        <blocIll ocr="6">0</blocIll>
        <ills/>
      </page>
      <page ordre="174">
        <nbMot>84</nbMot>
        <blocTexte>12</blocTexte>
        <blocTab>0</blocTab>
        <blocPub>0</blocPub>
        <blocIll ocr="5">0</blocIll>
        <ills/>
      </page>
      <page ordre="175">
        <nbMot>44</nbMot>
        <blocTexte>5</blocTexte>
        <blocTab>0</blocTab>
        <blocPub>0</blocPub>
        <blocIll ocr="2">0</blocIll>
        <ills/>
      </page>
      <page ordre="176">
        <nbMot>107</nbMot>
        <blocTexte>8</blocTexte>
        <blocTab>0</blocTab>
        <blocPub>0</blocPub>
        <blocIll ocr="1">0</blocIll>
        <ills/>
      </page>
      <page ordre="177">
        <nbMot>19</nbMot>
        <blocTexte>5</blocTexte>
        <blocTab>0</blocTab>
        <blocPub>0</blocPub>
        <blocIll ocr="2">0</blocIll>
        <ills/>
      </page>
      <page ordre="178">
        <nbMot>32</nbMot>
        <blocTexte>6</blocTexte>
        <blocTab>0</blocTab>
        <blocPub>0</blocPub>
        <blocIll ocr="4">0</blocIll>
        <ills/>
      </page>
      <page ordre="179">
        <nbMot>30</nbMot>
        <blocTexte>5</blocTexte>
        <blocTab>0</blocTab>
        <blocPub>0</blocPub>
        <blocIll ocr="1">0</blocIll>
        <ills/>
      </page>
      <page ordre="180">
        <nbMot>27</nbMot>
        <blocTexte>4</blocTexte>
        <blocTab>0</blocTab>
        <blocPub>0</blocPub>
        <blocIll ocr="3">0</blocIll>
        <ills/>
      </page>
      <page ordre="182">
        <nbMot>42</nbMot>
        <blocTexte>5</blocTexte>
        <blocTab>0</blocTab>
        <blocPub>0</blocPub>
        <blocIll ocr="2">0</blocIll>
        <ills/>
      </page>
      <page ordre="183">
        <nbMot>176</nbMot>
        <blocTexte>14</blocTexte>
        <blocTab>0</blocTab>
        <blocPub>0</blocPub>
        <blocIll ocr="2">0</blocIll>
        <ills/>
      </page>
      <page ordre="184">
        <nbMot>32</nbMot>
        <blocTexte>2</blocTexte>
        <blocTab>0</blocTab>
        <blocPub>0</blocPub>
        <blocIll ocr="1">0</blocIll>
        <ills/>
      </page>
      <page ordre="185">
        <nbMot>0</nbMot>
        <blocTexte>0</blocTexte>
        <blocTab>0</blocTab>
        <blocPub>0</blocPub>
        <blocIll ocr="2">0</blocIll>
        <ills/>
      </page>
      <page ordre="186">
        <nbMot>36</nbMot>
        <blocTexte>8</blocTexte>
        <blocTab>0</blocTab>
        <blocPub>0</blocPub>
        <blocIll ocr="1">0</blocIll>
        <ills/>
      </page>
      <page ordre="187">
        <nbMot>236</nbMot>
        <blocTexte>9</blocTexte>
        <blocTab>0</blocTab>
        <blocPub>0</blocPub>
        <blocIll ocr="5">0</blocIll>
        <ills/>
      </page>
      <page ordre="188">
        <nbMot>17</nbMot>
        <blocTexte>5</blocTexte>
        <blocTab>0</blocTab>
        <blocPub>0</blocPub>
        <blocIll ocr="1">0</blocIll>
        <ills/>
      </page>
      <page ordre="189">
        <nbMot>13</nbMot>
        <blocTexte>3</blocTexte>
        <blocTab>0</blocTab>
        <blocPub>0</blocPub>
        <blocIll ocr="1">0</blocIll>
        <ills/>
      </page>
      <page ordre="190">
        <nbMot>21</nbMot>
        <blocTexte>4</blocTexte>
        <blocTab>0</blocTab>
        <blocPub>0</blocPub>
        <blocIll ocr="1">0</blocIll>
        <ills/>
      </page>
      <page ordre="191">
        <nbMot>22</nbMot>
        <blocTexte>4</blocTexte>
        <blocTab>0</blocTab>
        <blocPub>0</blocPub>
        <blocIll ocr="2">0</blocIll>
        <ills/>
      </page>
      <page ordre="192">
        <nbMot>77</nbMot>
        <blocTexte>9</blocTexte>
        <blocTab>0</blocTab>
        <blocPub>0</blocPub>
        <blocIll ocr="3">0</blocIll>
        <ills/>
      </page>
      <page ordre="193">
        <nbMot>66</nbMot>
        <blocTexte>5</blocTexte>
        <blocTab>0</blocTab>
        <blocPub>0</blocPub>
        <blocIll ocr="2">0</blocIll>
        <ills/>
      </page>
      <page ordre="194">
        <nbMot>32</nbMot>
        <blocTexte>7</blocTexte>
        <blocTab>0</blocTab>
        <blocPub>0</blocPub>
        <blocIll ocr="2">0</blocIll>
        <ills/>
      </page>
      <page ordre="195">
        <nbMot>71</nbMot>
        <blocTexte>4</blocTexte>
        <blocTab>0</blocTab>
        <blocPub>0</blocPub>
        <blocIll ocr="2">0</blocIll>
        <ills/>
      </page>
      <page ordre="196">
        <nbMot>144</nbMot>
        <blocTexte>14</blocTexte>
        <blocTab>0</blocTab>
        <blocPub>0</blocPub>
        <blocIll ocr="1">0</blocIll>
        <ills/>
      </page>
      <page ordre="197">
        <nbMot>98</nbMot>
        <blocTexte>11</blocTexte>
        <blocTab>0</blocTab>
        <blocPub>0</blocPub>
        <blocIll ocr="2">0</blocIll>
        <ills/>
      </page>
      <page ordre="198">
        <nbMot>127</nbMot>
        <blocTexte>13</blocTexte>
        <blocTab>0</blocTab>
        <blocPub>0</blocPub>
        <blocIll ocr="6">0</blocIll>
        <ills/>
      </page>
      <page ordre="199">
        <nbMot>129</nbMot>
        <blocTexte>12</blocTexte>
        <blocTab>0</blocTab>
        <blocPub>0</blocPub>
        <blocIll ocr="6">0</blocIll>
        <ills/>
      </page>
      <page ordre="200">
        <nbMot>117</nbMot>
        <blocTexte>13</blocTexte>
        <blocTab>0</blocTab>
        <blocPub>0</blocPub>
        <blocIll ocr="4">0</blocIll>
        <ills/>
      </page>
      <page ordre="201">
        <nbMot>29</nbMot>
        <blocTexte>8</blocTexte>
        <blocTab>0</blocTab>
        <blocPub>0</blocPub>
        <blocIll ocr="1">0</blocIll>
        <ills/>
      </page>
      <page ordre="202">
        <nbMot>24</nbMot>
        <blocTexte>4</blocTexte>
        <blocTab>0</blocTab>
        <blocPub>0</blocPub>
        <blocIll ocr="1">0</blocIll>
        <ills/>
      </page>
      <page ordre="203">
        <nbMot>14</nbMot>
        <blocTexte>3</blocTexte>
        <blocTab>0</blocTab>
        <blocPub>0</blocPub>
        <blocIll ocr="1">0</blocIll>
        <ills/>
      </page>
      <page ordre="204">
        <nbMot>108</nbMot>
        <blocTexte>9</blocTexte>
        <blocTab>0</blocTab>
        <blocPub>0</blocPub>
        <blocIll ocr="2">0</blocIll>
        <ills/>
      </page>
      <page ordre="205">
        <nbMot>49</nbMot>
        <blocTexte>4</blocTexte>
        <blocTab>0</blocTab>
        <blocPub>0</blocPub>
        <blocIll ocr="2">0</blocIll>
        <ills/>
      </page>
      <page ordre="206">
        <nbMot>67</nbMot>
        <blocTexte>5</blocTexte>
        <blocTab>0</blocTab>
        <blocPub>0</blocPub>
        <blocIll ocr="1">0</blocIll>
        <ills/>
      </page>
      <page ordre="207">
        <nbMot>349</nbMot>
        <blocTexte>22</blocTexte>
        <blocTab>0</blocTab>
        <blocPub>0</blocPub>
        <blocIll ocr="2">0</blocIll>
        <ills/>
      </page>
      <page ordre="208">
        <nbMot>217</nbMot>
        <blocTexte>15</blocTexte>
        <blocTab>0</blocTab>
        <blocPub>0</blocPub>
        <blocIll ocr="6">0</blocIll>
        <ills/>
      </page>
      <page ordre="209">
        <nbMot>41</nbMot>
        <blocTexte>6</blocTexte>
        <blocTab>0</blocTab>
        <blocPub>0</blocPub>
        <blocIll ocr="2">0</blocIll>
        <ills/>
      </page>
      <page ordre="210">
        <nbMot>107</nbMot>
        <blocTexte>8</blocTexte>
        <blocTab>0</blocTab>
        <blocPub>0</blocPub>
        <blocIll ocr="2">0</blocIll>
        <ills/>
      </page>
      <page ordre="211">
        <nbMot>55</nbMot>
        <blocTexte>6</blocTexte>
        <blocTab>0</blocTab>
        <blocPub>0</blocPub>
        <blocIll ocr="2">0</blocIll>
        <ills/>
      </page>
      <page ordre="212">
        <nbMot>113</nbMot>
        <blocTexte>6</blocTexte>
        <blocTab>0</blocTab>
        <blocPub>0</blocPub>
        <blocIll ocr="2">0</blocIll>
        <ills/>
      </page>
      <page ordre="213">
        <nbMot>66</nbMot>
        <blocTexte>5</blocTexte>
        <blocTab>0</blocTab>
        <blocPub>0</blocPub>
        <blocIll ocr="3">0</blocIll>
        <ills/>
      </page>
      <page ordre="216">
        <nbMot>74</nbMot>
        <blocTexte>7</blocTexte>
        <blocTab>0</blocTab>
        <blocPub>0</blocPub>
        <blocIll ocr="1">0</blocIll>
        <ills/>
      </page>
      <page ordre="217">
        <nbMot>40</nbMot>
        <blocTexte>5</blocTexte>
        <blocTab>0</blocTab>
        <blocPub>0</blocPub>
        <blocIll ocr="1">0</blocIll>
        <ills/>
      </page>
      <page ordre="218">
        <nbMot>45</nbMot>
        <blocTexte>5</blocTexte>
        <blocTab>0</blocTab>
        <blocPub>0</blocPub>
        <blocIll ocr="1">0</blocIll>
        <ills/>
      </page>
      <page ordre="219">
        <nbMot>35</nbMot>
        <blocTexte>4</blocTexte>
        <blocTab>0</blocTab>
        <blocPub>0</blocPub>
        <blocIll ocr="2">0</blocIll>
        <ills/>
      </page>
      <page ordre="220">
        <nbMot>94</nbMot>
        <blocTexte>7</blocTexte>
        <blocTab>0</blocTab>
        <blocPub>0</blocPub>
        <blocIll ocr="1">0</blocIll>
        <ills/>
      </page>
      <page ordre="221">
        <nbMot>61</nbMot>
        <blocTexte>10</blocTexte>
        <blocTab>0</blocTab>
        <blocPub>0</blocPub>
        <blocIll ocr="2">0</blocIll>
        <ills/>
      </page>
      <page ordre="222">
        <nbMot>29</nbMot>
        <blocTexte>4</blocTexte>
        <blocTab>0</blocTab>
        <blocPub>0</blocPub>
        <blocIll ocr="2">0</blocIll>
        <ills/>
      </page>
      <page ordre="223">
        <nbMot>48</nbMot>
        <blocTexte>8</blocTexte>
        <blocTab>0</blocTab>
        <blocPub>0</blocPub>
        <blocIll ocr="2">0</blocIll>
        <ills/>
      </page>
      <page ordre="224">
        <nbMot>44</nbMot>
        <blocTexte>6</blocTexte>
        <blocTab>0</blocTab>
        <blocPub>0</blocPub>
        <blocIll ocr="5">0</blocIll>
        <ills/>
      </page>
      <page ordre="225">
        <nbMot>74</nbMot>
        <blocTexte>6</blocTexte>
        <blocTab>0</blocTab>
        <blocPub>0</blocPub>
        <blocIll ocr="7">0</blocIll>
        <ills/>
      </page>
      <page ordre="226">
        <nbMot>32</nbMot>
        <blocTexte>5</blocTexte>
        <blocTab>0</blocTab>
        <blocPub>0</blocPub>
        <blocIll ocr="1">0</blocIll>
        <ills/>
      </page>
      <page ordre="227">
        <nbMot>19</nbMot>
        <blocTexte>4</blocTexte>
        <blocTab>0</blocTab>
        <blocPub>0</blocPub>
        <blocIll ocr="1">0</blocIll>
        <ills/>
      </page>
      <page ordre="229">
        <nbMot>43</nbMot>
        <blocTexte>4</blocTexte>
        <blocTab>0</blocTab>
        <blocPub>0</blocPub>
        <blocIll ocr="3">0</blocIll>
        <ills/>
      </page>
      <page ordre="231">
        <nbMot>30</nbMot>
        <blocTexte>5</blocTexte>
        <blocTab>0</blocTab>
        <blocPub>0</blocPub>
        <blocIll ocr="1">0</blocIll>
        <ills/>
      </page>
      <page ordre="232">
        <nbMot>43</nbMot>
        <blocTexte>4</blocTexte>
        <blocTab>0</blocTab>
        <blocPub>0</blocPub>
        <blocIll ocr="1">0</blocIll>
        <ills/>
      </page>
      <page ordre="233">
        <nbMot>38</nbMot>
        <blocTexte>4</blocTexte>
        <blocTab>0</blocTab>
        <blocPub>0</blocPub>
        <blocIll ocr="6">0</blocIll>
        <ills/>
      </page>
      <page ordre="234">
        <nbMot>40</nbMot>
        <blocTexte>5</blocTexte>
        <blocTab>0</blocTab>
        <blocPub>0</blocPub>
        <blocIll ocr="2">0</blocIll>
        <ills/>
      </page>
      <page ordre="235">
        <nbMot>16</nbMot>
        <blocTexte>3</blocTexte>
        <blocTab>0</blocTab>
        <blocPub>0</blocPub>
        <blocIll ocr="1">0</blocIll>
        <ills/>
      </page>
      <page ordre="236">
        <nbMot>15</nbMot>
        <blocTexte>4</blocTexte>
        <blocTab>0</blocTab>
        <blocPub>0</blocPub>
        <blocIll ocr="2">0</blocIll>
        <ills/>
      </page>
      <page ordre="237">
        <nbMot>10</nbMot>
        <blocTexte>1</blocTexte>
        <blocTab>0</blocTab>
        <blocPub>0</blocPub>
        <blocIll ocr="1">0</blocIll>
        <ills/>
      </page>
      <page ordre="238">
        <nbMot>26</nbMot>
        <blocTexte>4</blocTexte>
        <blocTab>0</blocTab>
        <blocPub>0</blocPub>
        <blocIll ocr="1">0</blocIll>
        <ills/>
      </page>
      <page ordre="239">
        <nbMot>25</nbMot>
        <blocTexte>7</blocTexte>
        <blocTab>0</blocTab>
        <blocPub>0</blocPub>
        <blocIll ocr="1">0</blocIll>
        <ills/>
      </page>
      <page ordre="240">
        <nbMot>35</nbMot>
        <blocTexte>5</blocTexte>
        <blocTab>0</blocTab>
        <blocPub>0</blocPub>
        <blocIll ocr="6">0</blocIll>
        <ills/>
      </page>
      <page ordre="241">
        <nbMot>18</nbMot>
        <blocTexte>4</blocTexte>
        <blocTab>0</blocTab>
        <blocPub>0</blocPub>
        <blocIll ocr="1">0</blocIll>
        <ills/>
      </page>
      <page ordre="242">
        <nbMot>9</nbMot>
        <blocTexte>1</blocTexte>
        <blocTab>0</blocTab>
        <blocPub>0</blocPub>
        <blocIll ocr="1">0</blocIll>
        <ills/>
      </page>
      <page ordre="243">
        <nbMot>19</nbMot>
        <blocTexte>4</blocTexte>
        <blocTab>0</blocTab>
        <blocPub>0</blocPub>
        <blocIll ocr="3">0</blocIll>
        <ills/>
      </page>
      <page ordre="244">
        <nbMot>27</nbMot>
        <blocTexte>4</blocTexte>
        <blocTab>0</blocTab>
        <blocPub>0</blocPub>
        <blocIll ocr="1">0</blocIll>
        <ills/>
      </page>
      <page ordre="245">
        <nbMot>104</nbMot>
        <blocTexte>10</blocTexte>
        <blocTab>0</blocTab>
        <blocPub>0</blocPub>
        <blocIll ocr="2">0</blocIll>
        <ills/>
      </page>
      <page ordre="246">
        <nbMot>10</nbMot>
        <blocTexte>1</blocTexte>
        <blocTab>0</blocTab>
        <blocPub>0</blocPub>
        <blocIll ocr="6">0</blocIll>
        <ills/>
      </page>
      <page ordre="247">
        <nbMot>90</nbMot>
        <blocTexte>14</blocTexte>
        <blocTab>0</blocTab>
        <blocPub>0</blocPub>
        <blocIll ocr="4">0</blocIll>
        <ills/>
      </page>
      <page ordre="248">
        <nbMot>86</nbMot>
        <blocTexte>12</blocTexte>
        <blocTab>0</blocTab>
        <blocPub>0</blocPub>
        <blocIll ocr="4">0</blocIll>
        <ills/>
      </page>
      <page ordre="249">
        <nbMot>20</nbMot>
        <blocTexte>3</blocTexte>
        <blocTab>0</blocTab>
        <blocPub>0</blocPub>
        <blocIll ocr="2">0</blocIll>
        <ills/>
      </page>
      <page ordre="250">
        <nbMot>84</nbMot>
        <blocTexte>7</blocTexte>
        <blocTab>0</blocTab>
        <blocPub>0</blocPub>
        <blocIll ocr="3">0</blocIll>
        <ills/>
      </page>
      <page ordre="251">
        <nbMot>6</nbMot>
        <blocTexte>1</blocTexte>
        <blocTab>0</blocTab>
        <blocPub>0</blocPub>
        <blocIll ocr="1">0</blocIll>
        <ills/>
      </page>
      <page ordre="252">
        <nbMot>22</nbMot>
        <blocTexte>2</blocTexte>
        <blocTab>0</blocTab>
        <blocPub>0</blocPub>
        <blocIll ocr="1">0</blocIll>
        <ills/>
      </page>
      <page ordre="255">
        <nbMot>467</nbMot>
        <blocTexte>12</blocTexte>
        <blocTab>0</blocTab>
        <blocPub>0</blocPub>
        <blocIll ocr="1">0</blocIll>
        <ills/>
      </page>
      <page ordre="256">
        <nbMot>386</nbMot>
        <blocTexte>13</blocTexte>
        <blocTab>0</blocTab>
        <blocPub>0</blocPub>
        <blocIll ocr="2">0</blocIll>
        <ills/>
      </page>
      <page ordre="259">
        <nbMot>33</nbMot>
        <blocTexte>5</blocTexte>
        <blocTab>0</blocTab>
        <blocPub>0</blocPub>
        <blocIll ocr="2">0</blocIll>
        <ills/>
      </page>
      <page ordre="260">
        <nbMot>251</nbMot>
        <blocTexte>13</blocTexte>
        <blocTab>0</blocTab>
        <blocPub>0</blocPub>
        <blocIll ocr="2">0</blocIll>
        <ills/>
      </page>
      <page ordre="261">
        <nbMot>108</nbMot>
        <blocTexte>9</blocTexte>
        <blocTab>0</blocTab>
        <blocPub>0</blocPub>
        <blocIll ocr="3">0</blocIll>
        <ills/>
      </page>
      <page ordre="262">
        <nbMot>217</nbMot>
        <blocTexte>14</blocTexte>
        <blocTab>0</blocTab>
        <blocPub>0</blocPub>
        <blocIll ocr="4">0</blocIll>
        <ills/>
      </page>
      <page ordre="263">
        <nbMot>43</nbMot>
        <blocTexte>9</blocTexte>
        <blocTab>0</blocTab>
        <blocPub>0</blocPub>
        <blocIll ocr="2">0</blocIll>
        <ills/>
      </page>
      <page ordre="264">
        <nbMot>51</nbMot>
        <blocTexte>8</blocTexte>
        <blocTab>0</blocTab>
        <blocPub>0</blocPub>
        <blocIll ocr="1">0</blocIll>
        <ills/>
      </page>
      <page ordre="265">
        <nbMot>74</nbMot>
        <blocTexte>8</blocTexte>
        <blocTab>0</blocTab>
        <blocPub>0</blocPub>
        <blocIll ocr="3">0</blocIll>
        <ills/>
      </page>
      <page ordre="266">
        <nbMot>124</nbMot>
        <blocTexte>7</blocTexte>
        <blocTab>0</blocTab>
        <blocPub>0</blocPub>
        <blocIll ocr="3">0</blocIll>
        <ills/>
      </page>
      <page ordre="267">
        <nbMot>56</nbMot>
        <blocTexte>7</blocTexte>
        <blocTab>0</blocTab>
        <blocPub>0</blocPub>
        <blocIll ocr="1">0</blocIll>
        <ills/>
      </page>
      <page ordre="271">
        <nbMot>463</nbMot>
        <blocTexte>14</blocTexte>
        <blocTab>0</blocTab>
        <blocPub>0</blocPub>
        <blocIll ocr="2">0</blocIll>
        <ills/>
      </page>
      <page ordre="272">
        <nbMot>78</nbMot>
        <blocTexte>10</blocTexte>
        <blocTab>0</blocTab>
        <blocPub>0</blocPub>
        <blocIll ocr="4">0</blocIll>
        <ills/>
      </page>
      <page ordre="273">
        <nbMot>47</nbMot>
        <blocTexte>10</blocTexte>
        <blocTab>0</blocTab>
        <blocPub>0</blocPub>
        <blocIll ocr="4">0</blocIll>
        <ills/>
      </page>
      <page ordre="274">
        <nbMot>37</nbMot>
        <blocTexte>8</blocTexte>
        <blocTab>0</blocTab>
        <blocPub>0</blocPub>
        <blocIll ocr="2">0</blocIll>
        <ills/>
      </page>
      <page ordre="275">
        <nbMot>110</nbMot>
        <blocTexte>11</blocTexte>
        <blocTab>0</blocTab>
        <blocPub>0</blocPub>
        <blocIll ocr="5">0</blocIll>
        <ills/>
      </page>
      <page ordre="276">
        <nbMot>79</nbMot>
        <blocTexte>8</blocTexte>
        <blocTab>0</blocTab>
        <blocPub>0</blocPub>
        <blocIll ocr="4">0</blocIll>
        <ills/>
      </page>
      <page ordre="277">
        <nbMot>135</nbMot>
        <blocTexte>13</blocTexte>
        <blocTab>0</blocTab>
        <blocPub>0</blocPub>
        <blocIll ocr="3">0</blocIll>
        <ills/>
      </page>
      <page ordre="278">
        <nbMot>0</nbMot>
        <blocTexte>0</blocTexte>
        <blocTab>0</blocTab>
        <blocPub>0</blocPub>
        <blocIll ocr="1">0</blocIll>
        <ills/>
      </page>
      <page ordre="288">
        <nbMot>0</nbMot>
        <blocTexte>0</blocTexte>
        <blocTab>0</blocTab>
        <blocPub>0</blocPub>
        <blocIll ocr="1">0</blocIll>
        <ills/>
      </page>
    </pages>
  </contenus>
</analyseAlto>